-2.413730308019141624e-01	6.964856069180858089e-01	1.259918941146423554e+00	3.293588709793351388e-01	-2.023606522203067470e+00	1.223541688704161912e+00	-1.588022127357420876e+00	1.931219461298812945e+00
-6.177837760193310990e-01	6.019973360387627093e-01	-6.300216060376291338e-01	2.377803138843822273e-01	1.521579666895521932e+00	1.875552795611428625e+00	1.077663163406817337e-01	2.209818247868055252e+00
-9.459193683719142598e-01	-1.741288822029435135e+00	5.314239930808212220e-02	-9.086290843892109725e-01	6.082595458761976825e-01	2.840969715367428705e+00	-2.909829636885104542e-01	-1.320773231503175049e+00
-5.578542729276652068e-01	4.492359579478366616e-01	2.555818846813040057e+00	9.694015066183990781e-01	3.491007817205870278e+00	-5.890809070536663361e-01	3.186678339790934289e-01	7.376666499961655188e-02
-2.038484920563322866e+00	-8.582095024677218742e-01	4.574133027365122395e+00	1.493623788017489407e+00	1.118080209755610177e+00	-8.453868252601518529e-01	2.494987539617605221e-01	3.154978240715847204e-01
-4.427284031121789809e-01	-1.142604795224616332e+00	3.105458225371941605e+00	-4.407987501169221556e-01	9.753255185922247161e-01	1.198276044517115002e+00	1.846555248743047439e+00	-8.381254197522770566e-01
-3.211972398830054143e-01	-5.037839338970877961e-02	3.699098592192438861e+00	-1.467774373604150973e-01	3.501564485044784458e+00	-1.232979827982758847e+00	-5.378177514452792130e-01	-2.031761184822492294e-01
-1.302679498020160143e+00	-5.897103221085170377e-01	-2.442668455149663020e-01	-1.188798297670432547e+00	1.029973155040359911e+00	2.171217555175157354e+00	-5.550422410199343237e-02	-1.544440744797873633e+00
-1.526032147139280370e+00	1.102552917069397287e+00	3.052307614224032406e-01	-1.344188477430627582e-01	4.789269373718991751e-01	2.199995415697617585e+00	-3.210013089651568285e-01	2.011307610113871824e+00
1.166224313996689244e+00	-1.021608351987014052e+00	-1.538545157566590049e+00	-6.221766939577672018e-02	2.253884060140554924e-01	2.747729666232023860e+00	-6.880127363089132420e-01	-3.426059955643043775e-01
-2.250366869863340558e-02	1.066006715594046250e+00	5.742918069682445559e-01	1.153742209387200957e+00	-1.235410490151938490e+00	1.029948931109875288e+00	-5.310025367046216083e-01	1.671443460130978442e+00
-5.824527304084760049e-01	1.306802789462631953e+00	5.672039658207232993e-01	-3.677334506996855490e-01	4.477580930479306276e-01	2.437667016872756776e+00	-6.097482710103184766e-01	2.601385981771235478e+00
-1.168390028545307047e+00	3.333439047105334341e-01	2.569834470874247767e+00	1.826454270456901563e+00	2.781827865891330465e+00	-1.318949423579924396e+00	2.225274149744180252e-01	-4.542998369859961860e-01
-6.366831702044348784e-01	1.784713473770711545e-01	4.843270326542696402e+00	-2.155756276696154383e-01	1.931395621047540034e+00	-7.722838738664702385e-01	1.305139490703112193e+00	-7.084173182608860531e-02
-1.418786876800223196e+00	3.262524451845956186e-01	4.026231230429350383e+00	1.332353610354219065e+00	1.754936397454703423e+00	-1.221567855526321189e+00	-2.391073002839767814e-01	-3.691468885338339279e-01
-9.198252028538167480e-01	1.068799255214111898e+00	3.816033516390660907e+00	1.827750378698251021e-01	2.744281634293450178e+00	-4.329959752782439608e-01	-7.800179414225499874e-02	-4.384432368548702441e-01
-9.329972681949074698e-01	-1.718123193325048925e+00	1.727857979835328184e+00	-1.503812064863753184e+00	5.997308867413343458e-01	9.492014465523856970e-01	8.620669943842587113e-01	-1.092659410511024998e+00
-6.406304638072588542e-01	-5.446526566781163536e-01	3.588311154525328561e+00	-2.938615900889268717e-01	9.365849931925058769e-01	1.072557425506999396e+00	1.902668988056214427e+00	-1.170999917713760219e+00
-1.581626713645194249e+00	9.364434675481796422e-01	3.424914132107817810e+00	-5.361029845078394418e-01	9.165641384645315526e-01	-7.902420848983070512e-01	6.436721731926380308e-01	4.696926244529435746e-01
6.584960357440533540e-02	1.108566575366659368e+00	4.857680335444674036e+00	5.069121113494128306e-01	2.369620275829675382e+00	-2.392500031381960546e-01	-2.852175461175074922e-01	8.278594901968917563e-01
-1.045963680332246737e+00	7.985519424588880533e-01	3.867267939320766512e+00	3.689052756799828803e-01	2.805363927887617237e+00	-4.335466738158186839e-01	2.639608745310668136e-01	1.600416693403921287e-01
-1.033470204206489718e-01	-1.164567030146265392e+00	-9.241347879710778979e-02	-1.221507358827223916e-01	2.903273240291400215e-01	3.168845028574068579e+00	-2.582436727356205997e-01	2.082758002750705051e-01
-9.120309101763842685e-01	6.079804004549145269e-01	3.002780323894200354e+00	7.429340647982145551e-01	2.016497111130997055e+00	-1.789607670930095207e+00	1.355327808170568193e+00	-8.816733927632454115e-01
-4.982178484562847509e-01	1.424388621369750751e+00	1.002783659382161519e+00	-5.201979142458799110e-01	-1.484536483371907023e+00	1.930080313809029668e+00	1.177598236689678113e-01	2.118085676037133158e+00
-6.222374572356409450e-01	-6.191796104231226394e-01	1.249118020038706867e+00	-4.418250320678202003e-01	1.484287173880608268e+00	2.578598393535608935e+00	7.216249847681190932e-01	-1.820389367212945197e+00
-1.707255412996209198e+00	-2.603625679256471037e-01	2.279877420678179334e+00	-1.023104221818574161e-01	-4.059760427775829239e-01	7.631933333555929178e-01	1.322138897729522311e+00	-1.246759281908229822e+00
-1.137955935311653510e+00	8.044978420921631290e-01	8.702620660271614961e-02	3.981757820708929918e-01	9.835253804136107059e-02	3.078199047589395221e+00	-2.130878858234184492e-01	1.625589851426040289e+00
-3.672704197726119890e-01	1.409644794530708234e+00	9.279655610198760396e-01	-5.277754265869448735e-01	-1.056868194355276680e+00	1.750495150964941127e+00	1.100538826382226887e-01	2.729112388109234733e+00
-8.022302356602661888e-01	5.535737414372995380e-01	2.604211523614407664e+00	2.811834197252045531e-01	3.863457463038148632e+00	-9.959994392474609270e-01	7.966326888409520635e-01	-3.041462928818806644e-01
1.939118494059692388e+00	-1.031321161635423866e+00	-1.101957497925851071e+00	-8.722799591758366444e-02	2.464881209414372110e-01	2.751632604422160178e+00	-6.733002603604527625e-01	1.777819274999022439e-02
-9.288404586806713326e-01	3.623607158552477614e-02	3.444136440706093261e+00	3.654573437807091540e-01	3.389459591497228974e+00	-4.537656269639177564e-01	3.712565903948532031e-01	-3.553305909005862184e-01
-1.400721278394799540e+00	1.051418753907874815e-01	3.786718671324280194e+00	-2.037015664561809547e-01	3.146071926051742462e+00	-5.449020963290864827e-01	1.146755550095138743e-01	3.341858907151738500e-01
-5.455646496229807907e-01	1.308765002765630014e-02	3.343059558055595293e+00	8.178443600151082959e-01	3.922358383227328993e+00	-8.125306988873827185e-01	8.183384071485972910e-01	-2.060695715765559211e-01
1.831032132687361091e+00	-9.007301179211050224e-01	-1.106320558810500065e+00	-8.424064122311639702e-01	-4.215983924480774525e-01	2.719298483169026781e+00	2.589834847168023813e-01	4.312309702321755200e-02
1.408672647269821221e+00	-1.097292394664865611e+00	-1.191265378755522963e+00	-5.285062722615391229e-02	6.890597987690872950e-01	2.942260087889173370e+00	-5.258633740352625097e-01	-3.196210286000644718e-02
2.759576050684729442e-01	1.100507261823171712e+00	9.841441496538400058e-02	1.088019614803901858e+00	-1.305926738789828123e+00	6.522329010154193085e-01	1.815839910954997194e-01	2.329466184882142077e+00
-1.314752724696109265e+00	5.754493325428111650e-01	4.542843409485359807e+00	1.316372297256510837e+00	1.605341462274983089e+00	-1.125234157798949974e+00	-3.941025333416487975e-01	-3.112452214465426525e-01
-6.651915637659521208e-01	2.646378947746843568e-01	4.613156568199115348e+00	-7.094474142535529548e-01	1.853888513611744893e+00	-1.118600311991878371e+00	8.332997466110558804e-01	3.043271140219006368e-02
-1.316098605254532705e+00	-6.083984743720414201e-01	4.835529707526076137e+00	-3.804535847210567256e-01	1.504568241101404080e+00	-1.175525632335071569e+00	9.504405955556258778e-01	1.061323593588201497e+00
-1.095015291102829774e-01	-1.603327472466941073e+00	1.961347118027783054e+00	5.356924493761866524e-01	7.826846102344998668e-01	-2.653359374450005026e-01	1.451230402715005807e+00	-1.728215272273103009e+00
-5.821255825877442724e-01	-1.447842044647651871e+00	2.444499127510665559e+00	-3.346685393789876617e-01	-4.429877236324057943e-01	5.071628202122975271e-01	9.169812301704463042e-01	-2.007426061830422270e+00
-1.238290283796802616e+00	-7.301402142259846295e-01	-3.146692927171177434e-01	-1.245695218892255651e+00	1.011277423210418913e+00	2.708593942949189426e+00	-2.888932192105460664e-02	-1.327486593520476044e+00
-8.217467140358047928e-01	5.497090932270017882e-01	3.469283897741271439e+00	-1.849882055600191727e-02	2.811449745737038430e+00	-1.877525869739956887e-01	7.157634149488900643e-02	-1.898234666266208348e-01
-2.408228641903989442e-01	-1.363417634197914508e+00	2.939083032112592697e+00	-7.756224725952494403e-02	2.207439192708098741e+00	1.435087572740311401e+00	2.229752161895726115e-02	-1.155154147726582980e+00
-1.034123750485638871e+00	5.241369934439260581e-01	4.378290887320047453e+00	-2.675329291636755480e-01	2.699882742637477406e+00	-5.233314621548678103e-01	4.785255696862435459e-01	-6.064099864349564717e-02
-1.365074080840102955e+00	4.781713874819244481e-01	4.699864565299696650e+00	1.286249426429653564e+00	1.632475868414171583e+00	-1.069285405819166090e+00	4.348727821528480808e-02	-4.697785400280836687e-01
-5.569483172551207284e-01	2.186530491874235094e-01	-1.493522580534814223e-02	-1.651447843738396426e-01	3.457067558193865353e-01	2.006417284065376450e+00	-1.797280571457263054e+00	2.904815608582511199e+00
-3.514700279576260522e-01	4.662712267839932423e-01	3.067196355855052126e+00	6.451670051198918343e-02	2.891012834074292659e+00	-9.892328338003383292e-01	1.685630615766480433e+00	-2.935854555063303617e-01
-1.078415559693059134e+00	1.090892791754188629e+00	2.629110417030282587e-01	7.534801666078544402e-02	-1.440501057180635334e-02	2.673140978517441368e+00	-4.302370512366813782e-01	1.876683241819300685e+00
-8.841201176749406976e-01	1.399225840192695358e+00	8.029674215657311986e-01	1.034516050765755590e+00	-1.554004488802776640e+00	1.810254096216414199e+00	-9.531847558907904361e-01	2.093145579101127751e+00
-1.081860931999193642e+00	9.002637203958922807e-02	2.804731124927315467e+00	-1.740811248206859396e-01	1.648160881397751965e+00	1.128674882872101826e+00	7.013398394293743898e-01	-9.247423945250378141e-01
7.440316151239840803e-01	3.491307169112953801e-01	4.166061111220647817e+00	9.478950582059312291e-01	2.099631226877982204e+00	-1.523442790492738341e+00	1.111254431451178526e+00	1.686452640841820783e+00
2.585765898113061012e-01	-9.392064322351935113e-01	-1.579672303998758798e+00	-1.217079814027296619e-01	7.692555365008701962e-01	2.822397301654591573e+00	-4.027110992039866222e-01	-2.529426983398950224e-01
-6.805051759946918466e-01	-1.181527431267047179e+00	-6.895344301942623044e-01	-3.883623339632972238e-01	1.764060535892703729e+00	1.854261569740923932e+00	5.145310687210880030e-01	-1.708717987904578628e+00
1.281073935150494947e+00	-1.072646054739961441e+00	-1.449312572643576047e+00	-3.952836046387854796e-01	7.080419824853261268e-01	2.946436791724504012e+00	-6.080611637470663133e-01	-2.180123719048083497e-01
-1.392644682893250607e+00	1.327368527465296211e+00	2.759040101534054212e+00	-3.111406474573830128e-01	2.711782195402496320e+00	-5.176846274297463024e-01	-2.600071703003452028e-01	3.614013114482130251e-01
-1.756059630970121077e+00	2.803994618757762458e-01	4.294130623543246372e+00	9.277475235833886336e-01	1.695609275106058966e+00	-1.199882076239195516e+00	-3.535061881868124117e-02	-6.009445540253238738e-01
-2.417719122723418046e+00	-1.162991274543187403e+00	1.894393946668830875e-01	-2.556036047465677918e-01	-1.527850973413183544e+00	1.570961776737906268e+00	1.266577625870689117e+00	1.080407715192958223e-02
-1.061462652186574651e+00	-3.502216242973672511e-01	4.588778239324780017e+00	6.646841010142467976e-02	7.684582421872609981e-01	-1.604175235663923393e+00	-7.448943064655605406e-01	-5.995507738503991213e-01
-6.230561958415012924e-01	-1.025911178682870295e+00	7.575046361569076625e-01	-7.297611867447511003e-01	1.576322813457860628e+00	2.222110103729926678e+00	-1.820908756910452064e-01	-2.167927190888364386e+00
-8.340580708426483802e-01	1.599008501563681794e-01	2.676394265164447894e+00	6.817106210138601519e-01	3.797333020033166306e+00	-8.609692907045530808e-01	6.843127851275330187e-01	-2.383361794353622554e-01
-9.436828150670163451e-01	1.253535921670275277e+00	2.846233108703082881e-01	2.633079965907800801e-01	-7.252705244143033969e-01	2.317306563241274375e+00	-5.917135167026370546e-01	2.481384131982584229e+00
-1.106633994856023762e+00	-6.343068001482089491e-01	3.325411301728903091e+00	1.001787707091304824e+00	3.775418875889409609e+00	-1.127492648199138969e+00	7.177752610316132653e-01	1.071720981035064746e+00
-7.906435827889083390e-01	9.692192450870953380e-01	4.616398119457430838e+00	4.300847630880297867e-01	7.612544464221553397e-01	-1.430854024602040031e+00	7.905403563410553502e-01	-6.799094617397882789e-01
-4.438623701026846446e-01	-1.433569581419095407e+00	9.707771169413166312e-01	-1.022259605907644531e+00	1.279076453691533555e+00	2.364399722632572143e+00	1.436681258723278565e-01	-2.049993535217070395e+00
-2.090721325415755061e+00	-1.046810649665915083e+00	-2.380695297290326695e-01	-6.537950033750167256e-01	4.678457888878314597e-01	2.739254407893541909e+00	3.263590703574897334e-01	-1.030338413681585741e-01
-1.179862938518150717e+00	1.579159911435763231e-01	4.635738099429717707e+00	3.371297598587212896e-01	3.091504338192879509e+00	-1.045807437722604538e+00	-5.313983139957619700e-02	2.709790246181761342e-01
9.923759425159048853e-01	-7.443268069368705886e-01	2.771415650757857563e+00	-1.566565166692636124e-01	1.039076782102181351e+00	2.145735469391553352e+00	-2.354278169720336322e-01	-1.906940194935994315e+00
-1.207656391654039263e+00	1.188389630036789102e+00	3.214088837030654178e-01	1.265238677577647186e+00	-1.114989567383802838e+00	1.760973943984194934e+00	-8.247467034973200439e-01	1.817733708076390231e+00
-4.161083854398531789e-01	-1.614444575979879781e+00	1.832156568945982444e+00	-5.525937501869174762e-01	2.148245569002666944e+00	1.239168894677983079e+00	2.565054266882215717e-01	-1.797690578209833800e+00
-9.275223074372386245e-01	-2.060125906257636447e-02	2.477603716927356370e+00	4.959810384695889640e-01	4.123653938788095275e+00	-9.536030587138304426e-01	3.948408697024975988e-01	-1.966790033698062323e-01
-1.126068208402479121e+00	-5.901662750775084065e-01	3.119938071491084042e+00	-6.168497065902421583e-02	1.703037818637537448e+00	1.679480042794270211e+00	8.833962020374090951e-01	-1.122079180616837535e+00
-7.814389332980944403e-01	4.055411126141391098e-01	4.848003172880700262e+00	-4.299421646773582961e-01	1.717064324703013733e+00	-8.797002936283981889e-01	9.843280881171061480e-01	1.160276164290396234e-01
-8.650801052189022178e-01	-2.693085238268529302e+00	2.073567949828839740e+00	-4.164531304209675433e-01	1.259033140323624567e+00	1.259557136650858666e+00	-2.590002293792031396e-01	-5.968232083806430666e-01
-3.584561348978127504e-01	4.284707899932060915e-01	5.958029776754845130e-01	6.612376331345727332e-01	-1.704290276866780252e+00	1.171313955719744726e+00	-1.573230856400376076e+00	2.037879930592487288e+00
-9.220107991334655084e-01	-2.625687706656576123e-02	3.241208338915096743e+00	1.530016926726233795e+00	2.681014567475900279e+00	-1.913520159462275938e+00	4.483141883013495588e-01	-4.312354041979205022e-01
-9.868622547588947747e-01	-1.305528237631702781e+00	3.144411002901401186e+00	3.162187118859143276e-01	1.928136410780713295e+00	1.633037493927511852e+00	1.091966232821087068e+00	-1.378054217838510009e+00
6.862924297550594410e-01	-1.239267266683053759e+00	-1.173554043610527176e+00	7.149306818137003416e-01	-6.476784151482395391e-01	2.471904917363997534e+00	-8.885616116689505350e-01	-8.201146196273836342e-01
-2.632993475506453240e-01	-1.548156083288254381e+00	-7.883855654949237235e-02	-1.504025850499739025e+00	-1.310815757848066365e+00	2.858067950879762620e+00	3.259961499614323910e-01	5.177562975055087779e-01
-2.116763706746361551e-01	4.515264348152926432e-01	3.249464134880296839e+00	7.746555968297729189e-01	3.963620839624699688e+00	-4.784485399529734839e-01	8.337273037639572060e-01	2.893487998909611073e-02
-1.271003138412284406e+00	3.048568303754050635e-01	4.312306365922597529e+00	4.989641944124948436e-01	2.645039047029880575e+00	-3.906951196497189249e-01	2.404542288164070452e-01	-2.312009004143361357e-01
-7.909309281326701857e-01	-1.190375488830750728e+00	1.981461434171462921e+00	-8.244847224014131282e-01	2.356483773141903271e+00	1.045099431342775276e+00	-2.543786010489751392e-01	-1.399100783877244014e+00
-6.801409122033013066e-01	-9.500927235044169805e-01	3.589698626888585764e+00	-3.383846455970416361e-02	1.568730416979816411e+00	1.206567610566297688e+00	8.698446332323963581e-01	-7.256767858511053992e-01
-9.663549166295218873e-01	-1.216307675755339490e+00	2.955309885283568416e+00	-7.060163847337853626e-01	1.151245042895954196e+00	1.032585999786638009e+00	1.762916129791674003e+00	-1.095830074693111778e+00
-8.465646655529290854e-01	7.063513483480561295e-01	4.772142861037680817e+00	-7.509177508363156228e-01	1.776701975304957326e+00	-8.984630151211074889e-01	7.285591482130473473e-01	1.133307026652830979e-01
4.027883294119510849e-02	-1.038658610218328837e+00	-1.078994883431501739e+00	-8.165552556026856035e-01	2.881143668791624757e-01	3.275597736905635493e+00	-6.689854744587018232e-01	-4.205723622601674205e-01
-9.949132555489567098e-01	6.582461907324496098e-01	4.317392569671126168e+00	3.067343968802557219e-01	3.038084003713870551e+00	-5.221674946944864226e-01	-2.831028598140636343e-02	8.136424712359527356e-02
-8.731033593022201333e-02	1.908230618183302862e+00	3.954797269828733253e+00	9.839994340614200974e-01	2.332702961586091028e+00	-2.247615697384651445e-01	3.433039021541484659e-01	3.751786460030145931e-01
-1.297882076746002644e+00	-1.975604092677437418e+00	-1.479936928377024286e+00	4.735282689377126042e-01	9.356026561474109493e-02	2.157937094539034817e+00	2.205695989547744595e-01	-9.110482490016014179e-01
-1.095642031109900216e+00	8.251907576331122263e-01	4.951730420051148052e-01	1.183392615740611831e+00	-1.530991001423400499e+00	1.647168545177466470e+00	-8.306477425584932739e-01	2.144693008414962243e+00
-7.054639845579264712e-01	7.390192000772216607e-01	4.502445009715126290e+00	-1.790870019551596632e-03	2.626775572528572855e+00	-7.421613689344730425e-01	9.088680195735993061e-02	-9.783418139888515330e-02
-1.006313426403999900e+00	1.714460393447855835e-01	1.846620274371941983e+00	-1.304479684705253106e+00	1.044357401792706641e+00	3.447545506288997030e-01	4.112871586043039263e-01	-6.208394832283731235e-01
-1.042329456727445966e-02	8.012998040147795153e-02	3.504280525572006422e+00	8.264842167044854637e-01	1.048398054386153300e+00	2.135410152413634410e+00	9.570077572164652491e-01	-9.127749832800059471e-01
-7.775966174073938308e-01	3.195490727420415844e-01	3.956470669332239343e+00	1.822147005429814726e-01	2.674291581479879554e+00	4.741530143368387629e-01	6.107174283819301053e-01	-6.393404997835517856e-01
-6.535566615996271089e-01	-1.584535130184948626e+00	2.285179297669491127e+00	4.664524871478612500e-01	4.533458693406994811e-01	1.091930718310137660e+00	-2.569177051753658292e-01	-2.037210363838487748e+00
2.807559936729257521e-01	-1.696467601204800113e+00	6.976601950212855119e-01	-1.153909568883941361e+00	1.847249851368937712e+00	1.139834407585654130e+00	1.379261795956980174e+00	-1.629454625321188566e+00
-1.558136452532033145e+00	-6.516331652250165751e-01	-9.017055438558095604e-02	-2.509540382802655234e-01	-1.895418516972162959e-01	2.223261252344437722e+00	-2.800346225105802556e-01	-1.737523158551335101e+00
-1.066136599288911802e+00	7.671743414619457413e-01	4.111331002135152346e+00	3.336616765732031142e-01	3.051056556561377420e+00	-6.053984245126563524e-01	6.028824423923190290e-02	2.069538696272114064e-01
-1.416971069672900763e+00	5.456555384576197154e-01	4.304499312395952515e+00	1.225146778534519143e+00	1.516548330625424379e+00	-1.036382553628851122e+00	-2.046185757661910243e-01	-4.626676305170869252e-01
-8.770628605568807634e-01	-4.434274728780437380e-01	-1.459510056478550977e-01	1.038436013443783335e+00	-9.297509553770066937e-01	2.698997322141956978e+00	-1.017052487321616905e-01	-4.339792598418181213e-01
4.571701061559279577e-01	1.139921324685529092e+00	4.434673752239938871e+00	6.313640307300427690e-01	3.155010432489981476e+00	-2.480380691209442823e-01	1.350537621655928389e-02	4.051801315380295643e-01
-1.033158186266860845e+00	9.580185265630608571e-01	4.689232002751004824e-01	-1.527196013350943203e-02	-3.242188694019535466e-01	2.186922215419800253e+00	-6.328219844056287569e-01	2.033804730083125456e+00
-5.232985819917040926e-01	-1.409380327173570091e+00	8.479535416422590011e-01	-1.953468139986289376e-01	7.737649007258279310e-02	1.835405583809065932e+00	-1.141375203336884581e-01	-2.746232418759636307e+00
1.877115193126798864e+00	-1.165058718606956090e+00	-9.621401276774784739e-01	5.362428133764829408e-02	-1.560515937236594208e+00	1.894566828693133864e+00	-1.823384421986356807e-01	-4.585472473055224873e-01
-1.009573324266952898e+00	8.999010132253885130e-01	4.339243141708582385e+00	3.393347015801480016e-01	2.675018115776900185e+00	-3.226924122593008426e-01	3.480132309595310169e-01	-1.059917504783192133e-02
-1.419972007374245448e+00	5.847486234723398013e-01	3.830510339988937751e+00	1.108433032659240203e+00	1.361906884108389448e+00	-1.295553381879596344e+00	-2.671461649264881416e-02	-3.436611687867773268e-01
-7.824323941706067265e-01	7.000200180591839016e-01	4.704124907907761610e+00	-2.866870844950348829e-01	1.954997157205822678e+00	-1.074359298839262955e+00	1.086945104844025289e+00	2.942282496779630718e-01
9.817767835047055414e-01	7.503535304685220175e-02	-7.884793043492784870e-01	5.050732767234853426e-01	-1.326687497406568772e+00	2.151532700948019183e+00	8.834857832293809832e-01	-8.566333489655327815e-01
4.158682014368345059e-01	1.529689846941171494e+00	4.384156702323403820e+00	2.255569522845096986e-01	2.837859421750724920e+00	-5.508499070412262860e-02	-2.042201249657416562e-01	2.460199680966708158e-01
-5.918703172412453917e-01	1.023899640121258336e+00	-4.602744569233321315e-01	1.708529625303725874e+00	-6.704836980110994160e-01	1.240355525954421667e+00	-3.143391994043344684e-01	2.486813940989401228e+00
2.195347992171202023e+00	-1.274693767043111325e+00	-6.325433393902221146e-01	-7.623841631572534361e-01	-3.122432416043602887e-01	2.652717515429188211e+00	3.423312462805713774e-01	1.753134571456558266e-01
-1.367556790000659550e+00	2.838766614081410511e-01	4.269602177422481937e+00	5.481284150008872702e-01	9.992651456418779610e-01	-1.536219051910473476e+00	1.156676951795824859e+00	-4.814550387385903574e-01
-1.407350866444888826e+00	6.753436236810942406e-01	1.777759577474973707e+00	1.583234004993661959e+00	2.400680572703128401e+00	-1.150996310270599565e+00	1.803933295934193048e-01	-1.687602170036935634e-01
-3.691965562369110554e-01	9.996240433735538167e-01	4.614380339956113630e+00	2.972978752989469120e-01	2.567293078127053985e+00	-7.829406444998161518e-01	2.966676088159577174e-01	-2.940523631176666930e-01
1.498967424230414736e+00	-7.968739539546585426e-01	-1.590452252792272203e+00	-1.428978386662726474e-01	3.963456965174340096e-01	3.248380382482109141e+00	-7.982723516029032185e-01	-1.887814875648925472e-01
-5.977144317563853892e-01	-6.174855050012507257e-02	3.476255361774214681e+00	1.073587941766517728e+00	3.740222573827218788e+00	-1.151326015542189829e+00	6.302112633278662557e-01	-1.510383281087707141e-01
1.783427303051583035e+00	-1.117041597333797265e+00	-1.304503388486565552e+00	1.334943658345514594e-01	5.110083429075282790e-01	3.238254431435342973e+00	-8.888309438955610542e-01	-1.044056869463372561e-01
-2.423469824335705791e+00	-5.035315393016306373e-01	9.358437138934799782e-02	-6.003408550472782990e-01	3.242477601645397112e-01	2.530051652968976050e+00	8.107788717286954494e-01	1.662151020282835456e-01
-1.236423773368197310e+00	-4.946593387453508406e-01	4.589000390143469943e+00	4.259846677422002292e-01	2.925888184782904577e+00	-9.561261066421045118e-01	-2.506930841292037138e-01	1.358046872435196839e+00
4.919082805245170165e-01	5.610776920816844537e-01	1.063311938932188117e+00	-1.194417382747897882e+00	-1.186064455728316425e+00	1.914592524355200887e+00	-5.389245479234419101e-01	2.504416749883016990e+00
3.330559578669015086e-01	-2.653891573839377016e-01	1.569887198180415444e+00	-3.586496996201516407e-01	4.081762075112315147e-01	3.167284279629989818e+00	7.027891463647100156e-01	-1.732627855662401739e+00
-6.421184956262252497e-01	-3.103616840372064312e-01	4.489779741271545888e+00	-3.341562807255450407e-01	3.133911235610157053e+00	-1.230819016288161372e+00	-7.092688821232444596e-01	1.725979167034505934e-01
1.118727120518443030e+00	3.612958220591225289e-01	4.074575421656873031e-02	4.641472266149410109e-02	-4.362052109000693068e-01	4.700134641681646963e-01	-1.524731954160610248e-01	2.424864229448853603e+00
-1.536495142572920303e+00	1.490061452176889345e+00	3.469939340739136124e+00	-1.696064599514765514e-02	1.503235063958787976e-01	-1.384679620664404753e+00	2.347356471563925573e-01	3.541350898579087580e-02
-8.478836320361405887e-01	1.145135096658047580e+00	1.919215757912749454e-01	1.504172022864001812e-01	3.857638049030276406e-02	2.239392160337177806e+00	-7.654559941941597723e-01	2.813635551255051936e+00
-9.397453521740206650e-01	7.686590703924207624e-01	3.860503666014487134e+00	2.434046301756731812e-01	3.657378246420824652e+00	-7.373934628505227629e-01	1.125847746329533550e-01	-2.123671391201776767e-02
4.910376347235319572e-01	8.528344739463683544e-01	4.904655263088685047e+00	5.828714478630701024e-01	2.862755764549706150e+00	-2.139034798503102741e-01	4.947466254901994320e-02	2.007955945009828880e-01
-1.353496214714011270e+00	2.683753764470188652e-01	-6.149353768749450388e-01	-3.448927318051475677e-01	4.852535349109904361e-01	8.592611366411748719e-01	1.162256065627378154e+00	2.085350005320182110e+00
-1.083412212680223252e+00	-1.178583038603984834e+00	2.771095107994438145e+00	5.247557733509272682e-01	4.375760523397760338e-01	8.442768874420707448e-01	3.624785232572919624e-01	-1.858935317261200648e+00
-1.324557903517393775e-01	-1.223974456926779864e+00	8.237246814053033050e-01	-1.571766053350148518e+00	9.107206044856683835e-01	1.620008486871859832e+00	9.994492212966652467e-01	-2.019239703592425883e+00
-9.934927989658567382e-01	8.580084601597928184e-01	3.787578126714856275e+00	3.211646495110073718e-02	3.239670910068984000e+00	-3.056650115826949343e-01	-1.014563685178650615e-01	-3.908244908710323817e-01
-8.589664396526329460e-02	1.209836153450310592e+00	4.015481116190025013e+00	1.813209138121773423e+00	1.797846068009368858e+00	-9.564574177342485273e-01	-3.747212827120549039e-01	-3.073986746075119125e-01
-5.445874277394563423e-01	-2.045647698616929466e-01	4.420886652062453237e+00	-4.622125824643729675e-01	2.632138362313570124e+00	-7.828971701806735073e-01	-7.623404622413922915e-01	2.460312628452837949e-02
1.609091362401947833e+00	-9.787953121769082943e-01	-1.540714714171027788e+00	-1.997603740934419947e-01	4.911053782668859946e-01	3.138223343193085491e+00	-8.766028387936612987e-01	-1.975457327379956107e-01
1.702781045444677233e+00	-9.879537974704132308e-01	-1.400872892330722541e+00	-4.504867599270668266e-01	4.430883735911737009e-01	2.968195569012488377e+00	-5.815223772195312613e-01	-1.604421389117585972e-01
-5.936044863124271265e-01	-1.178955342455910577e-01	4.071185049252497912e+00	-4.533428104272925752e-01	3.012841518365442006e+00	-1.123098209551267157e+00	-9.108170888507914897e-01	3.302427412600349166e-02
-8.090753863781735555e-01	1.226714466749182719e+00	2.405550179859933801e-01	1.583627633919867661e-01	-3.685658211150458774e-01	2.222801966802536722e+00	-7.366284112112174709e-01	2.852531558047402882e+00
-3.400123874063105123e-01	-1.636022073650313713e+00	1.689321295508639631e+00	-8.451456082797343949e-01	1.305941023226315334e+00	2.007984852015700650e+00	-1.416163765511736783e-02	-1.689246962721127510e+00
-2.115382470199460851e-01	7.421705229772429524e-02	4.967709605597544709e+00	-8.433998176678035585e-02	2.023700122884415364e+00	-1.371060881311294777e+00	1.050271381796231696e+00	-2.098308942350961270e-01
-1.806668667353538704e-01	1.516327876733758906e+00	1.072615004477565748e+00	-7.179855658372520377e-01	-7.535754326097219291e-01	1.912783175548832260e+00	1.265533892963724427e-01	2.631409129544078240e+00
-2.345233203058101790e+00	-1.044880027117811583e+00	-2.334532361461944816e-01	-7.954731641453135493e-01	5.128861023234321248e-02	3.075773906439820848e+00	3.268870924607756856e-01	7.481312742475045852e-01
1.662857597547492627e+00	-6.531277487848298202e-01	-1.727771670830358541e+00	-2.191304295012843073e-01	1.214277298060910948e-01	3.034961528561816557e+00	-9.251469926998938664e-01	-5.951314822499990248e-02
-1.137665105713861369e+00	-1.019519200292227978e+00	3.099228933900968208e+00	8.117377213118442958e-01	8.229094436669254220e-01	7.785652960486948437e-01	1.201589482448338186e+00	-1.945612067973735870e+00
-4.280190392416021172e-01	9.799057727176794241e-01	-5.911402366801284947e-01	5.256021313264332973e-01	1.202150294892422977e+00	1.942715965041416526e+00	-2.514780701139107677e-01	2.764430594332255353e+00
-9.847754567726360042e-01	6.743318601672302348e-01	4.114428758629872895e+00	-8.803788383851460925e-03	2.925472542026158251e+00	-6.704513003567319496e-01	5.384029879704932409e-03	-4.283634296973093392e-02
3.559656109698840498e-01	1.183095241754384297e+00	4.904076710636398495e+00	5.494777310462534148e-01	2.410608650758657934e+00	-2.408924671380906490e-01	7.610908596179816188e-02	3.319180489605946249e-01
-1.750206616817006067e+00	3.889905379591488965e-01	4.433272746710765211e-01	7.755377422960266776e-01	-1.064432505122140382e+00	9.321309165242332995e-01	-6.799724630617455245e-01	1.244836870947925611e+00
-1.025129191601857670e+00	-1.500522438608057563e+00	3.674993102178216287e+00	7.616440517622267148e-01	-4.080522746262848499e-01	4.525242144418994417e-01	1.698361339615456211e+00	-6.015259945703819167e-01
-2.350280537503984135e+00	-6.400801964580622450e-01	-3.047832101725576059e-01	-4.215091573776795775e-01	7.903039795026096659e-01	2.775877874748450047e+00	1.736910821222033552e-01	6.723271698781302375e-01
-6.377324181533726710e-01	-1.140897324465268703e+00	4.818844104239225601e+00	-1.087065863896975015e+00	1.358850147620228821e+00	-1.675345055062734456e+00	-2.040524104931580041e-01	8.888639851480581999e-01
-9.019915452068767436e-01	-3.737881475121832553e-01	9.494320738065544774e-01	-6.709475304543801588e-01	1.027793770612732471e+00	2.897267575332540090e+00	8.394503118878473558e-01	-1.904405454099611816e+00
2.200956433175968563e+00	-7.777408648628140186e-01	-9.477722803294253984e-01	-9.783169724458963268e-01	-2.247558582032231633e-01	2.687959568330977156e+00	1.356509507229929357e-01	-1.735346027040222602e-02
1.734553838735628073e+00	-7.252081590874662753e-01	-1.209426059233788431e+00	-9.648685561210590400e-01	-3.724398564294859604e-01	2.498182408728561121e+00	9.894922389079519043e-02	6.229662943904160088e-02
-7.738815500073762399e-01	-5.046081226015070031e-01	3.218119623259560580e+00	1.077512512653277243e-01	2.294247008657182896e+00	1.663095548880434649e+00	1.137762027713249413e+00	-8.948551665441987213e-01
1.410720957404453024e+00	-1.041984308978314955e+00	-1.475136556689522260e+00	-2.974096991534956880e-01	8.449307386122133501e-01	2.999878113341595487e+00	-8.200448579930619264e-01	-1.202558720752184007e-01
-4.619051637782055075e-01	1.570456447660519617e+00	4.559739515553849820e+00	8.602102529630281103e-01	3.966109926946728148e-01	-4.390456514708185876e-01	-7.140687786468667975e-01	-4.575875226859948408e-01
-1.403303505278764574e+00	7.900275039236648311e-02	3.400386893496951668e+00	1.294109699047496731e+00	1.817960309199043722e+00	-7.259362784735676755e-01	7.841919286206011641e-02	-8.985542513647508667e-01
-1.016156581495985201e+00	5.168509018589217963e-01	4.498641356212078612e+00	1.964623123335443311e-02	3.006917564127694842e+00	-6.289410205184287062e-01	-8.343723360397450883e-02	-1.582613051599894571e-01
-1.118827965489427534e+00	8.280785010483223685e-01	4.030658939624482073e+00	-4.934026526578499244e-02	2.951985477799513813e+00	-3.637223491666687347e-01	-1.537365522442246391e-01	1.566467247956943032e-01
-1.762066840619686825e-01	-1.122884417129084156e+00	-1.257036955340629369e-01	-8.154688775336234041e-01	-1.657465676141526290e+00	2.764367060368967621e+00	4.850284322633384160e-01	1.086426095734859931e+00
-8.166605096885007908e-01	9.454100560727485281e-02	5.278094839248157477e-01	-4.587244106567838209e-01	-1.549451848491848915e+00	2.731731044855507662e+00	1.004482414952993397e+00	1.743406570883487605e+00
-1.255485447432663992e+00	6.257241209600087339e-01	3.762857851588621294e+00	1.974569311432166907e-01	2.759799407411832828e+00	-3.979098713451144631e-01	3.908452553768067550e-01	-3.847322271330815280e-01
-1.046985373547040910e+00	7.827678130064542605e-01	4.602838340516693272e+00	3.378550654296389455e-01	6.186787172988337247e-01	-1.939444879613743788e+00	4.760307097751597660e-01	-1.545098256637380818e-01
1.405871963501160948e+00	-1.437961497717717974e+00	-1.204786442143208625e+00	-2.019485935183052971e-01	8.122785237656042767e-01	3.279494781093553968e+00	-4.604665968697950196e-01	4.354150751278602904e-02
1.413215311993999856e+00	-1.071364635496206974e+00	-1.385622006915201210e+00	-4.911442446812134821e-01	6.763010902588376672e-01	2.895348294391520305e+00	-5.042018823581367881e-01	-5.212643783038452966e-02
-1.017394838297781989e+00	-1.563283644599264610e+00	1.596263194479224712e+00	-6.353703980625106940e-02	3.325170667601083929e-01	1.162973048283176158e+00	-2.578916259120761501e-01	-2.305689306375030778e+00
-1.920254480650676943e+00	-7.828506477075705128e-01	-5.125829944151351070e-01	-3.828762634056575020e-01	1.049216783521334184e+00	2.935656582817673943e+00	4.873363491500383726e-01	7.130439855046418751e-01
-1.145358233466846176e+00	3.504088706148388299e-01	2.574138784896718324e+00	1.530390172190458253e+00	2.796255625273737611e+00	-1.502459075820332446e+00	3.284321141774252939e-01	-7.373798711547503437e-01
-7.690102340963118621e-01	4.473894340096997713e-01	4.548958908393588629e+00	2.362385763251449167e-01	3.126830840815205015e+00	-4.179806311199332214e-01	2.444023140638230118e-01	3.676967986195424642e-01
-5.427067959592859481e-01	1.819634123366797307e-01	3.101233027780098794e+00	6.683418975882300384e-01	4.060208035256772874e+00	-6.720871371528460703e-01	7.688761092643514594e-01	-1.591098499853828285e-01
-4.157761777362445899e-01	4.482486878467586422e-01	3.070806902063845101e+00	-2.284852358537644568e-01	3.268113720718487603e+00	-1.255103332116766390e+00	1.506201146747183417e+00	1.893787564406373969e-01
-5.321479916490913231e-01	-1.430535322827727329e+00	7.287347284437981632e-01	-1.053838721778127985e+00	1.421197690187571583e+00	1.968263261483734539e+00	2.410041735073596425e-01	-2.111396032107502485e+00
-1.137756810341180369e+00	-3.002287469614544624e-01	-1.665825464493556340e-01	-4.799926263848514063e-01	1.274237409294476653e-01	3.305794101557481213e+00	1.839222870893721939e-01	1.691942923432717460e+00
-1.149336814910979054e+00	6.766996725118570866e-02	4.261019762053057214e+00	-5.563770627767486987e-01	2.018992402085725946e+00	-1.201435048542405015e+00	9.734251868473116076e-01	-1.086309228466590532e-01
-6.717546243127190397e-01	5.911394314671489791e-01	3.416449274237649991e+00	6.856295179369557014e-01	2.615061979966315064e+00	8.921734132837063624e-01	9.491965607237538016e-01	-3.359236349435221203e-01
-9.619556166386173945e-01	-4.725941774243574423e-01	3.634258081985702660e+00	2.187299734461254641e-01	3.017955873834642588e+00	1.458809413351824791e-01	8.523581240655393465e-01	-3.158308980890482398e-01
5.166544310979317434e-01	-1.135885045727887732e+00	-1.414103696664418930e+00	-2.995422411348011016e-01	8.785988439894154567e-01	3.166233841776112001e+00	-1.603157684276260153e-01	-3.961070391617338982e-01
-9.040608652609621876e-01	-1.073306476343648619e+00	6.467962407557553695e-02	-8.987164620990542030e-01	1.129739314844062870e+00	2.531958635985724904e+00	2.201179658667071215e-01	-1.945597385029382176e+00
5.724681675087779364e-01	-1.198518103984499206e+00	3.008984651084110062e-01	-6.838663738304592288e-01	7.422222000142260079e-01	3.036161607236882887e+00	-4.133955455923621902e-01	-9.998511987245060073e-01
2.258516044676273982e+00	-6.782942917051264509e-01	-9.711843660802599310e-01	-8.979062045579101481e-01	-2.974558009018944960e-01	2.572216116626197646e+00	5.917033591150294702e-02	3.716045141352169456e-01
-8.849848876706346568e-01	8.544957802387742607e-01	4.515472592525028084e+00	-5.005822252715266263e-01	1.782120965658843703e+00	-1.356864929683115228e+00	7.386913802671781770e-01	5.298742811619523707e-02
-8.898146239438117222e-01	-1.697377533276400063e+00	1.431213517755046016e+00	-4.847894140844430377e-01	2.068918356981118478e+00	1.451579144594395965e-01	1.550730936357617384e+00	-4.827088885556217179e-01
1.758796371096027933e+00	-1.099076579132130416e+00	-1.190583422999890839e+00	-2.777879005605450591e-02	2.703343439277456906e-01	3.165086978795266681e+00	-5.237061493423370573e-01	-1.127006148646336886e-01
-4.054487984254043220e-01	-1.982504586227604060e+00	3.207543105572050912e+00	-3.004431554817636463e-01	1.742267506111582431e+00	1.311983497228845774e+00	4.758964611067449391e-01	-9.823259116138209901e-01
-2.021069101567326776e+00	1.152521734174817070e+00	-7.707213369506010769e-02	8.716774764885865112e-01	-1.106414078547876434e+00	2.063647115764154272e+00	-1.956934255859315019e-01	1.094123540169425146e+00
-1.360804008065196191e+00	4.264748190744608314e-01	4.368772241353697794e+00	1.014688249245284668e+00	1.854857211504272740e+00	-1.534319415500011496e+00	-1.701460499834928086e-01	-4.866232010021817600e-01
-7.889952500811745484e-01	1.831956131975710222e-01	4.445022373684640371e+00	4.398505895599797988e-01	3.008499592323556904e+00	-7.251409531640314876e-01	-1.018758608847815383e-01	-3.436207777356596882e-01
-5.598000109563981974e-01	-1.953852697331821542e+00	2.313880667020372428e+00	-7.390165490247178059e-01	1.818315888037536743e+00	1.499367658712053464e+00	-7.696773366108099201e-02	-1.288508136227615841e+00
-1.490253866955968842e+00	-9.304526987946041272e-01	-5.143487550478744730e-01	-1.556212846587330390e+00	6.853614138454042770e-01	2.393444663917517090e+00	-4.753011745849231029e-01	-7.554690655390851051e-01
5.635886730807850853e-01	-5.485510191767120070e-01	3.773270810827757504e+00	3.975307613503522575e-01	1.698167819930593847e+00	2.247127229292495088e+00	9.248928359743946448e-01	-1.023583207505143644e+00
1.243223419220016446e+00	6.013026321051334611e-01	2.940669574596015412e-01	8.474004974068759521e-01	-7.693644620849644511e-01	4.921395575670637346e-01	-4.784663460163282034e-01	1.883892937414200608e+00
-1.621054222622875463e+00	-5.059367043576706857e-01	4.626547979626805529e-01	-3.208496444912077861e-01	-1.721583572804890883e-01	3.330736612588609091e+00	-2.497788884796723063e-01	1.323891041290310877e+00
-1.111676062560990941e+00	-1.413947366823416374e+00	1.442121566163964808e+00	-7.455565053892396210e-02	5.542620319306525989e-01	1.248210981634157557e+00	-6.384324512284997311e-02	-2.490390113218692747e+00
-1.110737760799372253e+00	7.839503157597995653e-01	4.654420484963160298e+00	5.944270491945644608e-01	3.146132421333578955e-01	-1.426111804239203140e+00	8.492757372205623767e-01	-8.227008457773545003e-02
1.286294705202722266e+00	-5.766391814156379692e-01	-1.354304261569301504e+00	-8.489673972186569939e-01	-5.130149771864157549e-01	2.552067534770410262e+00	2.473332816180561777e-01	-3.605048719076217600e-01
-5.923358052566105592e-01	6.778469582795986215e-01	4.685536822048387506e+00	-2.189812575965530972e-01	2.171985441546928630e+00	-1.006503416421292707e+00	1.119358559231776962e+00	-1.422907219192036110e-01
-6.370194022927098132e-01	-2.478189225413088170e+00	1.855855158356848778e+00	-1.349009793093348231e+00	1.051323254521495665e+00	5.699426429944105532e-01	7.571051521757776737e-01	-2.102042092348765379e-01
-1.806153649169120579e+00	9.200855184559884048e-01	2.877547557364351860e+00	-3.701884072256036440e-01	2.023005638793964334e+00	-4.389121113546198272e-01	-1.803041344315681749e-01	3.098056660602290791e-01
-5.115269133182211991e-01	-1.043410899287414040e+00	-3.502406815774445348e-01	-5.323410466430600341e-01	2.582643027404670999e+00	1.296139358394412966e+00	1.999435153555320088e-01	-7.716138365797045040e-01
-1.122301865321341685e+00	7.620983579659911245e-01	3.743656575382899865e-01	-1.223388843260378778e+00	-3.846807242140346528e-01	1.915555602419243275e+00	6.119040665668675771e-01	1.527768982185335744e+00
-3.643719651429706552e-01	8.695746969288788986e-01	3.221863669139977127e+00	1.768141844907305804e-01	2.919984005476592426e+00	-1.344856244205143492e+00	1.452435721254734080e+00	4.567851692901750416e-02
-1.413154133699902282e+00	8.416839562632387750e-01	3.820106134145543120e+00	1.420422715986417339e+00	2.014250840255601638e+00	-9.783468509871388052e-01	-1.327303902208721298e-01	-4.446115765254551877e-01
-2.137448290729236700e+00	-5.777635511041666616e-01	1.636303989439137629e-01	2.839704621386904271e-02	4.611392894323157465e-02	3.251186641358660978e+00	9.097888028764540280e-01	1.174741565069449267e+00
-8.370312606220196017e-01	2.651045625203497513e-01	5.532075418954764956e-01	7.146660368921442519e-01	-1.461940649162772221e+00	1.333281605935459968e+00	-1.952141081046139925e+00	2.076457295999048824e+00
-1.472627739057679741e-01	-1.031238017666902040e+00	-1.270793400144652807e+00	-5.369611621717357286e-01	1.677778711600606432e+00	2.496650305789072100e+00	-5.023447965887154615e-02	-9.914310485021667896e-01
-1.444778634571298292e+00	5.371009010749843160e-01	3.969609305621713435e+00	1.063180801557105370e+00	1.645058184522269151e+00	-1.405984563992956238e+00	1.606887773191162383e-01	-4.185648107903061077e-01
1.688675236366338872e+00	-1.061129947971820586e+00	-1.326677991611871832e+00	-4.685374410209593443e-01	4.078465002069434631e-01	3.060827301692745195e+00	-3.878505227097684416e-01	1.468041752474460171e-01
-1.143632841372124620e+00	3.644299943563542032e-01	3.952862884605949922e+00	4.267738615122672607e-01	2.881824709077708047e+00	-2.317769879118641296e-01	3.680043576224475976e-01	1.017608330383980991e-01
-2.414929585969709969e+00	1.751242918879598043e-01	-3.484765365734394105e-01	-8.305368154455397001e-01	5.183681955905632410e-01	2.227045454643684863e+00	2.079219916917592337e-01	6.669677228102619537e-01
-4.238024580919055873e-01	1.110406610935964711e+00	-5.760556970748533789e-01	7.857313458562426023e-01	1.106928030184441081e+00	2.110504422548959091e+00	-3.843828748914471793e-01	2.707906423632333581e+00
-7.358352637606340174e-01	-2.198368233267700589e+00	1.954066027127486560e+00	-3.240324714366317749e-01	2.091928819625451297e+00	1.208562214899798315e+00	2.938572391316363608e-01	-1.544839408698696070e+00
-3.804239438825001152e-01	-1.760909520456854782e+00	2.992683025848881240e+00	-4.131830406065219452e-01	1.767837976712959058e+00	1.142756339528302245e+00	4.208499163168821222e-01	-1.484172247293580771e+00
9.519480907370476697e-01	-9.910844678760200033e-01	-1.424781178320433161e+00	8.152675394716493162e-01	-3.763815685540234379e-01	2.345847972050656427e+00	-1.021679742411618408e+00	-7.432963101435604569e-01
5.718960535926580491e-01	-7.444457418843875018e-01	-5.377245039973315155e-01	-7.508827360820358177e-01	4.161848170273387826e-01	2.598566627075746815e+00	1.358012630663381071e+00	-1.642000317597601400e-01
-1.532796383597275991e+00	-4.879983152739525432e-01	-1.151560178002587233e-02	-2.601758760657457148e-01	8.621943105897482695e-01	3.326156773693050184e+00	5.187725320939329254e-01	9.525358938225645389e-01
-4.679856407679158781e-01	-1.237127581431344714e+00	4.865602825424421241e+00	-6.765980270252167639e-01	1.686683721656242252e+00	-1.540190266262820185e+00	1.630751189672312584e-01	1.196761588485627303e+00
-1.574663223045497940e-01	4.325037717969706930e-02	1.269336403977966432e+00	-3.448354299992222316e-01	1.822975997189786035e-01	3.177801986811791046e+00	3.038996963038324561e-01	-1.605561967395797707e+00
1.504357313763113879e+00	-1.296781675791326194e+00	2.141706957563680902e+00	8.401138253649473864e-01	2.467826857961617826e+00	1.338162681807947063e+00	4.521050717518050877e-01	-1.429399216364694913e+00
-6.663620149226319178e-01	2.524436669999229887e-01	4.609762039075106621e+00	4.956244363500469374e-01	2.873923283685250851e+00	-8.080222947625855801e-01	2.559624429178225524e-02	-3.479562644236434688e-01
-6.731488246283900967e-01	1.375666089445957141e+00	6.338833345109873285e-01	1.241921019868361953e-01	-2.628686040257104395e-01	2.312385167074535008e+00	-7.077380172466252173e-01	2.579739917457174236e+00
-4.474375100716034281e-01	-8.047778664044548114e-01	1.764575946286304209e+00	7.359935809454698497e-01	2.798824400455186545e+00	1.216964535102386336e+00	1.327364204617077936e+00	-1.439681275714554509e+00
-1.345169146741281185e+00	-5.478844241009939164e-01	4.636626111652813798e+00	3.252440333465071998e-01	1.315639150378716815e+00	-1.995765707005270118e+00	-7.833659108114378045e-01	-1.971879196508987964e-01
1.706745412308697141e+00	-8.220936418787584410e-01	-9.526917737599818192e-01	1.416905527835662093e-01	-1.580433525199635980e+00	2.134440401284943611e+00	2.098709261522635483e-02	-5.424292385384191784e-01
-2.105122384751285214e+00	-1.529845146573792780e+00	-1.237515582047767682e+00	-1.960051596564706122e-02	-6.248641573869838650e-01	1.415906614350418868e+00	1.530111891215360842e+00	-4.149775583940954610e-02
-1.102412083351240080e+00	1.257399237550149484e+00	6.360925044192683453e-01	9.878609594460096011e-01	-1.465762748430145868e+00	1.551200389598720975e+00	-7.377377270435031553e-01	1.856547776502096792e+00
-8.658176950945063732e-02	1.503315074564954612e+00	4.442556096208170935e+00	1.071026790912144699e+00	2.178679323170874316e+00	-1.703648346321139373e-01	-1.961622953604463260e-01	1.781394696515904152e-01
-2.220936794667262681e+00	-1.006186537195144171e+00	-1.482744183369139324e-01	-3.475364588829513712e-01	2.258603905611505369e-01	2.766983891279647167e+00	5.972282688387615668e-01	-2.008332144729259305e-01
5.407067017992663871e-01	-6.305700610725892830e-01	2.417383678532011082e+00	5.776281858026121041e-01	1.683339568457815072e-01	1.198643619129687643e+00	-6.952803771165626534e-01	-2.168378021636712116e+00
6.350600308389433568e-01	6.339812234533155344e-01	1.413949741535181770e-01	1.188885487814514530e+00	-8.592300935492016567e-01	4.110078365172263326e-01	-2.465698202140453599e-01	1.589816947250717316e+00
-5.609735210803910022e-01	-1.098030305798639361e+00	2.875465147144331102e+00	-1.496722705139029441e-02	1.850904685271014705e+00	1.343953599387995190e+00	6.652208618537152063e-01	-1.519535185094792018e+00
-1.329359006740044702e+00	-1.088133215492667283e+00	2.699018345244607264e+00	1.044709376212754615e+00	1.043662347668795176e+00	8.121739003914341115e-01	8.555075406356626999e-01	-1.685410764723493937e+00
6.921936788874383240e-01	1.039440400445875989e-01	-2.882990709875141722e-01	6.186741063922446271e-01	1.434374579585469822e-01	7.280576823452102886e-01	-7.163330678349525416e-01	2.231315089210747615e+00
-5.741995387680519647e-01	9.021092500329225272e-01	4.791902829932755736e+00	-2.099394395724901996e-01	1.889831387113518835e+00	-1.017628217808169477e+00	1.148319843712841903e+00	3.937015716602191295e-01
-1.522943012716940547e+00	1.313705378394119938e+00	2.891978702869784534e+00	-3.403207190545023964e-01	2.689197052164831181e+00	-4.421441270534816059e-01	4.898104967495919837e-02	6.269928401247035765e-01
-1.013628836849463477e+00	6.640310961917367250e-02	3.922995244587744956e+00	-4.948575639319870156e-02	2.888355247764198275e+00	-3.766867905634304070e-01	9.207601243723473328e-02	3.231560580429970742e-02
-1.870500174016510364e+00	-1.197741646107300717e+00	-1.388206981257208428e-01	-1.601006297257690780e-01	-1.771191191238112417e+00	1.984519656132757381e+00	1.230761322311219708e+00	-6.245076532208251180e-02
-5.917279843505667269e-01	6.681983459753628729e-01	3.951358829400172912e+00	3.947731414986823673e-01	3.367515267785305522e+00	-6.368298416816217111e-01	2.876875384638608035e-01	-1.100146860872946025e-01
4.570650362212669848e-01	-1.882120191222129257e+00	1.271307298099902061e+00	3.766769158470442691e-02	2.403163349313438335e+00	9.683108185592415040e-01	6.507225162504537419e-01	-1.527676844478125462e+00
-7.155135845093435476e-02	1.650649192650980979e+00	4.655394909072943399e+00	5.246369253522681353e-01	2.356288966476294711e+00	1.875364059810707973e-02	-2.243854855738078025e-01	5.568259295400393993e-01
-2.652223098841252291e+00	-9.589461241274287451e-01	-4.431622013886719613e-01	7.485377178104345441e-01	-4.873484874595231942e-01	2.415107832416577338e+00	2.188843827032563305e-01	-8.238853280638952503e-02
-6.603394783288226710e-01	-1.908508019658605948e+00	2.053714174306486395e+00	3.185194018113075565e-01	8.040165265176432152e-01	7.054247767329999697e-01	-1.304489801631759371e-01	-2.268403779494292394e+00
-6.760370688350328949e-01	-2.230593186225022340e+00	1.374042404239382176e+00	-1.490203540516412239e+00	-2.775363282190767417e-02	1.601804226571209355e+00	9.054949128051463791e-01	-4.762147764174604059e-01
-1.106298269447896887e+00	1.272549244292540571e+00	6.009340726056862092e-01	-2.796611793919041855e-02	-2.831550393765847606e-01	2.351543929850418380e+00	-8.952633521539454797e-01	2.542252081564086552e+00
4.196918035871312624e-01	-1.064151571680750641e-01	2.939654262237418436e+00	5.650895089438119356e-01	1.464943769935064699e+00	2.197096939416857353e+00	7.727891317772370705e-01	-9.832362774652095849e-01
2.280515078580432231e+00	-1.084004898986140386e+00	-7.491400565182171345e-01	-9.798912457592761083e-01	-1.096034096856759871e-01	2.679980234783264414e+00	2.328974909934743986e-01	1.480967780281232937e-01
1.994171981753524836e+00	-1.034462691519819844e+00	-1.183356107672858482e+00	1.111487114377665564e-02	6.558520332992232582e-01	3.115095027945127271e+00	-8.929019368581532223e-01	1.208517686412855299e-02
-1.171479652645110114e+00	6.645838191826266561e-01	3.733003426159508642e+00	2.215888896735825619e-01	3.209195686856463503e+00	-7.684960384792641763e-01	4.212267760393990090e-01	-2.707170209711916575e-01
-8.200004821268596089e-01	4.114584595512044141e-01	2.906071609650124898e+00	7.756085009478327352e-01	3.874081881739804167e+00	-8.388434757863649782e-01	7.461720411106824713e-01	3.200519008100631557e-02
-5.020702686514089130e-01	-2.071556256438569221e+00	1.648013025988753766e+00	-6.597304038446684116e-01	1.076381990929351495e+00	1.913650211973424442e+00	1.683009454312204833e-01	-2.104983275766903805e+00
-6.540757999614387197e-01	2.549774124749636939e-01	4.701476478420803851e+00	-9.047999832996114766e-02	2.725089043941218758e+00	-5.448830045419820189e-01	3.284650167062637682e-01	3.280558494029062744e-01
-9.483075337693676055e-01	-8.810037884217206683e-01	8.433740044956821169e-01	-5.104104032482500442e-01	1.225014747273901250e+00	2.808047121974724725e+00	8.087933582364899010e-01	-1.954455244787959733e+00
-1.394978801555391446e+00	3.700711205101716583e-01	2.728175243196987454e-01	-1.577662983653893847e-01	-4.018977146814508572e-01	3.297556234930283381e+00	4.406395274923358696e-01	1.716279495178485215e+00
-2.224281993835529603e-01	-1.057646820593553860e+00	-8.026906564295471780e-03	-1.656410079490275994e-02	1.815300740808151847e+00	2.215357374834988402e+00	9.048621960336094006e-01	-2.034346867512723200e+00
2.035796668063450277e+00	-9.345944261652171514e-01	-7.850813250298270818e-01	-9.086390259613474907e-01	-1.613635297294946647e-01	2.496390958660423820e+00	2.770513138606138237e-01	1.833551480423323832e-01
9.566911374937310253e-01	-1.248939322110100836e+00	-1.259165060099825428e+00	1.034507909691264160e+00	-4.205128335862753919e-01	2.617617332309697176e+00	-8.461016003373952321e-01	-7.275425571118623314e-01
-6.803729611269041522e-01	-1.026245637056782734e+00	4.056081389467088849e-01	-2.595334024160786957e-01	-1.749029012327973087e-01	2.314488393407515332e+00	1.180935465524992067e-01	-2.611589092664351242e+00
-2.033011255943131701e+00	-1.207423842771173650e+00	-1.407621767645942865e-02	-1.112260183279785597e+00	-4.270993292717015777e-01	2.206524562018326030e+00	1.432782559477962847e+00	6.346826288907363445e-01
1.381210509464373182e+00	-9.938281708912004575e-01	-1.352864314743901009e+00	-3.181715962101794859e-01	9.278951773108317091e-01	3.244004242998872023e+00	-6.804484254012959088e-01	-1.546416811420139314e-01
-4.959304852926991192e-01	-6.834561976490437507e-01	6.056146372370769804e-01	9.134732947297082850e-01	-2.060907623384755638e+00	2.226277528277552875e+00	-1.242130593054955989e+00	1.553020893270857572e+00
4.973540469357077831e-01	1.120490091728053139e+00	4.676420160958719485e+00	6.619119902681732670e-01	2.968270512997184696e+00	-4.550385167746878734e-01	-6.696435536326154903e-02	4.191762795993402291e-01
-1.252185428515913079e+00	4.614384851825497069e-01	4.477379162198438678e+00	1.207966678566992691e+00	1.605735550592337191e+00	-1.304007747167164277e+00	-2.317505541569048200e-01	-4.162185002629920638e-01
-1.244972585791070507e+00	-7.512052831447328938e-01	4.924826103023729473e+00	2.759307912631883131e-01	2.219834839091138878e+00	-7.119580735417868622e-01	1.229622089176435340e-01	6.771058920221411093e-01
-6.296069178264950272e-01	-3.347877575369194170e-01	4.652411402742790081e+00	-6.328010944840533059e-01	3.028001747159214219e+00	-1.353813081271420415e+00	-4.232099663568998360e-01	4.914743714634997040e-01
-6.960547427133320642e-02	8.253531657551943512e-02	4.923171918978310302e+00	1.274595204984951158e+00	2.449860116707436752e+00	-3.848630918791606792e-01	5.881351234054404964e-02	1.238072123498470400e+00
-6.956517755631951294e-01	5.942258825730041272e-01	4.868121198714779219e+00	-4.753125083910084703e-01	1.861859164199536343e+00	-1.210298075521675454e+00	8.322454322515941971e-01	4.446483903490155987e-02
-2.078861212081930976e+00	-8.590946778101476999e-01	-3.399755402326186116e-01	-2.786009502020317385e-01	4.275002889388189731e-01	3.295798906931188377e+00	2.152599559986674849e-01	9.128776405198025801e-01
2.792483066003310088e-01	1.671926197776212764e+00	5.059169676714561525e+00	-2.732241471459391224e-01	1.102267736124330488e+00	-4.299746260291463784e-01	5.411074697989020077e-01	6.219779202719808442e-01
-1.092820043069285818e+00	4.825692593644406170e-01	4.525864021263242831e-01	4.947317351253925910e-01	-2.179741398590335333e+00	1.456472693410115538e+00	7.329602878369538832e-01	1.300136998162644941e+00
-5.057584680387869902e-01	-8.824815306168494189e-01	3.576788393816636269e+00	1.137873158623612657e-01	1.791055016700462632e+00	1.747448721386297255e+00	6.292029152304228212e-01	-1.294245015910856722e+00
1.439415021618657420e+00	-7.813799823692217927e-01	-1.471739756091936968e+00	-2.174659288367866428e-01	3.077586185302676469e-01	3.131018313255221841e+00	-5.103659545491024963e-01	-8.216138482297806467e-02
6.853783889767952608e-01	8.249031858096876890e-01	4.005909407355722429e+00	1.529687850052628750e+00	1.302204618895893562e+00	-1.663635033600272317e+00	1.157497258427949927e+00	-1.879349577808140104e-01
-1.989165785248070861e+00	4.230122243613504418e-01	3.624258161062043904e+00	3.549550123115319256e-01	2.172179180036307500e+00	-8.069195748849374850e-01	-3.264566760457520145e-01	1.904198126191564588e+00
-2.069354203839573358e+00	-1.849716383784056450e+00	-6.553471541648656640e-01	-4.448395833765684260e-01	-6.689918346189172027e-01	1.908704649165865019e+00	-4.425794490002741832e-01	-8.610973961619561301e-01
-4.044509713882004087e-01	1.692859306172951328e-01	2.926011345507258721e+00	5.483310980421999270e-01	3.841635165915555650e+00	-1.043595557728755008e+00	5.974855006562167503e-01	9.260805771539580566e-02
1.152522847552923224e+00	-1.149935460287984323e+00	-1.288274498649885302e+00	9.143112186914622574e-01	-4.127556813158493321e-01	2.428772993215409848e+00	-1.009715212954394037e+00	-7.784881440214302950e-01
5.051017892482907445e-01	-3.696448592538677524e-01	2.694688722459317010e+00	1.987729147047718525e+00	1.480769285806152524e+00	9.583190545898709889e-01	1.125220192561997123e+00	-1.745646882937985200e+00
-6.842671464658833802e-01	1.405570566730855120e+00	8.675449700521244978e-01	9.030763388883965570e-01	-1.722871902412678180e+00	1.736264795096936764e+00	-1.004890478583936542e+00	2.179606677108634649e+00
6.758838575905284918e-02	1.004873624468335169e+00	-5.610342506474308433e-02	1.501788821447072486e+00	-7.704608679525023485e-01	8.999123688424290890e-01	-1.929850374089761844e-01	1.991948092786639091e+00
6.989260101853476126e-01	-5.341987745050901237e-01	5.260865107856510514e-01	3.295212623728801526e-01	-2.146939590860231714e-02	2.239794109948527900e+00	-4.527236530737748232e-01	-2.549469261208665127e+00
-4.295497736771430319e-01	-1.147578759893093769e+00	2.054321397428958473e+00	-1.070721489404546700e+00	1.770300672459626412e+00	1.621515190587839106e+00	-1.537791830322250142e-01	-1.506729722381605185e+00
-8.950484205937636606e-01	-1.339954267748039163e-01	-1.179365767797641240e+00	-8.166787338078157488e-01	3.958217185155258333e-01	3.396706909631879157e+00	-4.768453421031813855e-02	2.721181175490978155e-01
-3.698167820993203403e-01	-1.106546392482683494e+00	1.432550452025197929e+00	-1.421908003506910045e+00	7.743504240161401819e-01	1.225109388552074741e+00	9.075444932554661559e-01	-2.040483351663996636e+00
-1.159603283577536281e+00	9.339513625759660043e-01	4.117057102101123967e+00	-4.854569684466901978e-03	2.950832667141976007e+00	-4.259320799945717217e-01	4.660995423345233868e-01	7.589770372639613460e-02
4.068913439315554048e-01	1.159410188173073175e+00	5.010507819846599986e+00	8.169299240636934689e-01	4.817980330198452510e-01	-1.749603445153829373e+00	3.346956921684398067e-01	-1.669723192720907468e-01
-1.153749467638484072e+00	1.135619128385570997e-01	2.980253161203226142e+00	1.517818277868064891e+00	2.769482421349418022e+00	-1.520845508003884516e+00	5.674588909493660793e-01	-6.578823563314469824e-01
-1.319448760510723018e+00	4.750064158745200826e-01	3.786962416139928678e+00	-1.731806086949171375e-01	2.553406479911043192e+00	-2.154015871943700811e-01	3.701839867334686951e-01	-2.326456835419624947e-01
-1.132860893521133949e+00	3.556244447190012314e-01	2.565179976482023338e+00	6.974710874687614082e-01	3.945607019059369502e+00	-6.886161478613085363e-01	7.965667134386136272e-01	-2.556702047698639069e-01
-1.237590623335960371e+00	-4.435130967375030542e-01	3.230341381634961095e+00	1.259720297497618491e+00	3.689339646779166593e+00	-1.151613613608600595e+00	5.684504068665809928e-01	1.164046778501128587e+00
2.263684412765641696e+00	-9.548298083154291849e-01	-8.251295094917240336e-01	-1.022038832197924352e+00	-1.082751357644628903e-01	2.253948363639049823e+00	1.907362621103664280e-02	2.723070547053580981e-01
-3.592187354564583823e-01	-1.719684652321610052e+00	2.110158348967179354e+00	-5.488668899166869730e-01	1.813717794047492005e+00	1.494890278139461515e+00	-1.288904044788186654e-01	-1.471851770347190946e+00
-1.493915220357989737e+00	-6.343016182069584064e-01	1.596298646822801592e-01	7.796862400479834254e-02	3.267967182003440052e-01	2.296225930360339618e+00	7.201292047963712140e-01	-2.484056248290029245e+00
3.828903410853266576e-01	1.361984101526191759e+00	5.185010730867067430e+00	5.446388658911526237e-01	2.138421811112031445e+00	-5.615336218945138347e-01	1.860519796350150190e-01	3.283771294272209706e-01
-6.439677872172894224e-01	-2.989165860107153572e-01	4.317972110167575650e+00	-1.714712571779840045e-01	2.876696480681236068e+00	-1.090908811272366163e+00	-7.089645442688172761e-01	-3.725673701959185125e-01
-7.868375870539933148e-01	-1.830398707771250022e+00	2.235989165433563297e+00	-5.878769587978899258e-01	1.844725979415756445e+00	1.365758768463445350e+00	2.280851946930431695e-01	-1.552740338675958620e+00
-1.618518503389503982e+00	3.580612014212889438e-01	4.352333972644760074e+00	1.350920711833616950e-02	1.976656099372645858e+00	-1.338473459029124457e-01	2.985384734168185505e-01	1.370140717470578418e+00
-4.142883854076683803e-01	-5.325503865085826627e-01	2.147919215443857777e+00	-8.322243956410902976e-01	1.545260031757409225e+00	9.681114975637088449e-01	1.543228515391122269e+00	-1.292798019801385756e+00
-1.322952561920325509e+00	-2.101738151957424361e-01	3.343278500765646810e-01	-4.796522871486417205e-01	-7.753751904997594480e-01	2.669378391887994084e+00	1.581197032787937662e+00	1.489992998907262223e+00
-9.066983605324645534e-01	-4.370915410273273349e-01	4.342669973341132250e-01	-5.587583652145695634e-01	-1.179131530169258202e+00	2.862194406554562143e+00	1.429639835497942268e+00	1.149765157701008844e+00
-1.071825002007459560e+00	4.846755389572472428e-01	3.430944613876581339e+00	3.280041794028346058e-02	3.428568770799601317e+00	-9.716762388251494187e-01	-1.191916536928794845e-01	-2.425673220865048052e-01
-3.168825084591751495e-01	-1.694225675756144023e+00	-4.048413008631789878e-01	-4.124648721797569140e-01	2.070750098390240712e+00	2.125512006427355161e+00	4.445425496129647436e-01	-2.053666568578772278e+00
-1.080086166329560671e+00	7.445839828175839781e-01	3.621735098005010922e+00	3.905307193117265596e-01	2.867422346725542859e+00	-1.529542003764303715e-01	5.980559967805845201e-01	-3.760734660226250359e-01
1.002153033030350193e-01	-1.317490916135485968e+00	3.118931149654224910e+00	-1.092040838762875721e+00	7.750688373068610471e-01	9.723793819001771421e-01	9.234786455597954191e-01	-1.650328184866299397e+00
-7.631280763122935129e-01	-6.623822511481155528e-01	1.132114750756624932e+00	-1.458810098400591670e-01	-8.610619903684382792e-02	1.718977488134451725e+00	-4.063711172386749206e-03	-2.435013739975340208e+00
-3.013309834957148770e+00	-8.728598752078513545e-01	-1.222837791124571083e-01	2.080706430097360171e-01	-8.775407674134214631e-01	1.993687002558417243e+00	5.274362518798205723e-01	1.099235222554564156e-01
-8.510519213367967462e-01	1.469299898638961321e-01	2.944944183647857816e+00	2.926822176280015064e-01	4.404225258492549422e+00	-7.695756241344448023e-01	6.437562389975715060e-01	2.371406358292413308e-01
-1.389139314273167836e+00	5.444568968784936347e-01	4.605257176712907352e+00	9.813609778368090342e-02	2.174366689586996859e+00	-6.278419875740810507e-01	1.044508690578996868e-01	1.201073503069070153e-01
-8.578187525138027958e-01	1.264310911236208756e+00	3.895652654902880818e-01	1.351936531655645313e+00	-1.143575437296898478e+00	1.668608042746746678e+00	-8.095333845548826623e-01	2.015621951695794056e+00
-1.618462815423270973e+00	-3.325358931721233979e-01	-2.539356477090584652e-01	-6.822933560573495315e-01	8.824986217467467586e-03	3.469253410337723942e+00	4.654848616915798210e-01	1.092412308538977417e+00
-7.624008387942836640e-01	9.292735191462663247e-01	4.644478658883159028e+00	-4.384228482597439802e-01	1.506045240272468222e+00	-6.438954871063792273e-01	9.831895919948518969e-01	1.626824752659105366e-01
-1.658319401403514748e+00	-4.601097125565563606e-01	-1.492760497786222718e-01	1.432528818597366582e+00	-1.243098838743533108e+00	2.683712440953319955e+00	-1.760516644351257376e-01	1.229956200808409061e+00
-1.342191009125734524e+00	3.297656285082439243e-01	5.872976739971892401e-01	-1.010226260010389510e+00	-4.503384893593310734e-01	1.844374040676712179e+00	9.018319060507298257e-01	1.679884825846518881e+00
-2.233432655941257838e+00	-1.437842281877848905e+00	-1.189126387684036751e-01	-5.697874621784618787e-01	2.626116249078382370e-01	2.835555329533183233e+00	3.347647588349053627e-01	6.273435010123084021e-01
-2.265945591217585486e-01	-1.603542658315190828e+00	2.618767255939891125e+00	-1.450823805260143873e+00	8.891286197531256263e-01	8.757136524913071707e-01	7.163372368672979995e-01	-1.426097670294792508e+00
-1.637099423074713567e+00	2.904278070620354146e-01	3.769964418611775336e+00	-1.634089034498396042e-01	2.870374592237017186e+00	-6.774108862313836799e-01	5.081010335314788406e-01	-1.557524654641990851e-02
2.083890922021723213e+00	-7.241167377549800888e-01	-1.170250463163411414e+00	-1.013638964991288471e+00	-2.621597109366734513e-01	2.650980779632662987e+00	4.821078411757034887e-02	3.964511083007178360e-01
-7.111808990523625917e-01	-1.139759148138970835e+00	3.092080685679432950e+00	2.960257283854674792e-01	1.621900275422018645e+00	1.633155381644183946e+00	1.212216187483508900e+00	-1.110316848363684938e+00
1.329521377392300696e+00	-9.878390474741878258e-01	-1.224205850449546107e+00	8.123657347682583518e-01	-5.603399906276612663e-01	2.349587053167623729e+00	-8.960982599033885387e-01	-8.160132014702231595e-01
1.194067683686296011e+00	-1.218769384894311081e+00	-1.411818809950845521e+00	1.468750463232748604e-03	8.267379100248487545e-01	3.145560160064334809e+00	-8.175347729171631439e-01	-1.953352576834242460e-01
-1.371335836651240925e+00	-2.991369891226640723e-02	3.916561383872647184e+00	9.750938433797661231e-01	1.752357006912682591e+00	-9.884586214108260771e-01	7.142142328259748485e-02	-1.135359703115906393e+00
-1.163161937384553646e+00	5.702744927500674743e-01	3.545564862312531762e+00	1.354536408518485502e-01	3.422795652053650883e+00	-6.033214818540478808e-01	1.463807408021176593e-01	1.252545570140073949e-01
-1.021094139451584892e+00	-1.013098502300839421e+00	2.729012712227102622e+00	-2.315885077101420275e-01	1.447820500212769979e+00	1.389507864585663111e+00	1.028661251923020492e+00	-1.138495408663807051e+00
1.202388729573692361e+00	-9.828840437801033003e-01	-1.637174966600114967e+00	-9.672045956335684203e-02	2.571568663335932481e-01	3.049384564810141640e+00	-7.671806257810901419e-01	-3.580097234223680869e-01
-1.243395123905886024e+00	3.535961204137350045e-01	2.777540378998453185e+00	1.875428032510090715e+00	2.583139435803150086e+00	-9.528661615239640836e-01	8.279914187214432175e-01	-5.896120886835709562e-01
-2.629081555850574792e-01	1.022159040540473907e+00	3.540205067943872574e+00	4.933399493008413517e-01	2.735271054480199027e+00	-1.413558469046353183e+00	1.467937869030047970e+00	4.179441140478649674e-01
-1.249945200353642871e+00	6.797889756437855424e-02	4.582735073985315211e+00	4.029307606950432996e-01	2.496715276666641170e+00	-3.862328556809490054e-01	4.873585059395715846e-01	1.371536022778252928e+00
-7.187636075917298861e-02	1.283234039162795437e+00	-2.876578264618837033e-01	7.938166527652872340e-01	9.107820478456494229e-01	1.986504812850783175e+00	-1.992424277664276711e-01	2.515400183273998724e+00
2.126475729257743197e+00	-9.911739480696397653e-01	-9.131381466815040593e-01	-7.054595347340214539e-01	-5.152535769182803316e-01	2.314751942009760199e+00	8.163093520766401268e-02	-4.316857432521730570e-02
-1.109864658455240516e+00	-1.773488946992343385e+00	7.027528045120929878e-01	-7.707807601362136607e-01	-6.469770776452565819e-01	1.107090696508763905e+00	9.560055708930341734e-01	-2.022756291590970257e+00
-4.447490668921322277e-01	-1.337943708111073882e+00	4.206380806118776294e-01	-7.272737580360051357e-01	1.087420533122413380e+00	2.335222374923690669e+00	3.032295472863550390e-01	-2.242532213026564136e+00
-1.057146387998769477e+00	-9.476841395064414808e-01	2.532693845540770816e+00	-2.532083609875953045e-01	-1.751653762816587356e-01	3.252559259168464889e-01	1.078289738198016101e+00	-1.845184486787058820e+00
-8.345488139164017882e-01	1.030976508203386821e+00	4.462763154385114284e+00	2.185680915924183843e-01	2.585845053950688754e+00	-3.529010497108915345e-01	3.646480586486225417e-01	2.807196235748652957e-01
-1.183016627186133762e+00	3.967161610877240618e-01	2.559638067076742463e+00	1.598718188353153380e+00	2.735725322219549227e+00	-9.125970347868326282e-01	7.438190578639536366e-01	-1.151103720328624735e+00
-6.890970402934506467e-01	-8.644763979910902174e-01	2.901519536675494226e+00	-4.990975291516238088e-01	1.352168231555809896e+00	1.005763074946090629e+00	1.898597265017045288e+00	-1.172129962818300841e+00
-2.855966392452207736e-01	-2.882058946397031973e-01	2.335562100005678321e+00	9.290705220295621958e-01	2.897717029979494097e+00	6.082217002452243726e-01	1.386213618196509900e+00	-1.037079100359283412e+00
-3.211506483317836391e-01	-1.803207174625959475e+00	6.978328844175328838e-01	-8.576606661889218941e-01	1.527926063615677732e+00	2.033647688673883902e+00	3.482548847230241829e-01	-2.241752592464412608e+00
1.843885776953851918e-02	3.500739072611863678e-01	4.480609774080014596e+00	5.327603258324395963e-01	3.188942147995957210e+00	-9.213867916425902416e-02	-1.436859367204135485e-01	1.761787805347754698e+00
-8.717527781235735462e-01	8.933260454454742261e-01	4.451317626671143834e+00	2.527374261303115821e-01	2.979421315057928510e+00	-6.285890645552302258e-01	1.042088895610108201e-01	2.011460491009501791e-02
-9.113340069459902049e-01	-9.132608063288965017e-01	2.060858260313975787e-01	-9.609965096159290843e-01	4.722929199351186824e-01	2.883024584285317715e+00	1.241543924449680647e-01	-1.545364845440614809e+00
-1.052763362439874673e+00	1.444423098742477540e+00	2.997532211397837099e+00	-5.419536931155525261e-01	2.037348146089732914e+00	-6.816308070176153588e-01	9.501038350658810305e-01	7.321404791205937679e-01
1.617497894933616731e+00	-1.325077247220514343e+00	-1.318986149025852317e+00	-3.027533812528147572e-01	4.649404034412277786e-01	3.034567836300991139e+00	-5.990904841771174105e-01	-2.947198606450312022e-02
-5.002899780299095989e-01	7.006792610964609480e-01	3.270504107623557921e+00	9.586535972433626318e-01	1.845411802711254934e+00	-1.828753196755203314e+00	1.334439513150027512e+00	-7.646909418257212820e-01
-4.895799509194310728e-01	-9.014394197051278645e-01	1.495130066496750398e+00	5.404394597188445504e-01	2.855827466893714917e+00	1.285567717316791203e+00	1.252434458927925265e+00	-1.379169471173356643e+00
1.161649940287581839e-01	-1.390986290879492993e+00	3.004236983526058058e+00	-9.583487458559243333e-01	1.569305715708831483e+00	8.323259640347009380e-01	1.276945735970089313e+00	-1.181559907897822281e+00
-8.536002851477397790e-01	-9.808305137914190563e-01	2.465453930319233322e+00	-8.770307953947650281e-01	1.549544253950686512e+00	1.724614381892213277e+00	3.229210673793339592e-01	-1.371759510823126638e+00
-5.224588317678288130e-01	-3.026134450849731206e-01	4.148713821955589687e+00	-7.970943989812392938e-02	1.358294132073442073e+00	2.524426135339880028e-01	1.761262771219674672e+00	-2.366126542629136131e-01
-9.342130676228592723e-01	-7.363321042502689595e-01	3.532590907382668899e-01	-6.641990610122070482e-01	1.388052337130500247e+00	1.829691027788624469e+00	-1.043998919570694600e-01	-1.403666686099651839e+00
7.251694044518024462e-01	-1.108909521911601193e+00	-1.349190756053100460e+00	9.698403023611917861e-01	-4.513483714061826135e-01	2.657419859477666790e+00	-6.941920157485688136e-01	-6.793083034659661568e-01
-3.843245911690674199e-01	-1.739638839448119700e+00	7.092113422928072453e-01	-1.224474404677866390e+00	1.051669216580682908e+00	2.798166205865901368e+00	-4.236788735576302312e-02	-1.884552467254946739e+00
-1.794702150483686864e+00	-1.444412405546817713e+00	-8.091787015854929876e-01	-1.504760539693822174e+00	3.158939338420884146e-01	2.704391840928095370e+00	-4.503247174888650450e-01	2.315298284628484193e-01
-1.185631920184367694e+00	-1.834901827125454243e+00	2.677165716597353029e+00	-2.360175659336629372e-01	6.673763594242931863e-01	8.774197851487099964e-01	1.871012900722005323e+00	-2.912692597375470260e-01
-1.566466029251429581e-01	-1.465769049171446348e+00	2.721478220288862993e+00	-1.873543464616867771e-01	1.768870134298915264e+00	1.356115211505460438e+00	2.831626329847737877e-01	-1.732281326982517689e+00
-1.266880923042870366e+00	1.349410034479092468e+00	3.206999744144737985e+00	-1.556160056390990531e-01	2.245164708138968734e+00	-4.158192406554661602e-01	-1.971386343056885648e-02	5.211259228024111012e-01
1.156043047097907062e+00	-8.464848614001012628e-01	1.448378275410082461e+00	-1.658009606126991775e+00	1.810092664297006937e-01	2.405534759949816248e+00	5.712198202228586652e-01	-1.887283813995583204e+00
-1.203271112694362932e+00	-1.655814283961661637e+00	3.785932630309352565e+00	5.976223552122358340e-01	1.633396624567571731e+00	6.015438598674672788e-01	6.942492537300244404e-01	8.493581652425336026e-02
-6.015077196587254038e-01	1.418408506994559559e+00	2.542787831416298272e-01	5.221170342905298023e-01	1.148375289946536315e-01	2.430648032608123899e+00	-8.169731565622256886e-01	2.531840996461214743e+00
1.585967883594264993e+00	-1.245893061668042368e+00	-1.267055468132162188e+00	-2.067040151800127457e-01	3.336862394221613570e-01	3.292085331435823825e+00	-5.098399590115673119e-01	-4.378103870939687448e-01
-1.075567539762923852e+00	7.330976373909907640e-01	4.585346932907478745e+00	6.725806100495992923e-02	2.387851009572208749e+00	-5.346421097502217501e-01	1.096890407171212112e-01	2.981897590949577626e-01
-1.900862418859317504e+00	7.663996837793752848e-01	1.696216838054222242e-01	-2.416234398748611789e-01	1.503282624460088035e-01	1.941321896305214345e+00	-4.015267564756058727e-01	2.071984226651590877e+00
-3.257421342871504866e-01	-2.100492425874215474e+00	1.845415051337500278e+00	1.130071726607707883e-01	2.797138168100470779e+00	5.607133789025477988e-01	9.730605727149659323e-01	-1.270192944100864585e+00
-9.735587412684583164e-01	1.298354925364846757e+00	3.912623792919225352e+00	-2.595183835901995195e-01	2.878859838451890418e+00	-1.806851277284785007e-02	3.806382999213838159e-01	-7.911422351399613473e-02
5.330420745075454825e-01	1.028208917946938250e+00	3.729035537002187262e+00	1.472543603046601257e+00	3.246414117711256875e+00	-9.308425320330089292e-01	2.657255553119914349e-01	1.583059219082960101e-01
-1.703025752377624880e+00	-2.154875778938051933e+00	-3.440773848036675076e-01	-1.609764560755913010e-01	-4.600242435611497371e-01	1.885163999238743449e+00	-4.470191680290482306e-01	-1.095788066536661054e+00
1.482284577600627484e+00	-8.349231896851389001e-01	-1.567081488966786784e+00	-3.313713929472535402e-01	6.527287497978030428e-01	2.808741191745451005e+00	-9.645249191753968443e-01	-1.095366979659403162e-01
1.174581150318473877e-01	-3.419622190536986128e-01	3.252475398957580310e+00	3.342617668741194592e-01	4.089887270807448516e+00	-1.689181255209985855e+00	-2.536020100396619292e-01	-2.490500873882442179e-01
-5.552718502799335321e-01	1.402823542933095524e+00	1.174340766727180574e+00	4.262909575008457796e-01	-2.227284908588931689e+00	1.133198409776994264e+00	-1.190320942849102392e-01	2.078843847227634267e+00
3.546623405764587900e-01	-2.010997669107467356e+00	-4.771944411113672457e-02	-8.520442560042449376e-01	2.512034067061491571e-02	3.248936193852540733e+00	-3.706686572898826859e-01	-6.575687185372581789e-01
-1.398689797327721696e+00	-7.487043544687858043e-01	4.860637717058962970e+00	-3.784612147722661302e-01	1.499284277172007629e+00	-1.346987228918092194e+00	8.644933835853929605e-01	8.525853718969548245e-01
-7.039911759985606476e-01	1.361284075921028736e+00	4.346751421224670509e-02	2.494825401067049808e-01	-4.060148379769187299e-01	2.535191818480626580e+00	-6.823059355120631997e-01	2.894482212640905772e+00
-1.363425037793589256e+00	5.249731025399795303e-01	3.518798851639913128e+00	1.236127975041051208e+00	1.725218733080106981e+00	-1.135446722563890232e+00	2.575243464918390290e-01	-6.534585648717139428e-01
-1.311177449047019605e+00	3.446448925787268802e-01	4.346260645008079848e+00	4.346521103979341660e-01	2.611992187522091058e+00	-7.139630627848125854e-01	1.949670492490743201e-01	3.140793203632952779e-01
-1.522495720270834463e+00	6.449958574625782592e-01	3.435555345366111624e+00	9.654886543747304151e-01	1.760282063483167292e+00	-9.157429210538166053e-01	-3.789825145022011899e-02	-9.926619872218384044e-01
-2.195317406447339525e+00	4.779447113977484118e-01	-5.146513369040437436e-01	-7.706220625047386363e-01	4.803206925070822031e-01	2.492443352771331888e+00	4.039966239582774565e-01	7.438690414171900134e-01
-5.638891876659998248e-01	-1.869979874997785840e+00	1.704606058319680262e+00	-5.030223783736655907e-01	2.073264664112535183e+00	1.292338957016029966e+00	4.966835169207761691e-02	-1.419290876259895251e+00
-1.004546673547304314e+00	-1.803249649227630202e+00	8.156282271427033326e-01	-1.384203217097349725e+00	-2.579929818805590247e-01	1.972487075895974495e+00	1.030344838118880002e+00	-3.991856388228868235e-01
1.991691915193697593e+00	-1.165905634847844041e+00	-1.009311233060056434e+00	4.076551305472465581e-01	4.733695847215115826e-01	3.087897794935500428e+00	-8.736086725092324645e-01	-6.149877419279804053e-02
-1.460937577619740413e+00	-1.206684709148480694e+00	2.902664514693858999e-02	-4.415833114669815429e-01	7.308902964788206447e-01	3.017798634011978898e+00	5.267552082386588452e-01	-4.979338177337310767e-01
-8.658100598793151415e-01	-9.555214707961854348e-01	1.286514730025982267e+00	-8.096415528824804086e-01	4.548294726052579673e-01	1.879626733318390475e+00	1.811837920668744939e+00	-1.034780861970023391e+00
-9.497804007944974369e-01	4.843435530900178643e-01	2.078219249489337839e-01	1.713816258836697637e+00	-1.275745454432633874e+00	2.574543728333448023e+00	-6.301844232856789185e-01	1.866458838313878932e+00
-2.425085291152329958e+00	-7.692139850510254506e-01	-4.767160947024072226e-01	3.052881784212572169e-01	-3.631386057800787825e-01	2.342785904735950719e+00	6.919018961368426091e-01	-8.494565847321665641e-01
-5.613741208622302636e-01	-9.943070512587578458e-01	1.618481626580474453e+00	-7.089305385551343264e-01	1.752736088620401977e+00	1.161503336650471674e+00	-1.397017608875965600e-01	-1.642976398002203631e+00
-2.232091431187066544e+00	-1.247312524540894252e+00	2.432248287970837364e-01	-2.383623106985622575e-01	6.332842695561606838e-01	2.122023487784283624e+00	1.058972538059549828e+00	1.407513804130395840e-01
-1.088800383038676323e+00	4.176671777149837395e-01	4.546252191399052123e+00	2.310001054122534925e-01	2.811908433719005007e+00	-7.582262050386665564e-01	8.028367150932319563e-02	-2.683954029142979550e-02
-7.385737166474772852e-01	1.576480497273080150e+00	1.065787644748473761e+00	8.392254708966914167e-01	-1.842098846705424009e+00	1.790248285385855453e+00	-6.028867207445051113e-01	1.987028243342115363e+00
1.543436168993931101e+00	-1.329574247789380159e+00	-1.264719419788033816e+00	-8.181503530526859636e-02	3.588257357474856080e-01	3.130235353695206335e+00	-6.596322308732494033e-01	-3.938967971295215253e-01
-2.893106558877441281e-01	-1.754914612955906339e+00	9.474975701006886908e-01	-5.601186017292159036e-02	6.920743066856513970e-01	-2.058071866309112985e-01	1.053084847150587811e+00	-2.032874359370528961e+00
-1.112414845797603746e+00	5.947507943578907996e-01	4.245764280831060056e+00	-1.049314145019257377e-01	3.068211019216657842e+00	-6.830862417663560171e-01	3.570962859821352198e-01	9.082403050729481730e-02
1.673544143629417946e-01	1.225364972769329208e+00	4.856472830068933710e+00	2.434106223578361983e-01	2.154883016180176192e+00	-1.763132464155244689e-02	-2.356110699807355269e-01	3.401706369234379079e-01
-3.114462444000464236e-01	9.536345618369531651e-01	-5.348832959810838616e-01	9.314145202716602734e-01	4.123281308442713344e-01	1.667709615837575932e+00	-2.982068443817562642e-01	2.775236176713556269e+00
7.635446904292899628e-01	-1.141150377321863418e+00	1.155073068249961699e+00	-5.979579136692073638e-01	5.587085232666666457e-01	2.751754479921624252e+00	-1.715246649719455729e-01	-2.102670450179914940e+00
-3.138156418012040261e-01	-1.324667519728600196e+00	-6.678064693198385582e-01	-7.880278793088149047e-01	3.237767259826150323e-01	3.385803386612098009e+00	-1.072228848008596858e+00	-3.368645395790319519e-01
-2.011755805637303496e+00	-9.095972440357087407e-01	-1.153883081320958182e+00	-7.972239199579266022e-02	-5.343430451559737504e-01	2.450028977515858131e+00	8.620838366100197492e-02	-9.336689971892614404e-01
1.374655716876554745e+00	-1.204009914256233493e+00	-1.328734434166162659e+00	-3.409525324940288482e-01	5.787989406565214878e-01	3.047706117214284305e+00	-4.324627618292014031e-01	-8.702006785657868948e-02
-2.776144095896934116e-01	-8.380415759915369467e-01	2.014230153381660227e+00	-4.239610844562693992e-01	-3.991365910656048954e-01	3.704784863993029198e-01	5.748194661912309211e-01	-2.017395889557926481e+00
-1.554270293803099445e+00	-1.989645899723783806e+00	8.435239478128222501e-01	-6.544430766772673103e-01	1.691028198415777561e+00	1.339116782561674324e+00	-4.476442477850204327e-01	2.306460106983512781e-01
-2.197229219484667873e+00	-1.226213024089173098e+00	-1.259213760378860902e+00	-8.875180205313715209e-01	2.148037897756705228e-01	2.992512220254273103e+00	2.205394638640098548e-01	-7.800169415324006983e-02
-1.087985884943473591e+00	-1.630871694614650202e+00	1.331745047593606346e+00	-6.491998417243510788e-02	5.608254156921940181e-01	1.081406317866643985e+00	-1.261461686218649236e-01	-2.399645775210612619e+00
-1.052523359913058343e+00	6.835780874648680339e-01	3.754363289984373075e+00	-6.512700327167711412e-02	3.239100260185749480e+00	-4.010236226139205495e-01	-9.564993755019650379e-02	-4.054354407996423743e-02
-8.748405412289743666e-01	-8.462607920375234127e-02	4.140090513363440472e+00	1.372401291182270000e-01	2.955939032399477195e+00	-3.846776110608136033e-03	1.514757305603581794e-01	-5.394909124633849584e-02
-2.070178748637106381e+00	-4.950429922825697049e-01	4.094026849124833278e-01	-8.740931012014903356e-02	-1.533049582868018845e+00	1.731067141806178045e+00	1.308549828149255356e+00	-1.176794461502809058e-01
-1.526188223306914171e+00	-1.355055000271188970e+00	-1.251339769434979043e+00	-1.216835412872586453e+00	8.829480520861641146e-01	1.678446896179546677e+00	1.353749311623624774e+00	5.765758943470803422e-01
-1.166413452376134252e+00	-1.130666602666498405e-01	4.101755268025261358e+00	3.071911431449398933e-01	2.892769960287543629e+00	-3.986719718972412396e-01	4.000127948893698604e-01	-1.901804740451579767e-01
1.905011468484202553e+00	-1.165093740497850971e+00	-8.848743701375819670e-01	-5.404961097042239038e-01	-7.191387445333925488e-01	2.566041371966623075e+00	2.722285574030099409e-01	-2.752724256224660104e-01
-1.284189761276346875e+00	-2.019738126517169441e+00	3.635443373115541665e-01	-1.143854754954253483e+00	1.606490575079873029e-01	1.245562823771648731e+00	9.894622285561949226e-01	-6.495896506901151224e-02
-8.378424893562166353e-01	-3.740481923431567268e-01	4.317697057572335240e+00	1.099237520817583968e+00	9.226409369884533973e-01	1.033807282052491838e-01	8.839043957133956297e-01	-1.432777519697740809e+00
-5.401033232624472546e-01	-1.113410161131977327e+00	5.536336264034651400e-01	3.215231953721745528e-01	2.104902746802959079e-01	1.665011589289496774e+00	-3.698179931665535602e-01	-2.083687550067716998e+00
-4.136556906478561779e-01	1.360466042670661402e+00	1.026367710342755535e+00	-5.556296037215360251e-01	-1.244207611522059054e+00	1.636335320982556185e+00	-7.117365673718142535e-03	2.600791038174818937e+00
-6.847972416007996888e-01	-4.552563547126394217e-01	4.852405850460480785e+00	-3.425276465293204398e-01	1.908233876319217037e+00	-1.062784370925884403e+00	1.043229176282467918e+00	1.263421182921467434e+00
-9.430569071678738258e-01	-6.152555259317601943e-02	3.944252938886031679e+00	4.092287992359802673e-02	2.975229409916186007e+00	2.548232748323026042e-02	5.187305135934194844e-01	-3.616266693399045051e-01
-6.657581282729566619e-01	6.016778365090288405e-01	4.585580677385562964e+00	-2.711652760191847200e-01	2.023385420085889397e+00	-8.685940567283788605e-01	1.263524611658677577e+00	-1.306525360467232777e-01
-9.092327528474155596e-01	-1.455534492666258339e+00	1.660798641556747279e+00	-4.337689929969278935e-01	-1.068985737537098801e+00	1.622342710882672012e+00	1.206632777248785260e+00	-1.921810228302489598e+00
-1.455469530138391310e+00	6.119172979925253664e-01	3.697511843059763770e+00	1.112439402032173952e+00	1.881820815919223344e+00	-1.056853391062061220e+00	2.604508813575878712e-03	-7.453650024097351334e-01
-9.089049806472965232e-01	9.716062916812041594e-01	4.189057233608537878e+00	7.426295032610108482e-01	3.120178621975039590e+00	-5.338575243949714721e-01	1.582992926438225867e-02	-5.723259705097327732e-01
-1.002854615279577200e+00	5.290193503575720824e-01	3.822872194735743356e+00	4.424798876506670364e-01	3.519204043474213339e+00	-2.666302287457253395e-01	-6.026223274727187523e-02	-1.379272090927909644e-01
-2.028351505621800666e+00	8.184054984806629629e-02	5.018688408589044858e-02	-1.347179548681930683e+00	-2.649118384338297050e-01	1.545983843235904764e+00	7.606478880343390259e-01	1.185190238447786371e+00
-1.195077912800891928e+00	5.418803594686921743e-01	3.868196465896538871e+00	3.820408039992007065e-02	3.223625810581569606e+00	-4.813084422668747475e-01	2.170229682877394817e-01	-1.100706186031453898e-01
-9.206306311099607953e-01	-6.985457347347233670e-01	2.105763081660859015e+00	-1.769858416289318281e-01	1.786352825792480781e+00	1.176065389522691351e+00	1.294822074183155092e-02	-8.186742150775682125e-01
-4.367414880480406936e-01	-1.407284986395193949e+00	1.111247196363131406e+00	-1.427567844069331571e+00	5.934125023844161184e-01	1.573992249191696446e+00	1.107830708570880285e+00	-2.080386291867958093e+00
-6.047682309420400193e-01	-6.297080689611107562e-01	4.163484895982949574e+00	8.626630739115478397e-01	1.891658358691981956e+00	-2.147250073818640193e+00	-7.059582258244737618e-01	-4.398999454726270075e-01
-1.165165250359160520e+00	-1.119497611668949011e+00	6.044137689958122284e-01	-4.843025990716390283e-01	1.314793395799769948e+00	1.406661267848837271e+00	-3.886509496075308823e-01	-1.067773831477757840e+00
-9.092420776258322013e-01	4.569333812574142284e-01	4.135534834699886808e+00	4.321004688425565954e-01	3.202336390084368212e+00	-7.729110357192883196e-01	2.692422065252851326e-01	-2.043816764549155340e-01
1.971849692506919549e+00	-9.411088010675280335e-01	-9.774697185305166736e-01	-7.564723975477360973e-01	-4.034993228525135534e-01	2.394871869745375470e+00	2.006472961118295206e-01	2.100703145493381663e-01
6.804358042783469340e-01	1.283119968822654666e+00	4.969620163155520132e+00	-1.616391820324204406e-03	1.860796956106161026e+00	-7.067393798659040716e-01	8.429043686009736192e-01	6.505798257068539092e-01
-1.015682116453766159e+00	6.928029958679345901e-01	4.239896050639485381e+00	1.396610399706899319e-01	2.884322787571849567e+00	-8.387930977194901772e-01	-4.993449597440957621e-02	9.587789394800157183e-03
-8.697196126293998963e-01	6.376799371193480059e-01	2.692322467374730355e+00	5.174253074663418550e-01	3.841071668493563518e+00	-8.572480192782588881e-01	7.761816765784375072e-01	1.481233167098508774e-01
-1.437665082461945465e+00	-2.019491483529637088e-01	6.117389571350735356e-01	5.889601682864912258e-01	-5.634945659133118179e-01	2.495484311067599492e+00	-1.865633187703839568e-01	1.920600239733682102e+00
-1.445600968762728256e+00	-3.916638563045576338e-01	4.703629256054164820e+00	6.536596579464473145e-01	7.402288665030504200e-02	-1.686314654560290061e+00	7.821964838979391654e-01	5.016031310373532115e-01
2.225543995576277023e+00	-1.295262738675828640e+00	-8.646724431036552083e-01	-2.210325487495740648e-01	4.604610159507998013e-01	3.432718434599494550e+00	-3.894057914942761767e-01	7.288323914461389275e-02
-3.561599033262738967e-01	2.792267501142550734e-01	4.971706011483029153e-02	-3.009324724037099053e-01	1.019356349351689672e-01	2.209073187524245974e+00	-1.729762167083566782e+00	3.037983133978653605e+00
-8.747942102624859384e-01	-1.577507307888095095e-02	1.021018997607658019e+00	-3.877274910099958172e-01	-1.213454966973206872e+00	2.198539710250412504e+00	9.951056234357820163e-01	2.536885153944381965e+00
-1.228550289752106339e+00	-5.271784681853913801e-02	-8.755406422626220708e-01	-5.421679763151023845e-01	4.298731036228165547e-01	1.299549578806814321e+00	1.253780246038287638e+00	1.887637279882766528e+00
-1.074740873268274610e+00	5.008817409350649896e-01	4.306384320558699130e+00	-6.028586120926952147e-02	3.147157322315004002e+00	-8.922390666532612480e-01	-1.706125568004749141e-02	1.546508460511303307e-01
1.526663614013198611e+00	-7.750229358768900845e-01	-1.446778997417359047e+00	1.584445682404100608e-01	2.374456837843019752e-02	2.784917136432802920e+00	-8.165357377292251639e-01	-4.124694410627732788e-01
-7.823787418665717475e-01	-1.350971474995352972e+00	1.600536691206301709e+00	-7.389632362632131413e-01	1.864446184199691103e+00	1.770972373726704463e+00	5.312796321962742763e-03	-1.770850865580181344e+00
4.551859319551060934e-01	5.892170068299967811e-01	6.040208589392187521e-01	9.669052021347682713e-01	-1.391634948573144737e+00	8.860970041932577645e-01	-1.198889255899439954e+00	1.870411679370688640e+00
-3.482332980140198653e-02	1.491726822088570992e-02	1.211051538936929406e+00	-7.070050415494422147e-01	-8.885088727571280875e-01	2.194464769496526024e+00	5.512172836712949664e-01	2.562404074413242583e+00
-2.410560995336870072e+00	-6.958280802557014200e-01	-5.954086628175560003e-01	-4.058395164708162306e-01	-6.776238362896686018e-02	3.121033574131941712e+00	5.819501275713727662e-01	5.453657556076252355e-01
-1.076774807036283255e+00	-9.671175377039971099e-01	2.256665732950581482e+00	-5.154227182233928062e-01	2.134022788412464511e+00	1.489974928439856017e+00	3.867305238217467189e-01	-9.902897962584776836e-01
-7.452046995396089946e-01	2.931680501813541673e-01	4.658509422805313882e+00	3.321261879798513839e-01	2.999645485583859461e+00	-5.845588137872481660e-01	2.125983827533513004e-01	8.488946037256930865e-02
-2.121544548801754360e+00	-8.739007097099712462e-01	-4.630173560751500716e-02	-2.584379910594178931e-01	3.430002232776360738e-01	3.007480724932863225e+00	6.945935810096925955e-01	3.756061273549659574e-01
-2.032766836504587893e+00	-9.131585661174280721e-01	1.347335731301482487e-01	-3.325147909207945007e-01	7.915596372600373076e-01	2.865927813203969166e+00	1.171732273113375244e+00	-9.396270733429265554e-02
-2.058904478541625505e+00	-7.308059944787840267e-01	-4.899987111841880849e-01	-4.179636757273567094e-01	4.178504934864189502e-01	3.200074882296955359e+00	5.204667499386317342e-01	6.546497339799612902e-01
-8.553778769149289474e-02	-1.277181866614700789e+00	1.649391316745823399e+00	-1.404736546635491745e+00	8.587624396243782599e-01	1.301841797721278393e+00	9.598349438457991489e-01	-1.789803604888620336e+00
-1.867338308944469727e+00	-8.012941883175130897e-01	1.024796041666875546e-02	-1.783500033073109892e-01	1.087122968630136688e+00	2.729790221135789174e+00	1.854978215947589160e-02	1.146841743120262436e+00
-2.828340218945898932e-01	1.462475618136270139e+00	9.285074933133861119e-01	-2.686090340712757318e-01	-1.091683155712016795e+00	1.543627852641499265e+00	1.950700184037382767e-01	2.490740748774543878e+00
-1.018126465255488666e+00	-4.343559691378974241e-01	1.792910034450459156e+00	-5.091974705607322793e-01	7.402356895005604009e-01	1.776322067001373517e+00	2.085456694006786904e+00	-1.230885643421582021e+00
-1.164829154263099964e+00	5.323257392101691243e-01	4.055546378399125018e+00	2.339906631294236539e-01	2.960519467635503776e+00	-6.561457946113782302e-01	3.965847268071359122e-01	1.119373711948476596e-01
-9.998291203065942101e-01	-2.975467687296427521e-01	4.226856438309125608e+00	1.627056903288142398e-01	3.269314881427509256e+00	-6.305845917381145416e-01	-3.347995391311309743e-01	1.541395807867664169e+00
-1.510845160874880078e+00	-9.902902388551275692e-01	-7.607427085675313450e-01	-2.780734926921257233e-01	-2.518928602852910439e-02	2.016224801308068137e+00	-2.332678567524370528e-01	-1.592473236528157310e+00
2.674661191027699614e-02	8.380489579691591251e-01	3.329123654383811637e+00	2.330962213896832225e+00	2.332372370576643039e+00	-1.026971711368017015e+00	1.301498552930950847e-01	-2.340917030980290414e-01
-4.971739764857793786e-01	-7.325599495582200138e-01	9.162795657367808211e-01	-1.089647815643251638e+00	2.434951362576311062e+00	1.862836010381341278e-02	1.034792800638390631e+00	-1.086018859487159371e+00
-1.549264010187088036e+00	-1.353397552421101269e+00	3.496872405507617243e-02	-7.599310920771631395e-01	9.650673812778525207e-01	2.672752817241057954e+00	4.541807992993249221e-01	-7.499761446712162050e-01
1.313627086980892811e+00	-1.117070064834259746e+00	-1.441425956697112154e+00	-4.089134704560887928e-02	4.239451685665939218e-01	2.992732257863840672e+00	-7.110739206322878037e-01	-3.580469407923955738e-01
-1.349604921349894848e+00	1.117086593002479145e+00	-4.403470592998365296e-02	-3.764205174028634193e-01	4.200040509911792119e-01	2.922468677886308264e+00	-1.810373978557665575e-01	1.429747420259454893e+00
-1.674279039934228885e+00	8.155563071526661378e-01	3.183420810453301719e+00	-1.766102850219434250e-01	2.777046860537439876e+00	-4.739065440469710233e-01	-1.584944309468071522e-01	9.288068610532822511e-01
2.039057451209430383e+00	-1.240708894585911715e+00	-7.999540049308262457e-01	-8.675073326175127830e-01	-2.984419943638637607e-01	2.685749489447577965e+00	3.030717519143998895e-01	-1.869930414587861467e-01
-7.187269230080621796e-01	4.072659252377636152e-01	3.891181443110800942e+00	-4.794922243179616794e-01	2.264436676101694967e+00	-1.115093118050589194e+00	1.101126871629316772e+00	1.438304318206339374e-02
-1.766293656261787914e+00	-2.035896621479171387e+00	-4.492404094341863607e-01	-6.396373203592982115e-01	5.027348225668265558e-02	2.880798083709803059e+00	-1.231860851953316405e-01	1.018210946676080697e+00
-9.995942567733323569e-01	-3.491407732029031541e-01	-5.645501278938026557e-01	-1.346831690616548949e-01	1.031112272386910944e-01	2.529365361654516420e+00	2.009683220789420410e+00	8.431174550475444285e-01
-3.587478700076013327e-01	-4.705642822492063226e-01	2.887770195888488267e+00	2.833706772382548200e-01	2.398908599066933434e+00	-4.387099230306386322e-02	2.170622243533692597e+00	-4.001372458221718054e-01
-9.950202545027611034e-01	3.746077289823901424e-01	3.331628540637476821e-02	1.436028100658740980e+00	-1.687129357523079021e+00	2.871087690396056935e+00	-3.531974018497514578e-01	1.790933878617525066e+00
-8.508789226500320657e-01	2.543402759168808536e-02	4.512342605517832617e+00	2.157844689326056387e-01	2.932208218711217285e+00	-3.633077765914582424e-01	2.053952223292175305e-01	-7.509927119205017654e-02
-9.551330602797158953e-01	-1.158752398948367235e+00	2.001005723119804180e-01	-8.084938024961293435e-01	-1.287328690804367959e+00	1.554460506763496008e+00	4.613023938034496729e-01	-1.469586717050643365e+00
2.014765378109654836e+00	-7.897984123480416008e-01	-9.896091965452183947e-01	-8.810613197017281850e-01	-3.379122384395137346e-01	2.400271274412510536e+00	1.093688327604694366e-01	1.196553740575094366e-01
-3.467862306048422050e-01	1.705197483907714862e+00	9.064554161487106132e-01	-3.118187160963481475e-01	-8.568593447024422938e-01	1.804821118023750115e+00	3.576040454063881824e-01	2.578002146080851098e+00
-7.010132942675656453e-01	1.459809963028142699e+00	3.227623339465982011e-01	2.674981210031944778e-01	-2.253423771055234129e-02	2.337280144747972521e+00	-6.826835175388219490e-01	2.637758024464102125e+00
-8.144378846405627703e-01	1.916421391248038786e-01	9.247919002352535944e-01	-1.052561367499367462e+00	-9.095625369508852920e-01	2.864286029154712310e+00	1.026813262466895305e+00	1.378127261958943528e+00
2.768476139874107012e-01	-6.679260740015610098e-01	2.383373411924559981e+00	4.692804262348879707e-01	-1.254888142456062616e-01	1.645475986595401618e+00	-7.648537438690919954e-01	-2.146626768220658121e+00
6.076387429793572714e-01	-9.134665189472918057e-01	2.122124669417575049e+00	-5.848374472155122294e-01	7.978965834240928645e-01	2.733696063452963898e+00	-2.595353036265141133e-01	-1.515165704096119281e+00
-4.227648345282412207e-02	-1.323446722781387530e+00	2.658793284133488255e-01	-3.927898176792424256e-01	2.481220643016427641e+00	1.400933622873893114e+00	5.666360643974475142e-01	-1.674504884037573804e+00
-7.064166576795087860e-01	-1.129915090570002167e+00	-6.549339366378783556e-01	-1.106787589147558482e+00	1.002637187797118079e+00	1.691127668200102629e+00	1.307835215517058502e+00	-1.226840234065600832e+00
-6.355663256917400972e-01	5.311438556081133910e-01	4.161237697468014751e+00	3.670953675583074616e-02	2.752952539010430577e+00	-3.484128469821882179e-01	2.297476846653851434e-01	-6.698726643994384888e-01
-6.310960019728093506e-01	1.106910936147769142e+00	-3.679491244126186777e-01	1.902202021592816150e+00	-2.487792074521393004e-01	1.398165951506798566e+00	-3.932852547585148906e-01	2.006219083559888094e+00
-1.553736476047404169e+00	-1.651442707702314161e+00	3.136696554882680288e-01	-1.750428651973036764e+00	7.349072277980212009e-02	1.494522409330343304e+00	6.424383291342212754e-01	7.347634501081092839e-01
-1.143016237470904528e+00	-7.272050515971648643e-01	3.715577653189192198e+00	1.460516738576406182e+00	1.409486943194875108e+00	3.467110324470822347e-01	5.053386849702741213e-01	-1.373910691333268375e+00
-1.687664571847116435e-01	-2.475468974194805494e+00	2.639191768832679141e+00	-3.444105241106490967e-01	2.250947391363766759e+00	-7.421069889760785188e-01	1.225899461936021506e+00	-4.927213378486894335e-02
-4.935165144938978288e-01	3.564491395916465910e-01	7.329104295261059665e-01	6.618062457112907637e-01	-1.665263881043733685e+00	1.212174698460319444e+00	-1.717859000654167856e+00	2.022424519530649611e+00
-1.118995757331887830e+00	-1.145931299336351517e+00	-1.000107621011684822e+00	-3.096176030432139514e-01	-1.809542860116122975e+00	2.703138356194181746e+00	-5.002866664344506331e-01	-1.128587669090733020e-01
-2.382632879004964899e+00	-1.138561426697956680e+00	-2.082733930374338627e-01	-3.868918678324051452e-01	8.810640724539748891e-01	2.605878409420212982e+00	5.595494608566515815e-01	9.943758628336586414e-01
5.872316666967882792e-01	-1.460398760783467198e+00	-1.051639451892941945e+00	-5.569225229159363577e-01	-1.797589775821448466e-01	3.453050654692765953e+00	-6.224047931946268264e-01	-1.254764397599817949e-01
-7.193062716888912744e-01	-2.045597663827794843e+00	3.013985378588039499e+00	6.967064717987694333e-01	5.322046714323518390e-01	5.974502054809815998e-01	9.177359711187677016e-02	-1.602734737672286025e+00
-1.197733384610109919e+00	-1.057163108472861435e+00	3.828325826710318402e+00	-4.399540665431603825e-01	3.059213276904876988e+00	-1.064448977043954470e+00	-4.712313535218149996e-01	-3.789223678976422899e-02
-2.308214340065572578e+00	-8.404666832912565111e-01	-2.778392656423149254e-01	-6.117744769168685925e-01	5.423227438569111492e-01	2.665667807182041216e+00	4.459341411094501217e-01	8.039502497062508413e-01
-1.726609625412132420e-01	9.116666052518894725e-01	7.649166844585690850e-01	-5.019589474027736919e-01	-1.109181767455175383e+00	2.231530849028938945e+00	3.301774075345347836e-01	2.975107312755659983e+00
-1.145206507079491898e+00	2.024340160242364961e-01	2.594311213829538776e+00	-5.045041766919536874e-01	5.193166669823319204e-01	1.333008993146010512e+00	1.587300654658984067e+00	-2.826196822237518891e-01
-6.817571155723819443e-01	9.732407759792636170e-01	4.824796114449943829e+00	-6.958202799956094697e-01	1.713295098831417729e+00	-8.581625869504591053e-01	6.492820527168061684e-01	2.536257222314891591e-01
-1.161876384087375813e+00	6.809039365634935725e-01	4.368504284055175546e+00	3.892734734362268689e-01	2.653592585788747460e+00	-5.256135921221958274e-01	-1.227958829228796706e-01	-1.459755762227173820e-02
1.164922114130592545e+00	-1.228154683483513532e+00	-1.078714070456601837e+00	1.003951349004346794e+00	-6.010539162116592671e-01	2.248902225027828106e+00	-7.041372674691971367e-01	-5.888999202119243881e-01
1.992159699944589413e+00	-7.710310164584417425e-01	-1.101993764382718233e+00	-9.657742753407833058e-01	-2.623525562524115506e-01	2.490163363614219527e+00	9.534258135931811262e-02	1.732604009880829854e-01
-1.148519187212503567e+00	3.009704252280862025e-02	3.715596368504420766e-01	5.005961864794626903e-01	-7.324852428969054197e-01	2.968370115163942558e+00	-4.395830990330322208e-01	2.027080288763020377e+00
4.543982742438333333e-01	7.834651888497502492e-01	-1.061824013648835913e-01	1.015135197111060927e+00	-1.919174220406905107e-01	9.904190935824208619e-01	-2.893728902990422847e-01	2.144723807912113145e+00
-9.876091757294361839e-01	9.780103808275836252e-01	7.545957447297246823e-01	8.121995525759607704e-01	-1.767250381956174676e+00	1.334434106547311760e+00	-8.426178311101820695e-01	2.078058229705083360e+00
-2.144616610638919063e+00	-8.629320867861595135e-01	-1.101629514514544050e+00	9.633887188106841082e-01	1.992567204975893291e-01	1.963239040420875936e+00	9.748283213198696284e-01	-2.690104981757122649e-01
-4.402679628324347449e-01	-4.532594323376288314e-01	-8.581237538062361780e-01	5.342637748197287539e-01	6.279722174648092459e-01	3.312243667183722984e+00	7.436068774655086866e-01	1.576041219795139448e+00
-2.666554471742881849e-01	6.748651561666372256e-01	-2.685030700876901988e-01	-1.228053845408207806e-01	2.225274265501819282e-01	1.308160804299256297e+00	1.045519553885652986e+00	2.413808611599748133e+00
-1.152153150862226250e+00	7.730168886091899338e-01	-1.041949040180490282e+00	4.654167869174771210e-01	9.095370438539984725e-01	2.358107572094500171e+00	4.117647233010713337e-01	1.665126916146319580e+00
-1.304568154261476431e+00	8.010719526642873234e-01	4.258668897939164921e+00	1.012220356414238465e+00	1.392218313938240914e+00	-1.132956211640203215e+00	-1.615821327430188303e-01	-5.880703974400240952e-01
-1.302200212771806420e+00	8.891760467801774759e-01	4.380448016120984001e+00	3.050149612521299014e-01	8.454758998594515962e-01	-1.536225486630536041e+00	7.939035530370173177e-01	-5.013871921387742514e-01
-1.264707652215342426e+00	1.246454407538500009e+00	4.299540281108842343e+00	1.261712192894137052e+00	1.232841264959750216e+00	-1.110019583544733068e+00	-4.255179155853367479e-01	-1.549987040208519740e-01
-1.217880099982111775e+00	-1.873577823888320948e+00	8.736596682345945108e-01	-1.608250330522854377e+00	-1.496708433500333335e-01	2.212708159159732180e+00	1.027964413854683290e+00	-5.016394676247705187e-01
1.701237941568808587e+00	-1.069455792162676833e+00	-1.058414184272703729e+00	-8.307291006729833338e-01	-3.817400695660006504e-01	2.352415082036720673e+00	2.187301325844008826e-01	5.064034249902689411e-02
-9.482963985457926182e-01	1.100342233600509756e+00	4.044909765324522510e+00	-6.140462456816587755e-01	2.201154406293215349e+00	-7.431999325867082451e-01	1.147946974003454024e+00	9.602885323454189714e-02
1.672988093339251581e+00	-1.048784749587252874e+00	1.707139763990731751e+00	2.521467024908299326e-01	2.298208972099237357e+00	1.546672287261709133e+00	6.672803233532320633e-01	-1.355114340480980673e+00
-2.268088332458995993e+00	-8.403487356043153333e-01	-4.528542015037033130e-01	-5.835966163753943947e-01	1.009748054588860411e-01	2.750767774665992427e+00	6.957852249727669580e-01	5.375255224859213365e-01
-6.293375248414749823e-01	7.021926897129427969e-01	4.700212166654325507e+00	-1.387728313861302520e-01	2.718693439235675413e+00	-6.221358633105382729e-01	-1.983711083274467268e-01	-9.949177595632978377e-02
1.433265415722593694e+00	-1.070647555361313508e+00	-1.228074875183361669e+00	9.342849043754571925e-01	-7.813772721351843753e-01	2.638631465238626461e+00	-7.880292147858388718e-01	-5.593479003095721547e-01
-3.187929217433932982e-01	2.871971052851959305e-01	1.695560099020056721e-01	-3.114826385683951981e-01	-1.695522798475736503e-01	1.783564139625349876e+00	-1.556309572030401656e+00	2.965209867376748853e+00
1.130723756809728808e+00	-9.166525087749279876e-01	-1.449953616010344337e+00	-2.625630494689772942e-01	7.482324138346987397e-01	3.347165245788390031e+00	-4.186156449349187070e-01	-4.222891349301792496e-02
1.280718766935585951e+00	-8.609548420487916909e-01	-1.491910218344385086e+00	-5.261600416838332211e-02	8.605632576348314355e-01	3.188854635697035533e+00	-7.999432488011989362e-01	7.017021338818664467e-02
-4.812816887551054634e-01	5.909376069314520308e-01	4.446988378128485131e+00	-5.635272283279968430e-01	1.836347237568917157e+00	-4.716579897993122827e-01	1.066593268458428945e+00	4.872664327164556719e-02
-9.287655216341779152e-01	1.339387522113643980e+00	6.399441361637574488e-01	1.125088319891672350e+00	-1.419285949156316562e+00	1.753767885812734795e+00	-9.885825760825527331e-01	2.113772238597959596e+00
-2.145301413282707237e-01	-9.724648336883366939e-01	-2.930766971154806777e-01	-1.128639910049354267e+00	-2.685995683805700862e-01	3.354173985865816832e+00	-5.318202842344884607e-01	-1.159067831372860985e-01
1.409867613675603648e+00	-8.196174756668516137e-01	3.285320312370080043e+00	-9.197185835353552941e-01	-1.519456223720699051e-01	1.304431105253625045e+00	3.963890104693867378e-01	-1.216360145026745609e+00
2.135228095261175518e+00	-9.340061693636193541e-01	-9.138082578400852363e-01	-9.450199109442032341e-01	-1.969214437517663174e-01	2.223359160464450035e+00	5.553185879534916491e-02	3.067848729238198957e-01
-1.078859869628901569e+00	9.953258455803628557e-01	5.900806453171733024e-01	1.006221079808572672e+00	-1.513619859313036553e+00	1.753695066200947617e+00	-1.082989176430584122e+00	1.984480813883401584e+00
5.202455983011350371e-02	1.603888133826601559e+00	4.130824553640470853e+00	6.467571705172522334e-01	2.454245287160580880e+00	-3.345707902060119920e-01	-4.745088916092446985e-01	2.286821281604754785e-01
-4.840723931547621373e-01	-1.753149267345062823e+00	1.853867011582359225e+00	2.984394985342446738e-01	4.231012026975748963e-01	9.227525406976819777e-01	-2.211800939803011332e-02	-2.235632237052932236e+00
-1.418144432805175770e+00	2.482443294623626340e-01	3.018094180497967738e+00	1.681810529850458424e+00	2.757580182500348087e+00	-1.452383707036531524e+00	8.029359419504664697e-01	-4.454422584857926082e-01
1.149035985836764251e+00	-1.137548382790354529e+00	-1.566423866199267323e+00	-1.141268981520509596e-01	6.313668851957531247e-01	2.945547863903891894e+00	-8.903865239049580937e-01	-4.232022039902313959e-01
-8.544099781704659335e-01	9.412435534534312476e-01	3.749665583887632270e+00	2.477876213715530518e-01	3.178799900544476031e+00	-3.810779200774685460e-01	4.858827339215063268e-01	-1.413127127264907634e-01
-1.043032617952683205e+00	5.769084826262114163e-01	4.227138609627858479e+00	2.065011257617344331e-01	2.737908535623435835e+00	-6.444988150129465909e-01	1.789681681060058538e-01	-2.058564293565594561e-01
-7.588444825389213388e-01	-1.382122209724168327e+00	2.115219313880130902e-01	9.484030506742789912e-01	1.675623589880647968e+00	8.015810547893890137e-01	9.616562029921688071e-02	-2.106363018142068277e+00
-1.048722707581394076e+00	5.767770959198974534e-01	4.568951206846003643e+00	6.588589864926969186e-01	9.711946383234961733e-01	-1.678023012784095824e+00	1.065982601919880146e+00	-4.735494248370057946e-01
-1.875149856665254966e-01	1.961642348509698985e+00	3.692477309861763590e+00	5.998515411058691349e-01	1.778526032085526509e+00	3.281435302712896185e-01	-4.705765203449904094e-02	-2.940166499993228655e-01
-3.936034238310486821e-01	2.887679157128063556e-01	3.262340675910297083e+00	8.468139513235852789e-01	4.031028037911229767e+00	-1.061176358065618164e+00	4.755884775401114095e-01	2.492100134092410310e-02
-7.996492519692771639e-01	-6.124893112037178566e-01	9.554954654197589381e-01	-8.422942144189744518e-01	1.006075654175760503e+00	2.656394374059899199e+00	1.020382866263115140e+00	-1.613987245522702230e+00
-8.903985073920719362e-01	1.370097179472558935e+00	3.117931796702174130e-01	1.459352756821003405e+00	-1.008399765892373345e+00	1.747182528739940510e+00	-6.330794825076393462e-01	1.972972325394415360e+00
-8.805026537164996059e-01	-3.095938378985656492e-01	4.252093299074719113e+00	-2.339839582207573210e-01	3.083641167301039765e+00	-1.352728587376345715e+00	-8.875263773380979160e-01	1.150785832005338655e-01
1.749456401052452037e+00	-8.990202065768702067e-01	-9.521843587945092446e-01	-1.140412582788965734e+00	1.488754351108044494e-01	2.570088842921427918e+00	3.353651734877878821e-01	4.604678576246852284e-01
-8.012889830103417932e-01	8.570893716003560314e-01	4.570445241246124723e+00	4.751748591415755341e-01	7.581958346729884557e-01	-1.502381016022595883e+00	7.886435355507279699e-01	-5.368714831103982288e-01
-1.074208955637146135e+00	8.228200424038366600e-01	4.026843736989210498e+00	-5.336290766918528883e-01	2.501994556383568380e+00	-1.038910058545803983e+00	1.145356709095491254e+00	4.122210435418380836e-01
9.945514882310768634e-01	4.326549605075511451e-01	-7.038182604319449809e-02	7.812237697704474959e-01	-2.573056366471862533e-01	8.020924535408906486e-01	-6.851852117066669079e-01	2.241592492773328615e+00
-1.570536179237509655e+00	1.450185070040751256e+00	2.919017261243617156e+00	3.134519809539607071e-02	3.002798863173316679e+00	-3.425403091632182040e-01	-1.285097767222989976e-02	8.102970229363347654e-01
1.786229430358593717e+00	-1.014423832921069524e+00	-9.883723856334359903e-01	-9.684873043961470529e-01	-1.981055277672672810e-01	2.500079658265896398e+00	2.556545295489303649e-01	-4.909810770347381934e-03
-1.549025494345964260e+00	-1.607934276339460400e+00	-2.746465381508542691e-01	-1.311262124485411462e+00	1.170711917606366281e+00	2.754289443058184794e+00	-8.014734527215860993e-02	-5.199057507723537919e-01
1.811245420232586056e+00	-1.182919824786490715e+00	-1.181299475309246727e+00	-4.352028129341851681e-01	9.068984557586574624e-01	3.350489130516526970e+00	-5.638656989758250582e-01	8.790551390761884576e-02
-2.680213204670127691e-01	6.824758697355063353e-01	4.916200891532507278e+00	-4.813594670631011208e-01	1.918607751826763463e+00	-1.148797988613584176e+00	7.483431163958951249e-01	1.812469942639846621e-01
-3.258092514966607900e-01	-7.328157584535913704e-01	1.263358711016040914e+00	5.925643154986784955e-01	2.819188010066246530e+00	1.331229318373108761e+00	9.519038922444864603e-01	-1.353321931731030103e+00
1.907455666076259160e+00	-8.126949700834196211e-01	-1.377351231511445340e+00	-3.003283891841939668e-01	7.319868719022336601e-01	2.852255410457542162e+00	-9.235045121261614698e-01	2.649041755000877685e-01
-2.458592705768692932e-01	1.285910452754178479e+00	3.702170623089026669e-01	3.424197840766339818e-01	-1.417056084950696349e-01	2.163770193702628575e+00	-8.216051129595949298e-01	2.643478149266691002e+00
-1.807698640053866601e+00	7.297112396519210842e-01	1.099764399066309184e-01	-6.071456884358955586e-01	-5.759908004500490231e-01	2.249663944285514638e+00	-3.268769073011091320e-01	1.623863581985848903e+00
1.610636050844581391e+00	-1.247371030485855847e+00	-1.220274482136694427e+00	7.122642285569480425e-01	-8.474095251479674129e-01	2.303928412090589184e+00	-8.754876667559903236e-01	-5.689639753086357388e-01
-5.822911910986833250e-01	1.516462893938678391e+00	4.954059009859778095e-01	7.514041050641155906e-01	-5.518094213061512932e-01	2.135086332316248114e+00	-6.588594602095222408e-01	2.395357789535227599e+00
-6.002144048826166811e-01	-2.231293140057819091e+00	4.297092122973661388e-01	-2.041397379104681886e-01	2.716200242284410926e+00	8.395748301522798496e-01	6.659336511481600551e-02	-3.145063977008156347e-02
-5.254239273551289946e-01	-2.312048963267155255e+00	-8.125502854791587237e-02	-6.634703121760539002e-01	6.057423559673464908e-01	1.208003089962989662e+00	1.460557378749426372e+00	-1.044505871753524051e+00
-5.591508208941362579e-01	2.287995687807748979e+00	2.805266882785709459e+00	5.759089979071191356e-01	2.189366127459826394e+00	1.449864441579897245e-01	-3.679900018440725451e-01	6.625898639565992454e-01
1.550396227583395348e+00	-1.144215951038972445e+00	-9.447550256341943342e-01	3.704007351746083088e-02	-1.471322190199620739e+00	1.593925452523652142e+00	-1.152679931647761502e-01	-4.129379005941827274e-01
1.555383237651189465e-01	5.589443772069223604e-01	3.869855638502114337e-01	-3.757515125400137657e-01	-4.726217068652123210e-01	1.851745320826738705e+00	-1.357256806227337131e+00	3.181558331507081672e+00
-4.767614046033609720e-01	-2.371719984790465308e+00	1.525867194072142885e+00	-1.501049301777773737e+00	6.704837441867029790e-01	9.865189121221075164e-01	7.538352017284095652e-01	-4.578717430669015931e-01
-7.695212941301479148e-01	1.376382440483427061e+00	-1.859015044744979916e-02	1.031365002787101581e-01	-5.854443138194403984e-01	2.980219832408192993e+00	-6.176539393052146165e-01	2.435209831363530864e+00
-4.072231986257693337e-01	-1.668210174869524165e+00	1.021823536844840286e+00	-1.120984797076308270e+00	1.396385261196583016e+00	2.425862357812881953e+00	8.480203398959501593e-02	-2.070375640373986581e+00
-1.732665754568967209e+00	-2.194103663372466873e+00	-9.167114976894522038e-02	-5.677348470081630127e-01	1.149372462256762040e+00	2.586264724917825220e+00	-3.328851283918761728e-01	-1.208975700276671006e-01
1.223705354247603072e+00	6.683002573616633191e-01	5.772811932274222180e-01	8.795288521605276744e-01	-1.198785717247042193e+00	3.916353402825015206e-01	-4.852841741994345925e-01	1.643155497653118413e+00
-1.225898047418718440e+00	7.408104113544430325e-01	4.240605750146373865e+00	1.585922612169959611e-01	2.725848978917602583e+00	-4.607998463887336693e-01	3.747945469940636154e-01	4.293416659910665456e-01
3.157451689756751168e-01	4.554023550331214309e-01	4.500717109071290523e-01	-7.028074916858083332e-02	-7.594896896788536633e-01	1.338007048165613888e+00	-1.144865195959319903e+00	2.700816726382624822e+00
-1.991444959688049243e+00	-1.035673661794227707e+00	3.663258282504938679e-02	-3.338885458490919445e-01	8.751424589698706402e-01	3.155897690254899857e+00	4.879678406884371822e-01	1.057981854382917586e+00
9.029539270427495712e-01	3.489207633438429212e-01	2.024723501246698254e-01	8.402855393428541042e-01	-1.255529587089572408e+00	4.088964836035569039e-02	-2.805797476973085347e-01	1.960034092507188408e+00
-2.119010196268664714e+00	-7.342748080265611987e-01	-5.847810884053601388e-01	-7.996145420262174008e-01	5.076138668871509330e-01	3.044318460854325892e+00	5.378322373173876070e-01	7.005171991411472954e-01
-4.730976936548073608e-01	-8.002869646881511922e-01	2.983009656463816661e+00	5.107377667316127523e-01	1.676944465231633430e+00	1.868104710774119326e+00	9.101416948455558487e-01	-1.405683559195817667e+00
-7.795961329269817108e-01	-1.180515420806290017e+00	2.174575266248258920e+00	-1.052015969219687180e-01	2.432830621975619501e+00	1.364559084601482564e+00	5.806109317796019909e-01	-1.098023200009348166e+00
5.835561710325631868e-01	-7.997816607582022286e-01	1.800304076467790004e+00	-5.919487813651167496e-01	-1.571900392281761150e+00	1.791795185888262809e+00	2.305896823460117928e-01	-2.058151023238321997e+00
-1.413785554106821163e+00	-4.088057963574064368e-01	4.503846511924812113e+00	5.451601875227236604e-01	2.700975135223146140e+00	-7.074985878207726842e-01	1.955321396211187057e-01	1.078349983007572455e+00
-5.927746650380839588e-01	1.245712645588355622e-01	5.028406453872598547e+00	-1.743840559054342099e-01	1.859712977661879263e+00	-1.122586152542530469e+00	1.095803698737629617e+00	-1.981678707550190432e-01
1.031075733684244433e+00	-1.064952394034537342e+00	-1.359516424137600321e+00	-8.155732148288667716e-02	1.030910732163282439e+00	3.376724839086620911e+00	-5.666433746807952865e-01	-2.775857467787973612e-02
1.238932066080878469e+00	-9.571425817243249812e-01	-1.247036898353377499e+00	8.862017643680958345e-01	-5.819018365831079009e-01	2.598712528299376601e+00	-9.239226852035710147e-01	-7.665137408734680191e-01
-2.534892407378560031e-01	-2.159557161715328188e+00	2.646219213180381669e+00	-6.368596490461052584e-01	1.588683664136600227e+00	1.299176391874812708e+00	5.111197113328955766e-01	-1.760947151827193524e+00
1.853535973018798910e-01	-8.240608500631146915e-01	-2.891332897045155725e-01	-1.606220023929723295e+00	-7.719438414229580214e-01	2.680683699543831899e+00	1.772433734233350155e-01	2.173268651911022531e-01
-1.207715990337749234e+00	-2.239887337190109573e-01	2.933965342363427098e-01	-3.336510129160172311e-01	-4.869332996311870332e-01	3.337717722067597315e+00	6.044333564022206229e-01	1.199235791781047222e+00
1.533076911437111778e-01	1.367942916420889610e+00	4.504835534395598806e+00	4.821353920218494071e-01	2.628433502364298402e+00	2.234226832204106727e-01	4.021105809852548729e-02	3.097829345785040323e-01
-4.525694373847662100e-02	-1.180759608459863719e+00	4.026395252040348982e-01	-1.634525478521194231e+00	5.641938438593828709e-01	1.727810743680473271e+00	7.999602750578280741e-01	-1.667013837255111985e+00
-8.832215027143472952e-01	-1.394405129233431184e+00	-2.472106470661812883e-01	-3.018553331688348523e-02	4.973467616735808283e-01	2.695652724558166291e+00	-9.066127010748913362e-01	1.170616432845058119e+00
-2.145395422659456819e-01	-1.609198063220131258e+00	2.837996614737110068e+00	-4.786556313095141624e-01	1.670672168221978504e+00	9.566320041342838421e-01	2.260727027966508706e-01	-1.853854795228975227e+00
-3.900891410198722986e-01	9.810818024109339008e-01	2.702876653856351119e+00	6.875694071115162620e-01	3.995483299454167803e+00	-5.449328167826658076e-01	5.258072915524827362e-01	-2.234748094950732289e-01
-4.071244066719671428e-01	-1.229732840729035326e+00	2.318005869659314211e+00	-4.379179384389164653e-01	1.804349676906056521e+00	1.547903581071760515e+00	2.801374833687436117e-01	-1.653231477232684377e+00
-1.373883882584451710e+00	-2.082522101726867803e+00	-1.683666355079753707e+00	-7.406102953001580946e-01	1.235287873927982893e+00	2.142909149260899149e+00	2.378857282095422909e-01	2.868716648973496097e-01
-2.582705714004449149e+00	-7.630130275692772468e-01	-4.053853051560282750e-01	5.544068787819251831e-01	-7.964081439240071614e-01	2.603660403929455747e+00	2.927600265790665790e-01	-6.703106382524638696e-02
-5.398969787208832694e-01	1.326015020002728750e+00	5.082594003144331740e-01	-1.942649801114642860e-01	-4.053763865357120078e-01	2.917506618971282606e+00	-2.454108917901689224e-01	2.284538065279965835e+00
9.970504840051636064e-02	-1.571699998362088069e+00	2.704426282324696285e+00	-9.224978561557364287e-01	1.015651129833680777e+00	6.860267807675726193e-01	1.031767949493565872e+00	-1.300661143487809035e+00
-3.187583693268146168e-01	3.466838437085978386e-01	8.162330125535897096e-01	-7.302598527454208233e-01	-5.138509364072476604e-01	1.902367055697880449e+00	-1.474658010537736486e+00	2.514048533952824016e+00
-7.771819170587509484e-01	5.949644140308573137e-01	4.325870013805131364e+00	-5.718011423749075339e-01	2.333437914870921670e+00	-6.949928135593209655e-01	1.239199796916082841e+00	-1.001903216951647267e-02
-1.281961093028411991e+00	-2.702228846611716140e+00	1.443971181709006180e+00	3.955824361855413418e-01	1.745392413906940998e-01	1.029123056043528051e+00	-4.733315319538149435e-01	-1.150830707684513454e+00
-7.629570250866730685e-01	-8.358033813641114751e-01	1.909610385927761333e+00	-5.052220449575254291e-01	1.870778099190483434e+00	2.098061808402076345e+00	2.693825754389582161e-01	-1.548296673141126290e+00
-1.659348425897447576e+00	9.057388209501471277e-01	-2.882932178321207517e-01	9.353403614176928338e-01	-1.016233495786542651e+00	2.124719155949643223e+00	-2.228159178820450781e-01	1.065584520990442652e+00
-1.100005671428182057e-02	1.464165371785061565e+00	3.313661469472113374e+00	2.100645918294779868e+00	2.474493483176626984e+00	-1.031801111823343886e+00	2.092792934458896914e-01	-4.760323685919171099e-01
-2.816478592988494456e-01	4.204231157545859077e-01	4.837448117859326047e+00	-3.974747629446933050e-01	2.320560703242664946e+00	-1.150478078745837518e+00	1.044821871144457459e+00	-6.327055949555322745e-02
-9.734433216892030005e-01	-4.007617724548570015e-01	2.625353866250902168e+00	2.960915628221983953e-01	1.947032305462292667e+00	1.690324626896968940e+00	1.355643568259762732e+00	-9.449237622154303962e-01
-1.352951816124148277e+00	-1.776920711174693635e+00	-4.269336636522462480e-02	-8.993948081591963684e-01	-1.417502502894233407e+00	1.486255533478247015e+00	3.993177747086298912e-01	-1.050997637243249017e+00
-1.378957725188552974e+00	7.765308831788250155e-01	4.196616103646911178e+00	1.974536692306985419e-01	2.827655761766866505e+00	-4.474422964354446974e-01	4.861862108030520768e-01	8.982564630100117742e-02
7.288422749464238404e-01	6.880014965717661246e-01	7.039871860094717437e-01	8.464107268429021946e-01	-1.548198589252167912e+00	7.476229357680570509e-01	-9.285671036817542134e-01	1.965009750394256738e+00
1.487956006092977512e+00	-1.245309468544697706e+00	3.609104371043545534e+00	-8.695496995529651274e-01	5.132403749128229276e-01	1.486177933797157458e+00	8.195213408501109686e-01	-5.890235236993840440e-01
-2.479416607567224706e-01	-1.953639685827648798e+00	2.439907517210178511e+00	-5.258184722543114420e-01	1.569458990392735398e+00	1.425019629110394037e+00	5.828311734020896751e-02	-1.821059188332633694e+00
-2.320273329008406549e+00	-6.455630146504029998e-01	5.245616057299284929e-01	-2.522993487171629190e-01	-4.877408184307105432e-02	2.016128813190266822e+00	8.151464997301172133e-02	1.579427451936398885e+00
-4.495387177435197223e-01	5.388534055972176162e-01	3.526686681310153837e-01	6.214046561557126092e-01	-1.923154196750438194e+00	1.713946675541222708e+00	-1.522373604117464918e+00	2.090370752748587968e+00
4.193153435769019777e-01	1.491427767236641388e+00	4.764199413380541870e+00	1.529052421894160629e-01	2.487703460500613417e+00	-1.186516876702231049e-01	-3.117642923674000463e-02	5.688329845296133391e-02
-4.198411680973807569e-01	-6.797120854583744709e-01	-3.694564275984209001e-01	-9.022271668105482645e-01	-3.482775161316272600e-02	3.206900208236521443e+00	-1.976199573565836087e-01	-9.293118871795157387e-01
1.113777477691433537e+00	7.551437757225749614e-01	5.681857116297249766e-01	9.188721521151642646e-01	-1.177730158475954969e+00	4.331831192600404390e-01	-3.754439245236624312e-01	1.601363581508253420e+00
-1.372731726516650541e+00	6.894435025148711871e-01	2.649576803649753565e+00	7.097354837779200620e-01	8.646977022334743079e-01	2.663998276218492722e-01	2.953550752776840649e-01	-1.345833748814188713e+00
8.002772322986135833e-01	9.032635512131588218e-01	4.876882487874483196e-01	6.919845040096105349e-01	-9.416035688880355359e-01	9.326588502952092297e-01	-4.400644181636401697e-01	2.058748149493947466e+00
1.385039826759542958e+00	-1.191229463212297723e+00	-1.288777071912230898e+00	1.290160359565684922e-01	8.155079867401381355e-01	3.239326109567264744e+00	-8.127888921219558194e-01	-1.443435725135869263e-01
2.294189697463609456e-01	1.333687341126981618e+00	4.847621288229068348e+00	3.501910671956690591e-01	1.954723835281837907e+00	-1.330167642009225937e-01	1.267702401476968888e-01	3.387975125252951081e-01
-8.441577795749812818e-01	-2.335298515751339232e-01	4.501384469167176050e+00	6.355527823964188805e-01	1.745080463656013325e+00	-1.910886614821905694e+00	-7.354426976932360027e-01	-5.615257839925216210e-01
-4.576056658815259581e-01	-1.196461126992370838e+00	-6.091572111808837287e-01	-1.659800276070028779e+00	-9.424165694964760087e-01	2.710961940732580899e+00	2.151002105166871514e-01	-2.004310303858809761e-01
1.526581979596421945e+00	-8.610092055949396528e-01	2.602097120258624052e+00	-9.956049259087519365e-01	1.607233449464703923e-01	1.617568034805535904e+00	7.054044796036891274e-01	-1.427818650639570253e+00
-1.893861663783037996e-01	-2.718267789623182384e+00	1.062911070201118191e+00	-9.828629310366048255e-01	7.059402812255264337e-01	2.196358359289877882e+00	2.597921386705792091e-01	-1.346096844095181932e+00
-1.538638502439764633e+00	-1.877246502797459637e+00	-8.766378957183502685e-01	-1.706643822715808057e+00	-3.303394065736538487e-01	1.884771515286736365e+00	5.377618246349227249e-01	2.327683370551499875e-01
1.705199339733324493e+00	-1.188874762779984273e+00	-1.239815553768538914e+00	-2.185811622278690525e-01	8.813910173173051810e-01	3.080898457260558665e+00	-7.453004936677334324e-01	1.058850294289061938e-01
9.649730704956935856e-01	-9.902146300542140622e-01	-1.416235926384735500e+00	1.358562730441446875e-01	8.756778259319033531e-01	3.213318505837266414e+00	-5.262862345928422947e-01	1.809796174231811938e-01
-2.254396068748983240e+00	-7.697310811366641081e-01	-4.947431149090180114e-01	-5.118705668199806658e-01	1.279071808728954318e-01	3.075260905987292404e+00	7.476205523007313225e-01	8.666513408983177458e-01
7.655389725649390797e-01	-2.134275203319054182e+00	2.586684857497266954e+00	-5.317317669239890465e-01	1.272807060949721736e+00	1.957319157464566528e+00	-4.911067336627064073e-01	1.819195424376288395e-01
-1.867446162595522319e+00	-7.815586751349533623e-01	-1.314022785216765632e+00	6.108978113240143282e-02	9.014336575800303564e-01	2.451980369935866655e+00	1.046624162342840281e+00	5.582023840016361316e-01
-1.374767060694231713e+00	-5.305067228718800959e-02	3.999579612626406266e+00	1.007688350082803996e+00	1.094376290530084894e+00	-5.306523866219630126e-01	4.401549394983915175e-01	-1.028705315797466158e+00
-1.225356163933651432e+00	4.266465442509126405e-01	3.560266589246586566e+00	2.446373233961451066e-01	3.246845374322203437e+00	-3.872012750889395338e-01	2.190019333337215879e-01	-7.403422656751793007e-02
-2.263388472867332801e+00	-6.296072762920548183e-01	-6.000566794220125733e-01	-4.579554983165501914e-01	3.587627907818358719e-01	3.299255857229025146e+00	2.145673503040101959e-01	5.074056797810519992e-01
-1.426156498366243142e+00	6.339584850961368367e-01	3.971520901371607515e+00	9.912170783273156482e-01	1.534186249251760170e+00	-1.007044346793847689e+00	-9.696661532646397297e-02	-7.753955320258376638e-01
-9.277911097136722907e-01	-8.472953603530519739e-01	8.582151074713734173e-02	-1.034340085080171390e+00	1.429687569583039775e+00	2.300879878897735153e+00	-6.359286422748834655e-03	-1.907096121144769896e+00
6.437434523911333972e-01	-6.367123295140211248e-01	1.501896172010295238e+00	-5.543792854997720010e-01	-1.241794195705599568e+00	1.928756726175572922e+00	4.682786033767178391e-01	-2.392502380058358025e+00
-1.535749092544884453e+00	-5.483695307045314410e-02	-3.286708808194728215e-01	-8.375217495413432855e-01	1.288708543054615241e+00	2.563976901020204480e+00	3.346725475508076086e-01	-1.574198107793691959e+00
9.365820363650225744e-01	-1.137306262139502921e+00	-1.229789497722395319e+00	6.262971029819115465e-01	-7.800435938991494567e-01	2.221991020046947263e+00	-8.788358375614158113e-01	-6.047445242475522065e-01
-1.386303548484374981e-01	-2.755109467738877882e+00	2.568425875803408420e+00	-1.165058991522951670e+00	7.045739795123423521e-01	7.007324070231182311e-01	7.298776581057788704e-01	-5.068609545595321730e-01
-7.969650117843379844e-01	7.284872965295416947e-01	4.145888285175268528e+00	-7.162853031557980810e-01	2.099512929690520835e+00	-8.567742374084950097e-01	9.289614777812478241e-01	1.283943669080601577e-02
1.535208010181972504e+00	-1.005236166546529253e+00	-1.380701672396371871e+00	7.388367342985586728e-01	-9.098257773553539707e-01	2.682109912853447575e+00	-8.155699200915331737e-01	-5.389179607341076927e-01
-7.576491721336596763e-01	-2.647796528980261410e+00	1.012671113170193982e+00	-1.050857441756465116e+00	4.781193318473306864e-01	2.539833937352154791e+00	-1.406929891610350369e-01	-1.142146852466340290e+00
-1.513109201202624376e+00	-3.680572770053869291e-01	4.621935273489256701e+00	-4.724388504119062526e-01	1.808186853395302496e+00	-1.423376944461992366e+00	9.364107301193445032e-01	1.171515614636993607e+00
-4.288941940789562368e-01	1.476799723797909580e+00	1.006822769851961175e+00	-6.804941492533075342e-01	-5.941511619570584157e-01	1.764324303410370387e+00	3.643432726664856403e-01	2.486448049667092874e+00
1.587112756240888878e+00	-1.034568182073157150e+00	-1.421480578947694529e+00	-3.367773226760041871e-01	7.081732975282379883e-01	2.971256469184679005e+00	-7.746403660627795285e-01	-5.022785155445010780e-02
-1.263785570655745483e+00	6.061630069852766978e-01	3.805888389439616937e+00	-1.461037972751671465e-01	2.926356583497722319e+00	-5.296821235020338081e-01	-6.211494918054102921e-02	-3.777720569013909985e-02
1.232605065681409817e+00	-1.166446002528253700e+00	-1.394077844786852483e+00	-2.864115651464614332e-01	6.786687750527268248e-01	3.293470832113961855e+00	-4.036987215644528004e-01	-2.302313041555822948e-02
-8.325367797986642504e-01	-1.507327501821646987e+00	2.394589748961142295e+00	2.619202834732213825e-01	2.095541438644388688e+00	1.367887091077971462e+00	7.217253142081070383e-01	-1.445585332412069102e+00
1.072194174917441289e+00	-9.915684332222968189e-01	-1.422396164271259034e+00	-5.301447668619906350e-01	8.786045888998303965e-01	3.126344761489429303e+00	-3.770285584250209210e-01	-8.483319862815143220e-02
-6.589017360900147890e-01	5.608653070596161250e-01	4.377668278315081984e+00	-4.171066785179233238e-01	2.206750011120106159e+00	-9.698097680948345456e-01	1.153315280387906538e+00	7.318597219549069499e-02
-2.804928906819226242e-01	1.503979290603346897e+00	1.153107692474712564e+00	-5.794762375486839368e-01	-1.122003562943634458e+00	1.691865095353845438e+00	2.585835321116447538e-02	2.401520470871875368e+00
-8.074807644368711124e-01	5.268618877675754764e-01	3.969498956420518532e+00	2.908960503617762372e-01	3.419959485006845767e+00	-5.062100993641067692e-01	8.786711639063510271e-02	2.750321067793611851e-01
-8.924798654738665959e-01	1.004335752656266401e+00	4.319908975750074376e+00	-2.341313411462434546e-01	2.824759311106349369e+00	-3.591813390923959126e-01	1.075002196335693161e-01	1.754108954205789439e-01
-1.130793223049824325e+00	-4.267304570747971759e-01	2.193356078942735099e+00	1.337446449926096570e-01	1.691432855408991243e+00	1.806140544263379111e+00	1.142936378506316020e+00	-4.686522385204232588e-01
-9.868647088922051225e-01	3.720307554188810872e-01	4.479603304821170973e+00	3.610396775509376877e-01	2.833524568649666620e+00	-4.076665473181118049e-01	3.614195262468857250e-01	2.702765246985001646e-01
-1.418002467518222787e+00	9.730643945411482365e-01	3.706158002549644337e-01	-2.603899823447446832e-02	3.485950672143804940e-01	2.038652458055687067e+00	-5.602238605372249491e-01	1.989579404178349442e+00
3.593761440130385787e-01	-1.189763159781264568e+00	2.860037948332436741e-01	-1.651623345671053178e+00	-1.066841594633279211e+00	2.491932884078428501e+00	-5.170546444814334841e-02	3.558874436710336708e-02
-4.304683788919753118e-01	-9.817667815572079792e-01	1.943992644994214647e+00	3.860522637920024147e-01	3.222305887917914280e+00	1.286391217174998935e+00	1.429720322273464905e+00	-7.630527377136057110e-01
1.041058625218870715e+00	-1.052247906016374079e+00	-1.394669102128623273e+00	9.068483322137165237e-01	-5.061854613143426107e-01	2.757064855620102506e+00	-8.609546283644015086e-01	-7.531690432427046167e-01
-1.507974215990487699e-01	-9.030436841056174169e-01	-9.977036979678767237e-01	-9.914558052903506002e-01	8.467027802637285827e-01	3.331664635592195722e+00	-4.871972798998356335e-01	-1.441405823780879947e-01
-1.140127320270202027e+00	8.061315810045848185e-01	3.940906800658773523e+00	6.671832939991779732e-01	2.914192671478630814e+00	-5.259469700046218721e-01	-2.957265576324808465e-01	-2.041297129905893237e-01
-9.105517300180701046e-01	1.157542553260673346e+00	1.946853652499130893e-01	-1.180454850012697260e-02	1.358451347567697087e-01	2.282747988635449587e+00	-7.403647968602534712e-01	2.760026042024273707e+00
-1.965463101306210270e+00	6.062835513823992828e-02	1.838594396951415133e-02	2.064300481285940847e-01	-1.683840326813296873e+00	2.342363373137881233e+00	1.534655790844240197e+00	1.800859597109557564e-01
-5.370675936168259890e-01	2.342898114059089321e-01	1.078083910936560308e+00	-5.515400310762367253e-01	-1.341159268903148627e+00	2.354668377332809204e+00	6.334713242319021109e-01	2.650683050340910896e+00
-1.400549132972848332e+00	-1.389016234777915137e+00	-1.068377252377472386e+00	-9.327848001010694556e-01	4.685364274234501969e-01	2.513205536342588253e+00	-3.049140253582294235e-02	-2.917571872862059212e-01
-1.304652131769204582e+00	-1.015838436401969247e+00	2.497950256550461656e+00	9.350023945323496788e-01	1.037071841581455045e+00	1.422829946051119343e+00	2.439127367850890127e-01	-2.020092013847686108e+00
1.113121379426196267e+00	-1.182197460285623114e+00	-1.247401790795545029e+00	9.682656608760397132e-01	-4.147335806332849706e-01	2.450723630219627580e+00	-9.498861751180075474e-01	-7.490968632459776844e-01
9.428527429618156486e-01	-7.752521277836914582e-01	-1.623559427339253514e+00	-2.088096961968668730e-01	4.745518845897863658e-01	2.960615988224007289e+00	-5.265480441603183070e-01	-1.449341854573273358e-01
-1.327010269783887919e+00	-4.062269612224359561e-01	5.255273799089057896e+00	6.333491619766139502e-01	4.700458532708301496e-02	-1.703228580176679774e+00	6.769117396310602164e-01	5.518784857740339778e-01
-9.912764634793439500e-01	1.069969126963120409e+00	3.592009692490873984e+00	-4.160692416000427163e-01	2.045500173566920044e+00	-1.097149815790889882e+00	8.128032306154626685e-01	7.834078364693749519e-01
5.820149099895590705e-01	-1.006006443963621821e+00	-1.501163676625567227e-03	7.830904638243908478e-01	4.854423911072823228e-01	2.133266005037462332e+00	2.788325998503808356e-01	-2.413130697346631770e+00
-8.717532977818137629e-01	7.462551921001537858e-01	4.070911597827549855e+00	9.956215929365339057e-02	2.725461173178613805e+00	-4.232217007797156594e-01	5.709538092023641598e-02	-1.770521604603252641e-01
-4.761090441076450963e-01	-6.550350000513981419e-01	4.625200603620177375e+00	-3.146178035424121999e-01	2.734983186078149053e+00	-9.595069696660368797e-01	-3.805181603180762817e-01	-1.788745028078240762e-01
-1.399108481766559775e+00	-2.043721988308300486e-01	3.777426073277864838e+00	1.729027899815273328e-01	2.487836410097033379e+00	4.110535478644877783e-02	3.465321030181326978e-01	-5.285069004828810701e-01
-1.220654712460246705e+00	3.630012362417338045e-01	4.098649180061963548e+00	1.091775674086286729e+00	1.688155047941513720e+00	-1.295542725374643434e+00	-1.326960336925931405e-01	-6.245980457904412031e-01
-7.645800082403289011e-01	1.816247380228503960e-01	2.944898520184572988e+00	8.521275588772093679e-01	3.879610944833812525e+00	-8.705506957319576467e-01	6.246656353202817424e-01	-3.455113758284348857e-01
-1.983338380419115976e-01	-1.218509439858495469e+00	1.383810790111465128e+00	-1.746295293645856894e+00	9.304256498116439400e-02	2.116612936618984975e+00	8.114117278961487933e-01	-1.886878848709845125e+00
7.453895906563645646e-03	-9.909562893994987576e-01	3.157496337396747954e-01	2.740157265554061805e-01	-5.967074462414768687e-01	2.441881320875090466e+00	-6.521074472937987698e-01	-1.786882328283952770e+00
-4.189586319548344040e-01	6.741613099063852310e-01	3.839738420240008221e+00	-1.594062690939352100e-01	3.632128000016634939e+00	-1.782617737243532841e-01	1.812404987474555695e-01	-1.582621783685426720e-01
-1.699725288090145447e+00	-5.360125080530151465e-01	-1.096686256019802908e-01	-1.197992154433974221e+00	-5.604238012260008839e-01	2.703470480104658513e+00	1.387698573308365102e+00	3.384741531920825164e-01
-1.992805321516782247e+00	-1.031676856081351845e+00	-9.176455105630484388e-01	4.148248726278544463e-02	1.551539270913203428e+00	2.211540084085605873e+00	1.037038813341196297e+00	5.396996269083996767e-01
1.468920138943484277e+00	-1.093682607600951373e+00	1.251495872916222218e+00	2.192462662151782038e-01	2.744402351994372324e+00	1.528686849352034027e+00	-6.606978922540002186e-02	-1.168522062297678188e+00
6.060774777692785609e-01	5.142986928503416877e-01	4.018996019059958846e-01	-1.369103586561646879e-01	-3.357796216244801069e-01	1.298585078088364764e+00	-1.003887797982919050e+00	2.501743222325632843e+00
-9.544344405128819542e-01	-7.377828854344508080e-01	7.376759706019881957e-01	-7.379998291816496359e-01	1.757720913223721482e+00	1.383918618916532672e+00	-4.389111637604086180e-01	-7.581177913427491477e-01
-1.103151865816053984e-01	-1.213651532116385878e+00	1.795502919913455564e+00	-7.231616797212040426e-01	-5.888865299096885941e-01	1.038993177443217064e+00	6.230016984965287552e-01	-2.657461787153704069e+00
-2.591865857644060522e+00	-8.864735352626228471e-01	-3.755199417468323420e-01	-2.942947155180410806e-02	1.879756366218958419e-01	3.197702604235455937e+00	8.731406042483604857e-01	5.174771717138348937e-01
-1.432437094015224677e+00	8.289236657535760111e-01	4.434260831744611941e+00	1.279989085982062624e+00	1.500050308206150929e+00	-1.316964070724385039e+00	1.537413675369205812e-01	-1.951567833058668322e-01
-8.988534156798433372e-01	9.084530464746222167e-01	4.679793001059621815e+00	7.284243030368039440e-01	6.684700709674860075e-01	-1.617544919479566801e+00	9.609604250131098535e-01	-2.349430449930444142e-01
-7.506467456000762706e-01	3.652281104808259293e-01	3.052656638507329045e+00	8.662737462260562404e-01	1.855916056483087440e+00	-1.663307109900536984e+00	1.455884865287752294e+00	-9.267563391399659123e-01
9.678540754409439284e-01	-8.977160479377601643e-01	-1.520767947762737826e+00	6.591693458762993840e-01	-7.504257704100494308e-01	2.772839705475243832e+00	-6.334167076879638758e-01	-6.737387010709835478e-01
-9.717221462407122923e-01	1.675914460909854187e-01	-1.137777742622808480e-01	1.527137154671347696e+00	-1.435657228892302850e+00	3.112925837465419399e+00	-6.938184861284310556e-02	1.162691436628977115e+00
-5.064697768003467715e-01	-1.320225890828688131e+00	1.316781102602597953e+00	-7.855783108653721092e-01	2.001579018628273143e+00	1.876139376294851280e+00	-7.288172629161779326e-02	-2.096301574629161557e+00
-1.124628545197610352e+00	1.235734160166257201e-01	4.277109559881907552e-01	-3.136907616425455014e-01	3.950797531752142655e-01	2.964965638145004689e+00	2.870776729984236275e-01	1.689097417745809349e+00
-7.166321517478893011e-01	1.065070535372227623e+00	8.057134790741340424e-01	1.161752026919421255e+00	-1.599065839978210724e+00	1.653319701106998885e+00	-6.453638014404915468e-01	1.925190204214152212e+00
1.258584692701760099e+00	-7.881528664258190542e-01	-1.393114451882019988e+00	-4.554049623774855116e-01	6.354315803418413289e-01	3.264689113219997552e+00	-4.766459937423891957e-01	-2.885873363380388468e-01
-2.033355743085589307e+00	-4.748038957253536418e-01	-2.330694754937330249e-01	-2.243434855792168225e-01	6.338765402170737362e-01	2.857686507867971848e+00	6.083125712705341748e-01	5.083803398116012451e-01
6.714821991405699464e-01	6.403492163923576452e-01	9.794494973726368681e-01	-3.860208801591602512e-01	-1.446048830886659919e+00	8.929417924110143456e-01	-6.442239682159379699e-01	2.412629729438062753e+00
-4.242214848370663982e-01	-1.121179297525818130e+00	1.701530155181931514e+00	3.773937121312094245e-01	3.028570503499444566e+00	1.442189637571863026e+00	1.398515179704032496e+00	-1.165796018339209095e+00
-9.569982732117778834e-01	-4.474191772323555805e-01	-1.135864298448008985e-01	-1.198027287852634792e+00	8.918763259597302095e-01	2.200079268926927512e+00	1.864086268368487787e-01	-1.917235455846134862e+00
1.131530417421203194e-01	-1.514886371806370535e+00	2.608779028126555044e+00	5.815862547528647397e-01	1.120941072558606866e+00	-9.829204733047823828e-01	1.154515481792799170e+00	-1.565071743368121826e+00
-5.471640930868133523e-01	-6.249327100520007949e-01	2.428739294731411036e+00	-1.855343426496323389e-01	2.105644053680137073e+00	1.879164847388075543e+00	2.932662411440353778e-01	-1.289423538616275566e+00
-1.663350842440950883e+00	-1.209868989645969117e-01	8.766293091479506749e-01	-8.589269738916875951e-01	-5.771177128565616599e-01	2.566144361687674014e+00	1.558854294793665440e+00	-1.739423219450736968e-01
-2.915489037931975891e-01	6.236629770833440611e-01	3.264881425213006949e+00	4.302303805885998589e-02	3.046129190117663921e+00	-1.254441352312832603e+00	1.502664789621196650e+00	-7.964835761663804914e-02
-1.058281759866677607e+00	9.000221638920888889e-01	3.997829394571903450e+00	4.849796461143394133e-01	2.938806450984644325e+00	-4.896610057955114725e-01	2.554239050910313558e-01	3.772084397419626922e-02
1.568053943358521107e-01	6.358877034416112739e-01	6.405710402102027246e-01	-2.743592446342101310e-01	-3.072620006876835563e-01	1.878235823601188015e+00	-1.512576778447357162e+00	2.609063080096655440e+00
-7.195910581455691180e-01	4.177432724716823031e-04	3.214992832791590871e+00	1.348289729846246843e+00	3.851063212319581375e+00	-9.327959971637294068e-01	3.370629380854838764e-01	-1.344386176731320881e-01
-5.642948896530448621e-01	7.340199501307744789e-01	3.994068624860748429e+00	3.491485864778564041e-01	3.294815352981786294e+00	-8.789782382960326101e-01	2.686357250856280521e-02	3.150609454570122425e-01
1.189668476839389033e+00	-1.248270421296487243e+00	-1.327565093773481530e+00	-1.926334240482395765e-01	7.648455808468062056e-01	3.091003392454285681e+00	-5.326811422651004380e-01	-2.112465945008038803e-01
-1.296142608282193631e+00	7.130091079733376080e-01	4.161872858330228020e+00	7.452097077121416779e-01	1.436490675449905163e+00	-1.239907227396885858e+00	-4.342026335513000934e-02	-8.012340061808376213e-01
3.895149385424070965e-01	1.440025907565851249e+00	4.815696671753758373e+00	7.244757191601673973e-01	3.174135825716076775e-01	-9.803205570296490423e-01	6.298098800426801258e-01	-7.259287021692741870e-01
-4.642500418956024312e-03	-1.389123504949604682e+00	2.719314029689794410e+00	-6.399609961165790839e-01	1.590240115072581562e+00	1.375652700835867215e+00	5.128277306089035203e-01	-1.823628359162303259e+00
8.826232655508331471e-02	1.482111353608952520e+00	4.923126471210357735e+00	4.638590329995427863e-01	1.929778311543078217e+00	-2.108792664673424244e-01	5.247282388213875270e-02	1.662099915773798953e-01
-6.385977547082017924e-01	-1.036162465793079912e+00	1.439776751147783473e+00	6.431953608766407537e-01	2.788074283696404088e+00	1.684592005294373029e+00	1.445550749390799972e+00	-1.247280131572000794e+00
-2.800590823684091735e+00	-1.243290675562644942e+00	3.883306830289590117e-02	9.192756599979031717e-01	-1.730323869588608343e-01	1.794555775222796967e+00	-2.362717315331613332e-01	2.622451895095840868e-01
-7.838950133949816879e-01	-1.104202951065907046e+00	2.416398159490287689e+00	-1.315646232303345209e-01	1.898456896348815759e+00	1.582685115686446098e+00	3.778859355048870827e-01	-1.308191547501789787e+00
4.815781670595623010e-01	1.353413588002059242e+00	3.229339314342129175e+00	1.229450126265536181e+00	3.346958319680792826e+00	-5.090218308715603879e-01	4.748185796288774685e-01	2.405730980882212489e-01
-7.428141970016521878e-02	-2.038887352189026725e+00	2.456348938199147014e+00	2.126699792425109925e-01	2.042676614500082533e+00	1.300770502268361106e+00	3.781101860520629798e-01	-1.326786639490505904e+00
1.447931762820484192e+00	-1.393368933719899783e+00	-9.563830083708240171e-01	-1.026618581213231164e-02	-1.443988672082878066e+00	1.943017383706766799e+00	-1.577489282265847692e-03	-6.307360843885417845e-01
7.459346513903880593e-02	8.163883795645338060e-03	-7.919197795822398023e-01	6.870091890589132833e-01	1.102289532880766032e+00	1.582598226405599995e+00	-1.305070334234277096e+00	2.759493099874255506e+00
1.591939108961960336e+00	-8.830442144104047042e-01	1.486372282021454216e+00	3.389568133963594132e-01	2.321775963555116729e+00	1.350997549790748486e+00	3.632661630657156304e-01	-1.627131036257524643e+00
1.892566930638097666e+00	-1.120471728956245361e+00	-9.036731283965371286e-01	-7.904931592418401598e-01	-3.126226765513316908e-01	2.319700149345071960e+00	2.492495908859002074e-01	3.089521998677254300e-01
-2.495129708263381096e-01	-1.718253946317430669e+00	8.871341926757294605e-01	-1.454527606645550364e-01	3.195680377483241408e+00	1.141647174013227906e+00	3.704668144898597970e-01	-1.346709322077444204e+00
8.589583573956258711e-01	-2.897595499249480122e-01	1.223507060214210851e+00	-1.648572547442711311e+00	2.245215221034285724e-02	2.470767604490133884e+00	5.817301005643060741e-01	-1.663048447094780169e+00
-8.407164115355243716e-02	-1.488535345837241675e+00	3.209168914120946958e+00	-7.793576616807977586e-02	2.013681486867638704e+00	1.323553851797503622e+00	2.877296522582432625e-01	-1.376421339183713233e+00
-2.739372130830157182e-01	-8.657523191078922986e-01	1.979208416561424544e+00	-6.965963914931341261e-01	2.009925790815955349e+00	1.539947270883019970e+00	4.252156592490619058e-03	-1.715539280316966675e+00
-9.261824456740789246e-01	9.850135249131581894e-01	4.456823670683093042e+00	4.686412050105112082e-01	2.946333595978173125e+00	-5.246091160466256342e-01	-2.300470002011855974e-01	2.158650415728490812e-01
1.562722935931840418e+00	-1.015590772905170525e+00	-1.505411745416284752e+00	-8.334169063816121437e-02	1.526519138285297450e-01	3.001913083397891313e+00	-7.120613863086441286e-01	-2.043924631159680094e-01
9.337455825309787238e-02	1.801587579410268702e+00	4.396935473686727214e+00	6.687457507177918536e-01	2.281206775300326672e+00	-2.799696828836811258e-01	-1.504569370074843593e-01	-7.610929265966522028e-02
-5.492312162512531515e-01	1.275780929593933744e+00	1.091281438614575716e+00	4.820749801168333626e-01	-2.188089187290501503e+00	1.052253969500482000e+00	-1.650067632244855628e-02	1.976107771330418483e+00
-1.163590080346962763e+00	3.437705124756543773e-01	4.522370536457827939e+00	1.338215328584505759e+00	1.724740337059658790e+00	-1.382601605923635013e+00	-3.415316731313270959e-01	-3.525582429782104232e-01
-1.154217070655272126e+00	1.667843174307218068e-01	2.944668611092000621e+00	1.628095434825560073e+00	2.769506745187983121e+00	-1.378973308290214028e+00	6.115928913418067214e-01	-6.392382376424972090e-01
-8.773334651554413055e-01	-1.653630554165504529e+00	1.398892122125309223e+00	8.993354765530159334e-02	8.943326721341162688e-01	4.537776943967405385e-01	-1.600427791356008600e-01	-2.225419368842079137e+00
-5.217880138405334850e-02	-1.525690378922879953e+00	4.540042598701137244e+00	-1.679936679854455717e-01	2.610080331596256631e+00	-9.188296531819413471e-03	1.730345341889726329e-01	-3.541863045158520906e-01
-6.309440210822262474e-01	1.457445032256735828e+00	1.005026200141823089e+00	5.339996572306664468e-01	-2.074153203949152147e+00	1.144712737006125192e+00	9.303089322360247326e-02	1.987228818663604901e+00
-1.464212389100178480e-01	1.076359052404296524e+00	-3.882405913986201607e-01	7.239867493783312957e-01	8.867772228519663624e-01	1.821171928975621190e+00	-2.074113249436263517e-01	2.525954771456720760e+00
-1.701713610655946729e+00	2.178797467258800913e-01	4.099015556474595812e+00	7.391232714065288922e-01	1.428524524050003741e+00	-1.119157197053002983e+00	-4.699240982431447944e-01	-6.270225253938949139e-01
-4.510080189427994601e-01	-1.330101087190191933e+00	2.407324753491768554e+00	-6.203958298125592519e-01	-4.278172176976246521e-01	2.727355337573620364e-01	4.588876515418826574e-01	-2.106442323389265958e+00
-9.801881082773877818e-01	-3.171999136917577622e-01	3.282388618943167913e+00	1.228393191177423294e+00	1.236567189232603781e+00	3.596774739648413433e-01	8.927951521224395393e-01	-1.712973304505360561e+00
-9.360700752857212814e-01	-4.349369279047370085e-02	4.021905048043523223e+00	5.796418839179101612e-01	2.007814339290270311e+00	-1.360644543265162598e+00	-7.318732895111239589e-01	-1.097484073174530561e+00
-6.558876791194082623e-01	-1.319606070575378265e+00	6.037569927035827400e-01	-1.496643342569678736e-01	1.609355132754805573e-01	2.066205547257217390e+00	-1.810032156340802070e-02	-2.740476981527511402e+00
-4.326439557905549238e-01	4.848716380713066210e-01	3.389014978320410876e+00	4.792998690761268721e-01	2.620655968906909994e+00	-1.680645351124792297e+00	1.471647773594478403e+00	1.235556067716040568e-01
-3.147055176145296951e-01	5.214354917137512535e-01	3.684400108857736278e+00	4.075028453780462634e-01	2.905325536328704938e+00	-1.311411126817590755e+00	1.650245348937462442e+00	1.173990547581886673e-01
-8.832729760524836715e-01	7.196809315276840868e-01	3.750558967983816050e+00	3.024613411861444279e-01	2.722364437589434694e+00	-3.247824920427258011e-01	1.297002988626478892e-01	-6.296178828544168882e-01
1.697404585092503471e+00	-1.035338267873301632e+00	-1.441596031290792057e+00	-2.297598796439324076e-01	3.379532342039757720e-01	3.170555134781068318e+00	-6.794190039570082718e-01	-1.233612767459970755e-01
-1.228693377354806771e+00	-1.280279738167955095e-01	2.664336247239004196e-01	4.733261718106532290e-02	-5.360880400980168048e-01	3.753463849766872862e+00	7.414279337982443430e-01	5.880104464231281636e-01
-8.762671078644199696e-01	2.543877180140237670e-01	4.259521698990566207e+00	-2.255111475247193950e-02	2.921976462404983987e+00	-9.807533062768764021e-01	-3.145711100551032424e-02	2.075477081456603146e-01
-8.574460500285894238e-01	4.802546792907609330e-01	2.639740505473697763e+00	5.719723265008517243e-01	4.187110066494038385e+00	-4.765573787038087650e-01	8.393199236241142280e-01	-1.104911259541252327e-01
-9.084451851745065643e-01	1.360156150558282429e+00	2.432366543089409805e-01	2.867092111611941885e-01	-2.400164033794816576e-01	2.297284754680807950e+00	-6.470340551353995773e-01	2.738883037868082404e+00
-7.411657784896602021e-03	1.748079684529405542e+00	4.035556286739467424e+00	9.554447208937305591e-01	2.746260777772031147e+00	1.018652837826282131e-01	2.478814191413493684e-01	3.470485047292576342e-02
6.555403733519205023e-01	-9.870888870586828068e-01	-1.184899413252699318e+00	-2.688970698997728559e-01	1.995533887573897602e-01	3.101496272625889006e+00	-7.128602104391525973e-01	-2.896408061578260029e-01
-5.455802323766574258e-01	-4.141203520583527364e-01	4.132695563712376341e+00	7.687362436035877211e-03	3.031319804646027016e+00	-1.350193769973119684e+00	-7.803980953532912990e-01	-1.513205477142320898e-01
-1.550399037223466170e+00	2.149499696934530912e-01	3.954226510510029602e+00	1.169862258672955235e+00	1.992954031788101155e+00	-1.232137311743360719e+00	-9.021937642812659364e-02	-7.259212696990868796e-01
-4.202960707174990262e-01	-1.726552405286982728e+00	1.870763427570187876e-01	-8.536657083767369703e-02	2.638787624172688862e+00	1.222104454554656439e+00	1.901167625193584954e-01	-1.568124156423698734e+00
-7.783394255254714178e-01	1.732827326394303036e+00	5.504328314795101651e-01	2.710256789707140568e-01	-2.104565639982929337e-01	2.492044627934736134e+00	-4.365678503590925685e-01	2.511492660523761522e+00
-8.985457661209804714e-01	-5.034151560457245100e-02	2.796525432980185411e+00	6.700642911643893695e-01	4.120439976377977764e+00	-1.234256695822609551e+00	2.634154832257194490e-01	4.879650475590789627e-02
-1.222292783275737982e+00	4.837059206116141041e-01	4.196638113721292029e+00	1.181881530464832242e+00	1.742248731014333973e+00	-1.094514649065935874e+00	1.116802694321337164e-01	-8.279719165001014902e-01
-4.730810731746412645e-01	4.753475886188285315e-01	4.457564024863497565e+00	5.993352610942201397e-02	3.115475682997168150e+00	-8.600907126402818070e-01	-9.890923670867861339e-02	-3.209006512589031024e-01
8.279387047197933613e-02	-1.064018858470180406e+00	-8.513818672569397616e-01	-7.368852921473624251e-01	-1.122538472301893020e-01	3.238299191914629560e+00	-6.703883938412221744e-01	-2.627102326102225827e-01
-6.193839591274132861e-01	1.342965231464706699e+00	8.311395237654065626e-01	4.168156008683081559e-01	-2.320105325501401250e+00	1.169364925711363412e+00	-2.331727243235065805e-01	2.518917231320641825e+00
-1.393123740260324261e+00	-2.043721116699916518e+00	-1.094372663943740331e+00	-4.689853861939498048e-01	1.557016386390390972e+00	1.719243101702068843e+00	2.873558285374529508e-01	1.115629722525058876e+00
-1.687297487224524328e+00	-1.978684507513825741e+00	-7.627684821811405724e-01	-1.323590706556976082e+00	9.450641802887160825e-01	2.746134153045169946e+00	-3.669223287850809645e-01	-3.218190989068826502e-01
-1.942226151914774324e-01	-7.940586709901131801e-01	2.449213105883734531e+00	7.200388208220985797e-01	3.207687703331565388e+00	5.470536408493725800e-01	1.220783076530866706e+00	-1.377902743352673820e+00
-9.502668009350969669e-01	7.953915132202236116e-01	4.092069391776270493e+00	2.240348748967432579e-01	2.917399303063672011e+00	-8.023520918976915217e-01	1.006906956868444669e-01	-1.727642959665527389e-01
1.271194851193821584e+00	-9.914188043253694405e-01	-1.229154038683036188e+00	1.095898178386831789e+00	-3.592574186448094786e-01	2.291138183774010351e+00	-1.162107214175570835e+00	-5.280596841704396915e-01
-1.283354796640700179e+00	-1.239466446026051688e-01	-5.722567472098234742e-02	-2.642214006546859673e-01	-4.762551426247810249e-01	3.388952638174052012e+00	2.266994081835906338e-01	1.131487724628509772e+00
-1.036148508809744406e+00	-1.447309639023600381e-01	4.453241111045799450e+00	3.210842360698368259e-02	2.868348658523659722e+00	-4.876788290725547204e-01	3.625015535339131678e-01	6.460612764354316945e-03
-1.104839955057592027e+00	6.272617100567883242e-01	3.906147569785887175e+00	1.020260107631354163e-01	3.025909965783120548e+00	-6.515952411644948539e-01	8.872974642784531296e-02	-6.670332930278811967e-02
-1.277932972039076631e+00	1.193730782744444191e-01	3.881336287441693234e+00	3.805481119139123569e-01	3.389368433611717801e+00	-9.710509566295969508e-01	4.439847795471956737e-01	3.047098161329028776e-01
-1.535563799487509096e+00	-5.125074649489453904e-01	2.854313492067455105e-01	1.195664239982445753e+00	-1.687749432634551017e+00	2.855823628414358772e+00	-2.586275498736502754e-01	9.595563850780753912e-01
-5.359367249708753000e-01	1.049376871884975859e+00	4.214955977770384443e+00	-3.956730401867801783e-01	2.224376963242157057e+00	-9.214064866537292620e-01	1.133315235488373096e+00	3.439304629135433999e-02
-5.238801270286056466e-01	7.042372722242971061e-01	4.308515183577949159e+00	-1.190863546095093650e-01	1.670030322285218638e+00	-1.060532957651486141e+00	1.074153071180501406e+00	-3.586061909257071689e-01
-8.209579879169717764e-02	1.044921659965620364e+00	-4.574287521266242051e-01	5.893634158076592744e-01	6.355417016604882896e-01	1.781357358106333111e+00	-2.269991003816601294e-01	2.888822206951313198e+00
2.411431792996100998e-01	1.244176005020821929e+00	3.960842171990884619e+00	1.083231301942652047e+00	2.255104456090092135e+00	-2.637015679184315786e-01	-1.701037423374089086e-01	-2.249027457248695128e-02
1.350192973527160722e+00	-9.130427452627325469e-01	-1.509020795612097565e+00	-4.226884072628868116e-01	6.087001422318122357e-01	2.724655978499965769e+00	-6.429361986768584725e-01	1.447563890376356646e-02
-2.270824821578880215e+00	-3.101783277496636404e-01	-2.413193046294838384e-01	7.641722944607327594e-01	-1.212000386807899677e+00	2.723438251214860273e+00	4.870746000838315770e-01	3.259833190708752437e-01
-6.501892755148181990e-01	5.032239008483276876e-01	4.884263224991602037e+00	-4.242363390527300604e-01	2.032145735616096349e+00	-1.245974572459132235e+00	8.898278417276521690e-01	-1.600805489948800564e-01
-6.967194744260420958e-01	7.506852870316744752e-01	3.787273881031723466e+00	-2.815228836885571087e-02	2.671608564985589851e+00	-4.466917066616790111e-01	5.376530649029898079e-01	-6.706297462787813579e-01
-1.993886157410541315e+00	-7.670568973502430721e-01	-5.320486071864027888e-01	-1.461226593882747338e-01	1.907144090820596383e-01	3.258498726993298789e+00	7.808928956347498396e-01	2.046309155287732162e-01
-2.091882574229440905e+00	-1.192995874200494910e+00	-8.298084837673460612e-01	-9.831609238429341868e-01	-4.042574966279242898e-02	2.627466358972348814e+00	2.223113074615262197e-01	2.666546988498788226e-02
-3.034891163209095799e-01	-1.821015706732647566e+00	2.880471887861405733e+00	-3.899398870570632281e-01	2.012895681181344987e+00	1.319106131500271228e+00	2.707155121280325205e-01	-1.309072363954354223e+00
-1.178262058542942858e+00	9.158206254497872623e-01	3.706386761936530938e+00	2.820795341947450741e-01	2.814073767172629914e+00	-4.158333338257974021e-01	1.836276393157804665e-01	2.026499489853955949e-01
1.855790734861980873e+00	-1.191897297312827897e+00	-1.235295805933352975e+00	-4.554841105824020686e-01	4.682520148675385352e-01	3.001336931713330713e+00	-6.057518006009924294e-01	-5.540723836799085061e-02
-8.889210434007156492e-01	6.219327193669962339e-01	2.872564943538899573e+00	-3.335533830767254959e-01	3.117208348801900897e+00	-6.898406309955851246e-01	-7.169032409933413508e-01	2.677851330941864449e-01
-1.123323379906244757e+00	6.086985596739364901e-01	3.550106789112678740e+00	1.750973727433427773e-01	2.689425703661856737e+00	-1.080591284589905499e+00	2.734926764218175710e-01	-3.528395107867455804e-01
-2.801944096716033061e-01	-1.999229394510801283e+00	8.303579299126513380e-01	-5.364473757130531206e-01	6.138030934696180330e-01	2.410038188302170425e+00	1.338494854311350624e-02	-2.305725651229375117e+00
-1.310811435791966462e+00	4.804577950251623930e-01	3.667493190867654906e+00	3.312724416579014841e-01	3.190795379936754550e+00	-6.122873721496153721e-01	3.817143558349505583e-01	-6.447543199395312785e-02
-1.050569048136326122e+00	1.100527845113116632e+00	1.803336894304202742e-01	-1.164870781581935633e-01	3.667262136171852149e-01	2.392211041578807595e+00	-4.784848709356623875e-01	1.944950850308600376e+00
-7.378411327775644679e-01	8.944343829883592001e-01	4.337046604729504651e+00	-1.926256802453370498e-01	2.928127162453824539e+00	-4.481805527283834745e-01	1.956149270622271619e-01	3.059113729125025327e-01
1.763952052232232948e+00	-8.972191215162776956e-01	-1.313323591893410525e+00	-5.282641904300204860e-01	8.608941907759841694e-01	2.732653271433902908e+00	-7.271527435913062165e-01	2.532039846272328698e-01
-1.574766130397182162e-01	-2.004777532316047495e+00	3.750639514007273467e-01	-8.996003881371131272e-02	2.394845638983883696e+00	1.660291450607826125e+00	6.320914970666393629e-01	-1.494570542592968954e+00
4.010849161029507726e-01	-2.302707551145178222e+00	-1.848440004755423638e-01	-9.449714474772327732e-02	1.280058436046436210e+00	2.377940270512816312e+00	3.607066829701601196e-01	-6.050845759802544327e-02
1.203173240230987595e+00	-8.902724973010454068e-01	-1.429134469097157911e+00	-9.806656515521805506e-02	5.888179989230113431e-01	3.035539332200355211e+00	-5.824533060479367697e-01	-2.083110675350080820e-01
-4.897817142641405219e-01	-1.486555165495103692e+00	9.767420237545729744e-01	-8.922230543501638023e-01	1.007693474392999278e+00	2.692630168492113896e+00	-7.866903668159071217e-03	-1.993536968128219122e+00
-1.290730530150635103e+00	-2.556524897561979870e+00	-4.590487973400908528e-01	-3.316015137720764172e-01	1.820300399373250944e+00	2.145350068097484630e+00	9.644996453779304257e-01	-4.528957380125317456e-01
-1.266303108562282898e+00	-1.897396684406232881e+00	-2.565042814322658349e-01	-1.316877504067086369e+00	5.514059867432139495e-01	2.745731140792243785e+00	-1.280906593989660468e-02	-8.446109274780263521e-01
-1.030459393834194604e+00	-2.337019293331645819e+00	7.349630813618881486e-01	-1.153980611704784609e+00	6.189983281560493822e-01	2.400992719957099730e+00	1.879248679356179119e-01	-9.996776363804509291e-01
-1.026070058066417490e+00	-6.899651937732192986e-02	4.097791703539248154e+00	3.695328177705141659e-01	3.215897416390907537e+00	-3.313510220753751456e-01	-1.738631698769190284e-02	-2.219581060790035143e-01
4.731106569417019014e-01	-6.261273936634036419e-01	1.911253812001573182e+00	-4.123477284596483577e-02	4.722094052478165715e-01	2.274804949866809700e+00	-1.856821299965167316e-01	-8.232993067880893800e-01
-1.248718880092741346e+00	7.824754523551485930e-01	6.310336814143827633e-01	1.166990310901109940e+00	-1.499358659205234590e+00	1.758950115060342601e+00	-7.699960466149398108e-01	1.818901008137937758e+00
1.932218961417803360e+00	-9.495400709859496136e-01	-9.915806500986915628e-01	-8.888308460691174417e-01	-3.138976391022247348e-01	2.662990491430912599e+00	2.699106344956318515e-01	-1.207058819060861932e-02
-8.268209595846475191e-01	3.516067531194665974e-01	3.000994174275410042e+00	1.106294850693205323e+00	3.757464315751620987e+00	-4.941163269555071680e-01	9.473035451764599824e-01	6.041052357346804458e-02
1.038614213723282109e+00	2.867498181663073464e-01	1.200533243390769778e-01	7.775467122142779575e-01	-4.463491714936538290e-01	3.741666594462365603e-01	-4.539522985046051673e-01	1.697956477291222566e+00
-4.124154225735852664e-01	1.547498023695375036e+00	2.302422419520430141e-01	3.651657406432209374e-01	4.005171100008920182e-01	2.368735108298219316e+00	-4.148494549613790383e-01	2.455140741316251152e+00
-1.209435676208281851e+00	5.208952579137575700e-01	4.240284803570509631e+00	5.377490045376448480e-01	2.439523812860761254e+00	-5.958448144549590708e-01	1.291675811614487190e-01	-1.888005321344480431e-02
-1.315457897625778028e+00	1.195112855026071674e+00	-4.323616887074718806e-01	6.531546209278649151e-03	-5.001114698660702462e-01	2.981038460064205253e+00	-2.157300708468799233e-01	1.770161404292057483e+00
-1.522517235891340137e+00	4.939358880808156771e-01	3.886673426137998710e+00	-5.836196223825326213e-01	1.359780745701844928e+00	-1.000647124791899101e+00	6.349261865529616244e-01	1.909847989405669022e+00
-7.642429955724076018e-01	1.314302284036326318e+00	7.493808758387539015e-01	9.014252068310676380e-01	-1.760837922291988988e+00	1.549016115375553726e+00	-7.429427224194647961e-01	2.160540066192159436e+00
-7.413975857740539022e-01	2.988114179661678360e-01	3.236233511185729661e+00	6.667902085273633705e-01	3.917643104131930176e+00	-1.377836789570369369e+00	6.236908547340560549e-01	4.610391719427177071e-01
6.859927909832115311e-01	-8.948460053584075258e-01	1.463293391788804243e+00	-3.084316650285484629e-01	-1.196990880834599258e+00	1.823322042665227904e+00	7.480610661733990696e-01	-2.290328177718219393e+00
-8.197736781866017397e-01	-8.843308573127105499e-01	3.507351957665028497e+00	3.224591426670151417e-01	1.975619794457907474e+00	1.384277204880748569e+00	7.387676620821681528e-01	-9.486998531309117633e-01
1.428291862815532109e+00	-9.182022734682718790e-01	-1.557901687850224759e+00	-2.414477127371011389e-01	1.633822048920665071e-01	2.941189228788328336e+00	-5.584521196836325085e-01	-2.608967171874224111e-02
-1.324507327131174250e+00	6.218651346176612416e-01	4.171708341751944715e+00	1.199567114333903728e+00	1.697862108497786515e+00	-1.439169520587344708e+00	-1.565482741517615906e-01	-3.610337484928636265e-01
-7.611229497486925455e-01	1.559808543580300633e+00	1.324864960347112708e-01	2.365007802150315974e-01	-7.241729073816517426e-01	2.802041277354809345e+00	-4.975407532606677119e-01	2.507633454818789076e+00
9.206189058018134919e-01	7.766215807321080744e-01	4.077740401462658149e+00	1.112122388496419312e+00	3.294814522456275263e+00	-9.895658953422464821e-01	5.626954084483386520e-01	2.951752000359110228e-01
-4.002289322853092024e-01	-1.629712187972112147e+00	-2.738408476574846068e-02	4.782137140294081545e-01	-1.332482022739535976e+00	2.586445528654096826e+00	-5.795886093935382899e-01	-5.828594771369255412e-01
1.343641908154071141e+00	-9.738068675868547519e-01	-1.516854754074856926e+00	2.847368548290447610e-01	2.916893344809312616e-01	2.978957552849556656e+00	-8.999266617385416334e-01	-2.794288205807550218e-01
-1.206876503963339786e+00	2.152600167231693840e-01	3.979333653055001641e+00	-5.505398129295383525e-01	2.229929007887375469e+00	-1.091152204806166370e+00	1.156431896934591474e+00	-2.239528508866578671e-01
-1.036613126139411589e+00	4.326660675945300794e-01	2.967648131358146202e+00	1.916792172643383863e+00	2.851175371584327767e+00	-1.473977889777526196e+00	2.938493579571060388e-01	-4.109732963578308085e-01
-1.250917264566585363e+00	-1.245191627564116998e-01	3.075744237285619853e+00	1.454673099801728986e+00	2.865818399729192834e+00	-1.774623189817504221e+00	5.921284187247251030e-01	-6.789354511643713730e-01
-4.669545057614039041e-01	-1.218351393442376196e+00	6.431288452324097626e-01	-1.065816765642820574e+00	1.315888569287694265e+00	2.599107186188166274e+00	-1.291147428959303067e-01	-2.245982650269195524e+00
-7.547391394610720727e-01	-1.411395293750298929e+00	2.142567130654025043e+00	-9.963702172409202307e-01	1.223814546943170267e+00	1.318251831797621954e+00	-1.948983657068711628e-01	-1.343323583013343869e+00
-1.680546929869674300e-01	2.952294021726389883e-01	3.420796963266834023e+00	9.040781834528685557e-02	2.973487736039139850e+00	-1.524245392602892268e+00	1.343495630848571043e+00	-9.225893000247373243e-02
-8.802154014025068696e-01	-1.805812269159889016e+00	1.882922358419059916e-01	-1.751944377562718591e+00	-2.284322370336324959e-01	2.453543509444979343e+00	7.939986864322652327e-01	-2.227466029197659736e-02
1.306036688838065452e+00	-8.311553134799921638e-01	-1.538159992385483177e+00	5.405673324272937119e-01	-8.160354196623033074e-01	2.568923214170320435e+00	-8.435790636333091452e-01	-6.541506275462146691e-01
-6.464414381764377326e-01	-1.149013711889334877e+00	5.958807443841487306e-01	-1.865840794015834359e+00	5.264800220961221022e-01	1.891755294878469273e+00	8.256896516264349284e-01	-1.701973980529173369e+00
1.915472227592250221e+00	-8.054523245368520046e-01	-1.099075243170652749e+00	-5.684552099248773027e-01	-7.608519815529588559e-01	2.348171964102812481e+00	6.819756315341418684e-02	-7.872482619798069903e-02
-3.667747728111733219e-01	-1.309055970301145511e+00	2.018459462837876028e+00	-9.481450575015808457e-01	1.627436998155259218e+00	1.386665575855394961e+00	-2.705243417456922039e-02	-1.585497817599111237e+00
2.106171524528184236e+00	-9.650666970695946922e-01	-1.091996673330922540e+00	-7.144608495102086065e-01	-7.267204540371876575e-01	2.485970766193372761e+00	-3.364320788015227881e-02	-7.001022327857191196e-02
-7.886978161689307543e-01	1.527659902191189634e+00	7.662427873377974930e-01	2.192993947257043386e-01	-4.948387769384499091e-01	2.322014527656349969e+00	-6.669688639976918410e-01	2.308150789804701120e+00
1.437117720731650339e+00	-4.355194367020253088e-01	2.255627359692081058e+00	-1.218907516012760706e+00	1.654813436665993620e-01	1.746224711890838277e+00	5.306682404608540349e-01	-1.907923109857597055e+00
1.431835348115922724e+00	-8.970323234137884683e-01	-1.431158497732505364e+00	-1.531220289733186413e-01	6.080702991726802953e-01	3.094274021512129380e+00	-7.468533953501783618e-01	1.345514210673006417e-01
-1.042144102567336583e+00	4.021100475540182462e-01	3.740184337206257759e+00	1.711265018337988220e-01	2.639422043805463414e+00	-2.128488602780635730e-01	5.166365019235663603e-02	-8.007374358748965415e-01
1.690919297239540153e+00	-1.336730165063790388e+00	-1.238601188740058312e+00	-4.245752318369466760e-01	5.135522640227945246e-01	3.209951104490384566e+00	-4.050709374086141068e-01	-3.546656906989991559e-02
-1.429304857026946873e+00	4.855858705535753828e-01	3.561418843565282266e+00	6.852951440114710691e-01	1.424735690106684327e+00	-9.225799296143706307e-01	2.147331113143851611e-01	-1.042207389999392886e+00
-2.341571357161680300e+00	-6.599204271005145728e-01	-2.075844355058009127e-01	-3.947839820025152435e-01	8.070406621865136021e-01	2.852292663609485857e+00	6.982163742385634198e-01	3.336323601925293980e-01
-1.256779954368104857e+00	1.440413460844159887e+00	3.252266866079419838e+00	2.415082849414294797e-01	3.978310056391332061e-01	-1.360730760130649752e+00	4.593266626892542059e-01	-6.157638786761988892e-02
-1.438684886239412819e+00	-3.275681156361707758e-01	4.698425885798071633e+00	4.684832389571866873e-01	2.273930606883053152e+00	-1.022992438701422646e+00	-2.890783055354467779e-01	1.137168139655834187e+00
-1.214997949450653092e+00	4.307123671863513081e-01	3.514892245965680839e+00	3.540342706240642845e-02	2.503123179836973300e+00	5.318447318693514392e-02	-2.955204952464377238e-03	3.082903904381885107e-01
-1.014026653576018067e+00	1.329427051253681880e+00	7.429639879473477482e-01	1.186128999073334356e+00	-1.245032834738099004e+00	1.734816281580292996e+00	-7.469984130287908863e-01	1.678730888745794791e+00
-1.216610771135576252e+00	-2.976056291487861882e-01	5.215253463002934353e+00	5.932953667906269990e-01	3.395102830732377175e-02	-1.961754178072063759e+00	4.175441848426736935e-01	7.526563996018152958e-01
3.984668063658065029e-01	1.019737967159105141e+00	3.643739604954369771e+00	1.383888456890451479e+00	3.388870620498918296e+00	-6.442765286722138551e-01	5.014217295491611992e-01	5.159492416043727214e-01
-4.633351052872961562e-01	-8.240694911717775240e-01	3.472813477614784095e+00	-4.563943521127213909e-01	8.392104153264814403e-01	1.396477726702033406e+00	1.855371203851383211e+00	-1.068204079297487175e+00
1.334748455353606533e-01	8.485049717563042382e-01	-3.285248319996038058e-01	8.043435839565475920e-01	1.867937627208005325e-01	1.396157205586291639e+00	-2.357550882941192583e-01	2.583947225142822379e+00
-1.005035568175984162e+00	5.951109066942043002e-01	4.162356985337406279e+00	-3.618368690130388532e-02	3.175566900751411126e+00	-7.971657616969127780e-01	1.355293556747101391e-01	2.205938793646607388e-01
-1.682935920485177039e+00	3.089835291945917106e-01	-8.772052660866500595e-01	2.831359983771702948e-01	1.863476033955245414e+00	2.060218923137806080e+00	6.010005843776351497e-01	-1.007720974893627081e-01
-1.139290022985633311e+00	3.041267203821002019e-01	4.023678355266786077e+00	1.063578068133209376e-01	3.153867002633311323e+00	-6.663543120973381972e-01	5.798383381861194064e-01	-6.001345419188304497e-02
1.075613828483061862e+00	-1.024245779417019664e+00	-1.544566378448475996e+00	-3.742205421959049483e-02	7.620653296603119298e-01	3.017117987672894408e+00	-7.839251523053372139e-01	-4.604830695115251504e-02
1.005522467444206924e+00	-7.749380320506361608e-01	-1.674833902062493385e+00	-2.600185328667126705e-01	6.975633482327501245e-01	3.140723862520839127e+00	-7.297377453413829151e-01	-3.270809365295622162e-01
-6.447208700814620608e-01	8.165767753601712586e-01	4.660848833907293987e+00	-5.261466951436888362e-01	1.613440288877950879e+00	-7.514019041196828841e-01	1.022627583410717911e+00	-3.236078742246952661e-02
-7.034941803817226225e-01	-7.287317989786417094e-01	5.248005661363085217e+00	-5.094612762529564520e-01	1.749445536373812615e+00	-9.519282435775914264e-01	8.816012032392435138e-01	1.131835498147768959e+00
-4.203249253271577057e-01	-1.513694444893192825e+00	2.093242158378610274e+00	-6.816403071800433144e-01	2.038518180971981231e+00	1.218010211394063624e+00	1.517014576887742994e-03	-1.281986760708767825e+00
-7.318965376901943598e-01	-1.062469498746414498e+00	1.739998418036118544e+00	4.856223684835886401e-02	3.579750507693592043e-01	1.135527290229907615e+00	-3.626561589474482927e-01	-2.285425384707233665e+00
-7.929163686235825015e-01	5.512107587292736088e-01	2.785000702615337609e+00	7.565914974884054844e-01	3.873892955104379254e+00	-9.943813513190983278e-01	5.217419522923190112e-01	3.624495997935670011e-02
-5.402946705794419158e-01	-1.642327731375145650e+00	2.541569297294040908e+00	-4.270800096748023078e-01	2.120886252686274620e+00	1.217773029804742446e+00	3.044309061765892999e-02	-1.295462882653671155e+00
-9.424257026282144567e-01	6.757928442173547490e-01	4.769000252967128262e+00	4.694747051840993946e-01	7.253931442997199053e-01	-1.698255926148553252e+00	7.197971258035977815e-01	-3.590164713369237148e-01
-1.786123173342049064e+00	-2.903051727224157941e-01	4.602719050865683670e+00	1.557327406864194907e+00	1.224897284593348568e+00	-1.226475177806889194e+00	3.573581570603945323e-06	3.407497439757443680e-01
-7.896418123758037755e-01	2.343572188831507530e-01	2.910587089288582341e+00	3.908150986535642302e-01	3.910499431542893589e+00	-1.027065761648911391e+00	9.282883391785823335e-01	2.131428152706273116e-01
-1.257366286483638795e+00	5.844399260461501378e-01	3.945297394620437714e+00	4.170926176819276243e-01	3.145838956458527402e+00	-5.370845353771999120e-01	7.164859199150219737e-04	-7.277386758872987638e-02
6.431625041439701373e-01	5.300227090976600275e-01	7.150155901848564977e-01	4.728249147395409135e-01	-1.895241648156787084e+00	3.843795080074844384e-01	-5.888335223941765229e-01	2.003203146850887517e+00
-1.411275542884268264e+00	-1.080927683396137873e+00	2.614216267264501514e+00	7.479691200064206846e-01	8.572434476760073530e-01	9.789128492403308401e-01	7.042240569093962677e-01	-1.887608435300986320e+00
2.439075111119183070e+00	-1.445373107075313523e+00	-5.895204289568120037e-01	-4.425043905591922178e-01	-7.363460253098230712e-01	2.327066291532728926e+00	9.972806596036193350e-02	8.415715028498525763e-02
-6.799260634352594090e-01	4.681796029198314057e-01	4.331109383329553530e+00	4.013730911414556957e-01	3.126790681019075535e+00	-9.911267601533917393e-01	-2.729179578719800325e-01	3.733581088858026198e-02
-1.598185283549863556e+00	-7.795778834042995861e-03	3.783787800349629471e+00	-1.332851754599151395e-01	3.335909421115592632e+00	-4.491580705944983598e-01	3.724641171544085805e-01	3.403517449541751394e-02
-1.782368628690059298e+00	-1.117905098316529511e+00	-7.166094334797266097e-01	-6.676167948160193211e-01	1.523475727646632638e-01	3.342456593802795695e+00	4.293070194119031346e-01	-6.857744415305433439e-02
-5.678161931999914369e-01	-1.635539000391205811e+00	2.815994513332266802e+00	-3.393814031854809898e-01	2.223626746948768496e+00	1.247305719527772361e+00	1.288043883387182675e-01	-1.156678774009680000e+00
-1.031108451303099915e+00	6.395586018843062437e-01	4.037890375158916356e+00	6.278511383304724580e-02	3.135153573783167058e+00	-5.175736259186800581e-01	-1.034145563839364568e-01	1.652206537782482665e-01
-3.273346292427853355e-01	-1.434946411825150037e+00	1.611313319278625977e+00	-9.789898697105855474e-01	1.492099142408964241e+00	1.719523021479816727e+00	-2.389832590999288187e-01	-1.879749595005848706e+00
-7.282784791798537771e-01	-1.637612810935811458e+00	1.463634696486354914e+00	-5.852770025416144106e-01	1.347985876490495061e+00	1.631027141237560762e+00	2.509799127419348186e-01	-2.159902771065948635e+00
1.843402466202909373e+00	-1.075949291451135270e+00	-1.294355102541052238e+00	7.800220284139794402e-02	4.642258587131931069e-01	3.175295074916231641e+00	-8.459319351612861748e-01	1.051463773727142476e-01
-5.329545965370162675e-01	-6.120558430969570418e-01	2.937484515685581332e+00	-5.392982530924057133e-02	1.868992937037636581e+00	1.741952191062567712e+00	1.099604434123937269e+00	-1.329278631670202770e+00
-6.177243148068116696e-01	5.344055663923467092e-01	3.864473063824773735e+00	1.371441291502532300e-01	2.974358205234381547e+00	-7.927539702282044853e-01	2.065084554456355637e-01	-7.350123699087221518e-02
-1.081508291836291491e+00	2.587575614611420383e-01	3.107605764733717191e+00	1.605226903683077300e+00	2.646129293261052506e+00	-1.866331956167775807e+00	5.302038691119292935e-01	-3.100924336866020536e-01
1.026636854459859749e-01	8.341154073701404492e-01	-5.011232377844297980e-01	7.267639107957069022e-01	1.097000953440734561e+00	1.956793451072558199e+00	-7.436031998975322077e-01	2.678382471587646751e+00
-6.174040682414977388e-01	-8.275085982592608191e-01	1.903684113800051758e+00	1.420991619226662062e+00	1.850164889325651485e+00	5.089892804829867501e-01	1.157522033251967564e+00	-2.011093346817705463e+00
-8.857182560517929959e-01	-1.063949177273567859e+00	4.604468463577017445e+00	4.749064979269033149e-01	7.736795015750532745e-01	-1.099120447794364130e+00	-5.498603319311868853e-01	-8.067876455863983720e-01
-8.810546303728801210e-01	8.923176949315553275e-01	4.230642239687395723e+00	-2.140236564816213882e-01	2.801350237296831303e+00	-4.508798058970620026e-01	2.146710575563138268e-01	1.356727139009804017e-01
2.015668016680178254e-01	1.134403744133139158e+00	4.873895555922227452e+00	6.283945081491943974e-01	2.387332604432975014e+00	-4.706007546893676841e-01	-1.267466627038469074e-01	5.313930205198926782e-01
8.596480778441817350e-01	-2.592027315416292610e-01	3.898794865084119543e+00	-8.297477421297000388e-02	6.467700899502236700e-01	1.645162119983097693e+00	1.702677364371155466e+00	-8.490125482857406869e-01
-1.017183199303709040e+00	-4.010929141370334072e-01	5.075065099319931328e+00	-1.458888550831009545e-01	1.465596565560140174e+00	-1.359656716154624023e+00	8.684115185761838163e-01	1.236684330943012888e+00
1.007752744114664978e+00	-1.326948488204784837e+00	-1.156001387710204664e+00	8.194090515549020681e-01	-6.731245950311092185e-01	2.684639226001187318e+00	-5.336816413958997973e-01	-8.761030751648175574e-01
-1.431597815176754773e+00	4.877813505464579924e-01	4.171910063693903936e+00	-6.845969959477607447e-02	2.503833699065330709e+00	-4.492441307657331628e-01	4.854041202681559919e-01	3.624827599162770697e-02
-8.362836162957594244e-01	-3.351655200189083139e-01	3.404793778109665325e+00	1.991287114017151472e-01	2.003821736185364077e+00	1.176418695415071269e+00	8.780524490486292244e-01	-1.275981656205037451e+00
-2.353452669708914202e-01	-1.947132966303813273e+00	3.608759621812273610e-01	-1.670322991898871789e+00	-4.185991439892472465e-01	2.150336284072625226e+00	4.980334849654446949e-01	-6.433876914360998622e-01
1.430177681547101232e+00	-1.004226692031209289e+00	-1.508240913015200579e+00	-2.661230673135246347e-02	6.323654107076299713e-01	2.930383094317152270e+00	-1.057356686858461181e+00	-1.377912850500404296e-01
-2.074772100457170421e+00	1.556866218313501804e-02	-2.526226878293832412e-01	9.179353744487704914e-01	-1.006737571210907012e+00	2.410766613216283716e+00	3.012859462365329866e-01	4.184451533012323310e-01
-1.597754656310209909e-01	2.408406435250027289e-01	3.146097440273571078e+00	3.568992689383407302e-02	2.879702240720305007e+00	-1.288051031703923544e+00	1.464416512418375893e+00	-8.800152048506100499e-02
1.490041719333556669e+00	-1.258239186007590327e+00	-1.271469383836017153e+00	1.748293831579657842e-01	4.043782544088673214e-01	2.876589832067545593e+00	-7.683310261732341218e-01	-2.649558238932092635e-01
-5.287927138237602520e-01	1.257859976998269680e+00	1.429310685796109093e-01	3.737117798092033372e-01	-5.246178342093846814e-01	2.091028544873065442e+00	-5.937899204024503774e-01	3.009357681854929911e+00
-2.468422617359725457e+00	-9.084578871468296235e-01	-2.412361760037060321e-01	7.230166593399375286e-01	-8.168738243444157998e-01	2.363794050397806767e+00	2.203621155900530315e-01	4.692777387068376715e-02
-7.116537980764522375e-01	-1.016028325009759703e+00	1.985749867352507358e+00	-4.544252269840153291e-01	2.346941669122781793e+00	1.410644227331899536e+00	3.520184699972236930e-01	-1.474437740471430391e+00
-1.520991606953650654e+00	-1.151060034453239150e-01	3.060723253638105490e+00	-8.840061520173279896e-02	2.103616946187731429e+00	3.587680786442912773e-01	2.499950638857268426e-01	-1.315454927896621273e-01
-5.198839251157755248e-01	1.269584239494850053e-01	7.360463952315008385e-01	-9.827878182342276725e-01	-8.206590192744067647e-01	3.143613760574531568e+00	1.190483585907945896e+00	7.706178820990163825e-01
-1.643320243547218729e+00	1.228363076536687970e+00	2.850591921218477154e+00	-4.719638854312035309e-02	2.662871853292987367e+00	-2.832761484089333370e-01	-2.561205123022400332e-01	5.803691036445584039e-01
2.613642683568035419e-01	1.594676644830319345e+00	4.496759353605269460e+00	6.166407039115566757e-01	2.206522310439082979e+00	-1.888952521418004182e-01	1.665452563954076259e-01	1.369233187894544346e-01
-6.319751073467022584e-01	-3.352673071674360794e-01	3.504292423253647648e+00	7.349834884897760157e-01	3.781042866260020840e+00	-1.532099713862347556e+00	7.082115187306490256e-01	1.431797468971807430e-01
-7.737126710432135068e-01	-1.396455957382461532e+00	-1.692957234193612770e-01	5.536567759907683461e-01	1.188757976568295405e+00	1.482289499411872713e+00	4.640697889100719453e-01	-2.374599559893413314e+00
-3.795358840096106356e-01	8.359327503115246971e-01	-6.452643326670365331e-01	5.774445720008519745e-01	9.023838211705823564e-01	2.277139565684985989e+00	5.990356753285719371e-02	2.436220470621559109e+00
1.141524138168239721e+00	-9.412963838129249083e-01	-1.436255686515623076e+00	-2.752759024280279632e-01	6.545224390177531992e-01	2.931419391759424009e+00	-5.222769788459473705e-01	-3.588679885897952393e-01
-1.518653312698748703e+00	6.205380584193076476e-01	3.512903712133014444e+00	1.156187598638032998e+00	1.882313957805461069e+00	-1.049286107259833845e+00	-2.443029842631017912e-01	-6.887255390818767253e-01
-5.722185461998370304e-01	-4.828450174360832126e-01	4.915333348292286075e+00	-7.335967713138979995e-01	1.870377726384782280e+00	-1.702263874627753637e+00	1.918984551080390455e-01	-6.752677973967925740e-02
-4.543644357169312475e-01	2.642627034665111507e-01	2.057364159213015964e-01	-5.338421156215230612e-01	-4.923583698172799283e-01	1.909621490102430430e+00	-1.244691672781441216e+00	2.300655319003228616e+00
-1.132550375214740779e+00	-1.358128807898415280e+00	9.482740654540733338e-01	-7.920738885724606382e-01	1.528723904240538722e+00	1.428153270287068288e+00	-2.428873242961679391e-01	-8.586068677276059713e-01
1.094195547083302467e+00	-8.577762272620337303e-01	1.477605263457788976e+00	-6.577449513936101111e-01	8.721443313922043750e-01	2.814918165899730873e+00	1.216790054068707105e-01	-2.075764552524358209e+00
4.867623083161945474e-01	-1.602402569503974750e+00	-6.161253075231525322e-01	-7.263073911413775452e-01	-6.809355370072200930e-02	3.215766229581720204e+00	-8.624997651151820044e-01	2.578210305270952837e-02
-1.655297797334263077e+00	5.381377862647540589e-01	4.053965271301033901e+00	1.510458851256611279e+00	1.896072164115644831e+00	-1.156590680960499329e+00	5.711064849058666848e-02	-1.763615602628654244e-01
-8.488931067661551477e-01	5.773409949089897131e-01	2.769647698932168556e+00	8.758542075655849635e-01	4.016994746585328180e+00	-8.836494025606173031e-01	4.596799639931503090e-01	-4.726056230877913322e-02
-1.312821433637140489e-01	1.590144751610007123e+00	7.217902771948510043e-01	-5.481960044032352375e-01	-6.717656288917872587e-01	2.008528380653271661e+00	2.041939045314785095e-01	3.034950008742911098e+00
-1.285893162835340275e+00	-1.432739669280098438e+00	-8.951054233688202078e-02	-1.239858114935132427e+00	1.168979888854652094e+00	2.542533819564239295e+00	-6.574524734270315030e-02	-1.648158148109534427e+00
-2.735668514756737224e-01	-1.168847189945911413e+00	-3.977296618854134769e-01	-8.825822934501769135e-01	-2.870948296692928947e-01	3.515432397864552527e+00	-8.036559829890269624e-01	-2.753399561376888016e-01
-9.073242342248126757e-01	-1.185609189853712220e+00	2.549011541283291438e-02	-2.019680824740335001e-01	-2.210164167162680104e-01	2.981988573631105588e+00	-1.100844797664214170e+00	1.866775108257310745e+00
-1.324193012686282422e+00	-7.708792747032533477e-01	3.328758575604394032e+00	4.816858399295853577e-02	1.120700179759652304e+00	1.584016547146990916e+00	8.254450068080823044e-01	-1.255510363533262508e+00
-9.119273898602541228e-01	5.654109910271698514e-01	4.540184707127327357e+00	2.001077620420261549e-01	3.067769047639151925e+00	-8.086775391603472363e-01	-8.887493353971169519e-02	5.128284149327198838e-02
-8.637361569499476532e-01	7.806064434687565168e-03	2.906286321433521724e+00	6.297351763751753984e-01	4.285213048916280520e+00	-1.007596822593891384e+00	3.548105768692862427e-01	3.158916199664199009e-01
-1.225210767850680060e+00	7.767358842984973810e-01	4.585632555142452382e+00	4.763406269704376639e-01	2.802267889317977101e+00	-1.027642628064892483e+00	-6.733787690480445842e-02	-2.260013758405184092e-02
2.614574471670026434e-01	-1.319665195872188335e+00	-1.810462246290450439e-01	-1.303380017659302670e+00	-9.362294727468994937e-01	2.517542559517284673e+00	3.687632560974707929e-01	4.578919882686051379e-02
-1.740238882722698444e+00	3.911346735013438436e-01	4.280094904132699440e+00	1.037251316626596642e+00	1.631931356714489745e+00	-8.681638111808501757e-01	1.893821551913676959e-02	-6.895895474053409524e-01
2.135846825969414997e+00	-8.656906170090715724e-01	-9.986493319867757457e-01	-5.999046993844548981e-01	-7.967494557260957899e-01	2.896889163573637127e+00	1.736916489556852294e-01	-2.532704188601998530e-01
-6.413732122020706639e-01	-7.808769260797403522e-01	1.275385348625535098e-03	-1.342040253453343102e+00	-1.873171166799941223e-01	2.059940075459326891e+00	7.890701464528133702e-01	-1.216166065678712771e+00
-4.273183807307991966e-01	-2.653198224217530043e+00	1.667252372674290051e+00	-1.606566158429356683e+00	-9.124702685294099058e-02	1.781537300547291203e+00	7.781043518297641182e-01	-1.250665078768148364e+00
-4.370612565178625397e-01	-1.197256107181163598e+00	5.363141132944045930e-01	-1.144127505356763219e+00	1.557966506188323885e+00	2.684197690974341910e+00	1.122569777819028558e-01	-1.899174348572311155e+00
1.289153569644690744e+00	-8.460204894176504009e-01	-1.384636650197718755e+00	6.743559470601778738e-01	-7.895114073266252808e-01	2.234441266848398833e+00	-7.871528451741528487e-01	-5.310105157515395691e-01
-2.735808660354931976e-01	-9.962794781477357642e-01	5.111519837332645366e-01	-1.546645428768356645e+00	2.578574492473483804e-01	2.070927381315823990e+00	1.014200249400707410e+00	-1.656485996880633360e+00
-1.106730605985394522e+00	6.404731951071022111e-01	4.151870834403621480e+00	-4.458699156629768873e-02	2.801128876409051838e+00	-2.936059854817523185e-01	5.358142892034587490e-01	-1.809130505258393917e-01
-1.244861156050118822e+00	6.490874677372165946e-01	4.290878989005865840e+00	1.175047999321601866e+00	1.538473470432702328e+00	-1.405072746547505247e+00	2.101289901025679141e-01	-2.940845355320689247e-01
-5.992427187352058482e-01	3.467689417157204801e-01	-3.329912359867174820e-01	3.284407286137722148e-02	1.075933778576504407e-02	1.303412616395113188e+00	1.217195360787879599e+00	2.621377743603104715e+00
-3.433752915825193375e-01	6.193483983524443737e-01	2.999600316690250512e+00	7.671354870501726486e-01	4.224520103564604945e+00	-8.976919452040265091e-01	2.046910687562674691e-01	2.995478268218840778e-01
9.296610291315707819e-01	-1.308257157116220482e+00	-1.361937529870074659e+00	1.437466625508822260e-01	1.250410759854751364e+00	3.057758457197992108e+00	-9.931008248761024060e-01	-1.827801162477256380e-01
-2.869399472367407111e-01	4.749585545551100463e-01	4.623264839546818550e+00	-4.164239472456309765e-01	1.937474185778502722e+00	-7.197365826695549806e-01	1.168487431738353788e+00	-1.075461493812890912e-01
-6.671740025976161670e-01	-1.625641754216712087e+00	1.618008782749090768e+00	-6.501648559045116738e-01	2.158532304357526410e+00	1.248709453910045841e+00	-1.626729927096903228e-01	-1.276037389100221020e+00
-1.251258449072443213e+00	4.124342250704438051e-01	4.422387117753770802e+00	-1.328596186779535671e-01	2.625102233290967479e+00	-5.989766946979610540e-02	1.951325391455328573e-01	2.757815773798412695e-01
-1.722714116923347527e+00	6.218501367700595139e-01	4.124796011673328877e+00	1.098031584611600220e+00	1.656097097572997834e+00	-1.117898254702755612e+00	5.249391379978025629e-01	-6.570163792569481132e-01
-3.174044163025532272e-01	-1.164510551266802141e+00	-4.855244649427986059e-01	1.861154985688991681e-01	-1.277474124065795635e+00	2.558787496809880935e+00	-8.774124741769089297e-01	-6.471043796892870237e-01
-1.065241223230421586e+00	-3.872152112197462803e-01	3.648302818669100223e+00	-9.953508858511660173e-02	2.757906769798502022e+00	7.752259283716069760e-01	3.705521730139880732e-01	-4.458517623718620260e-01
-9.497024340548658738e-01	9.904216396538327860e-01	3.530886825909009374e+00	5.174661396814245196e-01	3.313145307613521773e+00	-7.697102399898855252e-01	3.738110470203483415e-01	-2.771004780729975359e-01
-7.586091505278491631e-01	4.545371894381000644e-01	4.313511454483898611e+00	-5.878424213895061534e-02	2.719037059924908739e+00	-9.030628237779037004e-01	1.697855061922853848e-01	-9.466616671698623031e-02
-1.654974628146247406e+00	-7.697481203650404780e-01	4.774349328860100883e+00	1.528698222687089103e+00	1.571822101876233502e+00	-1.279839725336886280e+00	-1.550257984097547226e-01	2.248255373371851606e-01
-1.001136190988739516e+00	9.798492826154311386e-01	4.335252010348057183e+00	-6.917784880461481656e-01	1.113389161987637488e+00	-1.094442546118701953e+00	4.432645145024877720e-01	-1.832044570898166535e-03
-1.343261537479667256e+00	1.300573737311211620e+00	6.894203799417413236e-01	9.830760076706267503e-01	-1.324148304846994195e+00	1.788295163774802354e+00	-7.699721236697572024e-01	1.561152771745171197e+00
-1.945877705120210077e+00	-7.782499163326286329e-01	-2.973085378440046833e-01	-6.957827025774371288e-01	3.566091012042480468e-01	3.037831433130712355e+00	7.519090373446006836e-01	2.457306418716270757e-01
-2.441905041106832819e+00	-3.023145571153953992e-01	-1.195213215427950892e+00	-1.185259989677491799e+00	4.189429638987807181e-01	2.225326399040840286e+00	-1.571856226633759346e-01	5.752475639867977719e-01
-1.191977621703061097e+00	2.491022253649222973e-01	4.297867610691432638e+00	4.861827010715320529e-01	3.072942463766444643e+00	-1.018397748299078476e+00	4.369426749119426079e-02	7.438954209422952296e-03
-3.702467240470518339e-01	-1.994630103421294764e+00	1.739995834339961578e-01	-3.866212278428490801e-01	2.505223889679598859e+00	1.375304677016198518e+00	5.427746171445337886e-01	-1.694364266645508543e+00
1.536409918271047781e-02	1.318597370098484767e+00	5.099960195326393553e+00	4.351146281688123008e-01	1.877328472446755381e+00	-9.463101179566009435e-02	-2.110230163796540381e-01	3.551697122962373943e-01
-3.261284297586850567e-01	-3.558613394235464744e-01	5.006554638439027372e+00	-1.102192671656728740e+00	1.749557756291772126e+00	-1.466441582991739656e+00	-1.832377901844895601e-02	-2.011720078031660475e-01
-1.709498234242310399e+00	-1.553858097698671281e-01	-3.505900591701312935e-02	1.149929376350694366e+00	-1.212409062925704717e+00	2.748908475570013721e+00	-7.542053790495566179e-02	4.104477182467481389e-01
-2.399758919544154601e-01	-2.628086091641147481e-01	4.192140216021868149e+00	-5.577027951563058306e-01	3.182322782725624855e+00	-7.690115671501451811e-01	-5.138227003910331714e-01	-5.128649114391886643e-01
-8.436564425146264590e-02	5.905283269699410642e-01	6.421850868234204590e-01	9.506739049126079477e-01	-1.510337406144317551e+00	1.217273784079774934e+00	-1.642774374788427139e+00	2.225661147148746188e+00
7.304542576287548217e-02	-1.198772156897452756e+00	-8.845569203791309176e-01	-6.981756483147284476e-01	4.365901152174206934e-01	3.330350082524760502e+00	-2.330832237140853525e-01	-2.852169477499707506e-01
-1.180025998794461461e+00	6.058114480625911846e-02	2.715934034615886006e+00	7.708025030127553245e-01	3.959163732021169224e+00	-8.583000628906033436e-01	6.766592240606132957e-01	-8.708221109297614726e-02
-3.733664405038163436e-01	-1.501554243961938040e+00	1.014265897041195075e+00	-9.364382020496118120e-01	1.462921016845063482e+00	1.975913993610293407e+00	9.578982501324784238e-02	-2.133653459107120565e+00
-1.137030114632534783e+00	-1.779186761690363522e-02	-5.293778005608062304e-02	4.540194119226199643e-01	-8.506461925700739002e-01	3.694313948134076320e+00	6.259582168771031796e-01	1.293039796431252775e+00
-4.192858928385231332e-01	4.615508628475029074e-01	2.770422908901400305e+00	7.298055056869893198e-01	3.832773504418069077e+00	-6.357802800234100271e-01	6.424767616466187103e-01	-4.551872858313323889e-01
-1.656795187601657338e+00	1.414322283714150252e+00	3.019153875822879307e+00	3.051627287444943493e-01	2.576625596321686196e+00	-7.766884626229423327e-01	-3.986341561737959949e-01	6.794752307893026089e-01
-1.027303115156350310e+00	6.741714349158480779e-01	4.503133870993496934e+00	2.099811208789586214e-01	2.908895860382807008e+00	-9.938011810071617491e-01	1.862016546087635338e-01	1.813680611498884043e-01
-4.160241504771769461e-01	-1.549858629953177136e+00	2.121047478964585231e+00	-6.028087086399009920e-01	1.377621317345405050e+00	1.306669921157777914e+00	-1.961271706988860775e-01	-1.544927424997367460e+00
-7.602025204555838966e-01	5.362339150038316626e-01	4.623887422571498540e+00	4.589149506538493517e-01	2.973255416990098432e+00	-5.648314376032033124e-01	4.210270007854817753e-01	-1.934601424952565873e-01
1.231549746445181892e+00	-1.192252262068381974e+00	-1.255853291992957921e+00	1.407256692509944729e-01	5.592776426494325825e-01	3.040528508371824756e+00	-7.380448231134266734e-01	-2.803288717498348404e-01
-2.267113302147304166e-01	1.795032823929107346e+00	9.810868334418627601e-01	-3.568928532046632407e-01	-9.408926308196730037e-01	1.996927244061066142e+00	2.509220658876221699e-01	2.634189930101827226e+00
-5.858957975360182813e-01	-1.372081546663853624e+00	-8.010370683344029130e-01	-1.671229045744896169e+00	-8.095973448150441953e-01	2.446028211045430112e+00	2.042438170218904281e-01	1.076990737051125163e-01
7.335809511801956173e-01	-8.695682774048767438e-01	-5.650721030732308581e-01	-2.426851025181766819e-01	1.069471067932249442e+00	2.478197915577880828e+00	2.713386607197609268e-01	-1.648138005445375587e+00
1.285288129921239975e+00	-8.167779996616019167e-01	1.365197085019348444e+00	-1.113619509871050406e+00	7.919009426506701255e-02	2.197605968052343428e+00	8.365474168713060710e-01	-2.281144950125183701e+00
-9.258686644179614511e-01	4.627015557007245761e-01	4.226907222931598263e+00	5.121532887926258382e-02	2.929584138188624731e+00	-3.031217055835873087e-01	2.828848787932355946e-01	-4.535439514883363721e-01
-1.290173884960559070e+00	-2.700027525231568637e-02	5.968635793664089917e-01	2.701404686178309200e-01	-2.300116940887554140e+00	2.256192172140531582e+00	1.111584147009427648e+00	3.874399385815687769e-01
7.078506473669907706e-01	1.736819741893151914e-01	5.159724104135684719e+00	4.737217119700253276e-01	1.546131900739371456e-01	-1.781474169377361028e+00	-2.035292916468981750e-01	-2.122532450703677187e-01
-9.227427266459173882e-01	-1.271728963556952863e+00	9.007359794063141134e-01	-8.918171722811379931e-01	-2.774169911320362725e-01	1.009688394110478615e+00	8.176575451278638162e-01	-2.548536234460564209e+00
-3.360311258435828008e-01	-1.915438228604367188e+00	1.295495638362571977e+00	-6.530311955505172516e-01	1.645898044405434302e+00	2.441545408839300713e+00	3.607958039113451365e-02	-1.817017878687461563e+00
-1.723151671020417830e-01	-1.857335536919311192e+00	8.071658041747344914e-01	-2.198947356083184035e-01	2.852617877048280182e+00	9.370410700207395527e-01	4.024565535750591061e-01	-1.155696427296990736e+00
3.775449595353705390e-01	1.378398217418595473e-01	2.886868616283971622e+00	-1.679917753864916541e-01	2.626804423989115289e-02	1.497284030052763670e+00	1.276191152221912040e+00	-2.537170191834104971e-01
1.552953630630403925e+00	-7.666467318198109115e-01	-1.448623017120991063e+00	-5.393266433635138801e-01	7.454696568894976227e-01	3.442478357835090819e+00	-5.201578588306351447e-01	-2.364900634115641234e-02
-2.586484630877541879e-01	-1.661564638946916972e+00	-3.784453453288208480e-01	-1.635315414053306604e+00	-1.309291314537343487e+00	2.600382134419091607e+00	6.208554595425452849e-02	3.128158470358027854e-01
-4.859874823169884617e-01	2.802445893910853747e-01	4.672239979674046140e+00	-3.694115989205166706e-01	1.943978835762974366e+00	-8.569494113331946883e-01	1.198778694639198728e+00	1.364576578948035190e-01
1.608308442009322548e+00	-8.589435805081857556e-01	-1.487503107867279573e+00	-2.757967020225562949e-01	6.109833020717287955e-01	3.120034679288028912e+00	-7.845717092949101579e-01	-7.618454451881016831e-02
-8.632033686314840581e-01	-3.955294774634773858e-01	4.165634470164657266e+00	6.988036001557591526e-01	1.859307003080380216e+00	-1.723491175387268592e+00	-7.014665643457552724e-01	-6.990117184488596758e-01
-1.711839145197139977e+00	-4.772448536796893848e-01	3.903077686027215942e-01	-1.239116927929661216e+00	-6.641912006905024979e-02	2.674172188753268564e+00	1.620847257718049272e+00	5.359118461989224036e-01
-8.037337350381588141e-01	-9.436885086841779735e-01	3.517011889228413568e-01	-1.323966542239394473e+00	4.357830982124908936e-01	2.400394490371723144e+00	1.837812229606173853e-01	-1.638289040095360249e+00
-1.992058365650236196e+00	-1.128959473633332378e+00	-1.628539412753586546e-01	-4.323473498972201234e-01	3.508503245342632915e-01	3.125604331854883178e+00	5.215189045722818939e-01	4.945777478666414373e-01
-1.542234623005346084e+00	-1.759570549233597347e+00	3.158383633909790600e+00	3.370528114305189060e-01	1.499958304921947372e+00	1.652082227397292158e+00	6.477149912720954195e-01	-2.791619102872331393e-01
-2.774785455087588337e-01	-1.353976476994736222e+00	1.326955225126667859e+00	-1.648286023596756245e+00	2.713507195216077195e-01	1.795019072420522388e+00	8.319506298614482986e-01	-1.892076964434871389e+00
-6.273779062411761753e-01	1.913030214165101217e-01	2.686628217012645425e+00	5.581966195476224524e-01	4.115995313273610456e+00	-9.753837670408646021e-01	3.001711078760172513e-01	3.129180287629017565e-01
-1.414821663254591799e+00	3.038393006561723730e-01	4.070522283628930538e+00	1.112963474769560701e+00	1.685537339649040733e+00	-1.189255691377953505e+00	5.045723966450610387e-02	-7.027487808100564282e-01
1.490831558332070594e+00	-2.429139356723625465e+00	2.904883930433170391e+00	-5.143656618808377656e-01	-1.785586253573840099e-01	1.259029093006034383e+00	6.942435099497163975e-01	-3.679769338359578090e-01
-5.861610662343488265e-01	-1.948911359526584175e-01	4.351231675363489870e+00	-1.956422948944480933e-01	3.163187767640872838e+00	-1.029550575028472803e+00	-6.294248893101224152e-01	-1.947772208390949056e-01
-1.019358257141337099e+00	8.253869474994469657e-01	4.243688268769034266e+00	1.549431933016826302e-01	3.082544249649735946e+00	-8.037749183308560141e-01	-8.549764899435130516e-02	1.101746382716529277e-01
-1.287579206352075678e+00	1.116354667386612931e+00	1.639432778199785001e-01	1.324239394527004510e-01	-8.372180541857668357e-02	2.686574871510932105e+00	3.811720447405936296e-02	1.017952795453336723e+00
1.826250904419096432e+00	-1.157138823830582641e+00	-1.301396415527808381e+00	-8.690925318469438707e-03	-7.231884123859627644e-02	2.793681618932279953e+00	-6.591981666229831394e-01	-1.372586105493673325e-01
2.342895918868527882e+00	-8.349027610204833305e-01	-7.578483966030614694e-01	-1.222656626201035657e+00	2.237065671887146223e-01	2.441331380299729403e+00	6.817216851558455248e-02	1.903502713983695471e-01
-1.111257662263760881e+00	1.043460641083791440e+00	6.748129523331892754e-01	1.062148146549846572e+00	-1.311450264788673881e+00	1.526695369040463879e+00	-1.000786123480309486e+00	1.774787827025657183e+00
-1.060301828657347345e+00	5.319894855945894729e-01	4.451058407767509273e+00	5.426416372385965969e-01	2.595549694269023711e+00	-5.000467669443185992e-01	3.214823034911079569e-02	-3.711453296297596571e-01
-1.202365968127365514e+00	1.108041772725413932e+00	3.477170062211530244e+00	-4.510848958112806950e-01	1.915723151263187152e+00	-1.066675119446176545e+00	8.149824472192259694e-01	8.869944855535519812e-01
-6.298588477668891628e-01	-1.264926363716919244e+00	3.822254112670576909e+00	5.204541234443178510e-01	2.113106693611443099e+00	1.219591116709484169e+00	1.165632535101545519e+00	-8.033331621875137163e-01
-4.195810002887100931e-01	1.607916331426347378e+00	2.423071239070202054e+00	1.970355662366517491e+00	1.996340020256824666e+00	-1.034427595655697862e+00	-4.163018408629021172e-02	3.313573763300338704e-01
-8.199230293446185813e-01	9.178695761846582535e-01	2.775234451180410566e+00	7.814684555034397961e-01	3.476726560370892116e+00	-9.152928361218372055e-01	1.010979287524785608e+00	2.092369785221470102e-01
-6.149164166000747889e-01	-4.596662127947434562e-01	4.119391469502233782e+00	-2.548010689574279342e-01	3.055585628802892639e+00	-1.399787501542920864e+00	-5.343819269113631032e-01	1.506084350460379639e-01
-6.894302279855855919e-02	1.412738290662701068e+00	4.662581794788429157e+00	5.861114377921663454e-01	2.288210178720748278e+00	1.176369905290780560e-02	-1.528981189008053743e-01	5.582647198079033757e-01
1.279483637493190384e+00	-8.783238379781278526e-01	-1.516948065378804777e+00	-1.732517381824726643e-01	5.171440334331083299e-01	3.154828437941217700e+00	-5.631749273965700464e-01	-2.975038739668467436e-02
-7.458281975991414292e-01	4.013448268226245674e-01	4.939292724012005031e+00	6.064459614173727253e-01	2.787417261540158453e+00	-1.062558231466533609e+00	-2.777594839848456648e-02	2.567635127173766296e-01
-1.713554199493041219e+00	7.324204454968402667e-01	4.136103662222335942e+00	1.066130138038716701e+00	1.633831388333808921e+00	-1.064394680144040928e+00	-7.528519308978212816e-03	-6.412391354361923756e-01
-2.990839503452426551e-01	-1.223156456376031320e+00	9.506530672452297992e-01	-1.252743183126800997e+00	8.373028787451092247e-02	2.082987897733722171e+00	1.250746782293143955e+00	-2.018311192056478465e+00
-9.847254713584080443e-01	-1.016716926582355462e+00	2.760123176831606795e+00	6.338271191937081550e-01	3.963507846526569400e-01	1.399246232106512444e+00	1.621236653390127902e-01	-2.002650402675276720e+00
-1.133122029323750057e+00	6.316348961118731786e-01	3.709974045870299442e+00	2.925400555410565540e-01	3.108328770310543110e+00	-3.168297659885616624e-01	-2.240185725614073087e-01	6.008150312467901155e-02
-7.672903621747394487e-01	5.548959551776763144e-01	4.948941389715945327e+00	-1.152918949341124183e-01	2.006756463451714101e+00	-9.880336851505936435e-01	1.168866615657945918e+00	3.357560743354462973e-01
-1.919712704220322835e-02	1.634246538160930573e+00	4.725883918481402546e+00	5.113136979580438224e-01	1.947705322230323333e+00	-2.939124173058509926e-01	-4.785291350060798254e-02	4.575182496637318352e-01
-1.784083579399435182e+00	-1.410603906207312519e-01	1.270346496183258345e-01	1.218086581760641662e+00	-1.213583508140951173e+00	2.509655607220119045e+00	-1.755323254981755732e-01	8.419714529075470466e-01
-3.036385616013454469e-01	-1.387933035155901607e+00	-5.067790739328056349e-01	-6.701503042354272077e-01	1.968416152988684109e+00	1.893004794582924255e+00	4.705028292513892541e-01	-2.062322531679812165e+00
-3.317175159351172242e-01	1.415434492213244688e+00	6.982641109552795156e-01	-2.785039077177104971e-01	-1.281548104625610529e+00	1.644998825914536056e+00	4.432533143971567613e-02	2.932743122640804501e+00
-6.211313486840469578e-01	-1.029584991254532955e+00	1.226622817847991431e+00	-8.599120356396856568e-01	1.229709944324977489e+00	1.883110787351075732e+00	-3.764170907689862872e-02	-2.154302544487406212e+00
1.117965367020786083e+00	-1.024976847918633860e+00	-1.314796241282108591e+00	1.008521899942697919e+00	-5.971740979232156299e-01	2.590788219961226879e+00	-8.456976343985205258e-01	-5.149371821462277454e-01
-8.547510636075766888e-01	5.573546606526871283e-01	4.322335552838493911e+00	-3.233497183497716088e-01	2.147211384468010298e+00	-1.258994056611954626e+00	1.072161499542686691e+00	-7.075011042610684919e-02
1.097766070650923131e+00	-1.230810616292655979e+00	-1.261779178363668708e+00	8.489548681703603661e-01	-6.824621911656314488e-01	2.803329881903333209e+00	-6.190324831417578499e-01	-7.923538062711290575e-01
-1.655965127717406782e+00	3.718791680194248883e-01	4.152554014432743301e+00	8.403483350243506900e-01	2.467434882522325790e+00	-4.839442216676108632e-01	2.444103115783807234e-01	1.343137920587355927e+00
-1.006635753784034693e+00	5.030130596718931368e-01	3.930179077661509091e+00	2.869662671490930128e-01	3.124969197982986557e+00	-5.734642261119150541e-01	-1.675018700838913632e-02	2.089046840586114215e-02
-9.816636796585338498e-01	3.205689399975123477e-01	4.402393604352858425e+00	1.755251697970655334e-01	3.082203000096631840e+00	-8.768009337900661837e-01	-8.081949344315546291e-03	5.981948069317422068e-02
1.969063335968786799e+00	-9.079550790265914495e-01	-9.615781443318111021e-01	-7.923078703554949920e-01	-3.869391455662743451e-01	2.518806172746089089e+00	2.187020201569746525e-01	1.044492266924055973e-01
-1.032593902456624413e+00	-5.165890743853787104e-01	2.855369660925274999e+00	9.069181405127323403e-01	8.035339929097642386e-01	8.777974833412498512e-01	1.232719292509491860e+00	-1.937937786555957054e+00
1.559148019918476180e+00	-9.539518382722237400e-01	-1.290520077585089354e+00	-2.946121250338637476e-01	4.630537985924794153e-01	3.070112444346949410e+00	-6.714181351213471816e-01	5.238192192498151989e-03
-8.646204707866784744e-01	-1.084916370351542536e+00	2.676752007342134920e+00	2.573693212371018779e-01	1.985634754304606453e+00	1.732168137833986377e+00	9.776613056174263683e-01	-1.181499363710109440e+00
1.562796975041254921e+00	-1.023600906171661551e+00	-1.416700425874675817e+00	-4.288915091940477264e-01	8.769982269854930124e-01	3.043209962633197208e+00	-7.076988641019830162e-01	1.440725340033693069e-01
-1.480394479221392556e+00	5.991247408677342623e-01	3.621837071707199485e+00	4.262000415833323563e-01	3.166107629782369592e+00	-2.306070409451230208e-01	-3.312732081697554194e-03	-2.041773922086007054e-01
-7.550568696386005252e-01	-1.709668191025614181e+00	1.050863486906090882e+00	-7.432121414275909554e-01	1.007751337558934868e+00	2.160509611246321349e+00	-5.564109314678410134e-02	-2.253129128591151886e+00
-1.409487167749613690e+00	1.373944477805029818e+00	3.290570325574361910e+00	1.859386144610055969e-01	2.835866815373516925e+00	-2.693914927795150183e-01	2.405175609301576922e-01	4.221592851867445595e-01
-1.887489860459969693e+00	-8.719688609564431037e-01	6.090881427621219757e-02	-8.716582509182053684e-01	-8.837387365147854057e-01	2.315521402224026026e+00	1.322821523355499185e+00	1.111105815058098800e+00
-3.959455480873287914e-01	-1.841754019011792032e+00	2.541130541576228641e-01	-8.123156414210591647e-02	-5.698949333119863320e-02	1.996592054799940508e+00	1.951518164358171936e-01	-2.482599703344703368e+00
2.007433980752078462e+00	-9.679725406416028743e-01	-1.185211951842829903e+00	8.822535881398557711e-03	-2.071409298077374617e-01	3.196771035496182911e+00	-4.589052873304296787e-01	-1.291045234742569103e-01
-2.252803661680612635e+00	-1.274330704597674835e+00	5.595198716718396970e-01	-4.635821677435101318e-01	2.675408056833926129e-01	2.973128553183395972e+00	5.672024502806007895e-01	5.265618669463008050e-01
-3.479445883457649713e-01	-1.373762088489531186e+00	-1.410769175695721356e-01	-1.107387747122239752e+00	7.828523813861163472e-01	2.919512515141162723e+00	-3.696738705902913869e-01	-1.036117208643796417e+00
-2.431235333601351911e+00	-5.497464770862552363e-01	-3.677039255949109409e-01	8.651462689828125496e-01	-9.187665915496885383e-01	2.210150909472543113e+00	-1.903128509792136047e-02	5.185221409386197022e-01
-5.198468999852681183e-01	1.233953434519464709e+00	7.004990056861043479e-01	1.247257677240853069e-01	-5.812742282793245119e-01	2.085657776213990289e+00	-8.949165612645062495e-01	2.431000756587813783e+00
-1.004540773363218786e+00	-1.633731491643822586e+00	1.843588476552093347e+00	-4.519601321302339769e-02	1.874461675712902065e-01	1.050445827643396335e+00	-2.646681683309240474e-01	-2.096138729223672836e+00
-7.517743327895984873e-01	6.966207015503693423e-02	2.585369596398713554e+00	1.624854670766000098e+00	2.322718898168916191e+00	-5.608636499100689843e-01	9.655482661822378798e-01	-1.312259754056178229e+00
-2.828551812416641442e-01	-1.861568397136602160e+00	2.406663729628692128e+00	-1.385996454702471681e+00	8.528055242459895435e-01	9.786674588380050999e-01	8.690925215234344137e-01	-1.434258266490307410e+00
-3.698958756071142884e-01	1.190594210814668097e+00	-4.624082130133679858e-01	6.976097470397394362e-01	1.134521173205027988e+00	2.017583765733751200e+00	-1.581428060935997637e-01	2.491606346789132953e+00
-4.008306790828347066e-01	3.526368883401914678e-01	5.698605427783108857e-01	5.056008695193044966e-01	-2.037705281514573308e+00	1.499954721214172171e+00	-1.472671551789747957e+00	1.894174697775192318e+00
-9.735006188479591316e-01	1.331967262063159518e+00	-1.307929848891536961e-01	2.498088118472617525e-01	-1.085182539460118334e-01	2.845389318122221844e+00	-4.022203747062668699e-01	2.195874540265613462e+00
-6.771426521338369531e-01	1.163130824292694765e+00	3.336119556238810180e-01	7.120426085814041128e-02	-2.549755707567116780e-01	2.058683129599796935e+00	-5.396308434341718918e-01	2.616215516892002491e+00
-6.963695928053205142e-01	-8.416949392573150890e-01	3.830380947006523318e+00	-3.475125545065498311e-01	1.306278968783094463e+00	7.157770195137906910e-01	1.935194033135703151e+00	-5.959883936834805551e-01
-9.959755700663075473e-01	-5.560417752133037794e-01	2.556698888096423428e+00	1.424787327393531589e-01	2.283668166385755427e+00	1.785648646501164949e+00	7.058826124029573545e-01	-8.721631789176170768e-01
-1.321411143209303418e+00	-2.043431013711543454e+00	-1.034388009502048345e+00	-2.136313974180859832e-01	1.893426147644668545e+00	2.005110107311020240e+00	2.137931281678107087e-02	9.933246794904321275e-01
-2.050590299785937931e-01	-1.564987745032992539e+00	2.151121652187669486e+00	-5.884678086903387673e-01	1.514636963019578619e+00	1.886323711624221078e+00	-8.111302177156337612e-02	-1.642462258275258824e+00
-5.374348354290143792e-01	-1.178580841518285016e+00	2.297165598812583198e+00	9.901689490873680777e-01	2.893069170382123634e+00	8.170931426134583342e-01	1.400823258543331562e+00	-1.150596632889277826e+00
9.506656554833270434e-01	-8.425234312815598203e-01	-1.593970264964991612e+00	-3.301800691559285683e-01	6.943511710822825034e-01	3.318593423893124061e+00	-6.399266450964289366e-01	-1.785082592017896985e-01
-8.104720087719506638e-02	4.564520012564261819e-02	2.877502308992631708e+00	1.018796587486911154e+00	2.573692838332870991e+00	-2.160237079401812643e+00	-3.378953785197761905e-01	-8.600048285638255408e-01
-1.322855685277702920e+00	2.980824921780140802e-01	4.733578199606755632e+00	1.082125551852413992e+00	1.244052027166694385e+00	-1.024090982939971362e+00	2.214062132263655558e-02	-4.678507462426285124e-01
-1.222236870078990512e+00	-1.591946462962557096e-01	3.026337008611623247e+00	1.792760757682482442e+00	3.003941256025615569e+00	-1.683511426920169862e+00	1.861152862868938884e-01	-4.038864888084243154e-01
2.958920192066034072e-01	4.397488139050252931e-01	2.945495178601901909e+00	1.363423565516531211e+00	2.871398442990259259e+00	5.486892188387243463e-01	1.029763044882308298e+00	5.303228504415232747e-01
-1.201008792096818878e+00	-2.738913383677630264e-01	2.601583301434977069e-01	5.765550081564571605e-02	-4.222674243311883568e-01	3.364051319037852039e+00	6.660158710192978226e-01	1.727634349074722353e+00
-1.154075834861475025e+00	-2.834936782652058840e-01	1.276097788463345373e-01	-5.016346695420119683e-01	-2.232443043623570933e+00	6.468202220868990437e-01	-2.688449369838219472e-01	9.167222505863217297e-01
-9.854031240202996145e-01	5.124772370156288614e-01	4.099518106303615461e+00	3.887847418942900202e-01	2.922271265819043062e+00	-3.131350766285766474e-01	3.857539963751511203e-01	-4.097133629433978297e-01
-1.763628536407319425e+00	-1.816648479308683228e+00	-5.475779921037754461e-01	-9.097495039075058632e-01	-1.721231733326489266e+00	1.458905813261875961e+00	2.841662878174243123e-01	-2.399605199989151560e-01
-9.746306597455479670e-01	-5.685665510377527765e-01	3.779119110142279858e+00	-6.372479867910835205e-01	3.340249479666220545e+00	-9.206590455045590149e-01	-6.668731259126756683e-01	1.097485707295781515e-01
-1.522523643714254860e+00	9.001214246275218711e-01	3.309421330070603684e+00	3.009583616871756018e-01	5.077709453098275816e-01	-1.109146377389243376e+00	9.087107675882313274e-01	-3.424690080504698697e-01
-2.541470430584200635e-01	-1.442747243696897774e+00	6.546282752861455334e-01	-1.043500058565000277e+00	1.455705184498172544e+00	2.136336055080449547e+00	3.758456737122237157e-01	-2.341594685894963224e+00
-2.975505116334065808e-02	1.248295786516854688e+00	3.693164810456595060e-02	1.125390135861318086e+00	-1.246636963528026110e+00	7.580438067061896490e-01	4.209848828356066996e-01	2.240448227342093368e+00
-1.490697973169861523e+00	-6.259307761138942494e-01	3.076674770980606155e+00	-2.211280404566042489e-03	1.375189593035238023e+00	1.856726233674894866e+00	9.958953381422122053e-01	-1.077421962474415462e+00
1.017872635623841004e+00	-9.896607410962494633e-01	-1.469789854414818020e+00	-8.216491851657040102e-02	4.355137385323002430e-01	3.235949462536267696e+00	-4.199979543099972012e-01	-3.552064604881877696e-01
-7.523491208491326354e-01	-6.475342000716244328e-01	2.962107378539332037e-01	-8.214270033941777349e-01	7.660898289336030009e-01	2.551118050892279498e+00	2.637151236238494678e-01	-1.356477195443709372e+00
-1.321982280064415649e+00	-3.995794916663072960e-01	-8.704690730454767156e-02	-7.854356473299353159e-01	3.125866910544192745e-01	2.673818073395887396e+00	2.893783149283574718e-01	-1.481379199471045016e+00
-5.173323804644854862e-01	-4.816564161822590312e-02	-6.300798821155546570e-01	-1.681350866412201772e-01	-2.271289403985177202e-02	2.488420294643097996e+00	1.722821089587471377e+00	1.289823502924623444e+00
-2.954554918487645176e-01	-9.740259035908478413e-01	2.226006202112380983e+00	1.768551776172846701e-01	1.888738112789081880e+00	9.424887707410815052e-01	2.394530698151196901e+00	-1.024961344253334294e+00
-1.363012703138457793e+00	1.043205335367891062e-01	4.233135429422762996e+00	1.244090290453313097e+00	2.253291672085024899e+00	-1.722246620227410041e+00	-1.202796877187269596e-02	-3.523854547918789937e-01
-1.048427984683921732e+00	-5.817992208509228380e-01	3.456424058212452355e+00	1.260205468138248408e+00	8.097285758117982457e-01	6.968003932042121651e-01	8.507123853278746317e-01	-1.395490264853688878e+00
-1.360459032700729542e+00	1.553097702007795733e-01	4.289856146290801142e+00	2.529712680049885920e-01	2.581384870640286877e+00	-4.443758420903111128e-01	7.708384703861947962e-02	-2.930048931922774394e-02
9.344568463747144893e-01	-1.083163508552011933e+00	1.721266798199193315e-01	8.310323411702530416e-02	-5.177034694657480784e-01	1.519270051558204493e+00	1.012070773540683533e+00	-2.045038332404125470e+00
-1.311281541238957127e+00	9.658824925243976456e-02	-9.589833469911943631e-01	1.606812249805059878e+00	-2.761186912596627074e-01	2.214867708944283198e+00	6.746468840331560912e-01	4.253117890566981418e-01
-3.615867889319278050e-01	-1.608368021197833952e+00	-1.401700244987324151e+00	-5.560690355648272298e-01	7.638515430369910986e-01	2.434140270795812633e+00	2.507425871624405223e-01	-3.656144679499234162e-01
5.250699710271653498e-01	5.689170385086339543e-01	1.891312770277411570e-01	9.472782919985963668e-01	-1.125196614738095624e+00	1.446830220903416175e-01	1.277023168407596665e-01	1.647073218475120227e+00
-8.193669068574512826e-01	7.375974334458603732e-01	2.714649987500312278e+00	5.946646660202590251e-01	3.785482241332831066e+00	-9.933373655217678788e-01	7.661867833339859324e-01	-7.334540339593541292e-02
-7.921050494644922280e-01	-1.530377335464485844e+00	2.535448688443571630e+00	3.790090862036746833e-01	9.219278508472490419e-01	5.166155120132175371e-01	1.946173108947440999e-02	-2.177547218302530840e+00
-1.488417282166135447e+00	1.329669944071459886e+00	2.556626326618160583e+00	-6.156300716436531317e-01	2.492311690394692025e+00	5.094667318146173240e-01	2.036361751829973143e-01	5.147785485447422538e-01
-1.006623645190843908e+00	2.765207649515204480e-01	3.060135649935451951e+00	1.666156269031854542e+00	2.742591837344421357e+00	-1.633101025793681771e+00	4.140222884863347663e-01	-4.564397707250077429e-01
2.537307550287188906e+00	-1.274665687080572152e+00	-6.242090331414755777e-01	-8.799526176573851943e-01	-1.964991020820649192e-01	2.557383131614114902e+00	1.457583243131322370e-01	2.571266815422829088e-01
1.053995416514204697e+00	7.923521626204412804e-01	3.084155855780006394e-01	9.869812490681767470e-01	-7.389317576753403616e-01	6.323465717395486685e-01	-3.121401331454216610e-01	1.805490432970898063e+00
5.592677487429982275e-01	-1.091558486939815831e+00	1.183510402543639595e+00	-7.280502203452471344e-01	4.569872826441310210e-01	2.799153625302153614e+00	-2.032208527710874513e-01	-1.503084501301627629e+00
-1.067402650559866384e+00	6.687910626456174956e-01	4.217557038419892379e+00	8.866045762500904259e-02	2.773778742095202698e+00	-3.094658242714816709e-01	1.492793448512726995e-01	-1.128105186510966473e-01
-7.912823000711312060e-01	-1.155148824966795384e+00	-1.041042525620559767e+00	-8.643691634117339762e-01	3.167300633841985125e-02	3.243952882129242710e+00	-8.085149709013705888e-01	2.107376913416665054e-01
1.440510159422180081e+00	-8.781371309264742742e-01	-1.008815831339751723e+00	9.011142891166448732e-02	-1.524377242662121157e+00	2.305168003307790592e+00	1.721329212322284530e-01	-6.983180779924073045e-01
-2.521400222403879024e-02	-2.258027463225281473e+00	-1.045738286948903230e-02	-8.884907407929585332e-01	7.594696061296211109e-01	1.326949992746698337e+00	1.275433529766509366e+00	-1.206301367578876960e+00
-1.111751108214697803e+00	7.425537036379085132e-01	4.220162587755168282e+00	3.188364743093849984e-01	4.612455263657401217e-01	-1.182755598267456687e+00	8.495916804715399895e-01	-6.665281266266482874e-01
-3.171342530058941511e-01	5.025847498422758575e-01	4.119777640005092501e+00	-2.270041127063894826e-01	2.518173495558805097e+00	-1.138370304400457167e+00	1.278004650228637074e+00	2.819409191149130356e-01
-1.966176357390183815e+00	-9.495008897486685306e-01	-1.010708414254450460e+00	-9.224508780619747328e-02	1.051549518048658927e+00	2.232400211550371161e+00	1.402649149447961596e+00	2.621943282952018395e-01
-1.424477406686853076e+00	-1.898162321443256806e+00	-5.603423907351417349e-02	-1.099443142887740699e+00	5.191594150301653832e-01	2.580152997825693184e+00	-4.271562200877836446e-01	-2.424208672381640561e-01
2.151950938595545981e+00	-7.126826629885636422e-01	-1.047336942000368643e+00	-7.920230676953914362e-01	-4.684079878462553137e-01	2.557568021816182480e+00	7.228373751690048143e-02	2.150395538392061712e-01
1.996164074637817087e+00	-9.932714448646753347e-01	-9.924186564037519309e-01	-1.195481293322235850e+00	4.570393887315948867e-02	2.509556927222570621e+00	1.294425564069721646e-01	3.367144995625830362e-01
-1.288639706943100760e-01	1.118750397449628231e+00	-3.531038287827710231e-01	3.832384066924794386e-01	9.793598001971033362e-01	1.843405441653050758e+00	2.294982484803842482e-02	2.606636237851515325e+00
-1.805537995988124589e+00	-8.263969764534689899e-01	3.879785997942774012e-01	-6.316836236050278330e-01	-6.206076912268972956e-01	2.773458032758620462e+00	1.891434268264227114e+00	8.288272298653796000e-01
2.087559870081437730e+00	-1.312010843749772615e+00	-8.731270131533065415e-01	-8.559340927361006601e-01	-4.205703049351711686e-01	2.347312366739251033e+00	6.000061162094294520e-02	-2.674783624939640614e-01
-1.124897384987774585e+00	1.186508906103573402e+00	1.974205694550310142e+00	-1.239580810135941097e-01	2.618643899571904132e+00	-1.145481765694779774e+00	1.239913452925683668e+00	4.585473965253875628e-01
-6.678192404765339596e-01	-1.428819724527367052e+00	2.513327826350528316e+00	-4.806999646224530687e-01	1.848239865451163366e+00	1.771376130314091135e+00	2.317720104945683590e-01	-1.406067503141453123e+00
-1.363583684855428579e+00	7.698061146638571772e-01	3.542415880634426806e+00	3.793761270578026590e-01	2.775150967551550441e+00	-5.828409603111349702e-01	4.239010657767507406e-01	-1.508097519758954397e-01
-2.707967570774350574e-01	1.160126540041546556e-01	3.326442533303885618e+00	8.469612507239279164e-01	3.731999349071799532e+00	-9.879088700218658925e-01	7.429625941152653290e-01	-1.544513540035035229e-02
-2.261409265105452260e+00	-1.321280008155650387e+00	-1.565379096812516413e-01	-1.710766225246684868e-01	1.141267952211566516e+00	2.508119686401344417e+00	8.237945849255303710e-01	6.318142206656635063e-01
-2.293642213376014261e-01	5.303465095131778551e-01	3.370487327517963649e+00	2.049608155845225599e-02	3.119851917211933223e+00	-9.674074988579175471e-01	1.654312792969967694e+00	-6.792346161791854020e-02
5.250942120397434909e-01	5.952884038675869682e-01	8.278806414911206168e-01	3.818878964174963198e-01	-2.059387700372439678e+00	4.742016100961288783e-01	-6.829511753038634003e-01	2.124557499281775730e+00
-1.185940308079715511e+00	1.007119863064350057e-01	6.230737924112037529e-01	-7.867110046178682481e-01	-1.120192643845188352e+00	2.803295736254154846e+00	1.199287794136417062e+00	1.092538285490496142e+00
1.470012064104771587e+00	-8.611771713684487350e-01	-1.458228129545750429e+00	5.062163343440007068e-04	2.476418760818133169e-01	3.122426386567424217e+00	-6.392972755083727865e-01	-2.274719101706325353e-01
-2.575139910491819895e-01	3.455136070827721229e-01	3.377728672694025214e+00	5.610464414788521870e-01	3.765816237001396782e+00	-9.198825040684265320e-01	9.355487816558845093e-01	-1.082016189490816738e-01
2.119939083579182704e+00	-1.009317927547304317e+00	-3.946871202957298874e-01	-1.155829041005079549e+00	-3.104944794208033820e-01	2.460029081219953007e+00	7.755066388901943331e-02	1.677263810015600098e-01
-6.261922757685725038e-01	-9.861256635763947509e-01	2.019602240051437292e+00	3.074938716209701939e-02	3.637873406132658416e-01	8.439109350799982590e-01	-3.585015489258435717e-01	-2.206644522396688401e+00
-1.574821341315544743e+00	-6.152172028944473681e-01	9.234132133048200686e-01	-1.031026077813940178e+00	-8.559669847780507768e-01	2.307037236713039619e+00	1.192712585785626001e+00	1.109102290382368627e+00
-5.455456449273589359e-02	-1.032409928027041790e+00	-1.700052591922834200e+00	-3.796109722274609299e-01	7.762010987574590182e-01	2.811730712703660373e+00	-3.091045473062761229e-01	-4.786560697790913643e-01
-1.039009010411534595e+00	1.329002725376621508e-01	4.458070211613114786e+00	9.959756742062536583e-03	2.738354364830787535e+00	-7.189194138747846408e-01	3.452727481715199276e-01	-8.163219655781132900e-02
-8.309175665989949611e-01	4.073148502609804100e-01	4.337071131701970117e+00	2.921043443330397782e-01	3.213917406374398933e+00	-7.554217736930042282e-01	1.785987675672922603e-01	-1.316679599756064578e-01
-5.573162050223160469e-01	6.964203555567975712e-02	2.330995818329016700e+00	5.216663824399003779e-03	2.465428308554201031e+00	-6.164801033742772773e-01	1.598340950375193081e+00	-3.399908339997966822e-01
-8.811780826513168074e-01	-9.424592892109062703e-02	-1.004299589554354943e+00	1.301933419534213598e+00	2.845314141329803315e-01	2.638201441289634630e+00	2.721996499162290806e-01	1.477399424196567113e+00
-2.788400661783229650e-01	-1.475112255893503477e+00	1.958468228757042739e+00	-3.806916500802807191e-01	2.190809178112631983e+00	1.765055302153797134e+00	-3.090879418784609478e-01	-1.696813276826231842e+00
-7.391497638217056076e-01	1.229239973275203957e+00	3.734699682424498790e-01	2.262708563512113302e-01	-1.132686937199925137e-01	2.338556935087033661e+00	-9.472991501910233980e-01	2.591154428955243283e+00
-5.309918493055333366e-01	-3.012447815230785864e+00	9.747360426535260913e-01	1.050355593980803803e+00	1.173202398373331068e+00	2.876095411545537828e-01	1.516608364780914209e-01	-1.146722482388065290e+00
-5.487242790520523439e-01	7.123518094522486299e-01	4.289009475324202292e+00	-8.458274401329067826e-01	2.083280428477627844e+00	-9.184175889182363273e-01	8.131635593534622952e-01	3.367677474328067966e-01
1.790232690104671232e+00	-6.143094097177542734e-01	-1.560237946621788385e+00	-5.866304513873676907e-01	4.842104876980908301e-01	2.983135355345235773e+00	-7.498190016729071594e-01	8.272935710476950200e-05
1.550008389971533340e+00	-1.091404086067940371e+00	-1.350014293687952449e+00	-5.428846637005706466e-01	1.019348961972237566e+00	3.343631018663378640e+00	-6.057811439125072583e-01	-8.580468356966830523e-02
-1.582525153354223058e+00	-8.919058507298823768e-01	-4.481047535489015438e-02	3.337504083173155056e-01	-1.270749042900773507e+00	3.075461184471200760e+00	2.174350373774388001e-01	-7.335390979331634087e-01
-1.140832872027124356e+00	-6.605972853764066621e-02	2.446794256978371274e-01	-3.161035538058719063e-01	7.648366081987924003e-01	1.443926286776263668e+00	-2.184678344677458972e-01	-2.567943824480825921e+00
-9.023015702150294359e-02	1.534463622524233406e+00	4.702170977043317990e+00	6.942255070465223055e-01	2.367503649836205870e+00	-3.531424376973527623e-01	-2.673738645437786499e-01	5.132011328948800077e-01
-3.371950416061301192e-01	-3.872989310294650683e-02	3.216457509668360526e+00	7.575296509594054983e-01	4.119566318589338749e+00	-9.891685973421641132e-01	3.434697129608060284e-01	-6.568078053439882491e-02
-1.245548509022043726e+00	-1.206008472022157330e+00	-2.231414956533345761e-01	-3.110526885579876777e-01	-1.192319667453171500e-01	1.962788422412160783e+00	-2.946408266873064008e-01	-1.971121661268635528e+00
-1.376039961076884310e+00	4.789949993471293022e-01	4.220227530849165021e+00	8.704994109668576785e-01	1.340600795220977526e+00	-1.502637408079245729e+00	6.721883904325687276e-02	-3.905128405470420505e-01
-1.564059098785427260e+00	-1.156558224505770616e+00	-9.805152167509154637e-01	3.788112291644063490e-01	1.161708603894261671e+00	2.738712247119347687e+00	9.813229320608409800e-01	1.151326382912701174e+00
-9.826876984436203055e-02	-1.090922279779380499e+00	-1.868631604079164510e-01	-6.712175456724518430e-01	-3.451786140262214087e-01	2.757122198521961387e+00	-5.153519069996601587e-01	-8.542620181475805152e-01
-1.937382682178430571e+00	-2.750612460576150387e+00	-1.920025887006416437e-02	-1.099093343910953813e+00	1.173427038854983673e+00	1.878330024135309362e+00	-1.403178018976810881e-01	-4.867359095449261264e-01
-2.771340583310903938e-01	1.366577975239430254e+00	1.042168527955019686e+00	5.550845071885471826e-01	-2.077873514461038074e+00	1.059240872034574510e+00	-8.454880267718013764e-02	2.023896867547838152e+00
-1.088263477662797962e+00	-4.470672059831438672e-01	7.189454653172444587e-03	3.170786310611555248e-01	-1.981809337507271229e-01	3.548297187148134135e+00	7.945014614774867923e-01	9.664761714305645235e-01
-5.696084460420763884e-01	7.941666368519799679e-01	4.503016764629839130e+00	-7.632339442867910329e-01	1.888455010594845884e+00	-7.529381508096392173e-01	8.224064645820998720e-01	-1.118571327884225614e-01
-7.979889027345234975e-01	-1.063968391943720837e+00	3.125176210786784203e+00	1.313850142099113605e-01	2.092025814891484981e+00	1.739044824013010970e+00	9.929958542159247337e-01	-1.171910957349858062e+00
-1.402165610105248428e+00	2.948409863754714588e-01	3.972224185711417999e+00	2.631144702509756739e-01	3.158352329418224524e+00	-4.075126461863610161e-01	4.656281774567371801e-01	-2.952058070467939443e-01
-3.501701749296362576e-01	-9.819836766529513872e-01	2.083366204645946240e+00	-1.192119424214741263e+00	1.002737314628320275e+00	1.783697745792615974e+00	-2.967856686762975205e-01	-1.675179939880820035e+00
-2.729972614189291602e-01	4.610639835372608575e-01	3.711019038081022181e+00	-5.494877085148736073e-01	1.184761294319446101e+00	8.355501786790753282e-02	1.146785397442396492e+00	-7.878879031071280847e-01
-3.920890012456006435e-01	4.771375779683135754e-01	3.133724707875737092e+00	2.166660897474281533e-01	2.752569145486149615e+00	-1.239102543634937659e+00	1.552954242602299528e+00	-2.234736520984977048e-01
-8.744606731284721990e-01	2.526016722006172444e-01	9.199970207861793980e-01	4.231847920981993694e-01	-3.391302328560228951e-01	3.002981557371978916e+00	1.318560433266959264e-01	2.191889019051529885e+00
-9.897693529131833534e-01	-2.821797100823685511e+00	2.674634523910205952e-01	-6.247823301231426596e-01	8.233610389677428198e-01	2.233308907726514470e+00	-2.909641492818181713e-02	-1.240204188135845875e+00
-6.713681832285782747e-01	6.358569032100795937e-01	-5.628672404284692510e-01	1.802928659194221517e+00	-1.954144055492945398e-01	1.058461331125587268e+00	-5.199802845168384202e-01	1.800289712850850377e+00
-4.476561653147857478e-01	1.995111772914640869e-01	4.902031635523285580e+00	3.977943901160521101e-01	3.019164614758953924e+00	-6.577100272157859751e-01	1.566756614803666015e-02	-4.953192448464543984e-02
-1.413047483955391481e+00	3.425825842358617979e-01	3.815283045239824755e+00	2.239309338365017832e-01	2.930897048738346999e+00	-2.863265753851251261e-01	2.893510100496917148e-01	1.202540007674141459e-01
-1.786495487538186100e-01	-1.031871056400684550e+00	-4.818848605795316709e-01	-9.259456237405373491e-01	9.230166357275637612e-03	3.329212037454308160e+00	-4.488926766405916813e-01	-3.703191403619161548e-01
1.507065499317015833e+00	-1.265538559301604415e+00	-9.845157482429142126e-01	1.213320550961757727e+00	-5.108045160575450661e-01	2.432847734571958576e+00	-1.032461057571110619e+00	-5.173646908473514827e-01
-9.518174363776120417e-02	-1.513775825787162299e+00	3.718719476750409925e+00	-1.986406491026859733e-02	2.719024889499905395e+00	-2.033145574299908720e+00	7.184711563302903503e-01	1.017523778114381994e+00
-5.494620325204825351e-01	2.360694376523626847e-01	3.623247710818752187e-01	-3.778154214239655140e-01	-2.155426097993976553e-01	1.811784758906210824e+00	-1.698715522683960533e+00	2.686647656967685371e+00
-2.825877064844410036e+00	-7.966118824028859402e-01	-2.682971804860421194e-01	-3.767505552152645154e-01	7.501110635344976352e-01	2.163982271697493687e+00	3.310902940914924319e-01	1.062224465358040160e+00
-1.316098007401439451e+00	4.127864637385899593e-01	3.693631414485079034e+00	7.728465974196354615e-01	3.186331455069941754e+00	-6.585804978550666711e-01	1.779240956156226128e-01	-3.191931892638403268e-01
4.571129513146935941e-01	1.395590460000815991e+00	4.216603667359914986e+00	2.864584130751928193e-01	2.818148201715923840e+00	-3.421842785998442937e-01	-2.935952233223245167e-01	2.795195108303938913e-01
1.500297961685601367e+00	-1.068328776186401319e+00	-1.347298997936337450e+00	1.637763348590063062e-01	5.343630960451948297e-01	2.905153330957088720e+00	-8.774169980742760888e-01	-1.641833401759587030e-01
-8.509045775038454051e-01	-4.446502896237040647e-01	4.214182560201253480e+00	-1.707476585143746783e-01	8.016964257671552740e-01	-1.926086300648292449e+00	1.256862857373777231e-01	-8.715086710740221898e-01
-8.754813331461002157e-01	5.531374636257962996e-01	4.500478331367108176e+00	1.345090099285437824e-01	2.993239878654458064e+00	-9.605508524604061682e-01	-1.603513109986982599e-01	2.577204699515046604e-01
-1.092411405055329743e+00	-2.376710625449003800e+00	4.940399017390667558e-01	-7.657244418729316493e-01	8.254834896668890032e-01	2.517176400352153287e+00	2.884716977613040467e-01	-1.140871759047325629e+00
-2.843441601553955977e-01	-1.146423110255036182e+00	2.173521014808228458e+00	-8.574421788775382636e-01	1.778961461086101981e+00	1.469540018278336024e+00	-3.246368911488151099e-02	-1.857000897390333360e+00
1.451471792030677999e-01	1.274861752087776079e+00	3.424074002932649297e+00	1.513106435184740750e+00	3.317915721672633378e+00	-6.444889382965349744e-01	3.853708229298249965e-01	4.622491752055643555e-01
-8.351275317651157826e-01	5.509223322440189863e-01	4.781549187942690793e+00	4.926436627776267230e-01	8.425553936221124030e-01	-1.489226579734317824e+00	8.444973123713899188e-01	-6.528095623858967134e-01
-1.879949372571644295e-01	-1.694679559188101425e+00	3.807009065348684995e+00	-1.922362609531972077e-01	2.673092934018682865e+00	5.855242736357602062e-01	1.389133421131709123e-01	-6.748133527958457556e-01
-1.254189734946309809e+00	7.176599232308201737e-01	3.768401171578096509e+00	9.897354855598005097e-01	1.750717608097957623e+00	-9.144973780854822598e-01	-2.729613758629601539e-01	-8.741424907152923751e-01
-6.116993018290555195e-01	5.209600505778002599e-01	4.734213911636301120e+00	-3.543525249335124361e-01	1.737174724532334347e+00	-9.589897189657138332e-01	9.771211813499842691e-01	-5.586373884352811153e-02
-5.033835575162561859e-01	-1.365375211370239539e+00	-9.732768901182436982e-01	-1.379401888019920586e+00	9.864322301285590733e-01	1.592200204942812336e+00	9.458477888002676526e-01	-5.074552618111161095e-01
-7.134024732926936840e-01	-5.428682469645556008e-01	2.814492918809904598e+00	2.252966358988997275e-01	1.944512288896025565e+00	1.936199190190880381e+00	1.194654509061867875e+00	-1.283151524915077779e+00
-9.788082071079852176e-01	5.777375779075052398e-01	4.077648263992168509e+00	8.539545924907965269e-04	3.322289653511055985e+00	-4.446229199821089551e-01	6.107484473206814535e-02	1.508141459806773207e-02
-1.099190553789267000e+00	1.972687633196898715e-01	4.713275740960500393e+00	4.665037683030847093e-01	8.084314963838346024e-01	-1.524953187572334112e+00	8.902210643516255129e-01	-5.352519575619084646e-01
1.952449182494707891e+00	-7.572926902860119824e-01	-1.126071461250687467e+00	-1.035001094453492643e-01	-1.536577599295624763e+00	1.847084898261119212e+00	-3.621343424202247974e-01	-5.355370708232026766e-01
-1.109643087931043021e-01	3.438958623933118242e-01	3.578379012101263523e+00	4.515811115691287236e-02	3.130366434276259380e+00	-1.388604516060122140e+00	1.431629512640572255e+00	5.673907012661329186e-02
-6.406715136585965364e-01	-8.828019950148047190e-01	1.281831798591229088e+00	2.856418438793217884e-01	2.800301634389692484e+00	1.140161934508001629e+00	1.271165612320622529e+00	-1.279143617244791420e+00
2.150218636735735434e+00	-6.192999755477014423e-01	-1.037181552209090807e+00	-6.504578644783869379e-01	-6.322351473896818952e-01	2.503470798082495286e+00	7.353929825873006809e-02	-9.157387123827515074e-02
-2.570550225857947124e-01	4.779190618468409646e-01	3.220076978184321703e+00	1.008704546117054734e+00	3.921201434748098347e+00	-7.823133750549874366e-01	4.579499807695258107e-01	2.442172462096253022e-03
9.236877832319595472e-02	1.277477677216349639e+00	4.245395228015684808e+00	8.166929761931625009e-01	3.106403135269332871e+00	-3.045123611012285902e-01	-4.421842349747052703e-01	5.249543722794741685e-01
-9.575932782889700068e-01	1.033363243590557756e+00	3.632575013813789333e+00	5.291539253213707328e-01	3.400060510360651822e+00	-6.701316081594947960e-01	5.603278444660292346e-02	1.920454873465169410e-01
-2.338398542544723735e-01	-1.356422269592501673e+00	-2.515381576069986580e-01	-4.782269942414958397e-01	2.511890394940269555e+00	1.862581214732659474e+00	3.100909021231632035e-01	-1.738776231243003512e+00
-1.012468166870167385e+00	-1.305473702860702467e-01	1.415947235828000084e+00	1.054170145017674087e-01	7.878270459883329746e-02	3.008155932071698402e+00	7.572354922542694489e-01	9.347697721775806157e-01
-1.425073031687523528e+00	6.053539640930509780e-01	4.463531863776839081e+00	1.048344427012359026e-01	2.523276387072071802e+00	-3.363883491153277783e-01	2.653416554061292509e-01	-7.671783076983949845e-02
-2.543863113038434598e+00	-7.160338843105711337e-01	-9.996216861996840564e-01	1.294176330361912208e-01	-8.616440344195387402e-01	2.669271933381303086e+00	4.112660475224910739e-02	-2.299515465836420025e-01
-9.285261500882063812e-01	6.723426245237329457e-01	4.757599102405949409e+00	6.293830256726282713e-01	6.433069632348590305e-01	-1.277543292765324301e+00	1.074088597269560630e+00	-5.360708421380090405e-01
-9.445275265139447818e-01	1.267142720714900195e+00	8.794928661279843851e-01	9.381996297031017784e-01	-1.752777597141830901e+00	1.766777899737275392e+00	-9.178312881215079377e-01	2.192974951327544719e+00
-1.948197522413902982e+00	-1.605390423523460841e+00	-5.692242305863718377e-01	-1.613496191168191984e+00	-1.318120626324496142e-02	2.002962782642946138e+00	1.050084788611879150e+00	3.198465409932939596e-01
-1.325520958115586900e+00	-2.215168482241557601e+00	-9.982193087339640281e-01	6.065396565189126177e-01	7.069366480923988671e-01	1.373393308549052616e+00	-1.392531554715086550e-01	-1.042506102980891525e+00
-5.895748972115956166e-01	1.359348334742843001e+00	2.577518056079630693e+00	-1.534368840741927656e-02	2.840339046157555725e+00	-7.483193128410773332e-01	1.428636133765748939e+00	1.007821561953553546e+00
-4.211704510432730530e-01	-1.325220921473425628e+00	8.462978916028967014e-01	-1.635476040518986762e+00	5.129444946714972753e-01	1.919971780490942859e+00	1.119684127038996335e+00	-1.830829967930589497e+00
-1.463160949336954397e+00	-1.143771801124829457e+00	-4.912398425961471138e-01	-1.364730018164283187e+00	1.265759455132758227e+00	2.515329712892132363e+00	6.079145543519332007e-02	-1.095174603843871886e+00
-1.663992879160253180e+00	4.592349586516768500e-01	3.938157231310747353e+00	1.222278359832756678e+00	1.522087465002670337e+00	-9.974661225599759096e-01	1.256109328473576925e-01	-5.232681345529265338e-01
-2.073909652477149201e+00	-6.885339898467499609e-01	-5.443444045216048188e-01	-5.122729733309142608e-01	5.120477307541049239e-01	3.022131952645375819e+00	6.024852965643976432e-01	-7.558273642224563882e-02
1.476373637466849020e+00	-1.329717090843701488e+00	-1.270504537517930466e+00	-5.626187441121709154e-02	6.635024265396691767e-01	3.140227668043017673e+00	-6.171826123643853190e-01	2.212721153497085660e-02
-9.985433122464054678e-01	1.939105622563286058e-01	4.780606020824965108e-01	2.736034774575500927e-01	-6.460778670855183980e-01	3.091218070440000965e+00	2.316494548310921164e-02	2.394067564597533782e+00
-6.060107293058069056e-01	1.165295809736821342e+00	-4.005699495817641731e-01	1.805000859755909737e+00	-4.472308290970719025e-01	1.466764034472818112e+00	-3.264418572984806310e-01	2.195206721873887101e+00
-1.442837561193328177e+00	2.344302961870086688e-01	3.874181987686454498e+00	1.257155862798962520e+00	2.056062483086049220e+00	-1.250091073999608060e+00	3.848154048970790497e-01	-5.765557887547654303e-01
-1.047780790143527874e+00	3.212942416577460603e-01	4.623712005038030703e+00	-6.493551162013774247e-01	1.461954826737120072e+00	-1.150072545300387272e+00	6.726111271838404182e-01	-2.019818530610302809e-01
-2.172744542684821867e-01	-1.257343243843410008e+00	4.035160355760606943e-01	-3.902220368159270078e-03	2.134966212400122854e-01	9.862813892742003929e-01	1.533849987002854798e+00	-2.375943888510726687e+00
-2.970798705839308163e-01	2.321993701939727428e-01	4.611707223902111075e+00	-4.640470577191894153e-01	2.322805093740497817e+00	-1.210301262229888097e+00	9.320888538279354929e-01	3.209790989161746128e-03
1.682863838785559452e+00	-1.047886257080801409e+00	-1.335549278567263354e+00	-2.403681626454668985e-01	1.052281128895226514e+00	2.707469499562183302e+00	-1.156367704918627393e+00	-1.138628630857613233e-01
1.116795552411328885e+00	1.092046459803551195e-01	3.817034366076248908e+00	9.528357558796151094e-01	3.489269773076256076e+00	-1.458642008413008506e+00	-4.187575366302798696e-01	2.775682447814514231e-01
8.464478280455507431e-01	3.380273654675158279e-01	-2.860443393973175485e-01	5.136120480184989123e-01	5.962763719679059493e-01	1.188050647533296811e+00	-8.908253079926578000e-01	2.506087090797871397e+00
-5.448951317003134509e-01	4.150145586143101362e-01	4.453443568584601664e+00	-4.900756824699122882e-01	2.444741335029677831e+00	-8.147127121619032186e-01	1.263667030261810709e+00	2.824316679110805972e-01
1.164184953611003381e+00	-9.498718217628170368e-01	-1.407833432884529001e+00	1.151520424125061171e+00	-2.559757856615779703e-01	2.750793755396641060e+00	-1.285170643570231475e+00	-5.939792673252298760e-01
-7.747460565528506704e-01	8.466459417027740741e-01	4.557585421301955542e+00	-5.941155170853094081e-01	2.248311332749131086e+00	-6.209298080390301955e-01	1.225543157675162975e+00	4.426793043796837801e-01
1.591440031587111115e+00	-1.077103668243859058e+00	-1.334207892567605080e+00	-8.782831861250264827e-02	5.359911626012265895e-01	3.018157079937732412e+00	-6.697391491444540934e-01	-2.141526282263087402e-03
-3.541993325901968137e-01	5.717166783912839279e-01	2.786950362390290703e+00	6.196148694378696975e-01	3.872876132233787239e+00	-5.450558037296621139e-01	7.092594315322384713e-01	2.825478818721753327e-01
-1.237065996731325640e-01	2.209926837923213316e+00	3.598612042722045157e+00	-1.991552383080721911e-01	4.687870389639461344e-01	-9.527151228051745913e-02	5.205156073307966036e-01	5.819237011523987757e-01
-2.231714725583382020e+00	-3.450933777684339065e-01	7.201431930120033575e-02	6.931074213564721864e-01	-1.011163009521397260e+00	2.350042510214375824e+00	6.926807461402451072e-01	-7.999679906131275386e-02
-1.243513538993221035e+00	3.583769333867082851e-01	4.030211242947652650e+00	-2.261944286800211534e-01	3.094902090303857989e+00	-3.764045961616970248e-01	8.750793837548809240e-02	2.379903583481615126e-01
4.558940628132178152e-01	1.440641451792744387e+00	8.432334506388265982e-01	1.451365299132433007e-01	-1.220557165063746563e+00	1.372775670848132901e+00	-5.275537547415838635e-02	2.427313630697417679e+00
-6.764099740768317881e-01	2.981068613441170689e-01	4.647111423147684550e-01	6.887774788380545132e-01	-1.647593170802776452e+00	1.286183207201436751e+00	-1.847621555443254460e+00	2.297116142852303700e+00
-6.097594355873416916e-01	-7.301130796210708596e-01	8.457747019935908384e-01	1.391810660224293839e-01	-6.904825139379429377e-02	2.038810411447785853e+00	8.423462477613979926e-02	-2.431096031488455544e+00
-6.616910926542707294e-01	-3.531544172381336777e-01	2.715696608868396922e+00	3.035883474385767111e-02	1.676102176474820515e+00	1.682969409387645943e+00	1.254285807846423184e+00	-1.275411927000005274e+00
-1.804963957746933412e+00	4.041442518745191892e-01	3.628446188077862011e+00	9.717655203093465976e-01	1.723183664985493690e+00	-8.292185804767859825e-01	2.970669369472440091e-01	-8.906639959823925423e-01
4.095717661937735010e-01	2.928577076002231161e-01	6.009360758867304808e-01	-7.831653657068012864e-01	-9.199407054129962180e-01	8.533029896444018769e-01	-4.807321053624095675e-01	2.593359958880506522e+00
-1.437200153025973925e+00	-6.775728064253061511e-01	4.713417930039049075e+00	-1.809687075030424197e-01	1.901626891336049008e+00	-1.438195258469781912e+00	1.106648741275924053e+00	1.114649527781504279e+00
-1.486745728652483667e+00	1.064030268502445864e+00	3.447116567542388488e+00	1.222946911338774312e+00	1.984553344907579175e+00	-8.830101686804484595e-01	3.012195922168386941e-02	-8.139569604308096729e-01
-8.687631090883888296e-01	6.537814778520933956e-01	4.506949173672112785e+00	6.886666061827201313e-02	2.188779145695162409e+00	-7.053089505975991269e-01	1.140582184140435662e-01	5.126192167330469174e-02
-1.380888995817874276e+00	1.212883184815571003e+00	-1.506868828977316332e-01	1.241850983683945309e+00	-1.041768181638795809e+00	2.016500397817158508e+00	-4.282783461229260347e-01	1.525583292402694191e+00
-1.821558569359333912e+00	-1.587640895488198201e+00	-1.038974414417285219e+00	-1.599590445672296024e+00	2.777380419577664128e-01	2.578128280971915487e+00	-4.488447215023359527e-01	-1.168557224636863484e-01
-1.769046035006835771e+00	-5.975678340529884114e-01	-9.082442925900356956e-01	3.437882624639467810e-01	-1.483673135998788029e+00	3.038526749982555231e+00	-2.453831760342966850e-01	2.867572563029557528e-02
-1.645219787223726637e+00	1.102737575931695968e+00	3.735829287626743600e+00	1.046514083366432812e+00	1.511484693530617429e+00	-8.082037573984491852e-01	-2.458262564237684300e-01	-5.189440771616069537e-01
-2.266453540095733743e+00	-1.895031020143572942e+00	-9.025284889456549609e-01	-1.558121656476179825e-02	-4.182497235342236275e-01	1.995139280002196980e+00	-6.560679715156426672e-01	-3.807261930966661656e-01
4.026569517008162236e-01	1.509520139074314482e+00	5.019947823472034720e+00	9.450424353687511547e-02	1.436111546939918826e+00	-6.245502004883419778e-01	9.008954875572510179e-01	5.561616034216138038e-01
1.459947203840955554e-02	-1.420017312600418746e+00	-1.455998516620115923e+00	-4.067760338811814147e-02	7.157718244930166840e-01	2.657495133808347454e+00	-4.196666026147708450e-01	-6.780563173629814422e-01
-1.235048047531182469e+00	1.059559208003820335e-01	4.404304596711141606e+00	1.639026948791393989e+00	1.717458266779059661e+00	-1.086530467043837156e+00	-3.563171656381127206e-01	-1.786615851149641332e-01
1.607348600065887645e+00	-1.017916845578849205e+00	-1.013005634029688240e+00	7.809480617023759064e-02	-1.543504412279101956e+00	1.917773661611691605e+00	-3.908070656172566576e-02	-4.647193071024608435e-01
-1.200298444367107475e-01	1.300967980527281354e+00	-3.834023966208200962e-01	6.906576393914534151e-01	6.000176724093926328e-01	1.964519779362122076e+00	-1.332620553561978671e-01	2.811447431305315714e+00
-4.915819872721994832e-01	2.830930595238775882e-01	3.280579960749284485e+00	7.872164491121130814e-03	3.106007924416096522e+00	-1.250796163910178338e+00	1.598418220979382909e+00	-1.633542560281472933e-01
-1.219283134599608243e+00	9.924113272424769372e-01	3.980728762212825789e+00	3.868358248647199016e-01	7.174158934966607948e-01	-1.526382777534500468e+00	8.278577468748926638e-01	-4.412530061949520022e-01
-2.630161401142154798e-01	1.177858220302699932e+00	4.775936153735667489e+00	1.499451263996024020e+00	9.914642124938808365e-01	-7.955859578485051653e-01	-4.792975992598459412e-01	-1.685296319423024713e-01
1.233376558534862166e+00	-9.783838070839234735e-01	-1.265756542095397119e+00	9.113418017153550599e-01	-6.106248510737745105e-01	2.375349405344858056e+00	-9.321374747091446533e-01	-5.729859252444964302e-01
-1.144143969175270836e+00	-2.662252736782021525e-02	3.034301329465604602e-01	8.315010129043051146e-01	-9.275335128781782013e-01	1.199787419035174274e+00	-2.088606440590438318e+00	1.706546636777793724e+00
-2.294514363162623471e+00	-1.011152846402058048e+00	-8.085820774516794263e-01	-1.176939515697286165e+00	5.282648261041326121e-01	2.590152618050232114e+00	3.910255659744985013e-01	5.226711869080698236e-02
-1.033374382284880655e+00	-1.011527644214334165e+00	2.136611738732985266e+00	-3.523385640782761286e-01	2.053661708368995420e+00	1.851389410645716938e+00	6.988033243861739852e-01	-1.234011142649870774e+00
-7.505825843255811147e-01	-7.963994087701680158e-01	3.121624365703669302e+00	1.739041196074942175e-01	1.575408495516992469e+00	1.363206822030996079e+00	9.828018999761682917e-01	-1.540663676611302435e+00
9.524332791960574696e-01	-1.303092001315961035e+00	-1.474467379196708006e+00	-1.121963239595510503e-01	7.139204278472728316e-01	3.197210202590363259e+00	-5.917990366747217790e-01	-2.670848392273735272e-01
-5.531010525094728347e-01	4.554103282015081744e-01	3.240002929943274879e+00	3.221010943316651720e-02	3.084534951430144556e+00	-1.379692802420622977e+00	1.492979255255001636e+00	2.307652815850174677e-01
-1.232745738735130103e-01	1.949000950467973059e+00	4.453674592574420110e+00	2.864782342638079182e-01	1.800806088109156766e+00	-2.117642065033329898e-02	-4.041087247870480681e-01	-8.112971558184058074e-02
-1.521024720983809309e-01	2.540145411411097731e-01	4.959503381916817055e+00	-2.836974037750623623e-01	2.156914476568849715e+00	-1.104809479811642126e+00	9.910372082958287532e-01	-1.174087547345531862e-01
-1.349127115795476645e-02	1.585490015816378939e+00	4.586614032100786886e+00	4.692319468084508172e-01	2.242038065369017730e+00	-1.599516591422383838e-01	-7.795091226984725286e-02	3.863841315312084856e-01
-1.041320946179118412e+00	2.415214934110107015e-01	2.285492373703059243e+00	7.415708502355858878e-01	3.713539865987703248e+00	6.906100506991363908e-03	1.091383040087336775e+00	-6.793412570052478339e-01
-1.777820802310827730e+00	-5.987808763995888794e-01	2.794860212474329919e-01	-1.067559504761131706e+00	-3.324035478611462868e-01	2.518442667099347609e+00	1.481549642124123434e+00	1.163969906662845943e+00
-1.835388287751877234e+00	-4.422572562164852616e-01	4.264288476496374436e+00	1.531490612590949096e+00	1.354579970903471153e+00	-1.463835326539029591e+00	-8.558739590525067664e-02	5.148660689172734894e-01
-1.284484138542566267e+00	2.337011676874067301e-01	4.394557140669169470e+00	2.890491842866781402e-01	2.864498612699669877e+00	-8.359788290947260947e-01	-6.791232290767885982e-02	-6.412485890769269170e-02
-1.351887339747152916e+00	2.484838629673911115e-01	3.623034083611351264e+00	1.189163750580458423e+00	2.002895695947081833e+00	-9.775265194034624683e-01	2.166533587588619358e-01	-1.008838212312143323e+00
-3.050887658508265599e-01	-1.500086438999586047e+00	3.000151925329248015e-01	4.833813262247168563e-01	1.281539572947334449e+00	8.446670202187196441e-01	4.234693110587089415e-01	-2.537396973799117106e+00
-6.768527357067796180e-01	-1.560078919861498603e+00	1.049413229081314292e+00	-8.637029162176533825e-01	1.550146301464257581e+00	2.328247258419440691e+00	3.367362513613919028e-01	-2.214992981320794918e+00
-7.134809142117845004e-01	1.168036894736230069e+00	-5.538357652861868319e-01	-1.281906860972454321e-01	-6.581008386154076073e-02	2.949927249334765023e+00	-1.175208096513247619e-01	2.185988677197702845e+00
-4.075730948980566537e-01	-1.506379549267144125e+00	1.370483612896274517e+00	-2.045458170863593828e-01	1.118988954022833271e+00	2.045472891915792513e+00	2.493535410325872781e-01	-1.605329813274800399e+00
-1.078932674531273506e+00	-5.821111434899072234e-01	5.065989060634419339e-01	-8.482689342038144398e-01	-7.447958363783054869e-01	2.944340580432226240e+00	1.506615952843563422e+00	1.167817621523450811e+00
-2.702667716957991573e+00	-8.075530774738853834e-01	-5.658532708677442846e-01	-3.328866426443838900e-01	4.926779449039571102e-01	2.751467731658440385e+00	5.069081519980223050e-01	6.670056184134323107e-01
-5.197981285792041550e-01	-6.579087992350414194e-01	3.969707547261417613e+00	4.005304093793859987e-02	3.370759410486252161e+00	-8.652676314584777373e-01	-6.369695112499579315e-01	-1.534955995307928367e-01
1.000756643913623956e+00	-9.162758805110758908e-01	1.649299923929566258e+00	-2.199971153711046401e-01	-9.935881253669283097e-01	1.300764591293686046e+00	5.795809506929594512e-01	-2.234336981420885770e+00
-7.722625023259215293e-01	-1.263766324484239423e+00	-1.702686669417118048e-01	-4.870486179125723125e-01	-3.140787892611329180e-01	2.852087346004084090e+00	-5.077034933497179825e-01	1.528063064027313622e+00
1.139805506773341026e+00	-9.231506797479225312e-01	-1.653520999513426348e+00	-2.517343858703673717e-03	4.814199856554748358e-01	2.965484803243569445e+00	-8.679663535369713800e-01	-1.498053825998726662e-01
-1.084770199887348907e+00	5.663779371554744646e-01	4.252795288528378848e+00	-3.035499039825530487e-01	1.987245006929557078e+00	-8.905806497335139182e-01	1.333482050898681548e+00	-4.719268461826414685e-02
1.620678697663465506e+00	-8.782183454851418825e-01	-1.457170595587323092e+00	-4.339952047413072056e-01	3.489852307099272632e-01	3.133186068820282166e+00	-4.725284521651043623e-01	-2.684045564261269834e-02
-9.324016144599325262e-01	3.781425423865144575e-01	4.432634811768011218e+00	-1.174152997471499815e-01	2.889126224048421676e+00	-4.691703626572742980e-01	2.813700707145256330e-01	-1.825504933474390579e-01
-1.090213320902596594e+00	-2.011590829892291765e+00	1.532819386629737657e-01	6.026227454889886426e-01	1.370987175236039635e+00	8.358517667122995487e-01	5.491252068280592091e-01	-2.003634994763160648e+00
-6.923620630653936070e-01	-1.228875867210681871e+00	1.231273016050367319e+00	-1.375594778225161186e+00	1.553914809942810171e+00	1.550000950665248345e+00	2.301766026930944786e-01	-1.582840259509719072e+00
-9.747561283649608388e-01	7.526283307367754860e-01	4.154442935197232067e+00	-6.066647527945077112e-01	2.181582148485205153e+00	-9.625338125155687985e-01	1.111984701764691108e+00	4.399085256964299084e-01
-7.106299563344300463e-01	1.389106292257853870e+00	2.399507532250292896e-01	7.030517819584006234e-02	1.391412172562976890e-01	2.582451459775684910e+00	-7.838481234015943766e-01	2.977691140627343636e+00
-1.012825688064554308e+00	-1.728631737442081207e+00	-6.320189933338892230e-01	1.404268970183729925e-01	8.917638841576853714e-01	1.445407355511624248e+00	4.542820216186985172e-01	-2.248448706894164761e+00
-5.347010381251129374e-01	-1.274215927449948937e+00	5.208851852811351435e-01	-6.254553228755266314e-02	-2.588114026121544509e+00	1.839764782476206451e+00	3.210192377282984899e-01	4.535054169282915493e-01
-5.137792002058051422e-01	1.449564982890796161e+00	2.707136183852633105e-01	3.554877509985032713e-01	-2.353288880552525247e-02	2.473738817543412516e+00	-9.106062955015983285e-01	2.936542118151511893e+00
1.242794368250428327e+00	-1.071060867696092878e+00	-1.423567547042831505e+00	-3.093920284110114327e-01	6.425486167029055284e-01	3.093710821821077595e+00	-5.039105551732504518e-01	-1.463692593656770180e-01
-1.435554409496233363e+00	-5.325916070950585945e-01	-1.275524226543553574e+00	-8.395316068360260120e-01	-4.126689430565405048e-01	3.634321997038301610e+00	-5.082808712831136944e-02	7.273692548752512810e-01
-9.999296783269794320e-01	2.172644486862385371e-01	4.024793055142227516e+00	1.504687593417234071e-01	2.864835803863667874e+00	-5.217553457456850508e-01	7.596976135197002211e-01	-5.518950130411464511e-02
-4.665844136141481663e-02	1.052211025657212584e+00	3.594843893257837486e-01	1.277387339471171668e+00	-1.263406100201472704e+00	1.219645797872540349e+00	-7.410092349132409995e-01	2.092422424525537838e+00
-1.099380311284453793e+00	3.896782676769094955e-01	4.223651890774062778e+00	-7.760136802934958222e-01	2.437277579315990650e+00	-1.397261128714106126e+00	8.141280537230581871e-01	4.504763857898472224e-01
-1.252785948952951367e+00	4.055379477182431969e-01	4.333422081387102942e+00	1.461148182293220188e+00	1.676777179432191733e+00	-7.225153430023809609e-01	2.774525999453585912e-01	-6.697416623742369346e-01
-1.536719573004776684e+00	5.461790639845317541e-01	3.643552613428875375e+00	1.373174065535363864e-01	2.707905593790651100e+00	-5.667749151462274648e-01	-1.676860012193909788e-01	-1.050380634169581912e-01
-1.048163677410192562e+00	9.346414567665181083e-01	-6.474283421873716637e-02	-8.524753344068144445e-01	-8.198051173607450171e-01	2.329361210209917932e+00	8.062649955578859995e-01	1.670998849969620892e+00
-1.354388633937281483e+00	-1.024388097894084915e+00	-1.159282250607147624e+00	-7.780858113228532602e-01	4.535025076150652756e-01	2.359625068098916145e+00	1.784533837568805126e+00	2.925557943770918934e-01
-1.230097753859757947e+00	1.347658288175992647e+00	3.288925966173122939e-01	3.841956030915373299e-01	-3.652267322373153324e-01	2.237557811730204627e+00	-6.033637013312104225e-01	2.370427711491530864e+00
-9.328374907689186424e-01	2.001858867001030662e-01	4.532522915651871820e+00	2.929474461878328606e-01	2.594139713397060287e+00	-4.660668623981925052e-01	2.977497180158143464e-01	-8.218924691459565668e-02
-1.172442776226594985e+00	7.525862375507295088e-01	3.884824451496487363e+00	2.815795153522043792e-01	3.070546785130364054e+00	-3.247307916872271272e-01	2.153433725461946224e-01	-1.575334847205988598e-01
-6.865384870780376347e-02	-1.630783777391201284e+00	2.310463617770067979e-01	-8.722877111446826204e-01	1.230020353099696262e+00	1.438445004220688661e+00	1.603833067885620078e+00	-1.791835079468777847e+00
-9.859909374139561589e-01	-6.951879430796903403e-01	3.320740299502248583e+00	6.393513839487003914e-01	1.421183405296724267e+00	1.641606059604408863e+00	8.349451385003985315e-01	-1.352297050607233153e+00
-8.668726817949051755e-01	1.435434017803624895e+00	4.741806655009307980e-01	2.148735396388497254e-01	-7.101904248901828032e-01	2.144955368914897686e+00	-4.885618846757812106e-01	2.722090518234692169e+00
-8.229821803115014989e-01	1.006555132603509151e+00	4.264714339823779454e+00	-2.693840416452735198e-01	2.009663100168085581e+00	-7.109498070835754691e-01	1.312472380957292017e+00	-1.053236221279489904e-01
-1.669775679765682863e+00	7.616531442903498039e-01	4.089640575228872699e+00	1.086952238411002414e+00	1.434277869822315310e+00	-1.141377902003996025e+00	2.494089290172468165e-01	-3.678516482822536404e-01
1.112536432557934774e+00	-1.213122432757518743e+00	-1.301039809858383967e+00	8.956020089965058828e-01	-4.115430836985820573e-01	2.341038676373016436e+00	-1.005389571668447335e+00	-7.365246489769181615e-01
-1.493333462126800626e+00	5.217498733556452661e-01	3.815665830451934415e+00	9.600070772951274645e-02	2.599254267445234134e+00	-6.882958084984565073e-01	1.361751406510336437e-01	-1.640874521799527697e-01
-1.049129763610677557e+00	4.070448304992678179e-01	4.498653600125344987e+00	-3.864687021414117685e-01	2.778232134198192149e+00	-5.303610519297092818e-01	1.535998989461596076e-01	6.276167521716430331e-02
-1.624336765249856374e-01	-1.790818485791935810e+00	3.158970246475715005e+00	-9.582222752548934519e-01	1.130565516783204716e+00	7.387818227385909431e-01	1.145929788535529958e+00	-1.090317911921741656e+00
-1.142031506799832119e+00	-1.436731621971737205e+00	4.341547700830219902e+00	1.156821693513968796e+00	1.661463250890780952e+00	-1.646048165940237284e+00	-1.073056910119956076e+00	8.454359102546245286e-02
-7.553146139308243301e-01	-1.672246349632819706e+00	1.341591687564874569e+00	2.900253842213134092e-01	2.956970458231191312e+00	1.187251365060931985e+00	1.142445344123453443e+00	-1.272157600941381084e+00
-9.672218983420092231e-01	1.062139730907933455e+00	3.856131813659207541e+00	3.283046094750994293e-01	4.152327835968289693e-01	-1.181178531990724867e+00	8.177373829791976245e-01	-6.726127528945908818e-01
-9.308371557364986115e-01	3.550170620626575402e-01	4.141593638669037958e+00	6.117090537474225709e-01	2.908731008637262860e+00	-5.940828716476710403e-01	5.149066988320594174e-01	2.250626725060963507e-01
2.225260765275502539e+00	-1.282742618158510206e+00	-7.300421040654334615e-01	-8.453204009377667250e-01	-3.128348961116553251e-01	2.494077741149102856e+00	1.956559023014692866e-01	4.853735624815178062e-02
-1.164762911674697143e+00	2.805310915071207445e-01	3.530158850075679311e+00	2.652555170216180924e-01	2.623757068024804351e+00	-1.900867109249075593e-01	2.692805197411350382e-01	-3.316973783035219725e-01
-1.010442403667751066e+00	1.334957743676454811e+00	7.200164338249445128e-01	-2.231582618515414451e-01	-7.093990732787006093e-02	2.371579241954542283e+00	-7.053893466809166846e-01	2.303781472470507019e+00
-8.613289519480558931e-02	-7.156608711591280203e-01	5.031290936071733277e+00	-8.211775108923052846e-01	2.207491985999868955e+00	-1.558885646968624084e+00	3.074509600757903693e-01	-8.254952718267095924e-02
-1.271609657500859969e+00	1.039939134651193475e+00	2.035098035897838997e+00	4.615805925412849176e-01	3.333347944724993628e+00	-9.316550305154552847e-01	7.024443855739110898e-01	8.080822944846237643e-01
-1.064804516271394386e+00	9.282944601901522708e-01	4.391899471631225960e-01	1.094598430083314478e+00	-1.325060945917963418e+00	1.745216075666979005e+00	-1.356066377963839553e+00	2.076336222737983572e+00
-5.520488702243873114e-01	6.224506780300784747e-01	2.857185962564567916e+00	7.429401959620601792e-01	3.844884171989394694e+00	-1.003140426567237675e+00	4.152159503877384528e-01	-2.824004491347035239e-01
2.899926871397071060e-01	8.042321169521802204e-01	4.400562980073996044e+00	8.425285369248132206e-01	2.349835363969193125e+00	4.547227227314521447e-01	1.787738200702766456e-01	-4.984634250819495321e-03
-1.803476311749137695e+00	-1.685657831046978528e+00	-1.682722367311391798e+00	3.180626621565649792e-01	1.226693756307818406e-01	2.013202103040455881e+00	3.903466749225130150e-01	-6.475538322728826568e-01
-4.251658255953257859e-01	-1.536732018697667623e+00	2.625094768339115703e+00	-1.532722335711861561e+00	3.446394107536662199e-01	9.446533291141987476e-01	5.089913203955807042e-01	-1.332872175061899478e+00
-7.191830831072936192e-01	-2.343587811759159312e+00	1.891175231868791329e+00	-5.809931450777253703e-01	1.350005413806477650e+00	1.720947583630744182e+00	-1.114193079231331207e-01	-7.720511887464562850e-01
-6.754602183350576217e-02	-1.449377449150199171e+00	2.106744534055854157e+00	-1.697603976049303076e-01	7.569358416446902993e-02	1.865623055988172296e-01	9.539100801295194998e-01	-2.287680369330179708e+00
4.155303955836246455e-01	4.211732170951492105e-01	1.005358535721775137e+00	2.723947237946513500e-01	-2.009441990319894344e+00	2.257652664503950191e-01	-6.382060666089874879e-01	1.741846034236564478e+00
-1.001413987762812763e+00	1.449106964081146476e+00	6.471680065983815844e-01	2.469884213671222073e-01	-5.788921747159383457e-01	2.317701901456535651e+00	-8.153567114013205996e-01	2.483512750338677133e+00
-9.718271505106192976e-01	1.036024843633113895e-01	4.322223978650151288e+00	4.017093837689031943e-01	2.809507678155094723e+00	-7.715122461474710480e-01	2.150286997596911331e-01	-3.434885554539032215e-01
-9.196883119447657462e-01	-1.487099422571383833e+00	-1.225836463912031160e+00	-8.262582474324751125e-01	-1.559901983551494342e-01	3.116691478656198555e+00	-5.311450910887766108e-01	8.949233558281636247e-01
1.411263819746615411e+00	-1.131935373622132479e+00	-1.248272555109889215e+00	7.989683990513244405e-01	-7.924343830946348755e-01	2.607866968185182266e+00	-7.894315708651830077e-01	-6.798742442778205053e-01
-1.505754513381123205e+00	9.694047156029806933e-01	6.508363311186061706e-01	1.411767137073304257e+00	-1.035499273065431325e+00	2.097358543248650786e+00	-7.095593428111385270e-01	1.532814721128808122e+00
-8.533746362387859552e-01	-1.085311997022125885e+00	2.107208079408069701e-01	-1.111518507478363338e+00	1.108239914043646746e+00	2.234496817709599625e+00	6.514833363170724478e-02	-1.941190270206964996e+00
-9.487070565691509971e-01	-1.084427608580445845e+00	1.036843838710168830e+00	-9.578268039210880991e-01	1.474044509898573052e+00	1.767784620014550168e+00	-8.098638929565127320e-02	-1.109463663351568874e+00
-4.448213734102231531e-01	6.570814970879000905e-01	3.357763306647572055e+00	4.096252956582628890e-01	2.709887223564497294e+00	-1.288993692837948624e+00	1.675912186728302666e+00	-1.246234706438219264e-01
-1.419083289868133813e+00	-1.291847616351137484e-01	9.248608500895483253e-02	-1.212430537636886435e-01	-3.118392883631894152e-01	3.421706768521558750e+00	1.132484468729850757e-01	1.354052301520441093e+00
1.119914363428201165e+00	-7.789052621641429086e-01	-1.564353155660732186e+00	6.553078621538056536e-01	-7.776505101573101264e-01	2.758507378810338473e+00	-7.265928052414133420e-01	-6.458572177523783653e-01
1.660706850402523305e+00	-8.561008711743042232e-01	-1.430916985995903001e+00	-4.707986920249290219e-01	3.513525835149470256e-01	3.298533914207322226e+00	-4.445946802996361691e-01	-1.576133840715956691e-01
-1.352757686003599247e+00	2.190683635594634082e-02	4.145110545117110412e+00	5.295944711607093458e-01	2.797022233116179368e+00	-8.465063953719058620e-01	6.151879116786005408e-01	-1.668754329394361580e-01
1.468114485208448894e+00	-8.943760471934013578e-01	-1.266258168335763434e+00	-4.876940746821072370e-01	1.373913930935213301e+00	3.195113785288687502e+00	-6.583761835076595847e-01	2.250662419385086321e-01
-9.416874438105783396e-01	6.843627090690528325e-01	4.135639420121900223e+00	3.905154206262911876e-01	6.713694344394980362e-01	-1.453429260361717379e+00	8.230600668386365282e-01	-6.603676608650262958e-01
4.548166174164491316e-01	-1.730430663402907632e+00	1.360477295426965716e+00	-7.961824302544794341e-01	1.962618737361649934e+00	6.174084675128739264e-01	1.353429914862986916e+00	-1.400286439096632751e+00
-8.063787129004491572e-01	3.334899282113930052e-01	4.574857634554038377e+00	-4.073523652461559230e-01	1.739054292696831983e+00	-1.110971164329259908e+00	9.149763073648080614e-01	-1.331545113700815242e-01
-1.219381294078563771e+00	9.380521611689830730e-02	4.091394754530978339e+00	5.108496630212081002e-02	2.865703068226801431e+00	-8.248278275597344944e-01	3.525489798584440782e-01	4.623689935478503266e-02
-9.526718436559994396e-01	-1.383067685260005487e-02	4.756256780802571527e+00	9.878325829647102707e-02	2.823633861328257666e+00	-8.944677675913276227e-01	1.023900732192681851e-01	-3.183095100508904762e-01
-1.350335522397480892e+00	4.083359949248155374e-01	3.998837293582855335e+00	-1.916676506084083464e-01	3.060188924633397978e+00	-9.282137998924205879e-01	4.414372261219717264e-01	1.085542697496480330e-01
-1.082758932739744440e+00	3.473521457649702548e-01	3.091234591023477751e+00	1.623231919497857056e+00	2.599377225662382163e+00	-1.901604006448339046e+00	5.140440442545097799e-01	-2.119966953924898867e-01
-9.302781735754933612e-01	-8.284690485236370083e-01	2.587266154007345165e+00	1.090008711078548076e-01	1.905810254424958661e+00	1.595151312040780756e+00	7.105030008775454764e-01	-1.262808204750084817e+00
1.034580343220250498e+00	-1.037980571677594499e+00	-1.488164514308852215e+00	2.758388999650618345e-01	7.201829062833549067e-01	3.375383735678277652e+00	-8.353456435452795148e-01	-2.735241661563018734e-01
-2.587083084557772583e+00	-1.373940184549693910e+00	-3.020635230676788630e-01	-4.342580231929660251e-01	8.289829218435215696e-02	2.889162359216876474e+00	3.433742955398789154e-01	8.128544733832810953e-01
-6.305451194707376583e-01	5.123944929999699749e-01	2.534907715896541180e+00	8.296806858312694155e-01	3.862426000241712121e+00	-5.601525448160277199e-01	5.501063234564838034e-01	1.342661000873082711e-01
-5.593198538477565096e-01	-1.754956685146537909e+00	7.680576700212984331e-01	-1.366283724255918930e+00	1.102400955352436540e+00	2.490212543055641881e+00	3.538824708043955547e-01	-1.988503673511549330e+00
-1.067023030684024043e+00	1.218259296867978625e+00	6.191669587096595428e-01	-1.909251721140686198e-01	-3.000047782501440996e-01	2.271423729413615700e+00	-7.602760993657906585e-01	2.567264441457837609e+00
7.703583558447908430e-01	-9.750008714530415954e-01	1.666440589799026206e+00	-1.348085823573165198e+00	-5.131769134598408444e-01	2.459307189889724299e+00	7.604193346551375576e-01	-1.351066432626534919e+00
-2.212637912621017389e+00	1.721220489949379651e-01	3.293750102315113004e+00	1.539912430124497356e-01	2.278118989733862509e+00	-7.055270367489007155e-01	-1.758283873266183461e-01	1.725120333085992552e+00
-8.597876644609021568e-01	3.302045635821844183e-01	2.864770687193004761e+00	4.463347690095662568e-01	4.182887553821532656e+00	-5.393553658713401422e-01	8.653954376600041520e-01	7.905449307453610297e-02
-1.244322194925353120e+00	7.617053137498543958e-01	4.056597031775966755e+00	3.521069259565769993e-01	2.878437307917854682e+00	-8.169830468419451153e-01	-7.258572292642227752e-02	-2.391735284877898604e-01
-1.180613341218719636e+00	1.256395857594553966e+00	3.303089143332041400e-01	1.467418853209212504e-02	9.498577584731479617e-02	2.078793970654477796e+00	-1.957621776183843809e-01	2.300972181391790272e+00
1.441976971880415626e+00	-1.321700752178788241e+00	-1.095311624961347707e+00	-3.245735882290193830e-01	3.880719011472552049e-01	3.039847920335821740e+00	-7.109798880084778894e-01	-3.616137120959998265e-03
6.592001675364972391e-02	2.677606499085823932e-01	3.459865530863214467e+00	6.464228160477680785e-01	1.074138004085972264e+00	1.940894063875599151e+00	7.884384751464978969e-01	-9.537899330503937234e-01
-3.310573723002833285e-02	5.942109782368554249e-01	3.370950546591037877e+00	5.095733143892805517e-03	3.066523385201253227e+00	-1.559919460794032098e+00	1.269780676476151893e+00	-1.012428964184031305e-01
-1.129511834234169232e+00	9.480858948659135477e-01	2.520804927535274409e+00	1.748915948996931924e+00	2.541381978302775124e+00	-1.218269739310293254e+00	6.632158975634436793e-01	-5.830542890219089225e-01
-2.794748325065710692e-01	-1.645719230296319058e+00	2.400656091555161797e+00	-7.906128881328471358e-01	1.624119460664994463e+00	1.341402895471424772e+00	5.860024794915108526e-02	-1.473426687438509575e+00
-6.748539631832476404e-01	-6.306603875313860907e-01	4.074923163438790574e+00	-7.544772682605453695e-02	2.811269320783893466e+00	-4.565408871162976445e-01	-3.931848908594479108e-01	-4.544164607634441078e-01
-1.662798421617756039e+00	-1.905517801756031027e+00	-2.848411235481497772e-01	-1.522661374393882383e+00	-5.791693402559359161e-01	2.189456496363066496e+00	8.031437980951587896e-01	7.426531439819279434e-01
-1.240634709718400952e+00	1.187297343424783991e+00	3.927592222539647793e+00	-1.667899125589610010e-01	2.805855906126837329e+00	-3.668408355564173329e-01	3.398947365327250059e-01	2.430446241682057695e-01
-3.945458642805875771e-01	1.356535714360654898e+00	4.602733854568198391e-01	8.607954952096055767e-02	-1.054730831913677780e-01	2.197782464019883086e+00	-5.796217999044863678e-01	2.644070764413164909e+00
-1.701848199720188193e+00	-1.502689405220939134e-01	1.067750037325469470e-01	3.198738522974244880e-01	-2.217375047868882232e-01	3.261251859872092318e+00	6.669172493462365292e-01	1.353856348265756404e+00
-8.993166635573081047e-01	-7.202663200595441628e-01	4.512590712621368461e+00	-1.797997986414616722e-01	2.539782815778470315e+00	-1.264882272354217907e+00	-6.750660105422490176e-01	8.715130946151040947e-03
-2.177022500773651004e+00	-1.012027236880677084e+00	-1.034041004654635776e+00	1.103349062547043236e+00	1.524246129824965434e-01	1.760765950680164948e+00	9.577897018618029001e-01	-8.876885361193850160e-03
-1.061801989611557001e-01	1.418744571569271695e+00	3.765563627930122337e+00	1.440965311019385631e+00	1.053370406774450707e+00	-1.524781380835957545e-01	9.900400521720309488e-02	-9.035273114078884449e-01
-1.820779428466715033e-01	-8.919904711698645183e-01	-4.872703566315796792e-02	2.122196677139911170e-01	-4.754746063355475005e-01	2.242142327344166297e+00	-6.042327834068997872e-01	-1.790732347147411030e+00
-3.673653297578161614e-01	-1.604783913867012579e+00	1.317703059561152967e+00	6.932103197756880886e-02	3.063380862522704362e+00	1.202075735009682234e+00	9.343071726005180988e-01	-9.491458132736144693e-01
-1.230917737647698740e+00	1.190860346560430882e-01	4.072681831136849340e+00	5.015395224211097736e-01	3.313878826164744940e+00	-5.369632476004120303e-01	8.337454082849193870e-03	-2.319744749263854267e-01
-4.218926923058739509e-01	-9.059554748952621805e-01	6.723361268750767117e-01	-3.088527820613333752e-01	-1.153890317823046185e+00	3.068037184996105893e+00	1.487202534714587188e+00	1.610278074882103505e+00
-1.159768489911113497e-02	1.255313954799976983e+00	-2.354295908107708613e-01	1.035187992610436369e+00	2.936852530349572943e-01	1.697355885710124968e+00	-1.546206123631966023e-01	2.416321497108422811e+00
5.508710269879610877e-01	6.614184869471233519e-01	9.767101108685025679e-01	-6.509296766704166792e-01	-1.372037124761404936e+00	1.136786275409902514e+00	-7.190405424896696429e-01	2.857927165760038246e+00
2.024051054260857629e+00	-9.487930031406595077e-01	6.559602200835794594e-01	-2.537058885175286771e-01	1.577187500823517219e+00	2.166133615457287664e+00	4.132272608781422663e-01	-1.947955349431469418e+00
-4.060685431082154961e-01	-1.558863726795975735e+00	1.903861810216553430e+00	-1.570913561424902349e+00	6.135468941750967797e-01	1.136545721994477010e+00	7.323492591821363362e-01	-1.576975228648625604e+00
-1.211847174153797280e-01	-5.285332878289247249e-01	3.288465213015873800e+00	2.017765524867104754e-01	3.731361696858523036e+00	-1.512736941730216333e+00	2.939403954436678457e-01	-2.990798407876701925e-01
-9.136439114783372339e-01	3.981560675087467138e-01	4.297244547081694677e+00	4.811713457506177072e-01	3.082522135633896543e+00	-6.911923632625041058e-01	-4.691911571095980921e-02	2.569622321199481196e-01
-9.462732313867417977e-01	6.419902996540678419e-01	4.242614582707007642e+00	6.344144762228537404e-02	2.878687977564642342e+00	-6.413147370561331773e-01	-1.359403186612017367e-01	2.932899116967068176e-01
1.385014350480357370e+00	-1.029753154363388212e+00	-1.449947180123658752e+00	-1.587815866231846451e-01	3.944244378829822040e-01	3.344636363355863118e+00	-5.360261011332394521e-01	-2.140467709955008735e-02
-9.491220080324732633e-01	1.272699734031101260e+00	4.484880412272401196e-01	1.230274742880364813e-01	-4.605185976820483917e-01	2.333121797404454245e+00	-9.260042880533195797e-01	2.760088232523639551e+00
-1.834096416615365710e+00	-8.520934263525948849e-01	5.729677885796427006e-01	-6.658815599711888356e-02	-1.202926704149006876e-01	2.126010574421706156e+00	5.706705552206068344e-01	-1.979624480967732802e+00
-1.031144277887506178e+00	7.231443167526588889e-01	4.014931343589805302e+00	-3.814381987620705378e-02	3.202397703516179472e+00	-6.632960922275058513e-01	3.199617556273021690e-01	-2.049268110725007974e-01
-1.033229898202791874e+00	-7.818522768928689581e-01	3.283337919284719852e+00	-5.370334786983476105e-01	3.307118515265151437e+00	-1.041288357074553916e+00	-2.649807064267697410e-01	-1.502767800570202206e-01
1.623420372917601107e+00	-1.338979142481443674e+00	-1.256628440395565871e+00	-2.007193566049076117e-01	4.192918692648996970e-01	3.031901611224006921e+00	-5.459265937668701385e-01	-1.321585937215314088e-01
2.187497413535789637e+00	-1.077219213983546586e+00	-7.416874085173649211e-01	-5.863493758336207895e-01	-6.057859945870027740e-01	2.789584139279121189e+00	3.189971525138987629e-01	-2.569682965845141998e-01
1.313788927175674859e+00	-1.084855600334717840e+00	-1.476657347662779562e+00	5.639092766420530922e-02	4.355806783568880736e-01	3.248491433324409705e+00	-6.867833308090224298e-01	-1.425102173113039494e-01
-1.320674701049522337e+00	9.039164717928748205e-01	2.625192699033790156e+00	-4.795714176454918265e-02	2.529423511910072531e+00	6.576339846388363775e-01	5.352637436831331197e-01	-5.088843829054585655e-01
4.067409527570068906e-01	9.045058685696528711e-01	4.594111713361899163e-01	1.041173528570551010e+00	-1.318648794495018706e+00	7.592244474896954198e-01	-4.333611016020467166e-01	1.846676792607789386e+00
-9.263397777874194938e-01	2.590208479975717459e-01	4.196645345700389385e+00	2.607387940354349842e-01	6.535372854871559500e-01	-1.723021398318434816e+00	5.516200792259822183e-01	-5.577767477857528133e-01
4.552275907624309115e-02	-1.506020581344257980e+00	-1.201410451024649717e+00	9.453315166233843270e-01	-8.304559739101458060e-02	2.312851860388404290e+00	-5.290061720725887096e-01	-8.561222577081593066e-01
4.467445365936574819e-01	9.313945375255167081e-01	-7.367770129603386231e-02	9.118758663385412300e-01	-1.446971809208295878e-01	1.120068158440643113e+00	-1.545128388884656201e-01	2.188612180674475827e+00
-8.846174939936145565e-01	1.297715543226661605e+00	4.596418773979102923e-01	2.987458314972742945e-01	-3.507618790297161726e-01	2.175302344986964620e+00	-7.288147077164980336e-01	2.470770052532880623e+00
-1.606429122500851570e+00	9.177717490811584389e-01	1.416745834173434471e+00	9.749974639088608841e-01	3.553441392207297600e+00	-4.830960678240933115e-01	-4.586559011034396956e-03	-6.916517751559620591e-03
-1.662416688541913157e+00	8.290181964827264549e-01	1.112662014194308879e-01	-1.313961531420439199e-01	5.915987613524024136e-01	2.136553895825293647e+00	-4.804147898041513098e-01	1.740912935367622039e+00
8.366130761855963272e-01	2.946712253535175297e-01	1.074783136774432601e-01	8.080499687131800224e-01	-1.266671081158725620e+00	-1.259144560079440180e-02	-2.878596067795342051e-01	1.977911894195352183e+00
-9.321396107726483971e-01	-1.009554244974693038e+00	3.092177704240891778e+00	5.851539733090994622e-01	2.563737353475368685e+00	1.370209383054351360e+00	8.676734968401875747e-01	-1.387972120695606160e+00
-7.639588720458777571e-01	-7.491884703466841211e-01	3.453847420708215932e+00	2.231301764638371765e-01	-1.396472700367741848e-01	5.842592580173456840e-01	1.510492142138479821e+00	-1.776023156391840052e+00
-1.501835094160961948e+00	1.358827720645172432e+00	2.481555796262734148e+00	-4.508223549881702763e-02	2.577828369928246044e+00	2.511602917706651228e-02	-1.862559695948054761e-01	2.721471448720955144e-01
1.603882222215521569e+00	-1.034832924226115169e+00	-9.085225269149852512e-01	1.294289691481217697e-01	-1.517094062530110365e+00	1.859758177141570989e+00	1.369981329574004869e-02	-5.375707817618732287e-01
-2.325832216244118733e+00	-2.641928104029020452e-01	-2.119518681607758248e-01	-2.521261437995744870e-01	4.600453347944817306e-01	2.805051036563588340e+00	6.141697137857813349e-01	4.341651776382081662e-01
3.687603414423021309e-01	-1.549901542986794833e+00	1.347634779943116090e+00	-7.051471883135289609e-01	1.868732708815207255e+00	3.551168079179267689e-01	1.233217482252222386e+00	-1.581544864294693209e+00
1.771129042794020947e+00	-1.272930816571052670e+00	-9.930181138308576960e-01	-6.179693275190816237e-01	-6.259402852506070758e-01	2.217983014679273168e+00	1.693770908345069159e-01	6.815581703148543280e-02
-7.610088214180300570e-01	-9.578281467480924682e-01	3.069372187473781377e+00	2.993337107237251105e-02	2.239537387342240837e+00	3.372336956969155808e-01	-4.735050698276551118e-01	-7.929138328124123447e-01
-1.043279078618752465e+00	-1.204606734978514067e-02	4.856055584397985569e+00	-7.990006616263006789e-01	1.696016675873698976e+00	-8.615384537958146183e-01	8.761364477584852040e-01	-1.517189865952194294e-01
-2.206578511561986478e+00	-1.021855321908635039e+00	2.859133426814373102e-01	-6.564085064465760089e-04	-1.741778938537253518e+00	1.795945936592375114e+00	1.349458106897775123e+00	3.605461983343684063e-01
-1.194930240721878034e+00	-1.836635204706512647e+00	1.856113658024860780e-01	-6.478069239912950250e-01	-1.171881643765027570e-01	1.904483022538341785e+00	-1.526300563375322106e-01	-2.509238330481024182e+00
-1.167544079404974733e+00	-4.848667718393965820e-01	1.095537948462314004e+00	4.231549312375848526e-01	-2.598232943355605062e+00	2.097492170532150979e+00	9.675089068057083352e-01	9.514270449342500102e-01
2.244561883837841720e-01	-1.108680749644449071e+00	-1.083819526835037239e+00	-7.301001166082935478e-01	-2.570523845339627300e-01	2.504038556312463193e+00	9.545409992708075997e-01	-3.153715287570667547e-01
-1.121220199477213297e+00	5.358733376604839505e-01	4.107619583096066229e+00	3.591011696324201141e-01	2.461122429737946149e+00	-7.223962324591087780e-01	-1.774648843093172279e-01	-3.005055658252885412e-02
1.280216677764978606e+00	-1.274122395152457177e+00	1.421699357851666123e+00	-9.839714287755585431e-01	1.128763223872619736e-03	1.904199191153812087e+00	9.533935962809292342e-01	-1.587179152500709067e+00
-6.874954698012388787e-01	-1.274883581290502457e-02	8.979698356214529387e-01	-9.160793594629571546e-01	-1.175198990422043233e+00	2.656398943490924758e+00	8.077618364786158800e-01	1.990959664084553271e+00
1.881947456405249852e+00	-6.055812291631157418e-01	-1.470597263655555320e+00	-2.783239601774568639e-01	-2.301580517902223899e-01	2.933294155013371984e+00	-4.818408143195779814e-01	2.268172282903381520e-01
3.258699739590179001e-01	1.210593178580688489e+00	4.459685364235358662e+00	7.939721222075902807e-01	2.660854071012550559e+00	-2.866637713389821318e-01	1.666805737202314841e-02	1.896492131758309441e-01
-6.211866731010031728e-01	3.700978632012341674e-01	6.851845546480019866e-01	-4.397383377010591898e-01	-4.093035339710887621e-01	1.958513701667555784e+00	-1.813979928737328606e+00	2.455742135957506012e+00
-1.098258768600580915e+00	1.222510819858317332e-01	4.235123487318672275e+00	1.307327572487841039e+00	1.787462917468088941e+00	-1.210589351161593274e+00	4.491012704508209885e-01	-6.851303789033044156e-01
-7.251504619553796882e-01	-1.321571502631592843e+00	1.289619630612746093e+00	5.514950578036234008e-01	5.793538303814882440e-01	1.577108427695944615e+00	-5.680803721433480558e-02	-2.384060314870424246e+00
5.193872335272344820e-01	1.229723707179932068e+00	5.229596635927402648e-02	6.153979109206483833e-02	-7.842766144174345699e-02	1.275518679718406156e+00	4.925216935219335901e-01	2.771081497430777141e+00
1.222373437799332718e+00	-1.121090617566070646e+00	-1.555727532332263907e+00	-3.880337957570020313e-01	3.455855638615690784e-01	3.155411748052192600e+00	-4.286473607542608533e-01	-2.052037743273487924e-01
-9.117992175226898866e-01	1.171435663434889696e+00	7.687661710909556856e-01	-8.540466825781102278e-01	-6.411862129310635927e-01	1.588226211760902506e+00	3.694639336339554103e-01	2.656047066018406788e+00
-7.786635918656322763e-01	1.069760490312109846e+00	4.587696938859652462e+00	-1.863889441435286343e-01	1.720238164044173956e+00	-5.370549795455610287e-01	1.387022823165795060e+00	6.792835831528448720e-02
-5.897197590397870171e-01	-1.312165930709129569e+00	2.340967145995596077e+00	5.922060722500379626e-01	2.615264288074305110e+00	1.079773585089427002e+00	1.942006020714002190e+00	-1.211222314434464709e+00
-6.545029670993307569e-01	-4.584772089737027545e-01	2.912079531991996539e+00	2.782847793658616009e-01	1.841838948225402506e+00	1.735524156440641397e+00	8.639890188632635137e-01	-1.381459743377967841e+00
-3.491639604415593956e-01	-1.440620679664165404e+00	8.761335861652934653e-01	-1.031530948831894889e+00	1.538799743639103212e+00	2.228245048964704988e+00	2.601217258834695456e-01	-2.141664758957450676e+00
-6.059227881102433599e-01	-7.683726105183433797e-01	4.297284562344634296e+00	-1.840636984621014105e-01	3.079245184771477017e+00	-9.693430225985374404e-01	-3.938674383129613932e-01	-3.347235884900391367e-01
-2.074209766995987803e+00	-4.664101904936386878e-01	-4.529237916575339917e-01	-2.131287448046661759e-01	-3.428950748354993999e-02	3.500051914446995482e+00	3.959786234596597843e-01	8.322184657049610523e-01
-4.988476374491590537e-01	-1.201375830026431224e+00	1.866033764104087389e+00	9.227501984829963311e-01	2.610498212529127837e+00	1.287196182418664181e+00	1.425409558357057849e+00	-1.215100361346826086e+00
-1.615960972396598638e+00	-1.869714006112581872e+00	-6.003215408037467782e-01	-1.293957803364162551e+00	8.912524930775360676e-01	2.460805660660159155e+00	-2.988093327487938433e-01	-6.007169671283789647e-01
-1.862146162285848838e+00	-7.227092849449200385e-01	3.954722913941497442e-01	-3.173530176956209647e-01	-1.471508289101619849e-01	3.129242800720352768e+00	4.694453559229646022e-01	3.582120366587660532e-01
-6.538229654695926207e-01	1.360502147781409210e+00	6.017189587677764795e-01	1.989810877988746618e-01	-4.242860686377658008e-01	2.263126767221164126e+00	-8.396660325220302035e-01	2.544438162843276618e+00
-1.053378538857038249e+00	5.574130433191323286e-01	4.005885624880786366e+00	5.235972193030093980e-01	3.019921180123000592e+00	-6.977918470449285815e-01	4.435561101479015833e-01	-9.065105391021824680e-03
-1.056677458312645479e+00	1.007744254681173457e+00	4.004436713621754684e+00	8.217532340837402360e-02	2.765198128251254328e+00	-4.855830279612313727e-01	8.218567610179611238e-02	-1.939971535684879844e-01
7.096876872820903071e-01	1.190083216133364763e+00	3.179301726883024148e+00	8.377099269481573796e-01	3.828153286672771660e+00	-4.491138545657615833e-01	2.031252910535996659e-01	4.840195078371201109e-01
-8.140288585882349270e-01	1.669761162585173542e-01	4.550433436934468112e+00	3.505976062522226933e-01	3.386905984445355955e+00	-2.368117654185771248e-01	2.265606355624675827e-01	1.914802974256995527e-01
-7.759067324203869909e-01	1.613256765417890870e+00	5.420439643392402917e-01	2.570586108579666629e-01	-4.409293209243379530e-01	2.596802886937204846e+00	-5.801222246184738474e-01	2.103807246455764890e+00
-9.917378203671687320e-01	7.650749053410634826e-01	4.223532251145775795e+00	2.497628134402466726e-01	2.977756384173866788e+00	-6.599671471669019684e-01	2.168225439595611315e-02	-1.068228039104951871e-01
-1.160057934008675629e+00	7.952917813039488415e-01	4.317046234124616078e+00	2.666248581003315410e-01	2.735071125325159169e+00	-7.455297714945969823e-01	3.366856253684614164e-01	5.328321354977653135e-01
1.463700291599888903e+00	-1.168279663592935780e+00	-1.260014686801154582e+00	-2.225483782212476780e-01	6.603427872593852221e-01	3.066552406159630095e+00	-5.965580986451167744e-01	-2.211344097033895451e-01
1.333619825234181877e-01	-1.040500960896696414e+00	-1.341800014162033428e+00	-3.666586075434520309e-01	1.126113916934079029e+00	2.863003392955253190e+00	-7.246633478981932830e-02	-5.720174169818014430e-03
1.794450333141438314e+00	-1.007324116986342277e+00	-1.137026272929230419e+00	-9.935908077398792893e-01	-2.774729292460443308e-01	2.661974336430179555e+00	2.055894036366207600e-01	1.572136023355778234e-01
-1.908098474986932969e+00	3.593612755125422664e-01	3.399410071473580430e+00	-1.036323914606960550e-01	2.489445584888438923e+00	-4.405414292062190262e-01	-4.581335183533967181e-01	1.929296595984099749e+00
-4.912421360404338744e-01	-6.866483555236906344e-01	1.335779700912271162e+00	5.836149650521017529e-01	-7.130462189723916211e-01	2.202926822599858170e+00	1.922040721923401474e-02	-1.697349613073855235e+00
-4.137456501155903910e-01	-5.472748122025203887e-01	1.906233517334323446e+00	-1.364881687865621585e+00	6.539008458108579447e-01	1.074827172933551900e+00	6.355720594163147830e-01	-8.790010775014606148e-01
-1.015330229111508054e+00	1.967703783357405145e-02	2.919632531822731636e+00	1.505974241897029220e+00	2.508686677858928959e+00	-1.544707789424069722e+00	7.358688438991412006e-01	-7.043854858522274887e-01
-1.824920554281326934e+00	1.090774977678526270e+00	3.618202764236663871e+00	4.888050353146805582e-01	5.372243015699535995e-01	-1.533969011149405759e+00	7.731343581548044686e-01	4.673491549980032245e-01
-6.449374912585806863e-01	-1.252786495139587952e+00	2.148256355649853955e+00	-5.255625540902574278e-01	1.863257369057258916e+00	1.430138467465818852e+00	2.117859441071562321e-02	-1.628214414224100404e+00
-1.629212413787101132e+00	-1.948049671140761108e+00	1.940174760713114788e-02	-1.205679244750906154e+00	8.620426533136271718e-01	2.618013710728319232e+00	1.069619022429792454e-01	-7.237173799029680277e-01
-2.284091019946647538e+00	-5.666364086025735824e-01	-3.984054267175813346e-01	-3.649794456697655898e-01	4.084089357931511288e-01	2.886504723597479227e+00	7.020670092276055652e-01	7.245671137243721027e-01
1.576479277564718284e+00	-1.106392405145740776e+00	-8.836958725087407096e-01	1.757758380673431209e-01	-1.534768904439741455e+00	1.937419204953383600e+00	7.690823063012419691e-02	-4.924210550910457229e-01
1.214134024126741762e+00	5.730364149712120492e-01	5.251487323947211516e-01	7.426513323051254778e-01	-1.038574256721468192e+00	3.478836734300115863e-01	-4.150772598945803860e-01	1.619629086869072143e+00
5.750414316012741889e-01	8.152405058719476294e-01	9.393962602962790953e-02	1.408570709274780119e+00	-8.107509018947930413e-01	7.352923476305626149e-01	-3.966962695385683468e-01	1.838756519201099726e+00
7.037435007259942310e-01	-7.263770593144256438e-01	1.319636021294977812e+00	-3.587807688965156672e-01	1.009155626172647091e+00	2.924944444835087864e+00	3.360913364168235939e-01	-1.878286931356613954e+00
9.126419114941610733e-01	-1.144117159516297999e+00	2.949008922172641878e+00	-3.409047974044525087e-01	2.586926761046335344e+00	-5.723820476629061238e-01	1.236882194768210708e+00	-8.567571191969354238e-01
4.651379003822325164e-01	-7.255231177099829010e-01	5.035783529525330593e-01	-7.239312114997838998e-01	5.806351452908271593e-01	2.904162893816073954e+00	-2.392253682012096816e-01	-1.794290291899703904e+00
-6.513098915710049397e-01	-1.815856370158293043e-01	8.273124336153455660e-01	-6.590186702544826858e-01	-6.395880508635057859e-01	2.022441042024109681e+00	-1.585764355328540764e+00	2.882536391712994028e+00
-1.361414005871635524e+00	-1.171755546165326622e+00	-2.690854770051235301e-01	-9.049783320029255451e-01	9.503720290340023080e-01	3.098161959000003129e+00	2.882840483733824510e-01	-3.075878411280398295e-01
-1.308944549869127671e+00	4.370256826082715707e-01	4.544622103918528389e+00	2.820088048166544681e-01	2.710443924410555372e+00	-6.451933255764309427e-01	2.447109108342324091e-01	1.769761702253661029e-01
-1.323058316202711637e+00	-2.200622481257022756e+00	1.396110290731394643e-01	-1.199326962918878081e+00	4.533627366411725479e-01	2.698810924692045532e+00	-1.516593607103447205e-01	-5.532583421298902238e-01
-4.453057921754498549e-01	7.524179581427240526e-01	4.308587331894058181e+00	-4.999489918479412820e-01	1.953050222837540595e+00	-1.053642240186752232e+00	8.442492508719285915e-01	-2.600825197178678883e-01
-1.332748046142166132e+00	2.065524766485982155e-02	2.640244632065297470e+00	1.516858062918175154e+00	2.694015533870550705e+00	-1.631146641800308439e+00	4.123681894989761898e-01	-4.160630845432815028e-01
-6.516258766605543817e-01	9.912894888069957444e-01	4.305475668761918229e+00	-2.752275738892476058e-03	2.968001822048162541e+00	-8.998722558026313045e-01	-7.441823507302495339e-03	2.134302309703582368e-01
-1.439162903456813858e+00	-6.718227664038814995e-01	-1.020068298499778647e+00	1.773710559791986885e+00	-3.551979640940424732e-01	2.372860198388613284e+00	2.745843693165190280e-01	1.102121270945671139e+00
-7.514211623529440942e-01	-5.006734779570447547e-01	1.815116123478330568e-01	-8.754289624622110244e-01	-9.932276108828520522e-01	3.063103890902956650e+00	1.326139858468543986e+00	1.156514867949697489e+00
7.185996824536833305e-01	-6.319049756450048072e-01	1.521052035885566589e+00	-7.116688420122143643e-01	4.348101118840787538e-01	2.496087207982460754e+00	-5.717596653740385226e-02	-1.913555683103288496e+00
2.419361790647542421e+00	-9.989103110857291412e-01	-8.544692916900168411e-01	-6.966812703972987686e-01	-5.624628072788986355e-01	2.638515077289524058e+00	7.484267167974395507e-02	5.598147869892263623e-03
-1.334425378533038442e+00	4.167101001838904306e-01	4.003886847626636936e+00	1.224360844209964494e+00	1.499159093253808361e+00	-7.571932976070034904e-01	4.745872415540763889e-02	-7.721565204207004873e-01
-6.682737779031627801e-01	1.606141963355624203e+00	3.787597503164040202e-01	9.079457154987863321e-02	-2.091994611371542079e-01	2.603426575216174044e+00	-4.104436385948397326e-01	2.729284625254798424e+00
-2.246632048371852264e+00	-8.269761967271124226e-01	-2.641410812464056734e-01	-1.046029482887764983e+00	-2.480380801803120649e-01	2.308259239758728043e+00	1.565466579354860110e+00	8.063014148924053659e-01
-1.169653914736590972e+00	-3.071938995047859833e-03	4.840372651635377110e+00	-3.202006397957693484e-01	1.476546718753011467e+00	-1.135091980968275793e+00	9.556906051973961258e-01	1.432510118399288990e+00
-3.249454166617074535e-01	-1.552179234695284737e+00	8.904457277030264351e-01	8.428828049456311700e-01	1.618630275400469332e+00	1.941827328478997472e-01	1.916136829010428033e-01	-2.058663040767839902e+00
-6.782754063773295261e-01	9.624347463158606786e-01	3.075491692515252229e+00	2.587918734950194199e-01	2.842748304868838005e+00	-1.116764356078758125e+00	1.727994932154856444e+00	1.054284735796084532e-01
-4.182430460868885591e-01	8.937313191647403565e-01	4.571277904133988379e+00	-8.718726009686186273e-01	2.283307121973611853e+00	-7.236874829646143814e-01	8.572414078880608024e-01	1.223750925711236809e-01
-1.322133304988925007e+00	7.146985295215678713e-01	4.177299623811040696e+00	4.000928230473624891e-01	2.923101462055414768e+00	-1.107608586335899981e+00	2.687855871988109602e-02	-3.010795092721704758e-02
-8.702735563203436442e-01	1.926981362637555373e-01	3.516996772736327159e+00	3.781182502623274821e-01	2.316226783134087697e+00	9.044858054795420488e-01	9.670835917229270162e-01	-6.178656315139395838e-01
-1.578181517846421134e+00	-1.521194824343553853e-01	-1.902341766381502597e-01	-1.691293504640096201e-01	-1.565175628255200679e-01	3.544269103622426975e+00	1.997077383673058204e-01	1.183565126247109411e+00
-9.567611420809399858e-01	3.768072918854864506e-01	4.122196415772937605e+00	2.663229747895439203e-01	3.056173922564454415e+00	-6.406202308069011142e-01	-1.834070654277111800e-02	-1.879587967402961135e-01
-6.228630194222201100e-01	4.497732625819064189e-01	3.683331679692278815e+00	1.082586811297314267e+00	2.006578777678538206e+00	-2.092827209989812864e+00	1.293560329845525159e+00	-3.602276280993543245e-01
-1.052119092058960925e+00	1.029448802561165444e+00	9.771695078233239018e-02	1.360868451941011026e+00	-1.147467347749614452e+00	1.642222413543001691e+00	-9.853957975921930901e-01	2.309847437791991087e+00
-1.471878149516800072e+00	2.482970388588403576e-01	4.452512019661718057e+00	-5.187158248115767561e-02	2.522913844555917606e+00	-6.251898069566474980e-01	5.551834130726562844e-01	-3.613843498405592235e-03
-5.144343030835024644e-01	4.359107815010782039e-01	2.938276188451537596e+00	7.483371934299837269e-01	3.989377891663004938e+00	-8.515620300948335553e-01	5.682893505454715832e-01	-9.914911812735793806e-02
-6.821044041497787980e-01	-5.141004111750946404e-01	2.990966636467318640e+00	1.103718810254391336e+00	2.787522520157726280e+00	-2.040628359545536341e+00	-9.815870181070010525e-02	-7.835424473124028566e-01
-2.405441447031936519e+00	-9.113978456316403909e-01	4.998165596754688966e-02	-9.845251336729082814e-02	-1.453959470681160382e-01	2.964998124274745628e+00	7.212658486122149881e-01	7.567977332867182882e-01
3.486608387356258665e-01	-1.347632327282813680e+00	-1.386128641788417992e+00	7.434997027604514086e-01	-4.155504862634379348e-01	2.275345058052833380e+00	-5.562429272217339626e-01	-6.539879946843775160e-01
-2.084459212477390633e+00	-4.796070793345602601e-01	-2.340946272804556305e-01	-5.964477842625774962e-01	3.482564806962339943e-01	2.916446425640808471e+00	7.534176867401700672e-01	4.468332329272683978e-01
-1.314293511443851203e+00	4.256191208608762766e-01	3.649096408993104390e+00	-1.299097785537567940e-01	3.271599180736204815e+00	-6.940013609105041281e-01	3.995938718966922099e-01	2.257400534234989820e-01
-5.423719659855021913e-01	-1.247885723290524052e+00	3.342811363810157532e-01	-8.970324771368916039e-01	4.547346141791408503e-01	3.051464391153585254e+00	3.741950573711815831e-01	-1.711233329388522906e+00
-2.894800267968783980e-01	-1.178937356111922741e+00	2.369638353467744540e+00	-3.844945501861825043e-01	1.573385380249314736e+00	1.627071818031221140e+00	2.452620868505611118e-01	-1.310587843216236781e+00
-8.724122990816672862e-01	1.297122487260331747e+00	6.713517379333262536e-01	1.111587747818086447e+00	-1.377625134844567611e+00	1.604034355432805148e+00	-8.080135659551118676e-01	1.831706539224548624e+00
3.382019740814420916e-01	1.268836477090017123e+00	4.461896512949618199e+00	3.958748689732310977e-01	2.298607754929224090e+00	3.330784796071356579e-01	1.376289920648587906e-01	-2.234575178093509695e-01
-3.759018384783541222e-01	3.277264217856908912e-01	5.056173720780718917e-01	7.652986265878517491e-01	-1.669853687942036036e+00	1.169687926214172613e+00	-1.670446948807899679e+00	2.245253028138011420e+00
-9.176239650300807016e-01	4.543792330456730699e-01	4.329198566486369693e+00	-1.380286974725022098e-01	2.916048125454468565e+00	-5.614605754154700090e-01	4.773949031028185130e-02	5.375284514736420327e-01
-9.799824553036966535e-01	9.525470611486244743e-02	4.541533421410914428e+00	-6.369888740081550704e-01	2.156822881804922876e+00	-1.042000946378514703e+00	1.011614485778371320e+00	3.469533934638585060e-01
-7.968545655475685052e-01	1.535943028848795189e+00	3.962180561016334090e-01	-3.051937566131183652e-02	3.502449893805698600e-01	2.554598530086702013e+00	-3.636569355316010554e-01	2.363177617685904508e+00
1.284893467818854385e+00	-1.041755877342933179e+00	-1.629450837254958762e+00	-2.769232006933672330e-01	6.355265444683813048e-01	2.812402364878492378e+00	-8.953101863970833740e-01	-3.819742293521833504e-02
3.504310517222192778e-01	-8.264084854801471980e-02	3.545550600201945901e+00	6.159811933671749395e-01	1.311882423678654375e+00	2.240368868324988050e+00	1.323964449058167903e+00	-1.055150830554187236e+00
-7.517024440120623208e-01	-1.196324643924469910e+00	4.662981613032839867e+00	1.083736114265206052e-01	2.767029367628781600e+00	-1.075622501748681126e+00	-7.200252645042685140e-01	8.822910827343029005e-01
-1.035216544942136219e+00	1.643183816321155177e+00	3.593809047112498933e-01	7.787897528822360083e-02	-2.922412874325616694e-01	2.625405612535588240e+00	-1.490686753967946088e-01	2.011499506301913431e+00
-8.371367659999476851e-01	-6.331945290205968080e-01	3.328545172429442811e+00	2.072732647262522654e-01	1.851075052630828610e+00	1.291893066333390072e+00	7.831109327495642258e-01	-1.047588973165868520e+00
-1.891862046924502438e+00	-5.946713606730895663e-01	3.723676466940153418e-01	-3.483579890496723563e-01	6.714284579131656328e-01	2.856716763613344590e+00	2.758648583035089863e-01	1.711347159729000381e-02
-1.251467897010818842e+00	3.286344241113084985e-01	3.934503082070125668e+00	-4.809201019714537395e-01	9.827102423228204486e-01	4.401866921008029121e-01	1.599775337195840974e+00	-3.307343911940102132e-01
-8.984576489925681919e-01	1.007367740167769865e+00	6.410952086870482791e-01	-1.030768074673473311e+00	-8.152926135103687466e-01	1.939583050610263149e+00	3.806893300642665845e-01	2.012117754125560154e+00
-1.345557819984387837e+00	-4.444507593904176712e-01	4.370050478838081176e+00	4.569369934924855103e-01	2.757608532358596154e+00	-6.199496635021155555e-01	9.145892577108954979e-02	1.221229940053370155e+00
-1.039436339275308319e+00	-8.193577085361788415e-01	-6.684771611370976530e-01	1.579045396416667302e+00	-4.524249610832127289e-01	2.177035002634787997e+00	8.603834128003386983e-01	2.280660467956970028e-01
-9.355364421506806583e-01	5.082946409099835527e-01	4.661630182549322932e+00	4.885797248143649574e-01	2.928407393954208349e+00	-6.876155229126674762e-01	4.929053616383918812e-01	-1.098683711781548028e-01
-9.310514010335640966e-01	-1.461047993145340396e+00	-1.013668647317870652e+00	5.930317730751838434e-03	-1.238963592446925777e+00	2.573315947724282182e+00	-8.306515944997038270e-01	-4.153249456995132816e-01
1.713829249993568560e+00	-1.203748942945093159e+00	-1.315436223806560223e+00	-1.681014504717416869e-01	6.214497344311277205e-01	3.296700956230654178e+00	-6.760187862143897108e-01	3.991005988183113362e-02
-1.008919223270581034e+00	1.087869785463559280e+00	-5.209395002419087845e-02	-3.751675958213026435e-02	-3.457628519815021950e-01	2.739449616636251861e+00	-4.964314932616675224e-01	1.670419273358502599e+00
-8.232269901465503192e-01	4.532462803919676819e-01	6.517801920394332704e-01	6.874367722896946864e-01	2.788501261998421743e-03	3.194783402860060129e+00	1.032709164153006176e-01	2.137727772422446382e+00
-1.558821186910889667e+00	-1.619062281096553368e+00	-1.079977420476047945e+00	-1.769032357547497825e-01	1.377261177030566275e+00	2.405074808876603853e+00	1.004293298540070989e+00	-1.514107036991266253e-01
-1.083465434301024377e+00	6.155587781256842694e-01	3.879210171008550923e+00	4.581278795397116799e-01	2.864460667588061948e+00	-1.830240844653122090e-01	2.528136827675946940e-01	-7.283203720366608624e-02
-1.253487661990958513e+00	-1.177667654005460696e+00	1.431857358318295637e+00	-5.878408119820128785e-01	1.619855280773867534e+00	1.088110057607005965e+00	1.498021721881098722e-01	-1.002707078188611600e+00
8.700618282083083521e-01	-1.236622030773776082e+00	-1.307365232569996039e+00	8.692185680712160023e-01	-5.672650717427890621e-01	2.541686954419132505e+00	-6.569005907429419366e-01	-7.289360077105424551e-01
-4.458107437736471557e-01	1.470125158289767198e+00	4.061810061552548756e-01	4.745679369875620557e-01	-2.120476884590116740e-01	2.253366964365005387e+00	-6.288463169524824981e-01	2.479661331471419761e+00
-7.071788154352918188e-01	6.336472252459774968e-01	4.735651859815806830e+00	-8.376708528041804103e-01	2.026083536364968296e+00	-3.923378895868865346e-01	1.035142818958310507e+00	3.683962319462222301e-01
-5.685355979755134515e-01	-1.759596599699319697e+00	8.503784518834958117e-01	-1.838846674837012030e+00	9.328604439053016506e-01	1.814130101143205609e+00	1.071522082243403950e+00	-2.010239114628176171e+00
-4.377139358115801349e-01	-1.497592331556158562e+00	1.525045351320880149e+00	-6.276344912946780763e-01	1.877307447692238895e+00	1.378342595111543556e+00	-5.935834323028471582e-02	-1.491809107689777258e+00
-9.771579784335903129e-01	-4.397225295250254545e-02	1.159087298392041721e+00	3.258635859256696632e-01	2.891337331466374838e+00	9.109513008622291963e-01	1.071805228343664540e+00	-1.084538757550838062e+00
4.416981606927486426e-01	-8.778287473655755901e-01	-1.329381004525556076e+00	-5.664756366673752153e-01	4.411561049195599771e-01	3.461562745639055194e+00	-7.706100565455260565e-01	-2.638906025333331851e-01
4.768635762147425683e-01	-9.981172111200480035e-02	-1.029051992673241545e+00	3.608094223867260864e-01	-1.280290210558304942e+00	2.287547656281462061e+00	9.122856957086358243e-01	-5.967614893642960716e-01
-1.224417671782987105e+00	-6.094974808248148079e-01	3.555735028573477674e+00	7.150754329259281228e-01	2.261042590207359204e+00	-1.680407986736891957e+00	-7.448117991715589303e-01	-8.053772033743874514e-01
-2.842061884507329772e-01	-5.481759052605922333e-01	4.747290107783594948e+00	-1.010811994286035631e+00	2.018554682285718105e+00	-1.384014168036703962e+00	1.816907039784882438e-01	-2.265453779210081786e-01
-1.425154904853758175e+00	1.158698582577831315e+00	-2.580832628586279820e-01	-4.052999193313632231e-01	2.175628273648638478e-01	2.883498592531930527e+00	9.335027292858083525e-02	1.250914853999395282e+00
-1.355727272539710038e+00	-1.000440170709731458e+00	-2.211006097911417945e-01	-3.162678480411802995e-01	-1.684645727763552703e+00	1.951799307938497652e+00	9.484258653285697616e-01	-4.842819229867945108e-01
-4.933500965747305567e-01	-8.122181462387707551e-01	1.228981816512518588e+00	-1.109211758907934664e+00	1.495607647292869657e+00	2.000046638513865993e+00	-1.627540895481469421e-02	-1.899097401261344631e+00
-1.010232977801562182e+00	4.769865363425894733e-01	4.314503928568674596e+00	3.231180094569902073e-01	7.985156424801092001e-01	-1.789843388429562143e+00	6.611434253263084315e-01	-5.111162999605768364e-01
-4.324636076614401525e-01	1.409206713185892301e+00	1.291336387225116011e+00	-7.396259431772872484e-01	-1.340162725585467340e+00	1.818075895573003642e+00	-1.661149986414712509e-01	2.678231966243333595e+00
7.939663021184901748e-01	1.183709527661201411e-01	-4.747353515490269071e-01	-2.553272146291408334e-02	7.286147556101838507e-01	1.332770256185118019e+00	-6.522406863298702007e-01	2.783951072959197859e+00
-1.197698173041728653e+00	3.863532543185412282e-01	4.137813925263651882e+00	-2.173228418531051864e-01	3.022291445947101085e+00	-4.914061334715080775e-01	1.678594867190722484e-01	-8.717432368551680799e-02
-1.548275996316079484e+00	1.462114869824548524e+00	3.261650788905589238e+00	1.183659428394406854e-03	2.292351837542070392e+00	-1.749456267940990573e-01	-4.795808834037615931e-01	7.175830220907717383e-01
-1.025004316168760310e+00	-9.418541034162898340e-01	2.938480814716267098e+00	1.023243387236266733e+00	6.083600585092321378e-01	1.468303984014847519e+00	1.045153940490458400e+00	-1.942662338414880896e+00
-1.989207726987706426e+00	-1.051431257910949268e+00	-4.188746532527278799e-01	-1.451370246089551674e+00	-1.158369551900811922e+00	2.512426673633059160e+00	7.604394342854359223e-01	3.370034265422585662e-01
1.468793317729215619e+00	-9.425280627203286299e-01	-1.424873397800503483e+00	-3.130074069769792633e-01	9.077065666222807749e-01	3.167873430365936827e+00	-6.850082043937701926e-01	1.199227911032730159e-01
-1.080782278395037377e+00	5.554599387165135571e-01	4.152680561579742857e+00	3.370058018370410968e-01	1.048024286559156026e+00	-1.808975912555053744e+00	8.638605591330787981e-01	-7.333519518503576196e-01
-6.877656723280318740e-01	-1.862210210329792393e+00	8.708565563707770796e-01	-1.235996037577207662e+00	1.349650178346110563e+00	2.530524616092922230e+00	1.644581059310831761e-01	-1.752360288581209291e+00
1.030236455571658660e-01	-2.166231252686806386e+00	2.894819163933453954e+00	1.162624938428567622e+00	-3.545407930273156150e-01	1.211812086223551077e+00	-9.389349957858257323e-01	-6.090832737177651612e-01
-1.122310892050561781e+00	8.321168912899886694e-01	6.782320606863290191e-01	1.312488087672484260e+00	-1.468033505820296014e+00	2.016611131283053027e+00	-9.048454553727933725e-01	2.062421654787017999e+00
5.218768947444405448e-01	1.420832857929409165e+00	4.954170861838926854e+00	1.957220752042799494e-01	2.224752097924188377e+00	-2.904594096813907234e-01	9.176192660109222521e-02	2.601880541752514819e-01
-3.097935290653561213e-01	-1.191255864695582645e+00	1.267440765546317794e+00	-8.547780970191156680e-01	-6.562552189452496298e-01	1.526583330867534505e+00	7.132580300073576574e-01	-2.771706571742167391e+00
-7.776491189115378733e-01	-1.090546658171484828e-01	5.755049337201396664e-01	7.528622211811507592e-01	-2.529032864913182355e+00	2.352127398177178197e+00	9.438088139156310952e-01	1.488775348094876438e+00
-7.282782878438900376e-01	8.867092090502926016e-01	4.430943339173612827e+00	2.689256196097089546e-01	2.621334541418408381e+00	-1.066478141668242285e+00	2.035138441520079056e-02	2.216433880743059193e-01
-1.658624291613763013e+00	-2.475347712645541431e+00	5.758258691280725428e-01	-6.503610344373743635e-01	-1.526666462642284339e+00	7.625354714424805724e-01	4.997122405510681653e-01	-2.672733676225211297e-01
9.769350825939557836e-01	8.634864819207109798e-01	5.580114818083100614e-01	7.755970964576722748e-01	-1.005512119999598442e+00	7.403435915441943793e-01	-3.957372103116907902e-01	1.876732854877203316e+00
-1.285291235915889119e-01	6.082175899474240310e-02	3.654659412184314338e+00	3.526830879311584344e-01	2.761522905678235329e+00	-1.472093081305420936e+00	1.450796459170380581e+00	-2.648998330041987259e-01
1.839354050792942341e-01	-1.034652284639806519e+00	1.957968291423424656e+00	-1.386935715966784999e+00	9.507157249845834546e-01	1.182646770524661051e+00	8.237379968363591765e-01	-1.632460573164881135e+00
-8.314991633728123777e-01	9.735559528203755475e-01	6.470388066502714697e-01	8.347351310721243256e-02	-1.926944867918349569e-01	2.455529967388023316e+00	-8.352994444071074609e-01	2.584842031970914444e+00
-6.699711025551171595e-01	-1.517749683607520494e-01	2.688945024195868339e+00	6.191576548264275948e-01	3.591042115567428805e+00	-2.021690288479481845e-01	1.063880486480343723e+00	-5.618359427307771936e-01
-1.737526481162670056e+00	-1.730999635847614293e+00	4.182661976481943933e-02	-1.698504716122248404e+00	-2.850720084362977080e-01	1.854550067760596388e+00	7.193379426527477527e-01	7.567299857005386210e-01
-1.752703616588359437e-01	-7.133883325743773929e-01	-3.332534563932245120e-01	-2.007400110278428351e-01	1.833320774739032877e-01	3.641115162617080792e+00	-2.055603601605746067e-01	-1.619003480403980177e-01
-4.273000987983514021e-01	1.267908401933141027e+00	2.555311892923010642e-01	-1.139362431182787821e-01	3.495605997938981968e-01	2.290074503851708965e+00	-5.095023946823932226e-01	2.802207629263376187e+00
-2.162834986120280245e+00	-1.283533913770154467e+00	-1.161371193532434232e+00	-9.884980290015199511e-02	1.201335676984692125e+00	2.138033162341437254e+00	1.096084562004548735e+00	7.716360271604284504e-01
6.315073019821690892e-01	7.516509687546885088e-01	3.554609060575366186e+00	1.402153129356764172e+00	3.715838812187931328e+00	-5.201843838661135422e-01	1.060065174827670154e-01	5.269731758696116763e-02
-1.761081407934087739e+00	4.953077024353377267e-01	1.878437548247325339e-01	-1.379855633623249034e+00	-6.511496278800226190e-01	2.012693600095392998e+00	6.211916665617813749e-01	1.263398544964501546e+00
-7.718060876644501356e-01	-1.446325301968942378e+00	2.065840016073241525e+00	-9.916696449045495076e-02	-3.319958979336194022e-02	7.690989394454397221e-01	-1.444493882521931671e-01	-1.957363623140257580e+00
-1.181128985897316630e+00	3.843773842743661850e-01	4.061439471289614467e+00	2.563795939931193812e-01	3.039493942590282938e+00	-2.866696030104368687e-01	-9.551554628329676777e-03	-8.299475810060347181e-02
-4.898237014884140872e-01	-1.183052966175711651e+00	1.384035538258310716e+00	-6.358710311382402836e-01	1.745602937023690959e+00	1.485991234410843242e+00	-7.181708771100678290e-02	-1.559578336090862827e+00
-1.935659203333790934e+00	-6.378720260073604820e-01	1.762540860900296269e-01	3.501140258123891513e-01	-9.857053811618493588e-01	2.248637687348901792e+00	1.448354562724402106e-01	-5.561571303279621015e-01
-1.621859459252810165e+00	6.241595320634362176e-01	3.723885593091548873e+00	1.000301818884454352e+00	1.554150027154582281e+00	-1.056495798930508601e+00	-6.635402660897538399e-03	-6.311718606184907321e-01
-6.215700728023337840e-01	-1.900837418448815042e+00	7.164001678555034225e-01	-1.207901979861735420e+00	6.517899346942435113e-01	2.775453556503084229e+00	1.488237365377876875e-01	-1.891151281211264967e+00
8.751096210280557841e-01	-8.197275083146177144e-01	-1.699905302118635220e+00	-4.979610480321130517e-01	1.003518094719218823e+00	2.880593143751255525e+00	-7.139262688614232966e-01	5.058270227552985610e-02
-2.272604072049410895e-01	-1.798143436848646193e+00	9.144016220194142175e-01	8.700743331701500383e-01	1.415548331365691137e+00	1.998902811650010436e-01	2.395460499228214135e-01	-1.931583523998185115e+00
-1.079118105206272382e+00	4.275303324391986903e-01	3.571050939644721645e+00	5.370321653240714976e-01	3.519862067069144729e+00	-5.883806338299915062e-01	7.200874871652884757e-04	2.443241841585354068e-01
-9.318522727518918636e-01	1.660517235529839486e-01	4.368337969201790294e+00	3.343790566658946251e-01	3.164149842780648925e+00	-6.765034158242450024e-01	4.485160820700670459e-01	8.451722518040710730e-02
1.358975988197019813e+00	-9.708381287104383972e-01	-1.444202946514431485e+00	7.529965053761714655e-01	-7.259326253809599283e-01	2.514083903886687565e+00	-9.334079016093131953e-01	-5.753440192530960839e-01
-8.276866012165341457e-01	6.085120723111596686e-01	4.642723002194768078e+00	-6.827625694417410740e-01	1.715999579885013393e+00	-5.789275679901775273e-01	1.057029411858267487e+00	2.944388345121781159e-01
-8.852748037824269556e-01	3.901831973207914861e-01	4.112554442627958551e+00	1.833338786632832951e-01	3.246779835107298506e+00	-4.014076249686152620e-01	3.863896479389604122e-01	-1.351431808437345838e-01
1.302685136242892838e+00	-1.071491600757843221e+00	-1.270979016553128060e+00	2.558823575426811825e-01	1.150265230878931566e-01	3.144345013010021006e+00	-4.612091420319466839e-01	-3.143889191728828081e-01
-1.267602248860696168e+00	5.579056620386130261e-01	3.956937766697439685e+00	9.822213905891288843e-02	2.766909837541116524e+00	-4.097016569632397909e-01	4.159375289549543386e-01	-2.762295680041827461e-01
-7.382590399424555638e-01	-3.200700272622660214e-01	3.960079691423865178e+00	-1.277890821143002342e-01	2.811028086605162457e+00	-1.156335346133409603e+00	-6.526289440810623121e-01	-4.777831193789948139e-01
-1.135841776045551921e+00	2.816946443679186896e-01	4.272600769674451016e+00	2.326135660038282371e-01	2.955171785418729158e+00	-5.709717392177774409e-01	-1.126183722083534677e-01	7.086086617157973111e-02
-2.084259867766016683e+00	-8.218996862308557416e-01	2.238520559044943625e-01	-5.742578516245226972e-01	8.212499086825136851e-02	2.686745542104590712e+00	3.618322187738597928e-01	1.211480924165517337e+00
1.562788223245980657e+00	-1.150372293407386115e+00	-1.438264374820708014e+00	-1.960927203171196065e-01	3.211594246971904987e-01	3.032474187357789397e+00	-6.881413971231112869e-01	-1.769445297842944242e-01
-1.563868100267451045e+00	1.346314861744838609e+00	2.741199987688893280e+00	-3.143896727773706767e-01	2.878945617005608693e+00	4.518758157508684370e-02	-2.384358861209599501e-01	6.241560322563531882e-01
-6.931996627796481736e-01	1.705497330128934452e-01	4.586581124285543432e+00	-1.764439768810966425e-01	2.120258898138998038e+00	-1.006695929163308856e+00	1.359441313727394185e+00	-3.227630014541150727e-01
-1.249316732702835164e+00	-6.345733612871399254e-01	4.304888071773095959e+00	9.339732472287761711e-01	2.904062258177251721e+00	-5.927444062697113658e-01	1.626092882338782131e-01	8.493270409228275142e-01
-1.468820391097215516e+00	1.398834332478569253e+00	2.819295012157783997e+00	-3.596326102275103076e-01	2.614832143061774694e+00	-1.931589604460997867e-01	-1.324096140747838823e-01	2.542626737420453087e-01
-1.424122078284782100e+00	6.136479890098504031e-01	3.725066765632922827e+00	3.601310127987166210e-01	2.843052761605378898e+00	-9.156079348447656585e-01	-1.957869698179677542e-01	-2.565750875505807271e-01
-8.325938215765640305e-01	-6.357731337145829942e-01	4.432259697667660703e+00	-4.180522544343985292e-01	2.930661050664151723e+00	-1.354462347833200297e+00	-5.283501579843364881e-01	-5.359950628824561303e-02
1.378876104586142182e+00	-1.379653294932158270e+00	-1.368829826996590171e+00	-5.526090807056164948e-03	2.530604571946641346e-01	3.109372847920115923e+00	-5.626740934813032613e-01	-1.890950276029515487e-01
-2.371399429573176842e+00	-1.706531615157970583e+00	-2.703324504978613096e-01	4.369111670163655647e-02	-8.376849269986591517e-01	2.125376903119060579e+00	-3.565150402771030680e-01	-2.588305173873323706e-01
-9.162309212496162480e-01	-4.235294828622085395e-01	3.916230180894089141e+00	-3.579153364217144140e-01	2.651726261639566484e+00	-8.263962382136122997e-01	-6.116460013559527065e-01	-2.101669062574496316e-01
1.962275997046946330e+00	-1.032006643030395576e+00	-1.026640066304978838e+00	-9.517807739303261183e-01	-2.948475112435011147e-01	2.579616729139053710e+00	1.912076119880727343e-01	-2.043856107359226255e-03
1.798161357966489682e+00	-1.084556279116951183e+00	-1.156399005457009244e+00	-6.460273207912979876e-01	-7.158324341239209465e-01	2.516932120655451577e+00	1.431761304875889818e-01	2.308348356036826407e-02
-1.282981386765100540e+00	-2.376325550551390720e+00	2.198869656171174913e+00	2.310212629235366966e-02	-4.278392279630335304e-01	9.661731823561618970e-01	-5.535491245216251910e-01	-1.036292438714649933e+00
-1.369523361090155378e+00	-1.948114863493938254e-01	4.678349921913627085e+00	1.247177565094136575e+00	1.743569265251571077e+00	-1.616875082982413003e+00	-1.059900248663841610e-01	-1.735715427734750849e-01
-2.326428231400365032e+00	-1.344989788677592779e+00	-9.243192305284242405e-01	-1.972067369411438786e-01	-1.376869900525250268e+00	2.335984725920009275e+00	-5.100232427697003468e-01	2.150860200894603447e-01
-9.805492237507122955e-01	1.012447968554765598e+00	4.056442628236740511e+00	4.095438656587896409e-01	2.868649566668567630e+00	-4.645358331820061970e-01	2.670774746679296929e-01	-1.623291473598511281e-01
-8.030862065973496389e-01	-3.036922912075346592e-01	4.300070633183920243e+00	-3.404070713299714446e-01	2.876258347426912110e+00	-5.276099416989680213e-01	-7.894440898149810426e-01	-4.696998560434802877e-02
1.479074233559751206e-01	7.574370902977141107e-01	1.103833184410289436e-01	1.039311076421758573e+00	-1.139516015494003831e+00	2.498109662544563125e-01	3.246246194664830775e-01	1.884832586624367812e+00
-5.796945752081432701e-01	-1.532254962232278972e-01	3.473062401473219207e+00	-3.971539421279777216e-01	9.664858558329545435e-01	1.211544801848592146e+00	1.795651355625571988e+00	-1.081447434153899101e+00
-1.040210462482676235e+00	-3.873563687980005055e-01	2.752025078095956534e+00	9.939101682049732434e-01	3.630847078410336159e+00	-6.106113139729607564e-01	9.150137875460955250e-01	-3.327921111934192822e-01
-4.363733742248804282e-01	8.470630247095619625e-01	4.581793611046683701e+00	5.197806539944669346e-01	4.660907034920649394e-01	-1.596894749715948914e+00	5.581832703441758081e-01	-4.216060414466116235e-01
1.127404672350582060e-01	-1.627304367030668608e+00	-1.016645107240281010e-01	-5.599668352335165356e-01	1.993145484456388727e+00	2.005779628607337273e+00	6.279570906197147195e-01	-2.173365130282993274e+00
9.867172024502739447e-01	-1.201136611460466908e+00	-1.578101008853802778e+00	3.859735766096386578e-02	5.345607192321200074e-01	3.188397185840187831e+00	-8.277681649472790060e-01	-4.074045877548537753e-01
9.622285004029127453e-01	-1.389720821197819367e+00	-9.578135682995507771e-01	1.036908761600329465e-01	-1.426693784814949906e+00	2.041197924144241505e+00	3.392481243170441529e-01	-5.453915178993872237e-01
9.850296774469475825e-01	1.134905578288036843e-01	4.859867351607297437e+00	3.560391001417166912e-01	2.440255663488454907e+00	-1.085563511679573656e+00	-5.964822206296920282e-01	6.357443794782315083e-02
4.590583467436753495e-01	1.366303516142067132e+00	5.244891824704658312e+00	-2.124375582322984846e-02	1.250307397678495080e+00	-5.156520126373204116e-01	7.839452893309695192e-01	3.978496212368114460e-01
-6.149760450425451053e-01	8.215702721356644700e-01	-9.585859541024683850e-01	5.188148792459630343e-01	3.739051221179627849e-01	2.049736067159323660e+00	7.737908696199674585e-02	2.512206116017864588e+00
-8.078653926977596988e-01	-7.458170824435942370e-01	3.257821228512958189e+00	3.523205430542835082e-01	1.607142790242087838e+00	1.537604030287267110e+00	1.053216850600190213e+00	-1.254284120154225857e+00
-2.888074465072090646e+00	-1.056963700685157326e+00	-3.218286531107862336e-01	3.024936541127936085e-01	-7.968647532459661731e-01	2.362755684416288027e+00	2.118717219709025934e-01	-4.798790877835187180e-02
-1.660149675830543681e-01	-1.342542896520226181e+00	2.397631120564440721e+00	-1.357017074590598948e+00	9.332035838219805424e-01	7.364350529100140985e-01	6.966417460014386887e-01	-1.426450028417770577e+00
1.522128286755909610e+00	-1.008846362966353327e+00	-1.319408145251279807e+00	-2.115321747275833442e-01	8.705118947791843365e-01	3.054493450426250867e+00	-7.922823451369425118e-01	3.414461534697345313e-02
-7.030959172800455015e-01	1.331098495115959068e-01	3.364160704665410506e+00	8.897625917824131259e-01	3.669437416715007227e+00	-1.246069814177237500e+00	7.743085336680832764e-01	-1.046730719616267985e-01
-7.473903871611153882e-01	3.262080804181894389e-01	3.051479716381748641e+00	2.958915930355554558e-02	2.993406593088929313e+00	-1.424714654756629173e+00	1.538221633326068316e+00	-1.150494442352199657e-02
-2.792289646828886585e-01	-7.883389539402662072e-01	2.020589517372356703e+00	8.014692759341784933e-01	3.014847388812647022e+00	1.542374849620298916e+00	1.385147067273312604e+00	-8.397235548479531353e-01
-1.023816673592542470e+00	5.195961157871046288e-01	4.398244929116918556e+00	2.236929689612343342e-01	2.959504787387162050e+00	-5.571149005215543237e-01	2.908396929040357182e-01	-3.226794099676337235e-01
-5.602489646352004637e-01	-1.172960395868251515e+00	3.185769005513181540e+00	-7.906748884889076567e-01	1.107782603980864922e+00	9.217615185760404950e-01	1.496222821442111828e+00	-1.194172599807595381e+00
-6.979803018151727878e-01	-4.707557108314374683e-01	3.199554187271201222e+00	1.127053491969083776e+00	2.920771260370089717e+00	-2.232085956297933826e+00	-2.217538922940341661e-01	-5.822184889029281551e-01
-1.104993549303646239e+00	-1.659982880595307631e+00	8.023972832769383778e-01	-4.166688111264776895e-01	-5.526308944920261812e-01	2.370064508684251336e+00	-1.055020092645302249e-01	-2.278432928326553419e+00
-1.649420422685416110e+00	-1.695308228012676333e+00	1.506219618006869654e+00	-1.121039523370928048e+00	1.311711667063403697e+00	1.353974471569897142e+00	-3.856510258262079160e-01	3.352755786633838664e-01
-9.353538767434350643e-01	7.875073514575986477e-02	3.476284199538492992e+00	1.934900579625348227e+00	2.826473409210184862e+00	-1.534766843593237340e+00	4.746691665789860015e-01	-3.707960599623640330e-01
-9.419040018020502503e-01	8.585618148293409080e-01	4.195931024426760025e+00	4.238349240927183903e-01	8.694031843096758916e-01	-1.714595300437684600e+00	7.797185691292267684e-01	-5.503268390434975510e-01
-5.053008042393334343e-01	-1.741982890073644485e+00	1.561449995116283684e+00	1.441143522074381567e+00	2.076574218297532859e+00	3.855990480922326102e-01	2.316309909276945689e-01	-1.827557048549359520e+00
-5.783256604648607802e-01	4.587087536479564909e-01	5.004443801237060896e+00	9.061229125204514068e-01	1.175757877492006997e+00	-1.893038177785750342e+00	9.231752397742811755e-01	-2.299423022201647071e-01
2.911721263575692276e-01	1.455124246180422576e+00	4.339855402521935801e+00	4.503068787867824385e-01	2.434626844206877472e+00	7.183733271337428006e-02	-3.433815039285949278e-02	7.732378331395557691e-02
-2.467029281168212906e-01	1.521435089569036725e+00	7.813465197457153399e-01	-2.343664973171454280e-01	-1.175752962688739967e+00	1.680475532913974446e+00	1.289231571444721114e-01	2.721295557727147152e+00
9.931356378101108273e-03	-1.374549631852586051e+00	-7.856802941333276280e-01	-1.206685733354951884e+00	6.612956288606353095e-01	2.114778497161960757e+00	1.089074397795208204e+00	-9.891200016990705501e-01
-1.148939697953233807e+00	1.221357027006507723e+00	1.515639184573752685e-01	-9.146992159955884549e-01	-6.363279470782100544e-01	2.368330410385592444e+00	9.176530782017779941e-01	1.129204650065815052e+00
-2.144615643771683011e+00	-1.279279075563783508e+00	-2.267761823899271389e-01	-1.205670751652777817e+00	-2.306871699218086824e-01	2.097223764186296968e+00	1.381334656804706462e+00	5.087315367517518672e-01
-1.390224086369522105e+00	-1.535714656833157665e+00	5.836239670078530173e-01	-4.737108868838458831e-01	-2.144460864302396352e+00	1.325651808225429384e+00	3.406473350690986668e-01	8.416026144952788723e-02
-4.712202801291170418e-01	-3.502159369558279223e-01	2.834376471006318621e+00	1.193203563466071593e+00	2.884048756235358724e+00	-2.100620149173868967e+00	-4.786081444329253198e-01	-7.540426204634366192e-01
1.644833416360193201e+00	-1.049251145920639727e+00	-1.384488520706081527e+00	-2.947177616880413201e-02	-1.035479534656653933e-01	3.114171070288209719e+00	-4.510432982532018298e-01	-5.977078735281095290e-02
-1.331952553586370103e+00	1.040605856942872359e-01	1.649363664503683824e-01	-1.031230825393703032e-01	-5.489996445877255715e-02	3.415455639511808528e+00	4.323677481521993049e-01	1.276674187523713089e+00
-1.113320395284393305e+00	5.087507927997676482e-01	4.435376454534802448e+00	1.247189385490159730e-01	2.553186303829070969e+00	-2.086816273169559421e-01	1.540364557779476118e-01	-2.069908633232642528e-02
-4.885419404477966410e-01	1.299782398553219087e+00	4.811634653688118268e-01	1.350379281679328913e-01	1.673625021430341087e-01	2.389498407564436988e+00	-9.257288308959567003e-01	2.474455784447546769e+00
1.339477494190173257e+00	-1.387149574378283567e+00	-1.361556899895531414e+00	-5.145276411097571972e-02	5.244519758007040178e-01	3.355819139767695525e+00	-6.328495857400994185e-01	-2.246296546196497323e-01
-9.132171960874627126e-02	-1.249757236717835340e+00	-6.404978572634434375e-01	-5.638784048788411107e-01	3.141084928567668411e-01	3.150200408709661559e+00	-5.845420127402376487e-01	-5.285441382161683299e-02
-3.363714557246003101e-01	6.433797739377591363e-01	3.442212552084251254e+00	2.699324677668907269e-01	2.922251225643834882e+00	-1.159732215760884921e+00	1.615654744661630060e+00	-4.028549980339151543e-02
5.123951826180490610e-01	-1.018484509125778148e+00	1.203450394365126686e+00	-5.073294441808048338e-01	-1.577900480503280134e+00	1.778336671291148363e+00	3.397845880584215439e-01	-1.891967251924481452e+00
1.394543024618963623e+00	-8.932434221994846046e-01	-1.180236261621333105e+00	1.217011071053120119e-02	-1.486999580744520877e+00	1.670865543422900057e+00	-1.205614923953036849e-01	-2.036595108551005617e-01
4.913547312244588849e-01	5.301234194310409098e-01	4.958172002677124546e+00	4.737500604205603372e-01	2.510579214040637996e+00	5.513639237739504928e-01	2.053687454832349712e-01	-8.272936582612751277e-02
-1.150396490069706346e+00	-1.073442761701109527e+00	4.411118906394260186e-01	-4.486452936076714693e-01	-2.866178031654309510e-02	1.868106893031311611e+00	-2.958057771745808417e-01	-2.437497948189620622e+00
-9.094360062678144563e-02	-1.836509633659535901e+00	9.942734691516228462e-01	5.562974849573462666e-02	2.875405632723871285e+00	9.208459765928359575e-01	2.886775768846582824e-01	-1.220932584675838317e+00
5.774266109989296680e-01	-1.030266337410759014e+00	-1.542629693185527673e+00	7.881022970866338184e-01	-5.066853133168230938e-01	2.470309402423574774e+00	-7.026451471041044172e-01	-5.445756809230680728e-01
-1.398494583375638145e+00	5.953628315130423676e-01	4.239849278329829829e+00	9.245790305961102407e-01	1.376269487188484852e+00	-1.527158361386828700e+00	-2.684563067709026807e-02	-4.040026982599271288e-01
4.960385021574789666e-01	-1.577961980605093961e+00	2.567483847861607771e+00	-1.136912488232368235e+00	4.240280937554957719e-01	9.643032242629753226e-01	7.066907069221766147e-01	-1.862023026809893400e+00
-2.818898104833719831e+00	-9.067996904659287871e-01	-3.408150203355915786e-01	3.849217787523701029e-01	-6.697385099086115012e-01	2.198540798752770975e+00	2.242013295022387553e-01	-5.848547266252523275e-02
-1.161706084257297933e+00	-1.436705356229117436e+00	2.631118621517659850e+00	-1.289454418963162929e-01	1.616738026709965803e+00	1.777719866580421693e+00	8.562603438517715215e-01	7.758172953592874788e-02
1.470847815977491146e+00	-9.168380083528776536e-01	-1.156878031960735687e+00	-8.849186443302732297e-01	-3.117426282501157830e-01	2.745446601829896416e+00	4.326429807407418671e-01	-4.464934753302222947e-02
1.602236052375128672e+00	-8.291876028119979924e-01	-1.433671564690101485e+00	-1.426147189401409943e-01	-1.231336156832619488e-01	2.852583277840265552e+00	-4.979956985686277982e-01	-2.199959188935243781e-01
8.153077956625440770e-01	-7.998813021174053794e-01	3.386265914882192529e+00	7.185290443193117493e-01	1.805153559560618071e+00	2.045891007250223215e+00	7.831118922868363086e-01	-1.200535956860587117e+00
1.100735891731343230e+00	-1.073381295258689194e+00	-1.469476718709524121e+00	2.768704170976750145e-01	2.520781197818392494e-01	3.167855312285739799e+00	-6.745223173468352096e-01	-4.118343665146184662e-01
-1.767565769349247251e+00	-1.582713842209889199e+00	-9.611909991030710421e-01	-4.956696473959195520e-02	-1.236538374390711459e+00	2.417534411333157607e+00	-4.868763954961647933e-01	-8.894391479353722096e-02
-6.651827392846698661e-01	-1.163349986973763350e+00	1.227364509533717785e+00	-6.882890908204205571e-01	-1.007468499892369751e+00	1.575426729150370742e+00	8.977658521726055163e-01	-2.221135116460261294e+00
-1.319071940796480380e+00	3.439112881312236247e-01	4.284474814135907472e+00	2.672215597542113574e-01	2.543812609098967226e+00	-5.769262440999604058e-01	4.417988805397449759e-01	2.589251102796341977e-02
-1.191744808944479539e+00	1.057867066516584575e+00	4.160137429432199774e+00	5.226603228364060105e-02	2.687148559373568002e+00	-4.378738292515697017e-01	1.205610477744648024e-01	-6.090383225043512899e-02
-5.520523682284179667e-01	-4.216875072531081070e-01	-2.499684298382112424e-01	-7.266020871789835578e-01	-1.594188389683915130e-01	3.273401103900825504e+00	-1.299073489260218761e-01	1.067004075462630180e-01
-1.543305273128878996e+00	6.879264025541508287e-01	4.329122884705556729e+00	1.273318193880704996e+00	1.560209691094859297e+00	-1.257988223820527995e+00	1.162575518807718034e-03	-1.970617405729222504e-01
-5.715706331300471899e-01	-6.464850827976567071e-01	3.016544067625567482e+00	-4.360768820033423809e-01	1.234929253377346825e+00	1.476774709582441503e+00	2.100915530408412391e+00	-1.214515557827746894e+00
-1.806357156687110166e+00	6.759025932582049534e-02	-6.274971871631591647e-01	5.052398223539805722e-01	-1.196751183885512493e+00	2.585042022680389628e+00	-6.269110374358225490e-01	2.997138798434828000e-01
1.992199405376745003e-01	1.376239282373306061e+00	6.342032166012083749e-01	4.780514851606139093e-01	-9.199040101528624946e-01	1.833632007835377831e+00	-6.933942050348905761e-01	2.630710242083097672e+00
-7.023205530147291764e-01	3.621034441253060399e-01	2.852346654754629895e+00	6.897139486731987956e-01	4.047811111572398701e+00	-9.599576721040904426e-01	4.736787582193257573e-01	1.778965008149751559e-01
-9.462548972586506402e-01	7.868225019904111495e-01	3.821266065219897534e+00	1.051892212740004884e-02	3.215206312609166783e+00	-1.840864971460300092e-01	3.914095461116981478e-01	-1.103221375969190288e-01
-4.272103597423605459e-01	1.034232110495986623e+00	4.369202281802217591e+00	-4.447325019394016143e-01	1.670013812940382536e+00	-5.305807975233903795e-01	9.906810824106708768e-01	-3.259847427154933808e-01
-9.932704950230434315e-01	-4.053741449797116925e-01	-8.922967447382940120e-01	7.129339076208943693e-01	1.427977874915950851e+00	2.723282192833508475e+00	3.775250664849694737e-01	1.547971664190183727e+00
1.350487931452474255e+00	-8.070100170423111230e-01	-1.482097596433049613e+00	4.231994060584690076e-02	6.115051625605691932e-01	2.951675831586398679e+00	-8.704450066738771419e-01	-1.498855214400156288e-01
-2.673656670388683265e-01	7.387945214956502804e-01	4.593868360761945269e+00	-2.103803105749543212e-01	2.272393786203215527e+00	-9.512134053464521566e-01	1.252006878921097188e+00	4.647520033124841882e-03
1.361134771938609545e+00	-9.867652566665502389e-01	1.448713265062198552e+00	7.416332319199037126e-01	2.444169370021704424e+00	1.226817616336547401e+00	-9.914505638558486489e-02	-1.567030281215392007e+00
-1.542752091520422031e+00	1.110208237196234904e-01	3.835254910091227210e+00	9.968641240220449395e-01	1.406038518562625406e+00	-6.249317916125869399e-01	4.124798140191606177e-01	-9.977752854520375303e-01
-9.235217080836336523e-01	-1.260425120724108172e+00	3.922658976048143953e-01	-1.010982507930123342e+00	1.199614461263990073e+00	2.231893186028732767e+00	-1.539775752457546998e-01	-1.971651545803035699e+00
-2.003818943234687566e+00	-5.430972953004651327e-01	3.041222753808718871e-01	-1.191701303601633288e+00	-4.094504584630465627e-01	2.170005561459482646e+00	1.304629592843731700e+00	5.277983479457289961e-01
9.275010315503227076e-01	-1.307533543114847152e+00	-1.295696410833163892e+00	7.258656411872429493e-01	-8.614958658993643326e-01	2.548927820866131455e+00	-4.074194265334555309e-01	-5.890923022279327403e-01
-3.486835388920107026e-01	-5.356401358821145653e-01	1.827475371703829232e+00	6.612587619626280055e-01	2.702084936699249429e+00	1.603799491262560828e+00	1.668986557714525754e+00	-1.314070799331185979e+00
1.411209406442142100e+00	-1.157785966724360405e+00	-1.465996196033996446e+00	-2.241492563920261805e-01	6.560119147202640999e-01	3.040893471102531720e+00	-7.837305422892958395e-01	-1.637766206406126857e-01
-4.953820848814066147e-01	-1.766534083854363280e+00	-1.646686833470185629e+00	8.887104902678680807e-01	-3.668929965366583557e-01	2.261283783893868193e+00	-5.099399201700817175e-01	-1.765738285431833754e-01
-9.135607456697877327e-01	9.450147240486619360e-01	4.103889846822313947e-01	2.939617774985576748e-01	-2.018134150172982144e-01	2.474137300931297467e+00	-5.184536324758299841e-01	1.725418708354008901e+00
2.364642384122922492e-02	-1.174066992532309062e+00	2.287187168722226160e-01	-8.886138820194204868e-01	1.327057422680353094e+00	1.526006047274153010e+00	1.621845663412558203e+00	-2.028234182960351628e+00
2.176556728994313517e+00	-9.246679169898662787e-01	-9.335621232117244928e-01	-9.394890705513355700e-01	-2.625321765478729197e-01	2.552310132326704561e+00	1.216582048087121448e-01	6.291965846290385050e-03
-1.656405238881877517e+00	7.710853751112249910e-01	4.439009466025920503e-01	5.768199750581246010e-02	-2.205105627600614238e+00	1.691792607626447786e+00	7.114411933953759259e-01	9.444547481883699414e-01
1.758965173067238208e+00	-7.608322011746305735e-01	-1.518649529094002748e+00	-1.931314468683897889e-01	4.637030935787352925e-01	3.162113759705215799e+00	-8.775472058013220611e-01	-6.860307995807284065e-02
-1.117948630325738213e+00	-1.025466058138179370e+00	2.556884745387153934e+00	1.155968169724609085e-01	1.872242005256954389e+00	1.782639225526752247e+00	1.079344971281687160e+00	-1.179121987763765311e+00
-1.407656810351361809e+00	3.208131570085124284e-01	3.256441326472036657e+00	1.831252854055018253e-02	2.905666202223109007e+00	5.401007864847398032e-01	-4.185511840229257964e-03	-2.061519712949367866e-01
-7.349833007823658448e-01	3.702381870568405842e-01	4.468914741279408354e+00	1.469958773026339982e-01	2.503447915828253212e+00	-8.947843307443890115e-01	3.604574326815297991e-01	-1.075457608450500341e-01
-1.164805263295982662e+00	7.052596217372288923e-01	3.102909017453520102e-02	3.867665336072545479e-01	-6.304688341297733922e-01	2.747831756154524463e+00	-6.847557807290927112e-01	2.495010679711226587e+00
-1.717128967760226665e-01	-1.330383161885825283e+00	3.364133001361624853e+00	-3.772341869626057997e-01	-5.358004036439982798e-01	3.141742530377961695e-01	5.012666098676916704e-01	-1.942448665570591038e+00
-6.525537416842344118e-01	1.292846988280756282e+00	4.620666128808311734e-01	-2.228486297029235730e-01	2.025627471197839202e-01	2.392942441457845515e+00	-6.336778209468778567e-01	2.762290288491200840e+00
-1.078717808404966227e+00	-9.069926777100779658e-01	2.853097718013321238e+00	2.593354267896771370e-01	1.822605908898233151e+00	1.568561284952473267e+00	1.015393179594716644e+00	-1.074976882881601314e+00
-7.130556503367533328e-01	7.713738248635026995e-01	4.905336789271294684e+00	-9.690351431214806743e-02	1.636831237632972114e+00	-1.294911990740232444e+00	9.231966200474881479e-01	5.962363075598329232e-01
1.149731783922006922e+00	5.180758925134242299e-01	5.779632882172401898e-01	7.373053795968856905e-01	-1.227326930021003459e+00	1.558558008729472033e-01	-3.150394025057160485e-01	1.466074788700196585e+00
-1.396270456185283670e+00	8.151180351647911992e-01	1.806931236821321118e-01	-2.286364071860666480e-01	2.372965669463504845e-01	2.164930236797810714e+00	-7.205964547560772537e-01	2.311638856792583852e+00
-1.324951560872244860e+00	2.855933735750299518e-01	4.408879963412388747e+00	1.073471996077254298e+00	1.404222907620759520e+00	-1.276685751775720412e+00	-1.674223790157368108e-01	-4.649775377934539655e-01
1.489123094110926138e+00	-1.072356117468464154e+00	-1.391473828286033720e+00	-5.573955996217306863e-01	9.610035774184173540e-01	3.206176610375161218e+00	-6.230361406689566284e-01	-5.186449164261255906e-02
-7.519562566151160032e-01	-9.139516781085957886e-01	2.414264144980719617e+00	2.642295732772734773e-01	7.193120377734180115e-01	7.430111585253327267e-01	-1.230228250412089552e-01	-2.202199351811968686e+00
-4.633688022217553049e-01	-1.594394230077779362e+00	9.203100796999827971e-01	-9.235599541535653989e-01	7.938819727844657059e-01	2.467861694818455298e+00	4.728177448550184292e-01	-2.119758902358716224e+00
-1.091448895593956636e-01	-1.549839856265861071e+00	3.109917476025132466e+00	-1.261960426867408502e+00	2.619585251686927796e-01	1.358624260282055296e+00	8.560926415585607963e-01	-1.331267325695265402e+00
-1.553831900113409770e+00	-7.541564923550738708e-01	2.066554652681125426e-01	-7.017081971389298456e-01	9.315813701991362272e-01	2.600836305008092708e+00	7.610520099421194118e-01	-1.514210100688751837e+00
-1.210415872667044201e+00	3.717988517597028419e-01	3.644052206708765507e+00	-2.763146034186040878e-01	3.373632129643951316e+00	-2.244058968913464625e-01	1.227780208324952271e-02	3.971688171283344615e-01
-9.939721892096454736e-01	1.035093487104997712e+00	5.845887100284776761e-01	-3.680972428196974122e-02	-1.893344621949449302e-01	2.085763391084921370e+00	-8.860307939670343247e-01	2.230091860262320758e+00
-1.662364357092599443e-01	-1.272434540614496346e+00	8.835076326484259113e-01	-7.641436727488816194e-01	1.214263131511090554e+00	2.535426177908178147e+00	2.289561434239362758e-01	-2.167784703317758410e+00
-1.349701005199881454e+00	3.623392012812474139e-01	3.742575278705460029e+00	-8.662724895834988947e-02	2.933385968390316734e+00	-4.246852344711375404e-01	-1.298302014073630661e-01	4.113577005504996664e-02
-1.045542871837343180e+00	-5.673127236440235199e-01	-4.152799739980996829e-01	3.678830259111440792e-01	-1.106109716499501738e+00	2.967585151063708793e+00	-7.305354222545004106e-01	-5.889606328323122586e-01
1.820516521094969753e-01	-5.085803418753431782e-01	3.361447605641682213e+00	-2.384202040962025149e-01	2.944938643180334381e+00	-1.859956692818585333e+00	7.604607509801637466e-01	-4.158594501494911055e-01
-4.079213451362594944e-01	1.289975296734014787e+00	2.628692035424372020e-01	4.278683236282039282e-01	-5.535317509755803833e-01	2.027776587158452770e+00	-6.186054063378964019e-01	2.790257918046501029e+00
1.038598386567422427e+00	-4.807367544241838986e-01	3.286673054504077651e+00	1.361185663590741779e+00	2.849656883586750400e+00	8.777820584646682800e-01	1.219919724610554201e+00	-6.676334826874501527e-01
-2.213074648902565444e-01	7.046645137349742682e-02	3.447578499131163543e+00	7.299622493276450852e-01	1.971685894749189316e+00	-2.205152435366231067e+00	8.934730731009992155e-01	-8.317202059064686681e-01
-1.272225220708563531e-01	-1.460768296826924662e+00	1.277807915642314773e+00	-1.611078559342883354e+00	7.731957194698949598e-01	1.664606611468382624e+00	9.978064712193621677e-01	-1.980620943313918136e+00
-9.551722532246080810e-01	-8.718638556665938566e-01	1.771963820299889969e+00	-5.608510831515717276e-01	1.860353057105139651e+00	1.351157376101260521e+00	-2.998733607856934880e-02	-5.870419181323746072e-01
1.966517484944378502e+00	-1.337600787325963880e+00	-7.654064265613956808e-01	1.635792358912972200e-01	-1.580920005774428594e+00	1.919216119948393029e+00	-1.134365023194805200e-01	-4.520967166603477305e-01
-1.192980837248336645e-01	-2.293243571780064105e+00	2.497696373051148111e+00	-1.052023578259638992e+00	6.986349375209418566e-01	6.799360886526328862e-01	8.703981720059579263e-01	-1.178507756941723050e+00
1.726060938770335618e+00	-1.130826995528691370e+00	-1.199056092216829628e+00	-2.904396367050420258e-01	7.255511440025271819e-01	2.989125916516257142e+00	-5.872397974027881995e-01	8.496339436790524557e-02
-1.339174592088779869e+00	1.115247588970681436e+00	4.158907781807605453e+00	3.559526638686708599e-01	2.465555795543287410e+00	-3.120172390273074359e-01	1.752146780274751459e-01	-1.558747881890992226e-01
-8.700569643065443337e-01	-1.553202794243892404e+00	1.644714544585938132e+00	-2.875038406446316919e-01	1.720075807616794350e+00	1.600584157398017515e+00	-5.808527026585845743e-01	-1.484356830925207982e+00
7.785793506866143243e-01	-9.135604556135045184e-01	-1.622585354775954780e+00	6.344362934948124533e-01	-3.535472945361088914e-01	2.391826956641854629e+00	-1.019683030206227414e+00	-7.710192993963504993e-01
1.049376874045270247e+00	-1.016226353239271685e+00	-1.576571698122852361e+00	-1.649087423509660033e-01	6.215209221022720554e-01	3.088491651537895955e+00	-6.640298488637357277e-01	-1.791350070596543775e-01
-2.672683439909563918e-01	-1.646731087968470453e+00	4.509589565657593502e-01	-4.319752913321314169e-01	2.625328085229802877e+00	1.148037937038049794e+00	6.342056751822870986e-01	-1.749221409023319573e+00
-7.195540763441899967e-01	-9.953756716026077034e-02	4.443484588845499239e+00	-6.427342848205173098e-01	2.574775822759236110e+00	-7.881911193974627805e-01	-6.817932688125618590e-01	-1.688316604123548392e-01
-4.694247076682162567e-01	5.249385127509776927e-01	3.365877827671760691e+00	1.659916179043871842e-01	3.046127950376182891e+00	-1.376768929493126015e+00	1.604160284913959122e+00	1.149150722237713002e-01
-8.809786845441472947e-01	5.589839085040151367e-01	3.743047903035811697e+00	1.025515580220582590e-01	2.550921454906003305e+00	7.955364695911965045e-02	1.163261243007260304e-01	-5.370183981424493380e-01
-1.018102141310573305e+00	4.823176516538507652e-01	3.040838712968652047e+00	1.912642441536620774e+00	2.831519541806320373e+00	-1.573151455982720437e+00	3.792140719832913232e-01	-3.711189015559289706e-01
-2.333994666289718745e-01	1.437565169893385342e+00	9.998615151373844157e-01	-4.010370188486598320e-01	-1.327746197255135874e+00	1.690060552881818667e+00	-6.502942527621723146e-02	2.765127802619130826e+00
2.364301985120650929e-01	-4.055773585839705930e-01	4.836360855442934259e+00	-7.346582879545699996e-01	1.978747208057725082e+00	-1.459688624102071008e+00	2.508812588992637704e-01	-1.678307860044494504e-01
-2.222018266210004978e+00	-1.385023920927986651e+00	-8.487915665827439060e-01	-1.014929470023116620e+00	3.891764171969998021e-01	2.698132858071035756e+00	1.454841712459983283e-01	2.081798827756085324e-01
-4.860329651957622787e-01	1.440270616976942586e+00	7.769283157171849030e-01	-2.863560278471958820e-01	-9.028511955550415358e-02	2.466182811911272310e+00	-6.911433026141251545e-01	2.693732498843560474e+00
-1.437661119869337645e+00	1.266830729080792306e+00	3.373945344635773669e+00	9.487533454845290537e-01	9.213358015536736723e-01	8.959348525349331016e-02	1.257641022186095636e-01	-9.230526493336073113e-01
-9.818220139962950954e-01	8.006709124122485255e-01	4.071814008727556278e+00	9.654660030484324418e-02	2.580565556417194983e+00	-6.257403917914203806e-01	-7.323627636915563954e-02	-2.346430640471943718e-01
-1.205554434868940428e+00	-2.206599991412418749e-01	3.565897064420683549e+00	4.814239351264418820e-01	1.888722347786388145e+00	-1.544419537542631726e+00	-8.307692024015991272e-01	-9.015298588060657314e-01
-8.239177365166942824e-02	-1.259485811880456163e+00	-8.599429317334701395e-01	-4.239508228948411506e-01	-2.591546431191981137e-01	2.325130301184912707e+00	1.492334495624590751e+00	2.825265022422937533e-01
1.610533642413314759e+00	-1.118232701896184400e+00	-1.213477182109621300e+00	-5.926923488240655180e-01	4.212720404226614201e-01	3.318911390179150267e+00	-1.238808969780825636e-01	-1.646507241536892055e-02
-2.092138606465359985e+00	-1.997196121712931260e+00	-9.172616380878637621e-01	-3.560580416102234191e-01	-8.537402744347400985e-01	2.036791437160649920e+00	-2.263950157580294498e-01	-5.417792610847672607e-01
-1.208487717297893616e+00	1.076565386970031346e+00	3.561211651780107790e+00	-3.215212829578423803e-01	2.836134758030801617e+00	-3.169515695434295122e-01	3.694449504087693459e-02	-4.985129883897127523e-01
1.870182703367781585e+00	-9.917578898779407792e-01	-8.337360285455089892e-01	1.200225367505977359e-01	-1.521162144744324207e+00	1.819217509130240717e+00	-9.078354891088502576e-02	-6.211642278879456747e-01
1.495722083854965412e+00	-1.217310051174233410e+00	-1.195445083281912568e+00	9.373717867555483307e-01	-5.521510519520173021e-01	2.255806505358985525e+00	-1.089887481981873574e+00	-6.036531949958403587e-01
-7.458361947634911671e-01	-1.623059873205229930e+00	6.633783271182487340e-01	-2.206514446318551814e-01	2.869703086797121827e-01	1.854986190649995148e+00	-1.367762793372637523e-02	-2.806669721691096964e+00
-8.878513738978750514e-01	5.604613210307082261e-01	4.323397799260234819e+00	5.468374651682013088e-01	9.524385329042350801e-01	-1.750701199798884167e+00	8.857783538829602232e-01	-5.763730704538723160e-01
3.970467927202268599e-01	-2.156720008804709487e-01	2.455725073639762890e+00	2.127353360866388599e+00	1.574932963020834853e+00	6.411941603989119720e-01	8.524797313687138001e-01	-1.441901250176485627e+00
-4.594834294717613510e-01	7.135094160332021707e-01	4.278965913244444863e+00	-3.768583216429385874e-01	1.950825636789735862e+00	-4.994194465927725424e-01	1.329316309346327829e+00	-3.847534895780949649e-01
-6.739734004395389055e-01	1.397252333995662621e+00	7.301037054603788379e-01	1.695764224577529788e-01	-6.805168196206191622e-01	2.264153495229398239e+00	-8.473531446812652135e-01	2.541524931640449125e+00
-1.227756561540118252e+00	1.239729748539846410e+00	3.587465798894249769e+00	4.879947980658365658e-01	2.802644823687636233e+00	-2.417267155673100132e-01	5.115039262969622857e-02	-8.834959689780187697e-02
-6.404170154719709407e-01	-1.601277363643021756e+00	2.683544446009688222e+00	1.527919497983075969e-01	4.372970980527859375e-01	7.660799658030839066e-01	-1.651701552830514286e-01	-2.211652209154291615e+00
-1.045320964641592409e+00	-1.910118038563501264e+00	8.967101621405919598e-01	1.212518737095463761e-03	4.127637217223636412e-01	1.277845709561794774e+00	1.738384255250003951e-01	-2.300363675659888862e+00
-1.460762170227613010e+00	1.371458902726655771e-01	4.083307124646075259e+00	1.269018166944626103e+00	1.885459149211331287e+00	-1.343379980992038147e+00	-1.901803873901387054e-01	-4.368039575588379408e-01
1.812958333573343683e+00	-1.107627805047402214e+00	-1.214036436982693923e+00	-2.201715281037177341e-01	6.817067231898674695e-01	3.199043576027621683e+00	-6.330618540024497420e-01	-1.151105438510064555e-03
-1.517720808498583152e+00	3.912496154668238524e-01	3.679424418319646950e+00	3.787337071575795910e-01	3.114129193241870208e+00	-3.043540939309857807e-01	4.254120426094027407e-01	-7.996838316191977325e-02
9.429240671500076498e-01	-1.535897610189582041e+00	-1.275816205875158760e-01	-1.357474216069903594e+00	-7.272219538826006913e-01	2.716015131225380408e+00	2.714859974693591416e-01	1.020476655456492576e-01
-1.323253657392544635e+00	4.836400118622276034e-01	4.445502818556381186e+00	-2.894626347608004191e-01	2.713922828770822804e+00	-3.595191089170131638e-01	-5.977132910034516945e-03	1.384530247551465643e-01
-8.229975541192606769e-01	1.413898796896851939e+00	3.565393354487704780e-01	-2.533438986970836804e-01	3.824409567846436264e-01	2.344857363121468641e+00	-1.620755554093607775e-01	2.565441658532963132e+00
-1.124491374675462119e+00	-2.979813269637598405e-01	4.688620880543829195e+00	5.927380027086830427e-01	2.930195204252007635e+00	-6.738745581976269827e-01	1.987176311366982140e-01	1.182867403085491098e+00
-9.671771464957207298e-01	3.924831232191178243e-01	4.567368543599494402e+00	5.308870009616534213e-01	4.857191162967406939e-01	-1.186587667210627028e+00	1.014530723115234734e+00	-6.416181949959461894e-01
1.372925118637582931e-01	-1.855987176429835239e+00	-1.005884759572964526e+00	-2.722155500166808517e-01	1.135925596896024237e+00	2.633531098131515868e+00	1.364667188012310683e-01	-1.038498988190823313e+00
-1.136239800469956096e+00	4.481284057936685272e-01	4.775632613204846777e+00	-4.170413042155478034e-01	1.588628282183419005e+00	-1.120301357558081801e+00	8.655037531600939804e-01	1.730978354946966224e-01
-8.391273596138978386e-01	-1.212388420096017105e+00	2.199243481004363954e+00	-6.797631747995738216e-01	2.139204404049329877e+00	1.429878836421282884e+00	9.761091575485325578e-02	-1.447022138097239008e+00
-8.335289685050547570e-01	-1.420386602074968030e+00	-3.901874171634270860e-01	-9.611200511019105663e-01	-1.703877494568316608e+00	1.871501396881360080e+00	1.381817776602489167e-01	-1.041059728924206729e+00
-1.832504796396178914e+00	-2.345443240553253705e+00	-8.129132502978545505e-01	9.038463204043393207e-01	5.880565827912339616e-01	6.993904724500854542e-01	-8.644257248741443744e-02	9.662332404551625398e-02
1.274478205909308715e+00	-1.053864588745119013e+00	-1.244224025534056643e+00	3.823032680910410930e-01	8.798166829635187813e-01	3.222850620721657400e+00	-9.868536283922704211e-01	-2.244520845819631683e-01
1.337518591383881850e+00	-1.140148046025549533e+00	-1.005833761337531440e+00	6.589556060730275555e-02	-1.445105053195691269e+00	1.676067473496301696e+00	5.490689006062310362e-03	-3.789839095390009627e-01
-2.185736812298150478e-01	-1.663793493818594094e+00	1.891233775648727633e+00	3.819283820393409856e-02	2.977450701392340360e+00	4.973586095812131957e-01	8.867222725748749035e-01	-1.373592286558075859e+00
-1.263082373854223617e+00	6.353449708174154775e-01	4.094055700735192538e+00	9.716665206704105939e-01	1.698079182678783994e+00	-8.935831778123000113e-01	-7.007610152141441340e-02	-1.002534328183105616e+00
-7.012977577582802935e-01	-9.623298306425412951e-01	5.021857104425926366e-01	-1.033453165521170503e+00	-1.597988822112075935e+00	1.894907020737633951e+00	1.502006688359535103e-01	1.279483146579176500e+00
-9.966633227280968788e-01	2.424561405812621362e-01	3.962225897271276942e+00	3.157098470322399208e-01	2.486223086716203845e+00	-4.618216480749352815e-02	4.151084454892213782e-01	-3.690075512493833920e-01
8.405605030302860659e-01	5.285490125869647393e-01	2.720400807481698768e-01	1.077307868328340579e+00	-9.195507256939370322e-01	2.729581056993281019e-01	-2.453686363765333611e-01	1.514102671070366224e+00
-8.023848117650326239e-01	-1.447173695005781413e+00	1.115438165937735704e+00	1.748177113203883137e-02	4.971303731170588769e-01	1.526964346507236669e+00	2.132998066825063099e-01	-2.674275700125206878e+00
-8.990742008340300018e-01	-1.388820222919898928e+00	-2.208470373355511107e-01	-5.506196434131014339e-01	3.154958945998265207e-02	3.191276025217947065e+00	-7.813798084771115260e-01	-6.248993187763944857e-01
-1.120250765016651551e+00	-7.858662701892551450e-01	-1.495382373517884167e+00	4.197733959415231864e-01	9.891215415982093084e-01	3.094890054149902703e+00	4.587504681329331313e-01	9.943013575927742709e-01
-3.790477151679956802e-01	1.422430509991319036e+00	5.193398422004368298e-01	-1.912142189246939308e-02	-2.500239089833211636e-01	2.183887895508365595e+00	-4.325274565217005485e-01	2.653557702671203611e+00
1.955835787265427061e+00	-9.363688028534316032e-01	-1.170194948152917691e+00	-1.065306598187622411e+00	-2.523252279886253335e-01	2.249669817786074333e+00	-6.744874746703394264e-02	7.065203048698220911e-02
4.930788415166576510e-01	1.279801444325879167e+00	1.020780661565728331e-01	4.063049424188345249e-01	-4.195104594801966069e-01	1.117494106562375578e+00	4.597110529860322647e-01	2.509701767833711017e+00
-1.744937817661151414e+00	-4.692645457821200128e-01	-7.891323516189835408e-02	1.152520337338579726e+00	-1.664405735208300596e+00	2.566877687790334761e+00	-1.096123204022818320e-01	1.241626267690568719e+00
-2.406594152321778868e+00	4.438145068130809889e-01	1.089475963056881769e-01	5.662541728770850158e-01	-7.750617750295627495e-01	1.461508206026375101e+00	-4.944130286599141000e-01	8.051420142418780346e-01
-1.017010558133620624e+00	8.396098143482361165e-01	3.923565208448409614e+00	4.069812715116083446e-01	3.037354115663986942e+00	-5.182161359277612789e-01	3.036667406918505674e-01	1.923083659332841255e-01
-1.355151251101835097e+00	-2.235993408256728543e+00	1.752997055557205863e+00	-1.034890630620658225e+00	1.325663527920480700e+00	1.450775646105343819e+00	-3.835736025636532487e-01	-4.334733088449830851e-01
2.073919028497298811e+00	-9.124130497393529993e-01	-1.214828704135240800e+00	-3.984154894786877121e-01	5.881350296471539174e-01	2.884724290290577642e+00	-7.494658582578569428e-01	1.772695338599430959e-03
-2.196873345041610026e+00	-1.076775195404005014e+00	-3.389501451431212870e-02	-1.421425138934395038e+00	8.495286794247081108e-02	2.049943092123468702e+00	1.347245718026826689e+00	9.455249740738320696e-01
-8.208820226270807652e-01	2.945862268147239615e-01	4.613274120173902482e+00	6.932635027823909057e-01	2.898951514916830785e+00	-5.780621442330504678e-01	8.630733426770265115e-02	-1.559833893932905113e-01
-1.077944492351728956e+00	5.983167913530946791e-01	4.562149535517956878e+00	6.043864539193732899e-02	2.829912684305802895e+00	-5.240421579619949366e-01	1.482573010975148931e-01	-9.161656271964431497e-02
1.841364418480730514e+00	-8.805094056376087108e-01	-1.203318380616254846e+00	2.855461043279075017e-01	-2.364991081603248432e-02	3.249082497285153082e+00	-6.313376041451234100e-01	-2.878609099056279041e-01
-7.853516041455264052e-01	7.022629424746804627e-01	4.523223813115221148e+00	-2.778965999537109655e-01	1.720694637921386549e+00	-7.722106294465616028e-01	1.180807364359247824e+00	-3.248153614413364781e-02
-7.033066658714238750e-01	6.677651152330668083e-01	3.814002604785749373e+00	-3.756290007559022759e-01	1.716635661717271111e+00	-5.435063176087551184e-01	1.215642594764126727e+00	-1.708709785029614847e-01
8.990077209173501505e-01	4.065794097515229022e-01	4.737667619909093353e-01	9.069720768789574228e-01	-1.169884637223986168e+00	2.812304448078415398e-01	-5.829715272972615381e-01	1.545777228941315862e+00
-5.091489771723712865e-01	6.419097700784842653e-01	4.941130580660311189e+00	-5.849530971840319893e-01	2.073560289436713333e+00	-8.117876788104714247e-01	9.557148564417963232e-01	-1.196148805539776552e-02
-2.743646218031325912e+00	-1.110533495346955002e+00	-6.929514147040281014e-01	1.278510005204792355e-01	-1.074759530253930784e+00	2.200517933182372321e+00	3.615851719374992279e-01	1.693878900826942813e-01
-1.853890487572705525e-01	-1.463265032131815468e+00	-5.630866892631728460e-01	-8.908572909755756442e-01	8.959626338292561720e-02	2.955458176189656783e+00	-5.431345578285574627e-01	-3.567409386345140598e-01
-1.739477831463048796e+00	-7.665606635967278093e-01	3.879250443765935863e-01	-9.979661023834752731e-01	-8.534566909813198765e-02	2.099883537680604206e+00	1.551837292936335988e+00	1.468845199956947400e-01
1.763196224780504973e-01	1.645438261527837787e+00	4.364096159653279017e+00	7.021862225178225891e-01	2.531380620388090641e+00	-3.139060322773512546e-01	-5.709136029376654653e-02	3.435798763538713829e-01
-1.675829535426665018e+00	-2.564070793724730901e+00	1.071984725109950576e+00	-3.671151356959473366e-02	-3.728808320500104356e-01	1.516008475791933208e+00	-2.586459216442029141e-01	-1.247512572539799747e+00
-5.863480633598989744e-01	1.941418397320776035e-01	3.111366575530883249e+00	5.968139840777193506e-01	4.006928616695821788e+00	-1.171359266616967210e+00	6.292124743859008884e-01	2.552551314357424661e-01
2.307576502277565389e+00	-8.655560076075757836e-01	-8.528655642539794135e-01	-7.314862995067284990e-01	-4.453395147443768853e-01	2.517295007860309575e+00	1.165519548440530073e-01	1.138267027607044318e-01
-9.851505553083093059e-01	8.651464214907426120e-01	4.303777306958024518e+00	-1.810299159787947740e-02	2.690095732537627793e+00	-5.573800446699662681e-01	-2.152639980330955591e-02	9.024290738155979485e-02
-6.109292363962020023e-01	-1.497530880310409263e+00	2.395156149444447546e+00	4.623318055792245973e-01	7.735650767193464894e-01	5.935555921783759459e-01	-4.550972853664353446e-02	-2.099063294805667113e+00
-9.036623486389272486e-01	-1.027888645984061711e+00	2.973734943069288317e+00	3.419467377965748067e-01	1.557880242640481416e+00	1.528557708858367281e+00	1.017106702457920342e+00	-1.376057745843088709e+00
-9.823860519048227546e-01	-1.441202956993957285e+00	5.094993971534420574e-01	-5.040242645527096554e-01	-1.996490435796019480e-01	1.886627405384108558e+00	2.075386913109304454e-01	-2.538078721014451755e+00
1.034780367753993957e+00	1.152041228890694713e+00	4.149648440782117476e+00	8.550218999652344776e-01	2.234846232005922584e+00	-1.316723091253788169e+00	1.212157407898495354e+00	-2.965373990558225481e-01
-1.623294512789979827e+00	-2.749705177144445845e-01	4.266556726298329494e+00	5.862851748605300006e-01	2.581998644230587114e+00	-3.983579674464036713e-01	2.399102114938287955e-01	1.115529292363728997e+00
4.203412248708582877e-01	1.455585612983577304e-01	-2.161812072610046764e-01	1.473426381658623274e+00	-6.384922285546701382e-01	4.479693133865407795e-01	-9.486442593694548453e-01	2.041975550396581962e+00
-5.086711338873934896e-01	1.424956347235995402e+00	2.770274564486102098e-01	1.023642206486929940e-03	-1.903527527553207643e-01	2.520271000790046401e+00	-3.517914867060674133e-01	2.486245002981948282e+00
-1.064362873914168839e+00	2.531075004909820181e-01	4.278533587534194105e+00	2.367435196604807668e-01	3.202214747495612190e+00	-5.811046124990717487e-01	-1.301188055793475740e-01	-1.190545573192858947e-03
-4.596891533245834327e-01	-3.854034424650486512e-01	2.868183529642426510e+00	-8.263719979681564132e-01	1.063638063626433983e+00	1.378419140955188027e+00	1.610583954054520373e+00	-1.488972798816042165e+00
7.713124454477073844e-01	7.639303834624933121e-02	-2.744920932565189098e-01	-2.371497780897629526e-01	-2.897459276211878376e-01	4.871488149002037304e-01	-1.398580616149324996e-01	2.875113415519259696e+00
-5.134664230674672591e-01	8.816861486343802179e-01	-6.512827116516815007e-01	4.666901553765947508e-01	8.904343788297806039e-01	1.789071362533798171e+00	-5.659107340617250403e-02	2.749095161313028335e+00
-1.020515723569394684e+00	3.893284001979395725e-01	-1.067725026762039064e+00	9.032783808455319141e-03	1.266231723478921101e+00	2.076066908489958784e+00	2.555292349680545194e-01	2.277653449341036751e+00
-5.790647313485312031e-01	-3.607411546817494707e-02	4.188291678679854080e+00	-4.775019544574258812e-01	3.421059804766735990e+00	-1.070787532830391076e+00	-6.522700450651220949e-01	-5.300838394738126985e-02
-7.192714918170097782e-01	-3.597303058802888698e-01	4.242206105845037101e+00	1.203859277431704955e+00	7.703793175767316148e-01	-2.739250548703424035e-02	4.371174471527538574e-01	-1.255119870767482659e+00
-2.302547388776793991e+00	-6.361863475285532976e-01	-3.799851294820214692e-02	-5.605640684387998007e-01	4.227457938820201599e-01	2.464874058920876188e+00	4.977885996989208084e-01	1.077246980846428670e+00
-1.207588173217868821e+00	6.183623717142641141e-01	4.496549405853065728e+00	5.704480417199729869e-01	2.387664439050000809e+00	-6.782601533156806806e-01	2.629631917716226952e-01	-1.871406501926270727e-01
-6.648885422658159516e-01	-1.004550514534498618e+00	4.771434144885298156e-01	-1.965497765506807326e+00	2.038278079978078638e-01	2.176545167989292651e+00	7.448772803745524751e-01	-1.504501309841703494e+00
-9.166644128611145526e-01	8.188735722942167561e-01	3.579619631606226982e+00	2.116838513431537616e-02	3.099654317373982337e+00	2.444370446618434889e-01	4.350427073460198524e-01	-1.817491964528764603e-01
-2.825051923724579694e-01	4.946000274347873704e-01	3.310987137553069726e+00	2.077317748142647746e-01	2.844849274403233874e+00	-1.559235482936862427e+00	1.424591203093544811e+00	-1.070325719477211029e-01
-2.338599048437384198e+00	-8.071170580034282560e-01	1.366347882206886133e-01	-1.134468375319191091e+00	-1.303829676847186037e-01	2.052367255533802393e+00	1.502387092289288795e+00	8.327381066885565231e-01
2.094304421978561148e+00	-8.057118317605390656e-01	-1.118467776627324994e+00	-4.281300393108257718e-01	4.835777976419007862e-01	3.198030969144651792e+00	-4.462523257856381154e-01	1.385905842479156769e-01
-9.416587657372579301e-01	7.543430820073485643e-01	4.333037442762789127e+00	9.888989368206033137e-02	2.587025622235887834e+00	-6.960063736232754428e-01	2.580816314884669116e-01	-1.773918965076288490e-01
-2.178406650013739121e+00	-1.233872998821600619e+00	-3.350091448097619051e-01	-1.797207511797056789e-01	1.987833799907018084e-01	2.851897352090701609e+00	3.385302587378615224e-01	8.150227600934102368e-01
-1.901576513506544330e+00	-2.246943372187943488e+00	-7.132370627220209203e-01	-8.356406331271883925e-01	-3.361288033245082851e-01	2.359405046502871972e+00	-2.029960085620718391e-01	2.950088163063432356e-01
-1.726400320794635679e+00	-6.516312353209829933e-01	4.595149562032528223e+00	1.546592635148612560e+00	1.521788882719164793e+00	-1.555496938589822076e+00	-2.174368122949367488e-01	5.154963702771006018e-01
-1.461246250218717124e+00	-7.286219966815470350e-01	-9.949609450336166505e-01	4.666728037570624377e-01	1.790130793381202068e+00	2.506143409098727126e+00	4.178603192924687515e-01	6.090733707429226707e-01
-1.060232136584466245e+00	5.103233657727691552e-01	4.369364325830314755e+00	1.624943485338389004e-01	2.608023813731814577e+00	-5.642159440137243243e-01	5.786690926782209754e-01	3.017456288167974510e-01
-8.018095804109861557e-01	-9.994480142650231658e-01	-8.578136423306242930e-02	-4.326813093501651331e-01	3.081817138853392368e+00	1.193112593947713407e+00	1.251730408994655153e-01	-6.913865410595997352e-01
-9.157030163502040132e-01	-1.324290044706502689e+00	2.263445631618408616e+00	-9.395171786078975185e-01	1.467792645076442914e+00	1.249446961859395078e+00	-3.271636872821936382e-01	-1.365996661775486398e+00
6.408554662218046705e-01	5.051442938117942649e-01	8.598441739020561414e-01	3.984609218391504948e-01	-2.044943045857727348e+00	4.985474594881628141e-01	-6.527104355463395624e-01	2.003293231613600067e+00
6.859069352501856454e-01	-7.378033193200299600e-01	-1.362861384354178806e+00	-3.500199293096016295e-01	5.199059849977429870e-01	3.311118799680739855e+00	-7.137734304277746356e-01	-2.731791850910597619e-01
-1.183398118333160776e+00	-1.372120565594374897e+00	1.184793504809640519e+00	-1.635510356777593877e-01	3.586090334994570528e-01	1.256594496324370702e+00	-2.428166554648369946e-01	-2.307419992168567635e+00
-1.596601457103888011e+00	-1.228056324778061814e+00	-5.690187056916127251e-01	-1.521213452956983847e+00	1.211339484556635204e+00	2.424388622283559336e+00	-1.786760787276732432e-01	-8.727846923773983079e-01
-1.072809834954265185e+00	5.872299248462703458e-01	4.216257522149107650e+00	1.448855073250640557e-02	3.128875351986108999e+00	-1.785749927155528272e-01	3.735218518069183258e-03	2.635277116049529744e-01
-1.526816381534833678e+00	5.952800125161979983e-01	4.293994823642929504e+00	6.099433999787681193e-01	2.669295640244773615e+00	-7.004133418774259878e-01	2.163986174599476509e-01	6.662149608611607488e-02
7.899295877490219997e-01	-1.195503096356242079e+00	-1.422057248619329251e+00	7.885168976985358347e-01	-5.038485597484367862e-01	2.476761553493570744e+00	-7.587772201283936591e-01	-7.072286101290289340e-01
-1.678434051996470444e+00	3.108573205148235652e-01	4.360530245449051323e-02	1.010465947252357388e+00	-1.504686614505074793e+00	2.493719542770516995e+00	-2.504443132098660429e-01	1.202592194573560702e+00
1.696731756005550373e+00	-1.019295080426315669e+00	-1.312322091505619293e+00	-8.089187966624217241e-02	9.477975059166127147e-02	3.015923655639300094e+00	-5.517256232955544126e-01	-2.780768798148836596e-01
-5.168127427231112847e-01	-2.844330912408050693e+00	2.237803793691304222e+00	-1.261811855722472675e+00	9.168820982398584452e-01	7.751407227102526942e-01	8.678535501272974795e-01	-3.406547724134444954e-01
-7.053969115338875051e-01	4.958923472235176044e-01	5.056797356995243575e+00	-4.083500764426211682e-01	1.842202974430384721e+00	-9.688749223075021622e-01	8.645279635023346287e-01	2.144719123237194269e-01
2.249955366152718739e+00	-9.549974406494380341e-01	-9.623979433579523679e-01	-9.451402755759540364e-01	-2.704675779298539862e-01	2.745420803928269038e+00	1.446196688297388122e-01	2.122441623338261751e-01
-8.548127205456420574e-01	-3.055436757444575727e-03	3.006309096528150704e+00	9.319603802993762232e-01	4.961607081250040130e-01	1.048603860170358448e+00	8.602526862932180496e-01	-1.704476559234145316e+00
-6.607160094451823840e-01	7.593259142856055854e-01	3.929752427394607839e+00	-5.466541230123798112e-01	2.523403074371387778e+00	-7.792843398186657389e-01	1.232018016445595832e+00	-1.560408647003895879e-02
-1.030188485178564317e+00	8.738074915910799545e-01	3.936386313342285614e+00	-9.491504554538159055e-02	3.105718555953271842e+00	-5.592102681809816289e-01	-2.538476016230984400e-01	1.227137548776972148e-01
-5.223347630915938788e-01	7.386241658553298617e-01	4.159176493801115093e+00	-6.664076044223357087e-01	1.538705115337630103e+00	-1.478787553639932195e+00	-7.535251186871988471e-02	4.313373171844162024e-01
-1.801565932655357638e-01	-1.244990443749613540e+00	1.844236753127159734e+00	-1.632810032714401727e+00	7.167375641178767021e-01	1.568115772576482714e+00	8.956016773512203155e-01	-1.782923933137143813e+00
1.486814934333644311e+00	-1.477379561259534624e+00	-1.260080250851596251e+00	-3.330661205477623010e-01	8.187296769175109734e-01	3.038231753224327036e+00	-6.158014404626271920e-01	-5.879416022130039277e-02
1.522611676806094660e+00	-8.413875059409006152e-01	-1.214323629062255216e+00	-7.401177156219487796e-02	4.763677880162996425e-01	2.984829506773271746e+00	-6.506704145680094475e-01	-6.364605324649323659e-02
-8.165144222667528595e-01	-4.199147878789074029e-01	-3.430054654417004356e-02	-1.190457985698200716e+00	6.842537854372616746e-01	2.895656772028133652e+00	4.970999530605799133e-01	-1.926969133430121106e+00
-9.499474078617032857e-01	-7.227274110441693766e-01	3.284274819882024410e+00	1.226410078346066024e-01	1.773778577175294746e+00	1.768096966766870670e+00	1.043530058646751080e+00	-1.069321239745370411e+00
-1.712570473500496238e-01	-9.660379391210462963e-01	2.166929680013343962e+00	5.194513565697033153e-01	2.797381846653446580e+00	1.250092212731694463e+00	1.634008281094026627e+00	-1.400622943273222454e+00
-1.230144621055866416e+00	-7.080918435576072367e-02	4.267105258540699886e+00	-2.336082270563058852e-02	2.809219163169400346e+00	-5.728671865894735538e-01	8.133756263128305575e-02	-1.958131567084111790e-01
-1.524433577697287934e+00	8.635026842984555584e-01	3.979422012291414124e+00	5.914900103230297246e-02	2.002522010432465915e+00	-2.212521264347070693e-01	1.152190732191806788e-01	-2.240468934990496597e-01
-5.938310936533898188e-01	-1.389495732115121340e+00	2.900690537689453397e+00	-1.041394961881719622e-01	1.826391452819170702e+00	1.739958432795436272e+00	8.516089327817788490e-01	-1.289420581266866872e+00
1.673324133111237177e+00	-9.179062073569571600e-01	-9.498822864964742152e-01	9.490223908483619297e-02	-1.566794517318264246e+00	1.971929864992353121e+00	-2.965473147781001739e-02	-5.520230906416212502e-01
-1.210542968273885966e+00	-8.522821954561135005e-01	3.093525820178081531e+00	-1.831751568719863082e-02	1.670077133346594911e+00	1.335013519971851581e+00	9.446013879663868185e-01	-8.724596242115872924e-01
2.942661107067501836e-01	1.215500079322018756e+00	-5.491474523446569084e-02	-6.669912532018237861e-02	1.030731635887122133e-01	1.354621171405210545e+00	6.521642313209705666e-01	2.674827401561703955e+00
-1.426030283820348021e+00	-5.427306652091882233e-01	2.627855270278827149e-01	7.019955869388919689e-01	-4.125108287532454066e-01	3.393788712917353401e+00	1.333863741712609796e-02	1.522592622605488666e+00
-1.381141759207665132e+00	2.496824165839394982e-01	4.081945965092340423e+00	9.130310786820342028e-02	2.996488789162235822e+00	-8.212541073553124571e-01	5.243245634902327090e-02	3.197801249271379764e-01
2.289069287038660860e+00	-9.348350244970630163e-01	-1.049592845999567370e+00	-7.814715314756263131e-01	-5.551980825877600445e-01	2.695033710057516352e+00	4.166887353155818152e-02	1.290175225889660660e-01
-5.094115850533520451e-01	4.503636175234235761e-01	5.782768295633226030e-01	-5.442053852073889392e-02	-3.932935097639068678e-01	3.156180462790168839e+00	8.931442456973026633e-03	2.468230371018619085e+00
-7.244073047185836112e-01	3.762003431254924424e-01	4.937293900157708748e+00	4.377602026235655197e-01	7.778388652403314119e-01	-1.410096157928526051e+00	8.191593298975754500e-01	-7.913205491245877132e-01
-3.566838071951675126e-01	-1.796478187706926244e+00	2.956801813707848225e+00	-3.546135327972981255e-01	-2.667420634781411115e-01	1.864904428491379051e-01	7.328836483209162367e-01	-2.053849393625131192e+00
-1.704056222683815847e+00	-4.879364567249715456e-01	-2.378184024284273612e-01	1.091344733512956244e+00	-1.226466545032985689e+00	2.929080744216395971e+00	-1.146263945355147917e-01	2.911508209607439612e-01
-7.299347353772248637e-01	4.761407068076877191e-01	3.854492264172100224e+00	4.531425897150448412e-01	3.545334085720496908e+00	-6.646345830082968087e-01	2.624968806987214021e-01	-2.201407786703331593e-01
-1.146864673797051287e-01	-2.284256037577306608e-01	1.611680153289118955e-01	-1.099262312864111579e-01	7.967891889715972287e-03	2.065353814629788065e+00	-1.437249730310214524e+00	3.036595575930639335e+00
-4.108975109588902663e-01	2.465427454689996800e-01	3.889807410178395264e-01	1.060603473374246430e+00	-1.117110907854054869e+00	1.133440851679212047e+00	-1.693898653114626063e+00	1.829781031668620717e+00
-9.584211214803871615e-01	1.366342983625348451e+00	8.462439461121795681e-01	1.105780402586551858e+00	-1.274211688115792773e+00	1.834793523740762655e+00	-9.399250388817035340e-01	1.641566074331955338e+00
-1.966311084099230388e-01	-1.104936254036383403e+00	-8.224213333523285874e-01	-9.719782893927666478e-01	1.768157833917357036e-01	3.356117655259570398e+00	-5.769310450361612164e-01	-1.596369126782451742e-01
9.674817840799951885e-01	-1.264876397455710455e+00	-1.303464955828925742e+00	7.129352327266018641e-01	-7.084292261296335491e-01	2.226859844550642897e+00	-7.180416919469040371e-01	-5.485605023305094585e-01
1.058138193934195836e+00	6.581701240012428622e-01	5.959734441544815020e-01	9.097870090867651305e-01	-1.244096345715988150e+00	4.972884261176814258e-01	-6.709255001142298003e-01	1.675403209197318555e+00
-7.154438974754843139e-01	-2.415093415918831532e+00	1.773576658303136266e+00	6.176168277942984952e-01	-2.424434964748668764e-01	1.187100839294935373e+00	-6.317282643194868097e-01	-1.020226892024558074e+00
-6.329723614082907179e-01	4.916503447428850482e-01	4.583922703961245126e+00	2.229887095733646685e-01	2.825390495328111484e+00	-4.785137682768542122e-01	3.360706927549185763e-01	3.240110989387763318e-01
-1.024021817202547258e+00	-1.087313495311847955e+00	3.852036798239077964e-01	-5.138905722874292925e-02	-1.210035215918962154e-01	3.356865749780925334e+00	2.504435476934260829e-01	1.017842484063529618e+00
5.679560484560295386e-01	9.949979398857889956e-01	3.672953415331466243e+00	1.225809626052283496e+00	3.589318382909715499e+00	-7.154979447643844415e-01	3.283802291175536570e-01	4.203400894101527729e-01
-7.398703779303321681e-01	8.391554849581523978e-01	1.964056480623669332e-01	2.082519082877585526e-01	-3.082077229476072322e-01	3.098129473071746354e+00	-4.880067848989547152e-01	2.679243383098387721e+00
-3.023947440322609648e-01	1.429372585769848714e+00	4.782329901369851477e+00	1.498193712879880124e+00	1.118758859524219718e+00	-8.888535524689000766e-01	4.521525276525867332e-02	-1.412985857985251115e-01
-1.273681022963140674e-01	-1.914564743453086304e-01	4.274128907436123725e+00	2.375342016046816662e-01	1.206605240348851638e+00	-2.340800026778973919e+00	1.019878989778517098e-01	-6.716879371165563883e-01
-9.039437641362965126e-01	-1.682358679530884915e+00	7.638956106007622759e-01	-1.277037091311253425e+00	1.351688929343775714e+00	2.165375376551260000e+00	2.143909380049057178e-01	-1.561658502954636596e+00
-1.441703877507529930e+00	-1.185348428472094318e+00	8.195809603897374895e-02	-1.601084969286391546e+00	-1.398819253518322203e-01	2.461956285686494716e+00	1.124117341710543672e+00	4.625275326323493030e-01
-9.825193027328765760e-01	4.279477856798254987e-01	3.824146509493446811e+00	2.653205813812872238e-01	3.363863389417629080e+00	-5.434381856343101225e-01	2.653108717371310266e-01	-6.399143235987901634e-02
2.910514124478294495e-01	-9.312288240547487161e-01	-1.689187198776744392e+00	-3.931306939119160737e-01	7.802515643452886396e-01	2.868934110442055818e+00	-4.200353832707054980e-01	-3.201950773117530624e-01
-1.210646382936080734e+00	6.493146218409309167e-01	4.547956157384633435e+00	1.273933249679441326e+00	1.280969121818143597e+00	-1.110401242220434570e+00	2.499543635756081295e-01	-3.320202848826482867e-01
-2.728629432365002216e+00	-1.423555427787854231e-02	-8.190905226815368145e-01	9.310373005865268947e-02	-2.823951574780955709e-01	2.041922469332741130e+00	-1.506834134770790312e-01	-3.062532793353259786e-01
1.467274735889023907e+00	-4.048532190875056003e-01	9.918739591875644912e-01	-1.358155153104204427e+00	3.941904171509870713e-01	2.228443550538294460e+00	6.951494486810212425e-01	-1.591197422393424654e+00
-8.734389511536243544e-01	1.388775701096770954e+00	3.215447934084928461e-01	1.360566663552887245e+00	-1.283261043939822210e+00	1.774436455878054320e+00	-7.753294787777524899e-01	2.393061836354796856e+00
1.770448060919235456e+00	-9.970069323914378945e-01	-1.293794087561173756e+00	-2.854471782384179201e-01	5.841521561984968081e-01	3.272174301029405541e+00	-6.252747054343681388e-01	-1.980216272473625250e-01
-7.139874617788231070e-01	-5.373147407751747151e-01	4.815506881938250716e-01	-1.175738336217614366e+00	7.042706984376645440e-01	2.394086776630484970e+00	-3.028854234703636794e-01	-1.597712866176105306e+00
1.800260844881440003e-01	-1.346710426542619521e+00	2.274537680149650853e-01	-1.441719465800265887e+00	-8.394907538890865606e-01	2.780386772182495747e+00	4.981065857483016335e-01	-1.338698767364736586e-01
-4.710885067794824965e-01	-4.865331638771531186e-01	3.429604900954702273e+00	-6.084715501627412371e-01	1.463043963588480878e+00	8.391450100350400509e-01	1.747865126165569549e+00	-5.916721000542046749e-01
-2.454932668719251421e+00	-5.042126591941041847e-01	-4.731731050981929920e-01	-2.468402213869655693e-01	4.557197584869578932e-01	3.021154604590477355e+00	7.927039122015009376e-01	6.834579699851704992e-01
-9.022778740433473610e-01	-7.969242714572452035e-01	2.570472455415250490e+00	4.809584743949031349e-01	2.054264126461950113e+00	1.595192378475926320e+00	1.028862901914655570e+00	-1.195683673287970983e+00
-1.011575702849825786e+00	7.347776077838383824e-01	4.230941856384712985e+00	3.548945359039503700e-01	2.647547517743771728e+00	-3.609213507135670684e-01	-2.172035854237952535e-02	-7.990144172438054526e-02
-8.567914074537298363e-01	1.366242623026066694e+00	2.751377695547765345e-01	2.031874390571707101e-01	1.047679854863118321e-01	2.712547797096875435e+00	-7.078366880919116921e-01	2.297989227161366887e+00
-9.461318660443720496e-01	-1.971447293037984716e+00	-8.340135710229931165e-01	-6.082269027358844227e-01	1.990543662882640952e+00	1.791112661700933639e+00	4.356934879050235465e-01	-1.310012058365664922e+00
-1.105445028941024921e+00	8.530996296004613733e-01	4.232823789099851908e+00	1.735878348446915076e-01	2.823631423541821395e+00	-6.124273577492147513e-01	2.906417742467348742e-02	3.413725302173943321e-01
-8.500961568961018511e-01	4.664952319267313685e-01	2.816770906960703424e+00	6.718017522613450865e-01	3.963295046802466359e+00	-6.622663567964324205e-01	8.717444185711979987e-01	5.411015456301491305e-03
-7.059353487443673081e-02	-9.644864361598127767e-01	-1.415476449160748773e+00	-3.852256850474624628e-01	1.082946267200298074e+00	2.849616878517105434e+00	1.473037941871219170e-01	-1.212021448800071344e-01
-5.540963208640012905e-01	5.465055818627668760e-01	3.169357509759249236e+00	8.278884876941130511e-01	4.062522004436865508e+00	-1.125854586637178745e+00	4.136249992529549835e-01	1.280601906518275823e-01
2.001478470255034114e+00	-1.169810071074931290e+00	-7.843442299073021262e-01	-1.116782054576514138e+00	-2.124224127354809935e-02	2.575263080998720255e+00	2.311691343076984761e-01	4.961593622814939319e-01
-5.814996270908064924e-01	-1.544166561639325197e+00	1.509589498488435932e+00	-1.065789387482150685e+00	1.700121751188427233e+00	1.854681907949775166e+00	1.039879225281214459e-01	-1.565905101135709465e+00
-1.042174578687359965e+00	6.021689798579400454e-01	3.874324430922515994e+00	4.307905686560252745e-01	2.704649584108774096e+00	-5.553155434311168870e-01	-6.516663115193142841e-02	-7.516406294632521634e-02
-5.319243898900397616e-01	2.066185642037251524e-01	3.363083393599064941e+00	3.769498815995074859e-01	2.724906285731380606e+00	-1.335033604620242453e+00	1.685730113497402316e+00	3.195514307853401792e-02
5.260802665110526632e-01	-1.322768671590625944e+00	-7.478968389645832548e-01	6.186344008647670645e-01	-1.176211269123349501e+00	2.812103270675263111e+00	-7.964722586022123796e-01	-6.514150266275997581e-01
2.103672920544195080e+00	-9.430176208432781149e-01	-1.086978795895928940e+00	-7.409362514970295743e-01	-6.107088795917291479e-01	2.432537005135250396e+00	5.949775893894670986e-03	4.203710635576786425e-02
-7.326451058755694135e-01	1.329491057630328710e+00	4.645195281588516134e-01	1.172995037112618988e+00	-1.493404388073325428e+00	1.495598702900341026e+00	-5.490017900923697125e-01	2.249470059471549543e+00
-1.236766859710491717e+00	-4.003818806994266510e-02	2.489874952173346756e+00	1.848006662097454733e-01	1.638314683133034189e+00	1.513173666841673981e+00	9.098721822203361675e-01	-1.308088276671609540e+00
-6.886620189313863438e-01	-1.557897496969968598e+00	-4.598022164605247708e-01	-6.328549932833723579e-01	-1.849351581339321871e-01	3.190044583076102391e+00	-5.447851478994165664e-01	7.623623058382110740e-01
-1.249562264377916287e+00	1.517967364415641063e-01	4.143786949679281406e+00	3.075674518257297541e-01	2.771158279624650334e+00	-7.745273983773682813e-01	1.203380776458393142e-01	8.420081375096567788e-02
-6.490929819518773680e-01	-3.084866653114956558e-01	4.286521768687494571e+00	-2.749270780049239277e-02	2.959844689126012174e+00	-1.297525549064546979e+00	-8.875529552775751618e-01	1.017618478348047972e-02
1.041617170159069961e+00	-9.160718080172386424e-01	-1.481136669136805528e+00	6.104625522492618250e-01	-6.772354546802190622e-01	2.656603250676035977e+00	-7.417872715919204829e-01	-7.760647206207190729e-01
-2.504783948924747428e+00	-1.064397930873853593e+00	1.562746564215936884e-01	-3.775872409576022104e-01	5.579430349477171314e-01	2.300377359610535244e+00	7.074152050000421799e-01	1.270120859697921656e+00
-1.323161799306584507e+00	8.290738319919708221e-01	4.132750557886004650e+00	1.354501053624578732e+00	1.448061589016187201e+00	-7.519499608735290552e-01	1.850814025453184630e-02	-4.679956868193992370e-01
-1.615042317551934614e-01	4.077195418381572845e-01	5.215568386937055045e+00	-3.214342199419338852e-01	2.217538209257771786e+00	-1.138141697497993210e+00	8.113452018022211387e-01	5.712834529773125336e-01
-7.008502274212349281e-01	1.543321910764786642e+00	7.178680111803930064e-01	7.103678495536031035e-03	-3.306076071547182638e-01	2.442817045897081485e+00	-7.464443701389865682e-01	2.589461169842723010e+00
1.423412780398974675e+00	-7.060436604726846310e-01	-1.442528353371818284e+00	-7.049548740221722731e-02	7.846832066176860909e-01	3.051122194178184976e+00	-8.237079514134203473e-01	5.687015612446885693e-02
-1.562714104812308546e+00	1.175574681703079327e-01	4.560385703971816085e+00	1.003412115703135488e+00	1.564888017027679323e+00	-1.358796850296859038e+00	1.235139939093619632e-01	-4.771589344153067680e-01
-8.275490895240416034e-01	8.963364395771450388e-02	4.248187584618164259e+00	5.267900975554099530e-01	3.212524287027191505e+00	-3.772434919832126088e-01	4.602272528296896814e-02	-2.381745894318060830e-01
-6.574389949799529509e-01	5.549557581692429187e-01	4.758086105003149768e-01	-9.482471621686336949e-01	-7.708121526571680704e-01	2.094265723331062645e+00	6.090781956511652773e-01	2.029066156457431269e+00
-1.167595011963729501e+00	4.861147072520906054e-01	2.854878119647442869e+00	9.117283667803212088e-01	3.735092338180509675e+00	-6.753228823957551086e-01	9.314806306862046803e-01	-4.393106669542636011e-02
-5.828954439744089555e-01	-5.751089882056450442e-01	-6.785186384817745164e-01	6.872366972339308822e-01	8.774258228183617891e-01	3.480561885675848899e+00	9.656929308968928982e-01	1.168558206548275136e+00
1.188888378338199381e+00	-1.017817307767191037e+00	-1.461662545678813707e+00	-2.112462620524646895e-01	6.135726411854038886e-01	3.148137893787637864e+00	-5.025632443609329147e-01	-1.018305651441859389e-01
-2.101885377731709803e-01	-1.244873701121917531e+00	4.570120335763034891e-01	-2.898841275646161231e-01	-4.549897308630083265e-02	2.983156942842708048e+00	-4.849553832303785117e-01	-8.361679014898759643e-02
-1.511491007146658738e+00	-1.914816867071111428e+00	-8.399985558148324039e-01	-1.178962934808190477e+00	7.481986758661395287e-01	2.599262314958792786e+00	-4.805477498706356987e-01	-5.155503430171497481e-01
1.771663529481634303e+00	-1.159024543054193668e+00	-1.207844062739613422e+00	-3.012029043183174215e-01	7.729825663028799809e-01	3.344007018768061279e+00	-5.402470297947377098e-01	5.739295191794129003e-02
-7.980107989898934662e-01	-1.017017003464205871e+00	1.539789655844673089e+00	6.682894696443242299e-01	2.765251493378344971e+00	1.086120420530554131e+00	1.288130214010599905e+00	-1.209303776420272314e+00
9.595029787288358314e-01	-1.255182677708713834e+00	-1.343176377376494424e+00	5.211530663765399085e-01	-7.052189762853078303e-01	2.575160902070193103e+00	-5.503775467028941826e-01	-9.676897514874689410e-01
-1.654987113418654232e+00	-1.229824634802903605e+00	-3.809049277358129149e-01	-3.841659351428832192e-01	6.722622748302147233e-01	1.269998304250564480e+00	1.753215759250612127e+00	1.387410961785924046e+00
-1.397746011743004717e-02	1.369465430380015336e+00	3.866532128184023698e+00	-1.299179933663178466e-01	2.058029399817753013e+00	-6.064823891913444509e-01	-1.043836558723890695e+00	8.592459777461326498e-01
1.657144072857832384e+00	-9.921222394080746465e-01	-1.461842593385959344e+00	-2.466783672022691276e-01	6.469322128519876536e-01	2.999011729185829367e+00	-8.736047666346841156e-01	-1.091563581035782521e-01
1.685183201437845391e+00	-1.371184261399874815e+00	-9.197195607584373045e-01	1.174860157774452851e+00	-6.026407955023727059e-01	2.799320429725078441e+00	-9.392106457410209774e-01	-6.814158356620234613e-01
-5.892045868638804418e-01	-1.728583391171768791e-01	8.120774363691710684e-01	-6.872533481448068748e-01	-1.485427281552925249e+00	3.158632675241195287e+00	9.892754121812077361e-01	1.833350995921101179e+00
1.298490462311048255e+00	-8.537927774690732274e-01	-1.407960744850885959e+00	-2.180221451914821085e-01	8.952140581207161940e-01	2.856440403171814246e+00	-7.200592199911538538e-01	-2.748453358318246956e-02
-2.704838990749091066e-01	-1.407939657883415796e+00	4.065787340079651258e-01	-6.015455698544012186e-01	1.102516164205838090e+00	2.359790017992083655e+00	3.690170446514384195e-01	-2.353467558792906811e+00
-1.182116284497516157e+00	6.911834650616877074e-01	4.427675894460918471e+00	5.704246820594670586e-01	8.417602419037031325e-01	-1.593753045531311585e+00	1.039336833358647461e+00	-3.863670159011099448e-01
-1.016944445819434995e+00	7.696247144453044475e-01	4.522829711269102049e+00	3.511890087434914598e-01	2.400875828147744251e+00	-2.802462829743135875e-01	3.477904237062169890e-01	-2.093728135530208700e-01
-1.032038302932290152e+00	2.817101949867877875e-01	4.212691282769235990e+00	5.344322173247307850e-01	6.957631227498666249e-01	-1.607260366013510744e+00	9.568782736842542658e-01	-5.104142655808640017e-01
4.941875227997294950e-01	1.897228550596280261e+00	4.463202702671918765e+00	-3.313053732212793423e-01	1.444092914515086257e+00	-2.820807363775642562e-01	7.344210884817354845e-01	3.399008042899264725e-01
-4.203945339855182928e-01	-2.746590653450552644e+00	5.586629320400087195e-01	-2.949918563567194285e-01	2.593883760052084320e+00	1.326205436933692194e+00	4.091317212081345134e-01	-4.393418108484921647e-01
-1.289965170208388523e+00	1.144466745617509718e+00	2.910799456902722904e-01	-6.927586313711656674e-01	-5.346550153868130373e-01	2.723505230595758775e+00	-2.207067554682016486e-01	1.791571667169955528e+00
-1.876235174184600618e+00	-1.408312601534298825e+00	1.011397337586485534e+00	1.495288707564124964e-01	8.274510066231584027e-01	2.378560922721276505e+00	1.251575342421850756e+00	-7.023817979151828483e-01
-9.380720415136505341e-01	-1.910925796710224001e+00	6.157098777574654402e-01	-1.007639475582702698e-01	-2.430057418201778119e-01	2.134428561852770301e+00	1.693892782512751438e-03	-2.194041731648351590e+00
-5.173216341896097470e-01	1.261972343450652012e+00	3.356539134726137519e-01	-5.104520926117107026e-03	1.346793463886865883e-01	2.216833721918445299e+00	-5.110511276507361256e-01	2.620532489860160297e+00
-1.248540520915470520e+00	6.779546195795502772e-01	4.548144091194443739e+00	1.797666128133562913e-01	2.633726556866860857e+00	-2.502128054712963179e-01	2.563462099350056200e-01	7.620411540122160043e-02
-4.898243595796507033e-01	-1.461137402641103034e+00	3.305465935260377019e+00	-3.683361512575724639e-01	-3.369349533006203989e-01	1.757353153138758450e-01	6.429013767525693090e-01	-1.901573015687777035e+00
-4.032370441848293768e-02	-9.054793895288344441e-01	-1.009510642199895836e+00	-9.669907970379888473e-01	-6.461933740410424898e-02	3.148162188624113789e+00	-7.462854413176180923e-01	-2.790112803951910192e-01
-8.979073518475706450e-01	6.179835643082896013e-01	3.562561999026822579e-01	1.062652338572288302e-01	-1.525616543861937624e-01	3.060423231374764796e+00	-1.708645709794697487e-01	1.836578552940481002e+00
-9.274707655712775001e-01	2.727455647116903137e-01	3.829658904012030352e+00	4.191133313356868451e-01	3.404941298735039812e+00	-6.324783542355292276e-01	-6.331686645018762272e-02	1.359444926103975937e-01
1.584762195057916045e+00	-1.292042444691525960e+00	-1.354400960043375512e+00	-1.289375456966291023e-01	5.414744846864705252e-01	3.096960503135725240e+00	-6.920620770052646753e-01	-1.595306770948681091e-02
3.470991569037257252e-02	-1.077500008030455092e+00	-1.032983814368770181e+00	6.517079243082951612e-02	5.798748508769269172e-01	2.720523266264107676e+00	5.899025065731178241e-01	-1.746672428279635592e-01
-1.114772245467991363e+00	-6.792740463826123509e-01	3.220467901941419520e+00	2.222912606272539338e-01	1.958505232264658114e+00	1.668352970908716371e+00	7.602773004902885212e-01	-6.445143576237426508e-01
-1.193115784442440486e+00	-1.374070149881249925e-01	4.568988056086736860e-02	1.364334631227129002e-01	-3.667157007145502856e-01	3.467961457335198006e+00	3.205981508871291186e-01	1.232616174284934862e+00
1.992241898832230351e+00	-1.366161461967794422e+00	-7.478781935896435806e-01	2.490155359271604973e-01	-1.617023057379700424e+00	1.903564066320059478e+00	-8.144208370675008746e-02	-3.178839628811668816e-01
1.247604088813742074e+00	-1.013932195599551500e+00	-1.464234216262575439e+00	-6.345599267926819997e-02	5.907535277364694970e-01	3.181712596655294156e+00	-8.052350759191838625e-01	-1.005295476671608790e-01
-1.631850498239652669e+00	-4.063805203319343362e-01	4.725318627002577543e+00	3.563714368240469277e-01	2.633761190522364348e+00	-4.126471960656747373e-01	2.658414417271109387e-01	1.091556647804056146e+00
1.652264879496042393e+00	-7.871069697698996892e-01	-1.346923618927821309e+00	-4.021770345418226866e-02	7.507379522400219329e-01	3.164120328434002261e+00	-8.736501148419366647e-01	-5.231185143441096502e-02
-1.323808136940076430e-01	1.344486639387177385e-01	3.429599447105208476e+00	7.460177231273168452e-02	3.010904671095342877e+00	-1.076202697045459455e+00	1.621828705348513644e+00	6.187513209504320877e-02
-1.334550396304998721e+00	-3.433797428632935356e-01	4.958497883654428229e+00	4.198722938875992794e-01	1.960971195793662636e+00	-9.735577307251075396e-01	7.129573507825281986e-04	1.020230105880741478e+00
1.442548732010368595e-01	-1.482279108645520871e-01	3.464105451224091414e+00	5.338314514049284920e-01	1.351706493388797226e+00	2.229580893445886058e+00	7.222454169241852018e-01	-6.487410653003687910e-01
-1.186530732974774960e+00	4.695350207623567584e-01	4.380568077041980146e+00	5.646301942261368056e-01	8.340711618296319241e-01	-1.487617338848004511e+00	1.047483335457542353e+00	-4.622894802564824213e-01
-2.198223609898411368e+00	-1.468927563663175340e+00	-8.106087155410857115e-01	-1.081020022883896425e+00	2.797617472294766094e-01	2.572981956175153684e+00	-1.976139305252419542e-01	3.865614058362748517e-01
-1.218098716499862233e+00	-1.575466756875888663e+00	8.607976654525987259e-01	-6.883109728827275786e-01	9.593816166433697390e-01	2.040224344906462317e+00	1.605644341182919099e-01	-1.623613724780384349e+00
2.211365049523698612e-01	1.088942730466274211e+00	6.923110413440476396e-01	6.807764589312885750e-01	-1.021541661952714675e+00	1.310387461495865491e+00	-6.191448156173060546e-01	2.014180349792033198e+00
-5.984955154842517278e-01	-7.035307175887964282e-02	4.626790672676634131e+00	-5.887915331379955930e-01	2.802916117864431289e+00	-1.048552461549961290e+00	-5.221732025091295748e-01	3.227855352334298156e-02
1.823856204232886746e+00	-1.382536844759202133e+00	-1.010503531676647304e+00	-9.340750296034737721e-01	-3.763306921604418487e-01	2.795518311630280195e+00	2.542352412499949144e-01	-1.028753567219337500e-01
1.065430099264790709e+00	-1.232427118494835216e+00	1.413565291695570159e-01	2.006914645769643790e-01	1.720350299893426360e+00	2.609074546240480075e+00	2.607744688737235195e-01	-1.871283539725456357e+00
6.402584587597701660e-01	-1.026470456839531309e+00	-1.172869330344545657e+00	-9.936122430408924622e-01	-5.917254204624129710e-02	2.024594709970020556e+00	4.901665595411987542e-01	-5.319769235830035248e-02
-9.675862706856597217e-01	-4.815720375937094788e-01	3.601212586788648640e+00	4.375621899993044073e-01	1.042566175246359528e+00	-7.281554463304139579e-01	-4.919431066051960233e-01	-1.135762882719298705e+00
-1.522193215554329182e+00	1.517395355961192571e+00	2.707212154515644897e+00	-5.933565347299920439e-02	2.690076561767540841e+00	-3.108142180204678251e-01	5.650309675846454383e-04	5.128635103967233988e-01
-1.765670449330978053e+00	-5.058732046106120261e-01	-8.780080317871516993e-01	5.302587347432935472e-01	-7.907697444631939243e-01	1.570977583977849257e+00	1.782171459406087788e+00	2.187772017486517839e-01
5.470696377934698429e-01	1.354587659464682847e+00	5.190129809907663372e+00	-4.787589316801975636e-01	1.287807179480951580e+00	-7.193311931002813742e-01	2.744179734345617017e-01	6.620128276847541127e-01
-1.820281083418820792e-02	-2.398631925994088032e+00	2.474286023801668843e+00	-5.481661191574346281e-01	1.361435388767984644e+00	1.145207375656331905e+00	-2.883631869846822737e-01	-3.989350076961422076e-01
-9.165435166022617430e-01	4.859087143876662518e-01	4.285723478389260599e+00	-4.983137197943651731e-01	2.458663131426766846e+00	-1.033256849297355062e+00	1.182117361604495542e+00	2.241444472297402235e-01
1.181371208040903786e+00	-8.369013273887138116e-01	-1.486356750403562854e+00	-1.336266651284317153e-01	3.142663556666808189e-02	2.935205981838784339e+00	-4.212802131596422583e-01	-1.687482880041518418e-01
-1.177166629381533713e+00	-1.479491844549687185e+00	5.011221503640594932e-01	-4.086513327318326838e-01	7.277020105583537068e-02	1.663965391761857759e+00	-1.545233365772986922e-02	-2.459727162042171233e+00
2.363252607823202567e+00	-7.222365685263681945e-01	-1.123301625697229245e+00	-8.686219200817507646e-02	6.368651975691252964e-03	2.778424905093054065e+00	-8.633599999265727520e-01	-3.567710120918662908e-01
9.501294678943685845e-01	-9.790483585925756627e-01	-1.350280527204013925e+00	1.016849278375220988e+00	-5.513737597969176063e-01	2.507193538161594404e+00	-7.918042742613631280e-01	-4.669381848488033948e-01
-1.643235284868127810e-01	1.100132647596137714e+00	-8.805740171363433955e-02	-4.339733787444198521e-02	1.938321054314175451e-01	1.483085918137323711e+00	9.191448281056149305e-01	2.884288829134563414e+00
2.844679599217386778e-02	-6.428959091902810563e-01	-5.417413351314139813e-01	-5.180074524775483136e-01	4.536957593551144696e-01	3.205781063201580849e+00	-5.064247918092916745e-01	-1.028566527504993777e+00
1.467736437226605961e+00	-1.499779668003117239e+00	-1.135539493406755307e+00	-4.179403128735022926e-02	5.565650916411271076e-01	3.006062183497690832e+00	-5.495225727221473289e-01	-2.991005782953639058e-01
7.041996534582941614e-01	1.391032621493493160e+00	3.589211457190487842e+00	8.949304497148901083e-01	3.405670084281625432e+00	-8.750169404137293494e-01	4.687307026210592587e-01	2.467006150146188181e-01
-1.394501782948557755e+00	4.648433305961530149e-01	4.451964417482670022e+00	9.286076606910126374e-01	1.309518594870248576e+00	-1.080326130685474562e+00	-3.129871757874340688e-01	-6.317413147331817358e-01
-1.468433396020744741e+00	-4.470292728008156691e-01	4.904417396797866591e-01	-1.109356707773854644e+00	2.502951306720088698e-01	2.462328090558127514e+00	1.721610758880911973e+00	-2.899594764479672057e-02
-6.157273156562876881e-01	-1.056673482117912455e+00	3.626490189599910430e+00	5.025963316550059456e-01	3.712028977049258716e-02	6.105538138167471152e-01	1.791186911015719474e+00	-1.771913187297438519e+00
-1.030357745697662475e+00	5.170731610496294428e-02	3.771867021257310437e+00	4.170193176746468389e-01	3.516183699436455257e+00	-6.820188597794438756e-01	8.776058646573636768e-02	-3.190880387319779410e-01
-1.681048227002963635e-01	-1.409781089045275104e+00	-2.653211320023685649e-01	-5.777782450156957461e-01	1.991244407753618884e+00	1.960800077869361946e+00	7.410574845336688199e-01	-1.847297569054731969e+00
-9.773255003660226148e-01	5.743242821351052241e-01	4.659226850571793754e+00	-2.996065402899355710e-04	2.336922628155204684e+00	-7.862647509005394886e-01	5.521630559493879709e-01	-1.432224443887496479e-01
-5.837669998496743951e-01	4.495961504536701847e-01	4.185938729920801293e+00	-3.033392260256865813e-01	3.411305270423008018e+00	-6.780387319542240387e-01	3.027063576574310910e-01	9.773244295442062857e-02
-1.150743768065726202e+00	-6.889805059969290602e-01	3.582739481937445292e-01	-8.946576696685025754e-01	-5.223287931572571097e-01	9.899208484453796419e-01	5.514194896702084847e-01	-1.862471587763626424e+00
-1.974979848308211050e+00	-6.442015364565966129e-01	-1.668680440639148596e-02	-6.689763144854741217e-01	2.798850058885331560e-01	3.027094951409695867e+00	6.289671871461939290e-01	1.499513715641034306e-01
-1.058716784020426793e+00	1.573398453426403831e+00	2.629665291062442400e-01	4.502935678589511381e-01	-7.898285368536420159e-02	2.433978391615660541e+00	-2.674015511504481135e-01	2.136468170324215432e+00
-5.896381672078825353e-01	3.613314498443529477e-01	3.098535119189036902e+00	-5.995874873320978377e-02	3.094298548626918777e+00	-1.667144276939662717e+00	1.341713734131136482e+00	2.649098469931779887e-01
1.173563416501638978e-01	1.456709921185686651e+00	4.797219711685396071e+00	5.973780488534442545e-01	1.490644675615015347e+00	-2.938524153042120224e-01	-1.939371209822901565e-01	1.416203930432987923e-01
-9.531902003710733817e-01	5.485638807070274403e-01	4.225386776626490537e+00	2.227367339558608272e-01	2.682891410692993528e+00	-6.176505693861339408e-01	-7.243327193364182404e-02	-3.427927868900431663e-01
-1.831784638791496000e+00	-1.786514513129418225e+00	2.730845316237291431e+00	8.543470251760131307e-01	2.183690864712304891e-01	1.057700078516226050e-01	-3.721400807378872910e-01	-1.282523330109608221e-02
-1.137457319100039221e+00	1.139659264226777102e+00	1.713841997455655131e+00	3.950480767820074846e-01	3.645127721724621406e+00	-5.734323876215305926e-01	3.612950475532938355e-01	5.203123041495097967e-01
1.323647516741613517e+00	-1.003225809246357958e+00	-1.263610466099007512e+00	9.222244770065434194e-01	-5.882484624017139119e-01	2.453787099145559480e+00	-9.301342039874782586e-01	-6.628823056394113067e-01
1.849555935189351796e+00	-1.057698269570761962e+00	-9.930778963069692988e-01	-1.129636811645117200e+00	4.837007146824540138e-02	2.469916856427365914e+00	2.183345525153660982e-01	4.781708464690666571e-01
-1.371735235347105952e+00	5.906289240237047045e-01	4.073185650558238002e+00	1.210042492925433422e+00	1.827993854433840548e+00	-1.360446461407269547e+00	-3.615441826874181697e-01	-2.434005540226633069e-01
4.081047203071404561e-01	4.598616876149372867e-01	8.232188158645463716e-01	3.022339938636044998e-01	-2.079100516822859568e+00	4.578013441402766781e-01	-5.956336737085120570e-01	1.819310450063637230e+00
1.556672917960058466e+00	-1.055757307265144940e+00	-1.291053703058330449e+00	1.476195351911108178e-02	8.629006864442170244e-01	3.021557496502511597e+00	-9.969163037155623908e-01	-1.388707223898989485e-01
-6.701897188681416040e-01	-7.780491139339636986e-01	2.549907190390278799e+00	8.005130635017480012e-01	3.482538467312798591e+00	1.993737044200812880e-01	1.277836367212555890e+00	-6.308430250316404697e-01
-4.808257397634390640e-01	-8.049181826436833109e-01	2.126235753458946665e+00	4.334009263888234376e-01	3.873661139228937955e+00	-7.074018702480822096e-01	-2.255533927100758507e-01	-3.709934466673320830e-01
-3.673284489059624458e-01	7.818193398153725493e-01	4.787277391384788139e+00	-4.632026273024953955e-01	2.339837922653494662e+00	-7.806377600345205670e-01	1.123547485694970982e+00	2.956461509399557763e-01
-8.860697890271765909e-01	-1.447697272119756517e+00	-2.387568588684502446e-01	-8.918658118022745329e-01	7.729020119757770146e-01	2.651934582774132743e+00	-1.911312495114653176e-01	-1.415548740058066857e+00
1.103000709208332708e+00	-1.276364092823605301e+00	-1.360249407707085245e+00	-1.782546948996820424e-01	1.226971693654409057e+00	2.942044673162974355e+00	-8.134035003469122227e-01	2.107205743346131088e-01
-7.079452100139420612e-01	1.659627623015902664e-01	4.522537674061760882e+00	-5.436728943682868076e-01	2.125706525867377739e+00	-9.394881560001427934e-01	1.132079539810964652e+00	-1.451179994922062733e-01
-8.315512517566038264e-01	2.107956531260172239e-01	3.289874887264522041e+00	8.956002028607626952e-01	3.920855333973981782e+00	-1.189770723304880651e+00	7.002170038862667312e-01	2.281873120456364909e-02
-1.655413510494287310e+00	5.876760202696253987e-01	-1.455136130169021325e-01	-1.235405060750940365e+00	-6.013429677546068275e-01	2.033181614259173209e+00	7.493496595357769241e-01	1.300129059733137193e+00
-6.894759080897463477e-01	-1.707815119889447342e+00	1.765273939114413437e+00	-4.352292807615112391e-01	1.591877366694666174e+00	1.465926444651577842e+00	-2.501135091825992807e-01	-1.367083774927376760e+00
-1.404846995325657266e+00	-2.878313075618493255e-01	2.883602272655731102e+00	1.639199154860525587e+00	2.907144630457813683e+00	-1.550069462807339482e+00	4.610974340100711388e-01	-5.759076277723674808e-01
1.596296174125314771e+00	-1.078037859472651627e+00	-1.395614117784668151e+00	-5.402690332160029474e-01	5.366162918470488430e-01	2.855543587660033467e+00	-6.855575717686729353e-01	-3.608499196020186761e-01
-8.399165279211759927e-01	1.060991492646698342e+00	4.462331579612442312e+00	-5.901921671994455609e-01	1.678721357836581829e+00	-8.401731951938219423e-01	8.664659171319286646e-01	-2.201644392577329912e-01
-1.448161437091875836e+00	-8.585848194944636913e-02	-2.347865039032691892e-01	3.678830681998976893e-01	-7.135097073144235358e-01	3.666710621359762889e+00	5.423830032131904400e-01	1.284480275146342887e+00
-4.556190155289973065e-01	-1.093111398369553955e+00	1.685966715937645466e+00	-6.396007680824700170e-01	2.378997706133088919e+00	1.722998305483661508e+00	-2.057974694904121937e-01	-1.276403486255185182e+00
1.166975463491758402e+00	7.792251032561060553e-01	5.297677131787145166e-01	8.150888643383955579e-01	-1.048785147701546183e+00	5.411841427039771890e-01	-3.516569557932757717e-01	1.696370404648438024e+00
-9.297076545176570228e-01	6.606213037470362037e-01	3.693080171318529281e+00	-1.314586659764809817e-01	3.375256505129071716e+00	-8.731538713676815222e-01	3.796713290951231334e-02	1.525149905343517742e-01
-2.871444595198018868e-01	1.436916687991852237e+00	1.113175091715117082e+00	5.854452401616804247e-01	-1.975770837915313605e+00	1.022812778149207347e+00	8.854725658592244031e-03	1.863483675821429264e+00
1.848230244957675072e+00	-9.468118437814097010e-01	-1.057985135755369566e+00	-1.089004174748433362e+00	-1.220258168199629678e-01	2.361589891636633354e+00	9.418096563214567452e-02	2.711062617876426259e-02
-5.481454130011316483e-02	-7.232793445464315019e-01	3.400339860070297426e+00	-1.685868446123465481e-01	9.730840752165090812e-01	1.408255514347227066e+00	2.005613388250824247e+00	-1.106881498617215076e+00
-3.561511726111643572e-01	-1.329681168911671652e+00	1.573196697555621970e+00	-6.434204277351137646e-01	-4.523533405546543151e-01	8.546923307080929177e-01	7.596740907729120362e-01	-2.477180712696613440e+00
-6.361987303500729052e-01	-8.637033278402405090e-01	-7.480675342519466087e-01	1.896500870486083956e+00	-7.758397483892960356e-01	2.237645039046077144e+00	2.209239544135902511e-01	1.220849357011773328e+00
-1.607217781685402969e+00	-1.552424022698989159e+00	3.638755879613293054e+00	1.104072658460045320e+00	4.385522122850853410e-01	-2.476868735121920129e-01	-2.360971693878403110e-01	-2.477016660469537335e-01
-9.017304179767543504e-01	-1.337968934107895080e+00	1.374115531845170324e+00	2.502971271689347077e-01	9.326567504970399991e-01	6.368529488838280406e-01	-1.023973414844689400e-01	-2.183593597782155005e+00
-1.050576589471765354e+00	5.986753682883906302e-01	3.682039648052134240e+00	4.156458600236507817e-01	3.239453672991441824e+00	-3.912799820488482849e-01	2.190623522868060391e-01	-2.382531513604070617e-02
1.329328428228859771e+00	-1.179136533755031246e+00	-1.457919002968408595e+00	6.256726499107839734e-02	4.613041857484381225e-01	3.021719719883838806e+00	-7.127143510221374267e-01	6.728474538939360761e-02
-1.039005594571149382e+00	5.527893857090404595e-01	3.487680851909427115e+00	-5.719180673905084611e-02	3.196346394749440822e+00	4.202842427492986532e-02	2.425905270898440214e-01	-3.365031092496303944e-01
-9.675957383446139870e-01	6.630000799427224756e-01	2.854626521727734900e+00	1.704012829417981045e+00	2.774293778099818031e+00	-1.375372948504972603e+00	4.681524340305069365e-01	-6.769959467765751526e-01
-1.061101346785260136e+00	4.205413250910452483e-01	4.192641290116926989e+00	5.437865140780847595e-01	3.257413308357883786e+00	-5.877168578296477763e-01	1.123058128658234178e-01	3.299189350971424850e-01
-5.980275807664177101e-01	-1.063516502080249948e+00	2.198054423719725925e+00	-4.506392435719965284e-01	2.156081961912011291e+00	1.539858829549294983e+00	3.171849699130815936e-01	-1.572863237535192305e+00
1.741068188015317375e+00	-1.052666432988769607e+00	-1.205032614626480258e+00	-3.735460967918871056e-01	1.200367174758445676e+00	2.995725776553898712e+00	-9.191444887328612534e-01	1.536759126400092379e-01
3.421200145658070957e-02	1.482623432201897185e+00	4.092708489078854761e+00	7.532964959983152742e-01	2.752154929882874246e+00	2.581397838194205985e-01	-3.990869793895353984e-02	1.800638627744359233e-01
4.598837098438651183e-01	1.035324842941192758e+00	-2.698357833560784472e-02	1.224293109616952924e-02	-7.753118388968800734e-02	1.130988436357666327e+00	4.893871727392588578e-01	2.711455042051853948e+00
-2.041538238906011937e+00	-1.086884478542653687e+00	-8.217544463086435824e-01	-1.082040082465942854e+00	1.216763908597348065e+00	3.079561477120769553e+00	-1.170225103902927805e-01	-1.543457106787777533e-01
-9.195579083415647004e-01	7.034715211566709980e-01	3.830861350442352986e+00	1.056720204694378273e-01	3.083969238910833965e+00	-3.390653417564868932e-01	-1.480782302792513772e-01	-1.150921979384847971e-01
-2.577114494031750969e+00	1.917669704237556783e-01	-6.896286271179623562e-01	-3.804078695351924000e-01	5.979685432801703504e-01	2.237538633641587893e+00	2.995306718697279824e-01	4.779430006010677023e-01
-4.292446957470595903e-01	-1.636770184501238345e+00	1.425467883851511797e+00	-1.268915993288377342e+00	1.561800424353050776e+00	2.145144197613459980e+00	8.951277276722680032e-02	-1.510087457751323470e+00
-3.091077950956354625e-01	-1.480447490620332873e+00	9.849108099063148547e-01	-5.394125939939411474e-01	1.438174234380008354e+00	2.500400063904368864e+00	-1.072406236704019911e-01	-2.315062719318890849e+00
8.555455431062768401e-01	-1.319342092212486994e+00	-1.395079395867890648e+00	7.010465796455529475e-01	-6.052301365174602710e-01	2.575312700252891496e+00	-8.199334428403253217e-01	-7.687795724140437104e-01
-2.236408222671684598e+00	-4.535079193641946560e-01	-4.058910893889161042e-01	6.967050008967012875e-01	-2.954492061503743439e-01	2.371534174380391491e+00	2.901492074427066137e-01	-4.772961798042835713e-01
-2.018319791902122518e+00	-6.688678809155471638e-01	-1.020483862099509920e-01	-9.321904749942501178e-01	-3.663809231171624714e-01	2.493711549533681904e+00	1.656056878759498252e+00	6.587610691019190057e-01
4.062638121965682081e-01	-1.167610720144050207e+00	-1.168271392659929298e+00	-8.343758646508583343e-01	-2.605110025931666740e-01	2.268690837641094582e+00	6.518266455211636501e-01	-2.759604784299145575e-01
-5.728716484743963111e-01	-1.451866805488482681e+00	1.098602557424336990e+00	-5.080854287383124168e-01	7.200950355824679017e-01	2.368487992335553294e+00	1.256656800324135181e-02	-2.077064715502989767e+00
-1.434238680486414896e+00	4.992700169503893060e-01	4.243773191714572235e+00	1.743678516426047376e-01	2.530292342787889837e+00	-7.359476162242117869e-01	-4.529936181793253053e-02	-1.401030792253183388e-01
1.711142193911079801e+00	-8.506578341232038376e-01	-1.288651145540022691e+00	-6.130247932298751867e-02	4.267844305896287271e-01	3.208602849291934511e+00	-5.821241914293897590e-01	-2.844357505659455415e-02
1.508445716676267256e+00	-8.305039315896841634e-01	-1.333458510579060841e+00	-2.963283069208266784e-01	6.795069243944085180e-01	3.368518993469868938e+00	-4.753722391766297961e-01	-1.736681114734817399e-01
-4.143678938985220772e-01	1.347652236773597689e-01	7.935694543069909956e-02	-1.266495958675974087e+00	-1.126739869518471382e+00	1.624364636012375129e+00	-1.484145031927520675e-01	1.641720108032092895e+00
-3.629325920208607004e-01	-1.605707129833735980e+00	2.347173879216511772e+00	-6.118278989256941136e-01	1.229129671689401126e+00	1.264454776980300288e+00	2.105573303714328159e-01	-1.359145651505709207e+00
1.172163668099683642e+00	-8.800281196947407070e-01	-1.664926935968108701e+00	-3.923551948577565507e-01	3.257164917329750109e-01	3.041007900713282197e+00	-4.917236361544207179e-01	4.294493074534698474e-02
-2.204241847067177407e+00	2.190160514883660037e-03	3.280138764470668544e+00	4.921392810933494788e-01	2.794508911750004820e+00	-8.970081700061590668e-01	-3.910379177617558932e-01	1.725182958796176891e+00
-8.035947236618763423e-01	-1.014013274406072362e+00	2.532126257657019597e+00	4.531828117860440264e-01	3.489290176941811095e-01	9.238111580542617274e-01	3.536268170757060347e-01	-2.018074198523713836e+00
4.355119973035018188e-01	1.525806493973351552e+00	3.859846521218426307e+00	3.436340482108783956e-01	2.418740471392561986e+00	2.301068629542501742e-01	8.135268714917803790e-02	-9.581436075194063595e-02
-5.094134030264677593e-01	-1.345915811888020119e+00	1.438695684098581173e+00	-8.450835504452632874e-01	2.085523243239768565e+00	1.835383018563168767e+00	-1.960952798777799433e-01	-1.824208394963128921e+00
-1.025715462949204904e+00	-3.550623250627084615e-01	2.747957098468804649e+00	-4.616142097095958241e-01	2.289697372586442903e+00	-5.808406407874001226e-02	-3.007037966688771435e-01	-1.080898719743168979e+00
7.393461832790033661e-01	-1.380375193408238887e+00	-1.273508773857014553e+00	1.732375003590384266e-01	1.230825626815256757e-01	2.892423153469358077e+00	-2.620662310040062781e-01	-4.984460979754664622e-01
-8.231919278329061784e-01	4.092944495128661986e-01	3.226933509074005002e+00	9.908121306027052322e-01	3.896526228363286659e+00	-8.081014958717384067e-01	8.290014393434568252e-01	8.632349433023520785e-03
-8.929254963702679126e-02	-1.185295455822916066e+00	2.162972857718221675e+00	-1.662068749012496793e+00	1.069526861057261469e+00	1.058902728727808773e+00	6.420739349610209423e-01	-1.222642735192336350e+00
-7.130386858268142891e-01	8.269703996906360155e-01	3.898946353928891551e+00	-8.328902790277252499e-02	1.167550571522686376e+00	2.116014277153248357e-01	1.602990866311131191e+00	-3.843997306809894821e-01
-1.469229572820101692e+00	6.076399277926376463e-01	3.847613003543436161e+00	-2.368404785056518469e-01	2.824665595192442868e+00	-5.679551608481558933e-01	2.092278896346431716e-01	2.282413075490989651e-01
-1.014749483108687844e+00	-1.389797935081908964e+00	1.340385337313175329e+00	4.573050485089371620e-01	4.343754360205098752e-01	1.305848070779445091e+00	-1.555831905461819153e-01	-1.966407109093962990e+00
8.253828482522163057e-01	-6.773571869557734049e-01	4.703352194136642517e+00	4.424387715108247798e-01	2.106083588275936336e+00	5.449527018158457636e-01	-4.469647839742678097e-01	-4.664629272053313347e-01
-1.028488448387725240e+00	5.267832656323834239e-01	4.157344484641744664e+00	-5.599071864561112888e-02	2.971277613475449275e+00	-3.846337016619874594e-01	5.407297992338004899e-01	-9.873600922656664003e-02
1.758498209543521096e+00	-7.732419909206341702e-01	-1.361863362151056078e+00	-2.047425162841572943e-01	2.421143185754670024e-01	3.022296304789680477e+00	-5.558779431500846524e-01	4.398118416433713374e-04
-6.894793482383686500e-01	-6.227358825828038791e-01	1.230766160091234074e+00	1.317635094346123692e+00	1.786543982486989979e+00	8.491291879982121316e-01	9.641500741985511436e-01	-2.116578884390189597e+00
-1.236802595686518291e+00	8.740454445813655715e-01	3.540788337176441924e+00	1.375943230622615365e+00	1.983904570105883058e+00	-5.810629730115592917e-01	2.901686406857361678e-01	-1.047285746010367058e+00
1.715159761451598097e+00	-1.276492681323516898e+00	-8.092029785192911273e-01	-1.158839156575815377e+00	5.781197343674249201e-02	2.618704964509405819e+00	3.660977010484436911e-01	3.788669394961691750e-01
-5.525023148035929088e-01	-4.552399562374253583e-01	4.810282002839342930e+00	-2.246741393275581700e-01	2.767143599273122145e+00	-1.122097543370153216e+00	-6.467080743554713962e-01	-1.223287090928274062e-01
1.428094111095931318e+00	-8.869070946353017071e-01	-1.587884895053392365e+00	3.779331148662717910e-03	3.947115579794831519e-01	2.944315368683546374e+00	-9.260922597928478162e-01	-1.428708227818862864e-01
-9.193080322863971254e-01	6.876820453195674476e-01	4.471883928113487450e+00	5.381383409969323628e-01	2.419477484778215448e+00	-5.492212099319419005e-01	3.472794285690216642e-01	-2.401126946626884907e-03
1.156110064015148264e+00	-5.703609711018273742e-01	2.894330844659816382e+00	5.928391695145831530e-01	1.452787774017079148e+00	1.265738920599450701e+00	2.183656332913114007e+00	-7.271927183906700121e-01
8.644777949196882361e-01	7.336474129715853110e-01	6.127439069407292216e-01	9.095026041298016617e-01	-1.265140622633970979e+00	4.942467141214479387e-01	-4.066667294136018240e-01	1.572079598896035435e+00
1.175134026254642805e+00	-9.334082659352059830e-01	-1.490964404859940640e+00	7.422588331518154003e-01	-7.398958453431229154e-01	2.661319641487494003e+00	-7.940917558071853843e-01	-5.982500747553973763e-01
-9.459178291286843843e-01	-1.527029325453539699e-01	4.166676111208340139e+00	9.784688273617835330e-01	2.193563253572795801e+00	-1.768215229556598267e+00	-1.056517179139023765e+00	-4.729652721404891125e-01
-6.856108297137457619e-01	2.725219458563669095e-01	4.244855258298166234e+00	1.232345688218887958e-01	2.777409869286942889e+00	-5.713320211741826915e-01	2.604955926498584984e-01	-3.148970652011960913e-01
-1.334612525682504103e+00	-8.209868909417575855e-01	4.101758163951938485e+00	3.329065575986710490e-01	2.882946248692777935e+00	-1.875555129059327253e-01	3.294252427963552665e-01	-1.583232910288044082e-01
-9.847177448499544461e-01	-1.659301391914075774e+00	3.063567126328054169e+00	6.619501443087665304e-01	9.269741678561229659e-01	4.048719824847939464e-01	9.617968497047540977e-02	-1.700065073319181108e+00
-8.464488095547700874e-01	8.205640242595543254e-01	4.348435670524289698e+00	-5.435182907475882841e-01	1.906659167391288268e+00	-7.842904764225296921e-01	1.013805468679722877e+00	3.721421880094337165e-01
-6.193004186069722694e-01	2.635643912909712006e-01	2.784932263536609831e+00	5.778996366784265870e-01	3.983936340632179274e+00	-7.736475410874986691e-01	6.322233683525055881e-01	2.670930002436137096e-01
-6.977740136601501275e-01	-1.542017749991675180e+00	1.158467822258206326e+00	-9.894711061073734326e-01	1.385671582805719559e+00	1.992030303971102034e+00	6.338974479114918292e-01	-1.840778385438213149e+00
-1.600818575718400583e+00	3.843610619236738080e-01	5.497289523918157395e-01	1.501788066603288341e+00	-1.368646426351131096e+00	2.171110722400876547e+00	-2.431394262700850017e-01	1.662157828949867966e+00
-1.028654576432778134e+00	5.523724581300822056e-02	2.369605180296315283e-01	-1.801514713373657539e-01	-5.500727490351048354e-01	3.115897878471744598e+00	-1.401302631587045544e-01	1.835558653047363542e+00
-4.659455697983021921e-03	9.618771838759457848e-01	-3.854574016827814575e-04	1.076459957582861282e+00	-1.236633361388672414e+00	4.875786650823220048e-01	3.569287098020697546e-01	2.158062738691349125e+00
-1.397366617177485448e+00	6.402460230186594048e-01	3.274952473952698284e+00	8.092795921658021419e-01	1.740056473052803421e+00	-1.235815360925554884e+00	6.166757018403004054e-01	-1.044517448870620591e+00
1.527318991359960521e+00	-8.443545225313354718e-01	-1.001336480787056393e+00	-8.510917891625870979e-01	-2.505263230608055780e-01	2.382732541101015400e+00	3.677561021517163353e-01	-2.054854272503535070e-02
