5.155377986595794937e-01	-3.774370004626823594e-01	4.179868108214548905e-01	1.509208529998318227e+00	5.038731886911954616e-01	1.263524098945590368e-01	4.715491707238890218e-01	3.819568220702069250e-01
-3.196793034435208014e-01	-1.290389322022253149e-01	-2.995849304518135581e-01	-7.481339614780931901e-01	-9.420460198696702925e-01	1.933168680115268323e+00	1.325989334601458847e+00	6.861864056565794012e-01
9.196410637713899883e-01	-3.491321436198480122e-01	4.602112026844321635e-01	1.536782442367648827e+00	3.794372127579615506e-01	-1.621088078166298407e-01	5.976869910071552772e-01	4.549968317643335869e-01
8.111853401493604454e-02	-8.721064711087034294e-01	3.018605754099193406e-01	7.968210454415362021e-01	1.205469653030843746e+00	-2.232070786550200692e-01	-4.282828042009441671e-01	-2.673786761562145786e-01
1.721607018518704069e-01	-8.680688723809754093e-01	-1.342531497052984191e-01	2.226293274536236044e+00	2.823178963339876835e-01	-4.996870991962453212e-01	7.750901848732367760e-01	1.076528721481203876e-01
9.798281207748882338e-01	1.243005961770397988e-01	-6.258050242786167283e-02	4.918847161739359763e-01	-3.331884185981907609e-01	-7.662578837200015869e-01	4.699534136954769403e-01	1.614452060414717227e-01
2.094735805350779190e-01	-8.377359133202186836e-01	4.235945382713475482e-02	2.025502557223915368e+00	4.796277779889128734e-01	-3.199662575570839662e-01	5.917011096236716172e-01	6.373826604548507579e-02
4.556074029159418726e-01	-2.519683568100792859e-01	-1.328888115911847634e-01	-1.031566995774932938e+00	6.074455877190281239e-01	-8.901846179955094085e-01	-8.308784750574292888e-01	8.607563940391981250e-01
4.538350740877010181e-01	-5.470748857568059620e-01	-2.021482080642045612e-02	1.734393587551257276e+00	1.871997310849009555e-01	-4.648450516910957453e-01	6.227197976417639946e-01	1.248568108528619880e-01
1.119643053741291583e+00	1.819844548158699449e-01	1.711524910392362153e-01	4.591931968851165613e-01	-1.740802434786905828e-01	-4.281910414087274908e-01	4.239213036363703724e-01	3.479614386280422411e-01
5.724533171279871935e-01	-6.002805529944312823e-01	6.298693658754009883e-01	-1.359142902487106563e-01	-4.128546172043588008e-02	6.804894242318727526e-01	1.158090119443574012e-01	-1.017175375731406151e+00
-2.407242785005075381e-01	2.989116583970173879e-01	-5.118399188430271529e-01	-5.384631077042666414e-01	-1.119907504252188657e+00	1.792661950331963627e+00	1.269389222447014909e+00	4.802217663237078882e-01
-3.265635420051888338e-01	-1.070541374064853501e+00	-2.112316941601166675e-01	7.072548847347567280e-01	1.338619832495755890e+00	-4.326759270227784060e-01	-5.519659737434604585e-01	7.949642857226734138e-01
3.547340677352531224e-01	7.042794572050971313e-02	2.709342675205965167e-01	-9.397234651368716607e-01	-1.098110455742179026e+00	1.054255245363965088e+00	7.903060710341468509e-01	-1.517222556680261514e+00
3.105993455331659825e-02	-1.293492897067668457e-01	-5.967971079750860053e-01	-8.215402960516026143e-01	-1.245250851294927186e+00	1.488974266320457929e+00	1.147854989416923210e+00	1.652444067827405494e-01
-3.870007501868356625e-01	-1.006632146681069040e+00	-2.743014925109615865e-01	8.056722317569480207e-01	1.250745198243949030e+00	-3.224378565809938313e-01	-4.707604099268275499e-01	1.016283321866322975e+00
-9.188943791181813925e-02	4.495289070992990188e-02	2.824372541247989477e-03	-1.110554614430039777e+00	-1.040258935810064456e+00	1.307056838642705054e+00	1.145951130097037307e+00	-2.198022173874469298e-01
3.717788372894227922e-01	-7.142034438404470942e-01	5.073819285976176596e-01	1.138945164208714056e+00	9.211933764910102962e-01	-1.107504316219112550e-01	-3.901927263872573964e-02	-1.151019878817233361e-01
-2.149460455624236377e-01	-1.016598432713104350e+00	-1.960977268814898533e-01	2.703188973521885585e-01	1.259852605899364431e+00	-5.562377193534652209e-01	-6.395946569313817331e-01	8.045652179186691955e-01
1.335004655298319909e+00	2.998872719733354786e-01	3.019633639430441829e-01	4.973834439085908499e-01	-1.537870483559290735e-01	-4.884189851650553860e-01	4.574727770402433613e-01	4.332698107604160964e-01
5.282184504678560932e-01	-6.037528163587233543e-01	2.733738449222111039e-02	1.923919000948502767e+00	2.149965558949348821e-01	-4.383208599590932009e-01	7.559606338900496381e-01	2.937459818898912056e-01
-2.511521723342775014e-01	-8.287334624881206313e-01	-1.911434201082382323e-01	4.652461281800576165e-01	1.137273401640337189e+00	-3.407003959005009408e-01	-5.541885551399784449e-01	7.179314992506173887e-01
5.652754353637846618e-01	-8.747874316956114615e-01	4.480294955331596829e-01	8.207229350365707887e-01	1.140000988908951518e+00	-4.737561412218436740e-01	-3.058246396897003061e-01	-1.239676574946890764e-01
-4.262587341252365714e-01	-6.913703335237719738e-01	-4.135188891447529880e-01	5.677934934661067468e-01	9.220307354918828580e-01	-2.475192596518505372e-01	-3.877701813550343823e-01	1.456448575250431698e+00
5.139360926197450441e-01	-2.322077410762819760e-01	8.351242457676115449e-02	-8.174724492348546256e-01	5.369121843410465944e-01	-6.225994829574180711e-01	-7.226065088698101491e-01	5.107316437235467910e-02
5.397865903055820702e-01	5.246929579703691893e-01	-5.862103587619508227e-01	8.275599028568664250e-02	-8.936094404819883152e-01	2.230169787624332045e+00	1.183914600231768810e-01	-1.429523686218939105e+00
5.846621484667307023e-01	-4.779984063891296597e-01	2.341228139083262050e-01	1.695695706843317385e+00	3.059260873014608140e-01	-2.627820970458904504e-01	6.252637875003007606e-01	2.332669703861940391e-01
8.854271124354584632e-01	-4.171041117184790536e-01	4.315655852933146797e-01	1.698371427541991885e+00	2.808192099153338783e-01	-1.783591191580616020e-01	7.628529987893299946e-01	3.977350544083739781e-01
6.186712694028227988e-01	-4.871350686190799029e-01	1.797377273085566662e-01	1.750634049556479832e+00	2.698284469979299049e-01	-3.055590688422354928e-01	6.735080321270398018e-01	3.125577431615588209e-01
4.663010347572867365e-01	-6.116706584418049042e-01	1.778823812832140971e-01	1.792101803376974223e+00	4.925619546835753315e-01	-2.631205941322374842e-01	4.835716523537986200e-01	2.140139618337474348e-01
-1.497931720787558096e-01	-5.045013594665107570e-01	-3.573368765586018014e-01	-4.328636759972950138e-02	8.213642688471047837e-01	-4.748836310955886209e-01	-5.832612527946821057e-01	1.282147599367908342e+00
3.235494505728018222e-01	-7.634673795772575211e-01	6.699778297800994264e-02	2.203345747578362879e+00	4.041940231330211075e-01	-2.671681859318581487e-01	7.767470766333609555e-01	3.015245742342398949e-01
8.106216295540435990e-01	-3.999954566276696655e-01	2.107505276840396236e-01	1.293434055121008175e+00	2.585189416652228789e-01	-4.985028305227813816e-01	4.649509946107336922e-01	2.392622232168531426e-01
1.375086905108446333e-01	2.951869975484437414e-01	-3.240678956365729557e-01	2.806843235705159256e-01	-5.025005006542236918e-01	2.447402315638310011e+00	1.857164854244716667e-01	-1.058613824797641101e+00
3.973242163415650063e-01	-1.456468821788616808e-01	-1.778450169048718110e-01	-8.596529659074749752e-01	4.847441451874183738e-01	-6.887746932396829891e-01	-7.393447954641060305e-01	8.006317774153240974e-01
-1.879652359845813692e-01	-9.611139778109162313e-01	-1.160023262380038833e-01	6.151108776301529302e-01	1.280679958154780085e+00	-4.172346461309725529e-01	-6.042305006678981849e-01	3.597914507544668350e-01
3.469789471963913852e-01	-1.293338756109822796e-01	-3.010506030351569606e-01	-9.043714303560983492e-01	4.924611987619077480e-01	-8.319717640870403219e-01	-7.565447059960692666e-01	1.254968313147504677e+00
5.302476912785630825e-01	-6.457087085970216744e-01	2.465675933905886463e-01	2.038488158699876429e+00	4.504139116993123304e-01	-1.720546577878615535e-01	7.237030702278348659e-01	4.126714475381096925e-01
-3.175413607793989845e-01	-8.168451035236089508e-01	-3.516210107325429268e-01	2.888467196064104514e-01	1.065639177535632198e+00	-4.514744174960027556e-01	-5.406893758231320346e-01	1.341749564656754767e+00
-2.556043380717584745e-01	-1.280679344668722353e+00	-1.434629672241069243e-01	6.196270175278786319e-01	1.437107449573369999e+00	-5.039026535579149702e-01	-5.950270077516864875e-01	5.380156273514452581e-01
3.557804995463221820e-01	-6.545423637433339659e-01	-6.538166532089953464e-02	1.863440275104109256e+00	1.798352479651158520e-01	-5.090790093757839863e-01	6.954152729331419813e-01	9.812484296138376805e-02
3.625365153536712626e-01	-5.236019997862316755e-01	3.568416190652081155e-01	1.766391938721802335e+00	6.142181809212196031e-01	1.032027564954879628e-01	4.565130505021461893e-01	3.034536192287538015e-01
-1.706079077336973282e-01	-7.820340430414650656e-01	-1.349116067263060603e-01	5.470530142223027914e-01	1.103841116137202816e+00	-2.764477724138984516e-01	-5.636547784789783799e-01	3.355858007289378997e-01
1.976606282374511192e-01	-1.069255856018459960e+00	-1.448236268728079201e-01	1.852938398677419052e+00	6.081514516188006869e-01	-7.497952886031542530e-01	4.024364766636474577e-01	4.261892679083543189e-01
5.362784986690090072e-01	-3.116317883204036687e-01	-1.209702948541010459e-01	-1.092283078005569674e+00	5.999438336061246879e-01	-8.664936293421787727e-01	-8.262927302697178344e-01	8.908399387592798035e-01
2.498722875609101224e-01	-7.200055160402586418e-01	2.787130928120356566e-01	2.150442033889716331e+00	6.637813566213461858e-01	7.698616096207382131e-02	5.988458531393034967e-01	3.333814034543634008e-01
-5.372472999583411957e-01	-9.964274698809578723e-01	-3.618561068825519311e-01	9.685854506016687848e-01	1.183336554434431642e+00	-2.515478689964224523e-01	-3.721196889205453107e-01	1.270733866882059360e+00
-2.571931948541372748e-01	-1.002163799475312977e+00	-1.352412652684595040e-01	7.198696221926370598e-01	1.300650075023292551e+00	-3.906233851008017455e-01	-5.614878987260754073e-01	4.570213636589159911e-01
5.058461369026524546e-01	-5.479047270634547218e-01	2.471637147094389864e-01	1.801121293265562695e+00	4.575401133089451733e-01	-1.352591425340420039e-01	5.739291012647357304e-01	3.582795601190992274e-01
5.070756039508577118e-01	-2.178888767917283031e-01	3.450930516035684015e-01	-6.861554532809808205e-01	4.915892645351181978e-01	-4.931362678320579396e-01	-5.909575702272461539e-01	-3.552129660096125519e-01
-3.638483158283823959e-01	-8.789639173782012316e-01	-3.303803915899304888e-01	6.256321499911782213e-01	1.130461792761433770e+00	-3.451378126554357495e-01	-4.969423433414887348e-01	1.077540188210843519e+00
1.440874130347068682e+00	2.546187136338852464e-02	4.233911383410535745e-01	9.619432746306189053e-02	-4.167367713568390780e-02	-6.412862149924999366e-01	1.986092018046473617e-01	1.146522000679396081e-01
-3.061396919979490483e-01	-6.923884850673452940e-01	-2.559745574635705068e-01	2.904838201342418436e-01	9.908174817755541763e-01	-2.841037899740300743e-01	-4.995817074479794173e-01	1.066472939046242630e+00
4.716717748504226648e-01	-9.303871348866686875e-01	1.976059913864321449e-01	1.840667104029333423e+00	6.985522060577421533e-01	-4.465508926328920491e-01	3.778863817849154039e-01	2.807513957751059386e-02
1.617412185149208481e+00	5.587697534130253718e-01	1.770847726338556638e-01	-6.079655980571114365e-02	-1.674183210799671473e+00	1.070693758259058104e+00	1.737964369448307789e+00	-1.221907062510699138e+00
6.386383694989360427e-01	-5.550012863132789409e-01	3.095398180930663545e-01	2.031185363274034650e+00	3.561547672358146843e-01	-1.275024646520462324e-01	8.412029530041534864e-01	4.730686610722646401e-01
3.888502767202318133e-01	-5.236505335975321085e-01	3.924724246180099629e-01	1.626007627451493853e+00	5.712982898197167536e-01	2.116016507545896430e-01	4.216018790692052098e-01	1.548874327360696690e-01
5.009252728484688832e-01	-6.031393116116248176e-01	2.331445432143968433e-01	1.956096316178125516e+00	4.322996998645056710e-01	-1.651854359420789620e-01	6.741238653150186666e-01	3.380683150316031171e-01
2.861760432815038113e-01	-6.101258763742692937e-01	4.122462795846153494e-01	-6.032140277011606155e-01	-3.777247326122324389e-01	7.287738909950255417e-01	2.445680827655884737e-01	-1.209827716892752703e+00
1.286861690455888496e+00	3.232139538940052570e-01	4.747232789131550224e-01	3.731714623283625132e-01	1.851827788931351138e-02	-2.405783108770564727e-01	2.905582305049144720e-01	4.504315203398122081e-01
8.470741126016311240e-01	-1.369506107414062146e-01	3.782596834524924456e-01	-1.459577388983897828e-01	5.792024929035298475e-02	-5.482581992808891469e-01	-6.195097731574995131e-02	-3.529840088439495926e-01
-3.199959824108986606e-01	-8.661001404688428718e-01	-3.064066432292240072e-01	3.996540404083204212e-01	1.127273275467892022e+00	-4.230175891551539169e-01	-5.426542686869025856e-01	1.165156307462059893e+00
3.274530632328051527e-01	-8.336704068515727872e-01	5.227693745346760623e-02	2.020105528032055897e+00	4.232858126605282267e-01	-4.657254374276922348e-01	6.364192118415754607e-01	4.168611459231361116e-02
4.318737719551145327e-02	5.119241361485565855e-01	-5.086941554562820489e-01	4.121295410563373673e-01	-6.527504260728312913e-01	2.225942034685223447e+00	2.899266290875581742e-01	-9.442848387249456188e-01
1.407836772410228365e-01	-5.702871596563554579e-01	2.649697027785040682e-01	1.713759211358321100e+00	6.293241527492515752e-01	1.528567006003369588e-01	3.424022939460754089e-01	9.845101730188327016e-02
-4.492584176304584287e-01	-8.314771538519558636e-01	-3.556188213458101322e-01	6.515526638170870966e-01	1.095236673428860330e+00	-2.664009193406055576e-01	-4.350262072005852132e-01	1.328124472540820111e+00
-2.831482866012959843e-01	-7.045726944977587225e-01	-3.491987624195351803e-01	2.263269483943769755e-01	9.352564837969050693e-01	-3.702486688642268042e-01	-5.145142758044591869e-01	1.252393908629873653e+00
-3.034223083414946398e-01	-9.699848861466213723e-01	-2.607891891086018266e-01	4.905987795090623327e-01	1.230805132905909982e+00	-4.710592921801748933e-01	-5.694046100267771138e-01	9.592202368349250774e-01
5.706764544737222833e-01	-7.212038309919723833e-01	4.916937267926758115e-01	1.755081353288913126e+00	8.866680449503394623e-01	-6.709100870727649490e-02	3.078078275269335862e-01	3.516604091490834749e-01
-4.781457271759856353e-02	8.470697421562813079e-02	-3.065870847803420229e-01	-1.145782676913828846e+00	-1.083286707456320608e+00	1.218748794403424762e+00	1.130800610286296415e+00	5.488025557349572869e-01
-2.623669445758305963e-01	-8.126881039270315021e-01	-2.769949859452091045e-01	2.575987332944915109e-01	1.090544267694646408e+00	-4.680663126335286028e-01	-5.591937698220680319e-01	1.127742182777221824e+00
7.358341896275003569e-01	-5.634838548225507004e-01	3.271452559673649341e-01	1.773934167609511503e+00	4.179932212783394885e-01	-2.173288631346484145e-01	6.383149331460225007e-01	3.565993100569981866e-01
7.847866330093817844e-01	-4.519193571572390766e-01	2.214508555707732085e-01	1.772566205752400093e+00	1.939886900007972148e-01	-3.280130007354786215e-01	7.981267512102160344e-01	4.849637007464334681e-01
9.103637691242707497e-01	-3.557025952652851375e-01	4.620458947516420389e-01	1.700550867557064194e+00	3.363751834429826726e-01	-8.801105820272205060e-02	7.420252670357265767e-01	5.669068624084507846e-01
-1.669181112415706325e-01	-1.016233653995333608e+00	-5.840348956243206213e-02	7.316466573749871305e-01	1.330948848427407016e+00	-3.959749256017648378e-01	-5.919825460249734661e-01	1.476626072625090158e-01
2.531267525080647118e-01	8.092973506441272225e-01	-2.072168579091482332e-01	-1.002554920477733758e+00	-1.379289870414521335e+00	9.030557056608230493e-01	9.484982575261028392e-01	-8.398496096221779172e-01
8.186119768435048405e-01	-7.979815580666049790e-01	7.413521225386800195e-02	1.518917416004837762e+00	3.356022903924979484e-01	-9.418637869005166419e-01	4.728146460141090524e-01	-4.853096197822420049e-02
4.032680831274027544e-01	-5.925877678415530925e-01	9.705055312539556667e-02	1.859401532357896514e+00	3.275306863786017209e-01	-2.814918150668326291e-01	6.327681585267815878e-01	1.778396007910436338e-01
-3.711087133722937859e-01	-7.818161809145538488e-01	-2.325508263054210101e-01	8.269440394351665891e-01	1.017376552091337372e+00	-1.856067058431174754e-01	-3.913800099175970826e-01	7.166759207791258968e-01
-1.853155251603154918e-01	-6.551395455890592912e-01	-3.310327801142238791e-01	-3.438436661277798068e-02	9.267834665499636859e-01	-4.651724413790410129e-01	-5.834825442050434186e-01	1.318903278596666340e+00
-2.809068515176584291e-01	1.179606509866956282e-01	-1.289005135252708212e-01	5.957723879683006762e-01	-1.847455865596459024e-01	2.696247559401414140e+00	4.509518573109109751e-01	-4.233327395627309864e-01
2.339691999295752112e-01	-7.295453968226550678e-01	3.849359130274025986e-01	-2.930019837808959804e-01	-1.229195382342210957e-01	5.971933861470860583e-01	4.884106435373901378e-02	-1.090158737963618396e+00
3.548441696610591944e-01	-8.328177517069270674e-01	-3.339749444664919659e-02	2.324084310832104538e+00	3.147263122288431192e-01	-4.223395604741269072e-01	8.925275416858936550e-01	4.002320034525723713e-01
3.406116589740238454e-01	-6.950036646711175159e-01	1.777726116378076648e-01	1.954891471516531309e+00	4.737867360829082219e-01	-6.756946128802496232e-02	6.226794890413172023e-01	2.569131781853469243e-01
6.973444189953561523e-01	-5.113538353013842297e-01	5.310252619728842438e-01	1.716269943800170505e+00	6.362541228029634510e-01	4.599320366827653467e-02	5.189524159328890995e-01	4.252421441157930859e-01
-2.952907149995652181e-01	-7.941964318277432433e-01	-2.633821587345790971e-01	5.676386370508937906e-01	1.065686105306107745e+00	-3.016576227712037261e-01	-5.057165707927273601e-01	8.513547320501613225e-01
3.951751854765983007e-01	-1.646607235766534283e-01	-2.288588535512636746e-01	-9.877572397758699330e-01	5.534139172438926613e-01	-8.428923932618413994e-01	-8.028512319500771266e-01	1.127104061613381614e+00
5.541953954586923414e-01	-2.495428493876249987e-01	2.761341874135812002e-01	-6.449217783401287596e-01	4.345119084269978282e-01	-5.791685238183102991e-01	-5.588008334768758134e-01	-3.631569874736100267e-01
-1.303691213951431449e-01	-6.369142919115465817e-01	-2.096533140577613308e-01	4.845774627223128211e-02	9.505504082600606530e-01	-4.215030942900976907e-01	-6.041883280882393015e-01	8.283638084110822586e-01
4.473604099738371365e-01	-5.390046811510691427e-01	2.171371092396365277e-01	1.781751488369954117e+00	4.217280758161257026e-01	-1.411969262465033459e-01	5.677525330523613967e-01	2.611324005124841530e-01
5.103346715427681257e-01	-5.840726357424864679e-01	3.247958211256093408e-01	1.885719224953141593e+00	4.804668182636726570e-01	-1.289656023620903147e-01	6.056319165901160595e-01	1.895341448188598843e-01
-2.809853508915459153e-01	-2.354733015357461656e-01	-3.908528175314924247e-01	-3.237131918194245950e-01	-7.586895993883731037e-01	2.075358811826953698e+00	1.076533911675821686e+00	4.217119821363504162e-01
5.823973518218646950e-01	-8.798450905024859381e-01	1.437369725648094954e-01	1.548490700641778739e+00	6.141187633762585918e-01	-6.966403008249933970e-01	2.780300656358809519e-01	-3.138911749775480375e-02
8.292230101614885829e-01	-8.190489520048415129e-01	7.170830856465713887e-02	1.163774504418564337e+00	7.157846127819772475e-01	-8.628845371491810079e-01	1.242373914750184993e-01	9.498125948511522143e-01
-2.775897973619161907e-01	1.204878961394401232e-01	-3.571396933950733987e-01	-4.562703619541974565e-01	-7.418038586035996529e-01	1.563218774301173841e+00	9.634006573337439150e-01	6.618280169978230099e-01
5.820779455502613775e-01	-6.504161838704508591e-01	2.226974487309208162e-01	2.004146069343970549e+00	3.803623584013092196e-01	-1.792744246427389054e-01	7.559219360082218842e-01	3.564889511731527127e-01
3.939240514437276630e-01	-5.879194328518938528e-01	1.256901836741752820e-01	1.734509194541005828e+00	3.948102769289453251e-01	-2.749384600961096159e-01	5.193411315259451877e-01	1.413367789923866968e-01
-3.192322978823198820e-01	-8.797256149017523841e-01	-2.296993052960167037e-01	6.623024867056247489e-01	1.170609099516059404e+00	-3.214507161977530614e-01	-5.127975821064697515e-01	8.016718799703002052e-01
-3.152122368164669286e-01	-1.145992793786235309e+00	-1.952958687800483706e-01	7.850744890052188119e-01	1.356912302744522680e+00	-3.965068371674257963e-01	-5.433521286922732285e-01	6.228240776871593054e-01
2.906018704598818392e-01	-8.923237499317943078e-01	5.166611080321630300e-01	-4.746128437462094896e-01	-8.780785037666595516e-02	4.415326740013650886e-01	3.853431380178889976e-02	-1.144174097354192288e+00
1.103678699080276604e-02	-2.260361025105155908e-01	-5.879529331909655321e-01	-6.403139317753736570e-01	-1.157328827192108944e+00	1.891099102064600412e+00	1.111145205836230776e+00	1.441097704161944937e-02
1.475715504875890982e+00	3.459243320344386197e-01	5.748631224554446861e-01	-2.262125166679369304e-01	-1.098672808055373373e+00	1.318703408107788411e+00	1.235106244466192660e+00	-1.099345429764846394e+00
3.657452406987849458e-01	-1.510133988981054443e-01	-2.497074478608850567e-01	-8.727523224276469982e-01	4.938344006157303623e-01	-7.698036676361249553e-01	-7.492339801700913515e-01	1.039054459261669505e+00
7.793697270782500297e-01	-3.721448840596183749e-01	4.620459989907862441e-01	1.708580248836454984e+00	4.510284947206724127e-01	3.014917708908478738e-02	6.126499984672981736e-01	4.930506269499996264e-01
-1.760788847594055850e-01	-8.218987039986134224e-01	-1.987610297715981522e-01	3.905429760290780039e-01	1.173073513180333372e+00	-4.198661541421784271e-01	-6.399469858017721169e-01	6.541606621085156448e-01
1.351857197130135191e+00	2.599041441612104375e-01	2.651763677098967764e-01	5.223728041272593936e-01	-1.913511447590250658e-01	-5.689935450058575261e-01	5.139962837085989555e-01	4.550345120684704536e-01
6.692032025932591610e-01	5.345810374460666647e-01	-5.418316499323628799e-01	-1.163720878830835359e-01	-8.362153680174181369e-01	2.094530505975662926e+00	-7.705468671140780490e-02	-1.509871981908195160e+00
6.815382447958804324e-01	-4.757653829797309220e-01	3.541705988648565784e-01	1.703594765174696102e+00	4.399614373052413985e-01	-1.699978358170037562e-01	5.851354820656435862e-01	3.761459554612176515e-01
5.781231566078968154e-01	-5.182518288608036761e-01	3.117274923763545535e-01	1.667636301021963474e+00	4.983133007903628453e-01	-1.756057820044648610e-01	4.926771834025007180e-01	3.044175802833497535e-01
3.902499179100000770e-01	-7.004261203200194963e-01	8.747230956656110168e-02	2.032594029159402460e+00	3.880125614230077180e-01	-3.010863086396065591e-01	6.838778875341046115e-01	2.072771241031258205e-01
5.838238668756855487e-01	-5.962908890172805565e-01	3.516826389040086931e-01	2.005820216578290349e+00	4.870648774181045582e-01	-6.077153588380541233e-02	7.142753017782575986e-01	4.059384107802926911e-01
-5.217935037526517418e-03	-8.748892637834383423e-01	4.267785361986999038e-02	2.252679249298270125e+00	5.783727648731742388e-01	-1.236730513170298251e-01	6.197445915153898532e-01	1.029015574322143523e-01
1.523426838968330588e-01	-8.420710209724502349e-01	-1.470110192108294543e-02	2.203879025988175311e+00	4.244188271297074655e-01	-3.064559406213485659e-01	7.043973070589807373e-01	1.215872138169261513e-01
6.771495851263802379e-01	-4.838603671534518202e-01	4.098774288817458866e-01	1.846734755417340557e+00	4.767107626621567285e-01	-3.357374564370321779e-02	6.632664831769317093e-01	4.718892866005621189e-01
2.713693295316265131e-01	-5.622929729018556477e-01	3.288311574860312836e-02	1.582137418363137149e+00	2.976163358323813957e-01	-2.536445807315370060e-01	4.682198868238161560e-01	-1.527589887883599312e-03
4.651453835571822681e-01	2.487181614744939095e-02	-4.101265788844728477e-01	-3.975497863723332498e-02	-6.538597561382042400e-01	2.284699054513174232e+00	7.012952228739960381e-02	-1.284130691960480686e+00
-1.388019936563545942e-01	-9.126005439774688144e-01	-2.677847009416223917e-02	7.389562694450536595e-01	1.141687217074306870e+00	-3.353099765862607717e-01	-4.955107006314962148e-01	-8.475380666693041465e-02
-2.595239058687127676e-01	-9.070399606270241888e-01	-2.686441842818749204e-01	4.681788779577338855e-01	1.077180589454491466e+00	-3.323267810519892618e-01	-5.259544143297443242e-01	7.966269168537730705e-01
7.134069283928060612e-01	-7.546251274244880625e-01	3.139785693883581641e-01	1.316070339396401279e+00	7.990560094783324407e-01	-5.157420819411147050e-01	8.699877806246643364e-02	2.859003953881026905e-01
7.892119117271740869e-01	-6.008204917654469401e-01	3.672828895434026575e-01	1.843322135761815916e+00	3.872971826746526847e-01	-2.977954399957838394e-01	7.025549632526764121e-01	2.345801471030253826e-01
4.297510574997033261e-01	-6.228742942416044537e-01	2.787949898209150512e-01	2.029308273089973635e+00	5.122896463810235890e-01	-5.800949872439754157e-02	6.665703725500007337e-01	3.550387251181588155e-01
-3.843271394995342316e-01	-1.294657227931179433e+00	-1.043429873734704888e-01	1.308238347997584095e+00	1.520099208723055373e+00	-2.975069780130241148e-01	-4.526226483774171694e-01	2.791763666578579439e-01
1.515787172903373670e-01	4.565015794513617442e-02	-7.474000481689518915e-01	3.374231232976807604e-01	-1.063897302500648179e+00	2.329432926380582636e+00	6.951926004510978752e-01	-9.802554061837599475e-01
1.771248198625714754e-01	-3.393177095614995347e-03	-2.540149869408669936e-01	-5.322231591073383061e-01	3.402460283211869996e-01	-4.632341373452379396e-01	-5.532494675636616677e-01	8.601225106856494884e-01
2.897996838751455972e-01	-7.061484295858561078e-01	1.831650579275537205e-01	2.008825133644247085e+00	5.515262978936920080e-01	-1.469356647964609741e-01	5.762156292939834001e-01	2.311857649359909672e-01
1.435986283942288333e+00	2.992598518897986448e-01	3.515188987417883215e-01	5.224165426292440850e-01	-1.633169261018136420e-01	-5.006038414028803896e-01	5.269210026608621700e-01	5.192277868026757837e-01
-1.182065880764373265e-03	-5.505952880912318159e-01	2.029529522064295322e-01	2.285681644858403028e-01	8.924513759604820740e-01	-1.661474933011113375e-01	-4.860778221092383888e-01	-2.588975830548978507e-01
6.608803679661272579e-01	-5.819868898041536953e-01	2.977918777011273610e-01	1.891085537531264293e+00	4.500197364048574844e-01	-2.000843147627782703e-01	6.472977401134200059e-01	3.508544273636605704e-01
9.355227126391749692e-01	-2.272693062106882211e-01	4.061492579253551671e-01	-5.647964007756666183e-01	3.101131849475091684e-01	-7.088043587597853135e-01	-3.899900480800872482e-01	-3.235629237574214612e-01
1.453468135283146334e-01	-6.976121596538230607e-01	4.642027181978908290e-01	-4.049829925390072138e-01	-2.949208001009986924e-01	5.706888374873123615e-01	2.917720616643587617e-01	-1.222860558464732961e+00
1.135960633056416258e+00	4.492578093078647972e-01	6.508083118390345367e-01	6.310004248354594836e-01	-1.931401446927442089e-01	2.706535227952822531e+00	5.672511446243870825e-01	-5.374642907755013965e-01
9.344122004896449063e-01	-6.872524730649769431e-01	4.900001247301901119e-01	1.654049301198432298e+00	6.496614984674312643e-01	-3.736362676954198547e-01	4.635548497313633498e-01	2.900813561610607327e-01
1.494686585504673815e+00	3.348506659247573736e-01	4.031052974753976392e-01	5.379337800632917332e-01	-1.345150742906709718e-01	-4.433559545263564550e-01	5.118509407518019305e-01	5.532430444573315231e-01
3.613471250579184946e-01	-1.473902963358217355e-01	-1.447027365705807200e-01	-7.494248623061076087e-01	4.558610902452028268e-01	-6.023237943301347208e-01	-6.886532906741592575e-01	5.952961416835764741e-01
9.061973020707254634e-01	5.196495383800966428e-01	1.589581323246074263e-01	-8.919400538564326020e-01	-9.026537222990983489e-01	1.311755931666949815e+00	8.554075548784476624e-01	-1.289149190253825461e-01
-3.453836113435795330e-01	-9.335992280596409065e-01	-3.682694676391182198e-01	4.588334612558601644e-01	1.157248351515671736e+00	-4.838525145923467385e-01	-5.389531836307156487e-01	1.276894434255607003e+00
-8.686081975911810749e-02	-8.947874937312890742e-01	1.829295888107297652e-01	7.212322062241325327e-01	1.160949172643895855e+00	-2.306208666744378466e-01	-4.743522226939116404e-01	-3.426364222174064778e-01
8.433899798204183007e-01	-3.494718561187099004e-01	2.021602065242782131e-01	1.566785914667707447e+00	7.222661247325994072e-02	-4.227120415547997445e-01	7.864481047999650754e-01	4.085432814479149632e-01
1.342512593823170564e+00	2.578309998361116295e-01	2.731028576448354395e-01	5.189794873440233269e-01	-1.894940631223484273e-01	-5.646349848754659284e-01	5.125601051577084455e-01	4.370202160718370532e-01
-2.643233560500276580e-01	-7.346857823686478994e-01	-1.977211364597521170e-01	5.142419234313999610e-01	1.036813952164229446e+00	-2.945986766738511453e-01	-5.074112959221236396e-01	7.041404245038935805e-01
-3.409794382722465267e-01	-9.245647296512423674e-01	-3.077092809865194512e-01	5.375110425466180786e-01	1.170940843273844179e+00	-4.087570530863366969e-01	-5.293538867812850324e-01	1.099101223658031978e+00
1.272676457182588372e+00	2.529391518936627836e-01	3.297552189961902025e-01	3.034812724912657744e-01	-1.037371926829231822e-01	-5.490110817494946449e-01	3.568466834746360505e-01	3.713208392441308403e-01
7.086096074592644900e-01	-5.075175211008126075e-01	2.384735685137764072e-01	1.814859914311225619e+00	2.824943725221937263e-01	-1.984769331557781069e-01	7.463708997134842482e-01	4.541846863769086751e-01
-3.606821885385085302e-01	-7.837585569724494494e-01	-3.832719956283599516e-01	4.240358008702955761e-01	1.025676074855938147e+00	-3.581664069111199500e-01	-4.916880623159510244e-01	1.374779230009711473e+00
6.712723914157662231e-01	-6.099368315518932659e-01	2.410085950430802537e-01	1.717582835431996413e+00	4.684094864755918852e-01	-2.434907403353371858e-01	5.542145692788170708e-01	5.033831349556938672e-01
7.995548181309025670e-01	-4.854526211614418885e-01	4.357363805495815257e-01	1.908669651004493817e+00	4.277939550073137642e-01	-7.140568190926220582e-02	7.510369467781466968e-01	5.193631241586467162e-01
1.836418864431314191e+00	5.627478572501348753e-01	6.097287785250546932e-01	-3.434273606371564536e-01	-1.236670909943187180e+00	7.635254657600312189e-01	1.416107416831348775e+00	-8.067967867105180213e-01
-3.795412611480028509e-01	-1.038014787798838601e+00	-2.975997888310374928e-01	6.405428856081759603e-01	1.273421191706587186e+00	-4.385199941296126225e-01	-5.297099284862729629e-01	1.091850556383513915e+00
1.128438520864335493e+00	-2.457969317526654540e-01	4.692453039923950020e-01	-5.013484070446682095e-01	3.507527877192135324e-01	-6.648389840263178030e-01	-3.460390356503483811e-01	-1.780197927651865075e-01
1.223014718004158813e-01	-7.043732621617971867e-01	1.394477597682863834e-01	8.247628525048638082e-01	4.039529946658041437e-01	-1.781706185176360757e-01	1.556414084821175492e-02	-4.416693534339204419e-01
6.084344496813597764e-02	-8.666947609221946625e-01	2.108627606937339694e-01	2.266264128995798988e+00	7.493684168561365322e-01	1.017696340364152158e-01	5.712549957877733897e-01	2.586391585556804262e-01
3.792145365591781392e-01	-1.601750405630652796e-01	-2.272221389718167561e-01	-8.879995222388823439e-01	4.992024991783010623e-01	-7.815149471911490009e-01	-7.512846502748063982e-01	9.591531115772583549e-01
2.762959174039029131e-01	-6.733638056340979228e-02	-2.214476025138371051e-01	-6.831511628150555016e-01	4.303731419725109753e-01	-5.810353222054536193e-01	-6.559653408355616833e-01	8.627960374809550137e-01
2.220791952175963091e-01	-9.337401021467824913e-01	3.226341576796780131e-01	6.877579883611550926e-02	1.213632473565333658e+00	-5.791483949751806692e-01	-6.462997211105936390e-01	-4.311100610078297812e-01
1.151792383437326567e-01	-5.633320745475733915e-01	9.179324219233500615e-02	6.484170309660710618e-01	3.100076884358633489e-01	-3.086766430402207995e-01	-1.871774309832218916e-02	-4.211156701967809779e-01
-2.667437530164139536e-01	-1.274038554674299828e+00	-1.738400178211828295e-01	3.167018839948995690e-01	1.487081817999613031e+00	-7.385428680061560947e-01	-6.654781828116790310e-01	9.060521626574814524e-01
8.463965528050690912e-01	-1.813099183598703701e-01	4.576093584030457850e-01	-6.363801338665326934e-01	4.218891093374815826e-01	-5.904669801448709787e-01	-4.783446516142522142e-01	-3.096903910314094399e-01
5.909252620816607404e-01	-4.121526781245014037e-01	2.859038616950143608e-01	1.634706948032978557e+00	3.732031162569791061e-01	-1.298991131275722410e-01	5.639783868328305250e-01	3.608512613115684164e-01
4.014025377492396185e-01	-1.344820156548634515e-01	-4.447997851521417328e-02	-6.794180026754610413e-01	4.061240159478149980e-01	-5.124553733607951633e-01	-6.286331746183004832e-01	2.124271945401605133e-01
-3.680323851723851236e-01	-7.263406589451936179e-01	-3.673895536775135806e-01	6.516161738358934308e-01	9.783272015216513129e-01	-2.388731382286596594e-01	-4.393302215985516179e-01	1.130574040093181853e+00
1.269558946254481513e-03	-1.039604687296848518e+00	5.937753046511498600e-02	2.131887366184004595e-01	1.333728452337905823e+00	-6.107825462260983995e-01	-7.068115198149432787e-01	-1.942983783892163327e-03
4.479627736302208563e-01	-5.553943471990970826e-01	3.100667437670348581e-01	1.901192842202409139e+00	5.476881982240503488e-01	1.664746929600577352e-02	5.629449922213672908e-01	3.616085199465056133e-01
-3.568247774100563596e-01	-1.179003849074554466e+00	1.059416878645122462e-02	1.716936199138798136e+00	1.253226467767110996e+00	-1.348231068785999964e-01	-1.958218204002590557e-01	-3.284917942711819694e-01
8.278918835484067040e-02	-1.081489244362425106e+00	1.677106422055494872e-01	4.322760307562956150e-01	1.387158080819452799e+00	-5.436281409018915989e-01	-6.896209152451237001e-01	-3.037500055547802114e-01
8.991080107500434293e-01	1.633126421255744198e-02	-1.321224767550169821e-01	3.782428324102931061e-01	-3.610570919971239356e-01	-9.983443892493706340e-01	4.175544093603538731e-01	5.311698796383473864e-02
-3.624741679841986808e-01	-7.763782658687589100e-01	-2.951446286898508076e-01	7.687049899658529029e-01	1.057029492551554872e+00	-2.033966773498630809e-01	-4.455026976484534607e-01	9.159603986737128167e-01
6.908478887500955068e-01	-6.515642811760882225e-01	1.726040983634746784e-01	2.059737635871085715e+00	2.571261500670105615e-01	-3.547632426729315225e-01	8.727885120843205113e-01	3.430528114313967647e-01
7.291494208500683971e-01	-4.712544145330569978e-01	7.498299315869733084e-01	-2.311168901629193917e-01	9.129546682200988528e-01	-2.774962262460254903e-01	-4.981197076363443887e-01	-2.959001638716609595e-01
-3.532831379304126052e-01	-1.054725419546116205e+00	-3.100200580031075015e-01	2.420663267193563228e-01	1.241031647787499415e+00	-6.389561291869024773e-01	-5.674482048014183322e-01	1.412417577263222146e+00
1.399746171493172486e+00	3.471390956441301467e-01	4.254971014880736813e-01	4.870079843753052917e-01	-6.396464715493707653e-02	-3.531539810642037036e-01	4.306502247303551356e-01	6.049200266927848846e-01
4.283844032283295328e-02	-9.685572494344071304e-01	-8.458241165457258681e-02	2.403083512492605323e+00	3.781302654942812480e-01	-3.918421268961085890e-01	8.545307875406495945e-01	1.333529407258833566e-01
1.270274913590482835e-01	-7.211560139552019022e-01	5.644261621098634052e-01	-1.932240072422835298e-01	-1.531403819239519626e-01	3.537413147704371874e-01	2.019689920889228552e-01	-1.293474260120713648e+00
-2.688716713943394288e-01	-8.660449173385930122e-01	-2.479694694771216457e-01	2.363368782150450931e-01	1.152317279841615250e+00	-4.976232613610057087e-01	-5.939598251506679194e-01	1.052021522238886675e+00
-2.721798964529180687e-01	-8.626089175620491600e-01	-3.128251243009857463e-01	2.911378467110892765e-01	1.107793001489910889e+00	-4.237137108946525954e-01	-5.658270616361827932e-01	1.197452595644926010e+00
1.482499524162688154e-01	-7.632724605386970174e-01	2.205468728265869427e-01	2.075478288466274357e+00	6.503975801926128453e-01	8.612143078418839359e-02	5.429353796684619482e-01	1.990703339711254183e-01
-4.430892942339228341e-02	-5.953112150331272279e-01	-1.980410757907548613e-01	-9.599873652654654366e-02	9.650249501160408361e-01	-5.011975852970546041e-01	-6.679088891272159101e-01	8.977108135524810573e-01
3.382458545699184582e-01	-8.655117164098704574e-01	3.915320812283861751e-01	1.883200017030803863e-01	1.225650383324368820e+00	-4.231242263207712906e-01	-6.312638955388720774e-01	-3.945416442679912095e-01
4.523100920916779399e-01	5.176868674989170138e-01	-6.057785922714835625e-01	6.967724443994888217e-02	-9.792755112601293499e-01	2.437679930926584859e+00	3.119483651971474147e-01	-1.329795852202778184e+00
-1.401461765502299943e-02	-8.866286719888746282e-01	2.379428603622162630e-01	5.699846693016829002e-01	1.132840189755583538e+00	-2.463535279462331640e-01	-4.957715106153585127e-01	-4.286292875514984280e-01
6.934080682692622677e-02	7.178437086475121520e-02	-3.955805097458449660e-01	-1.043901982406410633e+00	-1.138666641506501431e+00	1.223163718443137205e+00	1.046582120286305928e+00	2.458840163552770963e-01
-4.754118501137468322e-04	-9.364394417153990569e-01	-2.707034882764915162e-02	9.997685602799422089e-02	1.228258752174786972e+00	-6.331075736358787731e-01	-7.093001178900060211e-01	1.652208658206075209e-01
6.269733320025907553e-01	4.798350264582370017e-01	-6.560761744482807023e-01	4.405045060031909793e-02	-9.868074312745798160e-01	2.219382474741784517e+00	1.181256531527852399e-01	-1.552621526703090282e+00
6.062844404853948710e-01	-5.840102189794974530e-01	4.192874901792328357e-01	1.550855195027182276e+00	6.722112343343609187e-01	-1.985057087176877177e-01	3.508712434297127647e-01	2.353944210386307856e-01
-2.525027371469786841e-01	-7.992670307677887109e-01	-2.319117241678792241e-01	5.351436135170070107e-01	1.114399488751957934e+00	-3.452431686617612461e-01	-5.434410497095472081e-01	7.836584628729842406e-01
5.342735397210822690e-01	-8.162570703276027517e-01	2.685578303705788983e-01	1.855941295867461482e+00	6.768591934866613480e-01	-3.714431304514486665e-01	4.343424907610082264e-01	1.637988687678666178e-01
-4.055731834907651615e-03	-1.062017515560181695e-02	-1.864325088235139760e-01	-1.019023701491049261e+00	-8.575467059295950323e-01	1.253086984610318755e+00	9.732539877117418747e-01	5.434804151733392263e-01
-2.790044643485567466e-01	-1.113084302221118538e+00	-2.182126016546152847e-01	5.128884916004929906e-01	1.349330661469927639e+00	-5.120601514469015347e-01	-6.126938319215581297e-01	8.189491943145013053e-01
5.540883205034813352e-01	-2.412961845044802878e-01	2.933583693348473798e-01	-1.137167274411470808e-01	-3.220345352386277255e-02	-5.097450256782624090e-01	-4.682048272464659627e-02	-6.301956294029039674e-01
1.236857067265562105e+00	2.311064807725485282e-01	2.205196720451653991e-01	4.540478854550961674e-01	-1.655340110302342405e-01	-5.266170945146757543e-01	4.224535941687999063e-01	3.815076622121011396e-01
7.949524376599371722e-01	-3.866486460218437338e-01	6.289275595301940802e-01	-1.161297728232550813e-01	-1.139282335467309802e-02	-5.245671223925429949e-01	1.097025857471921606e-01	-7.555665251334561239e-01
1.196986515215171964e+00	3.387511079871327047e-01	3.684942840489658922e-01	-1.270631174635452054e-01	-1.375722397255634277e+00	8.239101538508503131e-01	1.407022290235563577e+00	-1.469183794972003687e+00
8.647697509924427983e-01	-9.044684960925526429e-01	3.007222764014649274e-01	1.759031817334440362e+00	6.644488092825004966e-01	-6.764927836531514638e-01	4.247361277220555453e-01	1.433538943537978616e-01
4.101456456779788429e-01	-5.628291745931738310e-01	3.190719381112578357e-01	1.890998482441088369e+00	5.533195491508426933e-01	1.371412293730427806e-02	5.672223903526523170e-01	3.384262129006764264e-01
9.778881890751243144e-01	-5.741564657534948823e-01	6.393206737206306167e-01	1.496501292488485513e+00	7.018118895570993887e-01	-2.328112768964875623e-01	3.906792367223348994e-01	2.944898806117403067e-01
-3.392391877035540459e-01	1.629880820996899848e-02	5.187600166559850484e-02	-1.025614587739873018e+00	-7.155375350415800195e-01	1.690859361274220651e+00	1.187376989833712315e+00	8.288796405664637934e-01
4.466586223932181854e-01	-6.170507484030615108e-01	1.351962807714594816e-01	1.929134292866412359e+00	3.566668535028496012e-01	-2.747431548403893031e-01	6.766313316810851353e-01	2.478549960704545252e-01
2.689629038337828515e-01	-8.149170867993505984e-01	1.433300786053356701e-01	2.210513393040441699e+00	5.011499081644057441e-01	-2.058039366160344941e-01	7.205503228575667052e-01	1.965268811946078720e-01
4.099015021587389396e-01	-5.488405513266718661e-01	2.861054446544520902e-01	5.352098743879165621e-01	5.167748799374387580e-01	-4.069369406850118498e-01	-1.111615191137640263e-01	-3.059225794015535960e-01
1.892461898580568569e-01	2.040345841053634035e-01	-4.858831791092204089e-01	-1.788620543588728684e-01	-1.001675442336527944e+00	2.695228472939036113e+00	7.376917027407724481e-01	-7.876477155615105863e-01
2.406708242337936010e-01	5.334055009801341729e-01	-5.351228043415331426e-01	-8.500215234274414167e-01	-1.269355467995088915e+00	1.671071500793914755e+00	8.852748512355611554e-01	-2.526107195696174479e-01
4.678352184781690015e-01	-6.826884107868754770e-01	3.347923091883552305e-01	2.128997854390347833e+00	5.862620210563200818e-01	-3.473915505527451486e-02	7.039871443181856536e-01	4.391884243804523580e-01
4.099355689704206607e-01	-6.535996173848444002e-01	1.676418999667948218e-01	2.033202263206748128e+00	4.135034395396275375e-01	-2.135614102541353032e-01	7.083225094517132669e-01	2.932824010591267849e-01
4.480606738368528852e-01	3.765078763697283226e-01	3.232149807272804432e-01	-5.806181373321855910e-01	-6.898132961501204363e-01	9.396261234592242495e-01	2.558066733600743436e-01	-1.509006450610244299e+00
5.186160627008934432e-01	-2.093457182534115002e-01	9.342067850728991152e-02	-8.534090457675143071e-01	5.609145443721840207e-01	-6.554916514600882538e-01	-7.437112743785569968e-01	1.032056794469973782e-01
-3.049819827602491817e-01	-8.203635146796816047e-01	-4.320696433051703367e-01	1.221008751314848484e-01	1.028952689241210861e+00	-5.981088093454079990e-01	-5.455133310632787058e-01	1.681981594236060307e+00
7.020619587133939410e-01	-7.576954557150240577e-01	4.249952533755653739e-01	1.244410054459919257e+00	7.931164889032227272e-01	-4.836029422666536792e-01	5.501000886540002854e-02	-9.087006621658368088e-02
-2.873087692374393098e-01	-8.201204999262501349e-01	-2.954564306477535096e-01	4.272902987521767226e-01	1.090493745770651612e+00	-4.046999490164302493e-01	-5.449782317164029166e-01	1.014841266862387847e+00
2.853972026765826397e-01	5.332027974904058887e-01	-4.811167736277295881e-01	-2.166741850326462937e-01	-9.114866717076363090e-01	2.271161107501770360e+00	4.159182777821454624e-01	-9.309686320657266645e-01
-3.307538596562323852e-01	-1.104028060974824976e+00	-1.525317949526489580e-01	7.722941964070667575e-01	1.338026178406058975e+00	-4.412986070377933334e-01	-5.417479840948464798e-01	5.562589639291301014e-01
1.370486891872773061e+00	3.835910277074665031e-01	4.912556688785802428e-01	3.609695403180895878e-01	-4.644924601506933599e-03	-2.724367315402926315e-01	3.311320886719251178e-01	5.517215558748072013e-01
3.173711135632275027e-01	-9.935159211419780645e-02	-1.307401310965870811e-01	-6.839524130938717805e-01	4.482931801922174220e-01	-5.557461450024933081e-01	-6.567035224660733306e-01	6.061888442685943179e-01
-2.060347265640923853e-01	-7.260672777917289711e-01	-2.691303210180285843e-01	5.798786100558429163e-02	1.018340921032470980e+00	-5.121496806840329929e-01	-5.965100434613326286e-01	1.094486021085972371e+00
-3.481254141734402285e-01	-1.028006118175192496e+00	-2.543009894377662450e-01	5.193626918817717542e-01	1.281626833282734523e+00	-4.754929880339374137e-01	-5.483175303222499464e-01	1.056067837586214475e+00
1.176992954035916084e+00	-2.754007261838658516e-01	4.369824613816721270e-01	-4.429874413784405940e-01	7.844798576118573730e-02	-9.572859375796808346e-01	-1.352639312500585611e-01	-3.104282475676235498e-01
8.831945484911196687e-01	1.570868691043058596e-01	7.535246842300905024e-02	3.672353189405430651e-01	-1.739400480011228933e-01	-4.925287339379217366e-01	2.776106055031547504e-01	6.681689965400114395e-02
8.575472774704433199e-02	-1.142503759485209297e-01	-3.772082705245108913e-01	-1.130303195376622272e+00	-1.166672079791177818e+00	1.169372776779382672e+00	1.107980783482120035e+00	2.203128981520506846e-01
-1.928652035513135909e-01	-7.589852443286313477e-01	-2.731045117665353295e-01	6.433811792521954009e-02	1.061394655027450451e+00	-5.227867186377310738e-01	-6.285710417431787933e-01	1.104637925238683094e+00
6.625943794253402741e-01	-5.926496222546809856e-01	1.178704047503335572e-01	1.953025140833468454e+00	1.963452929426142690e-01	-4.395911997558508144e-01	8.588838369425967345e-01	3.954346381835615043e-01
1.080617539971564289e+00	1.536351050296638210e-01	6.949712128144336365e-02	4.717642714529741155e-01	-2.672907749483584006e-01	-6.686541276766059250e-01	4.724418398365629046e-01	2.101179085429875915e-01
6.752984976525377991e-01	-4.945848498261880000e-01	2.867013885830047015e-01	1.777344081663141173e+00	3.493161230602291889e-01	-2.240911584949175084e-01	6.799905220522546312e-01	3.738476985823212528e-01
-3.022381887988234150e-01	-8.391850291634563863e-01	-2.907106081760882921e-01	3.722345054156550037e-01	1.109606370573673173e+00	-4.045683278824301343e-01	-5.504119102056750368e-01	1.095306430091528505e+00
-1.438654254818789446e-01	-1.902001968105718477e-01	-6.933105715088527798e-01	-2.196887331233956520e-01	-1.113996462470492776e+00	1.977499929242338750e+00	1.202658947396660682e+00	1.397782629881884064e-01
8.914326373260265113e-01	1.322620010348275477e-01	5.315407157704596375e-02	3.968136955829680845e-01	-2.026364794134710157e-01	-5.529305785265877793e-01	3.278515550155320923e-01	7.074754960968324125e-02
8.637960711113481516e-01	-7.910669171985571513e-01	4.381532960429947443e-01	1.820130676301706441e+00	6.731226878655826029e-01	-3.640347067271823556e-01	5.173534011026790225e-01	2.835061227646617499e-01
6.270917015349414259e-01	-3.372317548779785179e-01	4.202948425854157177e-01	1.507243190348937834e+00	4.703013756735817674e-01	4.944729145544823207e-02	4.755781256240743660e-01	4.015134742155564984e-01
6.016395968595599220e-01	-5.422429850737409129e-01	2.910020632974050780e-01	1.964967958756186794e+00	4.374747056420491553e-01	-8.932578232125078233e-02	7.173034474684935047e-01	5.472225454219621366e-01
-4.229728306585532893e-01	-1.045631248490155762e+00	-2.854643297974886473e-01	8.241085168362138891e-01	1.244358225709782939e+00	-3.441180361036751956e-01	-4.660219402012797385e-01	9.713898018203378504e-01
1.742802319916789133e-02	-9.203490949641786045e-01	-5.158082348630745051e-02	-1.999058996606346492e-02	1.281535640326665781e+00	-6.700284107822309654e-01	-7.791148161664585015e-01	3.836307886487895225e-01
1.684434205602473866e-01	8.576276974240003292e-02	8.618335888365200037e-02	-1.628492953492629847e-01	2.073443077783828636e-01	5.643889136212245500e-02	-3.135039023913612777e-01	-2.738733830901026178e-01
1.036356206271957126e+00	1.954157979469415829e-01	5.120825327170039909e-01	-1.074942645331561503e-01	-9.221507700818466491e-01	6.103045133247614329e-01	1.203580832358544406e+00	-8.417876759398995601e-01
-2.049942886162204880e-01	4.571412432834783268e-01	-7.119846687627826021e-02	-8.845216639979475159e-01	-7.388977361716621006e-01	1.473622801862108256e+00	9.870663138701113448e-01	6.443590370339049578e-01
3.771860872012205435e-01	-6.066327692191750831e-01	3.583389947618959015e-02	1.841430467369967960e+00	3.031707845248818867e-01	-3.185161168744128357e-01	6.241387522617825034e-01	1.725275202354668302e-01
-4.075459912256192974e-01	-1.091371593331828205e+00	-3.022787373261495714e-01	9.056217168394109507e-01	1.246190551292801540e+00	-2.885369414318639802e-01	-4.452807007421922814e-01	9.244987375293567400e-01
7.414518752466108253e-01	-3.973664451187985391e-01	4.980211331747078085e-01	1.363213392685604708e+00	5.783417734110781749e-01	-7.936509426949474311e-02	3.456616643345923334e-01	3.131136044990436851e-01
-1.769145246939629879e-01	-8.784162492379993248e-01	-1.841842281527844849e-01	2.934552696544980854e-01	1.182702931997815066e+00	-5.041973197684703756e-01	-6.384702476760384382e-01	6.834544298151121744e-01
6.477568525582015901e-01	-4.240231914533736934e-01	3.121633235369354331e-01	1.644425574829745829e+00	3.703338104476232018e-01	-9.966275638552757332e-02	5.813775869784159056e-01	3.423405483739627719e-01
4.645349547051768474e-02	1.854681698491698616e-01	-4.196342929673186894e-01	-1.268561095434216579e+00	-1.364274626849178995e+00	1.182068518459562290e+00	1.267032056129143047e+00	3.240189850574627384e-01
-3.294978701366241269e-01	-8.068618945693392108e-01	-2.728699291086782996e-01	5.661465141012087532e-01	1.084481997875422543e+00	-3.193437315422006373e-01	-4.889427858842925745e-01	9.550651857418535062e-01
1.358692760923134069e+00	3.037568946873668296e-01	3.191668583515060442e-01	4.588179066091158664e-01	-1.453639827391271788e-01	-4.774489837670543579e-01	4.503402853364696923e-01	4.659883907410499182e-01
2.835331747064766539e-01	2.696824455916755348e-01	-4.275562525523763369e-01	-1.036786995426546509e+00	-1.149947015040286180e+00	1.147526146866999497e+00	8.482197636775163918e-01	-8.586251996670778500e-03
5.754866463398533583e-01	-6.997896165949948344e-01	2.614227509838730201e-01	1.824825739324375862e+00	5.640898844455873862e-01	-3.223220106198307344e-01	5.101492590181229136e-01	2.560813957290930531e-01
7.284932356841087309e-01	-5.496253767958892977e-01	2.199739604341628962e-01	1.773758496432854770e+00	2.720389139963046987e-01	-2.711609665681260495e-01	7.148780271472793268e-01	3.347965241960972893e-01
4.199968742260543619e-01	1.056354645091139716e-01	-6.878907127678923761e-01	8.248212962779433166e-02	-9.787159248807271172e-01	2.348180963158818635e+00	3.673958822303523553e-01	-1.216120726332830859e+00
5.475271629255805683e-01	-5.529931563227717950e-01	1.825313710352846341e-01	1.870276275359764151e+00	3.162800652113107458e-01	-2.665627960168173161e-01	7.064862424060425194e-01	3.046943877370800746e-01
6.791594726807332894e-01	-2.809124222404695281e-01	3.919189218220646698e-01	-5.989396786754791480e-02	-5.293147274755392179e-02	-5.019225754575117326e-01	7.640862564375003330e-02	-5.867111885250847481e-01
3.231867260951856169e-01	-6.580951613139510159e-02	-3.188374941310503363e-01	-8.024467794697903722e-01	4.513471194279098375e-01	-7.216549632898866529e-01	-7.224438703766988823e-01	1.239632607202532100e+00
3.145596243788341684e-01	-7.876901414117837286e-01	-1.309435477968113326e-01	2.051457569609895781e+00	2.187970466011164850e-01	-5.223514119800367617e-01	7.155986053449707729e-01	4.109021878106852710e-02
2.144649012307888181e-01	-7.507241229707163344e-01	5.923345522332069957e-03	2.067061012522556585e+00	4.256792131969922011e-01	-2.648193777398815119e-01	6.517179786019201559e-01	2.798258785759787926e-01
-2.584456841264810567e-01	-9.681479377811641474e-01	-2.881496092310554813e-01	9.926467343372497032e-02	1.219382906908488939e+00	-6.485879825169023061e-01	-6.356946474123990054e-01	1.276154186738382545e+00
6.653024157817943873e-01	-5.615601285085386474e-01	2.461221184040483512e-01	1.641885974703939377e+00	4.297003408464989960e-01	-3.669502089966094061e-01	5.145492900810574310e-01	2.673596976835009853e-01
-3.875255694716061572e-01	-1.038536822374844570e+00	1.127893225829383478e-01	1.621262493256013792e+00	1.274772613333358340e+00	1.154157541946088661e-01	-2.248346038073667230e-01	-3.235913766774962674e-01
-2.331273872104934197e-01	-8.781578757863328644e-01	-2.400547363533762635e-01	2.147260952164566916e-01	1.166594830533260296e+00	-5.273158641970666638e-01	-6.304809686170219640e-01	9.715219801314060044e-01
1.735601494956464097e-01	-8.207260084574874437e-01	-8.739989612232135219e-02	2.134062717034841405e+00	2.986580222170030496e-01	-4.406102539994037337e-01	7.339342037957202747e-01	7.336151917756086882e-02
-1.501516177885530989e-01	-5.239657373572826904e-01	-2.527839548156977090e-01	1.459289655643647154e-01	8.590285337489640405e-01	-3.471003844744138811e-01	-5.547199533344233657e-01	8.375679688680599533e-01
1.503704390758235476e+00	3.980800505570988856e-01	6.144261217219006976e-01	4.565132386481988158e-01	4.630676005795973660e-02	-1.432089682935286934e-01	3.870000278190888210e-01	6.473233830177542725e-01
3.775159436695787463e-01	-6.786171114905537038e-01	-5.891056045881000458e-02	1.961397687250723276e+00	1.914729532576097126e-01	-4.948265041229202299e-01	7.434771671632469658e-01	1.344696654082319087e-01
7.452801573727273476e-01	-9.997538614350741648e-01	3.262443820683739726e-01	2.090604747684638554e+00	7.082334909772258769e-01	-5.212349726416166673e-01	5.960633261618116796e-01	2.322532711724931698e-01
1.140389143794980464e+00	-2.056815923601562901e-01	9.077262535292722756e-01	-5.055135152736530690e-01	5.605136958039282913e-01	-1.026324670743660600e-01	-3.609306785446854682e-01	-2.954749358469336284e-01
1.817391757615014480e-01	6.606104104978899327e-01	-4.753659284121853901e-01	-5.859092494933256789e-01	-1.088002645554223990e+00	1.925929401480972247e+00	7.118824963421284124e-01	-4.516505354790287252e-01
-1.548056341969812899e-01	-8.536774377294470417e-01	-5.886737173791839473e-02	5.511322133420648584e-01	1.174958388469159454e+00	-3.590658891076434767e-01	-5.620458412138252813e-01	2.757684235215890345e-01
6.780657994276255707e-01	-8.438209870596282691e-01	3.832057253197166946e-01	1.451939540284653996e+00	8.252175636137523140e-01	-4.835298920496368669e-01	1.375382832077065853e-01	-2.339494374835284982e-02
1.200190794073216605e+00	2.950321705961582719e-01	3.167134225833116989e-01	4.181004858282504899e-01	-7.631811014248368608e-02	-3.662041071889931554e-01	3.373645763449666379e-01	4.165780889634771444e-01
-4.053486807490768729e-01	-7.404817765193699719e-01	-3.639208724633187786e-01	6.500150004169856777e-01	9.921702420766547181e-01	-2.258586419892510966e-01	-4.149706471134889108e-01	1.291988627296166925e+00
1.065397093779935300e+00	1.450883566642688915e-01	1.364159246779118179e-03	5.055821083973046637e-01	-3.068970973590098295e-01	-7.374919100841310637e-01	4.934394862718829433e-01	1.945978537373349027e-01
1.459609014070378352e+00	3.822554537247153106e-01	5.377844268446011489e-01	4.200118529560418756e-01	-2.688774763449327393e-02	-2.888522061622245118e-01	4.133780580835353380e-01	5.856561541652501868e-01
-3.628471933354046053e-01	-8.308862259376521564e-01	-3.086236195966905460e-01	4.783503742677231441e-01	1.077946714194609079e+00	-3.597061417026283237e-01	-4.772082845988986910e-01	1.183209121372021499e+00
7.823437355337502230e-02	-9.282870330508349310e-01	-4.866462445208826620e-02	-2.177495010864285985e-01	1.247656517611203553e+00	-7.939498421599758826e-01	-8.131442868135810853e-01	4.253852185240064587e-01
9.723675380804328583e-01	-1.133022147772052124e+00	1.278924737681138568e-01	1.027361308722286370e+00	8.628116270223913364e-01	-1.301961854033230725e+00	-6.134438864852912593e-02	2.147031609346907177e-01
6.000567305423438746e-01	-6.882110808853839634e-01	4.916711119976794331e-01	1.845871973178320191e+00	7.635597447903038626e-01	5.826551680176150771e-03	4.548337495000958075e-01	3.346807259835606896e-01
5.169309363642488053e-01	6.198926285937244041e-01	-2.542920680394959443e-01	-5.850899018031090471e-01	-1.102471329793584198e+00	2.142192629648264290e+00	5.426109658138080771e-01	-1.213247833980008350e+00
4.906646638342510025e-01	-4.730163514645114864e-01	1.814285566796457194e-01	1.692508839521158270e+00	3.040309802085938151e-01	-2.472372474699970069e-01	5.983926309379477004e-01	2.022909894329993352e-01
2.994275181986915113e-01	-6.105833815641045215e-01	5.191497112451599616e-01	-8.695226812998504418e-01	-9.268207937399042251e-01	1.015577752331171757e+00	8.601371946437348370e-01	-1.652878499852602046e+00
2.572286450558892712e-01	-7.817126680549120188e-01	-1.258616043614279312e-01	2.076348094581713433e+00	2.163420236574117861e-01	-5.669261776687840593e-01	7.463076994747196435e-01	8.596830840680408370e-02
6.623624072826572728e-01	-5.525293349392255138e-01	1.922796338577203445e-01	1.459706384060564188e+00	4.578213527370625924e-01	-3.927267520008064228e-01	3.935886535684146592e-01	4.066807183503350354e-01
3.374519468056096094e-02	-1.576681450821790786e-01	-3.443141238383592428e-01	-1.147509849862549780e+00	-1.166029475350735423e+00	1.260078083558914708e+00	1.181598009783758840e+00	2.965294934661966142e-01
-2.278953302229407007e-01	-7.823234113481475349e-01	-2.904748247762872770e-01	4.048539271169696585e-01	1.043794402760328754e+00	-3.904130004034865320e-01	-5.248797584317231868e-01	1.062000536564684516e+00
4.650462342376827651e-01	-4.467466528193388409e-01	3.113142004569599552e-01	1.655519615134143807e+00	5.014937986136096537e-01	-7.896425802180865455e-03	4.498619140964779661e-01	2.529369303433732230e-01
2.313342119103267702e-01	5.037016877918545354e-01	-4.266764128434201164e-01	1.902938162843569314e-01	-5.676245741281902291e-01	2.137390126869975315e+00	3.716691867181587394e-02	-1.115009539123630544e+00
1.314458971277712163e+00	-3.077254219133638280e-01	5.519561965961403693e-01	-1.090679113914905241e-01	-1.585658280675428591e-02	-4.002269813296251977e-01	1.425150232342295709e-01	-2.426245224315535798e-01
4.127191593379262446e-01	-5.814143922873132864e-01	3.794734486060898915e-01	1.732992534455602751e+00	6.662271839062952061e-01	9.085890355295254961e-02	4.062379783673305544e-01	2.689374186402925249e-01
6.224583022369231111e-01	-5.710517436826620941e-01	3.416500504009427064e-01	1.528331268413066768e+00	5.953563507756803874e-01	-2.743264006292220891e-01	3.521578690035003234e-01	2.310282832891547289e-01
-1.682497336661151477e-01	-9.311830721152924983e-01	-1.121809241912788691e-01	4.102491745787998356e-01	1.240529285837828732e+00	-4.402915657750683387e-01	-6.213159703270143552e-01	4.528351922882248859e-01
1.210827386172102837e+00	-7.056960288195431030e-02	6.043911692066922248e-01	1.183423450006295896e+00	2.738050470314836726e-01	-5.098487626756232488e-02	5.639050575598726356e-01	5.879922227590970163e-01
-9.420790124351163808e-02	-1.278172665274003084e+00	1.371534053187354607e-01	8.014184985248996584e-01	1.554350363727307949e+00	-5.185692505729252444e-01	-6.166764357449973089e-01	-2.140665439384136504e-01
4.790085258507841837e-01	-6.267171498105279515e-01	1.412315290850845728e-01	1.760024973187376718e+00	3.974426091648258774e-01	-3.258032474700415793e-01	5.514713446883470205e-01	1.768379264071349710e-01
4.040387360228482327e-01	-5.282554115542987816e-01	1.524725931502232956e-01	1.731915166228477743e+00	3.741837492044264302e-01	-2.045515771946454786e-01	5.281001142618872990e-01	1.416180566033103938e-01
-1.660633988501865055e-01	-4.909398490104103230e-01	9.173408333994537145e-02	1.042493246222720105e+00	5.948323315789914856e-02	-3.578037095409682400e-01	3.320817622888813103e-01	-6.499944083529446415e-01
1.860022279266386747e-01	-9.352764735434760945e-01	-6.384035590217206069e-02	2.361481517843964095e+00	3.835343761456720402e-01	-3.697370858979402430e-01	8.118550023153222606e-01	1.647797785160679540e-01
1.231256655047949372e-01	-7.238495939209453889e-01	7.001118981518762441e-01	-3.916866506728363118e-01	-2.654299724052099074e-02	3.321550134767543572e-01	1.003653759499845838e-01	-1.184763813926312803e+00
4.056910706955914603e-01	-5.924414474801796837e-01	4.323515008005789362e-01	1.945298940279456268e+00	6.828982592027986742e-01	2.381016953280697956e-01	5.390843888950728191e-01	3.839253564732603707e-01
-5.391671327412890236e-01	-9.185552982964791946e-01	-3.589676671854478696e-01	1.132754138408036848e+00	1.131742790961500100e+00	-1.302537340902776841e-01	-3.135399262391692643e-01	1.188492111169888510e+00
1.456432619098632086e+00	2.592415927775810758e-01	3.986240803785397468e-01	2.615394870958788198e-01	-7.994771542046592849e-02	-5.119636933467895945e-01	3.469906260831441269e-01	4.958550472104826801e-01
-3.510360408896640583e-01	-8.881432498328867275e-01	-2.183832281085599514e-01	7.499519812277236630e-01	1.140360733129667459e+00	-2.666732107603954072e-01	-4.590872937847160773e-01	7.446325417517782874e-01
3.110968125655929617e-01	-1.057069528046483964e-01	-1.842640178852173183e-01	-7.012835001522336187e-01	4.311897762840291026e-01	-5.657583679247654151e-01	-6.630163624692839708e-01	7.230016187980836673e-01
6.451025840583116677e-01	-4.695442616741778985e-01	3.096602331526552287e-01	1.759286848487715105e+00	3.961813554066607734e-01	-1.610639590259996812e-01	6.496819378373945852e-01	4.698643722839626058e-01
1.504268462049031641e+00	3.885969655029359315e-01	6.074666294100504738e-01	4.782746977457000281e-01	2.070795613358571152e-02	-1.908972299913995196e-01	4.191394432980847240e-01	6.275846040619452726e-01
3.756751259614776184e-01	-6.596211597614959343e-01	9.807401591438945354e-02	1.877308846098681094e+00	3.425690899818175650e-01	-3.360967539571929619e-01	6.305588133933286432e-01	8.664047559552548461e-02
7.359741001722621689e-01	-4.967967462597613348e-01	3.532298913680997354e-01	1.689569257228360266e+00	3.926950612811105357e-01	-2.529008333731061486e-01	6.094644085907011677e-01	2.999473935999906193e-01
-1.838290152405312392e-02	-6.120441402913903151e-01	-5.428286079181692501e-03	7.731113281966260908e-01	3.803724970340956468e-01	-5.396803659431981259e-01	-3.817371784810013463e-02	-4.184301327118509772e-01
-3.847429368494041380e-01	-7.463118120407402634e-01	-3.867347388936479002e-01	5.367196701505966283e-01	9.917678912947329728e-01	-2.978157982850108687e-01	-4.455134944889304061e-01	1.340007579584685526e+00
5.931265564273149327e-01	-1.129421881411726281e+00	3.349355304952734147e-01	7.071148505642381732e-01	1.147872464181732388e+00	-8.736007693431481202e-01	-3.681628568880304653e-01	-3.684342502270256392e-01
8.194602784082368752e-01	-6.926432320534885445e-01	3.019202335652864111e-01	1.914083638542901866e+00	4.409062622678375787e-01	-4.094829464572375954e-01	6.970552791451564145e-01	3.529205841180061975e-01
-1.220379051003586124e-01	-8.847142408872142871e-01	-1.808488718609091994e-01	9.385743830210296901e-02	1.190031520331113146e+00	-5.375970455412222293e-01	-6.909836856732913812e-01	7.520733017241340024e-01
4.265246292637840386e-01	-1.435875061964808075e-01	-8.904478878404847864e-02	-8.672723865483464856e-01	5.672879533941728170e-01	-6.999466751689540356e-01	-7.513770411308412500e-01	7.478133626253673505e-01
6.256088994121488112e-01	-8.425926012394336917e-01	9.035513158856600668e-02	1.842283274747168687e+00	4.032600148479147384e-01	-7.112174052289830239e-01	6.026795248044725106e-01	6.906074030971620648e-02
1.972240044744843213e-01	-3.673476740192444523e-01	2.245480312974727222e-01	-1.743007777256441737e-01	-2.452641566468258608e-02	4.488877574286533889e-01	-8.941252683545454494e-02	-7.359215106861753952e-01
4.247874815290803574e-01	-7.030642890739648987e-01	8.499959073678249599e-02	1.680920193952987196e+00	4.116122103463359938e-01	-4.295885767848297565e-01	4.783528044676013113e-01	5.364553872356395137e-02
8.210193168747008663e-01	-5.365898713016049593e-01	2.159963092456003986e-01	1.036395160858017528e+00	3.911760279904294424e-01	-6.763245776330638614e-01	2.106248985619710856e-01	3.399852170713812960e-03
2.686994927346535444e-01	-8.005994219678600476e-01	-9.867719161735949776e-03	2.063174800494372185e+00	3.627751334706297848e-01	-2.766265570113909944e-01	6.763304320757270727e-01	1.057823515959037536e-01
-1.361548482329443532e-01	-7.436963849072350530e-02	-5.310707629987910794e-01	-7.337259276114790341e-01	-1.169784984945221318e+00	1.589051432164554578e+00	1.274827101550534358e+00	4.538671446889903094e-01
1.480715263828148998e-01	-7.336346340047147363e-01	2.301074054256146417e-01	9.731742948598757215e-01	2.693153096135565416e-01	-5.086998676699602262e-01	2.277559411094526309e-01	-6.459508442918960869e-01
3.603486420902242693e-01	-7.781007477361918667e-01	2.030002964753227779e-01	2.273546730872555877e+00	5.296552257042688172e-01	-1.342386010048114697e-01	7.560139349345389448e-01	3.232137169732779980e-01
2.603501731562845034e-01	-6.817025653196331358e-01	2.484064246718344082e-01	2.034774504907817860e+00	5.967655496125248149e-01	-9.717622760082495620e-03	5.636333405622124815e-01	2.181886386464502725e-01
6.214345255745765684e-01	-5.134487656135195977e-01	1.780645434519426140e-01	1.773681626004654399e+00	2.669089297809058570e-01	-2.885553051586724482e-01	6.968698513346778256e-01	3.238289233822260194e-01
-3.080971822556246020e-01	-7.389743178367131904e-01	-3.300867394103818575e-01	4.023149665028344923e-01	1.024738673274862899e+00	-3.468557831983425377e-01	-5.254400688174467593e-01	1.158696554785149768e+00
1.273511756206695988e+00	2.611765364130883560e-01	3.837818371849551768e-01	3.343812483329385854e-01	-3.321598484639694260e-02	-4.340741086493325462e-01	3.009716856994641976e-01	3.933117286851541827e-01
3.083328766615472949e-01	-6.488236458045820720e-02	-2.961622138720809705e-01	-7.504169710755688172e-01	4.352496959500398166e-01	-6.856925602576864343e-01	-6.918076958467325177e-01	1.138158591832753253e+00
-1.727758961408365768e-01	-1.117290718134235084e+00	-2.481947474742565024e-02	7.474716131710513745e-01	1.411405858808509661e+00	-4.574058286854565392e-01	-6.001431857763837030e-01	8.889214166649134219e-02
3.768580882021216327e-01	-6.514533137752793746e-01	-5.219867250065471365e-02	1.858638850546357801e+00	1.878186841779951322e-01	-4.964025571649300361e-01	6.981231877689036969e-01	1.091967613577001367e-01
-2.522735033992916098e-01	-2.910267544896328815e-02	2.256750992904550113e-01	-1.056402268268523903e+00	-7.378849835975627158e-01	1.358268125857780451e+00	1.142312545668838331e+00	2.719773653802150526e-01
6.842462175714678629e-01	-1.309385033760233907e-01	3.107453050606452938e-01	-4.862867267001194094e-01	3.504799370628023936e-01	-4.892079354381593803e-01	-4.578891206175823014e-01	-3.489578684509000994e-01
7.758352831881316636e-01	-6.395699425245865433e-01	4.153239719804354690e-01	1.191345577469490991e+00	7.071976410096625365e-01	-4.487712217914432422e-01	9.848081576361777945e-02	7.008441487119931868e-03
6.948292404426928970e-01	-4.949128237428085386e-01	3.615181241377827814e-01	1.510034093212525574e+00	4.887919155652522551e-01	-2.232932391239920433e-01	4.217329566270555663e-01	1.965027432006568597e-01
1.001484602440443350e+00	1.120342637026757043e-01	-1.790040426435700327e-02	3.760559185292574602e-01	-2.962225593030016757e-01	-7.464574009784767927e-01	3.958755607365543883e-01	7.351170966804601581e-02
8.397124121108728856e-01	-5.499395508242341801e-01	2.100793516336268152e-01	1.859335364866109730e+00	2.116989817307744493e-01	-4.347760566294130435e-01	8.195226697366165824e-01	3.924647967764555712e-01
5.308056127977912597e-01	-5.833699839355409589e-01	2.184746703861532163e-02	1.865928013313801426e+00	1.889292745763800352e-01	-4.513374015431422248e-01	7.420276653652454479e-01	2.524890055240105458e-01
7.858230499047577644e-02	-9.041008891146952164e-01	1.594466944550300691e-01	1.548417069722676009e+00	8.552711943524800020e-01	-2.788590979445393914e-01	4.552980300037823280e-02	-1.875611782158124741e-01
-3.436916690739914571e-01	3.139599812827937320e-01	-1.998006707437410545e-01	-6.697905714910138419e-01	-8.241503735124651175e-01	1.690818732369500532e+00	1.231393980537183630e+00	8.689153576620998187e-01
-3.096008503521984756e-01	-6.952519266034651313e-01	-2.515863646469038151e-01	5.341826213018766589e-01	9.893585026158751017e-01	-2.515083116415942621e-01	-4.744755308832028229e-01	8.804608861135396758e-01
-1.810199213908957605e-01	-8.405926773686940301e-01	1.712085803414148955e-01	9.250088828749858383e-01	1.066643340422438468e+00	-4.480240851223932230e-02	-3.480167166914137078e-01	-3.483100597630885420e-01
1.501961859826405954e+00	3.027062072132885029e-01	4.349706954814455684e-01	3.999454550605496261e-01	-8.806609033970839995e-02	-4.806517816908182361e-01	4.213115402497191742e-01	5.090705692934303084e-01
1.295099529943539995e-02	-1.180386263628300014e+00	1.469425496585095026e-01	4.050546472899101413e-01	1.443495426653586433e+00	-6.208995553027876202e-01	-6.832998283288347352e-01	-1.813115970983620595e-01
2.154703961847488913e-01	2.080435616053695758e-01	-3.632796223233741850e-01	-8.559707680153071374e-01	-9.750810131324534336e-01	1.408325827373898775e+00	7.274553842898895395e-01	-1.216439052095523859e-01
-1.049955952179430357e-01	-6.032195907098443222e-01	-2.232490895975033085e-01	-7.641544813690875904e-02	9.447951485492322998e-01	-4.738926830051690131e-01	-6.456199751504276829e-01	9.085077223120937573e-01
-3.195479543805279654e-01	-7.307682284524397165e-02	-2.016553236778475811e-01	-6.859287007194019292e-01	-7.664688956996164038e-01	1.840641533517168194e+00	1.152508782243119256e+00	6.817977496570060136e-01
7.555613011821238345e-01	-2.431704188381729470e-01	2.748356978289083208e-01	-2.233834315163840400e-01	2.824953472885470551e-02	-4.485814418094321021e-01	-1.058811460579556635e-01	-4.050950133152826926e-01
1.321709246495763823e+00	3.977170542433172140e-01	5.431097098942151424e-01	3.161321056309303601e-01	6.293215046036558513e-02	-1.338089779109876143e-01	2.627183056693106478e-01	5.253406615564357729e-01
1.218960797687307807e+00	2.266726700890338009e-01	1.830740913830156413e-01	5.327932236360302110e-01	-2.138124173896976954e-01	-5.888860799984166894e-01	5.042576977533896887e-01	3.734964677521551146e-01
6.492033271812406303e-01	-4.922081111979502155e-01	1.325690722275792988e-01	1.734245261801793170e+00	1.874091979777082750e-01	-3.601619819473257378e-01	7.271550966832378560e-01	3.050390629626400507e-01
1.097086416605686510e-01	5.559487456480053380e-01	-5.020806097615366781e-01	3.472627144532857701e-01	-6.944289349127772404e-01	2.453328044928702045e+00	2.893463946131722420e-01	-1.014259996894743665e+00
-1.919380993683167946e-01	-1.049539946738953233e+00	-1.865628525212378319e-01	1.740145167239951496e-01	1.329607516226950947e+00	-6.566253022481427504e-01	-6.930694017352652114e-01	8.532716063718545074e-01
5.462755536703511883e-01	-8.021712839322701072e-01	2.235859060268051424e-01	7.310979674175117626e-01	6.001710960714983223e-01	-6.248490281399530222e-01	-7.176348493529012551e-02	-2.732748552872460990e-01
5.407221648455220464e-01	-5.833486412584784064e-01	2.941228614994593760e-01	1.986534960824209328e+00	4.615982202388757560e-01	-1.088077754864693464e-01	6.926237370108679903e-01	3.774722820764259135e-01
-2.216978473697334417e-01	2.518472455853715264e-01	-1.208883031238925237e-01	-1.019605221329244582e+00	-8.388118458543232236e-01	1.433993785625792494e+00	1.098882908299532168e+00	7.450834165641333495e-01
7.334230910352597110e-01	2.949024692782563073e-01	-5.874279123965662208e-01	-1.502637583217079631e-01	-8.820826842963934711e-01	1.968626187110966042e+00	-6.370722330948282164e-02	-1.548974962126950405e+00
3.829769180992877997e-01	-8.091973119010400506e-01	-4.241101659027427667e-02	2.234250878747544355e+00	2.468255959927776466e-01	-4.898614161530322475e-01	8.814656598117294184e-01	2.406980615014141789e-01
6.444103247591972394e-01	-7.497241390913867987e-01	2.295962270847128894e-01	1.914281366644159377e+00	4.550573389660175216e-01	-4.080587973639676069e-01	6.421331082252833555e-01	2.032011593369643376e-01
5.493771935654361283e-01	-5.686308892067868381e-01	1.162465768802425498e-01	1.542253779423355953e+00	3.094923662646881790e-01	-4.446690796311573157e-01	4.955496129563863317e-01	8.850012337659218797e-02
1.520923620407469146e-01	1.584117048615870105e-01	2.959205169324560791e-01	-9.348667785719512180e-01	-1.020791332886904046e+00	1.416485641200347256e+00	9.117697381482563479e-01	-1.150094146048566746e+00
7.144840500131808270e-01	-4.924021986933751482e-01	7.027129116983975576e-01	4.877793930046211285e-02	8.273905858250392154e-01	3.469197438602582284e-02	-3.292831771530371210e-01	-1.758351022804401087e-01
1.322867194438104521e+00	-5.243784159527538069e-01	5.153772022304882183e-01	2.123587394495353997e-01	-7.910450769494623557e-01	-4.745843639714405343e-02	1.007861435833894870e+00	-1.222909489576192055e+00
3.791169506561132274e-01	2.963664456465925356e-01	1.471493635819495216e-01	-5.427032572659992171e-01	-9.419531087263806057e-01	1.055735592422068825e+00	5.408146864442723301e-01	-1.559394337119191842e+00
1.635012286313048957e-01	-8.672821383102982673e-02	2.471023368176336055e-01	1.804338754114886423e-01	-9.738343260212276031e-02	-4.093638887143922211e-01	1.192275548713818134e-01	-6.574894401715347669e-01
3.820485509221560050e-01	3.500879842584110890e-01	-3.350437863642511949e-01	1.361722170274370647e-01	-6.793376140279836495e-01	2.342339009336107836e+00	1.310392765917963720e-01	-1.425054670418661962e+00
4.312992663108345948e-01	-6.792975813792483386e-01	1.724818250835577493e-01	2.079832047475696388e+00	4.322633655942148545e-01	-2.123085774695639971e-01	7.162871844455555026e-01	3.103815745428878947e-01
4.207491575417739438e-01	-7.310179478098302042e-01	2.507674336229155920e-01	2.261534101296869714e+00	5.303635393469533499e-01	-9.251813355698759733e-02	7.580428010100691560e-01	3.335003309184190190e-01
1.025224664600620894e+00	1.974772266275959809e-01	2.255549706101508955e-01	2.802378929290180731e-01	-5.983026136915836624e-02	-4.382693269165799377e-01	2.161508693617695820e-01	2.547636036097054579e-01
-3.268855017262484175e-01	-1.355165813580712086e-01	-1.658833920959685848e-01	-8.549280835866962525e-01	-8.297036868948087784e-01	1.877697234222077238e+00	1.272672366456720106e+00	7.593945570550016955e-01
-3.461418806462697728e-01	-8.538669570592070102e-01	-2.933634096574380679e-01	6.275984394197746674e-01	1.127425506637882879e+00	-3.231248223067368364e-01	-5.002653303719575284e-01	1.003859892556174138e+00
-3.049568089277098215e-01	-8.650191350287014247e-01	-2.388655141489858802e-01	7.726361050955947718e-01	1.021764719347059369e+00	-2.174724654840424209e-01	-4.208932182104525577e-01	5.837583585146636223e-01
-3.167241979554526465e-01	-9.283543585475356741e-01	-2.862551025371022351e-01	2.666676460395469017e-01	1.217657305297435766e+00	-5.119243845544573235e-01	-5.914454842233247689e-01	1.234447087970061752e+00
-2.360514229302939637e-01	-9.410111774388478789e-01	-1.501962024433753651e-01	7.354178671547161317e-01	1.253163961965857665e+00	-3.562768068795619802e-01	-5.532020852427764757e-01	4.773620326417521986e-01
-1.246958875136971873e-01	-6.647013457517391144e-01	-1.627102714708374975e-01	2.376279248714160686e-01	1.007312546682820997e+00	-3.770904373596570269e-01	-5.992236988983792312e-01	5.694518668061446798e-01
9.169955354600599629e-01	-6.261496397023830207e-01	2.121231706600325007e-01	1.542997765249623177e+00	3.788807317134605945e-01	-6.644412433552663311e-01	5.004178672473500455e-01	2.627680690234318606e-01
1.731798265326783270e-01	-6.476778663823558047e-01	-3.336379636848642305e-02	1.768420061983615232e+00	3.053594492305615193e-01	-3.151925063488377754e-01	5.240213780323802473e-01	-2.425464057043161259e-02
7.006695188486674608e-01	-1.008482746754321813e+00	3.604312236455653462e-01	6.320331770584218800e-01	1.076265421699260871e+00	-8.128255987912935687e-01	-3.544089045278672190e-01	-2.627119831634867619e-01
2.960008380765344338e-01	-6.091227791347696430e-01	2.887630429326826786e-01	1.930440453040591864e+00	6.189107082342398813e-01	6.697024308248852864e-02	4.989584513548521172e-01	2.613720764517183937e-01
9.499046099665899856e-01	-3.831221106533334031e-01	2.588307052858749846e-01	-1.187647288160839643e-01	-1.531160514968959718e-01	-6.763558299335978852e-01	1.227408663460831939e-01	-4.941555878428609550e-01
-3.667011808231958048e-01	-7.247413608640768112e-01	-3.655361829559958253e-01	5.127590038366069969e-01	9.344044601902048441e-01	-3.003839829852876231e-01	-4.127232828967717926e-01	1.314297524675761331e+00
2.964984382902712823e-01	-9.727245203674477203e-01	3.206872713868728630e-01	9.721971278970408248e-01	1.193905671117406975e+00	-4.259062221026073125e-01	-3.326276092781299543e-01	-2.092544937416789541e-01
1.388439011662808698e+00	5.468566825715343027e-01	5.538100514942696506e-01	-1.762878560402911243e-01	-1.216480374060224801e+00	8.998379827155333910e-01	1.453097829504504723e+00	-9.691582698757290615e-01
1.037641576064232685e-02	-1.001000253204260976e-01	-3.050396807097752183e-01	-1.105787611065276010e+00	-1.036570907238796524e+00	1.233516696128077683e+00	1.068471437850134764e+00	3.719497090917490145e-01
-2.147971850765187651e-01	-1.116518337669909933e+00	-1.806362056647675407e-01	2.269871531784219687e-01	1.338015162984949047e+00	-6.588782903133203472e-01	-6.559790441656996318e-01	8.178865826886401180e-01
4.802196819420600504e-01	-6.199301385925870544e-01	2.348757800968979681e-01	1.999294650086103076e+00	4.543272021963382645e-01	-1.535157218119841127e-01	6.774290021589109978e-01	3.298274957037292676e-01
-2.950240460462555947e-01	-6.436824407425222327e-01	-2.779381830897008077e-01	3.800381718341560577e-01	9.301150681036602919e-01	-2.877950365188513548e-01	-4.629223946385924160e-01	1.012069462623228722e+00
5.324803456532256618e-01	-6.441360330003430557e-01	2.184292028305572786e-01	2.070101486542848868e+00	3.960579156055707983e-01	-2.188518046291292873e-01	7.746956904430698510e-01	3.718063254752185243e-01
-6.179315216975028030e-02	-4.959366484109594131e-01	2.741011456246535416e-01	8.240224940948551735e-01	1.905491000569761173e-01	-2.611377285810952409e-01	2.032120922913002725e-01	-6.851060555091649240e-01
3.603048250462916879e-01	4.198090747287909763e-01	-5.777944212190178064e-01	1.715760747141682752e-01	-8.743961784352323185e-01	2.410335185965923888e+00	3.048480243346895491e-01	-1.237902102303490848e+00
5.977136326417405998e-01	-6.380354852799445808e-01	-1.458891336344244616e-01	1.232219447031708492e+00	4.482234361257613209e-01	-7.365634940958740717e-01	2.970242122795437867e-01	1.337714405768613446e+00
-2.892143331011628460e-01	-7.980951565719476282e-01	-2.368160713334782619e-01	4.875091965127436588e-01	1.055411652557827873e+00	-3.665529787863740507e-01	-5.113839923679495136e-01	8.266183576750723017e-01
1.185265186001614124e+00	2.602090676565360639e-01	2.628078006887503149e-01	4.511918925898791288e-01	-1.224203722221393204e-01	-4.453554108308473425e-01	3.831411829209711017e-01	3.712092148284465987e-01
6.453375226756701277e-01	-6.401704783666541942e-01	1.058716557229872762e-01	1.842405232443355301e+00	2.986933016912068362e-01	-4.986617745615427588e-01	6.883088451660641649e-01	3.083653742796239050e-01
1.511091543878373966e-01	-6.315152435952457732e-02	-5.625397652086331357e-01	-9.095759763106111562e-01	-1.250767938043864547e+00	1.191708698986877701e+00	1.041917180010232258e+00	4.054295368731278271e-02
1.577125527670282912e+00	-4.645760977740832215e-02	4.042224111584368784e-01	1.063938688942031308e-01	-1.009055697328299361e+00	-3.212619541334159057e-01	1.166559059813456756e+00	-9.652470261660949236e-01
-2.548698904083956940e-01	-9.061594789515033943e-01	-2.144373924451611624e-01	4.192839948940801365e-01	1.206092458579324456e+00	-4.551678219194427721e-01	-5.922162641363161173e-01	8.291058763423929667e-01
1.100575769475392374e+00	2.746048194895300276e-01	2.535043793857325034e-01	3.937887269723535089e-01	-9.954424321854876689e-02	-3.884748657000072214e-01	3.236020562803251788e-01	3.494473066996523491e-01
3.501674045622969467e-01	-6.104350531687597892e-01	1.235595742159494442e-01	1.842890882566716071e+00	4.071776618757817490e-01	-2.102138574011158112e-01	5.631253762458841017e-01	1.549550503050229344e-01
9.077423827810404688e-02	-1.270582579111795007e-01	3.510088696104421424e-01	-8.825174545681966354e-01	-8.424058926758865029e-01	1.016088041133175857e+00	7.925126812175372626e-01	-1.107429161024162445e+00
4.859411369101549472e-01	-1.900166233877739197e-01	2.516574130030407863e-02	-8.437237405637704191e-01	5.388992952013136328e-01	-6.406104999629370633e-01	-7.395876683318618472e-01	2.455664064733082408e-01
-2.128776000248871758e-01	-8.559403877386696502e-01	-2.531034083467225693e-01	2.624654840043827431e-01	1.140154516558556486e+00	-5.153832368167674538e-01	-6.190204414570692482e-01	9.244279588145818405e-01
1.093518775652285169e-01	-8.880263456005880185e-01	-6.957357462250275681e-02	2.135803566447265656e+00	3.432263899890759529e-01	-3.283453510677337706e-01	7.188865367348187263e-01	3.630975093351324068e-02
3.476376759066341915e-01	2.910044516250762658e-01	-5.739974412476714916e-01	1.471892419073059233e-01	-7.992718546907313648e-01	2.298014989498619265e+00	2.065396366674444595e-01	-1.229227349051751128e+00
4.517474190140570722e-01	8.013200956083540438e-01	2.092183399300575342e-01	-8.703716550256236362e-01	-1.384905527363629263e+00	1.466643955120901621e+00	9.848312579013115409e-01	-1.627187515854838562e+00
7.441108921604800974e-01	-4.026402779785164809e-01	1.874818229960996674e-01	1.398115092523250835e+00	2.923402489420320882e-01	-4.172701623156563344e-01	4.698028533363010628e-01	3.338453226900757187e-01
4.849461622715874887e-01	-5.238450512506604984e-01	3.613031327109333946e-01	1.779781675439475963e+00	6.061615665835716760e-01	1.436268881998519625e-02	4.439174823314546714e-01	2.528429927720426962e-01
9.405925664021976829e-01	-8.038519275912043849e-01	1.687368993562319563e-01	8.926549240087167103e-01	7.340981860812970661e-01	-9.313545845334383344e-01	-3.873944437132686297e-02	5.653989330979658501e-01
6.887634599251729606e-01	-5.386951330386428038e-01	3.627995877883117837e-01	1.843654379883523875e+00	4.268767554618601023e-01	-1.618600584264160702e-01	6.856703478681710484e-01	3.993109637061592054e-01
-9.801143752957763855e-02	-1.397760736433477369e-01	-1.886373227526957075e-01	-1.279224534486317122e+00	-1.062505221772640951e+00	1.405378921411625459e+00	1.301719726429717561e+00	6.664340695664046077e-01
4.309142480387510576e-01	-5.980921517441164514e-01	5.526547028292107255e-02	1.790085151562362809e+00	2.778349101933883514e-01	-3.056002317425734471e-01	6.282451453317805523e-01	1.732521794470686383e-01
7.383663005348350961e-01	-4.768173355308247818e-01	2.922063128973395041e-01	1.843815073722042897e+00	3.221581911742003590e-01	-2.152771645341075013e-01	7.454117462255074322e-01	4.708377617203685084e-01
6.320954442806232532e-01	-6.159379805302730437e-01	3.413128581731901812e-01	1.770817652002722120e+00	5.448768456346374522e-01	-1.527421902048897162e-01	5.469117923284876337e-01	3.750743451752762692e-01
-3.303934121066813834e-01	-8.919633224364884594e-01	-1.513344598321478551e-01	9.573269373618891187e-01	1.171602057008527931e+00	-1.995051889191132855e-01	-4.370458854542634275e-01	4.331694343201766273e-01
-4.044906118330251488e-01	-9.204119457924159198e-01	-2.991825602033418852e-01	7.748927498948693371e-01	1.158072302228156492e+00	-2.820722934016332006e-01	-4.504536496889423036e-01	1.017326749479097181e+00
2.906705464125360350e-01	6.159455125095808503e-01	-5.307111801077012414e-01	1.997697012925071514e-01	-7.125908333128604388e-01	2.058495902882111928e+00	7.803222672021224715e-02	-1.196995370219839927e+00
-6.846995291340705891e-02	-1.078358375194701013e+00	-6.103165945751626298e-01	5.856225109616516322e-01	5.725513699771731524e-01	-1.314268327386820978e+00	-1.980738078432004723e-01	1.154362397765023918e+00
9.885515015375792025e-01	-8.690100034989542976e-01	5.122986284720129069e-01	1.384669465294537494e+00	9.123734273243082615e-01	-5.611425092264265002e-01	9.695100428110571544e-02	5.341647651944850250e-02
8.739376887172803920e-01	-8.651959398805496582e-01	3.154411932438228039e-01	1.978763063584958876e-02	-1.177794852886731719e-01	-4.236718915341351477e-01	2.292721539039315193e-01	-7.789983379443408129e-01
2.990804720170926745e-02	-9.642134575987247880e-01	1.570143568973101922e-01	2.460582165227843010e+00	7.266964952595253990e-01	6.668310484541528638e-03	6.748410104965564260e-01	2.292306046912353235e-01
-5.509638921687703278e-02	-7.617691213338004808e-01	9.679098249495797501e-02	1.980534393699147078e+00	6.478144545210057226e-01	7.630244097415839200e-02	4.083043385334989561e-01	6.383076358719450005e-02
4.403416598271940319e-01	-5.836135163616582577e-01	1.031852272676681420e-01	1.898506955025740517e+00	2.749715704071769018e-01	-3.156423076491882140e-01	7.329156119994889584e-01	2.745825548619886813e-01
-8.414875712180440448e-02	-1.059712330860352214e+00	2.095993555699133815e-01	8.104218208691649217e-01	1.312782416480777314e+00	-2.973820657852552229e-01	-4.948202653516529104e-01	-3.593329931260310084e-01
-3.122428961311017326e-01	-7.742177932219153069e-01	-3.513224312350990419e-01	3.638594780213729174e-01	1.040604913725278413e+00	-4.023089053795810832e-01	-5.107827278538782378e-01	1.371923957656536963e+00
5.136300898718128005e-01	-5.770672813099726461e-01	1.987257984474621597e-01	1.753321153059166360e+00	3.680311814871027876e-01	-1.635201038936465179e-01	5.870470663057314464e-01	1.969937415389829694e-01
-3.288450309117971204e-01	-9.502552814969883466e-01	-2.544133692698745119e-01	4.085343055272108170e-01	1.224014144167252960e+00	-4.351761681063669451e-01	-5.669401118711014931e-01	1.062236759397836128e+00
-3.203446535416362706e-01	-8.482352649625408691e-01	-2.742304559242602635e-01	5.212395503424425147e-01	1.103398519078281126e+00	-3.990472194883453172e-01	-4.990950936548217975e-01	9.690009509218464601e-01
-2.443785462026801247e-01	-1.247814692895756972e+00	-1.104898441988255153e-01	5.928867515289035772e-01	1.481150584951709259e+00	-5.354646319068163685e-01	-6.206245122135377601e-01	5.177151857352944031e-01
1.417902094789991185e-01	-7.836053925892492167e-01	1.708378267227235459e-01	2.114054898081425549e+00	6.523062081799031464e-01	-6.086987108823253140e-02	5.220196149628959503e-01	1.471707146267762778e-01
-4.615341034945254911e-02	3.210756635070048659e-02	-3.614776426257408359e-01	-1.111973343334215159e+00	-1.185676366807242088e+00	1.246620421805618051e+00	1.244914519678719689e+00	4.850764687185474267e-01
5.380176536010371491e-01	-4.802075098932734876e-01	1.556152571750730740e-01	1.333042473066112565e+00	3.008427588041905354e-01	-3.907274892948703893e-01	3.961807791948971924e-01	2.843654116951271904e-02
-1.877446932884070940e-01	-1.065184760231604244e+00	-1.582457571344592917e-01	7.327801147212474886e-01	1.273145200554946843e+00	-5.134458727337912753e-01	-5.507859478341811110e-01	3.582319195839972492e-01
2.234913261752883296e-01	-4.789570629697195714e-01	2.136929443631373493e-01	1.537634337194107470e+00	4.802553754084831761e-01	1.524466017930254519e-02	3.530287837214786673e-01	8.054194654786153706e-02
4.055222190245177383e-01	7.547706196073077356e-01	1.605841387596107228e-01	-7.238057128083903446e-01	-9.929765436967131764e-01	1.280613554283874134e+00	5.184863100571794892e-01	-1.400788731317028191e+00
-4.103954887135858320e-01	1.120819819875794460e-01	-2.804357592846379310e-01	-6.009589121043080739e-01	-8.766802393826460538e-01	1.942076185806310251e+00	1.331285945839033591e+00	8.381738380844886427e-01
4.404843752837090398e-01	-5.755412942833684209e-01	2.764810466244657094e-01	1.861035058155636968e+00	4.611862392373078379e-01	-1.056303425954402964e-01	6.194518238358482920e-01	3.079840343502739386e-01
5.074156402701557322e-01	-7.315369007973974158e-01	2.786938853516373049e-01	1.691708228423751681e+00	6.520675520345695642e-01	-2.852372302489022404e-01	3.560038607156292279e-01	1.029800205817674313e-01
-8.237201157397797124e-02	2.387904102777497761e-01	-1.667140743186261431e-01	-1.375037336637999541e+00	-1.100741583010765412e+00	1.099655328053394054e+00	1.234070330620014033e+00	7.009970742549540557e-01
-3.012980383964875553e-01	-1.091089253332438336e+00	-1.424292979382379420e-01	8.810837340870592005e-01	1.322658191792170479e+00	-3.603753643570157261e-01	-5.034711777176397174e-01	4.256362394037537245e-01
1.194056171905150121e+00	3.120896233043817247e-01	4.588112370677652763e-01	3.664249365016689075e-01	3.767771538268692433e-02	-1.606781330586951606e-01	2.531888224011124011e-01	3.982328871562088590e-01
-1.737527625376652229e-01	-6.017603275727548828e-01	-2.568458589631519295e-01	8.946613419060589489e-02	9.548775317252773398e-01	-4.015948672366592698e-01	-6.011662217537867559e-01	9.720978327700099397e-01
-2.909360711702193014e-01	-7.962569222362371191e-01	-3.469260717704708008e-01	3.476176950374199603e-01	1.023335801659792654e+00	-4.355092535067995319e-01	-5.266073832861761783e-01	1.165414515327074074e+00
4.853929516240865216e-01	-6.867347880459191423e-01	2.916747588752608422e-01	2.052053226785624851e+00	5.124166019832402386e-01	-1.004825653397213858e-01	7.115377759536007929e-01	3.663582323936506735e-01
-5.460128329020348670e-02	-8.826818414369975718e-01	-4.682102627215537632e-02	1.032328784725908832e-01	1.204802253813137991e+00	-5.649093428280667073e-01	-6.863028847394757603e-01	3.468725733550976353e-01
-4.743824555336172422e-01	-8.502067013031004983e-01	-3.814923752035647708e-01	8.013998352450993901e-01	1.033019019823086415e+00	-2.116736321776129526e-01	-3.669833433601485395e-01	1.276580461681229739e+00
1.652353337357044538e-01	-8.276841159825453209e-01	2.144861686464293871e-01	2.281394937962228031e+00	6.417487859392078109e-01	7.213599080720244083e-03	6.771750948464260178e-01	2.700613410525711244e-01
7.152191209708272934e-01	-8.286480240642715156e-01	5.653096296286463929e-02	1.612072192882717303e+00	3.229078430240212572e-01	-7.213540881473855526e-01	5.351040503200423792e-01	2.554243667565922471e-02
1.739249889642352054e+00	2.497470585414734434e-01	6.880507480588665681e-01	3.307202954293537167e-01	-1.064688067425030749e+00	1.190420586576303341e+00	1.502126347637229298e+00	-9.002961596563502367e-01
-1.855203698766687281e-02	3.456955209260931250e-01	-2.728920373137313504e-01	-1.050126020713653352e+00	-1.020129124614870264e+00	1.153554434485090541e+00	1.004569606529577497e+00	4.188498281563670100e-01
2.401720303047906180e-01	-8.179898879015802260e-01	-1.142105445200575359e-01	1.973591991452142480e+00	2.687431222697216349e-01	-5.682758787127761835e-01	6.585837971718987438e-01	2.712136963784625432e-02
5.469536689394108864e-01	1.654156387084589341e-01	-6.621949875135677566e-01	-1.262676401369826167e-02	-9.955526635363677324e-01	2.320010540102325436e+00	2.729491167293817133e-01	-1.370694759350038039e+00
-5.127260754523113029e-01	-9.739141251026955937e-01	-2.752184309974441412e-01	1.242452340338960015e+00	1.193151502492616034e+00	-1.332233715570582122e-01	-3.182982960417015672e-01	8.630907754332307613e-01
1.858230322214748931e-02	-1.038188598232712145e+00	2.733655910155426416e-01	5.639970538742149486e-01	1.292219280955434257e+00	-3.432037036835898225e-01	-5.530983944857341683e-01	-4.431507988263449493e-01
9.245223889672480322e-01	-3.181642856969429944e-01	3.410932087045953076e-01	1.443008784378521314e+00	2.261030719587261983e-01	-3.276451715591656155e-01	6.487036454294234922e-01	4.923431693710230150e-01
4.284326129833647134e-01	-1.638993815870351534e-01	-4.323063794717703356e-02	-7.946201754999950850e-01	5.176041534327460170e-01	-6.374106015047042995e-01	-7.224542083043404839e-01	3.767545116062122612e-01
-1.670261371218431379e-01	-9.083178873194778236e-01	-1.427668873965525775e-01	3.123769560666536105e-01	1.249862833922821714e+00	-5.025989308779884590e-01	-6.587040231705124649e-01	6.086279464677435413e-01
1.408677563877118510e+00	3.561294755281704805e-03	3.275234934539135723e-01	2.781489262659547768e-02	-3.632854185504272304e-02	-7.670011064224036001e-01	1.451449181166487024e-01	2.138416996091645206e-01
-3.459509758765700327e-01	-9.182465793072667193e-01	-2.825581044130420771e-01	4.913737744432281063e-01	1.170119459941905360e+00	-3.855558464834311083e-01	-5.261075198729253666e-01	1.077543295663580203e+00
-2.992575568449876156e-01	-1.061337523900273139e+00	-1.972764491793908559e-01	6.336759674499619077e-01	1.317813268076725386e+00	-4.408700768327598607e-01	-5.652777663858562507e-01	7.272669464841369225e-01
-2.321214960269017413e-01	-1.141507359885866713e+00	-8.283939628416252254e-02	6.805059651399436582e-01	1.406477395842693712e+00	-5.134277196936632981e-01	-5.870838439637765527e-01	3.469951390841953254e-01
9.443736926373345053e-01	2.147659520351408724e-01	2.048121149139151276e-01	3.328213325116796129e-01	-1.047725720026943252e-01	-3.979855544313666837e-01	2.649702045472189238e-01	1.823909677866496215e-01
7.116976030937652298e-03	3.260911654212328425e-01	-5.003046360002075810e-01	-8.875331606535310502e-01	-1.207012216502577173e+00	1.145732260784603884e+00	1.077641777541931356e+00	2.770169160277042852e-01
9.037473651194413149e-01	-6.340630681124894696e-01	4.439798747223993036e-01	1.571928551550464626e+00	5.917361594292437355e-01	-3.916991999527754675e-01	4.324417503401465912e-01	2.457729133638900665e-01
-6.441742722300394710e-04	-5.611835343469034898e-02	-2.827399514124294133e-01	-9.777707002486001331e-01	-9.749616704544572521e-01	1.280454672128791271e+00	1.016737188088544741e+00	3.249037232997301627e-01
-3.195414698214445459e-01	-9.189243862813164521e-01	-3.558145236549748458e-01	2.140123422804533215e-01	1.094122705988199939e+00	-5.174408087742300433e-01	-5.470313077274802094e-01	1.382056927862042262e+00
-4.258733098460715794e-01	-8.839900308201361634e-01	-3.066956816837606015e-01	6.820998232768982206e-01	1.120362327817817416e+00	-2.741193563881723083e-01	-4.435664174562684581e-01	1.126188221557756108e+00
7.805592315017554350e-01	-8.009182838784459912e-01	2.578232241724351947e-01	1.146776464833861642e+00	3.649577927750994322e-01	-5.187595671823487242e-01	3.198438146897703005e-01	-2.131646813036133237e-01
3.345832224434817648e-01	-1.192089824263309894e-01	-1.513180981028784400e-01	-7.565783737526685648e-01	4.719623917861545115e-01	-6.410563428334378200e-01	-6.932575164092010800e-01	7.230496061983930911e-01
-2.864002853551003702e-01	-7.887915611584841447e-01	-2.734626534533958764e-01	3.618837175233560743e-01	1.084785917683991574e+00	-3.973240655612171879e-01	-5.523459012955171943e-01	1.043646810129118752e+00
9.745968509429866478e-01	2.130745563244815233e-01	2.752045882942934507e-01	3.439307688190044177e-01	-4.029255395717602078e-02	-2.354460049788444920e-01	2.263891885497728573e-01	2.122699211120642471e-01
5.397096447179130507e-01	-6.395838031284722947e-01	2.372582578236681616e-01	1.665211618038347385e+00	5.184583794928607769e-01	-3.446515169008162460e-01	4.693065252331641846e-01	2.319128156750518421e-01
2.009349032501586141e-01	-5.823481329053398214e-01	1.506444132514055401e-01	1.671610288147324708e+00	4.439937441650724237e-01	-7.516752401536720696e-02	4.320898381116591858e-01	6.002211969193399499e-03
6.958170320308317836e-01	-3.089677787139675363e-03	6.309058038323243078e-01	-2.587423957726719959e-01	4.386260136173092405e-01	-6.542065033426507125e-04	-2.918899823217904754e-01	-2.364436956984784788e-01
2.823169407201985837e-01	-6.990102072936501543e-01	2.881130042082400422e-01	-2.977333608720162950e-01	-1.472157026634924315e-01	5.934800735282704798e-01	2.208456362769514736e-02	-1.010008789405701490e+00
1.742957262317610945e-01	4.146483131531196187e-01	-2.483058767405042777e-01	-9.227815938734360568e-01	-9.201750825252051902e-01	1.695247630630765556e+00	7.175671386318942524e-01	-1.206006472788726802e-01
1.055331228936316146e+00	1.106619562154225050e-01	-3.338558039212369613e-03	4.611987592588361884e-01	-3.073780798684474513e-01	-7.713470833608870869e-01	4.858345269374466091e-01	1.862328767568635635e-01
-2.234852774563837186e-01	-7.944004583168406963e-01	-2.179580718221142688e-01	2.742242671473807403e-01	1.120192267932489827e+00	-4.173634892208766267e-01	-6.021245528093199795e-01	8.702764847940449577e-01
5.749666301116693745e-01	-5.828712183406694614e-01	1.034911320465321666e-01	1.911039204833073990e+00	2.254664322391852216e-01	-3.759942275705066561e-01	7.801040426906574732e-01	3.056963612949550324e-01
1.321537640621690324e+00	1.161632022780854229e-01	5.039919231892026064e-01	1.433390184267147593e-01	1.256437163210509522e-02	-4.495378406593295573e-01	2.116716988127947396e-01	1.781117897821503926e-01
4.231336839500586811e-01	-2.174466722694220477e-01	-1.167670925636987711e-01	-9.436113664472592921e-01	5.871410027136622078e-01	-8.013481100176993444e-01	-7.971315492730807195e-01	7.488606075940451579e-01
-2.656972020457646910e-01	-9.987758650442648545e-01	-2.562546600842118272e-01	3.806103650333697574e-01	1.284200741288438197e+00	-5.400388152267575625e-01	-6.121549597749003091e-01	1.089120410725824106e+00
4.664386004063414970e-01	-7.133065602921496717e-01	3.005110324174804504e-01	2.106784420655195333e+00	5.323676342711997078e-01	-4.159191247856581369e-02	7.303093846899189057e-01	3.912430399259831937e-01
-2.537434081369280281e-01	-9.275223549755344798e-01	-1.826628031121117490e-01	6.161555889561515231e-01	1.197665690705496111e+00	-3.323580426258579967e-01	-5.480717964115515706e-01	5.904150193690929083e-01
1.327951448150783920e+00	-2.886405422317391278e-01	6.507634038093622619e-01	1.731494848427145017e-01	-7.348908535777982642e-01	2.514901565303583400e-02	1.047728229786472287e+00	-1.054833842326944549e+00
-6.569240085108331295e-02	-7.956329146452216783e-01	-1.164718168600001463e-01	9.824325639603898042e-02	1.183789390656670992e+00	-5.258789394959482166e-01	-6.812217531345723387e-01	7.141477542589216299e-01
4.416866362410604152e-01	6.606358781479688691e-01	-4.061084847797537534e-01	-1.231701741598372202e+00	-1.273863204674843486e+00	1.054385632918094950e+00	7.355291000981249994e-01	-2.808018151886718106e-01
6.346855577881148625e-01	3.305520581281837789e-01	-7.582252948720058505e-01	-1.718084299206099064e-02	-1.125866595588423502e+00	2.245404755259614582e+00	2.676610821173921462e-01	-1.448901783131680610e+00
7.324613987773043178e-01	-4.623106829976146859e-01	3.720577100386086578e-01	1.661491427253635411e+00	3.902835433222999195e-01	-1.169617075586920213e-01	6.368124439651863256e-01	4.237790369675792368e-01
-1.006287266240983719e-01	-7.074371877406526732e-01	5.659132895719419520e-03	1.570663447427766979e+00	5.341394906172037826e-01	-5.543447182527826839e-02	2.316467867649661949e-01	-1.743765837126962093e-01
9.803120227810314669e-01	-7.502447510586570667e-01	4.519176582959429367e-01	2.526088177912564348e-01	-3.957952531997254164e-01	1.232675308272027231e-01	6.545753278523365193e-01	-9.330249046572610672e-01
7.126390686348189618e-01	-5.429055025009026370e-01	4.562607808069777948e-01	1.913390678168448211e+00	5.178115559850593463e-01	-3.531617640245113959e-02	6.771663136515577719e-01	4.270332867427056311e-01
-1.442397380403242502e-01	-1.074509694586171182e+00	-1.483354647612266097e-01	1.466796144735700580e-01	1.339208577536291855e+00	-6.808584839360072305e-01	-7.124298582053165685e-01	6.919406246021518880e-01
-2.475442269639986648e-01	-9.625338523017579195e-01	-1.808231110409823095e-01	4.547314097478084571e-01	1.277854082359518362e+00	-4.638439980017733943e-01	-6.113082987705041882e-01	7.417668958969587667e-01
7.143293195965000342e-01	-5.029454105631619987e-01	3.471429837188342860e-01	1.926659086574233903e+00	3.700620081449258469e-01	-1.368406826879093041e-01	7.774966508315112046e-01	4.727238895717496003e-01
1.421026182027932960e-01	2.575546902894095269e-01	-4.652316665039220589e-01	1.922747394782450825e-01	-7.310883017286166075e-01	2.431358845496861321e+00	4.091848071129511322e-01	-9.964542107311781249e-01
-4.423350330001443731e-01	-1.148000963820319464e+00	-2.067534712777200356e-01	9.912952860175977543e-01	1.430039961035053153e+00	-3.141252233432496044e-01	-4.855928157544349144e-01	8.181935535111003466e-01
-2.560396105728112159e-01	2.802563390166745161e-01	-6.068302072600638697e-01	-5.928699399490700017e-01	-1.269562029911535106e+00	1.654112653003289468e+00	1.427062351590687950e+00	6.000535468523013893e-01
5.272838587312742575e-01	-5.114031096315500013e-01	3.753903198711495692e-01	1.866669808203029302e+00	5.159477060753328015e-01	1.029290731774169937e-01	6.274566311827232123e-01	4.621860299450943343e-01
-2.975606061358054832e-01	-7.564769709177814327e-01	-2.485535080112932782e-01	6.159455567510324636e-01	1.061516068374660726e+00	-2.703104067024043600e-01	-4.909677373237989473e-01	8.021388833406354335e-01
-3.152610463320682510e-01	-6.939404344489240595e-01	-3.916839364108426480e-01	2.020479268547716312e-01	9.299124516999754952e-01	-4.510620362272478867e-01	-4.966514826716736386e-01	1.487955504798765372e+00
7.014743359299200343e-01	-4.453090531745214076e-01	4.071018222648735141e-01	1.815641629329920681e+00	4.515215214571745017e-01	-2.553573276911927717e-02	6.617887229973106189e-01	5.044009989149760287e-01
5.078296751391798702e-01	-5.857072606887299138e-01	2.170963995265265400e-01	1.928873255988837521e+00	4.015149465363500036e-01	-1.848326804815747793e-01	6.808563918973118412e-01	3.329026032526379852e-01
4.532239443424245229e-01	-6.803962286129384696e-01	4.855283241125245980e-02	1.709548905887694037e+00	3.465961732930661343e-01	-4.622962956275127877e-01	5.337045865709051373e-01	1.043410825636364309e-01
4.557182580390102267e-01	-5.876901199403375964e-01	1.813607209599513714e-01	1.896848959629201525e+00	3.904361302099966236e-01	-2.222969962336235339e-01	6.399759780212104232e-01	2.508681826720737806e-01
-2.230947833743723019e-01	-1.002369967214383095e+00	-1.711930950887159963e-01	4.872023267246386458e-01	1.304494902084853303e+00	-4.993818850540102106e-01	-6.299912302788475138e-01	6.409936858990180619e-01
8.207354251331259176e-01	-6.871159827396732256e-01	3.731572709329257220e-01	2.172571749328859325e-01	-1.554371611241591178e-01	-2.490530868459630842e-01	3.805226673182536823e-01	-6.959573820786798537e-01
-1.000169772971178928e-01	5.860758686572660192e-01	-2.462658943552412660e-01	-1.026693186426891558e+00	-1.046883898064360663e+00	1.641606277375827538e+00	1.074024211417676788e+00	3.832236088394804230e-01
3.856474960973437227e-01	-9.196314957087350361e-01	3.498314686179736510e-01	1.380567643031860525e+00	9.292882187352562440e-01	-3.519143229088986802e-01	5.651488459004150311e-03	-1.082050104334078416e-01
6.001036279588582989e-01	-4.959876400149683118e-01	2.670863642360407630e-01	1.742631045153078873e+00	3.984918327131303784e-01	-1.615360281570099310e-01	6.006971220521055699e-01	3.384997730202355948e-01
4.290145034237036192e-01	-5.299107955645860901e-01	3.549791575915449693e-01	1.828407735432314052e+00	5.614166598900639515e-01	4.300934191335756274e-02	5.418335527242454930e-01	3.281166090946364688e-01
5.380270676830906096e-01	5.524238333037052584e-01	-1.682124959505015005e-01	-3.658010313268384994e-01	-1.010759391336681023e+00	1.695554581360429580e+00	4.104324640744477781e-01	-1.491445497837473599e+00
6.188403541135036878e-01	-5.124440612457746846e-01	2.846577003089095226e-01	1.821707076502307343e+00	3.588292197389769123e-01	-1.497847892541725179e-01	6.848907049965241578e-01	3.370625852754290386e-01
-6.280604766708055564e-01	-9.886190748508215664e-01	-4.495139276581832655e-01	1.078356127183461188e+00	1.154311716236237739e+00	-2.366952019927420492e-01	-2.752413354271125989e-01	1.675377485437891334e+00
1.400193748337480670e+00	4.069095467103421293e-01	2.498907311361560912e-01	-4.226307491902152047e-01	-1.354737858717917076e+00	6.206036878661617129e-01	1.008974831394145344e+00	-1.624424552172164748e+00
4.364760687304414799e-01	-1.230398168753859683e-01	2.317513534210025872e-01	-5.166898884433827055e-01	3.688152328484457509e-01	-3.940999899935192508e-01	-4.926024526265144199e-01	-3.396385537994607851e-01
2.437710881361007109e-01	-4.660826522242997871e-01	2.213811942128564303e-01	1.533811126708824579e+00	4.799307901743322669e-01	2.827830996709509298e-02	3.507480639211083551e-01	8.908929669338844226e-02
4.532814707141218369e-01	-7.879092165904564293e-01	7.699414769581623685e-02	1.655553810782561364e+00	4.455546682238024081e-01	-6.011346629531084673e-01	4.361130417470290843e-01	-4.293678827979618279e-02
5.184886748696507786e-01	-5.412401604994394599e-01	2.662330074831041893e-01	1.924243118109698170e+00	4.231236357262863068e-01	-1.155743743711869082e-01	6.659121063373125704e-01	3.227783176326471937e-01
-3.974235826984441333e-01	-7.143586890787395616e-01	-4.162314345273397387e-01	4.463921407636265992e-01	9.124748785115939231e-01	-3.097485233165918617e-01	-4.065470132647635570e-01	1.496333067333193156e+00
4.306209756669001076e-01	-1.911467634849172981e-01	-4.587015128819755400e-02	-8.112117268922736102e-01	5.235527203360154092e-01	-6.137900222740815259e-01	-7.272092738732093276e-01	4.009682766295616929e-01
-2.663666475888051832e-02	-5.874908255877881597e-02	-2.803454585874892713e-01	-5.701670056208647530e-01	-7.276967658560188346e-01	1.437879427825159429e+00	8.022845681634108717e-01	2.203298661716165119e-01
3.195460410141884311e-01	-6.052104854469524398e-01	8.213902452151029820e-02	1.788924195596381272e+00	3.703158927040406945e-01	-1.820258245182448109e-01	5.448263237257984226e-01	1.423212616609089154e-01
-3.437295068110773899e-01	-8.049833294038293285e-01	-2.080562715194894940e-01	8.385549675128087799e-01	1.106701281722000774e+00	-1.653077531854213744e-01	-4.287826404461544949e-01	7.191435116818738482e-01
1.235641654218462282e+00	-6.074477781460271147e-02	1.913942305131866584e-01	7.970203697171378276e-03	-9.667071429248529080e-02	-9.169290734918867924e-01	1.361750055217866573e-01	3.718178295065238670e-02
-3.251280200144603394e-01	-1.092677220457157317e+00	-1.737200515360703690e-01	8.917986575038023833e-01	1.360343658042488801e+00	-3.521709500486046585e-01	-5.278807763800357211e-01	5.601975320786281021e-01
7.677481318150989331e-01	-5.318116692177036198e-01	5.800344303696838288e-01	1.986191118579791137e+00	6.089509268808851461e-01	1.395593800555159358e-01	7.211471231687310857e-01	5.861624400128657708e-01
-3.171089707234172050e-01	-1.131901163228242746e+00	-1.692034881623319109e-01	8.856861729053664423e-01	1.368716619459138695e+00	-3.991614886989252597e-01	-5.178378386232523889e-01	5.639283149666114436e-01
8.423994022766284617e-01	-2.156623481639850237e-01	4.314162372360613729e-01	1.348186462311389056e+00	3.387352029676270471e-01	-7.829859133562502849e-02	4.977447733750090531e-01	4.227647292670351220e-01
9.320562559485704446e-01	6.279461843503784113e-01	3.052813117290333333e-01	-1.709414946340606645e-01	-9.509510410813981629e-01	9.837654179428612089e-01	9.248441070880016879e-01	-1.005332801589964742e+00
3.130172191586019226e-01	-7.261038868722328177e-01	3.029846275725571192e-01	2.108527276367958336e+00	6.772854489137051237e-01	4.083025376312846011e-02	5.721913321610778702e-01	2.998280484509114885e-01
-1.974853636631695442e-01	2.037609638463528383e-01	-2.317401301490927545e-01	-9.584002470313774946e-01	-9.593384509227644852e-01	1.440822867977646471e+00	1.169186250922278791e+00	6.392464611327987045e-01
-1.719448270292711911e-01	-7.664830573505833078e-01	-2.714651413459134299e-01	1.079929285870689926e-01	1.056484862408616054e+00	-4.825312878603066902e-01	-6.308414471379344413e-01	1.016262558896273482e+00
7.643855184192647201e-01	-5.348687771104910782e-01	2.888790331242979681e-01	2.004184887335650256e+00	3.467716865189771069e-01	-2.161350976050694650e-01	7.601495410799317121e-01	3.327435035005216202e-01
1.184492568578691341e+00	2.435296275953568457e-01	1.920842506065512101e-01	4.184519767552011271e-01	-1.891020736939890701e-01	-5.496616231542627018e-01	4.206117475002918438e-01	3.430954256043630690e-01
1.058200315041047279e+00	-2.701812340498032095e-01	5.128054820906716715e-01	-3.832785775896670882e-02	-2.780054446783362249e-02	-3.107864091459333622e-01	1.527533605207521683e-01	-3.835791708998507188e-01
6.216422794476983427e-01	-5.355503888659073342e-01	1.478243724462745268e-01	1.837390400018308778e+00	2.386049023784409528e-01	-3.661247134957348881e-01	7.497267990557903161e-01	3.285425888463076038e-01
6.544042116320518687e-01	-4.091597955769767925e-01	2.705741608344547355e-01	1.653863332638665362e+00	3.151448509832797673e-01	-1.734928436359914061e-01	6.052301953352225983e-01	3.083370522345412756e-01
-2.267461813434750173e-01	-1.031716396136964198e+00	-2.175609103061147132e-01	3.198694835500925926e-01	1.289297486940018223e+00	-5.716090733600878160e-01	-6.366153211519633981e-01	8.980310394066759461e-01
4.771679506317600961e-01	7.008745117944449599e-02	-5.158433722836192059e-01	-3.851549579292418840e-02	-9.143757910580578852e-01	2.657654974801023862e+00	3.921658699101848167e-01	-1.262889025436245705e+00
6.910583374971688286e-01	-5.189965743828295341e-01	4.858130531649669237e-01	1.992671616535998780e+00	5.478928407497496433e-01	1.007091354484302148e-01	7.262310003783981616e-01	5.594352515803671100e-01
6.308377759233058102e-01	-3.616121357306371076e-01	2.486919536987377000e-01	1.530039008214908236e+00	3.240412308995168633e-01	-2.065601507665469350e-01	5.040787096369256925e-01	2.223905968253232224e-01
-5.530578899849051266e-01	-1.028625681204166975e+00	-3.246876086391566330e-01	1.320095342499340463e+00	1.227712434872955116e+00	-1.592516112389275040e-01	-2.953192867020945633e-01	1.001056965530303211e+00
3.088302416724324206e-02	1.748199038335622735e-01	-7.918340654389762756e-01	-7.469907242451592211e-01	-1.491875082561770816e+00	1.303251435345704534e+00	1.257695157257761931e+00	1.385517255813675797e-01
1.036785606295049567e+00	4.437086824522863682e-02	1.162258021815587017e-01	2.590245971683744486e-01	-1.999706103873505614e-01	-6.497009505924328243e-01	3.451823585704302810e-01	9.088384402939814199e-02
-1.945058129774860367e-01	-9.279028426286635156e-01	1.229499517389053553e-01	9.818225539562123183e-01	1.070482405989451546e+00	2.050357726865945085e-02	-3.343225799596894476e-01	-3.479043697868419160e-01
3.988295978966435174e-01	-5.013322672189364226e-01	2.637779837631317181e-01	6.120890177745845762e-01	5.489129500795426886e-02	-4.301595391401881185e-01	2.531211095614135931e-01	-5.282304616560531407e-01
2.522528468026331572e-01	-7.728554472887768645e-01	9.575479455348898106e-02	2.160822531423971959e+00	4.837038295374499475e-01	-2.044069965276569534e-01	6.807919370974324647e-01	2.271800703385747633e-01
-1.700974950514955730e-01	-9.448510563486491876e-01	-2.451131668811516173e-01	7.886225556305126450e-02	1.145105822109196758e+00	-5.308091255838606193e-01	-6.492800389769309843e-01	9.404507883943871160e-01
1.318597368142989668e+00	7.290600903670620969e-01	7.707225802092508571e-02	-4.346426058231754319e-01	-1.405887655509221457e+00	5.922852247631751332e-01	1.478381705499526966e+00	-3.799244972895686190e-01
-1.146464122255349966e-01	1.633664676178805397e-01	-2.548664830992303787e-01	-7.225648208924724258e-01	-8.154800014643363015e-01	1.409367795202735474e+00	9.483087129197849130e-01	4.502609006290274052e-01
7.066376831785284307e-02	2.338472338311144982e-01	-3.347841258613191706e-01	3.095478436386333021e-01	-5.411838255844679813e-01	2.656450074826779417e+00	3.199394535344145529e-01	-9.645009868904257377e-01
9.364649866347511675e-02	-1.053163873650914129e+00	2.543383649203997399e-01	4.832861268686541867e-01	1.339025657905671407e+00	-4.842054964915721293e-01	-6.235142416902365037e-01	-4.266432861070909577e-01
9.018448018709752656e-01	3.046753890912455576e-02	2.565825580273821682e-01	1.865084650893855667e-02	3.427196480735840434e-02	-3.544994815259681076e-01	-1.014454253237860246e-02	-4.812189582194443399e-02
4.491940943022064703e-01	-2.681433254053045001e-01	-3.244300150929891879e-01	-7.976820016987501427e-02	-9.907677121765139372e-01	2.165006284400350367e+00	6.101689059863696363e-01	-1.455218409853219041e+00
1.717770928038808709e-01	5.357050841732921009e-01	-5.253623592928878816e-01	-1.195564435351549770e+00	-1.390882728139592572e+00	7.857741830292570562e-01	1.102541793316839547e+00	3.041024838879858305e-01
2.665602793440752238e-01	-3.461694876504886609e-01	3.611957371214293278e-01	-3.492918621154407766e-01	-3.801610385809704451e-01	7.371320534289600435e-01	2.346201103970709800e-01	-1.248565985126978140e+00
-7.062628785262393960e-02	-5.241817370280543731e-01	4.614364001943456195e-01	3.600896784363019076e-01	5.040968188878985901e-01	-1.068841694738037473e-02	-1.433654214577027852e-01	-7.234287292957832793e-01
1.263972892914429491e-01	-1.050350471226257687e+00	2.828132618207862548e-01	5.727000710464797972e-01	1.355201603322372383e+00	-4.487221447420048914e-01	-6.028181613225132018e-01	-4.570850924778740443e-01
-3.693319766557784933e-01	-7.331694509100480373e-01	-3.773025060327591107e-01	6.244606224024918939e-01	1.008273270402931798e+00	-2.512087346163471291e-01	-4.675896669834638808e-01	1.202893809562249672e+00
3.782985493245099584e-01	-7.696232945521259694e-01	2.995335580203479231e-01	1.611897020530199676e+00	7.657402902991646831e-01	-2.473639326115351089e-01	2.163074643928574736e-01	-5.391271682137921233e-03
5.355005761436195666e-01	2.666123108369571060e-02	2.620599021378864912e-01	-7.974927358186038040e-01	-1.184964496588541527e+00	1.622874826598948550e+00	9.253633504497651430e-01	-1.600892133385990235e+00
4.080488388575710390e-01	-3.612590181011846036e-01	3.532902951310210038e-01	1.371477003626783819e+00	5.285885774214583721e-01	1.555150792923806757e-01	2.933144026834464402e-01	2.023174495288553865e-01
7.091357653855134835e-01	-5.825702885747553461e-01	5.188843324945315860e-01	-1.163776877495233120e-02	-4.804390205422066212e-02	-6.590778727451618302e-02	1.698793457618921476e-01	-8.263780324011722467e-01
4.944783505788588607e-01	-3.277353870143138170e-01	7.484299720511305987e-02	-1.066891935980906592e+00	6.110866624087439858e-01	-8.736430510015549267e-01	-7.980008510414305922e-01	3.744968708984887096e-01
-2.177928872970665564e-01	-9.931266182329299141e-01	-1.893439656705921126e-01	3.698993111480394225e-01	1.303870583352447099e+00	-5.381285548158524223e-01	-6.542131664565485893e-01	7.649789606405945630e-01
3.024430846265844797e-01	-7.636607865359014147e-01	-6.924986611718048080e-02	2.096222352954267620e+00	2.764120690035907768e-01	-4.724287273184640812e-01	7.209898472681821602e-01	8.045518417224301055e-02
-3.161077573557778964e-01	-1.120209815681836529e+00	-1.542201105577418740e-01	8.707629915055307146e-01	1.373418100509839812e+00	-3.426445563526810956e-01	-5.284954576062079745e-01	5.158307562593885676e-01
2.316491914558772569e-01	-8.141309205090330181e-01	4.064519090309421379e-01	1.924221983209107201e+00	9.678817323139026207e-01	1.015276489236684454e-01	2.706389267685463951e-01	1.550443167647622689e-01
6.971086434020256073e-01	-5.837988115541793421e-01	3.192300012112748719e-01	1.020030595092124015e+00	3.608386174286192238e-01	-1.871509776163630401e-01	2.648057855951685413e-01	-1.102805961008748170e-01
2.402051799755359207e-01	-8.067114000470253510e-01	1.090229839941842110e-01	2.172203302889893273e+00	4.898505539250581631e-01	-1.817367447570901184e-01	6.720980010639927560e-01	1.257077652065421713e-01
2.676573251258230757e-01	-3.970084529044105026e-01	2.880262054709193387e-01	-8.296592532711977164e-02	-7.418583768697463443e-02	3.502504834972182124e-01	3.987491778343202342e-02	-7.325332167040798925e-01
1.188647637968349269e+00	2.118908645221999065e-01	1.999475974060984373e-01	4.866087270311039714e-01	-2.035360945136599486e-01	-5.755421156218245571e-01	4.650793761329629628e-01	2.984790412182670161e-01
4.775421024262894720e-01	-6.135066525096614098e-01	1.536301924859949097e-01	1.967814182509422416e+00	3.663763426440358462e-01	-2.513326570571574048e-01	7.108825694742163526e-01	3.421064447031608169e-01
3.180697887530045675e-01	-8.185921970490668276e-01	5.963565092537496948e-02	2.157765122106871658e+00	4.788943857519977199e-01	-3.368578269027227567e-01	6.720097445701330718e-01	2.327537137779410181e-01
-2.155511218553284869e-01	-8.946709081159623933e-01	-1.537150675887326012e-01	2.642520600937595665e-01	1.188913836254601675e+00	-5.162185573729285437e-01	-6.092346725146848829e-01	7.400645478868360660e-01
3.562581078499247877e-01	-7.449438267746919529e-01	3.289100515286008664e-01	2.196064551938296194e+00	6.386736904666092673e-01	6.612676420062074678e-02	6.948130534413458070e-01	3.890243894287571669e-01
-3.308084237921058435e-01	-7.941639504684068207e-01	-2.828912508462437247e-01	4.438631316738810284e-01	1.091112604559068000e+00	-3.465001592037170730e-01	-5.186538894585133175e-01	1.083414433956069844e+00
5.025516540265253518e-01	-5.958280142137466484e-01	3.460302873341242758e-01	1.954156239324562394e+00	5.358883202432793702e-01	2.873495153832153828e-02	6.318759502616263513e-01	3.685861172081974502e-01
-1.982175320879941693e-01	-1.004911397932576111e+00	-1.218781133215823681e-01	5.396456324588624343e-01	1.316412522556490439e+00	-4.641434962017327304e-01	-6.183589699147352681e-01	4.639522330800484040e-01
9.010911769762075529e-01	-7.332219961522767893e-01	3.909975662580970623e-01	1.422913042486431134e+00	6.682437738083448764e-01	-5.422283733366126679e-01	2.722623770880691629e-01	1.316268351773026701e-01
8.002259037490833116e-01	-5.127353999925343686e-01	2.823018125244946552e-01	1.928266996663131394e+00	3.055938071222392693e-01	-2.158596193884398939e-01	7.696177839185683878e-01	3.821363921573341926e-01
6.123182316003979997e-01	-5.603595156091835117e-01	1.095927964073910715e-01	1.838576140741552623e+00	2.254632999438767049e-01	-4.175577921520037261e-01	7.434476902813194066e-01	3.046827108896239533e-01
2.017919286842370097e-01	-6.128528022508591411e-01	2.685316998767158236e-01	1.216312500662292351e+00	4.384407313014041518e-01	-1.215763205079373188e-01	2.251752669188544220e-01	-3.244177589407341578e-01
1.193074192516269783e+00	2.537719878279826036e-01	2.416241113158443254e-01	4.581680136265007253e-01	-1.383825341588909852e-01	-4.716953092136126902e-01	3.941957696353844964e-01	3.719752129468125723e-01
4.412682323218636293e-01	-6.392198060244405067e-01	1.321469490138356684e-01	1.896047462645666704e+00	3.737627165654152095e-01	-3.209513051031758213e-01	6.373667212240894386e-01	1.917810542896937476e-01
-3.811661496262814391e-02	1.848388796895992225e-01	-3.708804813478113749e-01	-1.035735414540730037e+00	-1.118524605822925011e+00	1.164844940469978329e+00	1.122449911380025700e+00	4.546425335856277838e-01
7.349597153701795671e-01	-4.884370878149032480e-01	2.487797888887368913e-01	1.825825402973674016e+00	3.167199267475373503e-01	-2.347711456088291126e-01	6.782489921471072103e-01	3.163333161206601796e-01
6.834708691604410857e-01	-3.759735654728564302e-01	5.756613777918090369e-01	1.688101407534719822e+00	5.732244837862621178e-01	2.357904208335702689e-01	5.680856575412076559e-01	5.155435774264578441e-01
7.566971160828309673e-01	-4.958698523212924369e-01	3.147405155266848609e-01	1.854341547270103474e+00	3.082607510478334034e-01	-2.001682290257610075e-01	7.748597688738714240e-01	4.375034166127942936e-01
3.447733043111376183e-01	-7.826206230180873247e-01	-6.942099853457611713e-02	1.706728050456977286e+00	4.613295560533648976e-01	-5.805596666164050124e-01	4.310668620589929723e-01	4.288917682035875978e-01
1.070476867228957324e-01	-7.043750933159672600e-01	2.475247662523832534e-02	1.932111145890129444e+00	4.068015127826553057e-01	-2.101567477627447889e-01	5.810402880395660885e-01	6.115494126939019504e-02
1.004934403287944394e-01	4.902834440153778783e-01	-4.178548993587705707e-01	2.933037996866729169e-01	-5.819102682090157019e-01	2.307267437730207149e+00	2.034418560198183734e-01	-1.000515655893642775e+00
-2.220369544085045721e-01	1.263900902560074480e-01	-2.323737981009945386e-01	-7.479396323550538961e-01	-8.284905657911949550e-01	1.713539241679790992e+00	1.062657181930336758e+00	5.261337545217680267e-01
-3.220750091395382930e-01	-9.205446730429845958e-01	-2.571983443586713380e-01	8.775916016568846567e-01	1.156007542558627366e+00	-2.739375709704672257e-01	-4.414808378859774174e-01	8.280778629462970386e-01
-3.484059286190277493e-01	-7.124526484424075212e-01	-2.917888410970255197e-01	6.159753703398819225e-01	9.867826959174785806e-01	-2.220921518036870768e-01	-4.268151510398940918e-01	1.018366965077901920e+00
-2.032545409143593773e-01	-1.032978598755509569e+00	-1.679509857414863971e-01	3.200121518865240988e-01	1.323448022725143280e+00	-5.789299507920114829e-01	-6.593526360590746815e-01	7.567950858858384366e-01
1.210755167764013679e-01	6.720455795144999467e-01	-4.913981790241730985e-01	3.410857436170974255e-01	-6.517144789351848599e-01	2.387802730097809079e+00	1.962921227657314915e-01	-1.007441050716735731e+00
1.039635751699960808e+00	-6.638852673732769105e-01	4.488168412471694180e-01	7.931226209512626246e-01	7.302229881902151387e-01	-7.361044710820048298e-01	-5.757923495335667829e-02	7.981749713507513277e-03
-3.963572641263169438e-01	-8.544861068647310320e-01	-3.097017992046535717e-01	7.693410391948319882e-01	1.099943843804070287e+00	-2.345982066972777114e-01	-4.427006588667347087e-01	1.014960447500725005e+00
4.626662575467027083e-01	-6.740175239989721900e-01	5.902018337237826401e-03	1.986222911981077033e+00	2.155268235510153785e-01	-4.756353076714657235e-01	7.840658941719969022e-01	2.072822597399795741e-01
1.842201981889414752e-01	-6.892506631872316047e-01	-2.869177362482411286e-02	1.734918347383842763e+00	3.406454426964319326e-01	-3.766574704387039008e-01	4.908952948533193417e-01	-4.624199232165571855e-02
4.545557695855956259e-01	4.009593859838559982e-01	-4.676529542530987738e-01	-3.970504334530040175e-02	-8.638319443617029636e-01	2.455938524900283859e+00	3.044746135803136911e-01	-1.224926903198322758e+00
-3.714973959962437622e-01	-1.170972008697929168e+00	-2.269946873857729142e-01	7.948476570758119530e-01	1.407699512331455738e+00	-4.612045432156282598e-01	-5.418392444329078739e-01	8.457264866447063989e-01
1.757103410413330957e-01	-2.667277094173937657e-01	3.943827681913423810e-01	-1.370901928849618291e-02	6.360840355026782522e-02	2.894162624445282828e-01	-3.351326802256248544e-02	-7.371025269047185580e-01
1.525837864107565389e+00	-1.585596722258431623e-01	2.870461966889641392e-01	-3.482843848150121158e-01	1.377167424169551957e-01	-1.171533524578913354e+00	-1.479918810133611651e-01	3.565699178562559135e-01
5.483195818336505933e-01	-4.225496930975670140e-01	4.186530160214244067e-01	-6.930317818187000656e-01	3.616544355287422685e-01	-3.017735735580541756e-01	-4.905266755288152924e-01	-6.480113182140123662e-01
5.093996225843751002e-01	-1.814869659027612547e-01	2.987076522139682500e-02	-9.581222520717890268e-01	5.321759813931939975e-01	-7.273091224332406401e-01	-7.487256288602054388e-01	3.500196465870347717e-01
4.582740119579478688e-01	-6.235631283412570447e-01	1.168829328265491158e-01	1.946141717906347157e+00	3.155937536035280933e-01	-2.961866513052492378e-01	7.339380123888384899e-01	3.043812774869409377e-01
-2.436354577333141314e-01	-7.299236571192919687e-01	-2.358330236489910581e-01	3.667883943922646828e-01	9.923254249848654229e-01	-3.244986119222230680e-01	-5.144791257110480354e-01	8.120598634910913827e-01
-1.505698741685009556e-01	3.258859098888419181e-01	-4.100042943378976457e-01	6.440048466644082703e-01	-6.489675970619435130e-01	2.817483650466936940e+00	6.643534362704396345e-01	-7.441565330159802816e-01
8.367836237417695944e-02	-1.012100570521944493e-01	1.883249960128175748e-01	2.016916752052982931e-01	-1.503453070857013185e-01	-3.701468549457231916e-01	1.511989338579927955e-01	-7.123580742589187276e-01
-1.581463661281185817e-01	-1.183563157488356055e+00	-9.590608399142706852e-02	5.275307739905529258e-01	1.453271794703724806e+00	-6.242269450617679016e-01	-6.713098790215394907e-01	3.546633556750609095e-01
8.293113812470047641e-01	5.123605125344570244e-01	7.150190640202698511e-02	-4.617861107112238850e-01	-8.232283183934422377e-01	1.638999972482508394e+00	1.045075288252252932e+00	3.191427520790858230e-01
-4.392821060978228109e-01	-9.371631945873613034e-01	-3.123340408548239133e-01	1.040902290654658557e+00	1.146608372873685111e+00	-1.852615826195457560e-01	-3.856111775105645623e-01	8.899170949177818146e-01
1.371363698046448865e-01	-8.151970324199632190e-01	-8.337233856780341956e-02	2.070728827469075384e+00	3.065801569489828293e-01	-4.525244620276539509e-01	6.873066222533436020e-01	3.617368322416908422e-03
5.678740008817468876e-01	-3.778545144602611372e-01	8.754404849844311942e-02	-4.919387259162043557e-01	-5.382288377362557386e-01	9.066899035747494340e-01	7.077661726648414031e-02	-1.395639051683870591e+00
5.215626233559038649e-01	2.176703668939359848e-01	-7.878823500749437825e-01	3.600094879386914887e-02	-1.095412016032284663e+00	2.037852116170180583e+00	3.111849489471884000e-01	-1.330864643632498900e+00
2.198479904379025407e-01	3.031149341058705926e-01	-2.989179470790262472e-01	1.512239028907491900e-01	-4.488413628539974498e-01	2.403284042924954456e+00	4.877423868984011313e-02	-1.074844253329891863e+00
-2.446888392013173430e-01	-8.477043973971066793e-01	-3.092257673225028980e-01	9.556595590227059955e-02	1.122053711352283045e+00	-5.767754239557247864e-01	-6.201157914085009271e-01	1.280898016423096308e+00
2.972134311217247693e-01	-6.499773168507295695e-01	1.489962274321564827e-02	1.869955529367568037e+00	3.169192099546004893e-01	-3.182988300013932514e-01	6.147576498534141898e-01	1.198281502432566037e-01
4.539973614960077786e-01	-4.183155292358536337e-01	2.762711064768263447e-01	1.576036405757226699e+00	4.221274134881201068e-01	-6.456891822580261564e-02	4.783552203659275359e-01	2.673923748132681077e-01
7.497509001617154167e-01	7.175522796963977878e-01	-2.932033373461387371e-01	-7.641462836160349825e-01	-1.365008316546432177e+00	1.500353154730949656e+00	5.576007323313560970e-01	-1.501321856413827538e+00
-2.907722699214075890e-01	-1.019614121252670369e+00	-2.477696522020759462e-01	4.927845747277467825e-01	1.277231921672878245e+00	-5.108392097920918529e-01	-5.831423381779378134e-01	9.577402527212620642e-01
6.747161481376072745e-01	-7.183631741819919148e-01	2.102969808677964403e-01	2.142502110572512386e+00	3.622793529451561745e-01	-3.453850120115116162e-01	8.455563053526714556e-01	3.826419431682647754e-01
-2.888748098568061362e-01	-9.699734406783395713e-01	-2.364297035709847783e-01	4.453895630860234545e-01	1.228057066062627101e+00	-4.853452924261675294e-01	-5.737706730414713352e-01	9.092730752072291089e-01
5.757404560366664592e-01	-6.865022810819897403e-01	3.929281625882047879e-01	2.236932619206036144e+00	5.793477921639266226e-01	3.282469371939836233e-03	7.807047906687304417e-01	4.796052468134562874e-01
4.674588760114626318e-01	-1.942813989776436545e-01	-1.745407583119252537e-01	-1.005413699514285497e+00	5.794025184229637526e-01	-8.490756604664707607e-01	-8.351602059288181223e-01	9.441045058744088614e-01
1.147284058102989501e+00	2.289117816999947097e-01	2.301765995748296656e-01	4.060242571832717862e-01	-1.354712033315623732e-01	-4.494031850021616425e-01	3.595008824424934524e-01	3.083796261782706938e-01
7.003161097367557320e-01	4.415475417375518963e-01	3.649939225478426863e-01	-5.517246610826658237e-01	-7.452214059214137265e-01	1.466436463581431093e+00	1.254727111363662662e+00	7.324329662993571688e-01
-5.768690639967175016e-02	-7.861517835931841613e-01	-1.085173919597567233e-01	1.089233713895598199e-01	1.155589138129130333e+00	-5.217423427185168272e-01	-6.886083478550799608e-01	5.561632676300223288e-01
8.359280465918972336e-01	-4.144639540143078560e-01	1.588624220428636324e-01	1.615200806085529628e+00	1.087035825677239859e-01	-4.542723861305217881e-01	7.218537176320387605e-01	2.790675235063097559e-01
-4.020390208237982765e-01	-7.641930940993439947e-01	-3.978975238623718158e-01	4.499350371943918181e-01	9.776089863516794765e-01	-3.564298069772528499e-01	-4.198341607849216395e-01	1.512992206203020995e+00
6.287603107276238390e-01	-3.936213965724544850e-01	3.667099108975869770e-01	1.636036265107690291e+00	4.156474408841557278e-01	1.541763716522911998e-04	5.555591045503958103e-01	3.568686269271417189e-01
9.775640988401242959e-01	2.086461359233585666e-01	2.020009595319531837e-01	3.572282188491619492e-01	-1.071908431071380979e-01	-3.598977228045155408e-01	2.605164131132995387e-01	1.538038257965303468e-01
4.304702859052810249e-01	-6.870479629870359650e-01	2.553407287612793550e-02	2.011075525155618937e+00	2.666824803456896431e-01	-4.171796236796387336e-01	7.510725466431664721e-01	1.901394164096376904e-01
-4.090848989527643420e-01	-6.040830177834654036e-01	-4.503405563076440798e-01	3.860755585347788732e-01	8.564822495024667637e-01	-2.986974436090797380e-01	-3.861076327951515341e-01	1.681204972582548418e+00
5.160132348575926509e-01	-5.066671027109518333e-01	2.153969386438817080e-01	1.768878588100104787e+00	3.879387022851319422e-01	-1.923544181302219991e-01	5.720810706679806401e-01	2.365961210774981671e-01
2.450611965304880790e-01	-7.791603900417347628e-01	-8.673545795540825443e-02	2.096944170770295823e+00	2.420777539424719960e-01	-4.990144234618199004e-01	7.801977221019509301e-01	1.408572640321503200e-01
3.942443166334108073e-01	-1.464126470507077782e-01	-2.372228056622333603e-01	-7.671595116113835156e-01	4.068789145556582776e-01	-7.678484680840178545e-01	-6.808108824105332246e-01	8.307316445934245230e-01
8.819750179331317663e-02	9.634278741588671313e-02	-6.334628152596725181e-01	-9.743859453888633615e-01	-1.453226620963784521e+00	1.195610155196684898e+00	1.235760794194562529e+00	9.112201870537195436e-02
3.846987279900705436e-01	-1.401128669835882967e-01	-1.942606336902923669e-01	-9.103832805612217527e-01	5.290809823330469008e-01	-7.766418337314130449e-01	-7.674651627847205448e-01	9.606963707972902000e-01
7.327619779876500816e-01	-1.045677694084903742e+00	2.361260759687618949e-01	1.378924928787539805e+00	8.175815897440080748e-01	-8.913984626472523098e-01	8.540973997740387846e-02	-9.490405475235225152e-02
4.883435069051564881e-01	-5.700240034520704935e-01	4.305098134917895170e-01	1.993327131463161539e+00	6.659958793382936282e-01	1.751302160603523672e-01	5.384713555479488933e-01	3.191740618721554124e-01
3.048783704419412155e-01	-8.541501965268494256e-02	-3.086443207276658440e-01	-8.312896971891191589e-01	4.262286870669375061e-01	-7.504433824061094160e-01	-6.909444788888824407e-01	1.228226640634395128e+00
3.533643587329828306e-01	-1.463031963375689970e-01	-2.615764180049412468e-01	-9.192263386004841941e-01	5.071659815618697609e-01	-8.180519683615252724e-01	-7.582274381529692242e-01	1.179458055296281227e+00
-2.926077741125472642e-02	-4.779731812562352800e-01	-1.835321702718801518e-01	-9.552818479950934139e-01	-8.025890686483879710e-01	1.605069282183132051e+00	1.021811092523850828e+00	3.624582900253766615e-01
1.392242584581577125e+00	3.815708848757652372e-01	5.551541743111652050e-01	4.304793525726026138e-01	4.523228394279023290e-02	-1.829726450863891074e-01	3.391386615538881655e-01	5.773416933950819008e-01
-1.451183761995110677e-01	-4.551420768048012461e-02	-4.265642672797829160e-01	-9.140642049755358656e-01	-1.205306506895108098e+00	1.566609744655712566e+00	1.383772287850675742e+00	5.515256175849165832e-01
-3.014674730444202866e-01	-9.573556828544924624e-01	-1.281759204775922978e-01	7.311512382123597220e-01	1.224266743251996692e+00	-3.341222239384509796e-01	-5.034175655038592989e-01	4.827136162837762368e-01
3.836246215149560768e-01	-6.424743892223832020e-01	-7.118128210214049768e-03	1.931983484837239029e+00	2.664780760560431783e-01	-3.824429326551755937e-01	6.952784699204112018e-01	2.258621424752009221e-01
6.510534930142071186e-01	-6.146198963562613526e-01	4.764144326573662713e-01	2.156440429545695370e+00	5.751435161507238991e-01	1.236081174301705138e-01	7.826221586572603695e-01	5.141133771857137047e-01
7.142453221189324353e-01	-4.750641852353148509e-01	2.124927245398416376e-01	1.852770028916756129e+00	2.648930466912940429e-01	-2.167667295035632102e-01	7.586663691343049631e-01	4.828598117644963827e-01
1.161157378627124814e-01	3.615733835314106637e-01	-3.879237098874190881e-01	3.235579198290287062e-01	-5.598472131523848372e-01	2.445162942176355880e+00	2.275360003275012921e-01	-1.033615105203540052e+00
4.492976490006864720e-01	-6.532237475643627445e-01	9.899761735895908077e-02	1.960252998341680764e+00	3.164067383075239714e-01	-3.311189955923893868e-01	7.222798489189283799e-01	2.373954903052316323e-01
4.561062558417172674e-01	-6.141865187980838359e-01	2.101812421590632252e-01	1.988914940333562420e+00	4.342192808036483553e-01	-1.224418192305743724e-01	6.838492666451825297e-01	3.659331818876528364e-01
-4.142559837128367839e-01	-8.146114895586149540e-01	-3.891266711953801360e-01	7.024995704702484689e-01	1.042928602215110523e+00	-2.818533241824552338e-01	-4.312686472278843830e-01	1.279830640938905528e+00
3.533010222397703348e-01	-1.330556938235544773e-01	-1.560481588314311108e-01	-7.602349036971099983e-01	4.731997201297950539e-01	-6.658923708302251221e-01	-6.999389021802470134e-01	7.039128170462423117e-01
4.113850886510104776e-01	-4.857320588645646087e-01	2.766834012236993323e-01	1.663808522480751728e+00	4.843081842158453165e-01	-5.987922495713050852e-02	4.898045449530915585e-01	2.999844747193066152e-01
2.424740542950047373e-01	-7.471644253368264765e-01	3.450584033006089124e-02	2.114573569584322410e+00	4.154402682177644746e-01	-2.695786906104370995e-01	6.826483295404683904e-01	1.929520065014804497e-01
6.734433749889571219e-01	-4.127140221815993049e-01	1.876469506018807187e-01	1.563210956736706514e+00	2.062902663155655736e-01	-3.386728987438996086e-01	6.458721195721757180e-01	3.059906167906470964e-01
1.091383792612645509e+00	2.011580400384244682e-01	1.769279739847128829e-01	4.381450238336431213e-01	-1.686927676931792019e-01	-5.018099494376702108e-01	3.848674580385174071e-01	2.664123695398764591e-01
-3.044861518543716117e-01	-1.010801005219904791e+00	-2.815765307907194259e-01	4.835074894234379639e-01	1.231523506328740414e+00	-4.642092243878479518e-01	-5.719531600759265588e-01	9.791317573197764190e-01
1.156487437964920151e+00	3.154666423281195509e-01	3.968248786699477004e-01	4.104876016418356199e-01	-3.148684982660118065e-02	-2.618968465621062114e-01	3.183613168552474337e-01	3.954191633606085055e-01
1.124170073052556340e+00	2.003139064910549050e-01	9.568376849678161822e-02	4.820925668948811693e-01	-2.360194515360507783e-01	-5.893256572149925265e-01	4.441201523890015990e-01	2.861634656362092022e-01
5.628865775597001742e-01	-5.977963984466285741e-01	2.573867207838844706e-01	1.963144781952018247e+00	3.911255195694492981e-01	-2.148926066034653470e-01	7.317212000789388160e-01	3.331086745818919725e-01
3.219517384172514429e-01	-2.737380083001351716e-01	1.386715184511130572e-01	-1.055549870217879216e-01	-1.204952950725128175e-01	-5.839839778058965036e-01	-1.936905794496546901e-02	-7.063450306822279812e-01
2.210918692294821519e-01	-7.884414058491487354e-02	-2.476197332440613092e-03	2.929687152582990950e-01	1.011449362110348887e-01	5.943099484121316251e-02	-9.312595477615660811e-02	-2.466431228550104993e-01
2.001455933989577107e-01	-6.344719045143715208e-01	3.779963288199799654e-01	-2.349171918850424534e-01	-8.987153101400399691e-02	4.907926903811913877e-01	2.761268552236875728e-02	-1.025252123328066922e+00
4.367329299838112466e-01	-5.815851958486858431e-01	2.119954109384548924e-01	1.846762545782303366e+00	4.010979657982631785e-01	-2.203166702893384343e-01	5.961806211532406641e-01	1.170511223904264486e-01
7.225419360477458586e-01	-3.506179337315220579e-01	3.614468233059359159e-01	1.552042360584156899e+00	3.135482350515267913e-01	-1.554219763482024841e-01	6.062078752846158380e-01	3.505139663677346307e-01
1.535356902346811214e+00	8.610105309250249972e-01	1.960022056182301187e-01	-3.228270143718433571e-01	-1.456113917550435177e+00	6.510945908680176863e-01	1.200198379366368417e+00	-1.310374545323320206e+00
-3.959481757528188206e-01	-9.859481990444775024e-01	-2.986979922927274766e-01	9.172400745525745025e-01	1.202728939073939296e+00	-2.722063989869875633e-01	-4.479097008544698499e-01	9.164928063579740325e-01
2.032393410758615293e-01	-2.854095318259044362e-02	-2.881833706279283147e-01	-5.801283813048168092e-01	3.209875456655356674e-01	-4.897692532184980130e-01	-5.654922603433844008e-01	9.412815631819512197e-01
-1.477743445907050701e-01	-1.052601171151567927e+00	-1.532798813447456554e-01	2.044467864663492562e-01	1.307668275617950515e+00	-6.382920858903990968e-01	-6.919208544708453923e-01	6.384106952430494974e-01
4.951725003810810710e-01	-5.850970610265276983e-01	1.919074007797172965e-01	1.853483692941295891e+00	3.917634770651731713e-01	-2.568184870641369577e-01	6.399308806164065722e-01	2.820837698532537297e-01
-3.945202019561472873e-01	-1.037011426999558728e+00	-2.815867104619073080e-01	7.662923862709031253e-01	1.279566835721639206e+00	-3.807859399821946211e-01	-5.028177483705977835e-01	9.955834178461411277e-01
1.805606947261158002e+00	-1.810641743109705215e-01	4.988363394541720508e-01	2.845668613528598567e-02	-9.620901377632260498e-01	5.391717882178905796e-01	1.262863400859804308e+00	-7.162998152730145618e-01
5.317358489080007411e-01	-6.991952662103316785e-01	5.348944989750736845e-01	-1.963647245294847243e-01	-4.860885032487233248e-02	-2.227983376795920067e-01	7.591403892803692821e-02	-1.041646868439308982e+00
4.625624712808155681e-01	-4.632459454933233189e-01	2.702050211740911756e-01	1.696236542822364912e+00	4.764842570474348005e-01	2.343219489052070226e-02	5.048717124932455835e-01	4.205970238907382752e-01
-4.258449562567140356e-02	-8.226976615128548387e-01	2.371716488580379589e-01	1.194410779385535193e+00	1.032604825699393603e+00	-1.063958840005711504e-01	-1.878008084713319314e-01	-2.099969282024609085e-01
1.344350749924391408e+00	3.020474688243515726e-01	2.942796518681221052e-01	4.690524550448635366e-01	-1.423145939239632840e-01	-4.598158551754810697e-01	4.203599777149235606e-01	4.358190625348797864e-01
5.992615311288017610e-01	-5.416541871139451958e-01	4.478843747742295989e-01	1.997988888562960863e+00	5.721780382216713479e-01	1.283201133750025147e-01	6.656167053781885112e-01	4.519851126984841816e-01
4.756318662342715609e-01	-5.290938350463672002e-01	2.834332334866870168e-02	1.755073428366662691e+00	2.413791381406146241e-01	-3.776440607010193573e-01	6.112765847868015801e-01	2.108328376132972415e-01
4.906786722155883629e-01	1.708808277663275144e-01	-5.183289329515617938e-01	-1.787377407911186836e-02	-7.577317338845515060e-01	2.173139471553524160e+00	8.484374354877401159e-02	-1.286786215648587639e+00
4.820085668359566089e-01	-5.328840377746999479e-01	2.370845874845796675e-01	1.753516814441433702e+00	4.532374738453016638e-01	-1.694646089931925725e-01	5.363529608234667290e-01	2.693780706674013259e-01
4.240906482740631755e-01	-1.721792092393858720e-01	-1.228863859680873194e-01	-1.026124292636394264e+00	5.571372977947893768e-01	-8.264575737466511862e-01	-7.841233004749966762e-01	8.831467369432810521e-01
4.459941999014339076e-01	-7.179354176498815576e-01	2.674637932090845882e-01	2.002521575471430282e+00	5.819327662959198344e-01	-1.229457221919387500e-01	5.926762462491871331e-01	3.081132985676661162e-01
3.279481910519457810e-01	-7.452658675365817498e-01	1.766585646659975251e-01	2.121112450186162679e+00	5.065945957072783834e-01	-1.262118404767297308e-01	6.794835792276709974e-01	2.627378665790432999e-01
4.754439622880358707e-01	-6.167530016696363138e-01	3.895697840733772788e-01	2.085602999016293424e+00	5.659705850420763129e-01	5.521973861480603679e-02	7.149673295700001985e-01	4.328092809292513055e-01
5.845473072091182942e-01	-6.347230871675114683e-01	2.037873116165306309e-01	1.748624054458038257e+00	3.942086441748678949e-01	-3.800779309751514123e-01	5.733858923404581143e-01	1.475486845585388396e-01
1.718423854448925536e-01	-5.541638329081379766e-01	2.427690954316067129e-01	1.665867385178967153e+00	5.702348531875193194e-01	1.007608122127613692e-01	3.824392835686080683e-01	1.355155668478790765e-01
-3.082481099919046619e-01	2.418382487064899000e-01	-3.402848702021930571e-01	-5.966647003019863726e-01	-9.379841274775807536e-01	1.854669285996300321e+00	1.217891949826682030e+00	5.941969590138034274e-01
1.558681691061751806e-01	5.882315238130930712e-01	-5.268658193095290265e-01	3.001125874664525295e-01	-7.782582933765581634e-01	2.214073886522004209e+00	3.157366405501485507e-01	-1.086478629486044678e+00
1.256476229631373065e-02	-9.160405384193436307e-01	-1.132947325635874081e-01	-2.241353423830188818e-01	1.194258157749269911e+00	-7.048502084857983796e-01	-7.915404829351680993e-01	5.974783464101727226e-01
-1.961711816695220212e-01	-3.712943690741588726e-02	-2.793881629365489450e-01	-1.075873183466641514e+00	-1.073202190784589005e+00	1.572291583282772853e+00	1.326510441184674427e+00	7.100981614569670253e-01
7.284818596177204952e-01	-5.003227267809033929e-01	3.455496002277674283e-01	1.846948288500437796e+00	3.382770729204538918e-01	-2.061582871406000828e-01	7.455979604838991470e-01	3.604890114776779786e-01
4.278193594088749441e-01	-1.659223642577935254e-01	-7.230614079451525011e-02	-8.276195535277811599e-01	5.185913674719284661e-01	-6.569733851648660306e-01	-7.338954563265418507e-01	4.685101229169644776e-01
-3.087625159964050292e-01	-6.930350471593541561e-01	-3.457133759775240511e-01	2.698716894336301575e-01	9.138419689450345551e-01	-3.596500384886371915e-01	-4.748654635483786635e-01	1.232421152902667849e+00
-2.401656600312010448e-01	5.916087337131585855e-01	-1.166581748871128171e-01	-8.282971315356523201e-01	-7.649543299717354028e-01	1.224455005520999062e+00	9.900222702850010048e-01	7.360780772195261168e-01
-2.236821501113077648e-01	-6.947891772083163442e-01	-1.510928015499380106e-01	4.976914455000524540e-01	1.001032410721584220e+00	-2.393202306240040100e-01	-4.981554050062392269e-01	5.069723643514206790e-01
3.408456599197733361e-01	5.297440157487229850e-01	-6.212057225743087274e-01	1.408800515819129962e-01	-8.299376454592839458e-01	1.999144662856103150e+00	1.455319014024544777e-01	-1.206279356886565735e+00
3.595336706189792841e-01	-8.246228459930491361e-01	5.902493653152382502e-02	2.239292470369611099e+00	3.515932453938530045e-01	-3.640204722095296552e-01	8.308537587317683659e-01	1.777935097359643613e-01
6.004217918691958644e-01	-2.714752899177303447e-01	3.907312100634751650e-01	-7.803043159486527935e-01	5.702345159332498081e-01	-5.521083194105884662e-01	-6.655996947721044554e-01	-4.023041745462588303e-01
-5.489787797185304019e-02	-1.131069884746800813e+00	1.189290187289749612e-01	7.054229224718698843e-01	1.428295141488636011e+00	-4.716715066788331190e-01	-6.052364036683810511e-01	-1.665729574518515221e-01
-1.140450563831957309e-01	-5.195964989887077445e-01	-2.451716512485291877e-01	9.987068845179433718e-02	9.293080323965361433e-01	-3.658033011903158993e-01	-5.799890634240125742e-01	1.092450315891954737e+00
1.073339753705143451e+00	-1.055769285326912943e-01	4.568513180268027885e-01	-1.553119912652779488e-01	1.580232885157644152e-01	-4.573324539906826747e-01	-8.677072561023996267e-02	-1.313863015312256299e-01
2.701633263486500902e-01	-8.023061740665933250e-01	1.759182153287815187e-02	2.192831062192801106e+00	4.010069496217346652e-01	-3.261521492864674077e-01	7.357328065119770333e-01	1.876168287419461567e-01
8.743642534071585093e-01	-3.419488033078973976e-01	5.550573468882283867e-01	1.692079340480969085e+00	4.751933552341263134e-01	9.237939846458631532e-02	6.165791942454641461e-01	4.941539903951079893e-01
-2.036699325245410475e-01	-7.166374034067642951e-01	-2.982712777530885928e-01	-2.135620874041524453e-02	9.992152656025667934e-01	-5.147254284862509133e-01	-6.086748415994920336e-01	1.240755099586519528e+00
8.197677984725905143e-01	-6.873060446655772093e-01	5.924983304198822021e-01	1.784843884131365188e+00	7.389405716942312186e-01	-1.693073234466468124e-01	5.322615739172669169e-01	3.915266820378821566e-01
6.254112360923770320e-01	-4.568766071036309828e-01	2.634101686901208494e-01	1.719871115317375576e+00	3.347573461523190574e-01	-2.071928494600271120e-01	6.362975250268754213e-01	3.382679473121067426e-01
5.768958813389432061e-01	-6.925853230253713466e-01	2.277283686943151753e-01	2.179670299953646584e+00	3.927492209003686785e-01	-2.382117744694573214e-01	8.541699984683152058e-01	4.177884822868225267e-01
1.606631541869147084e-01	1.411601756406099528e-01	9.569801423369343751e-02	1.480446263309088129e-01	-9.117047820620648446e-01	2.448824879275371735e+00	9.147457229175004478e-01	-1.542914641308550161e+00
3.787975212661026658e-01	-6.542221800287092437e-01	3.331675200156326844e-02	1.924890594449973236e+00	3.040122992967227988e-01	-3.600401879318764209e-01	6.781212752995022797e-01	1.919133802465745886e-01
3.765687678741549971e-01	-6.946047643814274863e-01	1.883765356317199657e-01	2.046158612829146684e+00	4.814121749785186255e-01	-1.278080330684255306e-01	6.555238287857858559e-01	2.606827446430891038e-01
-2.971628383690551045e-01	-8.208109358347095430e-01	-2.340129675260551878e-01	7.064041646400516239e-01	1.094582044666841725e+00	-2.458634286959739124e-01	-4.792283174611702279e-01	7.269362327422774772e-01
5.988856286803956319e-01	-4.758115556507360733e-01	2.292228217138949919e-01	1.428024439147303148e+00	3.824459985678786422e-01	-3.425185119444561499e-01	4.167224517657226457e-01	1.431529896426275150e-01
5.099968598870058267e-01	-4.362173450373160732e-01	1.666486773079324524e-01	1.597876435363226877e+00	2.982880201967713640e-01	-2.251662316141232190e-01	5.362232882751281071e-01	2.573701984181496760e-01
-2.442460384399299661e-02	-3.045119554873421119e-01	-1.012437543680413526e-01	-4.884769383597303838e-01	-4.655730603714413607e-01	1.547431754818809901e+00	6.149765879158164417e-01	1.838878718345085539e-02
3.334768608987782601e-01	-7.338860935275124397e-01	-1.596796503855142657e-02	2.051820906708439196e+00	2.890853895844891497e-01	-4.313868408132121024e-01	7.396435723810115270e-01	1.610362064853074482e-01
3.014713303866533578e-01	-5.817061487854413571e-01	1.748261155757807606e-01	1.802834825141864661e+00	4.639492840559241715e-01	-1.104494486533643127e-01	5.125879915720070734e-01	1.739514865635308216e-01
-4.344706197455297514e-01	-8.220436041140404271e-01	-3.747179276957020577e-01	5.449717132258374841e-01	1.022872232444953289e+00	-3.162839111192762287e-01	-4.173395341425717442e-01	1.393706640663865848e+00
1.257030976659351929e+00	9.958591990034167118e-02	1.487488271507621529e-01	3.374354070312963194e-01	-2.087029992419165980e-01	-7.703940867253826763e-01	3.971746059705459908e-01	2.482258347106013896e-01
-3.277574270003370538e-01	-8.448669152982328789e-01	-3.088273755908032547e-01	4.309044599273831877e-01	1.061899168466970078e+00	-3.530625329186690697e-01	-5.055226082331980564e-01	1.086350918388663267e+00
-2.479065045786477683e-01	-5.852783940707669830e-01	-2.834793944015358558e-01	3.651764439783793392e-01	8.956659223695273564e-01	-2.893783934322919915e-01	-4.925484096142513923e-01	9.339749217580425311e-01
-1.101886663843214820e-01	-5.699740041859022721e-01	1.767878813234562418e-01	1.079907230375402039e+00	2.114037034216978972e-01	-2.601420431998779925e-01	2.995581340201822762e-01	-5.732023338955403169e-01
6.113567809219341287e-01	-4.987457861281577864e-01	3.239463493609460731e-01	1.903716696491080107e+00	4.084369209714364679e-01	-8.646768856761194444e-02	7.198465228211361477e-01	4.823290583456145142e-01
8.454697240220085952e-01	-3.898597602360302505e-01	3.943976373593911511e-01	1.731909316451937242e+00	3.173750139444311835e-01	-1.340190928036641693e-01	7.210129722301210631e-01	4.628219795452775953e-01
1.152445008442953389e+00	2.030596614389050814e-01	2.063673892477087546e-01	4.606511130134360865e-01	-1.966805287310157691e-01	-5.543188218295563852e-01	4.433962299040768995e-01	2.452358358396570792e-01
-1.424374287359172486e-01	-1.089990641088295131e+00	-9.747548267458995552e-02	5.167709435878977686e-01	1.371132582251140875e+00	-5.733276915344115432e-01	-6.540875227434711503e-01	3.033591194096395549e-01
-2.896185117320585478e-01	-7.607444852967536475e-01	-3.201417792556427444e-01	2.085580247756399497e-01	1.030605804423061045e+00	-4.525945909111608878e-01	-5.516080860565696353e-01	1.267070479422689022e+00
2.981320323984061882e-01	-9.221067551163835141e-01	4.257905622049492633e-01	6.252125806651399609e-01	1.398604102503117952e+00	-2.780780951831141046e-01	-5.383863407083714359e-01	-9.753142804093302420e-02
1.178305987033070990e+00	1.535277365721949838e-01	1.950796166047214786e-01	2.516178718590383334e-01	-1.130294745446032423e-01	-6.166514951979237269e-01	2.770418106725732188e-01	3.457466514079400310e-01
4.189830156909121195e-01	-2.677077112888814336e-01	-2.088390011847213734e-01	-1.059108951491845030e+00	5.516875893516868246e-01	-9.563578718778200649e-01	-7.987681745986291437e-01	1.066775733921986991e+00
-2.718227521360372934e-01	-9.134991835885017952e-01	-2.600214972392779211e-01	5.780936440541307730e-01	1.149556669855827051e+00	-4.240903661095794530e-01	-5.382858978574089903e-01	7.686358272002463687e-01
-3.560325904154368892e-01	-8.586653312224339363e-01	-3.234262982009347143e-01	6.082938396870738451e-01	1.068239441771763332e+00	-3.681549232148945139e-01	-4.693930452956510679e-01	1.028223853336703852e+00
4.827648553853626789e-01	-5.774203061818818927e-01	1.964731460762643711e-01	1.842895798784124572e+00	4.024527741516006341e-01	-1.996925926182687994e-01	6.172370468007332134e-01	2.797556246480977227e-01
-2.014554194315111915e-02	1.201440345285559458e-01	-3.501563614648298128e-01	3.652754256638091612e-01	-4.799937599267915522e-01	2.533244902597698633e+00	3.420796958199327498e-01	-8.156684702216931981e-01
4.760578225254761819e-01	-6.203896002400197673e-01	2.936239259521874478e-01	1.972613479478379173e+00	5.123852685250238626e-01	-4.199408111702268576e-02	6.398185217972378602e-01	3.431614345022803159e-01
2.732074243955344151e-01	-7.115268634014666471e-01	2.437868654230934129e-01	2.137507875731582629e+00	5.804498930267518730e-01	-2.654030612466547895e-02	6.603893660270152566e-01	3.180464358924626755e-01
6.402254762805591470e-01	-3.701342009648103670e-01	4.251356261836672923e-01	1.579158402162240460e+00	4.748927084427261303e-01	5.876239151104847153e-02	5.062262277730125160e-01	4.019148919719917057e-01
4.737004020880326155e-02	4.190790404498092037e-01	-3.182395979776022066e-01	3.452191962674622805e-01	-7.046852688953224586e-01	2.331564877270246416e+00	4.681821542043397288e-01	-1.108315860157321531e+00
3.374442647766339731e-01	-6.808918968458039789e-01	1.783700258771876990e-01	2.017574790527704387e+00	5.139049051158709469e-01	-1.571927744403773530e-01	6.158707365517444021e-01	3.200427176402396157e-01
6.633862794020962683e-01	-5.186461561037443158e-01	4.240899513144129607e-01	1.959576537811085206e+00	5.210724639930560675e-01	3.250474611319274787e-02	6.668418811193226325e-01	4.240989147952560212e-01
1.271364731314090502e-01	-3.575431219656006188e-01	4.472930973709206004e-01	1.202210095408001278e+00	9.086286332630229001e-01	5.535686746406777159e-01	-7.438914477066406461e-02	1.301662123698777429e-01
-3.321997007326141782e-01	-9.794550562294418450e-01	-1.619147303414405770e-01	9.578961903925407029e-01	1.264575176463939243e+00	-2.586122888890727278e-01	-4.749834966271377357e-01	4.902008099586857015e-01
3.184654329165363396e-01	6.488335175418517009e-01	-5.535549549323465213e-01	-1.179373317750202904e-01	-9.073494470643710397e-01	2.125638327909352476e+00	2.921688288843360404e-01	-1.046808408522474254e+00
-4.554496310552205163e-01	-7.181298977378204329e-01	-4.304341792370094399e-01	7.649807735226364924e-01	9.469184287618275242e-01	-1.792345437115208107e-01	-3.624999819768122133e-01	1.399575900901980141e+00
3.699027170023143352e-02	-9.387266170465551340e-01	-3.566443190522208123e-02	-1.190927340972569581e-01	1.287076186649369847e+00	-7.330166514970474223e-01	-7.974004046417981773e-01	3.973953713211553218e-01
5.922643868823188606e-01	-5.958258538281471228e-01	9.770323219732683639e-02	1.930892086600926927e+00	2.135697816921371395e-01	-4.075901027064193216e-01	8.214710765558616012e-01	3.678752963871160242e-01
2.525851631195262792e-01	-5.311007181813660188e-02	-2.033946644405887905e-01	-6.077119772438778211e-01	3.807904553908468825e-01	-5.195326814031844265e-01	-6.062092748296714628e-01	7.186751662642207883e-01
4.384062241568666973e-01	-1.773313354911311146e-01	-1.961205551533270759e-04	-7.843693247311310790e-01	5.086616323233674741e-01	-6.062591521476663470e-01	-6.983869742427307736e-01	2.504992083155122007e-01
5.752691791173455416e-01	-7.447928649085693298e-01	2.786956956915969674e-01	1.114697253268132515e+00	4.221538176788727226e-01	-4.796465331521533870e-01	2.659714343351513022e-01	-2.191113808347506242e-01
8.983844157354343996e-02	-9.420357617772553982e-02	1.403248642279854297e-01	2.701706972380739091e-01	-1.888445224245939025e-01	-4.970068703755949890e-01	2.085686606131852971e-01	-6.787428438741534009e-01
4.047213759074734796e-01	-5.255417183570727513e-01	1.921951580528982462e-01	1.706216660220461812e+00	4.061818952946689709e-01	-1.264473363749354096e-01	5.244312623842151133e-01	2.065359310683780036e-01
7.891597285233089565e-01	-2.394801320283150015e-01	4.206389933095999178e-01	-4.914620844406703687e-02	-2.004186484108901045e-02	-4.052734307828094740e-01	7.615438255062999262e-02	-4.603320538291193476e-01
1.459724911487504162e+00	-6.339435961590789148e-02	5.933226932424114919e-01	-1.192793437268761525e-01	1.526852691295412234e-01	-6.427179789018491185e-01	4.839924876742784932e-05	5.271986021593713656e-02
-2.663572991050284777e-01	-8.938667113267027009e-01	-2.401246238668314215e-01	4.153243364981472618e-01	1.182207347481515347e+00	-4.492406581282282763e-01	-5.838185587379468577e-01	9.014073172431367187e-01
3.865780832575202441e-01	-7.139878166903669277e-01	2.508079955102835989e-01	2.154523556615250079e+00	5.612114570147304082e-01	-8.376717198042787915e-02	6.742232257772624582e-01	3.131593409722485677e-01
7.378517976621148389e-01	-4.070018396736798105e-01	3.694958769451806013e-01	1.681811993673977490e+00	3.138156297624787316e-01	-1.799712503275133213e-01	7.378802788049473316e-01	4.915545460936732725e-01
8.704563234481434986e-01	-8.803104820535537778e-01	5.383044241635914773e-01	1.448929416677499527e+00	9.980527419981770620e-01	-4.889441406654397304e-01	7.719604308866379050e-02	7.711020448944388983e-02
2.129820548635912858e-01	-7.042020799127811648e-01	-1.747706460931023331e-01	1.919943000706902492e+00	1.232638046193293285e-01	-5.680515365907118364e-01	7.404229549537291177e-01	2.203966909365769333e-01
-2.827902422112631986e-01	-7.868519866009044961e-01	-2.903950592023522570e-01	5.533045141784431742e-01	1.056240893308935780e+00	-3.439930784815487530e-01	-5.171456084674862508e-01	8.683406157925750435e-01
7.338047504515300412e-01	-4.172524701592311147e-01	3.666686481649756302e-01	1.673507245888597117e+00	3.624963992141826963e-01	-9.761842471695843237e-02	6.375105847829860561e-01	4.036908333066975274e-01
3.189368135264949999e-01	-4.337225490834422104e-01	2.383817109446082494e-01	1.452725351219047889e+00	4.531440888783759835e-01	-2.149957534572549678e-02	3.531669290597654887e-01	1.191506398528697913e-01
-3.446906293343907635e-01	-8.102570245993925280e-01	-2.983403828798443791e-01	4.352927829659797299e-01	1.054583776310058951e+00	-3.790821911253661747e-01	-4.994685821163184491e-01	1.123363846455351034e+00
1.003905028556200341e+00	1.544906109281466433e-01	8.109513157687714413e-02	4.409288296962185494e-01	-2.187842727522980868e-01	-5.804387541884207247e-01	3.923817909674613968e-01	1.680622443341311389e-01
2.805760394932841351e-01	-6.295520451374961857e-01	3.426356059145473920e-01	1.978357021862442444e+00	6.816059560585567834e-01	1.470908729402146120e-01	4.976778845575438037e-01	2.678944574162815950e-01
-2.744112487192838512e-01	-8.551382235869379178e-01	-1.545016636129421528e-01	7.082253173032044824e-01	1.160799488157098658e+00	-2.918942738756590827e-01	-5.078847448914179941e-01	5.148059479085460577e-01
1.114243159272417572e+00	1.619755772193242627e-01	6.799366759289590667e-02	4.887769043411826497e-01	-2.620730435908210088e-01	-6.317022404019415616e-01	4.726570884086930824e-01	2.510685824169556213e-01
2.680910751669517977e-01	-7.238802270298602126e-01	3.211125914482537702e-01	-1.011494599314714665e-01	1.006333060316298544e+00	-4.373988839237654691e-01	-6.263468325175652884e-01	-4.230765858874860896e-01
3.569825815792096457e-01	-1.431472669074788096e-01	-2.632229597393789117e-02	-7.503284778970438218e-01	5.725450301197972935e-01	-5.691733740021788224e-01	-7.095892409182258387e-01	4.668543484397443821e-01
-1.058491032694768297e-01	-1.035352744227254540e+00	-2.112287988585696830e-01	-2.128185803038642188e-01	1.284445750242271478e+00	-8.841529820032235643e-01	-7.602238680933630643e-01	1.135326445894818903e+00
-3.345836502307984461e-01	-7.657195260693130390e-01	-4.094040606892889733e-01	2.422131650717452012e-01	9.521253667854363556e-01	-4.020083959006064411e-01	-4.881141116718941131e-01	1.519351641488633664e+00
1.491419104529943196e+00	-1.753452264227386703e-01	5.221722676949250852e-01	3.312739754597949782e-01	-2.482975416712372707e-01	-4.381048235934409951e-01	6.017128098288692106e-01	-1.399749579036889402e-01
-3.019321394466908393e-01	-9.802656690426033714e-01	-2.787120663861496483e-01	6.705567095118092347e-01	1.221943794672004646e+00	-4.403193969983183464e-01	-5.433925275326664250e-01	8.150241367459308828e-01
2.114803656232073226e-01	-8.158019802211734506e-01	2.021285743904485122e-01	2.237043912764569153e+00	6.471228529233499227e-01	-1.708886011187103413e-02	6.420868133034255409e-01	3.269756908856412680e-01
1.290442769386979327e+00	3.305194934582117439e-01	4.218345087237609370e-01	4.304035001120612436e-01	-3.119851770317920436e-02	-2.917985805232167773e-01	3.436137758475775739e-01	4.812621714380293514e-01
9.392471119082981823e-02	1.822185133221961295e-01	5.532484215789805759e-01	-4.962901335101538858e-01	-7.146299266285884855e-01	1.407792491996151307e+00	7.149772837785941526e-01	-1.401180615716598687e+00
-3.135714518140729212e-01	-8.462539497239726094e-01	-2.362423338089809921e-01	4.516959378428189176e-01	1.133989464491358623e+00	-3.547691549740866201e-01	-4.991093290165199425e-01	1.064209838334609470e+00
6.614306734244581598e-01	-4.702298799653309991e-01	4.333537486522127669e-01	1.599830798074614258e+00	5.301443217395284124e-01	-2.000344315735537795e-02	4.886379723526326768e-01	3.537788160623309697e-01
3.763004170903108125e-01	-4.751409429711558885e-01	9.525094967427497061e-02	1.632689367529849944e+00	2.788789255995715588e-01	-2.368159749215779930e-01	5.480867866798591059e-01	1.679151476175528568e-01
-7.345224198945619898e-02	-7.803732788314683422e-01	-1.061442065207068575e-01	3.286230431968402699e-01	1.185709883060397818e+00	-4.169810393757530376e-01	-6.882974260254225429e-01	3.339016608825997046e-01
1.350753235078957726e+00	-3.229922426828511495e-01	5.029465520223601604e-01	2.109864005923284824e-01	-3.041625595427134843e-01	-5.342224155826456183e-02	5.902624207172731952e-01	-3.642135336047786498e-01
9.197092098139255656e-01	-7.297375725485920617e-01	4.752741319603755454e-01	1.145812004538866002e+00	8.155065139105700522e-01	-5.555487181383395034e-01	4.012986233601567587e-02	7.345973718633566629e-02
7.308028969261448626e-01	-4.919469479957511160e-01	3.835240970772324509e-01	1.794119438761083041e+00	4.166274885071490353e-01	-1.057950084485389380e-01	6.755000138487463612e-01	4.252745288188349848e-01
-1.068267478796705028e-01	2.952330179845703839e-02	-5.522753125765033078e-01	-6.554949928390954028e-01	-1.168892310198593076e+00	1.738127036492329136e+00	1.203483820682849093e+00	2.854975577843600898e-01
2.258654392316721549e-01	-7.474231326966493949e-01	-4.889941763635220241e-03	1.961497071177843665e+00	3.509705842299365441e-01	-3.169206803337655809e-01	6.336963313789752972e-01	6.426783818537054604e-02
-3.264310873257054157e-01	-8.083292291387815798e-01	-3.377634853585549379e-01	4.147744423808186198e-01	1.027839029502236157e+00	-3.649591463979307560e-01	-4.995900324820731764e-01	1.165340150415202558e+00
-3.635917359407894733e-01	-9.158938221788202050e-01	-3.936419263068919872e-01	3.627273746104628938e-01	1.122650885940547738e+00	-5.041021067800758315e-01	-5.216199998170514274e-01	1.472366369573008704e+00
8.013904090677065328e-01	-1.036423451181278432e+00	3.204236500672845711e-01	1.392511751394198916e+00	8.590890596876551433e-01	-8.506558203444785082e-01	9.256036128212798142e-02	-8.489855258873638122e-02
4.710438074441766765e-01	-5.820482234757985429e-01	1.931185263775159755e-01	1.910436488223779206e+00	4.146533856053050693e-01	-1.954969725080323295e-01	6.302789797180300413e-01	2.657556896616797282e-01
3.624386286188961415e-01	5.587137845643078693e-01	-7.171039962397708356e-01	1.796883351699227749e-01	-1.057570359830401596e+00	2.319037684799887700e+00	4.040560195220850304e-01	-1.229064023276061901e+00
1.222984141500787381e+00	-5.395672330619512985e-02	5.488531238284045655e-01	-2.902420563018305311e-01	3.045581334848320720e-01	-4.907403743436862809e-01	-1.987840246695541657e-01	4.245835466333106045e-02
3.491728525378505754e-01	-4.245803789077620127e-01	1.336755692006618701e-01	1.442894659873035446e+00	2.941060333972003171e-01	-1.863972125556121184e-01	4.488518333451124720e-01	9.523047352487290507e-02
6.445507158692413974e-01	-1.662235143130171011e-01	-4.425979929185552136e-02	-8.218161484634803893e-01	5.090294934381345282e-01	-7.811173219049281080e-01	-7.097882396114604253e-01	6.376057178217436894e-01
5.497736281054511620e-01	-8.302565450961157945e-01	3.655130335565996424e-01	1.663998858311196427e+00	8.321077825670267769e-01	-2.520501350508697058e-01	2.410331699110008774e-01	1.205283936361073588e-01
9.813594851223890470e-02	4.037286840390996168e-01	-4.368197744694933826e-01	3.941572408397713279e-01	-6.664530421093265433e-01	2.620477246652229031e+00	3.568063778173947154e-01	-1.049757471031739220e+00
6.584121419635146077e-01	-5.360358521811984245e-01	2.822309789656798906e-01	1.875453717914006946e+00	3.591762859505797101e-01	-1.374330390933308776e-01	7.169695411933877383e-01	3.834872582299276855e-01
1.169474550908710553e+00	-8.481195255052395021e-01	5.663587389446884668e-01	1.025030342912635728e+00	9.028370783986094938e-01	-8.073667590602662258e-01	-2.143641790412723416e-02	5.648967471188010014e-03
1.352535391608385762e+00	5.764108757067283595e-02	1.047519594337237292e-01	2.791323934217514458e-01	-2.648478344951415431e-01	-9.450505840425755810e-01	4.300250516554275371e-01	2.589621314691813447e-01
5.492620951095225079e-01	-1.006057648944058469e+00	-1.442356729587866704e-01	1.683065439530351037e+00	2.982719324777762804e-01	-1.213452399516552038e+00	4.962238726220898344e-01	-1.396814400875829865e-01
4.379042283746502062e-01	-5.577102480439126708e-01	7.222030920141353505e-02	1.793133246689496252e+00	2.766878746279402557e-01	-3.317447245662441535e-01	6.466190642634099817e-01	2.466164817049191493e-01
2.576358919291469873e-01	-8.673312026101630545e-01	2.860773418000528423e-01	2.057562948781091805e+00	8.090230803921951708e-01	-9.631022856930317178e-02	4.238261433594558425e-01	1.388004247837612282e-01
3.796002477605379677e-01	-5.977217319498520087e-01	2.319995689378207548e-01	1.867337954023174484e+00	4.771242464662296401e-01	-1.144359150908413614e-01	5.668071822824185535e-01	1.979035047396632552e-01
-3.364670982380409958e-01	-7.883024513593620552e-01	-2.825618769078825920e-01	7.690318785700922533e-01	1.086203652708983114e+00	-2.297381299232669205e-01	-4.735466467838649329e-01	8.267078726044750914e-01
2.375330368739247411e-01	-3.644649199114178839e-01	4.146156011059830004e-01	-5.912437468818527719e-01	-8.306072871204638330e-01	7.747772017876763950e-01	6.583479172082455921e-01	-1.725876073817915746e+00
-4.128364763378541413e-01	-8.449353848031249115e-01	-3.274241073253395529e-01	7.094899230532801804e-01	1.101233380944957041e+00	-2.569351603545821372e-01	-4.379606399639729974e-01	1.179291881024521427e+00
-6.898415230364689232e-02	-9.526326491457514090e-01	-3.187730711341350831e-02	2.460927779442765584e-01	1.263773693063394266e+00	-5.479513442615498997e-01	-6.793361927318327664e-01	2.466965408950156369e-01
5.618475904916016006e-01	-4.454085197028688770e-01	3.755282833282236332e-01	9.398987989046774238e-01	5.534991432274265488e-01	-1.711482645942734859e-01	7.309799023870670875e-02	-4.944005112163500290e-03
4.153299481358205814e-01	-9.023043620076407478e-01	3.464124272344623612e-01	1.971091283048434395e+00	8.531891797975256209e-01	-6.708109824002458921e-02	4.270302011232584571e-01	3.908867554000524658e-01
3.915259855147876777e-01	-6.133144404439896391e-01	-4.897117458380046556e-02	1.807982602768905656e+00	1.899177384280436032e-01	-4.198809172856979854e-01	6.774152741084558116e-01	2.362472913204975711e-01
-1.774893334467088635e-01	-7.565619770442608694e-01	-2.838280983251622036e-01	-1.551227316568055611e-02	1.039983944181195330e+00	-5.819389693303986810e-01	-6.305778213855588454e-01	1.161595041014124474e+00
4.283644695568675775e-01	-5.952409594926797443e-01	-5.384033732547209399e-03	1.757750999839055250e+00	2.129912743943064846e-01	-4.738715391047642611e-01	6.459854231496896526e-01	1.336679008692650550e-01
-1.226638861897481753e-01	-9.925542289340751889e-01	-3.381668437900266916e-02	4.473622340800770814e-01	1.301612742964299851e+00	-4.511865054412912412e-01	-6.303609574813919814e-01	2.483792674228938180e-01
1.857186704350306528e-01	-5.186178099817171372e-01	2.246358299785085333e-01	1.546245259497964319e+00	5.038727840807514236e-01	1.115814218180389839e-01	3.440504067475776973e-01	3.132703910326820052e-02
5.948708608744380788e-01	-6.932848960856545784e-01	4.230676241688335337e-01	2.270388575168571066e+00	5.894385583146145580e-01	3.350221991781382469e-02	8.134293190978180155e-01	5.091254641564388894e-01
8.361716594222527998e-01	-4.160943327786886248e-01	5.070206987167762414e-01	1.623074818174391254e+00	5.102391986692963455e-01	-6.165537741150673573e-02	5.414523048828485674e-01	4.219253080049187865e-01
1.421825672768472160e+00	-6.030570171816624497e-02	1.976329542094653891e-01	6.795234019467505382e-02	-1.631862694977206929e-01	-1.102731854344598306e+00	2.636420255827899295e-01	1.164448379701799596e-01
-2.930312598550322001e-01	-1.038916614436044661e+00	-1.429351875971257013e-01	6.249346629488210514e-01	1.305740719143392736e+00	-4.542613112608352988e-01	-5.264581472520301064e-01	6.532045603456633209e-01
-8.403266847489715419e-02	-1.063630675667714742e+00	-9.667834651441069294e-02	2.353305300739683970e-01	1.296792339930070259e+00	-7.165090503762806540e-01	-6.846479051237817082e-01	3.728550616646456040e-01
-4.779895854216483775e-01	-7.482052389683639948e-01	-4.066529160122379083e-01	7.399096323383825835e-01	9.718511349051788262e-01	-1.720276991465433947e-01	-3.625150775811598614e-01	1.405176879854623362e+00
2.997942574506126112e-01	-9.931760263179766068e-02	-2.135722929280071403e-01	-7.539530655698770678e-01	4.918546874116976886e-01	-6.642796540850678388e-01	-7.028782231171958328e-01	9.456572656206614358e-01
-8.152317639324964393e-02	-1.146547639599351909e+00	8.338311403459019999e-02	5.482961467298691494e-01	1.464466141905925944e+00	-5.328831664812038182e-01	-6.559770287628098329e-01	-3.976656816050656157e-02
2.131767017858161029e-01	-7.742442826437648806e-01	1.215310415154863821e-01	2.169350428650191454e+00	5.268174364145326027e-01	-1.578306461991136611e-01	6.597125563911490076e-01	2.281658683705485857e-01
-2.742496579889511787e-01	-8.534053996991279867e-01	-2.345279848201482775e-01	3.567960750939610515e-01	1.161810821838834551e+00	-4.292891812309669319e-01	-5.608031688660118919e-01	1.061171733328886368e+00
6.461203654994487344e-01	-8.650178431894613995e-01	3.485185098440291562e-01	1.507785751127446616e+00	8.408957560409510146e-01	-5.018100778176229904e-01	1.548300694608275574e-01	7.183001836064220602e-02
-1.301273212367301535e-01	-1.074734725920872602e+00	2.343146062197765389e-01	1.148877159127281056e+00	1.359931379243824567e+00	-1.665043492360044897e-01	-4.121177808633597062e-01	-3.483366154011700577e-01
7.498122314792125820e-02	2.878719306363333730e-01	-3.463675430949816336e-01	-5.276036766174213577e-01	-7.666666160756826498e-01	1.687328370226922392e+00	5.547083885705597073e-01	-2.301251984745371626e-01
5.894426351270085629e-01	-9.372893266308486293e-01	2.471414603923512698e-01	1.509044838939824773e+00	7.648566923584512178e-01	-6.122327575510989606e-01	1.684107979502066921e-01	-7.780482030062617349e-02
4.427039339662910966e-01	-5.937476301020201408e-01	8.874013989638750155e-02	1.848560870483717977e+00	2.938710473372342924e-01	-3.110411800186420050e-01	6.702429447223851033e-01	2.194384112023244349e-01
4.858971771351504043e-01	-1.769298785868538559e-01	-1.837748818310767085e-01	-8.900792801967901680e-01	5.199892787569786456e-01	-7.213514006998762440e-01	-7.463343912902946631e-01	1.025526458428029475e+00
-1.147161965033250686e-01	-1.086033495030199081e+00	-9.131064563107421650e-02	2.592430313879910408e-01	1.350530643885271553e+00	-6.938432771861625659e-01	-6.797777666508825201e-01	4.764824648276306807e-01
1.988772674655230333e-01	-3.191721884088899452e-02	-2.920512702971384544e-01	-6.267138297489154297e-01	3.876253089209053537e-01	-5.832787286145906247e-01	-6.058565989362560966e-01	1.131211602340577382e+00
6.414099166936937380e-01	-4.129633979970293023e-01	2.421573808165665698e-01	1.611494897653898528e+00	2.893327931114070828e-01	-2.348674591192492223e-01	5.989847327066981642e-01	2.851435564573823744e-01
5.534012745772389774e-01	-1.336439364981165945e-01	3.962605791830010049e-01	-5.498234938752782908e-01	4.844673978607090259e-01	-3.524092801174292799e-01	-5.238174296698190346e-01	-3.045464188295407548e-01
-2.001130059572867881e-01	-8.265768406070940211e-01	-1.936928578948106938e-01	3.899955793631469381e-01	1.129003767405058811e+00	-4.365479318201908598e-01	-5.850834118563300601e-01	6.715670805511115837e-01
-2.857615962036031410e-01	2.696808890446623919e-02	-2.170649949182996419e-01	-7.440921439547655281e-01	-8.407829154930609450e-01	1.725709542963352217e+00	1.178936919861439669e+00	6.449680076990526034e-01
1.318872630061003748e-01	3.096985517124968834e-01	-6.587472462674039964e-01	3.766697637020391953e-01	-8.856898111130004914e-01	2.369594292377665834e+00	4.810326378925258162e-01	-1.002699256263325456e+00
5.867701467274307747e-01	-6.073349185068320777e-01	3.331612429876330550e-01	2.031099673946918482e+00	4.773226198507519724e-01	-1.222840021959945012e-01	7.239978887132701990e-01	3.692694657520247392e-01
-1.035223713436685677e-01	-9.862019248134862304e-01	-1.272101814788273999e-01	1.566835782920988629e-01	1.345812638012842122e+00	-6.347226475052882844e-01	-7.537835690652699983e-01	5.867990019586237782e-01
2.565435193482279441e-01	-8.010977814609995251e-01	1.799040166204420865e-01	1.844038021534257110e+00	6.738407586119494752e-01	-1.415999305558423849e-01	3.846800121012714513e-01	1.179819693483262211e-01
4.488023171197566552e-01	2.184548829119262736e-01	-3.741398154804219667e-01	-2.185240785137873218e-02	-6.014861185124287246e-01	2.321598218121909696e+00	-1.520232588823124641e-03	-1.289584668603546591e+00
1.528067482023014678e+00	-4.655046193571428237e-01	8.443270150822624887e-01	2.892496357384671812e-01	-5.030733042688642076e-01	2.983228485095706928e-01	9.693807200564057425e-01	-8.396742182716042668e-01
4.747482276698174464e-01	2.543431917907417739e-01	-5.496121340298625313e-01	-4.545367349912840527e-02	-7.769800481504770540e-01	1.952674705923455267e+00	5.145170166837507997e-02	-1.270208330217607706e+00
2.114384686741799524e-01	-7.474575996573500358e-01	3.206837837693702342e-01	2.786932893934659927e-01	3.910038748808207787e-01	4.787890563020827939e-01	-8.726667044329015910e-02	-5.828157400293985102e-01
-1.585138120428456754e-01	-7.621029112133381744e-01	-2.241446427476208314e-01	1.308259761029559320e-01	1.075676483730439781e+00	-4.782367982923312333e-01	-6.412942562053935980e-01	8.427606443373854006e-01
-3.273200716707057589e-01	-9.058520994617964561e-01	-2.994759473269639760e-01	4.828770026288363160e-01	1.146530060864167089e+00	-4.206578064602057854e-01	-5.322510003871434581e-01	1.088715408183938971e+00
-2.389926547586221639e-01	-5.108374754426873166e-01	-4.537890735906592865e-01	-1.122842044072103335e-01	7.678818694719228288e-01	-5.360264723622063521e-01	-4.991286532258067399e-01	1.789850656401280382e+00
-2.759901259178881849e-01	-9.134697034315434339e-01	-1.573190858646747736e-01	7.159697726119576000e-01	1.237754152364942017e+00	-3.166122430896288198e-01	-5.362721325043640075e-01	5.513746647674366841e-01
3.617091740802970690e-01	-1.226125387342953260e-01	-2.629817380659723036e-01	-9.568783923551262838e-01	4.951788051631701437e-01	-8.318794102534938784e-01	-7.509584966505882253e-01	1.251126922854536971e+00
4.612346474451456957e-01	-6.665229806731756135e-01	1.090676917868163703e-01	1.906707811371549655e+00	3.251125510501123306e-01	-2.107090327944444175e-01	6.873397842877684294e-01	2.296933533096145730e-01
-2.549764171109737410e-01	-9.269596087543057195e-01	-2.185875988421377147e-01	4.345752876145345667e-01	1.222047030548455426e+00	-4.645472740432837200e-01	-5.942525205674871192e-01	8.284752319528064790e-01
3.469015928192888398e-01	5.651232954515227336e-01	3.012850798998820134e-01	-5.624599395320509787e-01	-1.148108089875952809e+00	1.810778838125449264e+00	9.402231503979486815e-01	-1.584724922298386129e+00
1.225984572796454009e+00	-2.103361738353530241e-01	4.538867859129188664e-01	3.304708886011795133e-03	-1.050699424504660251e-01	-7.802138243716254529e-01	2.303969767880596764e-01	-3.243429544296187461e-01
4.896568326406264271e-01	-4.647847694255889395e-01	3.102578069486783274e-01	1.685049028335817489e+00	4.337215890184633604e-01	-9.310092093626379239e-02	5.455379239923050516e-01	2.549756702877371550e-01
-2.323995544701235594e-01	-9.076119288840029942e-01	-1.698674086609900935e-01	2.479880489755331430e-01	1.226346481282835521e+00	-5.139035203126418594e-01	-6.114481630617573105e-01	8.630544456905445694e-01
2.590089598801343374e-01	7.595704105526100702e-02	1.685826871762134416e-01	-1.811781761482614272e-01	2.547611074076651105e-01	-4.657674609389596265e-02	-3.053172731532357576e-01	-2.390525893604313334e-01
5.140408549476379596e-01	-5.125677970201876210e-01	2.517048879262790972e-01	1.766897964691807710e+00	3.929903418456351383e-01	-1.124012869341705634e-01	6.128105212276608871e-01	3.174778866014267842e-01
1.041829696245963666e+00	-6.792789246332244790e-01	4.824633809321119404e-01	9.633846042789141473e-01	5.717509415272739037e-01	-5.420851833027466871e-01	1.445508004387865419e-01	-9.685657618097030797e-02
3.699138820492299251e-01	-7.781817451368541194e-01	2.572017065869811048e-01	1.991993509106738891e+00	5.740199739760094566e-01	-8.709195527044168161e-02	5.986853261110728353e-01	2.470955194231622687e-01
6.071946212143492644e-02	-1.030022943662542989e+00	2.475670047714384481e-01	5.406141537553625920e-01	1.275076192505809392e+00	-4.232343421948795981e-01	-5.756852761916726458e-01	-4.612785770407596964e-01
2.599661183363956019e-01	-4.705060404368614502e-01	2.922868803711536345e-01	-2.731749078036866396e-01	-3.853137863939661012e-02	4.195396114061641368e-01	-9.331499228597529838e-02	-8.826309104856541188e-01
5.762439677818564920e-01	-5.755079692567495186e-01	1.391606517345837513e-01	1.877583992078566855e+00	2.405688671636371234e-01	-3.369886312116023297e-01	7.572663110464016301e-01	2.630707354311809798e-01
5.004816729514834917e-01	-7.924518172549327444e-01	4.114052422274264154e-01	2.005228636938190423e+00	8.171625498229141416e-01	-9.024551955975076978e-02	4.302156215456207078e-01	1.945267552269753231e-01
1.008268100346546126e+00	-3.911088114745068234e-01	5.152132195617125099e-01	1.783778201572266520e+00	3.479737701759237911e-01	-1.043803497281817483e-01	8.108831049732702079e-01	6.232098299850022949e-01
3.652006891357166829e-01	-1.291732407490166212e-01	-2.189438407062766490e-01	-8.579416929802722303e-01	5.124235852636888078e-01	-7.459455269380736997e-01	-7.555446552854947484e-01	9.852852587184901534e-01
3.732269041210713456e-01	-1.370945897317355222e-01	-1.418548392092229549e-01	-7.775278196662021024e-01	4.870287899092190509e-01	-6.394980551449921391e-01	-7.174152367888457782e-01	6.351699077158565743e-01
-2.351124304746449178e-01	-9.117612061064092055e-01	-2.457418741933436457e-01	3.015831234015815543e-01	1.196742786569428896e+00	-5.192423369872201100e-01	-6.222835846868565168e-01	9.321782086521062105e-01
3.857971185544883941e-01	-5.461502171220694590e-01	3.277862412476387766e-01	1.838400390544573826e+00	5.850196735384235458e-01	6.130046151576247493e-02	5.038012302197921732e-01	3.109025464534925787e-01
6.139220871598633639e-02	5.525088841364980130e-01	-6.063336571956942089e-01	-2.453690811109640602e-02	-9.901162011661077678e-01	1.942279998363028115e+00	6.020830972232398270e-01	-7.267610496846854673e-01
3.935437440734089187e-01	-1.980553647316339594e-01	4.681338803884015354e-01	-2.117782541611883118e-01	1.881122436238511497e-01	-1.998310445505770694e-01	-1.780888584921543338e-01	-6.439778227255424925e-01
4.144087249177728083e-01	-6.600754668325489183e-01	1.958157782493177013e-01	2.047841678986104252e+00	4.645505498554778345e-01	-1.665872821555884620e-01	6.723863107591665500e-01	2.899784620816351355e-01
-8.627697622730373661e-02	-6.084193748940129876e-01	-2.288895847112380477e-01	-1.625924020373293311e-01	9.376189677741813000e-01	-5.603122501484205653e-01	-6.668326730362588162e-01	9.670748975647223133e-01
-4.740973300956479175e-01	-7.703571495182746087e-01	-4.774581537329934400e-01	5.748709250813418548e-01	9.416702630689222087e-01	-3.123712011322727355e-01	-3.650313149405381985e-01	1.712709155053401933e+00
3.397550806008415303e-01	-6.401693218868033108e-01	-3.232550173601120985e-02	1.866873804783856450e+00	2.232782894323231959e-01	-4.207801165759841311e-01	6.895397313726662203e-01	1.327205739401352835e-01
5.040125686317038500e-01	3.839391287227411076e-01	-5.960816561841995043e-01	-7.304001279661256341e-01	-1.274393379026166562e+00	2.007307147344053355e+00	6.632331148763032092e-01	-7.443800187705076343e-01
2.991334965307128613e-01	-6.270632288092288231e-01	1.350895802140277824e-01	1.879775475315518030e+00	4.163613669408205986e-01	-2.024652907192402429e-01	5.789024825381412498e-01	1.216279461758380392e-01
1.306160172741792191e+00	3.024283668246006140e-01	3.418573816427651346e-01	4.220052334604947886e-01	-9.286828215453564461e-02	-4.400851859278398504e-01	3.719374630823675254e-01	4.142354313992084869e-01
-9.096518606591917633e-02	4.870777546944738412e-01	-3.636310440249489462e-01	-6.160431323419987004e-01	-9.008243761669268990e-01	1.099183179662564402e+00	8.951038192188917053e-01	3.834682034859486222e-01
3.994159613208623227e-01	-2.125064049827608825e-01	-1.504776082714597840e-01	-9.473067579051475118e-01	5.643573282224710885e-01	-7.827472489901107222e-01	-7.839813940795796743e-01	8.626724360565394267e-01
5.810437388032322348e-01	2.284536836411690253e-01	5.214764426694528110e-01	-2.176607729603265429e-01	-7.785345655134762177e-01	1.997048529641159087e+00	1.477175596996560092e+00	2.316864462451594942e-01
1.550517901367422513e-01	1.282400744560705519e-01	1.339003679337757990e-01	-4.918632868001051039e-01	-9.481023054404367212e-01	1.468317655829747048e+00	8.157995157693817001e-01	-1.260505673874531052e+00
4.072905748902651557e-01	-1.855696622210531999e-01	-1.277681469794751945e-01	-8.788477804381901182e-01	5.596444168992297241e-01	-7.220005512872093023e-01	-7.751771378718379513e-01	7.145738936687675569e-01
5.139179665894236804e-01	-4.394672396859040653e-01	3.392831323898961582e-01	1.502645996645110671e+00	5.221429045320054030e-01	-7.142752856612484547e-02	3.811058125485856651e-01	2.716404881323341569e-01
-8.413846437744484930e-02	8.077572684094334876e-02	-3.485050336102301638e-01	-4.627471696878295848e-01	-7.643251089865471526e-01	1.398699088694572490e+00	8.273941563366923324e-01	2.419034175369468576e-01
-2.191121767453765301e-01	-8.083728529604696789e-01	-8.710211530530244384e-02	2.502881017966429589e-01	1.058344812511729849e+00	-4.710732419893078893e-01	-5.303536475485710611e-01	5.731115845079939319e-01
6.063376642370320591e-01	-6.045869758295749907e-01	1.970067273190001245e-01	1.809500684184762509e+00	3.602520909230178536e-01	-2.454742909862286104e-01	6.334183669237849479e-01	2.526190537061211994e-01
1.357209993360061207e+00	2.715352191083794109e-01	2.864725220148083840e-01	5.055557156454284495e-01	-1.667779787722753204e-01	-5.411950591660052989e-01	4.890011552597208211e-01	4.827314973131870968e-01
4.392546758789126482e-01	-1.464176936318377087e-01	3.306814213429479232e-01	-5.575825736863460058e-01	4.305522695490064944e-01	-3.679660043310322148e-01	-5.226799032861542127e-01	-4.090571950987496597e-01
1.624977062486803847e+00	-4.791964519930535515e-01	4.748539306289125683e-01	-3.986135769137947801e-03	-2.764179665181095702e-01	-6.180757824424635283e-01	4.787603073257527542e-01	-3.687088094322434340e-01
4.234809213613063839e-01	-6.977504858468800419e-01	7.955911277995947328e-02	1.721702507038468610e+00	3.495194045254112480e-01	-5.066185045176868629e-01	5.300687854397024834e-01	-4.161674719714156256e-02
-1.258734096274262415e-01	1.024518356537738734e-01	-3.905523125836766751e-01	-1.042177911833471748e+00	-1.171822658186597366e+00	1.337156169170604425e+00	1.269269561636324539e+00	5.858217783806933809e-01
6.704003667738659411e-01	-5.591746416796263830e-01	3.455876928286668037e-01	1.942421210497990769e+00	4.563883430002177999e-01	-1.062754298284792065e-01	7.043302323819993216e-01	4.238976299083909161e-01
-1.744496337280036780e-01	-7.365106635238970467e-01	-2.318127719670851627e-01	3.604671621476087523e-02	1.038430823563821992e+00	-5.285415675357492127e-01	-6.236915207029767316e-01	9.621646602643775248e-01
-2.908529348732647457e-01	-1.012508070823404438e+00	-3.404318132215484738e-01	2.056092379014968219e-01	1.220226130255075869e+00	-6.762859974831355592e-01	-6.081640044765770359e-01	1.373029599751203644e+00
2.185704752039080434e-03	-9.213009538613815830e-02	-2.260376076690312486e-01	-9.478683122717334042e-01	-1.189269093962667334e+00	1.071215856720801662e+00	1.125892862277285911e+00	-4.112180878553955976e-01
6.201266926700389481e-01	-5.304791555302521555e-01	1.480831526372107521e-01	1.596731651960116904e+00	4.184263804020773581e-01	-3.325340380118980144e-01	4.977403903967939636e-01	5.798079029308288446e-01
3.419730898029674226e-01	4.013875048253582878e-01	-3.945412269414113604e-01	-1.308886180023784984e+00	-1.281331153357372798e+00	1.296619497250890207e+00	8.935945772977273993e-01	-1.009653115749010593e-01
6.564754887609036693e-02	4.097864238695622663e-01	-4.498478328773237722e-01	-1.083859121478174092e+00	-1.244420692885368274e+00	1.025642500753275899e+00	1.092543550141415132e+00	3.885630086270481787e-01
-3.024501543354471966e-01	-7.624321917116808622e-01	-3.435973067399427650e-01	3.234016085729859991e-01	1.046641193678190529e+00	-3.889103720603994674e-01	-5.466934772258741360e-01	1.247749776265557387e+00
6.118221560508331214e-01	-5.543475182385904088e-01	2.137391944110540454e-01	1.596360017633771777e+00	3.955148595996538230e-01	-2.881141814720843408e-01	5.034152440228032432e-01	2.187833433171980646e-01
-4.134685662355958025e-01	-1.012830984424360814e+00	-3.594782278773111517e-01	6.468441484712068590e-01	1.226680583429049065e+00	-4.132381109178519529e-01	-5.002628583604546986e-01	1.300353495645236279e+00
-6.137062110540358884e-02	-7.167104357070345211e-01	-1.929080563266341031e-01	-1.243581673374876198e-02	1.074524419039118550e+00	-5.515379444642314333e-01	-6.528896644492179213e-01	1.040236826553388561e+00
7.585679281486910897e-02	5.348258673342619618e-01	-2.896176208800677054e-01	-1.074174701612319982e+00	-1.066208419428475107e+00	1.225188804871424564e+00	9.120865976296569366e-01	2.290035771503058926e-01
3.307177126203448836e-01	-5.678276422864347861e-01	1.809246782616496796e-01	1.776390072388199792e+00	4.586290663082430719e-01	-6.500031021590704783e-02	5.015954020651565148e-01	2.055343790981296881e-01
6.451881048445377020e-01	-6.929550367939464328e-01	1.994440780126033874e-01	2.098980739633694803e+00	3.456701895968568028e-01	-2.518421606533617352e-01	8.353843643238836325e-01	4.144471225862362829e-01
-4.462576843104041902e-01	-1.129288216357074992e+00	-2.743254529499914440e-01	1.005366170407152371e+00	1.332367818663595216e+00	-2.999813776248921315e-01	-4.494613538369542360e-01	9.159067523399384569e-01
-3.840126866447858833e-01	-9.699221879484661857e-01	-2.859832914315127428e-01	7.677420683889885078e-01	1.186832954133606899e+00	-3.472196719491681960e-01	-4.633641755194211620e-01	9.508169873453660159e-01
1.817254646878027069e-01	3.947037839637240197e-01	-3.300086135422181655e-01	2.467474663399484014e-01	-9.892274397595989255e-01	2.483039715355011445e+00	6.923471474446413199e-01	-1.385540152558787375e+00
3.786717976386106965e-01	-4.312534880945044224e-01	2.293750444313334691e-01	5.111582943312774630e-01	2.182171643552884843e-01	-1.086446143962381539e-01	1.006138052722424375e-01	-2.788595921284261481e-01
4.066714450400557568e-02	1.852923468165527665e-01	3.763388912514770146e-01	-7.522954901961756979e-01	-1.004816476708858097e+00	1.333537350880904082e+00	1.172626501717309644e+00	-8.772030344449125439e-01
4.551343727618806789e-01	3.588356074970695531e-01	-5.293674818020236428e-01	9.255219720293453300e-02	-7.893186287676657864e-01	2.404123502530188361e+00	1.159461640504048791e-01	-1.370836652130443367e+00
5.931057339621347291e-01	-3.644922060048526036e-01	1.697237928794000372e-01	1.476158404361284981e+00	2.432097972896160587e-01	-2.669558737856381203e-01	5.285273374860921525e-01	2.814609588819875219e-01
1.197359819959776583e+00	1.515821249692928530e-01	9.019007379008630795e-03	5.369455649641314832e-01	-3.523918100230128414e-01	-7.749720436558465986e-01	5.737159716422290945e-01	2.529947929519505423e-01
-4.109024190752571387e-02	-3.954431001120548538e-03	-7.898067101520532540e-02	-1.262175076304667742e+00	-9.093692390275507353e-01	1.075002034315714283e+00	1.135429932516891061e+00	6.827946489762670712e-01
1.173268400370971465e+00	-6.173281916523359197e-02	-8.145258691920732874e-02	-7.672954022749593761e-02	-1.798486597471302406e-01	-1.202745142998742800e+00	1.228048946010723841e-01	4.881147420783379931e-01
5.793923587265983333e-01	-5.669547202034501687e-01	1.697903101615937937e-01	1.900193151327018048e+00	3.024162708507124320e-01	-3.056490437929161308e-01	7.275622605431421031e-01	3.203289774351595898e-01
3.241350660489390467e-01	-6.022971288496189457e-01	1.492857485073678103e-01	1.851202085528186547e+00	4.446040382656141210e-01	-1.621578011654383478e-01	5.470641714876101069e-01	1.891739093591768839e-01
5.939251218126163634e-01	-4.196696306930597919e-01	1.492639000697115748e-01	1.564503936570244669e+00	2.098963483578243361e-01	-2.964863586431048526e-01	6.140530440542599777e-01	2.807771158563628355e-01
5.982935088305075810e-01	-6.266442378384776690e-01	3.014157860538989597e-01	2.031887534281860308e+00	4.454241230009770014e-01	-1.056943345636482401e-01	7.437495490976048229e-01	4.055317933059637836e-01
8.697219266724580677e-01	-1.628735293307510268e-01	4.389015271074040991e-01	-2.860291417250926047e-02	-3.594579447103540132e-02	-3.899149001612514098e-01	1.239352704642255609e-01	-3.780579673541707431e-01
4.321910976704698149e-01	-7.901376597763811738e-01	1.776063742510003152e-01	2.313957549894747334e+00	4.712625170216158121e-01	-2.108605842290433574e-01	8.365839376335389987e-01	3.999057621666332052e-01
-3.709697755288658416e-01	-1.117337135840335449e+00	-2.847060816956556994e-01	7.077907415413102754e-01	1.373141817160835609e+00	-4.641157049840851090e-01	-5.467594100461857787e-01	1.138907941213608499e+00
3.661794188282554985e-01	-1.728591286911418390e-01	-2.161668612143526902e-01	-9.284328424677562586e-01	5.446053881234707017e-01	-8.192992724006116223e-01	-7.766487846700735886e-01	1.068702091612684146e+00
3.383676592452602994e-01	-6.185537276148430630e-01	8.529682569542865189e-02	1.897015028690762328e+00	3.619712894825778404e-01	-2.593440937734883822e-01	6.303260868438385067e-01	2.087186562679817781e-01
7.752343857437128394e-01	-7.140924928728153986e-01	3.104190160660564302e-01	1.656793373722219798e+00	7.110560935731128351e-01	-3.152966815866259376e-01	4.240115834909122805e-01	8.698562783797701981e-01
1.833565701436297157e-01	-6.868658438845938186e-01	7.425841244208981895e-02	1.943062688964261264e+00	4.532361556765943655e-01	-1.771192827771264910e-01	5.511218996004764170e-01	8.920209726621217139e-02
-4.487218693271251557e-01	-1.095244852212052589e+00	-2.244251691348120303e-01	1.096472573471828804e+00	1.304964926680122872e+00	-2.788766372205425115e-01	-4.157608762014706194e-01	7.314122945199306169e-01
-1.857953673143404039e-01	-8.629338284051588648e-01	-1.303941792501043806e-01	5.166795040989208276e-01	1.188607340970244897e+00	-3.667489136242697012e-01	-5.877434693976599789e-01	4.477186222798862358e-01
-4.447603992893420927e-02	-9.728613750257059101e-02	-3.314943961450848575e-01	-9.859120425882582639e-01	-1.057104593999025788e+00	1.500871187479012381e+00	1.149858569439216271e+00	3.886822025930803393e-01
-1.709971414370383899e-02	-5.149218332520641983e-01	5.017181537512538370e-01	1.668662568360495424e+00	1.005437730142572761e+00	7.583086724534721101e-01	1.091049717392043733e-01	1.788925598504698677e-01
-3.179244429671005401e-01	-7.884238468712548853e-01	-3.123198657171791237e-01	2.885431208995595243e-01	1.036981277338485219e+00	-3.967508028341331650e-01	-5.244035284117589679e-01	1.217344252212505751e+00
1.136679461149415760e+00	-8.923876586490822049e-01	5.053553533363802641e-01	7.834341291564896892e-01	9.580985168796916085e-01	-8.620720083314326043e-01	-1.644213654228557919e-01	-4.601232996687868587e-02
3.838988865392042316e-01	-1.422525943897038347e-01	-1.281317681044402690e-01	-8.190231532523636337e-01	5.120587524261163148e-01	-6.637548468940509538e-01	-7.319887475313526792e-01	6.716433708571495353e-01
4.827463358600836973e-01	8.738190412463638923e-01	-2.332854846067398957e-02	-6.383677588022466098e-01	-1.365851121506245880e+00	1.592545539138959132e+00	8.993491040225221056e-01	-1.532872619523189206e+00
2.234373575202491247e-01	3.580253484637809791e-01	3.748960421553111377e-01	-7.436357918177595172e-01	-8.351302906165857243e-01	1.796837971370960352e+00	7.220472116899410153e-01	-1.154401596652976592e+00
6.296437903138746295e-01	-3.965217322549369205e-01	4.259263918643515501e-01	1.694754331552319027e+00	4.864842913112266132e-01	4.508366837607461625e-02	5.579163289092887723e-01	4.175325781232998579e-01
-3.107936784234573424e-01	-9.718624636807383643e-01	-2.583948861890454918e-01	5.428282448753323219e-01	1.196631490691962618e+00	-4.341730675945407736e-01	-5.442605923385546163e-01	8.777203941434290613e-01
5.412552759289075421e-01	-5.910487270031161700e-01	3.372415210740680735e-01	1.960589507442446866e+00	4.939716746429176908e-01	-8.468062005946530579e-02	6.757457878411015084e-01	3.640400914093736562e-01
8.901347258309963983e-01	-6.497773636872460346e-01	1.145982329482838763e-01	-1.338134232784841671e-01	-3.323668654202439621e-01	-1.613238660246095191e-01	2.786188696948416199e-01	-6.723239055444107937e-01
-2.486608999994513181e-01	-9.463252545808510385e-01	-2.465131401525673394e-01	1.922113310586197610e-01	1.208602166478481177e+00	-5.918178482535813023e-01	-6.271957703625785641e-01	1.045147011233750423e+00
1.297621658869304584e+00	2.103255340151127251e-01	1.354260104406910248e-01	5.247625263939919016e-01	-2.713029832894335303e-01	-6.792094309408597264e-01	5.458044398806007891e-01	3.963403251541227634e-01
6.695441841411082784e-01	-3.312646804043798410e-01	2.956721155840987825e-01	1.443369536184892166e+00	3.334920799273961567e-01	-1.822037453497124815e-01	4.927206104702088196e-01	3.083850648934812200e-01
-5.078036560185141823e-01	-1.032569933659588601e+00	-3.407908183288257953e-01	1.034289210059632369e+00	1.224886789364370898e+00	-2.296254332539596210e-01	-3.816834829917367666e-01	1.131618561580893800e+00
2.588036902533693007e-01	-2.061017153966228366e-02	-3.006012168366362092e-01	-6.728243213924336441e-01	4.057040482346468968e-01	-6.043008815662104238e-01	-6.505093132573790404e-01	1.114906723458022775e+00
4.375368386662787379e-01	-1.600673745864580888e-01	4.301485928249907525e-02	-6.300860573691658972e-01	3.981259574865227968e-01	-5.365750293049946773e-01	-5.915789360295012900e-01	-4.263810644526946220e-02
5.809306991071587767e-01	-5.361335675290407332e-01	7.715110820660649182e-02	1.781850216215215443e+00	1.902490756482674295e-01	-4.147456412680720073e-01	7.194232239745538271e-01	2.671391052861644688e-01
1.167694102307517801e+00	3.199975840612174216e-01	3.885391692693963561e-01	3.610616865642322648e-01	-1.417445573778711686e-02	-2.446170287577250635e-01	2.704649138776316075e-01	3.949639180916220127e-01
4.467715928712017170e-01	-2.185772416098358539e-01	-6.796775843922094051e-02	-8.871908458336685843e-01	5.537239793658175202e-01	-7.673937218039338370e-01	-7.666548414859233329e-01	5.394282607788341011e-01
-3.704970743766662356e-01	-8.867896801540566809e-01	-3.044101407930587255e-01	6.584043676718865923e-01	1.121906204817914032e+00	-3.194666981385010374e-01	-4.728798127186321087e-01	1.036554310798214029e+00
9.840070420395627959e-01	-3.620848574522218533e-01	6.238248509941047848e-01	1.414161646629683355e+00	5.586158431416612391e-01	-4.621382780323221584e-02	4.734151469966809689e-01	5.157153333232198378e-01
6.540748137825749264e-01	-5.147145141652484934e-01	1.938997726848484815e-01	1.827857472512166348e+00	2.879089463564442064e-01	-3.045606877250933708e-01	7.210007786884669034e-01	4.129215402602971485e-01
7.542847899196223338e-01	-3.231954563701375793e-01	4.555374681702020201e-01	1.575522429447409944e+00	3.763000055707955704e-01	-2.879575095166173396e-02	6.127540829780484533e-01	4.330185996454827269e-01
6.973943555025977625e-01	-2.860723870014889592e-01	1.923518034156621315e-01	-1.453383636385336720e-02	-1.323830981181235711e-01	-4.839665143376171152e-01	1.138604514235736220e-01	-4.855307992713733256e-01
5.865184065865711727e-01	-5.511887144949317863e-01	1.731450287650411202e-01	1.454814038120916253e+00	1.871450393832547188e-01	-4.325252663685758558e-01	5.525087347859940490e-01	-1.009511769374482892e-01
-2.012846319970065800e-01	-9.361185955185680196e-01	2.063158698067442398e-01	1.117961864541795469e+00	1.174438198643841469e+00	-7.775049957959903613e-02	-3.210919285248176047e-01	-3.383696224764907723e-01
-1.618046017091287481e-01	-8.788504216499425370e-01	-1.951863998691157620e-01	1.076971168781268029e-01	1.189634235945385532e+00	-5.810922755175080834e-01	-6.745150826382535492e-01	8.437390806645967967e-01
6.348920818676044853e-01	-4.835899095608364173e-01	2.089038952923842063e-01	1.775854276406360954e+00	3.031526713955632335e-01	-2.659026807279166738e-01	6.719108487751486170e-01	3.518737332790167760e-01
3.121863601333371707e-01	-7.728671068829074953e-01	3.757109499778859552e-01	2.164078500207634814e+00	7.253434632824697914e-01	4.044771748703235303e-02	6.074988297065402332e-01	2.762373963346450023e-01
9.810666481563155017e-01	1.767791868666188093e-01	1.822184632108921343e-01	3.877260700471991117e-01	-1.512371701984045191e-01	-4.407983635373782794e-01	3.300937183275314823e-01	1.361383946730002070e-01
-9.809208327132556970e-02	-1.010376946852333813e+00	-2.732407662484923061e-02	3.821381307178426390e-01	1.328456278876849028e+00	-5.325407103623496230e-01	-6.680379569150438623e-01	2.140823031375714280e-01
7.003302689952725091e-01	-3.215425326853856292e-01	3.340948402932779060e-01	1.544161365981481460e+00	3.692728044876162352e-01	-7.955186064354902165e-02	5.549911960339349859e-01	5.602514477346104416e-01
8.986950594054798902e-01	-5.047475306469362266e-01	3.683023699430308939e-01	1.466376902893158807e+00	5.582509365540899715e-01	-3.151894467888174955e-01	4.257853525512171333e-01	7.194867304484048320e-01
7.231900938022384207e-01	-7.006131459045550347e-01	2.944982584947790083e-01	1.896188442141699682e+00	5.253654301817497485e-01	-3.619352265880863562e-01	5.867097939427016184e-01	2.763918454283351700e-01
1.089265871412568698e+00	-7.696131134082430103e-01	6.382953451942208201e-01	7.662530580245003886e-01	3.537951459024322176e-01	-3.001306959643788574e-01	3.244638560898618906e-01	-3.009267449979282083e-01
1.159233403531073847e+00	3.236352350511043086e-01	3.996545555319675480e-01	3.430551473315798239e-01	-1.434708091503835358e-03	-2.446269060353254143e-01	2.376726959831954034e-01	3.358520199746349855e-01
-4.529417873077814516e-01	-8.096659135916347561e-01	-4.052843231718721295e-01	5.910009196616368143e-01	1.014025985923400208e+00	-3.108729665109972173e-01	-4.063424885147753907e-01	1.492371177375257041e+00
-1.770808488327671737e-01	-8.291334547927541321e-01	-2.152537958595268086e-01	1.593007207295807914e-01	1.150546328971831178e+00	-5.210581414967817571e-01	-6.428025351846587965e-01	9.217481240583792479e-01
6.788767171228128339e-01	-6.283801947368511387e-01	3.487761997389843271e-01	1.764393343457876018e+00	5.508177237870547360e-01	-2.564335036749806895e-01	5.223347573777550323e-01	2.713832584284721627e-01
3.602297186661834183e-01	5.479225094625859160e-01	-5.784566763860565786e-01	7.130381059515628062e-02	-8.378190568132796168e-01	2.163408942191605178e+00	1.689283521865776461e-01	-1.222523065337189463e+00
3.135282794485222402e-01	-7.473702185153823230e-01	4.168821513963728853e-03	1.988583154702225908e+00	3.600223417130370973e-01	-3.325614821239525343e-01	6.527074662486973544e-01	1.682061758255402606e-01
2.254334214239023526e-01	-8.151196890041337850e-01	4.482208039406648803e-02	2.241173358198841115e+00	4.556966541271276760e-01	-2.122749714118451203e-01	7.493379104634076970e-01	3.064609618671015334e-01
-1.458128335239499418e-01	-7.844781426838089988e-01	-2.412937384703676136e-01	1.407642757168330039e-01	1.141773038193751422e+00	-5.301992724050538230e-01	-6.855405542657774243e-01	8.828232706022075549e-01
2.965649741815984952e-01	-4.658398177464090906e-01	3.082618038689069473e-01	1.606160127143551053e+00	5.521871386278244254e-01	1.205006412875176958e-01	3.796112035864779299e-01	1.880196252580847438e-01
1.001932060011494707e+00	-5.863210813090329321e-01	3.220046728516757772e-01	9.348735911578803792e-01	-3.105174605496972551e-01	-3.329349840298023167e-01	8.579125037783021934e-01	-4.755669426781899967e-01
2.564717093695922379e-01	-8.138659745661114275e-01	-2.483657846962566279e-02	2.117805125354082829e+00	3.468118997091247935e-01	-4.214323964768773023e-01	7.308400118201313633e-01	1.330911382528001952e-01
4.866703917828203441e-01	-3.017955923658271478e-01	-7.254747410838729982e-02	-1.112283254150727485e+00	6.522989317095020390e-01	-9.352137991352404978e-01	-8.644216369991691851e-01	7.749523964897724326e-01
-2.221383972719578603e-01	-8.913690224812367280e-01	-2.482270441644587600e-01	2.700992979212551437e-01	1.182534509367904274e+00	-5.008954461365522359e-01	-6.326095782007656876e-01	9.295178788812941129e-01
1.588616858351097338e+00	-3.669815482148867242e-02	4.617831055006241803e-01	-1.073118709140461480e-01	8.474595177046129191e-03	-7.903666004001397294e-01	9.988323503314661123e-02	2.004082248955361134e-01
-1.017513326374104854e-01	5.702726187268625235e-01	-3.332224333195221155e-01	-8.487462720549920903e-01	-1.016052116581260156e+00	1.066293895981818007e+00	1.051136060338679901e+00	5.955925428597599325e-01
8.642040069539820291e-01	-6.742749339684700471e-01	1.974282385006044527e-01	6.869189036194137676e-01	6.958825744723586004e-02	-6.129198734483811695e-01	3.162915116565207518e-01	-3.203127857526901212e-01
-1.308263770872465370e-01	-8.918557581186336014e-01	1.095675990846148445e-01	7.622432302359427592e-01	1.198632886302469114e+00	-2.439492492745068131e-01	-4.701285144973258445e-01	-8.883181892248669109e-02
5.057883917390038064e-01	-8.237674487053763261e-01	1.919890165823036343e-01	1.942926718528058316e+00	5.340423511400088641e-01	-3.971796049435394327e-01	5.705956736989512557e-01	1.335202554084567450e-01
2.443277196422316000e-01	-7.674394230536265571e-01	1.077846574963118101e-02	2.094239919801489602e+00	3.772107309692399602e-01	-3.543168645455975208e-01	7.209972308295621302e-01	1.915669736978803106e-01
6.960109294960113990e-01	-3.367726981332933023e-01	4.914516801883204722e-01	1.567290045301472645e+00	4.990555137827452636e-01	1.028654202368908532e-01	5.195135913075881184e-01	4.775691550167849297e-01
-1.817144592207014520e-01	-1.816116857159580725e-02	-1.642194257288739634e-01	-7.240964400100995402e-01	-7.334632073345046521e-01	1.570033322713579205e+00	9.986601596950624993e-01	5.146291962848525969e-01
-1.256968295047534989e-01	-4.697395485420982064e-01	-2.086776313809746153e-01	1.069052929758353421e-01	8.034759990322305478e-01	-3.231507155200637471e-01	-5.239072118825108815e-01	7.404521666911468847e-01
4.762909346497672392e-01	-9.889132280506783834e-01	3.391296541381602081e-01	1.487642754970823988e+00	9.494181851491592106e-01	-4.931004738040987156e-01	5.080925818239065417e-02	-1.238405020772437026e-01
3.633619588434309766e-01	-7.460431585702561597e-01	9.197125630712951749e-02	1.887413908629326897e+00	4.668526600291653672e-01	-3.339886105826875284e-01	5.353817773539295555e-01	9.939544463104788008e-02
5.061028244281723376e-01	-4.354382507858701734e-01	2.833275775244974426e-01	1.644690392894099906e+00	4.332781842480132317e-01	-8.800907536097384021e-02	5.020458330968584626e-01	2.770374719783649242e-01
9.971510706092268084e-01	4.310965624478778346e-02	1.627534006785088805e-01	7.217347548626160125e-02	-5.974449919406840670e-02	-6.188096385531975940e-01	7.258016715040595257e-02	-1.014974901118239660e-02
4.920599592163458214e-01	-6.435991167956663928e-01	1.094440326205486924e-01	1.875173754183514063e+00	3.641451587410133306e-01	-3.726921593854091719e-01	6.312487678293787763e-01	2.291013758252560817e-01
6.314594189373186062e-01	-4.043014314351730532e-01	4.064454441620612424e-01	1.711101638846471040e+00	4.608680034078793675e-01	2.709282693422876073e-02	6.040461834762299587e-01	5.082447695580164515e-01
1.106931712650858879e+00	2.145344478841920699e-01	1.441986911609657029e-01	4.308100655544422342e-01	-1.984448694802327384e-01	-5.507607608184633685e-01	3.953417362099113652e-01	2.506401316781003419e-01
1.488677796645907714e+00	4.541047225908307339e-01	4.914665683250222794e-01	-1.888445959559515996e-01	-1.229961002103797885e+00	1.009988022848350431e+00	1.276736712262270146e+00	-1.283039639734540938e+00
6.743865704458540389e-01	-6.080562349974572012e-01	2.295439485430278981e-01	2.052737226829798534e+00	3.326967121335762112e-01	-2.718751467729862425e-01	8.125504498715364621e-01	3.896497793583518221e-01
7.270001491274474814e-02	-8.187384503071528652e-01	1.393292019438676158e-02	1.115973656399497083e-01	1.128034282216625828e+00	-5.200707105973825239e-01	-6.775708942108914501e-01	2.169317799814446390e-02
4.933359790477868656e-01	-5.843751541320740817e-01	1.340669245119143760e-01	1.887338787791816630e+00	3.503996540625751721e-01	-2.704149702429398117e-01	6.341073933006060592e-01	2.114127679618472699e-01
2.366315750921738070e-01	-9.976689607946318539e-01	4.667391065575966502e-01	-4.200091497519977124e-01	-1.944068576209821986e-01	6.940033396599989413e-01	1.744736004402437923e-01	-1.248403904155407806e+00
1.266572878750121589e+00	2.501999671201606823e-01	2.617053063643878796e-01	5.171587904422724202e-01	-1.722797272892638842e-01	-5.369770108689476684e-01	4.849678213739535559e-01	4.037971521745763459e-01
-2.856722654354828528e-01	-8.491489881839208165e-01	-3.225841245838640403e-01	2.715151016449056653e-01	1.063998178656957894e+00	-4.331258151387587518e-01	-5.496370757234473325e-01	1.204044585924987310e+00
1.295978940085483755e+00	2.074042729502055815e-01	1.627255055270312722e-01	4.895377799627241289e-01	-2.384124196722307854e-01	-6.809726144388953406e-01	5.084509432134245444e-01	3.855396709211755812e-01
8.253858648243151963e-01	-2.941740172174281409e-01	2.220133272590580353e-01	-4.462537570784637364e-02	-2.154181008612397752e-01	-4.078530024314271363e-01	2.266721026699043406e-01	-4.627758339320037217e-01
3.518134663929398109e-01	-1.400516208248190897e-01	2.063815252271684886e-01	1.005311424852413926e-01	-1.190269835123320685e-01	-5.111932430521020088e-01	9.605747098000845530e-02	-6.155932285138763227e-01
4.807239554722688712e-01	-6.509165285994809036e-01	-1.365561541802911248e-02	1.457147886866869246e+00	4.890269954932220386e-01	-5.410203000337699963e-01	3.276572013075833567e-01	6.617492056685116975e-01
-4.256834406803095550e-01	3.404385283779152727e-01	-2.191389557596480631e-01	-3.755215597090196811e-01	-6.844871889830337341e-01	1.815881215081570854e+00	1.107667159650408184e+00	7.475711937228018966e-01
6.755315234228834731e-01	-3.546274290219769698e-01	3.779169224281193062e-01	1.584139176435511054e+00	4.013462255555785285e-01	-4.768815104884512046e-02	5.512726225001043368e-01	3.920215574984314277e-01
-4.027390737775590202e-01	-7.160148542247543046e-01	-3.609073587114986492e-01	5.594583956297352056e-01	9.801447735115307314e-01	-2.322622608311933345e-01	-4.299913558992539686e-01	1.295403152635027588e+00
-2.152038635144107315e-01	-9.399228527405545375e-01	-1.816977871899981278e-01	4.036293337338230369e-01	1.258623607987630288e+00	-4.935419459047215573e-01	-6.364388680486949834e-01	6.884498132331375864e-01
1.630401787983741135e+00	3.864559772358613920e-01	6.372480435163118129e-01	5.248562001104840613e-01	-2.164040816955788149e-02	-2.453405276671685731e-01	5.090367068101997461e-01	6.835755850268098177e-01
4.871350113989097452e-01	5.126083460617961718e-01	-5.320019166760063811e-01	-1.095657848462011121e-02	-7.564980501466024299e-01	1.992928393174604906e+00	-2.710578722150394984e-02	-1.346488546343127535e+00
5.077318262512345859e-01	-4.183038613346710122e-01	3.639327984593468956e-01	1.688151502035792229e+00	5.023496336568280540e-01	6.291845477975502310e-02	5.301955348479917562e-01	4.695423631524466845e-01
1.030953094600741471e+00	-2.114588930237530640e-01	8.193815118901731642e-02	2.727526409554387188e-01	-3.485176128279918739e-01	-3.931505619122958595e-01	4.815873631212134187e-01	-2.021796415573817729e-01
6.538976675001282324e-01	-6.970795165340268884e-01	3.607939314490721805e-01	1.599801131811929622e+00	7.063809117848052210e-01	-3.050077099441010353e-01	2.942237973319729583e-01	1.566072938719921537e-01
-1.491651800827398233e-01	-4.921045579046097740e-01	-2.067737371122683188e-01	1.346674379644745012e-01	8.584873461082553892e-01	-3.148889027456012735e-01	-5.382476629845848182e-01	7.831805729633326552e-01
-4.706984505742478064e-01	-1.073172113734072841e+00	-2.155973653575286586e-01	1.237087270677591500e+00	1.293053830757717737e+00	-2.007387635017797156e-01	-3.547524028809392327e-01	6.550612910613113904e-01
-2.075285084622881596e-02	-1.121602652789545740e+00	5.335473540960732758e-02	5.273742431772957540e-01	1.391322677058269397e+00	-5.847330179019537555e-01	-6.473210402461414548e-01	-8.286174633816134616e-02
1.234249676746674407e+00	2.906782377654280602e-01	3.432637180656790132e-01	4.407134424666019901e-01	-8.400652344476131073e-02	-3.669810889764638651e-01	3.579071994381861632e-01	3.586577071415220641e-01
1.492028907219026257e+00	2.389264447929698165e-01	2.629488091366727343e-01	5.873527531556529402e-01	-2.820367659154758844e-01	-6.830522589910555942e-01	6.718477917670140354e-01	5.074463614402091594e-01
1.299213014503304564e-01	-5.443442590298467332e-01	1.994751818034407043e-01	1.762442102431082791e+00	5.104815820859756048e-01	8.483311653025417398e-02	4.647389459026401992e-01	1.429680996376748725e-01
4.954131372342669981e-01	-7.572434161855886581e-01	1.396992458568854234e-01	2.217061956416371160e+00	3.823747418262262165e-01	-3.110055052847188750e-01	8.326862109962741565e-01	3.279008768872716528e-01
-1.588026697943666354e-01	-1.242213121378427987e+00	-3.954209606924577632e-03	6.827039060283915939e-01	1.532127685753176038e+00	-5.676156583434165404e-01	-6.475564002205695946e-01	1.176994011556126568e-01
1.420506152620177875e-01	-3.467460230654558773e-01	4.160002573900318246e-01	7.487382794987468282e-01	8.131978454389396926e-01	2.990663439639796861e-01	-1.837021987947715651e-01	-5.637585325580490858e-02
3.208303975502609373e-01	-7.225214572912032063e-01	1.520713442664351489e-01	2.026033008134193292e+00	4.993323659000350467e-01	-2.107323530880837459e-01	6.237879969489015242e-01	2.234653284323729061e-01
7.647993725213907412e-01	-4.605799586024396097e-01	2.091396999319076189e-01	1.290648047311625524e+00	3.158543582391869498e-01	-5.057207145536445347e-01	4.014996772249144197e-01	1.508040075714871808e-01
4.915235329652425378e-01	3.839136021524807152e-01	7.820700200288667470e-02	-1.330266313035696646e+00	-1.403697773193975040e+00	1.396586186359211723e+00	9.749230782365622128e-01	-1.267711777346175239e+00
-3.961385142028072681e-01	-8.313759183225765126e-01	-3.416709765377994867e-01	6.074662055997996912e-01	1.058689433056304585e+00	-3.250825398339665107e-01	-4.377590148917188118e-01	1.188123811495253257e+00
-5.250888932278914289e-01	-8.572785053064155836e-01	-3.560916598080185458e-01	1.090844076918256578e+00	1.061651805995027509e+00	-8.400475629134503130e-02	-2.954566499904842103e-01	1.160855350487911997e+00
5.469330677856502065e-01	-5.944254623111934199e-01	2.279248041885389153e-01	1.835738320216268704e+00	4.396684800314728525e-01	-2.577971449160367245e-01	5.964376789621206321e-01	2.726512437814896939e-01
2.431707135463217484e-01	-1.994286005920487340e-02	-3.433548034667867621e-01	-6.707165210319416815e-01	3.940749702549586897e-01	-6.328238509370326392e-01	-6.412992305843473462e-01	1.252195638767799934e+00
6.586253940052384792e-02	1.108737665218256924e-01	-5.168840469356693612e-01	-8.486358027978866403e-01	-1.249841300410545530e+00	1.032333949851654831e+00	1.101657957935953336e+00	4.347534960175533647e-02
1.091684472358644742e+00	1.481366278197118191e-01	1.364723023791761941e-03	5.000426721639168459e-01	-3.135443335270400866e-01	-7.439810471445821305e-01	4.940149824830852854e-01	1.902773464826468253e-01
1.404605995457179346e-01	5.863950060417456867e-02	-4.569564652584818809e-01	-5.410154970356065851e-01	2.679591011332875250e-01	-5.685692345099911948e-01	-5.332237274610612809e-01	1.460661986540880530e+00
2.748945996418077353e-01	-7.465164951223232093e-01	1.507942835007179960e-01	2.085809653978199840e+00	5.146580672474685425e-01	-1.935320488307377684e-01	6.413653656294826533e-01	2.101351176591325642e-01
6.351845300071217171e-01	-7.461230225127126747e-01	1.217985131603224053e-01	1.875853285130371750e+00	4.223215472307411122e-01	-5.408908256952352778e-01	6.259290784590230139e-01	3.499159617183899007e-01
-5.055987403396752233e-01	-8.563512662377239515e-01	-3.920794374771427449e-01	9.686252430145610992e-01	1.046154565318855090e+00	-1.291114015329530573e-01	-3.122980091511495249e-01	1.362281903058085053e+00
-1.947886705813419161e-01	-7.314748461085158748e-01	-3.293832956589748395e-01	2.099525308412004271e-02	1.008046871886456364e+00	-5.556171506747139555e-01	-6.170668789706299506e-01	1.241728317729734687e+00
5.493825192024398563e-01	-7.419570184990733619e-01	3.034379469581606759e-01	2.281948211190298004e+00	4.876170232276982874e-01	-1.009858756784765416e-01	8.646211023573661114e-01	4.476003025803728663e-01
4.902047194974183952e-01	-6.063683599589968498e-01	3.424650461391625100e-01	2.025493590286687073e+00	5.629297496095876374e-01	-6.827025020990043491e-03	6.228534777034717695e-01	3.193200858894548189e-01
3.923665365918340142e-01	-1.465569314482663144e-01	-1.809150324374201313e-01	-8.727766887374457383e-01	5.118276046685881209e-01	-7.483643603096822305e-01	-7.540324451204696299e-01	8.580553716141903209e-01
-3.258601130371853172e-01	-8.003191372620085953e-02	-2.500224433768455934e-01	-4.424673147615754698e-01	-6.833853669028231437e-01	1.939525227467127966e+00	1.061008870322009301e+00	5.370024930639767380e-01
-7.472737024251431548e-02	-1.032840651120755737e+00	3.536111404298288713e-02	4.413587082211304913e-01	1.363365483603504513e+00	-5.179287573743283080e-01	-6.587269993711293292e-01	4.446303279491450877e-02
-7.500048293423983506e-03	-6.822097954680736986e-01	-9.198534079623987489e-03	1.219287382470118641e-01	1.006659412601381920e+00	-3.838791461210493416e-01	-6.138894744878934384e-01	1.246545825043268857e-01
-2.498521585531416345e-01	-9.236577932183734907e-01	-1.968269752117700611e-01	4.480746251492561671e-01	1.234816628000564798e+00	-4.467903452039772016e-01	-5.967928666381073777e-01	7.923031519229521979e-01
9.780474679706085972e-01	8.442650051512569365e-02	1.322795090711169352e-02	4.817082398574388802e-01	-2.752047239926693201e-01	-6.022441422136735056e-01	4.676946590171808249e-01	1.604830155190797025e-01
5.330031941233539516e-01	-5.999144064184055436e-01	1.857359943119776535e-01	1.921399009618018683e+00	3.604155657959443593e-01	-2.245972034906111026e-01	6.954763507629984076e-01	3.018895262868879770e-01
-1.783655862050395613e-01	-5.845121298220037342e-01	-3.417229562986290881e-01	-3.440548185632822525e-02	8.723537197400323961e-01	-5.127664110908696227e-01	-5.610750849965314702e-01	1.366313233612076239e+00
-1.648847444482081925e-01	-7.714676591238880388e-01	-2.384112690689937086e-01	1.021701300645350696e-01	1.065817608546399953e+00	-5.286653194485166907e-01	-6.175871734951837722e-01	9.946395309705530208e-01
-2.836447598661750447e-01	-1.274949519783048490e+00	-1.580858168739857073e-01	7.011148704152789790e-01	1.512825693139752792e+00	-5.887786518496634924e-01	-6.205244212920182356e-01	6.118152127897154013e-01
-2.746851195811597646e-01	-9.732568910461872891e-01	-1.633723143092654928e-01	6.978365020655499240e-01	1.271223440905341784e+00	-3.721475911404657499e-01	-5.503973085813976818e-01	5.710533845265457487e-01
2.117323955769330468e-02	-1.158803569646368548e+00	2.028218732702388727e-01	5.568893063704364321e-01	1.384967092370250397e+00	-4.478470797214982868e-01	-6.133943428222002892e-01	-3.645522833691693942e-01
-1.617805814865538871e-01	-1.156246960117824019e+00	2.250318603771447323e-01	1.114702416327351342e+00	1.421872002885409048e+00	-2.414449556989977652e-01	-4.372201926977255515e-01	-3.896369416887404125e-01
4.783127480970651435e-01	-6.469216791580001402e-01	1.803131684256958356e-01	2.067408780578955163e+00	4.230259293007694321e-01	-1.711869962211574059e-01	6.860919417529981468e-01	2.353598761799090555e-01
-1.623753651189189240e-01	-8.276588964929821879e-01	-1.673220598895565625e-01	4.177776122557711469e-01	1.163614357824569678e+00	-4.264670231631302322e-01	-6.113799151264676102e-01	5.570789217383651515e-01
-1.253719306091617171e-02	2.083692415933220410e-01	4.336389472583644933e-01	-2.654939131338724390e-01	-5.826003968406606726e-01	1.863289697749785478e+00	7.429041463640497778e-01	-1.027299073370626425e+00
5.597264478425124645e-01	-5.515827096554806186e-01	8.471964614003600624e-02	1.858748968307307292e+00	1.930855256841889078e-01	-3.959464324461597906e-01	7.728928387928465371e-01	2.950548768887443218e-01
-7.216866497098931021e-02	3.342339159996672582e-02	-5.245477940322348376e-01	4.411191479817874184e-01	-6.984931809537079372e-01	2.593279957197564212e+00	6.086214890483926387e-01	-6.890076078273166260e-01
7.223434784855001789e-01	-7.591828076639979272e-01	1.836746257580988972e-01	1.636535963753110723e+00	4.778842809435469574e-01	-6.572361404872009150e-01	4.651619893063124733e-01	1.190722242063533831e-01
5.143693795332975327e-01	-6.567945082344135432e-01	2.829440017409761143e-01	1.524824289168078328e+00	5.779797271349851329e-01	-3.618074992315977734e-01	3.584041832322173438e-01	8.781027925961742975e-02
5.301774622562074324e-01	-2.070052566155239360e-01	3.478774497125617926e-01	-6.891047334722912865e-01	5.321044845766768061e-01	-4.602571037991961544e-01	-6.159530288845866952e-01	-3.566695036490903359e-01
6.031483878972448975e-01	-3.145620863814788115e-01	2.632934316090610460e-01	1.385539696105237750e+00	2.999582761180369928e-01	-1.724862811136752272e-01	4.729496688869008758e-01	2.627979195579009386e-01
1.081599053609288763e+00	-7.899788311110919059e-01	6.762476980961575901e-01	1.345799507173492282e+00	9.426257553202750383e-01	-4.640146880299556020e-01	1.403511263484447658e-01	1.531283041238757914e-01
3.054370451920578877e-01	-8.292004201543861086e-01	2.301943973148656147e-03	2.345770314467719775e+00	3.284712715470615718e-01	-3.414002558057325221e-01	9.158471579997062850e-01	3.430278409422140573e-01
1.236924731893474627e+00	1.916822125101463881e-01	1.130061931832235106e-01	5.260425507671238066e-01	-2.724072692111568217e-01	-6.783063880825375147e-01	5.320660562465242549e-01	3.347418551394181763e-01
2.828818689473089898e-01	4.190494239355422867e-01	4.957917064631136572e-01	-1.078628084695954836e+00	-1.057921448642836326e+00	1.232255545752816595e+00	8.477039249943553179e-01	-1.387648922463459167e+00
1.261263733017799593e+00	2.210042461300691374e-01	6.999700220357907288e-02	5.340615411961771031e-01	-3.057754487472997829e-01	-7.002312050247430086e-01	5.424102589995420942e-01	3.703935639768271004e-01
-8.245268557744137375e-03	-8.769189112620500159e-01	1.719644050778394717e-01	8.737656846898722574e-01	1.020290332458956728e+00	-3.049493683034706915e-01	-3.337604537205391408e-01	-3.688215144408634183e-01
5.720535391195115116e-01	-5.175005931748273280e-01	1.789454698907145536e-01	1.818726848966169207e+00	2.937851083830274046e-01	-2.736749570422890576e-01	6.954206442409565092e-01	3.247328834228685457e-01
-1.904754664435297784e-01	-6.349047246567713909e-01	-3.016203282673287078e-01	9.177165254863103860e-02	9.269734823403519286e-01	-4.470819040828959978e-01	-5.760318440049398969e-01	1.097185405175761019e+00
2.285350778351997736e-01	5.983533800400960834e-01	-4.421219949951196715e-01	3.011845084260433292e-01	-7.679959664352657978e-01	1.936070400234814803e+00	2.278953594171095609e-01	-1.308392242746336809e+00
6.766749196120119825e-01	-2.209675321691217664e-01	2.404147244323807942e-01	-6.923071540267634882e-02	-8.217178864831285734e-02	-2.797476815516420356e-01	5.797323939518256308e-02	-4.284235022066318899e-01
6.338822854786324568e-01	-8.439119758284411299e-01	1.126753920294627787e-01	1.612842179096193984e+00	4.994049627093878341e-01	-7.069517940701103287e-01	3.780607668329574178e-01	-5.703420626910926661e-02
-1.544770469873200380e-01	3.399938727560851692e-01	-1.789462516718113572e-01	-1.093637510639658750e+00	-9.590142618824863963e-01	1.220136161516497175e+00	1.135088658788777405e+00	7.186404738519828195e-01
-2.353432385138669314e-01	-7.282420495081334266e-01	-2.694269649455592885e-01	1.376342906394596166e-01	1.004050087710333106e+00	-4.274814531505586879e-01	-5.669836512194120770e-01	1.066671494032030765e+00
3.362166820087690300e-01	-6.995341820955521817e-01	-7.501137425332229935e-02	2.008836508025510614e+00	1.723098166711714563e-01	-5.225887618685343128e-01	7.961678990632274910e-01	1.691613713035961530e-01
1.263133143485913212e+00	3.150198602660726488e-01	4.517186536888160298e-01	3.650055542777232986e-01	-2.968964141779412581e-03	-1.929040835910791618e-01	2.926912837626250985e-01	4.216739876408023280e-01
5.800268208579335560e-01	-4.209017423269337810e-01	2.342990416240016416e-01	1.569705943358568945e+00	3.360813780697800568e-01	-1.300388019645713766e-01	5.440915853859250584e-01	3.566602501216413756e-01
-2.030888244763910111e-01	-7.632297536537557825e-01	-1.322133961945641811e-01	5.597328286365143013e-01	1.104176042054789475e+00	-2.813172220613308072e-01	-5.431583914109365807e-01	4.286240654933305971e-01
1.433227598415997672e+00	2.863880115273967908e-01	3.581646627677225747e-01	5.428016344095940582e-01	-1.621428845933051144e-01	-5.034726782367200393e-01	5.342642935947614635e-01	4.988218686797428192e-01
-9.526590087439704493e-03	-8.750623359913254351e-01	-7.999061152467017155e-02	-2.842982415622693493e-01	1.249818605761280343e+00	-7.668731141325360046e-01	-8.098670351633172615e-01	7.109714097948630629e-01
6.529594188912090091e-01	-5.003547767815614833e-01	3.774459980479449861e-02	1.722780867243252301e+00	9.985284970043238617e-02	-5.222280684730971068e-01	7.580863602976178894e-01	2.832469525748427253e-01
2.926865465585037351e-01	3.369457132808298394e-01	-5.575612502819851102e-01	2.322584365946023521e-01	-7.480781722241079956e-01	2.249583997895753473e+00	1.969486803760543137e-01	-1.190574682123203054e+00
1.932751177990245095e-01	-2.881931749571814971e-01	4.241263211718270809e-01	-2.347559007796792552e-01	1.229003212633600212e-01	1.786083298293376642e-01	-1.639108648153364545e-01	-8.126037613742673749e-01
4.911097693310215173e-01	6.649164518660738432e-01	-5.050842954449460409e-01	-3.449659135376557106e-01	-9.534923985451804196e-01	2.057866842260902107e+00	2.426014221363283485e-01	-1.137684800189838086e+00
-3.694113208883973432e-01	-1.098671151610639996e+00	-2.899919732620739876e-01	3.546709397645470552e-01	1.317199065060436158e+00	-5.459232733275153349e-01	-5.719477554014414933e-01	1.297205619639828722e+00
1.815681105520033922e-01	-2.631359805690934861e-01	-3.192501846337920113e-01	-1.154985893544369313e+00	-1.053045599734941939e+00	1.200138958198168959e+00	9.546003465209370598e-01	8.284007515088112616e-02
-4.526728186389301078e-01	-9.293895786484168697e-01	-3.570596525888842798e-01	9.810317232537649756e-01	1.075475376879281741e+00	-2.638537624060351972e-01	-3.553268901625816767e-01	1.032453218289395513e+00
4.090408834893712320e-01	-6.839073292727831932e-01	8.338676027323480011e-02	2.008382440019126136e+00	3.404945626528566027e-01	-3.388808900589413420e-01	7.086683795609838299e-01	1.883221228496784194e-01
5.721628322965226499e-01	-4.558701484352432054e-01	1.782740962293785647e-01	1.691848751395587769e+00	2.930163693502097488e-01	-2.579962619503248233e-01	6.246761074438712535e-01	3.569789916873809532e-01
-2.745969049460142419e-02	5.326457707446665690e-01	-4.144934618415353489e-01	-1.191651092376931453e+00	-1.278336575851549028e+00	1.001224863155208533e+00	1.189445545395341419e+00	5.666034495113487779e-01
5.419214704037864649e-01	-5.805255827271961211e-01	3.202797968576587828e-01	1.926883342457401671e+00	5.201756107761061898e-01	-8.995855009550574044e-02	6.061092476815357344e-01	3.277823114676113314e-01
1.267180189915580124e+00	3.172942313993296626e-01	3.667206065148473915e-01	4.488729250038308027e-01	-7.090111952442061660e-02	-3.329247368094114257e-01	3.726296357904430590e-01	4.421548159761476970e-01
-1.885642011151568986e-01	2.358327352122305265e-01	-2.054398400382762002e-01	-8.853329187993980165e-01	-8.799429783870635902e-01	1.563792478269868669e+00	1.076240944988954507e+00	5.596913301204774482e-01
-3.552276361287524109e-01	-9.956243059468188328e-01	-2.499963852444308521e-01	6.975996041789485069e-01	1.238216277709329516e+00	-3.386336979067287034e-01	-5.111627695494600498e-01	8.760923598233185672e-01
2.103759977307182449e-01	5.606915334313353760e-01	3.063038190860329357e-01	-5.825082038222400005e-01	-9.106600756796128238e-01	1.303653127805112444e+00	7.070825602771579899e-01	-1.328068047197721091e+00
1.355783188651454862e+00	3.578931406604285992e-01	4.663682311004857528e-01	4.372845704215434504e-01	-1.203968102544124286e-02	-2.651766195348831956e-01	3.507872172056883953e-01	5.351798108659748809e-01
-1.317765491770200581e-01	-1.115450847774192900e+00	-1.074307639133470632e-01	3.386229278945239729e-01	1.423761574533693564e+00	-6.060763177664161283e-01	-7.097213631335308470e-01	5.495811283096840860e-01
-1.880694338916369668e-01	-8.343559300585740024e-01	-2.390215624867212119e-01	3.943903282326303716e-01	1.168848482900552765e+00	-4.442334117178265984e-01	-5.997391956357640552e-01	9.795549199406826668e-01
-3.771153904000773549e-01	3.710427415323240274e-01	-2.596963179257304466e-01	-4.577213599813180767e-01	-7.643355860773465293e-01	1.730682237841283611e+00	1.119186654194813002e+00	7.122095972309886447e-01
7.301940528680707088e-01	-7.443632249518058464e-01	3.222085745679043045e-01	1.468266739296658407e+00	7.783921573386216597e-01	-4.457578209614759812e-01	2.340247817879430314e-01	5.393119489621143181e-01
1.118313183636718833e+00	1.663426185664260148e-01	8.399728590437123554e-02	4.919996750261492191e-01	-2.625953940608251047e-01	-6.665691401699926910e-01	4.866546875583100396e-01	2.543173959559538733e-01
4.904849805188341016e-01	-4.843465455934606312e-01	1.812948468676852110e-01	1.639186658083668480e+00	3.707826960716905096e-01	-2.306319649587245391e-01	4.971136635313042618e-01	1.717041858822398182e-01
6.488021515325905764e-01	-5.394744748969214632e-01	1.876184063661853751e-01	1.851134154012666677e+00	2.508891234784900170e-01	-3.518407540785762344e-01	7.656659557389643433e-01	3.354708363045555419e-01
6.240012107312186140e-01	-2.775428528807230011e-01	3.728936101341432385e-01	-8.080927370351077554e-01	5.812028613167286029e-01	-5.745037106989160369e-01	-6.894533530075432903e-01	-3.884503444780962877e-01
3.685520551626334518e-01	-9.130511735446641963e-02	-2.935808036873535642e-01	-7.939007086167629845e-01	4.425947914410629513e-01	-7.634477611125854990e-01	-7.075052313603144016e-01	1.155628798655074618e+00
5.916130465544579276e-02	-6.976285835936016921e-01	-2.075712097358554387e-01	-3.379766818835422404e-01	1.025539288054565512e+00	-7.732153113295070490e-01	-7.391259835689588664e-01	1.137560044942267368e+00
6.695356063700198535e-01	-6.005476346948649402e-01	2.937615339414749727e-01	2.060687603332871376e+00	4.550283231976429699e-01	-1.645795713022011608e-01	7.027408841041936638e-01	3.425642669217799918e-01
4.003631807250090935e-01	-4.878218533702237125e-01	3.041881734539901294e-01	1.697056949702226092e+00	5.304613026225504235e-01	1.144331300621787700e-02	4.575415407354079256e-01	2.769458237572076653e-01
-2.679555800405590826e-01	-8.984960134104141849e-01	-2.248292242196801849e-01	4.584456933843638060e-01	1.209307263745947214e+00	-4.249931711206028084e-01	-5.851913764306697630e-01	8.651102001722911217e-01
3.712390013054111537e-01	-6.297447213776610209e-01	-4.907611874437281529e-02	1.742849205974591476e+00	1.510430664223891828e-01	-4.772358005990940399e-01	6.941420714369213041e-01	1.215710599771459149e-01
1.129047446020110534e+00	-6.654225036312039210e-01	2.036088979645298835e-01	8.087026836785408124e-01	5.024676757486339351e-01	-1.014861738533296975e+00	6.740488789725415653e-02	2.790191412386363590e-01
6.120067688799802896e-01	-4.661490839984867574e-01	1.051126425138345366e-01	1.629756151043779022e+00	1.349717726483561364e-01	-3.235515070305964302e-01	7.102698143141641385e-01	2.764932214503660335e-01
5.981565517702801538e-01	-9.285404156716995372e-01	1.656292119942492091e-01	1.344643660054014589e+00	6.701816248483631888e-01	-7.455521768333237542e-01	1.175063083745944426e-01	-1.885662923078027242e-01
2.223011702532561307e-01	-6.964090819101876884e-01	2.234703975195742875e-01	2.021352882128108597e+00	6.092298615429748709e-01	6.543116588562084002e-02	5.529988085599479852e-01	3.030347912245514586e-01
-3.607204505850290510e-01	-8.781898939715199193e-01	-2.432995868045815802e-01	8.463135885536093861e-01	1.152696171590331886e+00	-2.431549346627572550e-01	-4.555601302798250596e-01	7.700840246347129270e-01
3.998773287329439596e-01	-7.239627806811516075e-01	1.017242809459933256e-01	2.123727368847834196e+00	3.920680613857978059e-01	-2.900109506363756084e-01	7.418008686166269738e-01	2.587158662245072627e-01
-9.726263707825832938e-02	-1.345147583574514243e-02	-5.518244633899906937e-01	-7.459519134825760567e-01	-1.194861511729207182e+00	1.561003609727725783e+00	1.223735660824258886e+00	3.560932806286283281e-01
4.209798236810123884e-01	-6.394958692255912069e-01	1.358357879511577493e-01	1.987958669900475872e+00	3.970441929943738235e-01	-2.414717287274665003e-01	6.792696675970897324e-01	2.822768704176760179e-01
-3.808117861485641464e-01	3.327620266825006556e-01	-3.878432707411653135e-01	-2.313261956390825214e-01	-7.550739088366614782e-01	1.700676214918725115e+00	1.052133203112218585e+00	6.089030756627071828e-01
3.282134408607353393e-01	-8.124322233303232776e-01	2.997907120554287319e-01	2.227780672848813648e+00	7.101100766215586724e-01	-9.066003838800181652e-03	6.351623603615492719e-01	3.903487576481622368e-01
-3.477125630121019051e-01	-8.318784145179221046e-01	-2.800873387681595550e-01	5.660313381985826453e-01	1.098111025329598034e+00	-3.119590234956728936e-01	-4.978198255480165146e-01	1.000881381665069014e+00
7.386302524045291751e-01	-4.071774697288945560e-02	4.716629809968115455e-02	2.288568960768040117e-01	-1.604251157679928985e-01	-2.054555487418031345e-01	2.090844279547959816e-01	-8.630586868118562960e-02
6.088466857763871198e-01	-6.855936728844076455e-01	5.075171320142243259e-01	-2.470700877139780580e-02	-4.066549294376935464e-01	-4.881254331187289200e-03	4.781473146649852790e-01	-1.331108397875393701e+00
-3.004272514853529308e-01	-5.450227607130029295e-01	-3.975367208860674517e-01	3.847535397175296801e-01	7.967459022005443092e-01	-2.430119230888695969e-01	-4.235910204528432477e-01	1.312672119786992386e+00
1.292566722180948258e+00	2.158531971616300948e-01	1.770077219092306142e-01	4.626167580495292864e-01	-2.183452272111815473e-01	-6.577244586945536486e-01	4.756150661653926748e-01	3.726019239058477872e-01
3.127155279148416400e-01	-6.427722599943305193e-01	-7.708679454173904266e-02	1.805084891782269274e+00	1.513639947821429632e-01	-5.218544120429595701e-01	6.652250986485268580e-01	6.353878191489858995e-04
3.829161499056805140e-01	-1.334598761613233486e-01	-4.597442828338589582e-02	-7.302447894650273552e-01	5.072037686063272099e-01	-5.739720294569155001e-01	-6.899723731418950790e-01	4.225066365726410922e-01
1.200393149835933704e+00	2.285335442479051737e-01	1.970148888821902367e-01	4.808308727861033138e-01	-1.970343828358497862e-01	-5.704526720812523877e-01	4.537290763907679825e-01	3.382476734238665239e-01
-3.325522644919576831e-01	-1.256729134609867238e+00	-1.999065241782709834e-01	6.519944025940637156e-01	1.472249848464003863e+00	-5.624274192223827074e-01	-5.965390511865474865e-01	8.259979169262251508e-01
4.311434006897302829e-01	-5.841714485498301634e-01	2.148978480672187052e-01	1.896734638071461809e+00	4.690335481986350752e-01	-1.128100936560500478e-01	5.885969977867262504e-01	2.886196062606029011e-01
4.576392258635210153e-01	-8.033593509127775478e-01	3.529108009016206360e-01	1.558078171207211815e+00	8.322580675045886389e-01	-2.557012023255259003e-01	1.839132467589697784e-01	7.670465719297203666e-02
6.868460116851730080e-01	-3.696027100963553136e-01	1.820707316864405012e-01	1.494663859644944193e+00	1.597044659908207209e-01	-3.783584204989270949e-01	6.211828301140780439e-01	2.292142153157902540e-01
9.215962658727577805e-01	-4.466121000243089001e-01	5.527996976960669606e-01	1.772245394045815159e+00	5.055490628214714954e-01	-3.569804505951613971e-02	6.675069413774216143e-01	5.411369279503799312e-01
4.766733057957772690e-01	-1.595440956042214198e-01	2.848929832128769268e-01	-6.247954830547818306e-01	4.589179789179039792e-01	-4.190515343414712435e-01	-5.677911595481777152e-01	-3.129689500881706610e-01
-2.363963130685707847e-01	-1.059677864253024460e+00	-1.390275043674442657e-01	5.448423462616327484e-01	1.354711725801440947e+00	-5.076567807953028533e-01	-5.923994288425193933e-01	6.375724333613286277e-01
-4.538025767447754211e-01	-6.483602166358323204e-01	-3.843555763419303495e-01	7.332329329113618233e-01	9.070573365950758138e-01	-1.323185334722152273e-01	-3.396602326188651877e-01	1.314635842380990738e+00
-4.067226223548335851e-01	-5.799505499482340287e-01	4.693935974623049401e-02	1.407520976051370720e+00	7.486110983245154449e-01	4.653662528405743681e-01	-3.896498989793251155e-02	-2.226090877830170511e-01
5.708903776486772275e-01	-6.714731203647658075e-01	1.188177507758384488e-01	1.941300413343838516e+00	3.193337303792873061e-01	-4.090295440786169689e-01	7.113525731584522394e-01	2.069673251278171255e-01
2.541574124213136776e-01	3.684181073091131742e-01	5.000880501189227667e-01	-5.664921398854549928e-01	-6.654852986354097277e-01	1.068693559314318087e+00	4.498657684373341126e-01	-1.448026106573107041e+00
1.865492255027225155e-01	-8.025256471801471836e-01	1.659894377519780251e-01	2.251636938114019326e+00	6.073989561010300076e-01	-7.021539332256154786e-02	6.594361396600818548e-01	2.956791563557484293e-01
-3.290302851723159727e-01	-7.413520625622292970e-01	-3.373957653646561528e-01	5.097714748780747263e-01	1.018088786504823595e+00	-3.056482395326192703e-01	-4.963009367133552896e-01	1.125542264722246610e+00
3.597009133927354108e-01	-4.085137835370489801e-01	2.955374070388218644e-01	1.500872653585892058e+00	5.202466463651771456e-01	9.076200855545650537e-02	3.099297958382771223e-01	1.119850953618472117e-01
1.813277143022012095e-01	-1.296663147422857820e+00	3.336836136940549702e-01	3.110829200917215598e-01	1.520157474376111928e+00	-7.002956052423802147e-01	-7.035333055871838548e-01	-4.823462502772146721e-01
3.183618443046458690e-01	-7.370064420879900158e-02	-2.244428354614255439e-01	-7.563438878842131396e-01	4.387293562720913087e-01	-6.314400830684445687e-01	-6.838196726183392027e-01	9.296076058411588683e-01
2.740676185464133163e-01	4.643570680012049645e-01	-6.146368321637992738e-01	2.870882420183781814e-01	-9.097192009646153377e-01	2.523663288347974820e+00	3.852826301021895494e-01	-1.202129366842759950e+00
-3.032263301699277824e-01	-6.416663551473651417e-01	-4.436260325783958902e-01	8.854418404402958354e-02	8.949570595340627932e-01	-4.758456119886331770e-01	-5.063163092642909424e-01	1.719048627101853910e+00
-1.852856638987094018e-01	-5.817367614692321443e-01	-2.750005010779068559e-01	6.388871344139560038e-02	9.058364859330867436e-01	-4.213655352661919151e-01	-5.733032428902106181e-01	1.039135740558807530e+00
-9.296454588095556804e-02	-4.994100614172205521e-01	1.699516795243935785e-01	9.448845210320375720e-01	9.693214373072904511e-02	-3.779064456796127347e-01	2.967503237666149207e-01	-6.547961809504168063e-01
2.692697168849412792e-01	-7.246487644970971420e-01	-2.098964652494385991e-02	2.022977888480638864e+00	3.081016237419614834e-01	-3.816142914313292445e-01	7.049920936251927728e-01	1.508433646769547498e-01
4.475361550773139241e-01	-6.705794486463284576e-01	7.397904763527117511e-02	1.951849431174759619e+00	3.093649181125234793e-01	-2.935406189139482813e-01	7.090606783749525688e-01	2.313838767745335923e-01
-7.789921552166800822e-02	1.405965187946827677e-01	-3.731872024237365415e-01	-7.660312835093877615e-01	-9.798235680089039112e-01	1.316470396462923853e+00	1.029632227787107723e+00	4.009244623178641054e-01
6.220436654053075332e-01	-4.778125261962294368e-01	2.022874411799503447e-01	1.710222338980490697e+00	2.755781459419690549e-01	-3.030765448456813060e-01	6.825578608737701281e-01	3.629891127384052840e-01
1.519525536900700580e+00	3.417296331190430858e-01	4.991377256246680716e-01	5.253641317825356039e-01	-7.322199195119472037e-02	-3.236812570880386319e-01	5.032611523094019379e-01	6.494339548445842158e-01
4.205833179797466292e-01	-6.621841464143597422e-01	1.667478430423455574e-02	1.941369787252658297e+00	2.366832482963839301e-01	-4.527391777192201205e-01	7.576873920291353759e-01	2.040698993277924311e-01
-2.456685611349899712e-01	-8.541007761931214137e-01	-2.421964919272656114e-01	3.701877068563166340e-01	1.092296607671632280e+00	-3.748982823339390702e-01	-5.553980218233053323e-01	8.470788830811002423e-01
6.573726037099395514e-01	-5.776102401514258133e-01	4.364160611599384731e-01	1.734519402624909334e+00	6.440558432230012453e-01	-1.022890653717350995e-01	4.506446410174754780e-01	3.068519288944545065e-01
-2.634963791003508415e-01	-1.072364259334626757e+00	-1.960456019750115575e-01	2.260156498221417565e-01	1.363441656353657327e+00	-6.327153571431469725e-01	-6.672466487531049095e-01	9.968897978751353195e-01
-2.393548127852792029e-01	-1.146630670380958783e+00	-2.061400884367508013e-01	3.354938717832788297e-01	1.402036924647364069e+00	-6.638016920585354530e-01	-6.720057749986243500e-01	8.667025238094836492e-01
1.216869374937752157e+00	2.417580049711307577e-01	1.993723536015744591e-01	4.610844438388296829e-01	-1.805261268174784828e-01	-5.360661630392815624e-01	4.231922630807863905e-01	3.460465917085384646e-01
2.357966375130134407e-01	-8.174150241475909295e-01	7.445427787542296949e-02	2.028912577934377293e+00	5.007695744448237285e-01	-3.288810733774754635e-01	5.770220121167759508e-01	5.090494359824279669e-02
-3.952635549287955574e-01	-6.582625157045929321e-01	-4.012631043204088477e-01	5.914527910487916706e-01	9.036985897786373734e-01	-2.259152102742035539e-01	-3.988359442508631059e-01	1.342205539361759126e+00
5.836034277082795541e-01	-5.690187231121984768e-01	2.046577245240683851e-01	1.661716490673913915e+00	4.313356972918747090e-01	-3.468309476829914417e-01	4.712783409862164041e-01	1.377026171710103997e-01
2.994310306439367797e-01	-6.110685848473997872e-01	3.103912296862874620e-01	1.948160805857441780e+00	6.465948923748825461e-01	1.081490726125440560e-01	4.897391698666420656e-01	2.570533793545659029e-01
5.752724445944723541e-01	-5.456651041918110234e-01	3.656673717091735165e-01	1.837222655845843544e+00	4.902692497334651955e-01	-8.240511523506890978e-02	6.645182399369129467e-01	4.446280893264011880e-01
-4.586114626832016317e-02	-4.910735904685210595e-01	-2.632847669557007997e-01	-1.546953011053607274e-01	8.547775741176837361e-01	-5.239776526401996870e-01	-6.452828348813532955e-01	1.053967401949331473e+00
3.031581894271696553e-01	-1.185610011753120974e-01	-3.586945154895344601e-01	-8.671493421616849329e-01	4.517814576753949041e-01	-8.159228804533757984e-01	-7.114101366810412497e-01	1.439402704228222696e+00
8.284616747867429298e-01	7.323971097103848527e-01	-3.018780780588546930e-01	-2.754677760636150934e-03	-9.502039988379075153e-01	2.052385821529699506e+00	7.056280400991953305e-01	-5.615802485724995519e-01
1.069616609044420796e+00	-3.952289920687659941e-01	4.890399797740729304e-01	-3.166068632151940454e-01	3.640582790876333019e-02	-6.079774527157055797e-01	-5.610543547492053557e-02	-5.068464010549291743e-01
5.660936126942451851e-01	-9.651515028732856605e-01	1.502236902245521200e-01	1.948706796827924581e+00	5.816151533648853400e-01	-6.505502702702354867e-01	5.454145848320660628e-01	6.783306883043796476e-02
3.815526349834347242e-02	-1.039326036506268425e+00	-6.941820566273208815e-02	2.414897675074763495e+00	4.534340089770519944e-01	-3.617124175589210844e-01	7.884336341092867961e-01	6.610762235393730091e-02
2.567588058261260908e-01	1.935603301349013705e-01	3.179816894846881903e-01	-7.186462241142910212e-01	-9.593039532802541958e-01	1.271761481557238227e+00	7.303337025254810211e-01	-1.473507622952411777e+00
-1.139200150991869775e-01	-1.239047898368567990e+00	8.141347412699127817e-02	8.437091233384633737e-01	1.519479103355250826e+00	-4.566444513342235445e-01	-6.151923220666283276e-01	-1.662794672348895386e-01
5.617847173565270191e-01	-5.378980765986629553e-01	2.287962645608037637e-01	1.863029577193239694e+00	3.808387061047127098e-01	-1.903673358967807039e-01	6.585909692574940522e-01	3.436054429925355924e-01
1.996788645883260660e-01	-5.925189076185283232e-01	1.284243167574888600e-01	1.730525987740236360e+00	4.764955857720600818e-01	-3.788479677920065375e-02	4.223284260702859783e-01	9.096216205146923084e-02
4.233308820471846090e-01	-4.047650596787134014e-01	1.592261812739002302e-01	-1.773250833798632464e-01	-1.463511249256769786e-01	-6.769746814539407964e-01	-2.107699530280915390e-02	-8.152736182102925389e-01
-3.004321770326249808e-01	-1.023295664983854047e+00	-1.442603397920050878e-01	8.424118398627598037e-01	1.325043670022814757e+00	-3.045295562907486264e-01	-5.094179318327878292e-01	5.996613764828443438e-01
1.216572355788304582e+00	1.219154742279046494e-01	1.733412186349105877e-01	3.248012214364949246e-01	-1.871319366381070659e-01	-7.160494563952611857e-01	3.519280531684317870e-01	1.706206481863679625e-01
-7.359366750767138560e-03	-1.068037627068211703e+00	2.412530129354994168e-01	6.570461078046204717e-01	1.340279944645051735e+00	-3.832274690619667523e-01	-5.586166541849411082e-01	-4.029454164423796891e-01
-1.479318866262506749e-01	-8.101910435342922767e-01	-2.116838578797556325e-01	1.504704415121801420e-01	1.121764034998779636e+00	-5.020954000109887350e-01	-6.392532357259712583e-01	9.038061417303945300e-01
5.477036863185967830e-01	-1.296880621571618875e-01	2.303256060157075624e-01	-6.174547091425880430e-01	4.541864245374899189e-01	-3.858251911513377874e-01	-5.670193933796147112e-01	-1.203316020126556918e-01
-1.492648648097296693e-01	5.340579619198032590e-01	-4.661866196841302767e-01	-5.242744803875828419e-01	-9.570661291376568736e-01	1.076396801232860412e+00	9.345089605683554179e-01	4.396427442975548439e-01
-4.148301127761782614e-01	-6.253623067812206227e-01	7.045550478947319728e-02	1.556625398553361572e+00	8.394726147607797229e-01	4.953940984978373319e-01	-2.296617387620322748e-02	-1.685628781141892407e-01
1.539270967153382630e+00	3.245133628582122509e-01	5.523164974069602051e-01	3.984816600484549776e-01	-1.659881234829641353e-02	-2.918167735899783177e-01	4.130447761390141359e-01	6.109582727816055270e-01
5.672260609340648019e-01	-6.433061889856085402e-01	3.480868365240522011e-02	1.982524049760384433e+00	1.906308557514734270e-01	-4.825138626066432512e-01	8.050689294317815436e-01	2.215967571584485374e-01
4.418618236135067323e-01	-1.972258309719427116e-01	-1.443662180731634104e-01	-9.593072110618491299e-01	5.447380570317749138e-01	-8.168620635634665783e-01	-7.803875921486915779e-01	8.233410262758411591e-01
3.526203663850812631e-01	-7.163351000592934614e-01	-4.235297933995060826e-03	2.011265532146062629e+00	2.812298243751796267e-01	-3.863353660364992059e-01	7.326949834977065645e-01	1.697850259190213373e-01
4.529186980770968374e-01	-9.793439996170120176e-01	-1.032418318916416972e-01	1.894553899903182126e+00	3.362289930814802430e-01	-9.247343234481336660e-01	5.759917037844562993e-01	-8.679356473367332014e-02
-2.817316467772298244e-02	-6.684309967829598076e-01	-9.016566019762389805e-02	1.671463855070244975e+00	3.036550344348735719e-01	-2.949289536186571747e-01	4.175427982816286021e-01	-1.541778825632488803e-01
-4.125939887150799068e-01	-8.007582850061859547e-01	-4.202550174959570617e-01	6.474735055029948727e-01	1.034400082931100417e+00	-3.048640249716743078e-01	-4.438594813675745820e-01	1.364144310638843560e+00
-1.890099610886319392e-01	-1.071358503891315594e+00	-1.494132436321639890e-01	3.689235611403591242e-01	1.351034509693766372e+00	-5.941443673329619424e-01	-6.661012294865210626e-01	6.245007006778771075e-01
4.475579783240361542e-01	-6.865522628744124001e-01	1.838835857352410230e-01	2.099289332442892064e+00	4.473861461597393729e-01	-1.895862717975898559e-01	7.148266951866458774e-01	3.176260941300637630e-01
-3.397874755429952098e-01	2.339458566386903859e-01	-4.713006719197858629e-01	-2.773065606695042651e-01	-9.016063157807627793e-01	1.805355802367300866e+00	1.172702528499659724e+00	5.738949147440161047e-01
6.537824550504136578e-01	-5.876406813451614530e-01	5.055594324657873839e-01	2.072647882129856622e+00	6.112223000241335802e-01	1.694078949757977792e-01	7.226236246168773469e-01	5.449243770787957075e-01
-8.901535208358495044e-02	-1.064610755420452248e+00	9.703448470508435966e-03	5.033160849308720985e-01	1.381681126515914348e+00	-5.207621386209931869e-01	-6.572489643814792837e-01	6.174275290099989766e-02
-4.655658998693101847e-01	-6.411177374818932684e-01	-4.815105658651434584e-01	5.986589750556134959e-01	8.441378529225076477e-01	-2.223628378705901631e-01	-3.318688626660807883e-01	1.675339645964349256e+00
3.896224137425345346e-01	-1.763054875360702822e-01	-1.923669168650209149e-01	-8.874556546292705628e-01	4.964228138349131569e-01	-7.430547277733858813e-01	-7.454453716871587421e-01	8.612173221484161756e-01
4.601428225568845454e-01	-6.113787315598594452e-01	3.642180822661363893e-01	2.025729144421879901e+00	5.951092107232547335e-01	4.368512745505505335e-02	6.304322882705007958e-01	3.953427894137551135e-01
-3.228324865723672388e-01	-1.014512069548469730e+00	-2.813739736296230198e-01	4.826634433924528733e-01	1.270283920703085156e+00	-5.086936675214059900e-01	-5.794644589118151945e-01	1.110067609749194828e+00
-1.133715939680106088e-01	3.548434061438277554e-01	-5.428737525578504197e-01	-4.945716860826293026e-01	-9.991330227666832542e-01	1.231837552073021369e+00	9.513616525731561913e-01	3.534161161374489435e-01
9.475152930936592277e-01	-8.586779334238396899e-01	4.811859774079462193e-01	1.163383126200369988e+00	8.659651836168626993e-01	-6.732552298908849320e-01	3.008224733886019631e-02	-2.419547085390921087e-02
-4.002397222599229365e-01	-8.291096624905287538e-01	-3.456763147196322272e-01	6.727764598452133926e-01	1.064174472447892539e+00	-2.896705896893622123e-01	-4.397737200439396643e-01	1.157803225705453576e+00
6.568861896810995749e-01	-6.242332444897440435e-01	2.292274098699620677e-01	1.849820231833502193e+00	3.894328181037319814e-01	-3.676657393492265835e-01	6.700874860286176737e-01	3.115580214063817799e-01
4.819982328660277204e-01	-5.973048021560036780e-01	1.567674931896789470e-01	1.862679433481821079e+00	3.334048255084006707e-01	-2.417795514174229665e-01	6.715565856590305360e-01	2.404605285421225758e-01
6.018681386044886228e-01	-2.803991031110534271e-01	3.411581897860853085e-01	-7.713971339279113160e-01	5.285292690016133443e-01	-5.026222122523048563e-01	-6.519575722106718541e-01	-3.975214655150341447e-01
6.277779346749483569e-01	-4.312455611673131628e-01	2.657956048195962429e-01	1.651521260344567477e+00	3.599817283813515068e-01	-1.805519993134520607e-01	5.866260280766086854e-01	3.817743360793307561e-01
1.025974635712947114e+00	8.078816000904863459e-02	5.090987519288937835e-02	3.537336133532370530e-01	-2.237565687804699277e-01	-7.720771018297521993e-01	3.662833472134328083e-01	1.207752182227576077e-01
-2.301481667868124081e-01	2.322320415150536665e-01	-2.373439953614392972e-01	-6.336566002736003789e-01	-7.690396253115223679e-01	1.525191929606007912e+00	9.948161552095891036e-01	5.660759774655959031e-01
7.729040413594342462e-01	-5.988942032190788245e-01	2.127877189617863041e-01	1.864053595918400585e+00	2.839714337819206347e-01	-3.796419264301744700e-01	7.557767594697127889e-01	3.473949832833778673e-01
2.069881094015730283e-01	-3.083209347686521537e-02	-2.715032792857058896e-01	-5.916473740305829843e-01	3.603373513884062240e-01	-4.921286717262279842e-01	-5.915242019848783173e-01	9.343401621804204860e-01
9.391348235771811437e-01	1.091017724083244850e-01	-1.768664887948754594e-01	4.621027932579295228e-01	-4.899439481398829566e-01	-9.938625717879553401e-01	5.231626834206386523e-01	-5.196899818825099354e-02
1.165915730394988747e+00	3.132460766984429545e-01	4.348378445564075045e-01	3.234201225447314587e-01	5.763376455034226187e-02	-1.359864577124777485e-01	2.022281239683728915e-01	3.907810309136405258e-01
5.498648971557684728e-01	-3.775396508450379329e-01	2.400419265848035277e-01	1.462711874698945147e+00	3.145651040219973327e-01	-1.947736924970979722e-01	4.773566731228670035e-01	1.755980529411475810e-01
3.374419449477120692e-01	2.514270404564132311e-01	-5.878692201028375974e-01	1.142918170943018341e-01	-7.732352201522951773e-01	2.197579976478774455e+00	1.795100036486310391e-01	-1.145755219902390376e+00
1.080061723100298465e+00	3.243454919086496968e-01	4.008296411382639146e-01	3.078641967095785970e-01	4.968702451875080250e-02	-1.603394122940363931e-01	1.837245449364936500e-01	3.797826023498364068e-01
-1.952758375789705181e-01	-6.710523582373024709e-01	-2.889993146413485370e-01	3.358152047255120315e-02	9.615449791718129191e-01	-4.686610881416390928e-01	-5.913386423221744792e-01	1.120559088879022669e+00
1.120069071564609997e+00	1.201440142081858647e-01	3.556967865783395299e-01	4.883444363498590790e-01	-3.670377384839360047e-01	2.354681470272377286e+00	7.257632509382180297e-01	-3.044267123190337876e-01
-4.342799554446388766e-01	-8.727594837581605924e-01	-3.567321772476658714e-01	8.769414054939937975e-01	1.044468961600684587e+00	-2.622631486544230728e-01	-3.749172019420964896e-01	1.073321088693707015e+00
5.671591955103889582e-01	-6.723624416078324284e-01	3.156368747462452995e-01	1.790362201512116336e+00	6.040714687324765242e-01	-2.477578129217157255e-01	4.729438355675761874e-01	2.353877653552330640e-01
2.942913915936318792e-01	-8.874733612139070749e-01	2.231346610731147206e-01	2.137705987593643719e+00	7.172911608132565009e-01	-1.798515287419952813e-01	5.309102418744319207e-01	1.804748005505264485e-01
5.914623159638273536e-02	1.293852686678028663e-01	-3.797201473766953495e-01	3.710078149840988493e-01	-5.985764574033807239e-01	2.759392688891079359e+00	4.516450713786095972e-01	-8.793633239222797826e-01
4.700160934501410037e-01	-6.319692677931694202e-01	1.867163762939335059e-01	2.013686002735832314e+00	4.139288463275253571e-01	-1.950806190550703478e-01	6.855892322838358366e-01	2.704809956862581077e-01
-4.963810939852564830e-01	-8.117439163909747624e-01	-3.419247845339063452e-01	8.727141180797383102e-01	1.082493193429848954e+00	-1.423340962139300059e-01	-3.755381826784544574e-01	1.219400140054412995e+00
-2.577820690235128054e-01	-6.274209850119216725e-02	-1.645111715632688876e-01	-5.762276240252088844e-01	-6.843648538397931747e-01	1.862793730226732558e+00	1.010436683669775570e+00	4.163096933932300958e-01
-3.225043578573510983e-01	-8.928623719040507112e-01	-3.294175430066620391e-01	3.860258072310622790e-01	1.126813626185926287e+00	-4.616263693926628831e-01	-5.453316839438261399e-01	1.208114621357624374e+00
6.370690487831700555e-01	-4.695784380228116839e-01	1.095429771552261511e-03	1.308996910991190088e+00	8.550179428993757991e-02	-6.074178720327140235e-01	5.193529614407204065e-01	5.033519762992058610e-02
3.615063139411069937e-01	-7.194213785098413361e-01	1.171089886609948116e-01	2.095708951439345658e+00	4.433711969445062184e-01	-1.843507777851123852e-01	6.941288877332931762e-01	3.289177947682150882e-01
-1.416474999293159710e-02	-9.491230864393096489e-01	2.559754057161429119e-01	5.991307653670905342e-01	1.234944913810955613e+00	-3.240204307464615852e-01	-5.268455174671233809e-01	-4.102048734552724008e-01
-3.118557486729532924e-01	-9.143826974150226494e-01	-2.224722160882737498e-01	6.464085741902879656e-01	1.211811014713751522e+00	-3.514375209770637665e-01	-5.300623294249268147e-01	8.049224528071320384e-01
-3.906923039073722514e-01	-7.361975936965146072e-01	-3.539701896726012431e-01	7.470321584806296489e-01	9.664010011242396558e-01	-2.004904441520975189e-01	-3.800899994795996495e-01	1.179160353540195993e+00
5.767697793855052213e-01	-5.173569967415913018e-01	3.074171337682090610e-01	1.799120916363305511e+00	4.314900556383041152e-01	-1.516334642111693831e-01	6.244781681700923848e-01	3.659478617138385848e-01
6.370591784963528514e-01	-6.135153982122831806e-01	2.806118919390086508e-01	1.994651212005920105e+00	3.900287582663756192e-01	-1.500477996933495539e-01	7.847875582410950290e-01	4.567599298144732756e-01
1.240057816129354951e+00	2.534671993043933758e-01	2.291651163252430567e-01	4.628564786853783253e-01	-1.741610193153394492e-01	-5.283546736468470728e-01	4.389467555090686424e-01	3.818596495913124667e-01
-5.229619321917744479e-02	-6.798184396941250318e-01	-2.655878889960082770e-02	8.586537172359884340e-02	1.039875902108252870e+00	-4.116824047113042395e-01	-6.249301635687365408e-01	3.027820653657478100e-01
-4.235482860078984557e-01	-8.133338699398140470e-01	-4.307008147388842190e-01	5.509119707791417797e-01	1.010989047970755950e+00	-3.375999732217169202e-01	-4.305288315201610816e-01	1.488437509838635542e+00
-3.196545769323775321e-01	-9.033716009594018326e-01	-2.364986353463591484e-01	6.970612238058602195e-01	1.104100954948946667e+00	-2.532683112694507077e-01	-4.677340719341736008e-01	7.111456243668963229e-01
-2.433647242573402369e-01	-9.982114082195122640e-01	-2.099185740867742234e-01	2.963048302999558570e-01	1.274395121016544952e+00	-5.665284814564135463e-01	-6.356579838208321620e-01	8.931972827638842150e-01
-4.017387511738275685e-01	-9.526629688910784877e-01	-2.131704831071229711e-01	1.002846876853558999e+00	1.219891601823795968e+00	-2.186916538815903699e-01	-4.285542444266464135e-01	6.796353597265338831e-01
-4.772906293212595547e-02	-8.424939199773709975e-01	-6.374272588394452876e-02	1.817416619834497093e-02	1.175677304020682268e+00	-5.654128527653213832e-01	-7.029057764088516569e-01	4.180416024883194526e-01
6.707941232586016600e-01	-3.272973951762967459e-01	2.991846217635971694e-01	-7.649823374788616848e-01	4.381741227141376926e-01	-6.966922141307074767e-01	-6.037116182275386045e-01	-4.215222801989728096e-01
5.060878611229102653e-01	-5.986718706067314377e-01	4.633048970112272347e-01	1.247102503408530794e+00	7.768675144877763561e-01	-1.526776420430457915e-01	1.033499582879248285e-01	4.292296243132276423e-02
5.491254764303410418e-01	-5.526718677495342513e-01	4.418654638995614947e-01	2.009141319308870965e+00	5.957883741952904044e-01	1.259991585108984069e-01	6.455963469797393328e-01	4.340924368119623011e-01
1.096324009829064305e+00	1.660183294782249241e-01	1.161267922337669428e-01	4.310003378866733015e-01	-2.110282628144271588e-01	-6.200778365337219489e-01	4.063147386641068337e-01	2.230783736284190077e-01
7.521587850576416656e-01	-5.793565660153935371e-01	1.305683116533593313e-01	1.848391353257425207e+00	2.028439223484401199e-01	-4.975645200619286945e-01	7.730486807349844502e-01	2.916261411262328074e-01
3.361203178946573500e-01	-8.421773836622314935e-02	-2.558292711749160508e-01	-7.506162799355324822e-01	4.160792458530129245e-01	-6.575456392405607531e-01	-6.871611256690514091e-01	9.102912328497733130e-01
6.632295495864842794e-01	-5.635367637838875066e-01	2.089869328848975860e-01	1.950800681777844270e+00	3.366213675790296067e-01	-2.834313028476264651e-01	7.162671502127482270e-01	3.043056864953290197e-01
8.757206523028040479e-01	-2.405299573734328844e-01	5.418856391128065164e-01	1.460603423085285124e+00	4.447894852300110502e-01	8.696885312257116030e-02	5.060943376996618337e-01	4.581808803354745496e-01
1.293982493011089918e-01	7.375210630158669789e-02	-4.181828743687112104e-01	-7.583578617623665252e-01	-9.868044533757773795e-01	1.528992905246141731e+00	8.026955103008885928e-01	-6.208360487149930385e-02
7.693781824543828307e-01	-6.125060577511376447e-01	2.935995089992918250e-01	1.707305045862298920e+00	4.560024013926012865e-01	-4.102520489528816428e-01	5.548432835195979962e-01	2.841758149850371895e-01
-2.418933707077749184e-01	-1.084574199452129850e+00	-1.366886443350530667e-01	6.396086074765137131e-01	1.362897528061300267e+00	-4.565179605868240342e-01	-6.002792345424401432e-01	5.067236160917845122e-01
-2.881693106823068895e-01	-9.304378772856256585e-01	-1.664473803012182507e-01	6.563065434088376504e-01	1.246481594510929769e+00	-3.071408114032280756e-01	-5.355024725794512719e-01	6.539680858380922945e-01
-4.004998429616629663e-03	-8.237870632769989099e-01	-7.002679576129480776e-02	8.041950304197439947e-02	1.119897190894420413e+00	-5.355900389106824644e-01	-6.810695324235039871e-01	2.669807686136477232e-01
1.468922793829571916e+00	-2.332027145133314938e-01	4.112832803023949713e-01	-3.715284854979254980e-01	2.040691089386454382e-01	-1.032351143823608375e+00	-1.867608467773575753e-01	-2.577047940856417793e-02
2.591529292572928300e-01	-7.651754153052985410e-03	1.568536049596197801e-01	-2.971101695084945593e-01	2.890192756472357294e-01	-1.360896825852941083e-01	-3.855124965958417471e-01	-3.016870143744279087e-01
-4.301671062836942561e-01	-4.747467696453945563e-02	-1.859075976760760085e-01	-4.055530966368109946e-01	-6.572785068078491610e-01	2.091476400617486853e+00	1.167584628437277949e+00	6.636153042633341492e-01
1.104768687009725303e+00	9.504048969956850612e-02	1.184102461408655244e-01	2.447537664135080171e-01	-1.663547291736948153e-01	-6.795613240664151178e-01	2.689791557552212442e-01	1.358331369337199834e-01
4.430627680590804029e-01	-7.631829924021888978e-01	2.394099396886979203e-01	2.231459400581536023e+00	5.331129899054084520e-01	-1.411093263789890417e-01	7.684887136282096964e-01	4.200066681350773656e-01
4.438902382675055103e-01	-1.267318723750892606e-01	6.626303151063130115e-02	3.274703505204282911e-02	-6.416048740046826904e-01	2.176021039384193223e+00	3.082714767903499409e-01	-1.725623348538463553e+00
6.156602774335456774e-01	-2.683592126976530601e-01	2.578145609716211983e-01	-1.483495963679861973e-01	-5.548936095345068792e-02	-7.144132771334174015e-01	-3.288673658259077398e-02	-5.782363340023943810e-01
-1.888278964356458478e-01	-3.452239675514567202e-02	-1.987160647626549925e-01	-3.007264452413725420e-01	-5.247327704007105353e-01	1.858985236308982048e+00	7.648197209238675187e-01	2.661656754683730530e-01
-4.931919967634748603e-01	-1.172156615008717484e+00	-2.488295059288136712e-01	1.262689950048418330e+00	1.400980732395239237e+00	-2.493138605657788942e-01	-4.044954539677966809e-01	8.052697630283187635e-01
3.243044569215016715e-01	-8.939772189299671767e-01	2.615544431573380013e-01	1.375354021680755157e+00	9.515065332705159307e-01	-3.624214922798264515e-01	-3.199983967209735214e-02	-2.126114590331156656e-02
5.045435489640970328e-01	-7.292016850822568008e-01	1.443446925873561881e-01	2.054980821183554962e+00	4.059192932577245783e-01	-3.573257283896614234e-01	7.171754554781593072e-01	2.594887789628475550e-01
-1.516424465975325098e-01	1.788420837153856247e-01	-3.775923363592102455e-01	-7.613673943212300177e-01	-9.911961091534277069e-01	1.539701596441327425e+00	1.096356069378620735e+00	4.802790590901536150e-01
4.522600241181880532e-01	-6.462934088237259900e-01	-2.511753021395251705e-03	1.894566200127508981e+00	1.817042585456944970e-01	-4.767029504360941750e-01	7.726280539020242699e-01	2.086214596499439689e-01
4.732642389407302197e-01	6.937954495094438290e-01	-4.776348790127165622e-01	-2.903695638975309357e-01	-8.261616156929726396e-01	1.903413958672344197e+00	5.215102390308841429e-02	-1.147858886317497218e+00
-2.563292804355984944e-01	-8.280753827005781220e-01	-2.872525565274853809e-01	2.470486175364472736e-01	1.102946930263210890e+00	-4.805297134333250675e-01	-5.937383317728244236e-01	1.090308781758102752e+00
-1.919727366944317185e-02	-6.613886641525730248e-01	-1.122927727393602804e-01	1.059372491632841196e-01	1.077777699152892454e+00	-4.425359296830746469e-01	-6.450375129781829031e-01	6.902009093149203967e-01
3.139822353755954421e-01	-3.056172776027759053e-01	3.510333578037406199e-01	-3.703276955755839817e-01	2.063994921925965675e-01	-3.327099415046946840e-02	-2.969935746411920818e-01	-6.938384603345638668e-01
7.516106495698311463e-01	-4.389402418122564931e-01	3.837149777037653919e-01	1.717050852089970769e+00	4.056025642185716595e-01	-1.246590380295819200e-01	6.393127531996111168e-01	4.476924103901189778e-01
3.193206355730913160e-01	-7.384266658374211145e-01	-3.488950862358931176e-02	1.981690367217788129e+00	2.628521309685813989e-01	-4.911501861812445635e-01	7.117848227861119925e-01	9.592604295959944460e-02
5.188711361383689935e-01	-4.707090122560043111e-01	4.030605723256209805e-01	1.766960044652997164e+00	5.497580369119363652e-01	6.346410123370047063e-02	5.435360000683455706e-01	3.896948183167232016e-01
4.317743355973558961e-01	-6.782346747638481332e-01	2.952882130589581378e-01	2.031433896724048171e+00	5.847361559457060487e-01	-5.172345702327270367e-02	6.148989676696421380e-01	3.499245528427040730e-01
1.209602210919333176e+00	2.058213649541476564e-01	2.516770057215354517e-01	4.232507507241389799e-01	-1.457509679037379546e-01	-4.459326408949536580e-01	3.933633769131335556e-01	3.066000918026464683e-01
-2.377544576652668995e-01	-8.320239748527162860e-01	-2.556360556301002784e-01	3.439876236813776411e-01	1.109508607224477528e+00	-3.925487746226093977e-01	-5.741637259822045536e-01	9.469083653145842217e-01
-2.889019623864811370e-01	-1.007870891477431474e+00	-2.999404100307245802e-01	3.743633255357198264e-01	1.242322189428063606e+00	-5.205109726539786097e-01	-5.890384288739011209e-01	1.194476524091107716e+00
-2.223257293837540005e-01	-9.139848601146483009e-01	-1.547561135307429225e-01	4.998040316048723564e-01	1.206728116336704293e+00	-4.312452682864188480e-01	-5.806914210364307882e-01	5.695664882290092379e-01
8.976848634467544663e-01	-3.269422316586572674e-01	2.779103097263196931e-01	1.557948519408311139e+00	1.642484729395790599e-01	-3.282366585190131802e-01	7.049103730904536791e-01	4.099058378291290383e-01
-2.285977443607074555e-01	-1.034199959009396208e+00	-1.651843967204750241e-01	3.515316812564511229e-01	1.339743953886696870e+00	-5.638594682274706837e-01	-6.485553207066802051e-01	7.485912821846804066e-01
-8.983294899905186134e-03	-8.347756901334779656e-01	4.954977357241911740e-02	1.339503448491501381e-01	1.183376860013335197e+00	-5.060061882361215346e-01	-6.762917454079793167e-01	8.127485675980092306e-02
-3.379459729516419708e-01	-9.644590399555966753e-01	-2.996755979637709122e-01	5.045858610674356370e-01	1.189330428914032289e+00	-4.458160033194837890e-01	-5.234054738758037173e-01	1.141004777629041289e+00
3.161978690298843375e-01	-6.608761964696063806e-01	1.442588008645165898e-01	2.016575695213552954e+00	4.841901829521338962e-01	-1.332618490883692441e-01	6.275712397074626470e-01	3.522380270174861883e-01
4.235518001524978260e-01	-4.479737082124988778e-01	3.972823638843905325e-01	1.633472743364675628e+00	5.910381203884750301e-01	2.065040226999828032e-01	4.132992604660551406e-01	3.087136986627603830e-01
-2.897135319912555462e-01	-9.307008966164853625e-01	-2.515009968629190462e-01	4.466267504309890946e-01	1.212718674106296968e+00	-4.548088292485040207e-01	-5.799658550911733768e-01	9.586712977763406363e-01
-3.910439735237791758e-01	-2.027265437901083489e-01	-3.324386612362352778e-01	-4.048987840329999477e-01	-7.665336351311778929e-01	2.138775884551657569e+00	1.235456648547432312e+00	7.387271752149414672e-01
-4.030032852131313903e-01	-1.023493163120860805e+00	-2.799250621420582563e-01	8.777858832933747024e-01	1.258799151940972694e+00	-3.257148039653811056e-01	-4.722030529721379932e-01	9.130616273240759195e-01
8.801487690096174710e-01	-9.462686700747927615e-01	4.147995131921515810e-01	8.331080555795923326e-01	8.615134839250783161e-01	-8.661691877299657616e-01	-1.188908543136819040e-01	-2.049900448017814569e-01
4.734592701921381819e-01	-6.052971239880228227e-01	-3.480603044609067304e-02	1.691668182239692619e+00	1.781601745514602153e-01	-5.583207512284099616e-01	6.227535696397232812e-01	1.024935773141136680e-01
1.240121576133085823e-01	-7.854671013367089394e-01	1.733663723853842709e-01	2.121863323036765170e+00	6.442500362020590066e-01	-1.452165626496929561e-02	5.422929654319648130e-01	1.724952414362184439e-01
4.198220132973369267e-01	-6.136068332510755674e-01	-1.853566047125047422e-03	1.836976004229873727e+00	2.100977793453371323e-01	-4.545912523534382244e-01	7.139952026996635448e-01	2.119107543721393538e-01
2.863873299546190188e-01	-8.450898815711587186e-01	3.701684146449197854e-01	5.721351562108724087e-01	1.160073561430111422e+00	-3.579208102279081150e-01	-4.616580499963406359e-01	-3.108613010432880741e-01
-6.246106132499047725e-03	-8.229271078422912833e-01	3.764602947993304638e-01	1.123958465873321932e+00	1.236826886288788563e+00	5.389479167968565937e-02	-3.052845042815425236e-01	-1.758684177135879656e-01
9.521510872836780326e-01	-3.484112565446666476e-01	3.886230753986729680e-01	1.607478576511765622e+00	2.368175028655991610e-01	-1.966245430209076217e-01	7.333287962597672127e-01	4.868948624501515110e-01
9.316982744116470982e-01	-4.194271609740169993e-01	3.412252653207151765e-01	1.690720228379551493e+00	2.438830841286084294e-01	-2.712281694531447074e-01	7.484950394314127120e-01	4.442427167787739162e-01
7.025669815216241121e-01	-2.927289658853445276e-01	2.363929279824199259e-01	-5.201931923556188941e-01	2.439986822262429911e-01	-5.278263424413105476e-01	-4.013847082861881632e-01	-3.983099119386795395e-01
4.299944417770967808e-01	-5.729118400848868253e-01	1.936682976893047414e-01	1.919946270901523588e+00	3.653925179767028575e-01	-1.799753769737280906e-01	7.130780578162138061e-01	3.562517337333617196e-01
1.532445379336027536e+00	-1.852052964785665667e-01	2.594627749788465665e-01	-7.442899811433657808e-02	-3.685647380127284045e-02	-1.151969628319806427e+00	7.595692580994556353e-02	2.850967379995306139e-02
1.512283147809556416e+00	2.364411055015213092e-01	2.973971219668180566e-01	6.061304523969116564e-01	-2.691800560330281367e-01	-6.656044154846411098e-01	6.820906848789057841e-01	5.090824067933954478e-01
5.495250194940543009e-01	3.238866907903921732e-01	1.981130180790379725e-01	-6.935702612392024013e-01	-1.141695437279159675e+00	1.258640630309268538e+00	6.357657720967581083e-01	-1.861180303191965146e+00
1.476845717445567363e+00	1.992126206772786845e-01	1.467290904519802375e-01	-1.554592657962824420e-01	-1.400095026189584146e+00	5.894606021352640779e-01	1.194506465068945200e+00	-1.502062997926637777e+00
-4.113824385829172731e-02	-7.181701829438515983e-01	-6.547951239328900219e-02	1.383622354119532216e-01	1.074675523762269158e+00	-4.485086380011342744e-01	-6.498482726925350894e-01	3.244366761523522769e-01
-3.464253422365419222e-01	-1.082645228652441505e+00	-3.080680590785763173e-01	1.011879056804416477e+00	1.231078690695636357e+00	-3.313885335519177744e-01	-4.481181909071184077e-01	7.065336172852294538e-01
-6.172814368485093212e-02	-8.612152132429357065e-03	-1.895415069155882148e-01	-9.989669394925740908e-01	-8.560127692765683305e-01	1.258165829407694059e+00	9.756436869346425400e-01	4.940217108892883124e-01
4.657425416174407751e-01	-5.012521036674416619e-01	2.772923663398692562e-01	1.642625860449222097e+00	4.372993947727054076e-01	-1.047108703269010038e-01	5.242694992837662049e-01	2.535129464815226163e-01
5.608677625885025719e-01	-5.667340140416846639e-01	1.746625213236370766e-01	1.850991723402414246e+00	3.265677994101175430e-01	-2.725862078611172024e-01	6.826093471004469615e-01	2.937436494132251719e-01
1.689350308237582698e-01	-7.121777795018845447e-01	-8.234433899605732299e-02	1.931928107717065579e+00	2.840536864483045876e-01	-3.481678268913110386e-01	6.526701864978827761e-01	2.529736677989516958e-01
-3.992745919146991618e-01	-8.952195888114190536e-01	-3.441097269288844740e-01	5.829286255311844078e-01	1.106459259068082623e+00	-3.712900716104396426e-01	-4.707212222958622738e-01	1.229061281309071330e+00
4.579657120384365565e-01	7.415207948507351876e-01	-5.591584706068019051e-01	9.858861964896749319e-03	-8.704385060785669870e-01	2.111448657335572410e+00	1.037869324496333706e-01	-1.332702767879011985e+00
-5.005587004908238491e-01	-9.966092813202849232e-01	-2.894025730182595013e-01	8.840975651844950045e-01	1.198753314412726478e+00	-2.251915250868404828e-01	-3.941203564139020288e-01	1.089584493615671335e+00
1.239079760655898088e+00	2.611600610603743156e-01	3.106234166020330756e-01	3.826484868516024096e-01	-9.397112908869416359e-02	-4.498036199339120467e-01	3.274171816577531313e-01	3.046342530426875417e-01
-5.022709768496693705e-01	-1.287699081664139822e-01	-2.815405613215760661e-01	-2.168436973682248137e-01	-7.282915764910202761e-01	2.350735653062934638e+00	1.351028267094313673e+00	7.849077397520071164e-01
3.167905056714355183e-01	-1.105071019673746352e-01	-2.950484130368906666e-01	-8.385077207236293351e-01	4.820958305290738988e-01	-7.577167153838413327e-01	-7.300126388504993846e-01	1.210633164102821624e+00
-1.523943000021357741e-01	-7.864726275314858073e-02	-2.627333762347612289e-01	-6.756548803842213902e-01	-7.838182950837033758e-01	1.638701495625143778e+00	9.832821180240982617e-01	4.038512326036390876e-01
6.733305631016164861e-02	3.243817868544326410e-01	-5.043248547404978188e-01	4.699351392776947578e-01	-7.590920964793865799e-01	2.632928757085222671e+00	4.994143798784637656e-01	-1.003342974337353422e+00
5.981377516740145062e-01	-2.549467625716240193e-01	2.896273883758261336e-01	-8.071903501897301769e-01	5.570503891699940535e-01	-5.891694003528284984e-01	-7.016616982979428929e-01	-2.880121534359420532e-01
7.801901657742212892e-01	-4.441266142456890553e-01	4.324320511209274187e-01	1.856574826774520348e+00	4.095502035432810883e-01	-4.628662160631273614e-02	7.640722778176327612e-01	6.053102947604936945e-01
-2.978287430125001189e-01	-9.007100414170340352e-01	-2.956799670015008430e-01	3.778602803149617162e-01	1.171662634764697231e+00	-4.738912656414754343e-01	-5.716371073671522307e-01	1.135491318284035156e+00
7.397481359412050317e-01	-4.454328436845521044e-01	1.214406155531891629e-01	1.643242199935384784e+00	1.316201343680959424e-01	-4.479653742624878365e-01	7.130882808431615594e-01	2.979536556477729303e-01
4.368336940808800195e-01	-5.576371743353273347e-01	2.600386081115367287e-01	1.851546324156760681e+00	5.037507849178457509e-01	-8.104914553665339139e-02	5.595324534865802057e-01	3.268614052151753713e-01
5.752369269818971009e-01	-4.742339549049340852e-01	3.518873915307876854e-01	1.780096704961003917e+00	4.792601847165033346e-01	-2.985553295804573709e-02	5.773115978161547091e-01	3.706714113915623998e-01
3.803642454087842184e-01	-7.536361965798639151e-01	1.368962996603322879e-01	2.113198687584360247e+00	4.604823082768532139e-01	-2.426711718739428814e-01	6.958630971669870213e-01	2.487263989485225812e-01
-5.268863072789419233e-01	-1.022740150685177651e+00	-3.274796316188532397e-01	1.135891481820696436e+00	1.239957300349151081e+00	-2.055143297766929000e-01	-3.609841513787189760e-01	1.103476827995681475e+00
4.890781731642379060e-01	-1.827899816224933804e-01	-1.713408565283403018e-01	-1.048580018677681025e+00	5.615459532985644930e-01	-8.830374599287914572e-01	-8.453524686354757511e-01	9.022352904152435293e-01
-2.255525117620219289e-01	-1.033963671692403441e+00	-1.922842144147470789e-01	2.756911309833888768e-01	1.296672251176163915e+00	-5.525405901704356637e-01	-6.488876999468711215e-01	8.324720444627907723e-01
-1.721192279029077621e-01	-1.016476707682256508e+00	-1.275344158836058117e-01	5.321374283716985287e-01	1.367886766161912293e+00	-4.952816919240084492e-01	-6.752165637799485420e-01	4.403903066507791619e-01
4.448320018832280232e-01	-8.959321787278606841e-02	1.499681152625096658e-01	-1.649036985871075306e-02	-6.226220055271510651e-02	-4.792128201233002427e-01	-8.889212286230050580e-03	-4.206695954349138344e-01
9.456173693288957849e-02	-3.431297292540447935e-02	-3.395427494393835621e-01	-9.567302761649040255e-01	-1.013266808465743685e+00	1.136736544026122786e+00	9.687280048871513838e-01	2.500032998200400480e-01
9.412454499329853119e-01	-6.308076567027383064e-01	4.367992907653118206e-01	1.396779803457261604e+00	5.760191609257430123e-01	-5.138963006968142455e-01	3.507446558438467310e-01	1.344844332045742885e-01
-4.138080871146853634e-01	-7.380412740561452800e-01	-3.654353190467532486e-01	5.356796432554165044e-01	9.934444037145717665e-01	-2.698959852610438026e-01	-4.235582795780505339e-01	1.360990808602592139e+00
2.907407326284855431e-01	-8.357316747330710560e-02	-3.573039800899148188e-01	-8.062868681698808215e-01	4.205683009586338450e-01	-7.544646890182343801e-01	-6.905815278202477314e-01	1.356968850738249355e+00
-4.561556360890729050e-02	-1.033520354715848022e+00	1.255118944418631421e-01	4.108287257244462309e-01	1.353583245166678051e+00	-5.126597734649753768e-01	-6.355492671600100341e-01	-9.543049232678757487e-02
7.925290876082701219e-01	-1.128315138470975976e+00	2.853319305063273803e-01	9.138149848823010624e-01	9.629740025785853419e-01	-9.899579907666457013e-01	-1.838610514487643566e-01	-2.536176045565461390e-01
1.695675934781882277e-01	1.126444881774459200e-01	-3.552520501398756525e-01	2.803242305834222625e-01	-5.121347024760055655e-01	2.472862462610834644e+00	2.392713647651211750e-01	-9.896998552233444713e-01
-3.558481981689916029e-01	-9.575288300666408015e-01	-2.823394524281870321e-01	7.101476061529030659e-01	1.201938050672765712e+00	-3.741568451757332769e-01	-5.003228126263606912e-01	9.258730644464987503e-01
3.374706652913972427e-01	-6.961111674637137092e-01	3.180923400269077828e-01	-5.286427215712405925e-01	-2.873255840930648009e-01	7.539584049151304423e-01	1.190045199915916591e-01	-1.114872742722204046e+00
-1.066216086672959612e-01	-9.956417572443498898e-01	-1.282209576353260383e-01	8.014253819006050827e-02	1.317635462575418970e+00	-6.740951743377818772e-01	-7.312835181199955903e-01	6.847349671868576682e-01
3.568049079567286452e-01	4.246024861791330429e-01	-6.195574056257675544e-01	-4.419832433402174493e-02	-9.001837179655968191e-01	1.975128903950840620e+00	2.521913925442776927e-01	-1.101459812372678648e+00
3.091656171994516256e-01	-9.925805074065884304e-01	3.767536551008191514e-01	1.045506147101213090e-01	1.322358902435250450e+00	-5.965428323365991048e-01	-6.908580895531655219e-01	-4.245074141495522313e-01
-2.157293729572682117e-01	-7.901316848088995037e-01	-2.715518901092453530e-01	1.510711975147406294e-01	1.040950295774025758e+00	-4.336839378503047349e-01	-5.873910924444091242e-01	1.034426962358890645e+00
7.974004966138904527e-01	-3.779274931028588358e-01	5.792658611456145135e-01	1.728192382728359622e+00	5.039657702818112206e-01	1.742533100237042554e-01	6.734512662256104676e-01	5.845776434124914100e-01
-9.137931272178433095e-02	-6.421621201573527449e-01	-1.624734849226231181e-01	3.520976705336908291e-02	9.874416903639562371e-01	-4.588582024817468019e-01	-6.347753746280913045e-01	6.591628356314720438e-01
-4.154744184839728738e-01	-9.293399875238431695e-01	-3.072790649167636001e-01	8.402553688564093903e-01	1.182287810492162361e+00	-2.728829090262225865e-01	-4.511236318476706808e-01	1.023453584133426908e+00
9.760638046718003169e-01	-2.288430591217001098e-01	5.000790308576783527e-01	-6.313971052491348379e-01	4.733645358035784012e-01	-6.504347650138744275e-01	-4.881743931999216191e-01	-2.057436025891352938e-01
4.895539730133127154e-01	-3.193017324917799549e-01	-9.930536736215779536e-02	-1.123399099351951591e+00	6.310040966028254150e-01	-9.304930417007312160e-01	-8.535046748120388438e-01	7.960183447238848853e-01
2.047966053601271152e-01	3.351372573410858480e-01	-2.448408924821642296e-01	7.980501796637404222e-02	-2.662558514462635695e-01	1.588387044792806568e+00	-1.431068065515151699e-01	-8.907687831099001530e-01
1.220994683735139974e+00	-2.533750379768863123e-02	3.409607577220547525e-01	1.382883432811154722e-01	-5.648124356555440234e-02	-4.727712136058020431e-01	2.180890128065318123e-01	7.176840051067678861e-02
-4.852067735185787434e-02	-9.584611802613282050e-01	2.265361568290506500e-01	6.818121164348018848e-01	1.218836224769875409e+00	-3.030312237048636281e-01	-4.977945135801006837e-01	-3.901002550921974787e-01
1.040570317732317229e-02	6.942176465983852518e-01	-5.461482622126717645e-01	4.438197753293218750e-01	-7.509494905794635855e-01	2.222860213717481326e+00	4.109534692695450131e-01	-8.593942870886273067e-01
1.350854313515069460e+00	-2.393981020804223647e-01	3.720377855054204375e-01	-3.732991024376536848e-01	2.120763178934063631e-01	-1.038225052430433504e+00	-2.327884905441136576e-01	-1.443271633345644400e-01
9.991989777136603967e-01	-2.908495981948218123e-01	2.746008610367733360e-01	1.256446811484808856e+00	1.319735672288102624e-01	-5.101159658427170118e-01	5.939173289381640686e-01	3.505982457832657606e-01
-3.606882063530329474e-01	-1.119886315731596582e+00	-2.001425206317042071e-01	8.112247023617004116e-01	1.375350998316012818e+00	-4.148670267758806651e-01	-5.296332041967339865e-01	7.501223427607028871e-01
1.172599722550741408e+00	1.379645121592726897e-01	1.600355363823638757e-02	5.577942100569095452e-01	-3.445317121593400866e-01	-8.077467497974999411e-01	5.966438735412786798e-01	2.894376638822067083e-01
4.712236486934192614e-01	-8.333950477372159549e-01	3.333152854132680476e-01	1.783581707706790365e+00	7.940342021556607843e-01	-2.883369925327481376e-01	3.181352272949382054e-01	9.655796403554353646e-02
1.726257794461204531e-01	7.226522299052737797e-01	-4.149558868152067870e-01	2.517285113265268492e-01	-6.613453300193095075e-01	2.208541973241069822e+00	1.736057767615601100e-01	-1.121602250686756674e+00
8.195663077274094321e-02	1.749331260530929688e-01	-5.374996897005377416e-01	3.968317503674290148e-01	-7.487716007028903942e-01	2.542749632758969369e+00	4.796536137140682277e-01	-9.543443504700197533e-01
5.278640469339732633e-01	-5.838645352717849457e-01	1.111058082652383039e-01	1.869085648586960025e+00	2.259355720871336626e-01	-3.806458319394224743e-01	7.593379263222248543e-01	2.499666120298242034e-01
-5.055404882850951520e-02	-8.490647124211114782e-01	-2.883907211697408352e-02	-6.034769690617330234e-02	1.210640364120650458e+00	-5.498300523255099659e-01	-7.129578986272573360e-01	4.222059926953996012e-01
2.092259451875327358e-01	4.279342428391059161e-01	1.280417055917874025e-01	-8.598130901730117737e-01	-9.496420615144122168e-01	1.453459019803353014e+00	8.046824687729730030e-01	-7.825465579401047478e-01
5.051519770683243760e-03	2.817337910632236042e-01	4.146399477834866176e-01	-5.995752935543005036e-01	-9.161126635494543091e-01	1.469325229687564072e+00	9.632676025518773777e-01	-1.212419501692873602e+00
-1.978650683810749267e-01	-8.243593977298522280e-01	-7.946752285808869609e-02	7.099652081639672430e-01	1.160422476277001902e+00	-2.787963220494571459e-01	-5.139442411349415263e-01	3.611770032876252534e-01
1.265795041022959921e+00	-1.158395918769723476e-01	3.496059796780707774e-01	-2.796941011518221942e-01	9.416669343793816760e-02	-9.110814298384907195e-01	-1.148821507669600533e-01	-4.935786705922391715e-02
7.982846757669428417e-01	-6.903392608183988033e-01	3.547912860022077730e-01	1.859852817009903792e+00	5.213893073598766525e-01	-3.704275916931696333e-01	6.205958358275303066e-01	3.401020578140360184e-01
8.578643731618080803e-01	-3.832186865674443998e-01	5.920165260998195844e-01	1.709600470918089421e+00	5.245280635730229513e-01	1.651715261990557293e-01	6.057815488574583851e-01	4.741559329103534060e-01
3.892515677991869594e-01	-6.634222093161769029e-01	1.577119404746194775e-01	1.949899685121954995e+00	4.326532847963349138e-01	-1.513835118685602776e-01	6.380156177935276673e-01	2.679834728788709763e-01
7.435297538977582166e-01	-3.916563626565043310e-01	4.030583266277518173e-01	-1.071290300110371962e+00	6.895345487574044974e-01	-8.046039668684300539e-01	-8.026621133490859927e-01	-2.899946841033227973e-01
3.787859464423444233e-01	-6.555145382205562754e-01	-3.367697180032670767e-02	1.913205190342180062e+00	2.067276653102513850e-01	-4.703652817013495580e-01	7.204616190560803046e-01	1.399975006361774688e-01
1.360352481340512343e+00	3.521233637717378628e-01	4.887591131419465329e-01	4.607602621317941072e-01	-2.539085043733668029e-02	-2.785226436285367924e-01	3.937314038028102425e-01	5.193884177824312776e-01
-2.469266702902874477e-01	-5.524399668420401088e-01	-4.493913953125206473e-01	1.173341454059115274e-01	7.878254265986013305e-01	-3.912916868929882663e-01	-4.821590443761935019e-01	1.577827568606806619e+00
-1.129026431152348187e-01	-7.659104108132231969e-01	-2.104451868928187697e-01	-8.634857676026908013e-02	1.089555024663438232e+00	-6.055156164791923867e-01	-6.956903241178251651e-01	9.351223074553861592e-01
2.182885217878436368e-01	-6.329631088432948749e-01	2.331884588639759059e-01	1.877371612350397179e+00	5.679835816118368186e-01	4.808628670425826174e-02	5.028195226473639590e-01	1.992985526943068797e-01
3.718137087662289342e-01	-1.903692405621533745e-01	-2.509897544939885816e-01	-9.723879971195918959e-01	5.456348502671966028e-01	-8.562226396410901330e-01	-7.863840762111232729e-01	1.189925001446975550e+00
-2.688815767161061854e-01	-1.049937810174164765e+00	-1.206311741585566200e-01	6.505434158584857407e-01	1.365943538048450812e+00	-4.304843448248690807e-01	-5.717701448207906934e-01	5.854602912098738621e-01
1.239578078435120689e+00	2.521424400505259955e-01	2.438575071948060613e-01	4.436208336540926611e-01	-1.603009747431977661e-01	-5.373406756374986548e-01	4.346914831711875538e-01	3.882128708304061759e-01
-1.816103155714978989e-01	-7.140344756402856596e-01	-2.221244642261548108e-01	2.343842190312562523e-01	1.049025450010769189e+00	-4.119801830364226425e-01	-5.589241438584375832e-01	1.101229920380021099e+00
-3.516570691017081307e-01	-8.223321798046943076e-01	-2.922078733886304125e-01	6.067409291246581571e-01	1.092645252390778365e+00	-3.072463033832047441e-01	-4.845126757132999784e-01	1.022194010821114940e+00
-4.627219151998870211e-02	-8.784535921832924421e-01	-1.701866011677142798e-01	6.804994377764569946e-02	1.215632976517675656e+00	-6.402462295032831374e-01	-7.374545957002721641e-01	6.660843328463184054e-01
-2.010567256064194341e-01	-9.642829719508021480e-01	-1.056171093395439770e-01	4.762517656764373997e-01	1.249159962629088350e+00	-4.739313021405087145e-01	-6.055741213920350363e-01	4.541296565750254643e-01
-3.942448657114628885e-01	-7.138322402295275149e-01	-8.867495934478367495e-03	1.512054481652639337e+00	8.231782401231089175e-01	2.181514991843461759e-01	-2.120656766486057540e-02	-1.080856347764190956e-01
2.007541366777268466e-02	-1.226725103898655966e+00	1.492435932032353529e-01	1.025768236332906147e+00	1.353081168454203009e+00	-5.817710255497188232e-01	-4.381750866413007817e-01	-3.382234639720494429e-01
7.019516430014063335e-01	-7.476756690004079386e-01	7.113436674181906894e-02	1.921912571564115213e+00	2.598418425406250343e-01	-6.467964456724296651e-01	7.704242943340493532e-01	2.369471278860195984e-01
8.329659207967518020e-01	1.796521141138997246e-02	3.185110554002781869e-01	-1.410767008145616952e-01	2.062524204332459865e-01	-3.558978961058187340e-01	-1.701606616382153048e-01	-2.966373535143868728e-02
-1.350368693723108249e-01	-9.937008064578068955e-01	6.278951092842233184e-02	8.150571671269238871e-01	1.259029933832226389e+00	-2.561280256528046806e-01	-5.037366143577183264e-01	-1.523927604102416344e-01
4.768627083870105587e-01	3.245964575719035849e-01	-5.085531760839502313e-01	2.988402349402037583e-02	-7.459431019125868367e-01	2.308637554318295759e+00	4.343514243001050934e-02	-1.355242295303420441e+00
5.945110534918308653e-01	6.198675569605562874e-01	-8.422896957838384990e-01	1.733208639445317778e-01	-1.140519577437782983e+00	2.080764702095909247e+00	2.666857736642805898e-01	-1.377152623329917613e+00
4.760532042967915989e-01	5.838957569699727845e-02	-2.949387835247877301e-02	2.214425353965391030e-01	-8.321035558075494665e-01	2.205906239651030276e+00	5.750982480831348109e-01	-1.640195370245812523e+00
3.437355314556016228e-02	-1.581927232125235339e-01	-6.324532894126454474e-01	-6.365257128279948606e-01	-1.215334638428752001e+00	1.440190037713331872e+00	1.128438759375416378e+00	9.754598845871190194e-02
2.755625777730530968e-01	-8.641164495306954407e-01	1.760445303432567887e-01	2.280064876570738974e+00	5.326814687966077155e-01	-9.683663793363679606e-02	7.570460242083103530e-01	2.313718993322545214e-01
2.152101497220518245e-01	5.202869286675866345e-01	-4.412968430622225546e-01	1.681356748512217447e-01	-7.178020385557914995e-01	2.577668219676563677e+00	2.820635193096480142e-01	-1.087211262617340690e+00
6.036332510039229549e-01	-4.971718953944059272e-01	2.177075369788011028e-01	1.597857705423369135e+00	3.878652824360503959e-01	-2.815941533944943953e-01	4.823783886993450731e-01	1.723167179463902243e-01
1.004020839847593161e+00	2.082557904283521832e-01	1.924378266903478962e-01	3.957052894274888377e-01	-1.181168185706060747e-01	-4.092269061289284249e-01	3.002574957412605938e-01	2.109044281934686071e-01
4.407159130457431462e-01	-4.405623243442022274e-01	3.586722792190016329e-01	1.600954843194114074e+00	5.374781178613313726e-01	1.101352933880540563e-01	4.297991691623959665e-01	2.996412422515085106e-01
-1.630592364931839344e-01	-3.473516384666838763e-01	-5.326253811674029892e-01	-2.561689807552425951e-02	-7.871159797378286527e-01	2.166805375826453606e+00	9.446119251556847063e-01	-5.839670528177673403e-02
3.779497327943161511e-01	-1.366919323670518216e-01	-2.079925717673596075e-01	-8.218172360615382255e-01	4.661272879919846623e-01	-7.384734619472749229e-01	-7.140666295862505564e-01	8.813308521492696501e-01
-1.386929186529653191e-01	-1.010656639742919083e+00	-7.372276388179738182e-02	3.445650816980365683e-01	1.322947750925528521e+00	-5.654461675244697449e-01	-6.749947451331386183e-01	3.850563038541323646e-01
-3.889719688565635436e-01	-1.080871505575786484e+00	-3.379205776509153214e-01	4.978446559039212960e-01	1.228147786579389278e+00	-5.208403413899100887e-01	-5.126570714576520471e-01	1.271609078442306195e+00
3.774648700868307172e-01	-7.538491653768349954e-01	1.224692941079600639e-01	2.022262935790417604e+00	4.743431726214630828e-01	-3.138461848350032057e-01	6.124604579749081124e-01	1.493594050780966132e-01
-3.021631067454520481e-01	-1.092713160633715708e+00	-2.657475867453133467e-01	3.945003574017684755e-01	1.306139430982852012e+00	-6.001326132274394931e-01	-5.951030428980323972e-01	1.098714390330721269e+00
6.643041844123038775e-01	-7.290923982578030316e-01	3.709837801425133197e-01	1.589239658417550549e+00	7.332604541894276462e-01	-3.540237706677915042e-01	2.787773418587982110e-01	1.457481261005045825e-01
3.666791181297184843e-01	1.565258919522369285e-01	3.142668604067725968e-01	-3.370811097937468914e-01	-7.118354848476780017e-01	1.285297596834824141e+00	3.831472870652780638e-01	-1.685152681976929356e+00
-2.969221782142228427e-01	-1.038849495699389891e+00	-2.015475416124776209e-01	6.786504956592472881e-01	1.320287320339288639e+00	-4.204703835558354363e-01	-5.658277586086136735e-01	7.372696681172545841e-01
4.822594335340855687e-01	-1.766647157897863196e-01	1.369806480052177498e-02	-8.162510441324555277e-01	5.339466156595539248e-01	-6.361431807392190496e-01	-7.388597306293059885e-01	2.344379374268911465e-01
-4.158582875041123561e-01	-9.597899272443857210e-01	-3.007670209394648908e-01	7.287044718176547420e-01	1.218437260427883917e+00	-3.278869706111174898e-01	-4.803118044373719253e-01	1.106600510864874654e+00
5.441233287318727324e-02	5.204355147897736511e-02	-4.160429662972087717e-01	3.115017625839485715e-01	-7.273721318315787832e-01	2.706523293821721410e+00	5.766189535394268262e-01	-9.341329032767413665e-01
4.114073585534159805e-01	-5.287437968255925824e-01	6.320350072992729495e-02	1.670025465754369609e+00	2.717073692602083312e-01	-3.259690440561365254e-01	5.717417630966651343e-01	1.854388370054502744e-01
-1.992309313284851557e-01	-7.695118985175201098e-01	-2.560587749770975030e-01	1.768675616577901899e-01	1.054826006438435160e+00	-4.510048823300946697e-01	-6.084339208579478964e-01	9.282383600607019281e-01
8.054573016526487272e-01	-3.741268549729097614e-01	3.876568226618805624e-01	1.701549389319774841e+00	2.954032410149572407e-01	-1.366266919449764250e-01	7.534892770773967685e-01	5.232810465050896642e-01
1.474071302399728278e+00	-5.901447382273333764e-02	3.752867554446486786e-01	-1.204705508652018642e-01	5.216284163630570403e-02	-9.399561174235478989e-01	-8.358382044885898088e-03	1.125077874804235462e-01
-4.464861550686181069e-01	-6.523740141936786863e-01	-4.305376408888738071e-01	7.625550154465480235e-01	8.616105019941199261e-01	-1.303720969516803940e-01	-3.109553551781181202e-01	1.426663219485791334e+00
7.854049393159041603e-01	-1.017492825047298100e+00	3.747505429286920875e-01	1.901631379529017174e+00	7.697148894250811502e-01	-5.034862912108634125e-01	4.764933370897032616e-01	1.779056476173343226e-01
6.788732392394533077e-01	-2.182164170734809117e-01	4.437725718578842127e-01	-1.512202919973442694e-01	7.413808484728141857e-02	-4.682116160565299445e-01	-6.653671180993626921e-02	-5.436611434266437337e-01
-2.871315774405983623e-01	-8.413051646467962774e-01	-2.316147065244553438e-01	3.915370181952075868e-01	1.144960130364165884e+00	-3.931318317290865560e-01	-5.596634068000415629e-01	9.367026472148555216e-01
1.212593966128256540e+00	-1.930865982597361197e-01	4.755386198025864930e-01	-3.445481862129888551e-02	-2.147322584980402432e-02	-4.806720081561799973e-01	1.394086355250458709e-01	-2.124765715371594865e-01
5.155067415443690404e-01	-3.284917725094003704e-01	-5.832011713352715232e-02	-1.144565642077379319e+00	6.696008411474875244e-01	-9.327851570115448521e-01	-8.774833991244603837e-01	7.340207257498778670e-01
-9.586335873127646567e-02	-2.809202493408730419e-02	-3.177861548222885024e-01	-1.130578814084234551e+00	-1.136383363187861928e+00	1.379162017747541213e+00	1.273777133002528039e+00	5.700015556089039759e-01
6.180654257970807919e-01	4.035365587968263446e-02	-6.851549023714765818e-01	-7.719765063528455373e-02	-1.042635150346495454e+00	2.320604936498472437e+00	2.955455744831811948e-01	-1.376563107491400650e+00
2.364325596507654836e-01	-7.499206809840829324e-01	3.546403091344772496e-01	2.204627836039239064e+00	7.483438149122236815e-01	1.820005268122789621e-01	5.970874911218400083e-01	3.433932418095979600e-01
-5.391032127321318534e-02	-8.727756196902428654e-01	1.225474480551824868e-01	5.594940961363097376e-01	1.201996259971265690e+00	-3.182593939654315696e-01	-5.422133995882866264e-01	-1.234000800765486516e-01
-1.283225199617276102e-01	-9.270342995512232953e-01	-1.075451669285510115e-01	2.954079776359878062e-01	1.217834511851239920e+00	-5.733410629293964611e-01	-6.395934661387822073e-01	4.432561118525788491e-01
1.296778486379379203e+00	2.954222746506262598e-01	2.813549898125946580e-01	4.805876632221965372e-01	-1.385327461322201081e-01	-4.424850157465874956e-01	4.274330192756755631e-01	4.393005636005046233e-01
6.151001327692894316e-01	-6.969039690937589571e-01	2.001937817949675791e-01	2.032762859095443186e+00	3.739657636397351603e-01	-3.706125977334885357e-01	7.679424367687412989e-01	3.036030093282892084e-01
9.773335299542875720e-01	1.714950559186055323e-01	6.290459989014020314e-02	3.313925432479108424e-01	-1.987110414487804622e-01	-4.717044628270638529e-01	3.081335561561731606e-01	1.926716447125429721e-01
4.663240726717483020e-01	1.356975250844913439e-01	-6.239501618347411682e-01	6.136087574040744591e-02	-1.040878280889433238e+00	2.174604089074259949e+00	4.059499988274399285e-01	-1.404541887423912172e+00
-5.791799683333791193e-02	3.857625533524209893e-01	-4.372703445229902952e-01	-8.177120683466565509e-01	-1.145927615463568916e+00	1.474596799205863284e+00	1.046784297802523245e+00	1.677158684685121082e-01
1.148068859329493652e+00	-7.437327983332601145e-01	3.064126584807936871e-01	9.226217580144688846e-01	5.833489613227101911e-01	-8.966617538593748549e-01	9.930008490428191004e-02	1.841346450728471307e-01
-2.852962146089972340e-01	-7.980693364502537968e-01	-2.749548304786283981e-01	4.826075085613150129e-01	1.084429435111299966e+00	-3.229778808917656563e-01	-5.377026599832739340e-01	9.285194159959930804e-01
4.092272415061654622e-01	-6.414618484456731107e-01	1.371091816634603111e-01	1.972222305441859280e+00	3.973342268289997703e-01	-2.524324490257015552e-01	6.699988972344343985e-01	2.600960506664384830e-01
3.041150199208532134e-01	-8.146708258355533916e-02	-2.954191964514246149e-01	-8.031928869759654699e-01	4.516601303992722194e-01	-7.212073014673605620e-01	-7.026032483919661953e-01	1.197283013628460679e+00
-2.031892216919691796e-01	-7.827046436598182888e-01	-2.063353225266172375e-01	4.691462169785489134e-01	1.033053392381166891e+00	-4.029672923359994829e-01	-5.131413996464994076e-01	6.019001620825257248e-01
-4.052405705930532953e-01	-6.930741865353043929e-01	-3.493012074451577464e-01	5.818634307998794553e-01	9.706509232559725753e-01	-1.824226303664177595e-01	-4.119665600798046445e-01	1.273553497757884401e+00
2.417498620490772243e-01	-1.005562137500264797e+00	4.397317551331443863e-01	-4.601241390221184613e-01	-2.194838496473373868e-01	6.973703503702806117e-01	1.873649375050625843e-01	-1.223397028350825089e+00
1.040684096166416994e+00	-8.498511638153674053e-01	2.688258860935534567e-01	8.756559004495862997e-01	6.150675230658797510e-01	-9.534082511522382619e-01	-6.689092817344038586e-03	-1.488147367079568628e-01
6.510739131928021672e-01	-4.936209215525807492e-01	4.053473144399248884e-01	1.889648488124598735e+00	4.732990392558709125e-01	-5.676982208768324364e-03	6.826042273711860897e-01	4.579825453848849204e-01
2.434469409368846815e-01	-6.085627688155716974e-01	3.405754050980253633e-01	-3.005533926280864465e-01	-1.323415430392758940e-01	5.369004167702985386e-01	2.657488042090036529e-02	-1.003079648865770057e+00
-9.740542063623426616e-02	-1.065661163237682452e+00	1.767344963550944725e-01	8.684894217306012854e-01	1.314233292877455161e+00	-2.854676327999473573e-01	-4.967854914401761968e-01	-3.549654522462669659e-01
-1.435223631294531010e-01	-7.561396571696158420e-01	-1.049650723419479487e-01	3.303682609736010578e-01	1.102971350009623208e+00	-3.966310258269152289e-01	-5.802576342938453591e-01	4.746926270134919634e-01
2.874959747954079492e-01	-8.413640139945383067e-01	2.751505070019759081e-01	2.360210233624050691e+00	6.416445465277780258e-01	-1.958796884905784127e-03	7.303400129354719050e-01	2.783569903799815171e-01
-2.682669798134528216e-01	-1.600905298078688921e-01	-1.810005390273024539e-01	-7.732096269215197326e-01	-8.108148570787535592e-01	1.949308494923528201e+00	1.214103146811626122e+00	6.312203202171450256e-01
8.085977877157418670e-01	-9.384000100454295001e-01	2.877760675459188344e-01	1.531599756348003494e+00	7.324252863972772198e-01	-7.511833771450547870e-01	2.515263653764293617e-01	8.005551026381230173e-03
8.433147630378564630e-01	-3.769093339527355147e-01	1.530663194716094799e-01	1.579635773625787554e+00	6.776529444298436122e-02	-4.397389847946321373e-01	7.604763979594163503e-01	3.837350963685902672e-01
1.239790895932833648e+00	-4.619124360631372134e-02	3.677974984247886492e-01	-8.593043419735268973e-02	7.215892175258502295e-02	-4.591659077191568294e-01	-2.575996177086873132e-02	2.377362100228969100e-02
-3.788210172208140297e-02	-1.234650752914757010e+00	7.633085158438662754e-02	4.836902523159079537e-01	1.469838882069818276e+00	-6.102123702382171722e-01	-6.699218522932839370e-01	-3.881502959856185375e-02
5.682966267400773042e-01	-8.026724482945569727e-01	2.456096738458544981e-01	1.923735616969383111e+00	8.351307570242176848e-01	-2.499677961239259449e-01	4.627536127217729001e-01	1.108160987368861150e+00
2.757989456827821817e-01	-2.782583900191963611e-02	-3.702533330300264436e-01	-7.303243708143679624e-01	4.067257934885085691e-01	-6.977455873930311636e-01	-6.709863297528432247e-01	1.368449429635619996e+00
-5.376703980880633699e-02	-9.149641538316688472e-01	-1.786871603479029125e-01	-9.307395739864164630e-02	1.172832871175053970e+00	-7.626962818865715699e-01	-7.311591538679519386e-01	7.379191280348148529e-01
-2.947118928590156672e-01	-7.477583366381848062e-01	-2.868836384825548258e-01	4.389819541425453719e-01	1.010543531098408554e+00	-2.762026366542684741e-01	-5.005269172857825799e-01	1.014670513033337329e+00
1.522956109686160353e+00	-2.016049723521899373e-01	2.441863941387868164e-01	-1.942863205269772242e-01	3.303123934558634123e-02	-1.252437307762380048e+00	-4.069229973083466484e-02	1.203034559860162583e-01
3.762715549465979747e-01	-5.737100618211729008e-01	2.400404369967194529e-01	1.882465873268379664e+00	5.309543638615609185e-01	-5.546494241173740430e-02	5.100330942847717264e-01	2.119014155517339182e-01
3.532226031415978129e-01	-1.089345272219698124e+00	2.650289280288790628e-01	1.376397755635436093e+00	1.075991115963434552e+00	-5.620549912023262706e-01	-1.261849311123740547e-01	-2.689024156768999863e-01
-5.361689294059890365e-03	2.964622615460504873e-01	-2.681330215435885275e-02	-1.363598938807261574e+00	-9.787169730313494131e-01	1.021200953095251274e+00	1.059395446841487454e+00	4.033516452759684512e-01
1.581756937737266888e+00	3.484759369769395709e-01	5.929862318436175395e-01	5.245966640220680599e-01	-4.549008614151095475e-02	-2.105482915789846088e-01	5.082804768037668675e-01	6.078624077370575751e-01
4.725495805502124558e-01	-5.874841274827597992e-01	1.596068721119908718e-01	1.326410655555110285e+00	4.418128791609483574e-01	-3.599799433940518711e-01	2.640710139138631729e-01	-4.795084144732618403e-02
2.037752540934330558e-01	-5.032189632619188391e-01	3.578885298802596537e-01	-1.375024895681840609e-01	-1.225377562557336403e-01	2.685049739182753248e-01	5.177833333214758305e-02	-1.044188499892515942e+00
-4.873444700428923859e-01	-1.039704018358193816e+00	-3.168589934274682607e-01	1.139465016187794388e+00	1.176296082137236132e+00	-1.672479702315336214e-01	-3.353886592489406793e-01	8.704855921523093620e-01
6.321494849476988476e-01	-2.629597292030060318e-01	2.176094866207782252e-01	-3.135582406314607051e-01	7.712514693443585367e-02	-6.267346123810336733e-01	-2.239035952732333634e-01	-5.086363861139263642e-01
-4.574639002896123685e-01	-8.934923867002623199e-01	-3.983579709135202651e-01	6.373597725021010740e-01	1.092549270214269619e+00	-3.002040964423263736e-01	-4.309513950059713494e-01	1.438039488045328440e+00
1.150106043269685019e+00	2.258043253630452329e-01	2.298297825499982794e-01	4.362783927711549881e-01	-1.427410986869585285e-01	-4.982508579087591150e-01	3.812196680421192641e-01	2.938340695619978127e-01
-3.673931305364466215e-01	-8.336049415056867584e-01	-2.531881414659136742e-01	6.524252862980691736e-01	1.126729647938764511e+00	-2.754768743571781586e-01	-4.745095621121937501e-01	9.471842476639579234e-01
9.087752263517094864e-01	1.116140322955450209e-01	2.615144120733150501e-01	1.474035208683954767e-01	-1.883483771696865122e-02	-7.653191781406436245e-02	1.303501623930096165e-01	1.235990275149518453e-01
4.845260226126292813e-01	-6.579951044743445054e-01	3.890532951317385302e-01	5.504076810353508709e-01	-6.159149432014920413e-03	-9.669817905146921300e-02	3.679204544979122748e-01	-6.791048570619885316e-01
1.393522247536331138e+00	2.308072920877073941e-01	2.098604938373365147e-01	5.506525796636607684e-01	-2.604007310029535782e-01	-6.756631008005573591e-01	5.784040244681096787e-01	4.126382387996813117e-01
2.099218219516646999e-01	-1.934044535503347956e-02	-2.150716641094159443e-01	-5.921956743752088137e-01	3.673265977677841465e-01	-4.827973756772668268e-01	-5.798173200600422739e-01	7.986529202113906711e-01
7.863952332605335105e-01	-4.111234394688022542e-01	2.576313548670517983e-01	1.698359404308485754e+00	3.107172386340967263e-01	-2.687444433246403697e-01	5.453027498511153759e-01	1.043290716650012856e-01
2.029422963203499353e-01	-8.431081938693121280e-01	3.511281065759626341e-02	4.995749559881948465e-01	1.228224715372511877e+00	-4.968671658434860028e-01	-5.473976740608123004e-01	6.058853805016941596e-01
3.363129017980266977e-01	-7.401932553673260529e-01	-2.788654443643424213e-02	2.017849161135210512e+00	2.734221220457635493e-01	-4.344272093625681785e-01	7.372043185002672416e-01	1.743853864978167079e-01
4.022091372979762491e-01	-7.818774043208468472e-01	2.628720668063959098e-01	2.274330511106858133e+00	5.720342772824463795e-01	-9.033111474972774224e-02	7.631433863278799246e-01	3.749329887967720598e-01
8.936415744100212333e-01	-6.462737280120398609e-01	6.064679264613529464e-01	7.178227917005311487e-02	-5.181583192481608036e-01	-1.029221212941766189e-01	7.278258007165739896e-01	-1.239816665313870692e+00
-4.118013993203671896e-01	-9.143714004211566104e-01	-3.817809291656140136e-01	6.216569487237996183e-01	1.120855024886528328e+00	-3.754700198801336763e-01	-4.666423024822713428e-01	1.301382221698995423e+00
1.348662830638878152e-01	-6.558333201646594501e-01	4.795001979342052856e-01	8.793744250151832587e-01	3.444445916572154709e-01	-2.831875759132859161e-01	2.261553450598476900e-01	-7.053002570145890937e-01
-4.944556723548026306e-02	-9.225202343249785386e-01	2.457278725565650579e-01	6.707874653101714157e-01	1.170403504964471653e+00	-2.529903403518385940e-01	-4.733440123921482945e-01	-4.235878652024813729e-01
4.536623333019830784e-01	-2.425883144452848084e-01	-8.574275772955286534e-02	-1.015682040809817055e+00	6.250269149570211180e-01	-8.248600164210296848e-01	-8.282306933154751638e-01	7.291739174100793086e-01
1.547962829782214000e-01	2.476403262155360552e-01	-4.425560404136976711e-01	-8.885939582791484437e-01	-1.056625495934885750e+00	8.927616504018003329e-01	8.367509902090632945e-01	1.613931946290290131e-01
-1.006742214124751178e-01	-1.031696788187504543e+00	-4.932005783553900652e-02	1.205104451903943996e+00	7.116736941158421370e-01	-5.012326526118179304e-01	-5.929603755151077737e-02	-4.148287383003045337e-01
5.814538584518323949e-01	-7.147106834034109291e-01	4.160695532636595195e-01	2.742345055276910748e-01	-2.412376875653349587e-02	1.480109730782469546e-01	2.604714308593520933e-01	-7.698326335453086200e-01
-3.209584022048666552e-01	-8.203519775819121396e-01	-2.881067267069451487e-01	5.020356861334286380e-01	1.069187119159123345e+00	-3.339058807075395707e-01	-4.956638932222320326e-01	1.034876769584919698e+00
9.308199198289753840e-01	-2.889835626512484157e-01	5.768807534204672960e-01	1.580845740656100729e+00	4.117753868737302758e-01	4.221967172285533837e-02	6.669783617273457033e-01	6.037392718617604626e-01
-5.023851640037236832e-01	-7.015797896823697810e-01	-4.999818229746312293e-01	7.792798041454447322e-01	8.378774540684879035e-01	-1.319670647477024505e-01	-2.759817103106508296e-01	1.603200158457641411e+00
-7.403050181389722595e-02	6.623323023921164898e-01	4.117515165563276902e-01	-9.614081718385025788e-01	-9.797175003429827722e-01	1.268190274104289861e+00	1.052580034726510849e+00	-7.451957405993513417e-01
-2.537248966930329974e-01	-8.801899582461645277e-01	-2.091821306409874515e-01	2.461809767386313463e-01	1.055921509063017849e+00	-5.178363375383309153e-01	-5.425202612339099506e-01	8.309126978918939255e-01
1.418016734011917079e-01	-1.787268187465433089e-01	-1.713816061942068369e-01	-1.133908702422808945e+00	-9.317535229996656287e-01	1.229544063033422452e+00	9.926238061311773997e-01	2.917366450357072871e-01
-2.715626428303505313e-01	-1.031756001618379770e+00	-2.385393113641531282e-01	4.822532666320780703e-01	1.304211232634296946e+00	-5.362487683214546275e-01	-6.250917923392529385e-01	8.597553469683856253e-01
-2.196421697479451762e-01	-1.062518620300765937e+00	-6.907991190988449492e-02	7.350446299446432574e-01	1.361952563940207472e+00	-3.967792253002372926e-01	-5.734356669282398844e-01	2.650677674869389433e-01
1.274205022988689207e+00	2.143706880163250839e-01	3.176137088932671215e-01	1.332546725526507769e-01	1.883123225776264786e-02	-5.452378541485840557e-01	1.378019590589925625e-01	5.147171076739924800e-01
2.050206204894221562e-01	-8.929043193107647491e-01	5.099300416524367441e-02	2.358245605378621157e+00	4.645209019560853081e-01	-2.738130383392348710e-01	7.941248665712905552e-01	1.815238461939384651e-01
5.203844064688200044e-01	4.782834569154527649e-01	-2.117466543020014302e-01	-6.688892485082088557e-01	-1.190624769295308027e+00	1.235107048866023405e+00	5.824813365784329289e-01	-1.340450558989656482e+00
5.340002895463320520e-01	-6.192194333170839560e-01	2.363140418699363754e-01	2.027556763725757438e+00	3.995665985713275914e-01	-1.965137362827160949e-01	7.491034919342095533e-01	3.677139173504522240e-01
5.011502101225177030e-01	-5.562980035175337790e-01	3.508749121896830858e-01	1.931976856534682430e+00	5.524619016063838650e-01	6.562056257269188730e-03	6.157767429259051184e-01	4.405664222003348174e-01
5.529462342349396042e-01	-4.264970722669165215e-01	7.475895248474583032e-02	1.529416341525725809e+00	1.679620711705269720e-01	-3.953204320480674383e-01	5.804257711346885173e-01	1.784988689765305558e-01
2.532609245568356315e-01	-8.360065488798269495e-01	-5.229056410987006215e-02	2.220838655522430649e+00	3.191889470761417602e-01	-4.420973003571131432e-01	7.997705856099703858e-01	1.901367321150322642e-01
5.130900720796865988e-01	4.214152669769219428e-01	-1.213653581652721601e-02	-1.061561107968566064e+00	-1.234453702179022283e+00	1.097117372681396752e+00	6.703688663896871791e-01	-1.388901960811949721e+00
-2.970163969466012577e-01	-8.335277742407510848e-01	-2.710608822363909653e-01	3.752916716342022951e-01	1.085222680006879159e+00	-3.966157176503062876e-01	-5.363703609720905652e-01	1.015114831903713100e+00
6.387118955073588511e-01	-6.133150661954349658e-01	9.112833145030146964e-02	1.962481566653472065e+00	1.905365501956553520e-01	-4.581170574389334949e-01	8.367172339782249502e-01	3.137405839917739581e-01
3.874158454452600875e-01	-7.080635026381467689e-01	1.192395116309062364e-01	2.116721166414416988e+00	4.258633661167658957e-01	-2.444081816893469983e-01	6.995758916612326850e-01	2.270127259237199047e-01
-4.954951374663228436e-01	-9.134754708801857692e-01	-3.353819048984385542e-01	1.105536703829880674e+00	1.163888809502411359e+00	-1.320288819204857300e-01	-3.477534880059020561e-01	1.134700731030030552e+00
9.239547755726369715e-02	3.598712218162052889e-01	-4.211677962365119599e-01	-1.050318373019725637e+00	-1.169971298542424432e+00	1.235306732113993666e+00	9.802990872381658338e-01	2.008222880615073425e-01
-4.004446066931238724e-01	-9.850165871927811789e-01	-1.806509204920152545e-01	9.534058973761769806e-01	1.281626638248513750e+00	-1.932534600948012105e-01	-4.513767712811945776e-01	6.690655399835656603e-01
-2.807826471104220567e-01	-9.225506824919542659e-01	-2.165714452946674862e-01	4.788497598153080292e-01	1.209786404599234810e+00	-4.372639827814496227e-01	-5.646574543242364186e-01	8.406952102149132244e-01
8.973497742475129435e-01	-4.935017176840031938e-01	4.156730350114222761e-01	1.521307943245897132e+00	5.301239086262412581e-01	-2.776174100736101824e-01	5.064201030455542929e-01	6.945608329778052425e-01
4.501063746504909702e-01	-1.026478803485706415e-01	-1.905519424428313568e-01	-8.658196633698547195e-01	4.921776200536994716e-01	-7.321245383081952385e-01	-7.864539847554237184e-01	7.732596663656402525e-01
4.045150906895000897e-01	-4.882817644708348781e-01	4.929319129629374241e-01	1.841239568253926207e+00	6.233832976456582520e-01	3.442958740373358584e-01	5.965871522164618579e-01	4.878004483946533076e-01
-1.358159335149138058e-01	-7.419267262783320327e-02	-8.795010550490914292e-02	-1.244301953388398774e+00	-9.079507615627023798e-01	1.375927978546783281e+00	1.177462598678919115e+00	7.118444495324708354e-01
1.934336763290019912e-01	7.434478711286660602e-01	-6.111589269182960971e-01	4.614867900995748839e-01	-9.400507755800668885e-01	2.368906230463624585e+00	4.492803301263405547e-01	-1.200090885702760790e+00
1.533550311169594726e-01	-6.139621614606023403e-01	7.586664804967055420e-02	1.799778564004860471e+00	3.845278939972774368e-01	-1.674807269751852901e-01	5.621898412558306024e-01	1.274174757354699095e-01
1.642524094751632857e+00	-1.687522997663266910e-01	4.861422844075386496e-01	-2.789001784477221912e-01	1.945513517911941492e-01	-1.081535036838888075e+00	-1.236247807403567101e-01	4.477108098722892837e-02
-7.295592734725267481e-02	-1.137588117732335702e+00	2.479418955171740213e-01	9.072616603050178696e-01	1.407115442628956936e+00	-3.364732409383540679e-01	-5.060951540905360702e-01	-4.248673457205690007e-01
1.347030631347170548e-01	3.467469900752128131e-01	1.634676495131557328e-01	-4.100790468225838370e-01	-9.263731682456526340e-01	2.140480259811367691e+00	9.089321126352735147e-01	-1.082475875584150593e+00
4.092937523788043874e-01	-1.634586585280177196e-01	-1.131067114196000895e-01	-8.400646102595502596e-01	5.192862174880241710e-01	-6.776557997854385507e-01	-7.464461909317940957e-01	6.306972422264248701e-01
2.788001548018522735e-01	-6.224667616788538416e-01	1.937221604701101496e-01	1.880824780314065636e+00	5.081275249211321121e-01	-5.410982963643071186e-02	5.286477824592039632e-01	1.678256370295233835e-01
3.171722924298761570e-01	-5.823675157219804221e-01	2.623232193191048500e-01	1.855031565976047458e+00	5.628143316370680660e-01	9.161484829844634969e-04	4.903042034144868833e-01	2.192144135772248481e-01
6.113907057847215443e-01	-3.920513641070295097e-01	1.009673927611771660e-01	-1.128010817959900214e+00	6.750786921973126464e-01	-8.590852970594383686e-01	-8.680046279322031211e-01	2.356799705276366730e-01
5.264674832767259893e-01	-6.514104914962453030e-01	5.330007740487602286e-02	2.019262154363351769e+00	2.402330297384834279e-01	-4.097067929030610567e-01	7.984015166980331646e-01	2.727925614442106017e-01
2.960870285370975630e-01	5.066135899423787059e-01	-4.702000925058319458e-01	1.996819605153342669e-01	-7.146681452758666397e-01	2.405428262771586834e+00	1.779052537845984827e-01	-1.236065092561172696e+00
2.648548953648542925e-01	2.217823442729823791e-01	-4.677758370720263015e-01	2.235463611158809150e-01	-6.877253022695388740e-01	2.501601899974867482e+00	2.529412874459582294e-01	-1.165468743188553535e+00
4.524193186612943673e-01	2.187113192293581587e-01	-4.792773178245952675e-04	-3.499169529872533935e-01	-1.134424975323128804e+00	1.337491365833022305e+00	8.004695970821225082e-01	-1.605185738773847071e+00
-1.645713603968315120e-01	-1.044292739164389916e+00	-1.585254421310004491e-01	1.642727405916176997e-01	1.331431717684219196e+00	-6.711819259873779142e-01	-6.988772655472859086e-01	7.634691253681835654e-01
1.063450307527094241e+00	2.009045393343760755e-01	1.027402941641816919e-01	4.245210723539341591e-01	-2.149725503891032063e-01	-5.579774246276514305e-01	3.970200563917519743e-01	2.407779437886624352e-01
3.779457789042833804e-01	-6.845741155583696669e-01	2.869853148357954797e-01	1.874024103276405562e+00	6.410817326302649111e-01	-3.957471619739768437e-02	4.721039627396116378e-01	2.592518474532484740e-01
3.538286265958767718e-01	4.081941746504625379e-01	-1.994473649392040082e-01	-6.894470114098432134e-01	-9.419522448341764997e-01	1.759282965043805103e+00	5.319322807741169168e-01	-8.491892813505088622e-01
-3.013497763056036671e-01	-1.210094304096300366e+00	-1.406639811176305377e-01	6.170247531896985160e-01	1.413368734772405100e+00	-5.596111653429871602e-01	-5.759585518399714665e-01	6.700291647806335682e-01
1.048869599872512604e+00	2.117746708798600719e-01	1.250829091242687818e-01	3.944616938860648347e-01	-1.899024077670768140e-01	-5.035568143625156479e-01	3.602851869226137427e-01	2.344115459827801062e-01
-2.263462032316634065e-01	-8.942027337761794259e-01	-2.597256299201627927e-01	2.426509204411654574e-01	1.158151297768257093e+00	-5.507096650209064581e-01	-6.118915199008442274e-01	9.897694250427232499e-01
5.515025424794821607e-01	2.119000160500818519e-01	1.067385488460639020e-01	-4.272742759052847172e-01	-9.368311455119588960e-01	1.285680338968537617e+00	3.936464671586681341e-01	-1.839560163338736176e+00
1.673388974200588075e-01	-9.357580945109448267e-01	-3.900307253220518522e-01	6.011719182249946059e-01	5.952587489970794232e-01	-1.220221325240770982e+00	-2.323423103972855619e-01	6.221592678325296166e-01
-1.478240049581717730e-01	2.245175833545665078e-01	-5.681423482823390325e-02	-9.509883624179955586e-01	-1.062011710970298006e+00	1.361803178144363136e+00	1.178513973076773080e+00	-1.818773328426746272e-01
3.450310119691149535e-01	-9.719342917029386020e-02	-2.163768094314427737e-01	-7.947605027993140947e-01	4.923330142914230656e-01	-6.739332979285264091e-01	-7.340355310303305902e-01	9.319785329378372785e-01
6.054450587997149968e-01	-2.413287586231110948e-01	3.328602991237784026e-01	1.247908742124295367e+00	3.563942420815955359e-01	-3.675542646497863969e-02	3.704937843779022577e-01	2.595656140572001336e-01
9.833637789845732780e-01	-3.619483762927418469e-01	4.269216582010492145e-01	1.370083494080990727e+00	3.859980116209816292e-01	-3.116802362030774431e-01	4.921003499145157889e-01	4.172835237020364740e-01
1.941491037366260275e-01	-8.624453865762642391e-01	-3.705611847651849727e-02	2.049187529176866196e+00	4.084049172882242562e-01	-3.917532087156418430e-01	6.402731093634679294e-01	8.978391985290229416e-02
3.071476139153458407e-01	-1.095224268720990934e-01	-3.549454220315548247e-01	-8.932419539389390151e-01	4.514941082239696257e-01	-8.432173713940386284e-01	-7.144058673046272956e-01	1.447909627185023584e+00
6.602429610588571585e-01	-5.478412580844399526e-01	4.738543536020162206e-01	2.057578422442548405e+00	5.752631178282904267e-01	1.260236401869942457e-01	7.514091330365408883e-01	6.776622106056487960e-01
5.790229726780871111e-01	-3.800200997660657665e-01	3.330905536768569153e-01	1.545171184539203990e+00	4.181232443988665004e-01	-6.734251949392801306e-02	4.812927841896139647e-01	2.912163014908790704e-01
6.420889664017284115e-01	-6.333082538130346828e-01	2.283206798802216997e-01	1.934253308170467589e+00	3.533580290854181349e-01	-3.353316574201042344e-01	7.329619957632066418e-01	2.895555879434404956e-01
2.195897740800829834e-02	-9.464129648843223608e-01	-4.464220345565429737e-02	1.796882659492951229e+00	6.027287202807046773e-01	-4.639844190734160878e-01	2.689460227113344981e-01	-2.480307606307186330e-01
-7.953880908317149945e-02	-7.718669983627114428e-01	-1.079087938320149320e-01	1.688431349491592848e-01	1.138809829280502894e+00	-4.821343036464704190e-01	-6.733861612792159113e-01	4.620849128318526011e-01
1.648868759007446672e+00	-1.750856642774762106e-01	3.869193063752515704e-01	-2.819570126587364056e-01	1.661397863777769324e-01	-1.206340959922126421e+00	-1.109179113496880364e-01	2.397616515410351534e-01
-9.930059555157957560e-03	-1.124537540582470629e-01	4.080408591270305585e-02	2.218784659199475040e-01	2.604359722188081538e-01	-8.191992173915169095e-02	-1.595584857726640438e-01	-2.222891867629040452e-01
4.494152936148433364e-01	3.599335488376277370e-01	-3.277155195820639078e-01	-3.174955744116834122e-01	-1.209506793345832998e+00	1.183253488979964851e+00	6.188301785988465920e-01	-1.491383989485159045e+00
5.590215799439255395e-01	-3.345564847706469225e-01	5.295414562185027929e-01	1.328807367282476726e+00	6.634660436391309757e-01	2.209130266075837179e-01	2.487503120575656201e-01	3.025116072967559133e-01
7.408237731056641628e-01	-5.075090690509806990e-01	3.154511969914547964e-01	1.850991529923138534e+00	3.401289591253632283e-01	-2.169892482699048997e-01	7.400626427346388425e-01	4.092779165783562156e-01
3.987214952292147396e-01	-7.032144910916732217e-01	2.423464637360254192e-01	1.228787709367178849e+00	6.316429122356125303e-01	-3.853832325807589054e-01	9.315172154766995782e-02	-1.688762844635912364e-01
-1.929881134539863097e-01	-7.715424132006339919e-01	-1.575790813146371039e-01	3.733780365585345207e-01	1.112015474867884102e+00	-3.807404866150619349e-01	-5.846895246536356616e-01	6.151293447338896936e-01
2.145551633763914667e-01	8.306948973354748300e-02	4.606903170596292618e-01	-6.719282865931187620e-01	-8.326639760924228195e-01	1.613825493204218864e+00	7.499085683706205874e-01	-1.421630358703428021e+00
-7.250229733460980541e-02	5.012252929297810189e-01	-3.757020785087834547e-01	4.715326379084716080e-01	-5.829107600542242640e-01	2.636994061966179359e+00	4.524980509779667481e-01	-8.124900523697348165e-01
6.938298844734466231e-01	-5.731904045344492493e-01	2.508804814480889989e-01	1.777016050678263959e+00	3.808834844237943829e-01	-3.383907724700093156e-01	6.383368008816348027e-01	3.192982606369579868e-01
1.161576694910609886e+00	-5.653049376830957540e-01	5.820915730178606307e-01	1.535961873832222713e+00	5.736494344751752461e-01	-3.678277612860467727e-01	5.179978109933685015e-01	4.370518401092893246e-01
5.381275540771023325e-01	-8.331453537380616448e-01	1.293893414974990053e-01	1.463095882464199526e+00	5.206123099203713300e-01	-7.147387878481497037e-01	2.899045322635036004e-01	-1.446390704652030790e-01
1.839130366797168126e-01	-7.039729522076113577e-01	2.019015887052870717e-01	2.032688833970983211e+00	6.107407881191985188e-01	2.764789397835714160e-02	5.293843052714902742e-01	2.067236989157368032e-01
6.674203482031060286e-01	-5.872963160641085922e-01	3.677488370045286503e-01	1.769653987604928203e+00	5.078188382631866338e-01	-1.056638984371567613e-01	5.730320670543234129e-01	3.395480265251258900e-01
1.350145821620785558e+00	-5.669936610415633044e-02	9.300493699697337524e-02	2.231282870186805656e-01	-2.474951810162615840e-01	-1.097626403707934850e+00	3.806838738087944263e-01	1.332304352000110992e-01
-3.737400575209490761e-01	-1.022144116239109612e+00	-2.780069705618535836e-01	7.289020392796335956e-01	1.248736586938629101e+00	-3.577421405254302411e-01	-5.063386600226550405e-01	9.421717989357289991e-01
4.252717387295452123e-01	-6.371464568089039160e-01	5.532346039576963026e-01	2.441776264863607382e-01	2.316969729843852688e-02	1.910051817947110153e-02	2.305346380673325424e-01	-9.077938000197300905e-01
1.252772477548810048e+00	2.762123798510441874e-01	2.542683436128646557e-01	4.153512431244796854e-01	-1.163403133404884299e-01	-4.597903504875238134e-01	3.684858743270575387e-01	5.085183207011341189e-01
4.339337980900466740e-01	-6.132631471671332601e-01	1.905966227537995161e-01	1.826735577726629645e+00	4.610878360244933249e-01	-2.086534492106711103e-01	5.520617544051755754e-01	2.350675680274204593e-01
8.027722494409387233e-01	-4.580457816706746121e-01	3.939206802037815147e-01	1.794360240361688952e+00	3.474958346253289587e-01	-1.409827235617782393e-01	7.723743666094652349e-01	5.317754837001715806e-01
6.205173867578210878e-01	-5.140286465595830245e-01	1.872632804688399710e-01	1.828634361232096106e+00	2.802476485947290596e-01	-2.840229261950310002e-01	7.159151375076787671e-01	3.426591052690696193e-01
5.010837613727906481e-01	-5.830649256322150142e-01	7.130421183513019345e-02	1.898866959552022227e+00	2.363180124597418774e-01	-3.756585339526519185e-01	7.538846017705806979e-01	3.120755965077871008e-01
2.141679253098337510e-01	-6.126937703380178624e-01	4.549631781096215577e-01	-2.721873968537161237e-01	-5.745482051786553884e-02	4.060476017398815252e-01	-5.849504579948833910e-03	-1.068434297096713559e+00
-3.034940648694937071e-01	-9.655314490360979995e-01	-2.588280963606063301e-01	4.181925531744659086e-01	1.240598193564692586e+00	-4.868701197229867716e-01	-5.861582567673794264e-01	1.020842338966641893e+00
-3.625387361509000567e-02	3.965030377424114127e-01	-4.181069471306296803e-01	-1.166745762176728318e+00	-1.285809102795123726e+00	1.070855290646594682e+00	1.245400802683409136e+00	5.570856763218824392e-01
4.709948114495526306e-01	-7.038786952716976630e-01	-3.601631494305424647e-02	1.962418969759333498e+00	1.946106131068710554e-01	-5.642441177237462746e-01	7.757557699636179471e-01	1.943557429603134656e-01
6.897208091682892617e-01	-5.422887726507938932e-01	3.135504582693215969e-01	1.812120336200087944e+00	3.213628649920221569e-01	-8.210898393258643513e-02	7.335824170602344152e-01	3.285563721150784877e-01
-3.858552859800721269e-01	-1.186696942601086713e+00	-3.042245031796643184e-01	4.479380254290412089e-01	1.319003622237562956e+00	-5.051810973587543829e-01	-5.459230533555606835e-01	1.223309609547733601e+00
4.273374222556304836e-01	-6.396968082630938301e-01	-1.424207983221301675e-02	1.828502288510397866e+00	2.120895993362720833e-01	-4.982815410593151584e-01	6.817589128778007712e-01	1.355594810277010454e-01
8.213766326025231379e-01	-4.665761446879690411e-01	3.754072420990379189e-01	-1.123330368819115271e-01	3.815574388216493862e-01	-5.075048913472560708e-01	-2.244352452972365464e-01	-2.897714370633596159e-01
7.114961445149926567e-01	-2.236648377572123536e-01	2.108975377235224047e-01	-4.879716409468033006e-02	-9.869685937580412183e-02	-4.976035271575024455e-01	5.504619350385879517e-02	-4.418092527647194401e-01
-4.913049697786439074e-01	-1.025779200331333962e+00	-3.114908617909495914e-01	1.072395015921219219e+00	1.239475217410105357e+00	-2.236316677400836395e-01	-3.909243746152490928e-01	1.022166461682549876e+00
5.916307805819344123e-01	1.902122630198093689e-01	-6.967620064487671794e-01	-4.573650969738729706e-03	-1.001833012931226952e+00	2.111761101876913571e+00	1.855008479131759480e-01	-1.444594086158232482e+00
3.923482331750084429e-01	3.827427381416554364e-01	-6.620500298591669441e-01	-1.173412352498879735e-01	-1.034504719815018348e+00	1.998183641311924719e+00	4.132351368760222021e-01	-1.024233199712237141e+00
3.433138723768725531e-01	-7.309462826252237644e-01	1.872970118224611541e-02	1.699420092971625884e+00	2.806240263399923385e-01	-4.345206058169919783e-01	5.699774809192282854e-01	-5.596315080533101338e-02
6.897975780906574483e-01	-3.937686274413108034e-01	4.580524251713272155e-01	1.705752592340591622e+00	4.642959002403567181e-01	4.261788013728691482e-02	6.209269173612269599e-01	5.016734069021964171e-01
7.268436974905951864e-01	6.160161775235405424e-01	-6.936741895466714825e-01	-8.714503836011918692e-01	-1.393572926731255546e+00	1.369164553900290127e+00	5.011812331112306396e-01	-8.809531921021966916e-01
3.737598992690555622e-01	-7.608001454470251224e-01	2.451626461143395497e-01	2.245644710747678907e+00	5.577592911084084948e-01	-7.159804754214971201e-02	7.368080691834826279e-01	3.460311819067070083e-01
-2.239219424669265102e-01	-8.132349137060311817e-01	-1.785738732320542310e-01	5.358703222731802107e-01	1.162769624995476425e+00	-3.396966077224942149e-01	-5.496382007071429765e-01	7.363622413388808408e-01
-3.452854129431698893e-01	-7.251262531700694014e-01	-2.881278016118001273e-01	8.107223340370527387e-01	1.023841997162438178e+00	-1.681559354817359631e-01	-4.495458825467285591e-01	7.770352198072861816e-01
2.550669403053486550e-01	-8.398767591970336399e-01	3.364248440198454038e-01	2.096134636611603153e+00	7.990558502847827649e-01	4.268346906873850960e-02	4.825553517946445381e-01	2.126889315115026713e-01
2.521546220505092861e-02	-5.615514710373455953e-01	1.447240323944806173e-01	5.452256137136031189e-01	1.495135866366787414e-01	-4.847270838132326509e-01	6.476687802840201680e-02	-6.694099962718819130e-01
4.962543122237696447e-01	-6.935186596812802362e-01	3.373099560020471066e-01	2.210968435818788880e+00	5.746070662845719212e-01	1.223667888226730865e-02	7.226544133952426119e-01	3.597448548954716996e-01
-9.655621778055472129e-03	9.201849104320397599e-04	-5.741352414652515224e-01	-4.930433318149931021e-01	-1.019791247295900538e+00	1.394859845512155250e+00	9.256889794616074418e-01	1.297285820048430793e-01
1.292652896734722834e+00	2.863422864970784909e-01	5.310211788563524715e-01	1.592486944952067329e-01	1.509424464135336041e-01	-2.725545665460955003e-01	8.336568858502836632e-02	3.424553644202611435e-01
5.722709046389823362e-01	-4.765888537394217250e-01	3.178881089572188623e-01	1.756245520957544493e+00	4.329187423886179387e-01	-7.113142713879150314e-02	5.965189851094778728e-01	3.718883395587729845e-01
2.658467052972404154e-01	-7.646579901200265539e-01	2.227782961308066578e-01	2.203557583655860963e+00	6.075899179753100343e-01	-4.064747737731144034e-02	6.380554020570740059e-01	2.452074339844566020e-01
6.182733200259802331e-01	-2.610943878902722837e-01	2.509188361204382489e-01	-9.247950167563541157e-01	6.397494878010976382e-01	-6.682085126174628353e-01	-7.901228401200073304e-01	-1.204071053940865554e-01
-2.518012680085328081e-01	-1.108841172192388314e+00	-1.915160115144068642e-01	5.746902434106241353e-01	1.321735224262558406e+00	-5.051396207284248874e-01	-5.935412798504974274e-01	6.194905477850340958e-01
1.425690313984083524e+00	2.361458419133999342e-01	2.298499070765182284e-01	5.719099870635984129e-01	-2.584293115765575743e-01	-6.487898873993095394e-01	6.068441246744922246e-01	4.679202382414413552e-01
-3.383538118086653057e-01	-9.441253439347848664e-01	-2.142137315510244944e-01	5.024404352345979152e-01	1.248348973587220190e+00	-4.115472663458383251e-01	-5.410750132605792739e-01	9.311034483034061893e-01
4.621154686754819219e-01	-6.030804209606375199e-01	2.284516753391067634e-01	1.996315849329057812e+00	4.206754147193316751e-01	-1.507587659461332164e-01	7.149095312706055250e-01	3.641219695336130324e-01
1.460719245539922273e+00	2.985533059786814603e-01	3.776918066657808937e-01	6.162110265845126555e-01	-1.751888240411175468e-01	-4.663503299558276471e-01	6.060374635010394861e-01	5.579520205404102651e-01
6.338025820763272256e-01	-4.347835269792219015e-01	3.827980766746361674e-01	5.153536795027637840e-01	5.789983424324927908e-02	-5.895200754605171012e-01	2.767068945605078989e-01	-4.764847094098794700e-01
1.662836852623569006e-01	-8.934323631116678488e-01	1.334150399349408045e-01	-1.874390762181147585e-01	1.198479190374312608e+00	-7.227796609530849903e-01	-7.634059790335420148e-01	-6.243326830402198824e-03
4.630412278803895387e-01	-5.621627500811520184e-01	2.459440459004364476e-01	1.898908106886657787e+00	4.340976836056267274e-01	-1.293045833929707400e-01	6.361360085618893434e-01	2.887925506995240310e-01
4.157294898675032990e-01	-6.227860444893690284e-01	1.566493470965857615e-01	1.957175850962409314e+00	4.150083602552507855e-01	-2.085811838340133340e-01	6.406763144466347537e-01	2.427482942985295378e-01
1.378360850439470098e-01	-4.931829186196721171e-01	2.610120077678365069e-01	1.432673250379198349e+00	5.344946917712266599e-01	1.762985558011437304e-01	2.781627073624514668e-01	-1.008250206421769206e-02
-2.455506780997033234e-01	2.325286096733219510e-01	-3.022324926620997276e-01	5.807803127608847094e-01	-3.932928289017523782e-01	2.576528968109007334e+00	5.202107591704370204e-01	-4.743471774259981344e-01
-6.073433100503378146e-02	-7.898753122932208326e-01	-1.734067196897946250e-01	-1.924636834471828706e-01	1.112735561518203298e+00	-6.840873580526148912e-01	-7.347245825138568609e-01	8.617824779050113904e-01
6.764453497815221539e-01	-8.351433299115010866e-01	3.056021709155101185e-01	7.284584381086393057e-01	6.816165027676154287e-01	-6.235804158858171409e-01	-1.054654847184973293e-01	-2.811690082310641103e-01
-1.593747981506945799e-01	-8.074266347982538283e-01	-1.761206278334697672e-01	2.378860042598782976e-01	1.140176479690123257e+00	-4.717524847835973811e-01	-6.202349060286270754e-01	7.892750189460862043e-01
-3.685437636589238286e-01	-1.044176417523942080e+00	-3.281065775512845839e-01	5.135214512159437250e-01	1.250014521166444625e+00	-5.333646110312307842e-01	-5.325952772896149767e-01	1.269124918200156049e+00
5.802351104305477625e-01	-5.601695333627197959e-01	3.018445483074136404e-01	1.361248734230342539e-01	6.135349520284351099e-01	-5.967767331347662019e-01	-2.986582109908427207e-01	-2.803196597933622636e-01
5.221983711123894256e-01	-7.669083022321173670e-01	4.298587395466498817e-01	1.647476537733946422e+00	8.730047569980067257e-01	-1.923428622845642921e-01	2.335460932238293541e-01	1.621974391337232535e-01
2.803141558027335556e-01	-7.616230249857962320e-02	-3.752461789249397217e-01	-8.044524997290962709e-01	4.144640624461550793e-01	-7.818278264882708717e-01	-6.826548916558832225e-01	1.415867863666321114e+00
9.380666364880202446e-01	-6.332166305316375698e-01	2.958130728517616714e-01	1.333762423320380419e+00	-4.105406627191247881e-02	-7.816958620636496602e-02	8.368722692054861856e-01	1.833784203680788316e-02
1.902687827863081549e-01	-1.207752108000085672e-01	2.161394747221841717e-01	1.957690369339342151e-01	-1.660386365320732915e-01	-5.286658960500526527e-01	1.945275619753951690e-01	-6.881064873051833120e-01
-1.752442456224176659e-01	-9.649040246884847960e-01	-1.577489052054458496e-01	4.154395522827681875e-01	1.300368352902729674e+00	-5.048662072613443463e-01	-6.423646468081211092e-01	7.213426379824838808e-01
8.361092024470538897e-01	-1.844602638167211761e-01	3.789811082864757985e-01	-5.945080264915710844e-01	3.853770501612336918e-01	-6.136457047802741371e-01	-4.557221446103396079e-01	-2.402111704796892344e-01
3.820306492667677190e-01	-5.955858524099424400e-01	6.792766272614869649e-02	1.863009032613370142e+00	3.060422800020780598e-01	-3.151046641091276301e-01	6.575753782849089735e-01	2.248021953148428842e-01
1.024606749577819942e+00	-9.218776751268783487e-01	5.789677445129859379e-01	8.301609337554513024e-01	1.120993921552905448e+00	-6.980256608565382770e-01	-2.433776674187234923e-01	-1.148999365840849829e-01
2.103356570248253454e-01	-9.839118898048054840e-01	5.106990824585987410e-01	-4.206327126029655306e-01	-2.750329998912525165e-01	6.196515505794576439e-01	2.581866293485287622e-01	-1.394761435074523881e+00
5.854095273203028249e-01	-5.898394276784069135e-01	3.912189391856640275e-01	1.944561620588956874e+00	5.583192874543636552e-01	3.209917425702668581e-02	6.304341359725721405e-01	4.169971470081033638e-01
8.565270095794615957e-01	-5.809720922045928937e-01	5.580474038782681223e-01	4.144485094078193682e-02	-3.200708488528465900e-01	6.074958864911477602e-02	4.933105710559976265e-01	-9.866673100291850629e-01
2.830935960908166626e-02	2.214980971308646018e-01	-6.412084208249887451e-01	-7.530725397999322723e-01	-1.309042791713144194e+00	1.242669576994882563e+00	1.135127572608885860e+00	1.767852036636271829e-01
4.018996486658717449e-01	-6.732205617778748152e-01	1.474007661363269384e-01	2.021241631152847607e+00	4.220040834897968995e-01	-2.304053028791535340e-01	6.726432635977372954e-01	2.389753733204675046e-01
9.845973499485510816e-01	1.771161677362216857e-01	1.213537813282704325e-01	3.734308594467186659e-01	-1.657222785067623827e-01	-5.088281623620704019e-01	2.993778788582910355e-01	1.149900116491681112e-01
-1.437803830827751872e-01	-9.233881500474037107e-01	-1.755774479969829660e-01	1.201828892552725125e-01	1.252414104903123881e+00	-6.042325330305149400e-01	-6.917416293815051853e-01	8.596223084902022693e-01
-2.574106454272160338e-01	-8.428234933299804110e-01	-3.330592984025729231e-01	1.601152848471716905e-01	1.054718923321113389e+00	-5.660253132727254277e-01	-5.707142092617735196e-01	1.254528745376870980e+00
1.006031959260380138e+00	-1.890237471752027887e-01	5.381936428766653790e-01	-3.390127564407128813e-01	2.837938459805168234e-01	-3.185969024475736044e-01	-2.224046709036770486e-01	-2.421344176572165496e-01
-4.517781809092299428e-01	-9.321429108894462301e-01	-3.819455065030338825e-01	1.015266986300601859e+00	1.065012358516872037e+00	-2.840783083951892718e-01	-3.459371459760888778e-01	1.052018713047359277e+00
3.028280022137556649e-01	-7.334225171942689858e-01	-3.097120191615175197e-02	2.042425550888372854e+00	2.870252868992222428e-01	-4.276898987924937501e-01	7.361513344473404885e-01	1.654788277617757764e-01
-1.216262354639667670e-01	-8.741265582846932114e-01	-5.412490215264374044e-02	5.673744472836201869e-01	1.192387874079983145e+00	-3.712746574938439736e-01	-5.709250633062604718e-01	2.235523607572444671e-01
-2.434973481329836265e-01	-3.841342378219105014e-02	-3.003189553261343958e-01	-6.002403747904668796e-01	-8.137123759092117492e-01	1.725455993654215092e+00	1.085490904735942674e+00	5.253768891619952086e-01
-3.748234482438199677e-01	-7.097671621471663972e-01	-3.958479590276981486e-01	4.869066540774739660e-01	9.632432204517826779e-01	-2.767838204940515356e-01	-4.211482763106057514e-01	1.535876604185309802e+00
9.693887454333120768e-02	2.705245342786093965e-01	-5.912873770512034888e-01	3.874690956701296041e-01	-7.967286945572186196e-01	2.378823259404455825e+00	4.633455687936860468e-01	-9.168835159760209130e-01
9.936390513227771892e-02	-1.043443969141102157e+00	2.683759682722394735e-01	5.111645765541091846e-01	1.313545527574150551e+00	-3.924168811548691682e-01	-5.913638498549451672e-01	-3.979292727331397161e-01
4.440515166971902850e-01	-5.718184186681493086e-01	2.795431677630995648e-01	1.622110471164686318e+00	5.608140079770609354e-01	-1.458758174494982351e-01	3.796542835659064141e-01	1.253657263295208379e-01
8.947824246571053353e-01	-8.707226164575940786e-01	3.766068586494201731e-01	1.462332283096579033e+00	7.471561647093845071e-01	-6.830757794499678903e-01	2.341468677782338470e-01	6.124001390803890388e-02
5.280676381256403928e-01	-2.105551652115483507e-01	2.765220187274742281e-01	-7.281894393396627363e-01	5.061204655780782158e-01	-5.271053992720295955e-01	-6.356736391102506545e-01	-2.627094787726527159e-01
2.632928881300982682e-01	-7.151924005183437627e-01	1.270096832869105630e-01	2.003898958371005623e+00	4.973658421916981043e-01	-1.896063675808410398e-01	5.920516447208659105e-01	1.849268626498720980e-01
8.565251029602343191e-01	-3.894296454918600436e-01	1.348382529012773501e-01	1.620803326322809657e+00	3.196467030917475582e-02	-5.050443912128148582e-01	8.231494847188682851e-01	4.220534547529390390e-01
5.210628963532718538e-01	-5.586214247366813046e-01	1.211438426257766682e-01	1.811205716634324947e+00	2.768384308821157935e-01	-2.948326972705252458e-01	6.849323670791328533e-01	2.898600646550482107e-01
3.459506721612641833e-01	-1.210455786998403532e-01	-2.136841306956830666e-01	-8.025087964886853387e-01	4.695413410210570460e-01	-6.446909825773972091e-01	-7.139112263694709082e-01	8.920777460377992130e-01
8.532593024091482681e-01	-5.113140353361476098e-01	3.036486937461267965e-01	1.828924663466203970e+00	2.577888447328659516e-01	-2.995701370416158915e-01	8.088886242790221948e-01	4.562662751802351591e-01
1.101696276355499826e+00	-4.200502773613348229e-01	4.146059972465736543e-01	7.181450268323666397e-02	-1.017414407121734143e+00	7.015642400642660981e-01	1.245867529871435675e+00	-1.321980049698953108e+00
6.705757597336837739e-01	-3.161306299412957044e-01	4.203764173824238726e-01	1.435855889076650405e+00	4.266366208298696394e-01	-8.202816609055746735e-03	4.943776038105438531e-01	4.179694478312845907e-01
4.982328311621457284e-01	-4.867884512159120214e-01	2.750518503347781363e-01	1.715726987108153079e+00	4.602880335709899073e-01	-1.116819320214483824e-01	5.239199605820100691e-01	3.081136084818834053e-01
5.065357057186267165e-01	-7.966387792212811236e-01	-1.343477749747369887e-01	9.138651969408025932e-01	8.023052968968238385e-01	-8.363039687769031616e-01	-1.032473871629816936e-01	1.274546047840633189e+00
3.870531439950798958e-01	-6.298895495101238806e-01	1.737362529753280413e-02	1.879852199290697579e+00	2.734168792657400426e-01	-3.798690849677319181e-01	6.677539658681459489e-01	1.773493478392406397e-01
5.799910890418729092e-01	-5.307494115338108331e-01	4.250100491318407059e-01	1.893914874372419899e+00	5.421758893011261460e-01	9.275252502685138456e-02	6.308636866739940618e-01	4.173877006676603441e-01
-4.553690564725560441e-01	-7.154505413351118781e-01	-4.315514853296572029e-01	6.758438219327326246e-01	9.262955350187835890e-01	-2.226443059369736799e-01	-3.688484790999983498e-01	1.464165913096596494e+00
8.244438964836973138e-01	-1.048477421606639759e-01	1.304874370317933574e-01	1.389834379706508527e-01	-1.057002319546865632e+00	3.748225474657989054e-01	1.212474118122771394e+00	-1.057835468253325528e+00
1.527782651477177955e+00	2.311712252764315245e-01	5.463262381175763016e-01	1.525004138660067954e-01	8.110938059308363257e-02	-4.791787646910372622e-01	1.884809581158879421e-01	4.602095193817147822e-01
6.112771839222004566e-02	-4.217012477756051370e-01	-2.774601545102902134e-01	-5.894780674319457514e-01	-8.961624463383246475e-01	1.387286056321358263e+00	9.019848202430841289e-01	-3.412063958336896685e-01
8.248856031684012047e-01	-9.224410844164643297e-03	4.299281424812898544e-01	-1.932616406676663789e-01	2.612645537913177440e-01	-3.746873042394065489e-01	-1.903228529699647620e-01	-1.306821821613662893e-01
3.640790649173232807e-01	-4.258043928953685331e-01	2.921903084861924293e-01	9.029337161255311939e-01	3.452396076361851085e-01	-2.560313272933671946e-01	1.833952953099586280e-01	-2.116957345007461078e-01
8.178301863364781377e-03	-6.385809328991883804e-01	6.758211895869147001e-02	1.703095665431629824e+00	4.989604133868292823e-01	-3.582637148513444919e-02	3.562329212438123394e-01	-4.856040530403787220e-02
3.129935590650328447e-01	-6.473486244814107282e-01	1.130098502346777722e-01	1.915136117914278291e+00	4.354881578953498922e-01	-1.993746231192106144e-01	5.927831266001851729e-01	2.442426100318250137e-01
1.097743974825396762e+00	1.391937401264285445e-01	1.104081454692895127e-02	4.839934148058365193e-01	-3.142518430062204993e-01	-7.421950801112958684e-01	5.098893881408717021e-01	2.237926043796128750e-01
6.299045313612975372e-01	6.839288067951249106e-01	-7.669643483258563321e-02	-7.141171847508930304e-01	-1.402521313727825181e+00	1.476108577099742414e+00	7.741473101540176094e-01	-1.731102283720060031e+00
4.689303964294863625e-01	-7.227064318791932562e-01	1.549799722812471026e-01	2.162797038358339918e+00	3.921032383190674042e-01	-2.790974709439029700e-01	8.033513524350276436e-01	3.279205552769666188e-01
7.833884705960131312e-01	-3.832403725811900919e-01	4.398141039869246649e-01	1.583664026088190679e+00	3.337079072162887905e-01	-9.584246703808631251e-02	6.258036623508578256e-01	2.883851821127706438e-01
4.568388371650274338e-01	6.598907609324637935e-01	6.935080623493922181e-02	-6.812525621706624346e-01	-1.272316997621256052e+00	1.362855726888391850e+00	8.203157554119550054e-01	-1.633938121058403636e+00
7.130288719804560582e-01	-5.357934728456343887e-01	3.022817433365144191e-01	1.959537087831500823e+00	3.715196841533749961e-01	-1.776598714980258398e-01	7.689164836525694824e-01	4.814593600503116466e-01
5.374799269290031489e-01	-6.064083908731836559e-01	2.146079480708643419e-02	1.877572575664168797e+00	2.203006281224585416e-01	-4.035844813717157087e-01	6.985601036156161570e-01	1.987588764403918351e-01
5.209319704506475412e-01	-5.900873679846178055e-01	3.138802452501158746e-01	5.055914005589303706e-01	6.566337618349937788e-01	-4.860267464504367529e-01	-1.934986804270885097e-01	-2.130446006887569133e-01
1.366486663220786824e+00	3.053864581722933735e-01	3.712871552807702757e-01	5.061809282120487419e-01	-1.201838629862103935e-01	-4.133155957351437593e-01	4.620424267632996518e-01	4.634607432856225340e-01
-3.140466033246914757e-01	-8.627657742733627622e-01	-2.538060338323167020e-01	6.680825491888153778e-01	1.134357405375567396e+00	-3.004838919570716471e-01	-5.016217848966756376e-01	8.016362578585316534e-01
1.196274008372142095e-01	-8.733919394018805349e-01	1.893624789811053366e-01	2.380645442526827527e+00	6.825184119004336081e-01	-5.380405780771221544e-03	6.930504955113157006e-01	3.314174003158733006e-01
-2.534518899859475316e-01	3.511621284837396773e-01	-2.502880823520277076e-01	-7.754735839404277575e-01	-8.989585823595276359e-01	1.480686144763339707e+00	1.146301139287797088e+00	6.982302671875662003e-01
-2.816411465812104775e-01	-8.413803227574053745e-01	-3.337570326341938731e-01	3.840234396758363533e-01	1.110741470183350232e+00	-4.570911884431689276e-01	-5.754958433489091307e-01	1.123321714330554721e+00
8.557207199323282332e-01	-4.392290255529888721e-01	4.355695594748665300e-01	1.856640957628378441e+00	3.838171765662171664e-01	-5.161826058334531564e-02	7.674519011146706537e-01	5.775651962075547541e-01
-2.218520700103483734e-02	3.028973655559563660e-01	-5.531438411614726380e-01	4.581891680669019085e-01	-7.857718234737516294e-01	2.496461653720128293e+00	5.610400262266788118e-01	-8.658799797229309592e-01
2.487209680187797978e-01	-7.014093585177793022e-01	-1.019606565684606087e-01	1.921602693226137193e+00	1.688773532691376089e-01	-5.375940747324059465e-01	7.173236464656430611e-01	5.092494439966868680e-02
1.107007069670255195e+00	-3.723573520600656495e-01	4.087316987694686876e-01	-6.189990370330900049e-01	3.617644742492311938e-01	-1.038947770044204910e+00	-4.192447479451753001e-01	-3.400754623400199517e-01
4.929844366384601995e-01	-1.997408513863221935e-01	-7.078403147754858127e-02	-9.182727423766776642e-01	4.604512558184666871e-01	-7.265834543014233482e-01	-7.211697861532390119e-01	4.398456497761957795e-01
-7.783199794792988735e-02	-9.744477682127561380e-01	4.672327088662150962e-02	3.842133066388380147e-01	1.288383610972180460e+00	-4.993987307461879022e-01	-6.353587966410413346e-01	5.513070915520870696e-02
1.064604784091370410e-01	-7.243084976736594571e-01	2.501340245998143197e-01	2.062923502542022725e+00	7.057618773945733004e-01	1.244626576543953062e-01	4.905058198924714952e-01	2.195238158726650346e-01
-2.388180829015869866e-01	-2.067062089549729642e-01	-4.414004537632520986e-01	-4.978625720617963490e-01	-9.428380954967897631e-01	1.963180854673552078e+00	1.211489781527423037e+00	4.437700413779999131e-01
3.707446157158595934e-01	-1.642368576492493626e-01	8.425249262696651864e-02	-1.954181794143353412e-01	1.043195634907276292e-02	-6.133317052565246952e-01	-1.923354893846521141e-01	-5.130481680023470936e-01
3.957096125078680693e-01	-7.707664072689006662e-01	2.906561520625258188e-01	3.342654510057114781e-01	6.186661380629353557e-01	-6.015001411371121431e-01	-2.388321285245176839e-01	-5.175115787974272630e-01
-4.688635134355244038e-01	-7.970869124945121342e-01	8.638111371817788764e-02	1.593451494094362042e+00	1.010905924240520948e+00	3.312997173993298961e-01	-6.577292696077273459e-02	-1.926886346282825069e-01
8.736942022606232205e-01	-8.793142422098041422e-01	-5.740237501344745696e-03	1.200661215134065207e+00	6.077067863180412033e-01	-1.084769923087476107e+00	1.822762635468712644e-01	7.542863672318038670e-01
4.475163803924461781e-01	-5.622275469697977091e-01	2.428066617334980193e-01	1.858812476042057682e+00	4.723824145918048556e-01	-1.155865840669288019e-01	5.776558931063634494e-01	2.912441585774661057e-01
4.125233790359329467e-01	-6.202680026165515725e-01	2.350936027391909988e-01	1.985156054155602590e+00	4.760582074985563183e-01	-1.194505220638301113e-01	6.609984392724643776e-01	3.585636468677463884e-01
5.911966899626194261e-01	-4.382107217037314872e-01	2.149403252058011138e-01	1.635183218479828948e+00	3.066225240720552025e-01	-2.306756345340826297e-01	5.911003269665643378e-01	3.029101011164223589e-01
-1.363320270567829062e-01	-4.800205487286577366e-01	1.237131930145710934e-01	8.555902973589746274e-01	1.680903120005077800e-01	-2.657956787074620686e-01	1.808715625878856981e-01	-5.999353331226443542e-01
1.306918638064615834e+00	3.749184547697722025e-01	4.098433879821896664e-01	3.523829265811632139e-01	-3.556255166366385778e-02	-2.667611207285098818e-01	3.247500304973725549e-01	5.681929322503344038e-01
-2.237424295185227452e-01	2.510092734439728912e-01	-7.005913491408297666e-01	-4.431649115255513194e-01	-1.285967282223468011e+00	1.727262190775717521e+00	1.374847455847608479e+00	4.872020209747301989e-01
4.354236251101666899e-01	-6.324034061458747580e-01	9.251725087886943089e-02	1.947792909681361762e+00	3.144507207709711927e-01	-3.176812143972305158e-01	7.135963533521000324e-01	2.542169024341423000e-01
5.730679610127371593e-01	-2.933131838580960160e-01	3.595108738672369020e-01	-7.231872682271535124e-01	4.452840635288400906e-01	-4.353465986896938866e-01	-5.761730502366825268e-01	-4.682190029460763792e-01
-1.678188029629503475e-01	-9.210638430673581123e-01	-2.094600482141712738e-01	3.240219449872627222e-01	1.163577055399537041e+00	-5.826979662095885804e-01	-6.191407251707790049e-01	6.656946274571966526e-01
-6.647701768690178481e-02	-1.922443713100284446e-02	-3.485426026940624533e-01	-7.320401075043660999e-01	-9.192042967213978066e-01	1.442521605357236947e+00	1.027139503805001297e+00	3.944223260611521287e-01
-3.645896324022658286e-01	-8.777035226853753258e-01	-3.071495854809999093e-01	4.682716214811022959e-01	1.128371032584460476e+00	-3.977739380234636690e-01	-5.096636845631719037e-01	1.183702015279394004e+00
-2.542426026355819046e-01	-9.072476286362090026e-01	-2.595525626614869630e-01	1.763965090931049751e-01	1.095607687648268991e+00	-6.179244703006498973e-01	-5.792488846369919786e-01	9.749632132100942705e-01
-3.088953914701632053e-01	-7.223157844292926733e-01	-3.614361185996800008e-01	3.128958816604442972e-01	9.306978071911005124e-01	-4.243325084919099544e-01	-4.727113283926577814e-01	1.270002766118825566e+00
-2.698153042803641544e-01	-8.007203494866761417e-01	-3.735658478831578311e-01	7.355181475932590085e-02	1.051251006437765145e+00	-5.708972148172609673e-01	-5.776940876011078529e-01	1.535853303735771114e+00
3.402121116584221339e-01	-1.089385391110169188e-01	-2.547459793429324715e-01	-7.822936064100688425e-01	4.265028139481733538e-01	-6.498516237594170741e-01	-6.929128870940225449e-01	9.505209403621663888e-01
6.919537479817718939e-01	-5.864507341943402396e-01	2.571402078800525404e-01	2.014987689072279764e+00	3.383476109334394022e-01	-2.567404067331598427e-01	7.898421704025249124e-01	3.562696812765791532e-01
5.009312403813499515e-01	-5.815543779435454752e-01	2.866136068467746711e-01	1.681968948811631837e+00	5.566210982043782174e-01	-1.879144739972297140e-01	4.225663604977509813e-01	1.863493525454476274e-01
8.709463842949063395e-01	-6.549899011952681205e-02	6.339025480622152431e-01	-5.419304864262628474e-01	5.869186671653024989e-01	-2.412244205177842271e-01	-4.811521712005805695e-01	-1.245714112807873586e-01
-2.021485788260926272e-02	-8.518064149260483608e-01	2.211800656748973970e-01	2.308622242706247274e+00	7.727098449777509703e-01	1.650203300739186418e-01	5.614641602348967586e-01	1.882913219005427075e-01
8.202376137182988414e-01	-2.750727287048503888e-01	4.379657097420265321e-01	1.463630936296308693e+00	3.270894088735800675e-01	-8.582905844564203690e-02	5.762079209234098887e-01	4.025037725798653598e-01
-3.791245481414467489e-01	-7.742394520714304118e-01	-3.894140801707892674e-01	4.224848995769435178e-01	9.957702968125230480e-01	-3.621815913071799176e-01	-4.621168516093737133e-01	1.418229987014015592e+00
2.183794675228061255e-01	-1.462058735764756034e-01	-1.873633110469343499e-01	-1.081384847788518622e+00	-7.663483446714198788e-01	8.880880124037779932e-01	6.494080573126129741e-01	1.303262652094493990e-01
-2.772389515469103616e-01	-6.560865825763202430e-01	-1.345731375783222605e-01	6.610496145533431012e-01	9.939836983980359086e-01	-1.332042198184807680e-01	-4.379601325477548435e-01	4.728971288047424948e-01
3.146284468698627712e-02	-1.002441024003701830e+00	2.556436167151751038e-01	5.263023622640468080e-01	1.305272400995827864e+00	-3.990013515962942403e-01	-5.856799734253512746e-01	-3.957426059470419699e-01
5.402376316920556309e-01	-5.836718411392847194e-01	1.832382640670036367e-01	1.636566859953157316e+00	4.328199318612370172e-01	-3.360964809901192396e-01	4.892214756328251424e-01	2.652853497869517296e-01
3.939957740480459214e-01	4.482932631036114501e-01	-5.157667840487436539e-01	-2.262483682748982206e-01	-9.419115084778304503e-01	2.283290528709280398e+00	3.450006839961737848e-01	-1.085234424837561162e+00
5.552568212614474863e-01	-5.323108242327909689e-01	2.499402176569409662e-01	1.810960865081254090e+00	3.930523563994901548e-01	-2.066657973869949483e-01	6.396047493577692311e-01	3.143702998117396952e-01
2.919862938742016634e-01	-7.056218442111793498e-01	3.250044131959207161e-01	2.134134878775385769e+00	6.728563584496710659e-01	1.076162835642245075e-01	6.185528845044666602e-01	3.885210133864600568e-01
1.735890913963601401e-01	-8.091484790557558204e-01	-2.554869089394487883e-02	2.093036270791421405e+00	3.685367980808796351e-01	-3.415140911623072428e-01	6.817150751865240776e-01	5.880712804128110371e-02
5.827633348743457287e-01	-6.670897306022046669e-01	4.079957035922670561e-01	1.653619690792579977e+00	7.114653645513562275e-01	-1.986827479152437625e-01	3.550493775728857937e-01	2.058425285075930478e-01
2.844837575621854131e-01	-6.754746367654611561e-01	-1.591978082546161499e-04	1.971346152646487493e+00	3.343806082170525662e-01	-3.017672015575215694e-01	6.608564393209148680e-01	2.118055573312336293e-01
1.391234303844006037e+00	2.062587574854500838e-01	1.145500071867548292e-01	6.042512907800573485e-01	-3.677923780225627604e-01	-7.788272012139728639e-01	6.971639326941072579e-01	4.142328977513152211e-01
4.779012663908002723e-02	4.277937185565185430e-01	-7.304292004932680937e-01	-6.236666516090136891e-01	-1.358905118551478663e+00	1.477036112181586258e+00	1.093380484357713733e+00	1.039545367535815723e-02
5.052795081257275278e-01	-6.796275099805282327e-01	1.872384899379367085e-01	2.080067123014795794e+00	3.667093086852517003e-01	-2.297237702470645015e-01	8.038530015758759140e-01	3.459173877367176519e-01
6.795673204405788814e-02	3.221788975875095606e-01	-1.287197499587908536e-02	-5.216545606302781524e-01	-1.124454877865533886e+00	1.470272471226372835e+00	1.020902487025772132e+00	-1.081852297768541860e+00
3.532780023561391536e-01	1.602065153786791929e-01	1.231157904764715594e-01	-5.018270205097007386e-01	-4.422790689913163042e-01	1.048704077808978230e+00	1.080569885948862857e-01	-9.176014095657937242e-01
-3.730819576312896513e-01	-1.122498487595466665e+00	-1.784799030079191051e-01	8.395998032570970437e-01	1.407851303182552360e+00	-3.829662639767477672e-01	-5.278732724493443440e-01	7.270767167255214325e-01
3.918801752741700728e-01	-5.778151209979469627e-01	7.102309418267548080e-02	1.820639253095456933e+00	3.074833908319330456e-01	-3.070468663205294102e-01	6.299491751638158776e-01	2.270031046947999787e-01
3.236444463916310910e-01	4.213757728367191757e-01	-5.145312018109863272e-01	1.981387577748153495e-01	-7.449586348424671600e-01	2.246951399201659427e+00	2.282286657750048631e-01	-1.115560770923591516e+00
2.044235435491001396e-01	9.329354492139525779e-02	-2.990564625569267498e-01	-4.871165150904788743e-01	2.915740858942199032e-01	-4.145229917986003043e-01	-5.533214220350943791e-01	8.690459053667654032e-01
3.062850892937035718e-01	-7.356415222316918801e-01	-6.153894027813459899e-02	2.025720253201682475e+00	2.491116472583239649e-01	-4.696633746720094149e-01	7.341081609047764855e-01	1.366505671126075627e-01
-1.602134245701466175e-01	-8.662797902687608964e-01	-1.301845354609277028e-01	7.987747129084726838e-01	1.279631212671492158e+00	-2.490121737103796473e-01	-4.890270101689418447e-01	9.918590258291465345e-01
3.467034579550024032e-01	-7.374251949702954612e-01	-8.481050507687172210e-03	1.832159591451089753e+00	3.275325908295928512e-01	-4.174165068515949817e-01	5.944568572142922003e-01	9.407568054624734777e-02
1.175551497005024482e+00	-1.295932462744684432e-01	7.922245764534465717e-01	-7.348601833278873841e-01	7.557677153638279188e-01	-3.866593071812781668e-01	-6.140636968896048264e-01	-7.577101453306861467e-02
3.792583105992864412e-01	-2.573261648290633419e-01	4.875807378143309084e-02	-1.260274864513388771e-01	-1.021881908283276408e-01	-6.922498900226100593e-01	-7.439473454711165168e-02	-6.038211817458700725e-01
6.397831921516705656e-01	-5.231420249560490010e-01	2.801330375212995327e-01	1.852640388021908890e+00	3.590951634445369578e-01	-1.650507996223043172e-01	7.101421593685847133e-01	3.955618698753763929e-01
6.411860218795689681e-01	-5.781877823846287567e-01	5.034418981019005424e-01	2.833468446265426932e-01	9.420690937890975614e-02	-2.080948708920265511e-01	1.982169690099235548e-01	-6.365470047282355548e-01
6.171191222788445785e-01	-5.209848778207358810e-01	1.026747205346343061e-01	1.774492851674453586e+00	2.210341559366347797e-01	-3.863182843238204822e-01	6.758438662554605569e-01	2.243729637522698106e-01
7.526543547341562057e-01	-6.776727875681222146e-01	2.818392808463939248e-01	1.996518959838602392e+00	3.908205560126912781e-01	-3.101893696964310165e-01	7.808730981723006614e-01	3.831186267985038918e-01
1.887145253101472353e-01	-6.561977149320747937e-01	3.999442844375998285e-01	-1.917035034741214616e-01	-1.812567575805233699e-01	4.707316364312491008e-01	1.353493267891391905e-01	-1.189805883994660807e+00
-3.509998674614566716e-01	-9.841485402678747940e-01	-2.782148196114815897e-01	4.877916306590807660e-01	1.240402615577804069e+00	-4.469650251440834832e-01	-5.509983930679821507e-01	1.099129982133749905e+00
3.300748178896963370e-01	-4.682421095148549539e-01	2.394954153100186944e-01	1.219473438464691473e+00	5.535217436585042616e-01	-1.047319661828121778e-01	9.700410780331750193e-02	-1.075023809628161547e-01
3.964879302302130037e-01	-5.433431381562680018e-01	1.507538473880470908e-01	1.766672820422590107e+00	3.536855837795394586e-01	-1.932642081446574456e-01	5.961426535195714083e-01	2.214594461635097378e-01
2.106938310853448126e-01	1.572868012119537640e-01	-1.322183285339265657e-01	-3.800379333552739158e-01	-1.063365440943377704e+00	1.451790244762419579e+00	8.050624945307734981e-01	-1.209150596705435232e+00
4.353575422464738276e-01	-4.744367096863688626e-01	2.845481407516447514e-01	1.678386229691125830e+00	4.942784332509214673e-01	-2.812627543795170534e-02	4.754441455271883887e-01	3.030667959859740246e-01
4.437540659482815397e-01	-7.380954139192521524e-01	2.046545797090732755e-01	2.223241697482790435e+00	4.675112245560945068e-01	-1.787219667693646097e-01	7.875391481223006362e-01	3.531631242894821554e-01
6.118945603062846406e-01	-4.592281906874046693e-01	2.528715698741133000e-01	1.665569419230027659e+00	3.636567558012683277e-01	-2.169419173669230316e-01	5.748558070397760122e-01	3.121296963305195127e-01
2.355998174694939884e-01	-7.079126150504813086e-01	-8.934758283066683571e-02	1.935242136791696321e+00	2.193513276242088361e-01	-4.787626535558129892e-01	6.885071007775713792e-01	7.785325590383848637e-02
2.266771165438627167e-01	-6.340651125921765718e-01	-1.257941880013679209e-02	1.746289124008151061e+00	2.891089084606000004e-01	-3.423997843998521917e-01	5.535894582879382630e-01	1.415323986968369807e-02
4.793764943815462809e-01	-6.318632420722115617e-01	1.148066686615159815e-01	1.985704069864240306e+00	3.213157795532248784e-01	-2.939336214710895345e-01	7.356571792348215455e-01	2.868858985482607982e-01
1.278446561705086082e-01	8.244899204544796356e-02	-1.493376195030691848e-02	-2.844620319061881286e-01	2.884188484179326939e-01	-1.382672657214023548e-01	-3.884542708682496293e-01	1.013234376211916421e-01
-2.630311632158303103e-01	-8.514026276711855745e-01	-3.403881849085006461e-01	1.349198711188145383e-01	1.095033133296521966e+00	-5.831555483666753803e-01	-5.898888640905941561e-01	1.322291921261439018e+00
5.142531094232933864e-01	-5.679147050547767028e-01	7.645200759582228278e-02	1.807743261527868794e+00	2.380004810296169615e-01	-4.153375067482303340e-01	7.070836753478442205e-01	2.614579964430377990e-01
-1.318373980577555449e-01	-7.009879230626966384e-01	-2.008201860815457540e-01	2.204150664775773177e-02	1.015546505047870474e+00	-5.042890106407460493e-01	-6.391675015619610045e-01	7.979448680421110662e-01
1.381367382623833739e-01	-1.139112686699292443e+00	2.693287121154402386e-01	3.665395345919661985e-01	1.461991354230819384e+00	-6.077840267676308805e-01	-6.814814315058052019e-01	-2.370320263874404199e-01
-4.909806168362315093e-01	-9.101001013449880883e-01	-3.567390281702297883e-01	1.019790281890864403e+00	1.121720177962989728e+00	-1.587396108265369254e-01	-3.618733041289081132e-01	1.104019080742012937e+00
-1.984579409507265524e-01	-9.051355787050866519e-01	-2.815511756677792077e-01	-6.688648787374941451e-02	1.171984720608987063e+00	-7.084402599339164608e-01	-6.714576956852815748e-01	1.295903718788050440e+00
3.405206146407380174e-01	-2.623430112478840059e-01	2.097144095246820661e-01	-2.021260991317738731e-01	1.071656082668821786e-02	-5.240630030370788672e-01	-1.504858398437653455e-01	-6.703399143669773741e-01
4.613569828424253227e-01	-2.215740631649810444e-01	-1.305610029228080893e-01	-9.656463396611862926e-01	5.693136063033151784e-01	-8.220595677093625042e-01	-8.051602114464814219e-01	7.504461341474567559e-01
-1.271281820731968160e-01	-1.273320877049545219e-01	-2.837478274532951317e-01	-1.131277553100982658e+00	-1.113087441055118809e+00	1.609558321644932732e+00	1.317806717587524101e+00	5.513727714645988431e-01
4.252742570095000563e-01	-7.950273406797750408e-02	1.663057881045711117e-01	-5.082949243506746928e-01	-8.991907652557462605e-01	1.166584008145435059e+00	5.588794206091488581e-01	-1.601979070138547012e+00
5.584246807679972280e-01	9.019554744950646075e-02	-3.558951088372279414e-03	3.133065106224492968e-01	-1.331144333733528251e-01	-3.672593193102586251e-01	1.627376923131576836e-01	-7.242161895250259773e-02
-1.536887835645465439e-01	-1.090879976195026302e+00	7.120659914158269932e-02	1.078270430070128238e+00	1.211091975990845837e+00	-3.692857432425102893e-01	-3.841657745751384523e-01	-3.317468292599685675e-01
4.432097148770341444e-01	-5.052908033013071565e-01	2.127574499215691972e-01	1.673312708974781238e+00	4.093451922927370257e-01	-1.434059361337742255e-01	4.986436828686323652e-01	1.678090902130143780e-01
1.023772804210293152e+00	-8.676300096734951284e-01	3.307221726651671800e-01	8.665211774417289625e-01	7.219553500177435801e-01	-1.015742223568902425e+00	-4.303635974025214056e-02	-1.089147764297302146e-01
1.562462304231165000e-01	2.825524107923371164e-01	-4.661471386629128522e-01	-1.046476536917362532e+00	-1.221053477280298116e+00	1.275605565827063081e+00	9.776645084054420565e-01	9.118881997290426145e-02
2.078699587161598472e-01	-7.958785610005696398e-01	9.084365051831544413e-02	2.068180772995505734e+00	5.381662115201245600e-01	-2.268002500299380331e-01	5.739556770139264685e-01	1.200272232715746679e-01
6.545111597789986524e-01	-3.591626296639759408e-01	4.959105442134411623e-01	1.623195790094996260e+00	5.446684612800092307e-01	1.621358450002796381e-01	4.935501206878948888e-01	4.273177442019285843e-01
3.726171972823550393e-01	-7.186744538726972387e-01	2.456551626651433673e-01	2.010131120053211262e+00	5.241353791700900100e-01	-1.873609402211118546e-01	5.899836229262291898e-01	4.921281343124905838e-02
-3.097156879727706036e-01	-7.671539637692147418e-01	-2.784728523856646043e-01	4.309891138101604735e-01	1.067793482644831649e+00	-3.375601397728595354e-01	-5.239443221908647308e-01	1.044085329240856064e+00
3.321545871967280794e-01	-6.849574468736058241e-01	-2.485720384903178370e-02	2.008442818660936435e+00	2.654074245324083425e-01	-4.177938377743586340e-01	7.326615541147778465e-01	1.957195108630984670e-01
-3.435848800308994311e-01	-8.599626139994427376e-01	-3.986143577553414863e-01	3.626940551279495550e-01	1.098784293967580261e+00	-4.950789858209398986e-01	-5.405492674022407407e-01	1.477881041410257446e+00
-2.048726191178761730e-02	-7.697251757862404453e-01	2.509487023236325540e-02	1.931991089314230470e+00	5.333767774331200640e-01	-1.470203957071538614e-01	4.480760937331043081e-01	-5.205390969109645327e-02
1.078973735097177311e+00	-1.512068171155156182e-01	4.039555403717797200e-01	-6.215314042311503688e-03	-7.446534042847506585e-02	-6.175165423036536039e-01	1.397370892221326266e-01	-3.324800174532149821e-01
3.061776603226584736e-01	-7.169179805167396058e-01	2.607726126281597612e-01	-3.110978172322350632e-01	-1.745123002520702349e-01	5.970320897520002834e-01	2.596289284847830281e-02	-1.043435525222885962e+00
-4.077053798836757226e-01	-1.068990682868059094e+00	-1.982360478735775977e-01	1.005560139729399172e+00	1.350928580904182663e+00	-2.770497180381318869e-01	-4.658641161911929451e-01	6.801947563963413046e-01
-3.627031937098634980e-03	3.541973223700811690e-03	-5.151362137177002420e-01	-1.022366421834178585e+00	-1.316575225984064623e+00	1.354014194235952262e+00	1.269747699569304000e+00	3.290992365346956938e-01
8.926121199596261935e-01	-7.959008688979776203e-01	3.428132957389184998e-01	8.509513859476550701e-01	5.531570611229845724e-01	-8.461423526063533984e-01	5.691446942902712858e-02	-2.433800981120031182e-01
-2.883926993984899934e-01	-1.038692472755871066e+00	-1.629884245632630679e-01	7.599597058902467506e-01	1.283776498429077373e+00	-3.367280831328435253e-01	-5.168524034367156794e-01	6.017248650808069144e-01
3.856189453835393577e-01	-6.074402384284374179e-01	-2.602456017478892852e-03	1.821515752477215866e+00	2.360634281375790233e-01	-4.132514075607099935e-01	6.548846021170666720e-01	1.441229455739825305e-01
4.604078343613943192e-01	-5.535769403316345150e-01	2.277625284907860148e-01	1.744885069351904905e+00	3.716557325970899495e-01	-8.327130930204335035e-02	6.154412589761795171e-01	2.479934487058388093e-01
-2.069525537700312445e-01	-8.367752652779260059e-01	-2.476067537105911542e-01	9.224663084997022922e-02	1.118718866326742889e+00	-5.342112546228268144e-01	-6.273221829675544869e-01	1.085023203149361404e+00
5.236559722949611917e-01	-7.444041381124211210e-01	1.786247391078534807e-01	2.244043160990776720e+00	4.030966859306059913e-01	-2.649992059472648376e-01	8.426230007041308756e-01	3.556675855287273480e-01
-4.483317436998324190e-01	-1.211824786240055740e+00	-2.507826908328717463e-01	1.140544083428664646e+00	1.421010237900918849e+00	-3.288246182879298041e-01	-4.526471678515061048e-01	7.917349079464536254e-01
5.472870299968594088e-01	-6.722967649386827338e-01	3.795930297898971184e-01	2.179223987368838600e+00	5.666894864227778328e-01	6.445446715687008776e-02	7.571642826418837346e-01	4.599743432762455342e-01
-2.658350932235801767e-01	-8.186597398496240352e-01	-3.261424430563844012e-01	-4.052247156869466342e-03	1.003723628380353450e+00	-5.510346663717529125e-01	-5.624162151597764669e-01	1.365376309094414875e+00
3.345846254677349307e-01	-6.821430262331480421e-01	2.299396870896585066e-01	2.043518291230645989e+00	5.617124566779679862e-01	-8.020927815886944034e-02	6.037534813778862031e-01	2.791566173033512288e-01
6.064345231601152575e-01	-5.183390677173812522e-01	1.658565966198671249e-01	1.811399168323893472e+00	2.394250215327825004e-01	-3.196405788862240471e-01	7.626383132985664615e-01	3.979982837078222535e-01
2.562668727994604767e-01	-6.955020948026220395e-01	1.659075495850617088e-01	2.071663756165407655e+00	5.266420117066337170e-01	-1.028806643472884169e-01	6.230909013347400993e-01	2.629320272612730713e-01
6.847074456623633010e-01	-5.376809804622539879e-01	3.536753473206321607e-01	1.766892169619962649e+00	4.994475002459051183e-01	-1.773594444667738190e-01	5.713758372427513166e-01	3.941877849908862474e-01
-3.300135136088481191e-01	-6.736060826665944967e-01	-3.861033374024198106e-01	3.876063767817227723e-01	9.192051816250910168e-01	-3.470702094587513331e-01	-4.613805360067179673e-01	1.355915603825181837e+00
4.249371630111641873e-01	-4.979039182965052657e-01	1.588651919214589814e-01	1.658897391380202979e+00	3.292232948636439338e-01	-2.107464610862841980e-01	5.561299730793916041e-01	1.962252050399684311e-01
-2.006139963477048260e-01	1.364599955256946551e-01	6.495669161087655463e-02	-2.965904847936931543e-01	-6.692161879942502001e-01	1.641388663347475907e+00	9.143158553731317584e-01	-4.047584696964057760e-01
-1.393657108552893431e-01	-1.265789213722990914e+00	-6.277341140513097162e-02	3.648446260204016856e-01	1.513643663057968380e+00	-6.823132832474706477e-01	-7.146860739074903934e-01	3.942789329002753806e-01
6.283249467850442471e-01	-9.896328850407163369e-01	2.563920340513376472e-01	1.356439249734806340e+00	1.027181544224011311e+00	-6.569557187695967970e-01	-4.500763188795397357e-02	3.055891729905982901e-01
4.882123893776378898e-01	-7.227602189525251797e-01	1.625739519229010277e-01	2.133499419084040394e+00	3.972846947731835110e-01	-2.826113965563023522e-01	7.794051414618556883e-01	3.090649946574591245e-01
-2.917404477769378057e-01	-9.354984325320473415e-01	-2.203947896071298540e-01	5.478153787898327742e-01	1.235913285017734120e+00	-4.050688561640445329e-01	-5.650769351092314041e-01	8.476535837939545015e-01
-9.866528772686830595e-02	-7.112479880921741549e-01	1.353513787284096603e-01	7.999879651743976305e-01	6.800666918209037348e-01	-2.870873909019811543e-01	-1.650039096171986575e-01	-4.111762027490250548e-01
1.169364099563982684e+00	2.574328335261343303e-01	3.296652628802169138e-01	4.281866967090506848e-01	-9.542778780085707513e-02	-4.169816754643744239e-01	3.623353416705805685e-01	2.809510908170332888e-01
4.399991725270179233e-01	-5.690065526906880056e-01	2.281019941780419724e-01	1.705113493742710373e+00	4.873641786143643184e-01	-1.887409836196296542e-01	4.807443221130175970e-01	2.060934243034605595e-01
1.439008816021645876e+00	3.308115342280825155e-01	3.872207309708678435e-01	5.016861745689172869e-01	-1.020848934151256521e-01	-3.958305330605750849e-01	4.659861646072604446e-01	6.245344303240027983e-01
4.996927663805307285e-01	-6.423580624684400719e-01	2.367496231125629513e-01	1.885063927933499306e+00	5.690002835981449181e-01	-1.643680196775099134e-01	5.464400749416775671e-01	5.113793874281580276e-01
-3.647052751207617849e-01	-8.144258479499981718e-01	-3.217218693514168337e-01	5.678412278842237537e-01	1.062059386573620090e+00	-3.286747595051577875e-01	-4.729265254203224855e-01	1.120332665192947719e+00
2.503070067161571322e-01	-9.327324092161629610e-01	3.295774455639772227e-01	5.363814706666134718e-02	1.173657984382970643e+00	-5.949039973812402238e-01	-6.382899156140728891e-01	-4.800892722675751401e-01
3.567385810677727309e-01	-6.719744392346245210e-01	2.006015951439546752e-01	1.833029440698642709e+00	5.225823307762490488e-01	-1.631410577924252980e-01	4.962983006013079179e-01	1.267871338232933742e-01
-1.981340206545792737e-01	-1.004542336743377451e+00	-1.823191745532893870e-01	2.411873201031285718e-01	1.272422381196411267e+00	-5.749196758895973591e-01	-6.531676717215578742e-01	7.871849737864222707e-01
5.794252670244970371e-01	-6.029557384979774559e-01	1.217044256492279680e-01	1.957288889167441592e+00	2.828023192394452656e-01	-2.899269605182059339e-01	7.754189381107695622e-01	4.009339714978782943e-01
2.532903827077389591e-01	-7.112928245495002688e-01	5.351643398692100539e-02	2.064659272206757379e+00	4.190317554696321167e-01	-2.507509326576889408e-01	6.432849866629786195e-01	1.411554815424085063e-01
3.338400448914920493e-01	-6.235606108297183647e-01	5.364232441041516530e-02	1.853287471281107379e+00	3.205174243231109776e-01	-3.175897686435047440e-01	6.336707472356413184e-01	1.694368775181938347e-01
1.710109477572060444e-01	-7.489471789939694535e-01	1.291822935976472408e-01	2.086769000014442543e+00	5.484786073823484376e-01	-1.067415501118060273e-01	5.878997523039452000e-01	1.700594231774480714e-01
-2.451671481438152667e-01	-1.059350567448978708e+00	-4.950238043903964352e-02	7.797975211333744161e-01	1.395924134119769233e+00	-3.767342366144766364e-01	-5.750713774692067792e-01	2.515983366119574627e-01
4.913816379680692736e-01	-5.463271112147298769e-01	3.450417700624354711e-01	1.899538167374356767e+00	4.871183925222735134e-01	-4.195380064012341897e-02	6.426808589010102324e-01	3.281839967350625442e-01
6.268209966594032179e-02	1.172250924728823335e-01	-6.770660607403987674e-01	3.050997513310892972e-01	-8.088213990361282635e-01	2.271481568935984185e+00	4.385891944835030309e-01	-8.047615575117531561e-01
-4.082213118671273455e-01	-5.935676671108177649e-01	4.497634280720171074e-02	1.365289789532973863e+00	7.625818993321979988e-01	4.293373582665893640e-01	-5.150309434459822422e-02	-1.946835622248441200e-01
1.006260509110013857e+00	-6.184351578724607279e-01	4.278724050464761675e-01	1.427219222583534508e+00	5.630805355681468560e-01	-5.229752969013705677e-01	3.872262300533908519e-01	2.491329267924970448e-01
2.713500167873098556e-01	-8.287215897129157627e-01	4.823245000674167282e-02	2.254062000155393264e+00	4.460249500961112057e-01	-2.724340859940375670e-01	7.500857428707704555e-01	2.320118552500102793e-01
1.213182847934729525e+00	1.780747312289013284e-01	1.969383509410320143e-01	3.518601407944575432e-01	-1.520778093379913376e-01	-6.447432005113238329e-01	3.580031868366136960e-01	3.167466461917931575e-01
-1.719149073011568551e-01	-9.261605645972555978e-01	8.197802976415162479e-02	1.075229378361953314e+00	9.601137505529944161e-01	-2.447705261716666691e-01	-2.377638112979155727e-01	-3.974816986209173675e-01
3.564332871049167295e-01	-7.191754335460165404e-01	3.681136558383582003e-01	1.581777956736889923e+00	7.216088433097601618e-01	-1.519150767436187044e-01	2.533063236292397713e-01	-6.402430230707303882e-02
-6.766532990112487933e-02	-7.304095241054460175e-01	-1.530070929533696444e-01	-5.079557187421294279e-02	1.085965704083854177e+00	-5.626443317567825231e-01	-7.004628508727699376e-01	6.893810287480741650e-01
5.830332388383041575e-01	-5.734052246899200567e-01	1.911130587443762574e-01	1.984254548173445709e+00	3.669184239636203992e-01	-2.206817886770101600e-01	6.855784603005600220e-01	2.525426666975318923e-01
2.211362945356851184e-01	-2.118844452529150199e-02	-2.821425624890214756e-01	-6.108036519326985880e-01	3.731667903478090298e-01	-5.320876503155688164e-01	-6.107176554112894173e-01	9.785493989712662488e-01
7.161610026904297044e-01	-5.198370601202600971e-01	3.109702313797383377e-01	1.904907184684501598e+00	3.503964614727290705e-01	-2.010877620108089403e-01	7.618086752938693085e-01	4.349472853211365786e-01
1.046190114712922226e+00	1.836237378870638759e-01	1.572308507624518292e-01	3.952725622976240305e-01	-1.601321702703981387e-01	-4.889815451314051264e-01	3.349815919079599524e-01	1.944570196105337434e-01
1.905010969570292145e-01	-8.163845169942631763e-01	5.505094330924560353e-01	-3.842317467788242680e-01	-1.064695062742153919e-01	3.548644072718080689e-01	9.571409686852411225e-02	-1.211607222727148381e+00
3.833323363587806676e-01	-8.457315422971065089e-02	2.256795038509774864e-01	-4.601553178108634401e-01	3.830719286740272289e-01	-2.828691285489519092e-01	-4.891688513276941097e-01	-3.337633674803447970e-01
4.498967933835302802e-01	-5.697607634526049569e-01	1.172501306035139135e-01	1.563212120511464187e+00	2.979999017294899799e-01	-4.016340800458954030e-01	4.948708494102947442e-01	-2.389163195146095514e-02
3.126866184378684355e-01	4.457032208608379675e-01	-8.627360197351611332e-03	-6.044572758661290734e-01	-1.072731869024607487e+00	1.917636740952536778e+00	8.010489823117480368e-01	-1.166254531346626377e+00
8.984561913666445632e-01	-7.085801288987735314e-01	4.303475026499197775e-01	9.721371204237768682e-01	7.401438058947352738e-01	-6.402198850362682547e-01	2.312163300385861042e-05	-2.619932856722848383e-02
5.560668954196464897e-01	-4.790630370902271840e-01	4.453054866686402269e-01	1.838188631071352219e+00	5.799727650556754099e-01	1.431071651866165362e-01	5.795929488944329133e-01	4.861052711591154485e-01
-3.183753386964158771e-01	-8.942474081651390350e-01	-3.083049071769002336e-01	4.406492218543914818e-01	1.145086259807376994e+00	-4.140224434345451954e-01	-5.532485772434112548e-01	1.105599870792977057e+00
4.989269343305097748e-01	-1.484145615811872376e-01	1.989296156132817628e-01	-2.679062551738049525e-01	1.602811945476633748e-01	-1.511738424607848297e-01	-2.617730391745515250e-01	-3.707103348650984675e-01
5.926772597316373181e-01	-4.301678594770727559e-01	5.247218166695746255e-01	1.726562114565642458e+00	6.017937104126657166e-01	2.519165371721992508e-01	5.264955389982159950e-01	4.330677833733946880e-01
2.314747420736545935e-01	-2.009642266199336003e-01	4.972985497573860769e-01	-3.485269364550299676e-01	-4.084680307716316294e-01	8.190308996076270942e-01	2.583190741107073696e-01	-1.443906402990359217e+00
2.351796018235233210e-01	-1.143317396795001883e+00	-1.404564247152550148e-02	2.043231372619459307e+00	6.605014741328594230e-01	-6.320019784479727898e-01	4.307621654188438787e-01	-1.326975720159375149e-01
-4.105770495262149877e-01	-1.136382517762695610e+00	-2.160679939242182435e-01	9.363130126294926248e-01	1.364118009564278644e+00	-3.649557011444156673e-01	-4.813497945700617175e-01	7.746295358093401306e-01
2.779156204443032352e-01	-7.384429347106111763e-01	-1.146760570960511476e-02	2.046002482839987646e+00	3.292526667952651032e-01	-3.720472763088751300e-01	7.122776120640006425e-01	1.945179433706187566e-01
7.591766318746159259e-01	-3.626650563151678219e-01	2.361823170436663510e-01	1.554097966508952711e+00	2.139052786314652455e-01	-3.009944989561296191e-01	6.486665722691413727e-01	3.949990776908194889e-01
-3.604535948369055887e-01	-7.467656516229375097e-01	-3.612854289083505810e-01	4.997646682096824056e-01	9.852144510837954616e-01	-2.839165731421159355e-01	-4.621284041691933187e-01	1.218789813986172144e+00
5.047732045835990888e-01	2.614939715675327903e-01	-7.046819993627836398e-01	1.138913378911948771e-02	-9.316807042819118534e-01	1.964776774747831301e+00	1.421459989935393298e-01	-1.316977074353383514e+00
-4.000203779899528245e-01	-1.003818069664698109e+00	-3.124043074027654243e-01	7.281874885441510514e-01	1.184842188290198495e+00	-4.116232922643865422e-01	-4.529711723689154312e-01	1.008838675562059528e+00
1.232982998859484675e-01	-5.411042066653807270e-01	2.817214060540291776e-01	4.176495003988304339e-02	6.007625418439268561e-01	-8.768651638087399114e-02	-3.645211229621261873e-01	-5.019580836645227695e-01
5.510799331163367398e-01	-7.728677583921487182e-01	1.621376893423262799e-01	1.575783916027930998e+00	5.663916981880019463e-01	-5.565031138155245305e-01	3.188548014494504423e-01	6.878760907737008212e-03
-6.748664953279710776e-02	-1.082558667363203275e+00	-3.910993558320414315e-02	-1.656043653434836060e-01	1.407252094185601488e+00	-8.319999619621487597e-01	-7.827949290217856015e-01	6.489117821915666440e-01
-3.958487724024224996e-01	-6.791546038454092660e-01	-3.624420817084956781e-01	6.534840314651898519e-01	9.486646315071511903e-01	-1.844810650686744269e-01	-4.082764736376508496e-01	1.204024046341360288e+00
1.400858046141944535e-01	6.786220111120622178e-01	-5.616304456790186528e-01	3.787272572159811612e-01	-8.551351859510016862e-01	2.374677677142708276e+00	4.090414684437816972e-01	-1.090506828423340568e+00
-2.529396037113916251e-01	-8.399987203623876519e-01	-2.979667348646695135e-01	1.835481100178364411e-01	1.107823033327807183e+00	-5.128294908555356413e-01	-6.002962622424145023e-01	1.172528126933492842e+00
1.030926658087898851e+00	1.551547001082382859e-01	5.564934995708754606e-01	3.682748726929498811e-02	-7.339193758596779249e-01	8.546925560325526749e-01	8.700044863919182969e-01	-1.155036167316110252e+00
5.677790957614999856e-01	-7.806099259802075085e-01	4.280317095837549712e-01	9.655336176531679193e-01	5.846102185318419187e-01	-2.930291246070276245e-01	1.095226080071979441e-01	-2.943686197665324467e-01
6.754815252614115861e-01	-1.753717198273629929e-01	1.741312697929614517e-01	-2.316848445862750364e-02	-9.321333218198828152e-02	-3.396687255238665104e-01	5.726325023632752864e-02	-3.598908581699934439e-01
-1.589437096346179856e-01	-8.836659840067827565e-01	-2.104136483361974397e-01	1.110761309319623913e-01	1.169900704402433878e+00	-5.765240915664334720e-01	-6.680325210748466747e-01	8.446419541876660775e-01
-3.779800368318195769e-01	-7.332118486863020701e-01	-3.828470320861717680e-01	4.436659898408644165e-01	9.864486292846850191e-01	-3.219464553910350024e-01	-4.600199374150460985e-01	1.412868061165946543e+00
2.833858359691092121e-01	-7.534283428576654673e-01	1.272869469295124893e-02	2.039383296964219827e+00	4.051330696648740570e-01	-3.538853777690320612e-01	6.215731165688221926e-01	9.382699335655569906e-02
1.817061440598045641e-01	-8.214699697786370658e-01	8.620666921018531326e-04	2.255190744892260568e+00	4.876994268291822143e-01	-2.633374345547236928e-01	6.438744780627027042e-01	8.424162151101663443e-02
-3.097017982307429529e-01	-7.523144788106936875e-01	-3.784444494996928587e-01	2.168647387762598355e-01	1.006307645024425934e+00	-4.616030916939559137e-01	-5.340687074921557365e-01	1.455835523218313998e+00
8.452334670014680640e-01	-1.055459262692154399e+00	4.362967201406336426e-01	1.564259748109649850e+00	9.255042388683367705e-01	-5.631573962486919882e-01	1.872161987181705234e-01	3.699386346210689624e-02
5.383783822259059076e-02	-6.311154391572764144e-01	2.815829164485965652e-01	1.825139218767199534e+00	7.198515075378080219e-01	2.863575283169458308e-01	3.399038302711260284e-01	1.239774343719127758e-01
3.359054558731285056e-02	3.923387807445780084e-01	-4.724673413713922354e-01	4.069681206906951010e-01	-6.456404592343559790e-01	2.400770681966625908e+00	4.055898666688958487e-01	-8.039495288855227351e-01
8.132937582900404139e-02	-6.861967297981537151e-01	1.700279173773838470e-01	1.927848494045689476e+00	5.964360244503059683e-01	-5.570000335180365532e-03	4.281771119956769844e-01	-1.778799411939623390e-02
1.156115174594615214e-01	3.234171894298667471e-01	-5.453487246186538018e-01	3.286783469513337441e-01	-7.973002650212712705e-01	2.469260584409560089e+00	4.391679328089843071e-01	-1.020499015616289862e+00
8.087060720121827528e-02	2.621039274156066190e-01	-4.352079105306939089e-01	3.151089471012544774e-01	-5.857399193404470017e-01	2.302105417679371158e+00	2.589790019249738062e-01	-9.706353625293793197e-01
5.862365834889604610e-01	-5.884266840805780774e-01	2.700734454929767936e-01	1.971962219809136219e+00	4.191321833889477544e-01	-1.771770593417854867e-01	7.136418323649307283e-01	3.792761593956481825e-01
1.424669415075106915e+00	2.779792761846767712e-01	3.468761218479850528e-01	5.063541960694151189e-01	-1.628216566062772319e-01	-5.390949566292579931e-01	5.037266133997109208e-01	4.414467483706965290e-01
3.729056996709545491e-01	-5.608514982112353664e-01	2.337154483313255982e-01	1.838337139131800191e+00	4.966588975398058547e-01	-6.927231259831492793e-02	5.340173677062689528e-01	2.612743882015630126e-01
1.206930402851882356e+00	3.084964563465407705e-01	3.690746953934983532e-01	4.249193791365248885e-01	-4.560279582665476700e-02	-3.047639955706433201e-01	3.271132263347018010e-01	4.078462342091349058e-01
1.054083236694392411e+00	1.165861882461533966e-01	1.025428487892432877e-01	3.028647623230964481e-01	-2.169199067599301978e-01	-7.087138982636963513e-01	3.882017728371290888e-01	1.828363785598981495e-01
-3.438177851213508607e-01	-8.684999148533616431e-01	-2.850508684500471790e-01	8.202807469135481311e-01	1.125810871919843859e+00	-2.519611457916359210e-01	-4.658754285876911538e-01	8.131441248108465247e-01
7.359773699525372637e-01	-5.296498558508893062e-01	4.996826945004241849e-01	2.008183291933425707e+00	5.407996840621243084e-01	1.183366491793741149e-01	7.606639698932191607e-01	6.111214119408526768e-01
1.060520433406092755e-01	-6.359846685554362278e-01	4.079722056606036595e-01	8.364684425440593873e-01	1.063633718387804405e+00	1.339782383044928471e-01	-2.976415410407855511e-01	-1.377163104190818610e-01
-1.987749377053770750e-01	-8.954101209965836805e-01	-2.009562569704369250e-01	3.793938941274213050e-01	1.173740942903406914e+00	-4.840131013502479984e-01	-5.911665921878117569e-01	7.945377835234077590e-01
2.087761660022030563e-01	4.097253067011087935e-01	1.102899387090006990e-02	-5.968124967022548910e-01	-1.192081726904735683e+00	1.722032728317333783e+00	1.000472326626405284e+00	-1.229958028156565408e+00
3.853458761450025971e-01	-7.141602397800996815e-01	2.203555366644679714e-01	1.955598276425956517e+00	5.149570701333506806e-01	-7.161245564653982709e-02	5.981544155368472282e-01	2.349663224650953286e-01
1.385996736014480923e-01	-7.130921948304029812e-01	2.753094214050595956e-01	2.062140712471643766e+00	7.090308058985818063e-01	1.813797066846900563e-01	4.991660985500159797e-01	2.434095799444780384e-01
1.184828206215775337e+00	-7.401846359852392032e-01	4.800372096204428285e-01	3.890829089676667990e-02	-4.673345181345787691e-01	2.603334243254394331e-01	6.464895188769255174e-01	-9.652504750415499268e-01
4.503236657262856268e-01	-3.901721346431027970e-01	5.171086609928623457e-01	1.540005115763162458e+00	6.403011964111322563e-01	2.498778804988942559e-01	3.897076674204679181e-01	3.050892854925486564e-01
3.293555212977539171e-01	4.327259448493007976e-02	-7.832984912192688665e-01	1.527396211160775008e-01	-1.139860773239220526e+00	2.378421051330734226e+00	6.316752949251026594e-01	-1.082222378867253809e+00
-2.740944227440058611e-01	-1.003481492254822305e+00	-2.143411814742520183e-01	6.215820218391816532e-01	1.270854418753792459e+00	-4.291505402231591271e-01	-5.681022680486758070e-01	7.521678327553283916e-01
1.810423046958534732e-01	-8.245504569797206251e-01	-5.156370577482645434e-02	2.158654859512842528e+00	3.464423979652369034e-01	-2.945439039838227413e-01	7.299299084267047988e-01	1.198514850657791952e-01
-1.566688555929971749e-01	6.841375628161742994e-02	-3.821061714155585820e-01	-8.615245699738994789e-01	-1.028969229645299910e+00	1.447721090356762108e+00	1.151494961322492072e+00	5.883233737525969120e-01
3.455054827475567136e-01	-1.307994803677734741e-01	-2.802957592745352056e-01	-9.121737332085935179e-01	4.973021277809545060e-01	-8.192164700125615928e-01	-7.511927100032086413e-01	1.232693745975561139e+00
2.959831583766083241e-01	5.137358000267502334e-01	-2.222130329265505633e-01	-9.380649966931763339e-01	-1.371380816211399845e+00	6.912827125544644957e-01	8.548577879300907068e-01	-1.099152447455608250e+00
-1.176893202922933267e-03	-8.576186089255448675e-01	2.429163293521405809e-01	5.040163321745112501e-01	1.140787219760076132e+00	-2.961881350995172468e-01	-5.191066494997866876e-01	-3.923439075888268124e-01
6.756961696907818338e-01	-3.957350294980816474e-01	2.071000150066388823e-01	1.495981525445319704e+00	2.805369006859195768e-01	-3.051307266496854353e-01	5.465582265072825852e-01	3.524338490239875554e-01
5.541538630679360145e-01	-6.164051189653552143e-01	7.558696652169522023e-02	1.911001150638017787e+00	2.445037915473518564e-01	-4.215946293830254987e-01	7.443180915320115609e-01	2.586936311875785988e-01
8.119819052608374665e-01	-9.787292774734950296e-01	4.230076894703651003e-01	1.993911020122959066e+00	7.892731620805684134e-01	-4.570621260743972236e-01	5.139120021609191458e-01	2.247824315056214939e-01
9.326936549768222173e-01	-3.889250254719779920e-01	5.677008738323954251e-01	1.646484826947492541e+00	5.082905116912656007e-01	-8.956228311542035331e-03	5.965501276157004762e-01	5.275282353945400793e-01
9.726847943611504066e-01	1.584790704775999037e-01	9.119892740556267974e-02	4.040784178707257923e-01	-1.912974051337775483e-01	-5.106698142995124146e-01	3.369043609152480023e-01	1.413067651471973940e-01
3.825312086577831727e-01	-5.871622319975786652e-01	2.015444271057829362e-01	1.850286515622566297e+00	4.565417943235416942e-01	-1.524474035062120814e-01	5.639118634112263440e-01	2.122868344951211739e-01
6.373054399837645434e-01	-4.208229606925716348e-01	5.902210880044704844e-01	1.811949034182128049e+00	6.221994270935553573e-01	3.250403763539351787e-01	6.064070442627448321e-01	5.563076646922675561e-01
4.498394402130476699e-01	-2.198442353987741238e-01	-1.254200987282008128e-01	-9.522682399939773612e-01	5.671871915970444489e-01	-8.279080152471440801e-01	-7.996709523796328156e-01	7.355670958368437651e-01
1.117249247327165573e+00	2.692615002890239584e-01	1.425705164977544848e-01	2.223935229886767340e-01	-7.286282148948437509e-01	2.389195272903527290e+00	7.794313603202527307e-01	-8.130124534429913341e-01
2.455322351907738287e-01	2.874160843144695221e-01	-2.006189396514098389e-01	-1.347206009851034558e+00	-1.075009939390852098e+00	1.243093569619001526e+00	8.660423899754574606e-01	3.795630055328552688e-02
1.224699188260779170e+00	-2.761314459180075898e-01	6.366226145906225264e-01	3.924367233644984743e-01	-2.841578122141759644e-01	-1.144502854567821387e-01	6.828814846184605436e-01	-4.688619071979397979e-01
-6.257081743687133851e-03	-1.130255062735309624e+00	2.277150971121569001e-01	8.549045947834398307e-01	1.369082993541653748e+00	-3.529809315288826022e-01	-5.131997375552226348e-01	-3.922560375797519705e-01
6.560908011964518005e-01	-5.142648956599820131e-01	2.315666763141924489e-01	1.860939718256036102e+00	2.877076561916371289e-01	-2.467440315216156699e-01	7.552703078813983728e-01	3.809874407594109336e-01
4.057926408150042130e-01	-9.444227604341138838e-01	-1.716402718743763323e-02	1.687109820667387128e+00	5.145423296083989628e-01	-6.990849627843573888e-01	3.614316721420518519e-01	-7.322393733581046560e-02
5.100584297755690333e-01	-6.424001524246522044e-01	4.480832491426097741e-01	4.932250553041839791e-01	2.822297061774448057e-01	-3.593718974327648752e-01	1.077585815469708080e-01	-5.838025597575580150e-01
4.783900542924328092e-01	-6.614144615733554833e-01	1.195230073677559790e-01	1.806876450994393535e+00	3.431434969689464709e-01	-4.392749747886677270e-01	6.090993916076519188e-01	8.966712158944079025e-02
3.144467174485843786e-01	-7.504502697044527215e-01	6.975212265548182133e-02	2.123309276093416464e+00	4.365991169741016975e-01	-2.266388779585934155e-01	6.535368308588538344e-01	1.209850011700604189e-01
5.543604633477314803e-01	-6.587561890601573156e-01	2.192535367788137901e-01	1.988113726318595731e+00	4.201599412783858511e-01	-2.793023101911435435e-01	6.864841928070409827e-01	2.479617066329285469e-01
4.847402488992709202e-01	-5.548747327636379678e-01	2.518745617640850698e-01	1.851709290098514149e+00	4.525663855966010063e-01	-9.370403738500739099e-02	6.013634177006624837e-01	3.277716097962631303e-01
2.257587039117693595e-02	2.909846753008070441e-02	-5.179726472143530991e-01	-7.717793280129611189e-01	-1.126167822124590545e+00	1.312669686205518493e+00	1.033545314772422508e+00	2.078266233364075566e-01
1.977771269335642512e-01	-8.973076810617502952e-01	1.787942749152486022e-01	-3.310749043625498683e-02	1.163527581432646674e+00	-6.142061761438960543e-01	-6.891858823739420714e-01	-2.496618379114702857e-01
2.479988723366489678e-01	-8.848104950412135628e-01	4.239383081378078066e-01	-3.567068802354221857e-01	-2.183673138454886031e-01	5.906649683471545398e-01	1.584065410112733274e-01	-1.268656527086759578e+00
1.075451121513589098e-01	3.948990403462177556e-01	-4.320831899319348968e-01	2.344843865966409202e-01	-5.091974562338252852e-01	2.090791840363677601e+00	9.197870918312932298e-02	-9.273952664960757319e-01
1.227133390454085288e-01	3.066507725846479016e-01	-2.584270244112313875e-01	-8.244836627226136416e-01	-1.043882667424513189e+00	1.166691288424785311e+00	8.319976514749557461e-01	-3.486828944852893852e-01
5.797464036961770262e-01	-4.907200704572325378e-01	-4.476783339599979539e-02	1.524921778374337178e+00	3.665209006088022969e-02	-6.438259294930737120e-01	6.470353441512644022e-01	8.618907433163228160e-02
-5.202060647425059692e-01	-1.003204545631988021e+00	-3.958607765228828734e-01	7.158909830087395454e-01	1.225484948157531839e+00	-3.556334370009319179e-01	-4.293954880625381887e-01	1.578752676705727609e+00
2.009736820477869834e-01	-7.428498752826340201e-01	-5.600672530859813342e-02	1.997594835772706912e+00	2.950754365770140719e-01	-4.052905985800266953e-01	6.912379618910943213e-01	1.288493831801398593e-01
-4.102412341736865614e-02	-1.122603950720654886e+00	-1.045098708254873082e-01	-1.135206167706355046e-01	1.402475709509598101e+00	-8.496560089223393897e-01	-8.130121464663204733e-01	6.783299400347377883e-01
6.224059904836016788e-01	4.453852254330724070e-01	-6.932757302993804993e-01	-2.494405334288892287e-02	-1.068268437047678265e+00	2.237849085267088700e+00	2.120925314413598661e-01	-1.493330905629575156e+00
9.621196922240496940e-01	-8.319231012761347799e-01	5.299415575670207712e-01	9.279957851974213190e-01	9.368024799530003666e-01	-6.767385156863794382e-01	-9.242288406537826906e-02	-4.976057022232771576e-02
1.160200093410541866e+00	2.430842262940416942e-01	2.735675988224173238e-01	4.203914777912943768e-01	-1.506441263056164104e-01	-4.862676656011452603e-01	4.078372031402764386e-01	2.976306895585882906e-01
1.263491793736406521e+00	-3.408048681749202835e-01	4.832314665015267630e-01	-2.563875494151607870e-01	3.928221065219668351e-02	-6.478409601403720686e-01	-2.558417428092572138e-02	-3.276334900188693222e-01
3.634570484704837678e-01	-5.794027592106981706e-01	9.058809819652559325e-02	1.797745415092846022e+00	3.425993804383747343e-01	-2.673271649266624195e-01	5.852045968259730335e-01	1.843870318808557840e-01
8.742592405042322046e-01	-4.743064960731915303e-01	3.593070804312262778e-01	1.717891633473800583e+00	3.424192593393340922e-01	-3.000707880608033951e-01	6.829313349858529003e-01	3.769462141605932626e-01
9.976704691811248971e-01	-6.103471935065123422e-01	5.374870123866385407e-01	1.345371214645715852e-03	-5.875857983052361622e-01	-3.192475910704447792e-03	7.201060177622624625e-01	-1.259841869740975229e+00
8.884509117268699629e-01	-5.045033316605495033e-01	4.837611740048832210e-01	1.550632653661963234e+00	5.639788331221298190e-01	-1.967514414999654293e-01	4.628184008165217578e-01	3.924622604884719923e-01
3.253128233114145340e-01	4.480831272167859480e-01	-5.515634104493034595e-01	2.110700893680854950e-01	-7.831741084154437704e-01	2.304540760203876992e+00	1.909320305436001397e-01	-1.256941817102391834e+00
4.208379016970886788e-01	-5.685949401517281787e-01	1.564619319317963816e-02	1.799353440250268221e+00	2.669250115657950673e-01	-3.659426981866061857e-01	6.413941833213745447e-01	3.261383909105490808e-01
-3.603071594254321774e-01	-9.427188352228418333e-01	-2.336266681110126808e-01	9.986934654929230382e-01	1.195389220237902173e+00	-2.048006397887209840e-01	-4.456497479481714152e-01	6.221749448592815979e-01
9.103147699200651033e-01	-8.747416046609125528e-01	3.117247887093375636e-01	1.276655141648640912e+00	8.686697500937539118e-01	-7.740660620875829956e-01	-1.036156278654925406e-03	1.628771878810518769e-01
3.868238376404669610e-01	4.827996433082830108e-01	-3.631335386682502109e-01	-2.022751649108956995e-01	-7.415639583583952810e-01	2.346547680363277433e+00	1.937860140113160656e-01	-1.123585678502626362e+00
1.663766978397697716e-01	-4.902330828131753471e-01	4.016076298361838659e-01	-1.807007763961154534e-01	-5.927289164015799028e-02	4.771328125374018625e-01	7.347177923683806400e-03	-9.822138555415834693e-01
4.883882046651183417e-01	-2.046713453509255709e-01	-4.094811061994167029e-02	-8.270623190941979175e-01	5.002608832629872326e-01	-6.850865856654528852e-01	-7.258718610734486987e-01	2.995443006407226827e-01
-2.095611940447835442e-01	-8.641467301397792733e-01	-1.102509646588779174e-01	6.867939748734289696e-01	1.187495813864012817e+00	-2.861249501017492647e-01	-5.396186623341161503e-01	3.341934407598059487e-01
-1.373127274622862881e-01	-1.207133483696193998e+00	-7.415843129513975673e-02	3.512633944152628307e-01	1.450975429698692976e+00	-6.463580523251395427e-01	-6.970082650299627147e-01	3.832573166899501116e-01
4.888634344797578302e-01	-5.736153719027469178e-01	2.284366372182254357e-01	1.922121721006402773e+00	4.731364647116861333e-01	-1.381033726363998793e-01	5.883948916718406696e-01	3.192507802666045280e-01
-3.857042692871295864e-01	-9.863460329161023443e-01	-2.191844203568072136e-01	8.837150414080569005e-01	1.265828036322774741e+00	-2.812671400504903052e-01	-4.748989982056476822e-01	7.806336162170780524e-01
2.426096292856212422e-01	-7.800435725970952250e-01	1.290807763220317428e-01	2.212508790679272863e+00	5.284609577586744100e-01	-1.578363860599465429e-01	6.812245160757470774e-01	2.333096459749169627e-01
9.331843698467575665e-01	-5.519886616453266726e-01	4.395001790695655108e-01	-2.105529522426947131e-01	-9.354931792843453053e-02	-3.484466799471416798e-02	8.979348490764667290e-02	-6.872828786936274748e-01
4.837143168171470498e-01	-7.336014210907347843e-01	3.350742225025710730e-01	2.264044327951819202e+00	5.730186327606652252e-01	-3.824872470706008193e-02	7.934686144360916238e-01	4.541635196867355728e-01
3.846099855521445399e-01	-1.738192768124431076e-01	-2.167106852630361069e-01	-9.402026167232342413e-01	5.248484724898843101e-01	-8.189143233911553299e-01	-7.709376444584022936e-01	1.032813820814031391e+00
3.705938815127902686e-01	-5.844838462954368152e-01	2.122528331910481791e-01	1.847417389674984367e+00	4.251587456212646554e-01	-1.473303274255611806e-01	5.873758678051845816e-01	1.454347285535829981e-01
-3.305723431856310429e-02	-3.895605266270901201e-01	-2.989883339330757228e-01	-1.021001658665357192e+00	-1.008824489735999252e+00	1.481796463700874034e+00	1.165130583855649604e+00	3.498652872246727497e-01
6.784772407476168388e-01	-4.987263405547124329e-01	2.880468107908605302e-01	1.821929868581699585e+00	3.307573230160041899e-01	-2.068347604987486044e-01	7.373930409222008153e-01	4.383001143110950570e-01
-8.208954305717647282e-02	-8.282800362360157598e-01	1.246923271267281474e-01	2.088743096152930967e+00	7.249329547353173808e-01	3.739914187473922236e-02	4.202593204747849254e-01	1.171257083686466638e-02
-2.666901079762858950e-01	-9.675465744777249633e-01	-2.849142070760418699e-01	3.389080723773050807e-01	1.202672784766972036e+00	-5.325354398823086699e-01	-6.036009589045833179e-01	1.018028070696682885e+00
-5.459793545161958916e-02	-1.036491181430269748e+00	-4.822977184920206745e-02	1.121055369796587486e-01	1.336425076782972177e+00	-6.805997330894217878e-01	-7.282945100559429230e-01	3.495364990112768688e-01
1.154513364765163752e+00	-1.126552361467639679e-01	4.097460429622916123e-01	-3.915778165016024492e-01	2.655895743872592196e-01	-7.380025354046191310e-01	-2.860346442436776382e-01	-9.188982038126665419e-02
9.698388537168085577e-01	-4.266639538918904351e-01	3.738832846170080937e-01	1.410416177440380503e+00	3.285090344347566527e-01	-4.420444040771672189e-01	5.564635403114700507e-01	3.425494905151436620e-01
4.772839577422842705e-01	-7.989290548091406707e-01	5.799456410043661581e-02	1.600698361049737395e+00	3.955026294638845918e-01	-5.642029992828194729e-01	4.247086115149452112e-01	-1.051941024289507615e-01
4.447950735209926787e-01	-6.216658977283281429e-01	1.335737351338139346e-02	1.899406209868161444e+00	2.200042528519437490e-01	-4.411789073386483406e-01	7.399102328180581223e-01	2.273305998646484583e-01
-2.621578928202090708e-01	-9.463076235530977209e-01	-2.327495163246418863e-01	4.310526596759680085e-01	1.229294986305593307e+00	-4.854827086342974884e-01	-5.953126150775877035e-01	8.617559797993330495e-01
-1.066219205498005890e-01	2.728342583259793508e-01	-5.638922691632070050e-01	-7.339396261787339837e-01	-1.217558729876056400e+00	1.441834378884688128e+00	1.197322934139036565e+00	3.953954640310824997e-01
1.115074739176108998e-01	4.637994882193276214e-02	-2.875707717562566157e-01	-6.028622755131143318e-01	4.459002631430095676e-01	-4.930529130530225679e-01	-5.910853182337603151e-01	1.278849693669964704e+00
1.497709549372994386e+00	-1.453741461240306565e-01	3.330922276280656735e-01	-8.006048138628034383e-02	-5.597780683832200010e-02	-9.135205923052205357e-01	1.170604322431391675e-01	3.852435488102809447e-02
6.770265016645229394e-01	9.103243846429553976e-01	-1.133953979492646619e-01	-1.351263384954849656e+00	-1.395043219090571274e+00	1.132645119421870961e+00	6.442624084436825438e-01	-1.180502480213896810e+00
1.289288651050473744e+00	2.470493232690981200e-01	2.588569954111068494e-01	4.302377179292404263e-01	-1.488827238480039394e-01	-4.867897102376954610e-01	4.184601832443491931e-01	4.384035344041356530e-01
7.503048878517749598e-01	-5.475079411628744896e-01	2.522805907077540488e-01	1.700418074136246238e+00	3.676057237424237290e-01	-3.776094688607466998e-01	5.973458546306782413e-01	2.853510098959863295e-01
6.041705863235874441e-01	-3.844781887170446999e-01	2.789527263039784932e-01	1.523739010391918836e+00	3.709635523817702007e-01	-1.582467553590904408e-01	4.916232323428785245e-01	2.806226148697041345e-01
1.037052192473925105e-02	-8.378018101274832263e-01	2.156123062779010877e-02	1.174161865813771188e-01	1.188719249562590008e+00	-5.238592066101660505e-01	-6.935257402076864253e-01	1.152650780113077950e-01
-1.082432746017922276e-01	-2.910027133639112584e-01	-3.850108683929462927e-01	-6.970461572813648754e-01	-9.507171731044060659e-01	1.754987164562600510e+00	1.109817972864569846e+00	2.784644952035352783e-01
2.524451800519862954e-01	-7.278060146621372350e-01	1.362170663487922706e-01	1.163316645108691372e+00	6.154668570762416024e-01	-4.209011224408654162e-01	3.897668674730275784e-02	-2.010056140261643753e-01
3.477908819388186301e-01	-5.535662368829686875e-01	2.658383466177834942e-01	1.815876038124728309e+00	5.388857821860476571e-01	-8.719912071934213596e-03	5.164550183688230156e-01	3.233671177553781306e-01
7.539151252363039957e-01	-1.621364681663594598e-01	3.783045186252279035e-01	-3.103934912072415231e-01	2.153967360478786230e-01	-5.232483008238301148e-01	-2.470656336416877374e-01	-3.718786465444184897e-01
4.411516119989055129e-01	-5.605226773895451986e-01	1.993233673787254134e-01	1.846884593526880280e+00	4.010632486344319902e-01	-1.736992697851365564e-01	6.415580981615933709e-01	3.350077201772824198e-01
-5.285204344395501019e-01	-1.007319801611834986e+00	-4.316443334366990570e-01	7.501420104025270374e-01	1.089632513855949947e+00	-3.011049609681702433e-01	-3.611889511180798040e-01	1.541203758916132482e+00
8.299384385113033336e-01	-3.754242562251382531e-01	5.366007161541637149e-01	1.695100781043156868e+00	4.985741588132005520e-01	8.123624994440767355e-02	6.108528975422846674e-01	5.259036086629385043e-01
-1.563676932107366524e-01	1.553213416183819584e-01	-2.536450604181295643e-01	-7.615538055404642570e-01	-9.585120602259922240e-01	1.386999290043935629e+00	1.093944213553885714e+00	2.692671768948479150e-01
-3.038987260562469594e-01	-1.112731295721414604e+00	-1.594500114053512829e-01	8.392545510727748015e-01	1.396427863106330491e+00	-4.066607278718218921e-01	-5.595200374082784922e-01	5.490967902453260940e-01
4.378638198371281876e-01	3.563528141565738272e-01	-6.013144072351180869e-01	5.680216266662211494e-02	-8.389676058790317414e-01	2.140400290409577355e+00	1.322543107960029718e-01	-1.304910710413909047e+00
-2.726150062089224835e-01	-1.041675863750857411e+00	-3.024505269910150451e-01	2.521566091947058386e-01	1.285420018967955214e+00	-6.500274670996094573e-01	-6.356117716444472654e-01	1.251348553965001109e+00
1.354139460333708911e+00	3.672118034627071537e-01	4.972900350845815276e-01	4.160195555776535770e-01	8.241709796246360353e-03	-2.136900472559095376e-01	3.417680701878319516e-01	5.508642193149788646e-01
-2.903557343142271763e-01	5.988269427835897496e-02	-1.392132131478517332e-01	-7.872090311190256262e-01	-7.528879672264606748e-01	1.722296058998365798e+00	1.106637628778966764e+00	6.923148687886662156e-01
8.827449608778352441e-02	-7.775367589561655857e-01	6.194385142623710649e-01	-2.577126957841385790e-01	-8.174961322051040036e-02	4.189210127132004247e-01	1.689588064291351333e-01	-1.231681754369840842e+00
6.544709441113590875e-01	-5.478333082565099987e-01	2.388804757766932463e-01	1.822278931976131444e+00	3.333489927574693201e-01	-2.336178215443674711e-01	7.179788097300232597e-01	4.089197451986900100e-01
1.947943120627814717e-01	-6.485116544492655066e-01	3.972065674638379784e-01	-2.344586730161145050e-01	-9.333457519753016185e-02	6.409124250506303966e-01	4.881805600426031289e-02	-1.044630657373574412e+00
-3.913308207190195898e-01	-7.056629492866034470e-01	-4.037205084422483825e-01	4.791414863026909887e-01	9.433533500480981715e-01	-2.981633537558833758e-01	-4.311222077557240184e-01	1.439150052622837794e+00
-5.393203920946192387e-01	-1.064842137475082717e+00	-3.860002637683352389e-01	1.021263249394774641e+00	1.245743838098341216e+00	-2.617946970685444685e-01	-3.843915418583676025e-01	1.311487251715532931e+00
3.506941557523811093e-01	-7.753443432020560300e-01	-7.617440883910835125e-02	2.123903199889747295e+00	1.848642540057676142e-01	-5.560723061121406463e-01	8.710935749295590780e-01	2.042550555103428700e-01
-1.463188476034223418e-01	5.111493913478157847e-01	-2.582982129640475910e-01	-1.102179661715302794e+00	-1.101557196295140040e+00	1.168091116469905488e+00	1.230565297102148126e+00	7.285958906733928098e-01
1.598266738039512358e+00	2.324596425507390041e-02	4.777868349656180236e-01	-6.765157894187422138e-02	8.242729092311791572e-02	-8.327037896369933190e-01	5.935943218245783026e-02	3.148173829642375576e-01
-2.341904181891898973e-01	-9.109338129823193464e-01	-1.696341970128558418e-01	4.984542723888790161e-01	1.229617893141789819e+00	-4.078893585114021780e-01	-5.951270108422632710e-01	6.372185943680386266e-01
-2.322513542863939295e-01	-7.535293255305127724e-01	-3.115518537254124420e-01	6.948277144208739320e-02	1.009663267615225291e+00	-5.235488532561989317e-01	-5.824000494387886473e-01	1.230442230052584129e+00
4.491662191415597971e-01	-3.005360304575337427e-01	-2.000835636828956210e-01	-1.153872015891118430e+00	6.163024517557073034e-01	-1.019808650613691636e+00	-8.525702421085982197e-01	1.162809620692053958e+00
6.965083393958096947e-01	-6.920400225374252479e-01	2.212746828909093744e-01	1.736794205982550299e+00	4.832649211617568996e-01	-4.313726117862288767e-01	5.036650066660486313e-01	1.987065420008285455e-01
4.983354694309540811e-01	-5.236355963654593104e-01	2.071072028676435306e-01	1.783340780706070161e+00	3.634315053747546043e-01	-1.639482925265056679e-01	6.156739148685150820e-01	2.666593904032538154e-01
1.967011943518425232e-01	-9.484901972062671494e-01	8.863529287923999078e-02	2.042404417564637420e+00	6.702332275701698983e-01	-3.155841224105668807e-01	4.501015357697759622e-01	1.639377248366019613e-02
1.004889822015865741e+00	1.326486140584522966e-01	1.883327051333122393e-04	4.973856035861796143e-01	-3.018961696024871078e-01	-7.128424461930745748e-01	4.956021128871554438e-01	1.909092330184042896e-01
-2.653683348723401281e-01	-8.299282545256270183e-01	-2.241473499391155866e-01	2.605661544380846184e-01	1.110011315519738639e+00	-4.749616499547080206e-01	-5.517454657057556666e-01	9.547806545003515444e-01
-1.572368334589634986e-01	4.383448810599681056e-01	-3.051985693661959931e-01	-1.069385590191777480e+00	-1.103147528452468773e+00	1.269239629479124387e+00	1.208713494676492584e+00	6.980010639485263457e-01
-2.892364114974116038e-02	-1.060180007500416188e+00	1.304478233539132503e-01	5.554391855262359456e-01	1.353410358304252048e+00	-4.840968033989845321e-01	-6.144182577937765677e-01	-1.916511192823232290e-01
-2.005657131613192978e-01	-6.856760426495257521e-01	-2.762534092863297430e-01	3.090884807007975854e-01	9.821080917952329514e-01	-3.820038163857892299e-01	-5.341822120370834925e-01	1.056362407454669583e+00
1.403646648652775997e-02	-5.437588821371758252e-01	1.662558504573223017e-01	5.394559561625613675e-01	2.000379610854365886e-01	-4.857580583004157404e-01	4.270028965656494369e-02	-6.315750877804212626e-01
6.753391625102015405e-01	-2.730518921786330711e-01	3.296739262915596713e-01	1.362848796855785638e+00	3.470461811071914315e-01	-1.139866732091769502e-01	4.482282948670350819e-01	3.355953820234524043e-01
3.231307162938245048e-01	-1.010745471853659927e+00	2.176865343142421749e-01	2.017828907815809814e+00	8.133292260363936821e-01	-3.809141787044535987e-01	3.939780373576298733e-01	2.519781188966199736e-02
1.866765947814260362e-01	-1.027398684631102288e+00	4.190525485858122984e-02	2.033537884337297097e+00	6.598995825271943838e-01	-3.385286226170052815e-01	4.549642166876100013e-01	2.624776151028476723e-02
-2.487834114749312153e-01	-7.261830005053044879e-01	-2.042325436120149273e-01	3.859383281049369452e-01	1.022438253342752734e+00	-3.521290128035765021e-01	-4.825156616325652625e-01	9.283192438065722696e-01
1.193730516861785107e+00	-3.174590624574509246e-01	3.874741071284429905e-01	-1.012411010423754365e-01	-6.883446591636095679e-02	-2.330792131574234427e-01	1.432529137930290686e-01	-2.029367804602697500e-01
3.224818717718254679e-01	-6.038030164502753427e-01	3.364854233901647396e-01	-8.058033147881786540e-02	-6.992150978618413837e-02	4.304723716077792361e-01	6.155052135124530754e-02	-9.188496754306250125e-01
1.551146265313122219e-01	-6.181899771584192793e-01	7.116290678880506926e-01	-4.668802351730658717e-01	-3.273056158010326233e-01	3.560056605145251463e-01	3.392859499181342109e-01	-1.527844006824095491e+00
-2.467034334381405514e-01	-1.043806100984726370e+00	-2.369968506239540362e-01	2.073301111673162556e-01	1.308529484814127120e+00	-6.495204920967780904e-01	-6.566769081654288964e-01	1.070145334062333031e+00
3.882914769598940219e-01	-6.101837789292802183e-01	2.688695183049397697e-01	2.000178861495655713e+00	5.637571985791398621e-01	-7.463908517115410389e-03	6.095169887755488292e-01	4.680009831683809018e-01
-2.230352403484965051e-01	-6.105116901202877200e-01	-2.453490275556833300e-01	3.181959393817545556e-01	9.507435637420236230e-01	-3.080576520118207817e-01	-5.353154561701708447e-01	8.717809046412302587e-01
-2.137552183081789792e-01	-8.599253727856190910e-01	-2.289317262134118458e-01	1.166092698047289378e-01	1.149439972925484055e+00	-5.628730266102976998e-01	-6.340923109204865682e-01	9.813257871181026992e-01
-1.872244049650386710e-01	-9.147156717605458010e-01	-1.952865354063275660e-01	1.984634288203408758e-01	1.184111122216555012e+00	-5.455333969902044222e-01	-6.370485737171526219e-01	7.943490425009512856e-01
4.882065322846361188e-01	2.586024186126085200e-01	-6.381497543373698678e-01	7.836472218669707224e-02	-9.692034988765837467e-01	2.432527006594280561e+00	2.943277027217152120e-01	-1.366980931859020476e+00
5.605497744431787999e-02	-9.570187833391675669e-01	2.503670754661803111e-01	4.512125569809739556e-01	1.200370465616108495e+00	-4.362307158458677558e-01	-5.598365276973353843e-01	-4.114443549627008201e-01
6.514345896416451343e-01	-5.020778743454573645e-01	2.931083483672446977e-01	1.795926713017252929e+00	3.889125813928571707e-01	-1.558642182911830487e-01	6.410290773819493637e-01	3.466515725562059336e-01
4.179337260275833854e-03	-1.280464700584797721e-01	-5.714517078001188910e-01	-7.256768211086809250e-01	-1.187012881197327285e+00	1.615846152060744334e+00	1.120549012367814568e+00	1.012087697770070738e-01
-2.342932599324726584e-01	-8.137133812779473452e-01	-3.004603089642984282e-01	1.598111859835402437e-01	1.107923435952848701e+00	-5.147764596341330989e-01	-6.224290260278805276e-01	1.155512271960499771e+00
4.813653475290899930e-01	7.157229675184872963e-01	2.331249069810967245e-01	-7.603105425139676798e-01	-9.858510541200213861e-01	8.684057974797400048e-01	4.746536592219576800e-01	-1.552280705021632290e+00
4.595024834460180729e-01	-9.348611361265185549e-01	1.616420941729112271e-01	1.648276598550306948e+00	6.942712576922668299e-01	-5.766148859180144637e-01	2.625410932320967894e-01	-5.269811862596476132e-02
-2.915843855804021723e-01	-4.736862439110037237e-01	-4.534494474167473088e-01	3.057871922010627075e-01	7.063764959736590354e-01	-2.637776239390554056e-01	-4.068068385238446938e-01	1.431910693963705405e+00
-4.459298304404344937e-01	-8.644184842177056183e-01	-3.907451815720676125e-01	5.695887672330121054e-01	1.066710855018422555e+00	-3.653729287694146843e-01	-4.288362867761841835e-01	1.498467806485943132e+00
2.629789630444232529e-01	-2.507352029903212598e-01	2.240153073362377290e-01	-2.225523509640108324e-02	-1.083163629667337757e-01	-6.062212632195786988e-01	3.206898273983047054e-02	-7.740081699069335519e-01
1.291591294546982904e-01	-8.890965900155082258e-01	5.977263466543512038e-01	-4.116122428321964954e-01	-1.962954106494680107e-01	5.655234117603314958e-01	2.706556611938558121e-01	-1.270761281198548476e+00
1.247986199506886384e+00	2.849089027902078630e-01	3.448170450397717857e-01	3.574820124384530673e-01	-5.081765583831075739e-02	-4.198623849871781499e-01	3.041569541794739151e-01	4.211899020532660631e-01
-1.306438130572651346e-01	2.538239164026870887e-01	-6.078590186612511381e-01	-2.786908193357137131e-01	-1.037958101439041769e+00	1.787601869243454100e+00	9.938481444774879270e-01	-2.679755446965121496e-02
6.113021692710801647e-01	-6.152715747651927858e-01	5.195695871534883326e-02	1.939432952471674021e+00	1.601852036497108389e-01	-4.982967356802710523e-01	8.343109953564810111e-01	2.946275841459133349e-01
7.180318470816010601e-01	-5.561898197176199377e-01	4.237488131115842993e-01	2.093404387154805146e+00	4.783924931351779541e-01	1.206959363741523517e-03	8.137645854030054471e-01	5.766508755303180189e-01
4.866758223406890682e-01	-9.559800185101935410e-01	3.744761956971906502e-01	1.153930442753071883e+00	1.018757609993707236e+00	-5.085256853819783984e-01	-1.225142623030181371e-01	-1.905589338388996579e-01
4.900868986916318004e-01	-3.122150423282282761e-01	6.982281097153421323e-02	-1.010562848381886925e+00	6.870975057941606234e-01	-7.907876576792988166e-01	-8.276269136610261423e-01	3.752927710634862413e-01
-3.436077936007304046e-01	-9.262546134970054412e-01	-3.451780059970932513e-01	5.213262696288186726e-01	1.007972747005291492e+00	-3.687300741437536944e-01	-4.376577709508938097e-01	1.055059748431939948e+00
-3.161916658658248114e-01	-1.491078278728122930e-01	-1.053017488298110772e-03	-9.552640476518264867e-01	-6.807985874851364416e-01	1.864229506571317252e+00	1.164822354471773735e+00	7.948230295265508172e-01
4.756518434146692065e-03	-1.081490325040958655e+00	-8.392175177658299512e-03	1.483129459674436823e-01	1.420459486449588971e+00	-7.122115666378500132e-01	-7.662710418928245781e-01	2.910214101531294895e-01
4.260992967684184007e-01	4.258861116925907742e-01	-6.381958128753416615e-01	9.458255446716706816e-02	-9.045391363853265698e-01	2.142069665949739576e+00	1.978195270590446253e-01	-1.296852427638629068e+00
1.985763589449825173e-02	4.335973051768542974e-01	-5.292869818949256233e-01	-9.413790637707167841e-01	-1.336380780026015236e+00	1.480402822248883421e+00	1.198173827714899886e+00	2.289220198295058295e-01
-4.680708418968159562e-02	-4.464625795750836595e-02	-1.755611294782422060e-01	-1.202192686293485080e+00	-1.062940705529254348e+00	1.233732325201950530e+00	1.160004175083453770e+00	2.877972986153682355e-01
7.986082430804244403e-01	-5.010063857014915856e-01	1.752652178667668259e-01	1.538171170561271506e+00	2.259367004329138062e-01	-5.475011771574936903e-01	5.992009404399627481e-01	2.085563334740858921e-01
4.505116317041998886e-02	4.547044557424874678e-01	-3.620640300720592841e-01	-6.806637506042739760e-01	-9.858384942497674386e-01	1.134806271325039972e+00	8.174348087640203042e-01	-3.069822067835593915e-02
2.337509061698384571e-01	5.255930043389429596e-01	-3.001676740815278355e-01	8.141940757714538623e-02	-6.038209722010570157e-01	2.576283852858876067e+00	2.161607504961902404e-01	-1.106290932460215704e+00
4.304521538336017472e-01	1.804704816709418735e-01	-5.195838525073855907e-01	8.677718467579870198e-02	-7.879709705416867438e-01	2.372097245110896591e+00	1.857345908691251657e-01	-1.326771309668593579e+00
4.315800705697755979e-01	-7.126897171873570747e-01	2.879183335912021691e-01	2.194318333399860599e+00	5.437077776251404426e-01	-7.063575087557774634e-02	7.403431919789785765e-01	3.660517615610363595e-01
5.159773371127573949e-01	-5.115200228369476410e-01	1.488744474054577993e-01	-7.539928397271263849e-01	-8.092063317853237514e-01	7.620624190843476864e-01	3.915676422546617852e-01	-1.551623760441700917e+00
6.661383858520433243e-01	-6.118588513633189674e-01	3.801820639088817066e-01	2.087294537390107063e+00	4.945097562210881703e-01	-7.596850214247989619e-02	7.621492933334543807e-01	4.513711419295307614e-01
4.200740687959052533e-01	-6.350292980644819396e-01	3.567548623894286480e-02	1.920505557529837537e+00	2.790288022482660391e-01	-3.882528513759362920e-01	6.975556953891590695e-01	2.139188348264331463e-01
-1.966148861259367775e-01	-8.610472893986258480e-01	1.067313912480621491e-01	8.369398609340020778e-01	1.192973026733514574e+00	-1.467535327028462178e-01	-4.408778094295566219e-01	-1.166399375351737933e-01
-3.384294485530475183e-01	-6.727731407409326403e-01	-4.002770191633446828e-01	3.009684048021519231e-01	9.338554304073596324e-01	-3.701508130458001644e-01	-4.807564084672059646e-01	1.482213170935265278e+00
7.027082697396523914e-01	-7.793271364520821809e-01	3.388897532098647525e-01	8.406101359772674142e-01	3.749208742097056568e-01	-5.733292304758731417e-01	1.876056955288697148e-01	-3.838612977800097692e-01
4.120767709739966422e-01	-1.749296834023026381e-01	-1.568161115263227712e-01	-9.151194564914492124e-01	5.396644449735176208e-01	-7.778513599201490880e-01	-7.752311300962699825e-01	8.280400902613085368e-01
5.161145715499728670e-01	-6.635544053592250524e-01	4.098817924093065557e-01	9.295485570272101761e-01	8.340193289925590392e-01	-2.949342264450336426e-01	-9.554640006529216412e-02	-5.610749803521331014e-02
6.798567556896933928e-01	-5.465472335148344740e-01	1.698248618698761370e-01	1.743530132833595481e+00	2.378455690051718974e-01	-3.309908624605027994e-01	7.108104934192397417e-01	2.970457542789989858e-01
