-1.173785765227770339e+00	-5.139152867705669703e-01	1.954879626892335853e+00	5.876509795876980746e-01	2.206105495402642891e+00	9.444891526386391956e-01	1.511803233758496567e+00	-6.198323202817704880e-01
-1.024719153281864692e+00	9.834009449474550024e-01	3.646175385793028578e+00	-1.055304017082451251e-01	2.910507343111409906e+00	-8.602124456434843136e-01	4.194116108950054489e-01	-1.193829453549764691e-01
1.981519713240898373e+00	-6.053328216150565266e-01	-4.702274725059579774e-01	-7.867118349472088656e-01	-9.900193781980737295e-01	2.569235424074682417e+00	-1.370552063003967840e-06	1.164202373012400427e-02
-1.609564058076144333e+00	1.484871667156250630e-01	1.003307968795781768e+00	1.217520227481875050e+00	3.117976482501564561e+00	-1.698167373948388903e+00	-2.302358375434488402e-01	-6.925220968555739764e-01
-1.669806476030030407e+00	6.671724510794195817e-01	2.222223700985838102e-01	-3.900192278747350860e-01	4.066873724089409281e-02	2.428070833261342987e+00	1.806279284968643484e-01	2.595210441378910549e+00
2.177530521049997336e-02	-1.927840745850407378e-01	6.047234686076263799e-01	2.875083992855826387e-01	-9.082785624532219160e-01	4.104273030282309387e-01	-2.756212419030694138e-01	2.348510710302540883e+00
7.888130481454336262e-02	-8.829064822090987308e-01	-1.523818371706210151e+00	-1.095537733471649150e-01	-1.155401662146410713e+00	2.913449705592320083e+00	-1.467890490880187304e+00	-3.512919904293618778e-01
-5.014092617973313626e-01	7.575340997464299342e-01	3.941348119646120196e+00	2.486301340642149693e-03	2.247408105246116339e+00	-1.314361660035797463e+00	1.035578379198284216e+00	4.240121376769864781e-03
4.898378104311196246e-01	-1.010278164355739472e+00	-1.297986335544616621e+00	-9.661583464095064855e-01	-1.687571149974584628e-01	3.387731841495543961e+00	-7.285057205611643605e-01	5.333198720298495954e-02
-2.288459657055212648e-01	-9.014645020590941193e-01	2.454708741309574727e+00	-4.365884582693356220e-01	6.234435751291373951e-01	5.037431378549597216e-01	1.576328791053148937e+00	-1.310028901336798057e+00
-1.165464039462580370e+00	-1.554567803764257627e+00	1.528789433828031452e+00	-9.023406735144309243e-01	1.522407599905398312e+00	7.966338370948893299e-01	-6.012257789877909625e-03	-1.576710139862152138e+00
-1.149386385774993968e+00	-8.458353844512260800e-01	1.320716446449880621e+00	-8.475690501909911578e-01	1.116353153004827181e+00	2.097590992482699868e+00	8.697393874679709702e-01	-1.674086639901261941e+00
-1.142947815932186195e+00	-8.551753229873275686e-01	2.372206507050838908e+00	4.393027544895997116e-01	1.882457048589322612e+00	1.418764445532431751e+00	6.121072137701373261e-01	-8.382838216788830454e-01
-1.172392994767326391e+00	5.218480114627231936e-01	-8.975426082390525195e-01	1.495699749825262659e+00	-1.621877560944306605e-04	1.159295131255072109e+00	-4.176314839179127714e-01	1.858571722113227853e+00
-1.506648967589504062e+00	4.009394473136354553e-01	-1.120709518075112543e-01	2.492611930104683404e-01	-6.961337027913336861e-01	2.902409113795036966e+00	3.857418849558412743e-01	2.182152451550464445e+00
-1.054890670502272254e+00	7.188985169263157893e-01	3.000263077569472525e+00	3.969056897961326658e-01	3.375844168222390529e+00	-7.990741732206144698e-01	5.605563689086325851e-01	-4.819829820920208951e-01
-2.841529867746014903e-01	9.240584966776859144e-01	3.416831297423561065e+00	-1.378868297251671518e-03	2.382786280499782361e+00	-1.183642299286255417e+00	1.147793314128913167e+00	2.560878215843256922e-02
-9.152300548073581954e-01	-1.675176015948676156e-01	7.883852080298454634e-01	-8.544991209270113020e-01	2.837095212354895368e-02	1.965688243240958588e+00	2.661267403924867381e+00	-8.989519791208511190e-01
-2.810465694097702638e+00	-9.970148610139527579e-01	-5.448717214268208320e-01	-6.361120558722762608e-01	2.915126919378790982e-02	2.481370506517077690e+00	1.636731298486441055e+00	8.693256833281299834e-01
-6.675762525988737650e-01	-1.776489661288216615e+00	2.558071193119732523e-01	-6.273762288817747714e-04	2.456389434344446787e+00	6.609104572756301366e-01	3.477272164998196358e-01	-1.212178336380289378e+00
-1.031183013648790947e+00	-6.693856905680847236e-01	6.794899108644498753e-01	-1.477909572477958955e+00	5.815722732872793399e-01	2.294839929571112158e+00	1.180110873745863653e+00	-1.469156529533225841e+00
1.417932877552726012e+00	-5.334980906336656004e-01	-8.854664777020290201e-01	-1.008296068260443823e+00	-1.778109745294800814e-01	3.088271391588468973e+00	-9.010447394096235962e-01	4.267312608631672610e-01
-1.347405133753292183e+00	8.752361611890145943e-01	2.870294927033053334e+00	9.351010718391880583e-02	3.061856243409464273e+00	-1.263593166780887511e+00	2.800483450459612111e-01	-4.860708685760353198e-01
1.637801450387519342e+00	-3.141155212448884515e-01	-6.573743711920698729e-01	-1.294341118956730874e+00	-6.943130575669114180e-01	2.521810962902090392e+00	2.799345276784834802e-01	5.401741512768605535e-02
1.966950874909640046e+00	-6.147007266566892891e-01	-5.834178691301206143e-01	-9.235359349838256904e-01	-1.001326006191229023e+00	2.418319827598947480e+00	-6.260679019802775636e-02	3.353404629552522720e-01
-1.027466733868600324e+00	4.208358554088520997e-01	2.282574471819753814e+00	3.780954807788677874e-02	1.823507654770085695e+00	7.003467969990444519e-01	5.847011967785129549e-01	-9.187954753786404805e-01
-1.890427870964324519e+00	3.177436940983401903e-01	-1.488758803160302180e-01	-1.317943405741244689e+00	-6.650372139484247436e-01	1.828582940777586208e+00	2.237234213300037577e+00	9.746758881278659858e-01
4.964262037762967594e-01	-1.164648895843873877e+00	-6.294183366912931010e-01	-7.531519080273659794e-01	-9.239718168318529212e-01	2.858554045776251940e+00	-8.345360400588773819e-01	2.653757730367682366e-01
1.893344810406809131e+00	-7.577070094310498494e-01	-3.760195512025294451e-01	-8.454180453662691885e-01	-7.473476392142276437e-01	2.820662231216885640e+00	3.820676507705150771e-01	1.414316626472589822e-01
2.626180409517899772e-01	6.236519617888385270e-01	-2.147413973966467993e-01	5.651910452388919648e-01	-5.650656169308973520e-02	1.188443689121850388e+00	6.584978517222366268e-01	2.938996051571020285e+00
-1.167223032917826364e+00	-1.454144760529095803e+00	1.867925895241252299e+00	-7.790686618041763323e-01	1.120406541205247963e+00	1.136666569596894494e+00	3.685239909802017211e-01	-1.324695326114794680e+00
-1.375406581449990728e+00	1.134717203939956676e+00	1.153101755401012007e-01	-3.335909544535910487e-01	4.215615305029180027e-02	2.508657851164160402e+00	7.113292745182886456e-01	2.044869708204035685e+00
3.574284398602282087e-01	-9.101639471136445669e-01	-1.186563444458416550e+00	-3.742137021095946064e-02	-1.447100951398880619e+00	2.634611183770749765e+00	-1.088628929155852632e+00	-3.476942580040507380e-01
9.997656677726468599e-01	-3.241649585302452397e-01	-1.144699733327228630e+00	-1.048479825572933510e+00	7.842290681475658221e-02	3.763580142273366125e+00	-6.888481502027750114e-01	1.472266988495696816e-01
-1.042218176296307641e+00	-1.282479634399479096e+00	1.019288375426242288e+00	-1.095632319003383870e+00	8.922758843716094290e-01	1.942714482974306378e+00	9.841308002003493205e-02	-8.762249862954295532e-01
-1.410236458975203444e+00	1.077485322856925887e+00	2.552670096135494227e+00	-1.231160400452194770e-01	3.119873164006132793e+00	-5.078301314379205511e-01	4.578878237139970553e-01	-2.936270091940997307e-01
1.196742330275731625e+00	-6.469922726959034254e-01	-1.004973067395647623e+00	-7.754279440619359365e-01	-3.383086463033753155e-01	3.512412775409282872e+00	-4.295448437709262213e-01	2.493212291487997834e-02
-1.460685862829968151e+00	-5.400130769374458239e-01	5.981320768345550487e-01	3.502616437106689795e-01	2.783451194898323711e-01	2.524500051709194004e+00	9.031551113132476605e-01	1.996719392421845596e+00
-1.345924904770472441e+00	5.089619967263050437e-01	3.374926738493517764e+00	1.633993093510596739e-02	3.247370998261887021e+00	-1.002772550227797765e+00	4.481755421008840057e-02	-2.515888990389065216e-01
-8.046955592922040434e-01	-2.415140025869548346e+00	5.796452175632917925e-01	1.837999519225294587e-02	2.541660867902813870e+00	6.242161475840209972e-01	1.039220903322444434e+00	-1.101327914179491385e+00
-1.684081893169989463e+00	1.393578952093831536e+00	2.214768906350953692e+00	2.414020515771690412e-01	2.811402941477528561e+00	-1.130198801281039112e+00	2.703486673817582231e-01	-3.482089079395018216e-01
-1.584970612493408426e+00	-1.549203053010986375e+00	-3.228628810848058750e-01	-1.469193170184910802e+00	-9.453149817731840709e-01	2.546851442230809059e+00	3.578000136964404332e-01	-4.495809151906772216e-01
1.037919139163353544e-01	-1.309300320001128393e+00	-9.975516322198763053e-01	-2.227709223926031268e-01	-1.643653606958427549e+00	1.714388326049361089e+00	6.166915569651968410e-01	-5.014462063330984432e-01
3.385429897844742797e-01	-6.414998743031153916e-01	-5.983515023852618679e-03	1.637110192011431931e+00	-6.073550699207328485e-01	6.550539575665522696e-01	8.978357506787399966e-01	1.067752356731637015e-01
-1.698698834954475601e+00	6.890835432277951922e-01	2.906348939477410909e+00	5.715829497397841852e-01	2.968040948246771560e+00	-8.236821687653601565e-01	1.083411233159500275e-01	3.408819576760993009e-01
2.089229483820653765e+00	-7.046061283735065572e-01	-3.063505525514652605e-01	-1.002797283916585291e+00	-6.796598635196047233e-01	2.379223633490053391e+00	-1.483157356567077825e-02	3.158567696026934879e-01
1.151959156791338756e+00	-9.425863294214819055e-01	-9.621429103680252393e-01	-4.927759489900554457e-01	-3.560971885374039636e-01	3.167892370455387852e+00	-7.505250590141532285e-01	2.743221942320079321e-01
9.492328649942011198e-01	-9.822425747215054459e-01	-8.842090885599652728e-01	-7.161559593093896892e-01	-2.830544883203141016e-01	3.549869825398244139e+00	-6.090759177324418516e-01	-9.802463600588373627e-02
-1.134285818875673035e+00	-1.112873661505923567e-01	1.371726391112473298e+00	9.190568818744466739e-01	3.005542154334224669e+00	-1.965876168718187378e+00	-8.077524762490129184e-01	-7.219793789801872697e-01
-1.824487828105177817e-02	-9.996759528606153911e-01	-1.447622939977561307e+00	-1.276115176780437122e-01	-1.401390703364419066e+00	2.434783644797854141e+00	-9.419734161312496301e-01	-2.217902347279612219e-01
-1.715517589766552886e+00	-1.971234280190957075e-02	2.872878656895482052e+00	1.398398425826783975e-01	1.916924269253108104e+00	-1.619572995827126105e+00	-8.393493404364106292e-01	-7.440184145483385025e-01
1.451918662009598737e+00	-1.125574251963985972e+00	-7.047805882815252332e-01	-1.071076992707398867e+00	-9.353668509628318972e-01	2.491283154039327208e+00	4.317408410514665951e-01	2.888774552462328171e-01
-1.768396658222949336e+00	-5.458552321013733222e-01	1.722478735963789642e+00	1.271537216487589328e+00	1.397612942854248308e+00	7.938464052482052669e-01	7.114069439010661799e-01	-1.365481708803425454e+00
-9.262621712957814779e-01	-8.300221099273916714e-01	2.928599211168636973e+00	1.268223041344825219e+00	2.665689358919038354e-01	-7.372060791507616118e-02	1.724921847322627544e+00	-1.051945934962175810e+00
-8.542611425877658649e-01	-8.754018504153417979e-01	3.039966159270504065e-01	-1.616030776736897767e+00	3.768463674819592657e-01	2.391525134673289088e+00	4.916967529443834195e-01	-1.692101036260641012e+00
-1.973413405677203469e+00	6.777509929214894369e-01	-1.723657725245619221e-01	-8.703708322282340815e-01	-9.315623665046525448e-02	2.465172771842199850e+00	8.939077173733628312e-01	1.036645188554593311e+00
2.870053722706602528e-01	-7.345758152605643687e-01	-1.075995609807202325e+00	-1.051422299140132299e+00	2.396546801889006817e-01	3.312782297650604058e+00	-8.024249924036112036e-01	-2.121586050048845928e-01
-9.489968797171910442e-01	-8.733218593315742462e-01	-1.784116909056749078e-01	-1.869182515964642466e+00	-8.246069270450526734e-01	2.945053601713057301e+00	-4.047010944123917708e-01	2.753458784804005410e-02
-1.614091794469416419e+00	8.085283126686605426e-01	6.169501166977193751e-01	7.906169326473302394e-01	-8.983474512856903793e-01	1.747477337722976420e+00	-8.789382926606585933e-01	2.312907855023828674e+00
-5.036890457968263846e-01	-7.478384616231856796e-01	-9.935719075277131829e-01	-1.552756690548586116e+00	-7.616094854858597163e-01	3.321376242765253561e+00	-3.170196761290430265e-01	-4.934923713720856114e-02
-2.473573898456660203e-01	-1.018531000038996881e+00	1.231541389265027542e+00	-1.529815068911906106e+00	-3.717037981681441949e-01	1.473324548639779907e+00	1.355966194546192272e+00	-1.771114203676381615e+00
-1.136383837894641813e+00	5.258325252710560616e-01	-8.648061097161686694e-01	1.054228433826258637e+00	5.702796730347061693e-01	1.739452470714687893e+00	-2.349334067823810046e-01	2.796690074705812989e+00
7.299041724630496164e-01	-5.711295290592806051e-01	-9.945306109328050370e-01	-1.032093194043145257e+00	-5.658102782247431684e-02	3.239414872719242666e+00	-4.310106323147361307e-01	-2.004830830963269528e-01
1.298049850919374304e+00	-7.651067249774162748e-01	-9.441078376472972211e-01	-7.255684957995096607e-01	2.322531624183760135e-02	3.583646308810090719e+00	-6.940486255203250909e-01	5.547639654918270491e-01
-8.358590723281558166e-01	-2.309504347531977642e-01	1.753243046688371276e+00	1.497262357417916467e+00	1.302107395688049674e-01	1.585802582433037067e+00	-3.632926754802749403e-01	-5.855102397965699090e-01
-1.344213547577953971e+00	8.007398256576410134e-01	2.595256514691939298e+00	-1.954312001986147906e-01	3.111666287503379369e+00	-9.115100691907880304e-01	6.491685612228265123e-02	-5.653789095563509504e-01
3.610585115199186346e-01	-1.014568195567546738e+00	-1.203144382604179441e+00	-1.258955150765013409e+00	-1.005659202644638928e+00	2.323658796028817974e+00	1.027392788339923202e+00	1.947421511775883074e-01
4.322255385506335035e-01	-5.086486167440044115e-01	-1.133001372005793206e+00	2.826276476723615927e-02	-8.408358688239612189e-01	2.858533602982930244e+00	-1.537237450420332996e+00	-7.070170453201058969e-01
6.582275370067890430e-01	-4.568309129447399863e-01	-1.082215228742996915e+00	1.420983547546806891e-01	-1.099324168169160565e+00	2.661289331810482661e+00	-1.105010175717590082e+00	-5.917506030723339583e-01
-5.567972333838508980e-01	9.129226522367810404e-01	3.612742087427673887e+00	-1.578899756643668550e-01	2.094544429141740771e+00	-1.404503232592887008e+00	9.971717493527592069e-01	1.432978479158892315e-01
-1.367979044997587046e+00	1.165618046075567849e+00	8.280868481650147661e-01	1.201652143106291204e+00	3.190971998108209640e+00	-1.318255680836196264e+00	-7.180940993390070096e-03	-1.016100077085553499e+00
-1.541830502633367628e+00	1.177596457397772856e+00	2.446158969856609300e+00	-4.856630581157179161e-01	3.653415306919230776e+00	-7.093455156325363387e-01	5.464370630561349307e-01	1.424085475704608972e-01
7.263632050354839054e-01	-6.869028555390793711e-01	-1.164081643559387702e+00	-1.159488051518189344e+00	2.448060091071973532e-01	3.339541699782898387e+00	-5.224709958979802948e-01	5.166191658730129310e-01
-1.306232830553038515e-01	1.458607248271835077e+00	3.369140871653602876e+00	7.220776034253195697e-01	3.040172323065663651e+00	-4.394319152736436696e-01	-5.359045211698963973e-01	-8.907571291327173735e-02
-4.797101827724105094e-01	1.306187839991677979e+00	6.690488069086053535e-02	-5.124829783085265156e-01	-4.190861378270413495e-01	2.058397844969442669e+00	1.681413583601704786e+00	1.281423135305593375e+00
1.720069356588989962e+00	-2.423549317590632246e-01	-6.234871870768904367e-01	-1.244262462874078656e-01	-1.845320781081797978e+00	2.195673158135581282e+00	-5.574484034641582486e-01	-3.845262541007752333e-01
9.057784383013728347e-01	-1.081056868049097730e+00	-1.119731297306129525e+00	-7.763533403347785411e-01	-4.839715527490316416e-01	3.491017880280857355e+00	-4.021885232179595038e-01	4.269268556231596567e-02
-8.061299545022783120e-01	-9.025460016318260781e-01	2.132613748160173017e+00	5.102901244850923668e-01	1.683918716686174433e+00	1.201602627577179394e+00	1.441007489360856875e+00	-8.547518694354695468e-01
7.187015570005422793e-01	-1.051474909466268537e+00	-9.935159271087532495e-01	-7.512059395067969270e-01	-1.590952431971794437e-02	3.233939494888765420e+00	-5.147271184218459306e-01	7.657994641324596119e-02
-1.392762448944939058e+00	-1.517703568684180271e-01	5.756627884921108329e-01	6.181009382652911111e-01	-1.968874295797167440e+00	1.866468103180006555e+00	1.598309388294587796e+00	9.268773725896444216e-01
6.238353547200446991e-01	3.537507105546537911e-01	-1.227830303526362021e+00	-1.700148798991608423e+00	2.060670658643468378e-01	2.592285516338503459e+00	-7.199082461902825969e-01	8.832990428291383200e-02
-1.533549334031379718e+00	1.654292347410483144e+00	2.484842072413731451e+00	2.243600112475550579e-01	2.023057337013838719e+00	-1.478367195856375105e+00	-3.579696646708540597e-01	-9.480791859036689084e-01
-2.180333417633429693e+00	3.382877932991735226e-01	-3.548553379886297265e-01	-1.007750446432844171e+00	2.195557160233144733e-01	1.927376463154886199e+00	1.094398166811621831e+00	1.031462299480406797e-02
1.276395376975913543e+00	-7.064622897464445384e-01	-7.456432428467185680e-01	-1.389148142244236162e-01	-1.853075832043539206e+00	2.007501699499788739e+00	-2.543586570803008651e-01	-4.219651354648406572e-01
-6.950531370563134415e-01	1.603797283875582735e+00	-2.438023066203700850e-01	6.569771993567913304e-02	-5.447441855260120036e-01	2.997462295855772396e+00	3.482911182611334588e-01	2.178498631611323066e+00
-1.525762013727083977e+00	-2.403118236444379274e-01	-2.234461275480134623e-01	8.365112831783375058e-02	-8.538575425137091834e-03	2.959406577935744576e+00	1.223116641189635478e+00	1.570061665064023559e+00
-1.788330586637590369e-01	-5.443067990889171037e-01	6.491530766218811532e-02	-1.472749266502660026e+00	-4.386305907187775244e-01	2.762090900536593452e+00	3.554345161321511570e-01	-5.678780882397534979e-01
-1.881408876038022537e+00	-9.577288320463540616e-01	-5.889705468570178848e-01	-1.336106175700747523e+00	-8.019505859694101013e-02	2.469348905555937002e+00	1.849666152157172228e+00	-6.145544119601709099e-01
1.085781636611228063e+00	-1.213047337954122229e+00	-9.534176600747706898e-01	-2.910699355738857186e-01	-7.042990646918950715e-01	3.339845603564565391e+00	-1.112424383929300209e+00	5.161705264193409970e-02
-2.576110216770860273e+00	-1.162046673954275189e+00	-7.645393520850166102e-02	-4.503010212931554679e-01	4.596159777997529394e-01	2.399816460278964225e+00	1.220461932665148908e+00	9.306892850546371054e-01
1.862136977579822439e+00	-5.699997720948838387e-01	-5.625199880719572443e-01	-8.859280395254988116e-01	-7.551969139298626565e-01	2.517274066345829731e+00	2.213628399313778694e-01	3.744394284878509449e-01
-1.189828759561962990e+00	9.209536208760308318e-01	2.794343803013411343e+00	-9.695021221734267947e-02	3.342900084364314850e+00	-7.166299143779079062e-01	7.318726971266723558e-01	-2.996104887957836138e-01
7.966119073634744252e-01	-4.886096740549432105e-01	-1.314849702223083616e+00	-8.016313053112024134e-01	-3.056365971451189822e-01	3.302630261610175033e+00	-7.770157187624096018e-01	1.533873609661258741e-01
-1.558550832684109766e+00	-1.436532015477725244e+00	2.116442976727748726e-01	-1.372893607566106899e+00	-3.891617108739229419e-02	2.564586079410826613e+00	1.337843302891491337e+00	-7.169168485584158645e-01
9.536274906454232925e-01	-9.283232982237170638e-01	-1.147540392651354546e+00	-7.009111551276331342e-01	-2.845374411161529227e-01	3.276224009640153589e+00	-4.347299965220183804e-01	4.701739169254586237e-01
-2.263651535744779064e+00	3.152372819408492677e-01	-4.574390149328748101e-01	-9.604370986351111750e-01	1.567074605286188360e-01	2.140046592197696995e+00	1.411114496105205784e+00	1.087857007246056718e+00
-4.409011036193061922e-02	-7.521015185623786126e-01	-1.382932726460238904e+00	-1.404763212544476447e-01	-1.294949238736188724e+00	2.989297479744470465e+00	-9.558153977319931993e-01	-5.189999517991528144e-01
-1.339368575679966256e+00	1.341813977361397736e+00	2.938827004706323187e+00	-1.105911119130584819e-01	3.148698569347164966e+00	-6.864081424851051771e-01	-1.049956799871339663e-01	-1.183349296837876569e-01
-8.053066052499443517e-01	-1.069365843953118178e+00	3.659276059268348202e-01	-1.520142808089467890e+00	3.513312123947206489e-01	2.374770447902661452e+00	4.487285369870566143e-01	-1.713041475638110711e+00
1.140681688355979606e+00	-6.196687795414873579e-01	-7.493061865597907545e-01	5.854465441506404577e-01	-9.945377320878542315e-01	2.944073698891584101e+00	-1.752078356448073748e+00	-4.077148839198530550e-01
-4.241240607951238806e-01	2.135269188443597255e+00	2.691623021259699655e+00	1.328368248111337913e+00	1.855757267854238224e+00	-7.134446005067334173e-01	-4.270617699408621459e-01	-4.809052028218078756e-01
6.756359012721629975e-01	-5.798398706060103880e-01	-1.173810688113187783e+00	-1.147330139208328825e+00	-2.946697391386244869e-01	3.195939432754979936e+00	-3.342054679655188099e-01	-1.155620253629202204e-01
-5.147803432083687403e-01	-9.936238731623201481e-01	-1.651629416930135763e+00	-1.183753520894472500e+00	-5.651921418994994978e-02	2.710998582251924915e+00	2.458434927265981396e-01	-1.516141693762825260e-01
-1.572579885222371576e+00	8.005452590729571494e-01	2.768316507612222477e+00	-7.040966987699547042e-02	2.542342053393674028e+00	-2.134124360933074005e-01	7.263454520188868946e-01	-4.313931243388592907e-01
-9.276255686985225291e-01	1.165037881605554215e+00	2.671629203076956394e+00	-1.929631280376991331e-01	3.683143364404026787e+00	-8.532698110829824989e-01	1.324198168370402939e-01	-6.656327291819993386e-01
1.590528191963660465e+00	-4.495671020895190551e-01	-7.948960559291295969e-01	-1.027536700251469037e+00	-1.187863195769969460e+00	2.869892677035243089e+00	2.441019037375372347e-01	-1.005706567845071620e-01
1.968806813692732582e+00	-7.066861796295749176e-01	-5.469545799047255130e-01	-6.366980866979504716e-01	-1.273062567523060240e+00	2.497228757989086834e+00	-1.600527857421199518e-01	6.544872249462015124e-02
-2.144491027443304443e+00	-6.204760767802386390e-01	6.806938754408533576e-01	-1.016003863301313537e-01	-1.587467161183104825e+00	1.217771178566494639e+00	1.900931808397028577e+00	2.261277038096571323e-01
-1.719087448048037814e+00	-1.253044302926016984e+00	1.219409723928064349e-01	-1.645387182091065714e+00	-9.209510353923443249e-02	2.125190848752936290e+00	7.204818742610653581e-01	-1.250525649644393722e+00
5.090736555561713450e-01	-8.868492467637055787e-01	-1.291543801383373546e+00	-6.217901311311109236e-01	-2.762724582848705701e-01	3.299154862311597824e+00	-1.124482077622525722e+00	-4.524934404241563735e-02
-4.009437503519033830e-02	-1.742648396094658381e+00	2.648886386396840820e+00	-4.669532127854793963e-02	2.676592814449126334e-01	7.579139452419310086e-01	1.429186372274906969e+00	-1.139157544220842144e+00
-2.650284027148165134e+00	-1.219334268266890176e+00	-5.246001677903856519e-01	-3.429634351824009109e-01	-2.227704992623633085e-01	2.096439045045684235e+00	1.724727648134170233e+00	6.729832461929206033e-01
5.063108484557010680e-01	-7.715379245855679136e-01	-1.170204986873703668e+00	-7.638686572117030504e-01	-2.017923611233957970e-01	3.184204653505443350e+00	-8.746984113068247968e-01	-1.705294682585005162e-01
-1.121677065687921360e+00	7.144283868692961059e-01	1.214024943185535221e+00	8.199443748020796008e-01	4.041740149314520636e+00	-1.002923636498926241e+00	6.280246199136696461e-01	-3.674953826268031465e-01
-1.540162650819343337e+00	8.160633183796217605e-01	2.631772134783655570e+00	-1.428350372555797776e-01	3.052710759606878099e+00	-7.347343621364131883e-01	-1.104421883973384089e-01	3.920130939386505531e-02
-1.284687616806747146e+00	1.137246597483218880e+00	-2.287179743287053313e-01	1.488996840646645281e-01	-1.370772279151632189e-01	2.863560091595203971e+00	-2.093898604746608216e-01	2.653584936005800810e+00
-9.357174233690488396e-01	7.273502472589756795e-01	1.384513496968581503e+00	5.886587983836357729e-01	4.335228642833993007e+00	-1.014413508984734147e+00	4.956359867426980426e-01	-9.629128512050985633e-02
-9.541695379716192971e-01	8.046537312885720938e-01	1.203178292326349652e+00	-3.947734548553624712e-01	-6.399250641987593857e-01	1.615842473893810860e+00	1.194609062024560853e+00	2.701014332091575820e+00
1.151033791266542483e+00	-2.988396077592910260e-01	-8.992029989171523852e-01	-8.511179190842567133e-01	-4.971446037476360408e-02	3.264782569169219162e+00	-8.438541463572476475e-01	-8.162599800229727864e-02
-1.264790295091444916e+00	1.323666495046533331e+00	2.136007074657015892e+00	-3.348833886296473383e-02	3.698103236491607770e+00	-9.207199747788470390e-01	5.730424966287450683e-01	3.874217393988650671e-02
3.227798948898434883e-01	-7.666209847738969518e-01	-1.385658271443479084e+00	4.685105756359980722e-02	-1.222675361190187049e+00	3.012838517915159553e+00	-1.098415745327142146e+00	-5.144120984210220904e-01
-1.444118588079995602e+00	7.420029550789840611e-01	2.856978664257886269e+00	-8.760804766178097169e-02	2.907782783286807948e+00	-1.036213545112938395e+00	6.742656446807062665e-01	6.785426191824171782e-02
-1.000136478758394176e+00	1.209657059216370456e+00	3.770679123066727811e+00	2.786947869330779204e-01	7.617456480794564389e-01	-1.540107962205842229e+00	3.094109584989216399e-01	-3.554549841448279013e-01
-1.050850297907145903e+00	1.547015069949911892e+00	2.383892399303955578e+00	1.638450855625292468e-01	3.352331293730758333e+00	-2.940980536875452134e-01	5.583730668010696840e-01	-1.190633794195897210e-01
-1.121188340961914554e+00	1.319775845127948877e+00	2.894101891830568540e+00	-3.506885018157993722e-02	3.418724672288344646e+00	-8.613326343593711298e-01	8.763537841755270064e-02	1.444298620085353591e-01
-2.297167171857300794e+00	-6.619000397712410111e-01	-4.971933332456117682e-01	-4.154913677318636256e-01	-3.113491012085724541e-01	2.472902550611734362e+00	1.949607871384111402e+00	8.521325674397146610e-01
-1.324816533946554076e+00	-5.455098606867151423e-01	3.326029575914432268e+00	-2.925827819693027632e-01	3.039864199247974685e+00	-1.353083148611855968e+00	-2.945516407179060159e-01	6.945826819108159855e-02
-1.323812190823874912e+00	1.434374260614810215e-01	3.132436617217599029e+00	-2.350802455404319424e-01	2.977734818772222791e+00	-1.426962544429150714e+00	-7.188035547342667142e-01	-4.467935562946696026e-01
8.232975418703775139e-01	-9.278666854163968303e-01	-1.171197324966656295e+00	-7.852721792207456586e-01	-4.459311152017915447e-02	3.534312231850761155e+00	-7.315181676064672622e-01	2.916893193260326478e-01
4.620591429142010265e-01	-1.215984616258786843e+00	-1.212638050692734781e+00	-8.929533779353341361e-01	2.985359248791488174e-01	3.363782614973829244e+00	-8.577210292125728719e-01	4.982457357164540301e-01
9.393108520435947684e-01	-7.325708131926086386e-01	1.904299015072567214e-01	-1.399071457769568871e+00	-1.016479770365777080e+00	2.744542728262722608e+00	7.450452721400483425e-01	3.429259962515489313e-02
-2.453321609123753966e+00	-1.465911951783793077e+00	-4.842179619125260293e-01	-6.867681012701517540e-01	-1.169507488047577315e+00	2.254407015077623644e+00	5.928365530732196964e-01	-7.141656047832911636e-01
-4.294409165790969984e-01	2.205888756368957204e-01	1.324054560845302930e+00	6.815634603107638689e-01	2.974555687392489434e-01	2.694771132947286763e+00	5.053228133924284604e-01	-3.458613023317281265e-01
-1.655620215160520825e+00	-2.878440540633156464e-01	-4.778996096495441992e-01	-7.721611739382621131e-01	-9.819531468244760974e-01	2.093340445111818049e+00	2.426359066126864139e+00	9.182387785938885827e-01
1.399814593158279052e+00	-9.780316874107801706e-01	-6.103595649602017170e-01	-6.870901974515856159e-01	-1.551308301317817218e-01	3.104964195090185175e+00	-8.473202281544268688e-01	-8.790564882711915384e-02
-2.560395862430706604e+00	-1.799944764904277461e+00	-6.970267210090750343e-01	-1.196687403796863780e+00	-4.528818765281010794e-01	2.094803949332714854e+00	5.229084782531560061e-01	4.136872623271561911e-01
-4.784225930221076561e-01	4.316196458578283601e-01	3.368786779952987143e+00	-5.402489046036331594e-02	2.579826207360818469e+00	-1.470760197541824077e+00	1.170874458017611586e+00	1.340050900079138851e-01
1.613019853143811577e+00	-6.126475500971573229e-01	-4.874144997896874831e-01	-1.130435367633264798e+00	-7.374280219338211761e-01	2.773344062471882143e+00	5.062467723671708608e-01	3.331346105125555790e-02
-7.513548877113372937e-01	-1.900674977976091640e+00	-2.324810775992764700e-01	-6.376806269820578521e-01	1.958254029745412295e+00	1.197021377622353944e+00	5.575287635587986568e-01	-1.620355994683815748e+00
-1.185412773551386856e+00	-6.897618662276662205e-01	-9.908599594884827735e-04	-7.067196972777030073e-01	-2.431639525521983036e-01	1.776235022034223343e+00	1.761488177610410488e-01	-2.280765475785707874e+00
-4.110556889977995398e-01	-6.206428445888283463e-01	9.476954149215904843e-02	-2.760006851377796999e-01	5.221307221904375462e-01	-7.920475718281581035e-01	5.356054816788913264e-01	-1.431299464352632000e+00
1.655135317634667036e+00	-4.293504364426812825e-01	-5.814416600590334161e-01	-1.222860916823836464e+00	-5.071466480739150740e-01	2.712082325002773686e+00	5.358509782720496384e-01	1.899200648839634020e-01
-9.028815264599896473e-01	-1.358398076748209116e+00	2.405550266940828408e+00	-2.199876144616087215e-01	1.934152017787543310e+00	5.928104646670782074e-01	4.497236631952623576e-01	-1.275181625913757166e+00
-1.573885126638677523e+00	8.459417780404611120e-01	2.658821640421625165e+00	1.121063615454659823e+00	2.063621053029344843e+00	-6.296535184084505188e-01	-2.984142962070103489e-02	-9.694820135373358738e-01
5.171936885586844168e-01	-1.381338211123082305e+00	-1.026447652742545458e+00	-6.149388401388882208e-01	-1.790533655725269277e-02	3.201202518581350187e+00	-6.683818463172375157e-01	8.742353919035629473e-02
-1.617767730528285153e+00	8.389026679815511089e-01	2.423408057716726294e+00	6.093667914101859040e-01	3.507280604236282517e+00	-1.155863460787385222e+00	1.770634811241791617e-01	-2.019917672423149624e-01
-7.450300193044759878e-01	-2.408833002386460698e-01	-6.519527257940057607e-01	1.369208454042950107e+00	6.841503626614403588e-01	2.073924023672907957e+00	2.053634583316250872e-01	2.567507759324556105e+00
-1.742829565849905560e+00	-1.083275593634715150e+00	1.120684574558494795e-03	-1.250522540198995447e+00	-9.071734495313255042e-01	1.971406078791528627e+00	2.514410020048480909e+00	1.883646487135616776e-01
-1.146785275166815277e+00	9.172995756165265302e-01	2.685553321573259655e+00	2.137232707928732323e-01	3.133056337807834435e+00	-1.266755664800170711e-01	7.481987420943760903e-01	-5.005329619745936265e-01
-1.178554746146344367e+00	5.529270186946588783e-01	3.744788049143588093e-01	-2.058175657182317042e-01	7.462549369511504160e-01	2.093198633703958755e+00	-5.781654105335210653e-02	2.708765079025417855e+00
1.053144012207667846e+00	-8.048616585612630159e-01	3.039254117245806519e+00	-2.575898189618364698e-01	3.394986754779518723e-01	1.052473689978190574e+00	8.220659413634633372e-01	-6.258033235480702228e-01
-5.687577511514535500e-01	7.424352432917330491e-01	8.228594665444296519e-01	7.674240769921567562e-01	-1.505929126904187232e+00	8.634466121747073064e-01	4.214006578440057660e-02	2.224884226541178123e+00
-2.439790459965110181e-01	-9.594434000334666202e-01	6.734638659733185317e-01	-1.557328944709860163e+00	-8.011805788699276343e-02	1.583156176311799612e+00	1.683749042517154182e+00	-1.585015347479074910e+00
-1.130903252281723503e+00	1.069978150935922967e+00	2.663090726511566864e+00	1.574485582524394744e-01	3.325127061337104450e+00	-8.253282318571720788e-01	2.356991075252201917e-01	1.600095819760392890e-02
-1.365857340125104624e+00	-2.475045355045443762e-01	-1.469289082608081776e+00	-1.284661596122701255e+00	8.524394380255562176e-02	1.223950220536845546e+00	2.175678223925724186e+00	4.673034147766843560e-01
-7.630234579586401278e-01	2.923967950377603375e-01	1.716636729786462645e+00	3.889016461756502063e-01	4.548140989119128896e+00	-1.177353323983547417e+00	1.749715404137287822e-01	-2.399262201838287673e-02
-1.517238086831901978e+00	2.667446007819891385e-01	6.747133384354294661e-01	1.273724300840343826e+00	-1.022623374621429937e+00	2.238159742568801569e+00	-5.786566604433142080e-01	1.892055299910760713e+00
-1.180580788381017543e+00	1.297997317966423092e-01	2.554509894341825849e+00	-4.853747229290413245e-01	1.880358092858381402e+00	8.549812584356387690e-01	5.542698975981485976e-01	-6.935828398134183947e-01
-7.459229154839188691e-01	2.738924433896450794e-01	-6.277227688223103730e-01	2.286909613700302546e-01	1.187702640522840358e+00	1.660708754042353519e+00	4.941527887144525621e-01	2.919260969768729730e+00
-1.083550864308145734e+00	6.822215686147452551e-01	1.721671531460621463e+00	5.769316312710021100e-03	2.209655581129525537e+00	7.885805662509699498e-01	7.655368996976498197e-01	-6.806817670626628125e-01
5.855027657307365629e-01	-3.458990753939042984e-01	-1.193499619869958339e+00	1.087271374432227100e-01	-1.047832820865838288e+00	3.246943466604333306e+00	-1.211276517824405152e+00	-7.422641647237659956e-01
-4.181703497930900348e-01	4.445177139943537470e-01	-1.090674338873186766e+00	-8.662077884694152630e-01	-1.172443226045521314e+00	2.042420264247483352e+00	-1.425341735780011110e+00	-2.104119417007991044e-01
-2.867266330619214099e+00	4.542050822467796900e-01	-8.219277168760896757e-01	-3.446266983431565678e-01	-3.946837776603712711e-01	1.687639035642760632e+00	1.278573205912147515e+00	-7.332504203353416850e-02
-1.685318865651609377e+00	-4.925962184666061727e-01	-1.276571082110861677e-01	-6.578214851850390232e-01	5.677707046977142902e-02	1.542530930521182286e+00	-5.453389882850858683e-01	2.263415823180617181e+00
9.540834510367507404e-01	-8.719106058003736059e-01	-9.803892531152620382e-01	-9.275680220429759482e-01	-1.032240897462749218e-01	3.323442679772707908e+00	-8.402202193031850230e-01	5.005270958286633931e-02
-1.314660801206142260e+00	7.504551161757965216e-01	4.765649445696813480e-01	5.554336710232357643e-02	1.723139779304536934e-01	2.154299737830684958e+00	-1.015388761644081400e-01	2.827499361818850865e+00
-1.232825571153717492e+00	7.580041859150995487e-01	3.177302494155137769e+00	2.043801720720829218e-01	3.370740636472477014e+00	-1.009196243611820920e+00	-7.049759722234222314e-02	3.270120296701077289e-01
1.230082689182712130e+00	-7.796332804547333462e-01	-8.103595020028814266e-01	-1.463819962866871605e-01	-1.971044678631565850e+00	2.155995981006974205e+00	-2.072240838399066754e-01	-3.635946069112139245e-01
-2.923187007457890563e-02	-1.086522051794218013e+00	1.344487164545657309e+00	1.860788744093229585e+00	1.141828494955458240e+00	2.194727814065776106e-01	1.969595733581382735e+00	-1.721027563453518372e+00
-3.557388941168898588e-01	1.875924919262900170e-01	4.678022184911175829e-01	-2.855924500242090769e-01	-7.746942071025969545e-01	2.799551751283411161e+00	1.998058922661394288e+00	1.665830865013548268e+00
1.402236647424404570e+00	-1.045320012508065277e+00	-7.415024162962754462e-01	-9.612192754341825074e-01	-1.195180156029199026e+00	2.544939278505985669e+00	3.237343848878631025e-01	9.320521197342793163e-03
-1.434052335698447145e+00	-3.432841222623743693e-01	1.311040956405812752e+00	-6.106918470950101901e-02	2.427339153293947838e-01	2.577635199562605450e+00	6.095619443628691458e-01	1.956388751003594217e+00
1.328152379344609724e+00	-4.152462776239201347e-01	-1.123368676637107821e+00	-9.711659196084180268e-01	-6.077118537306814838e-01	3.443540398600061891e+00	-3.098149737744789189e-01	1.653405580757901783e-01
-1.827944159605332519e-01	4.399320073019347688e-01	3.359238226657956794e+00	3.599744224225933098e-01	2.321274707940783166e+00	-8.203765425834276259e-01	1.354546402796062310e+00	-1.728725145692171228e-01
-6.853457068574072553e-01	-9.829340225388401020e-01	2.370909780403165912e-01	-1.490793611585427447e+00	-6.291231506881017621e-01	3.091257875153534673e+00	-7.961609607688485690e-02	1.256250828932542474e-01
5.196029031418093469e-01	-4.995857906001244797e-01	-1.353126468217462186e+00	-1.621613210232851765e-01	-1.385473987349149505e+00	2.621203078234483286e+00	-1.135690046778695450e+00	-3.478602931585142999e-01
-8.620123312499117230e-01	-1.748951193962212880e+00	2.053904461677955595e+00	-2.797937230053263447e-01	-6.942262929645186542e-01	1.015648571474214168e-01	9.180897627319859478e-01	-1.597660094253025909e+00
-9.123869025537795219e-01	-6.597393644241381638e-01	8.795572956278502330e-02	-1.274602645570206638e+00	-2.556734247854220432e-01	3.182377514830329712e+00	4.579173548966622986e-01	-5.413736045266941410e-01
-1.625415424656545094e+00	9.886835914799780856e-01	7.179145912493848369e-01	7.147791521661683856e-01	-9.853852665266200628e-01	1.704339011853597929e+00	-5.250829356196947684e-01	2.071937337532989254e+00
-9.223409693750864724e-01	9.790098853985148564e-01	1.094822419536435110e+00	4.237413149563787340e-02	4.342527729430871730e+00	-1.173524546404728364e+00	2.920781171039094071e-01	-1.433334299353650719e-02
1.045695884172558543e+00	-7.447661496549790039e-01	-8.325050133954712273e-01	-9.586670348848600476e-01	1.562515690718975780e-01	3.325412668044617881e+00	-6.551616581903929593e-01	-4.934128220901744244e-02
-2.523515575805866384e-01	-1.268853560089662658e+00	1.641812855243868441e+00	-1.701072746168014183e+00	-7.779231439620357125e-02	1.544793046334581144e+00	1.578273471052014765e+00	-1.709130356454151567e+00
9.301967034281403146e-01	-7.500599935926877126e-01	-8.255137319449408206e-01	-2.880800328923029952e-01	-1.779403164725483988e+00	2.417397881270400450e+00	1.717357331477713245e-01	-7.842723324664079287e-01
-1.490581870134772613e+00	-1.205860994528673791e+00	-6.248348801878165215e-01	-1.851173531467463329e+00	9.814765542449890856e-02	2.726749451019464310e+00	1.016001409995745508e+00	-2.572930667825163442e-01
1.067194711315785582e+00	-8.312929470287981903e-01	-1.017781764340960127e+00	-1.081481518100030570e+00	-2.292407188346184121e-01	3.243236623669581320e+00	-5.924610911790039181e-01	1.378162173959623371e-01
1.683874373880087649e+00	-7.556060178531512905e-01	-7.029257816553701188e-01	-1.059763243716159042e+00	-1.033335039340872674e+00	2.581336536148476579e+00	1.828339154378316456e-01	1.824555589621668639e-01
-5.851011815121371917e-01	7.921691162088704274e-01	1.793374973911890269e+00	1.050726731265242408e+00	4.012337146640280849e+00	-1.227235268603866558e+00	3.419490320759946966e-01	-2.836346191046438259e-01
-9.760820761248322208e-01	-7.493945873737725138e-01	2.288130063529993485e+00	3.056202291626417544e-01	2.176366386647885065e+00	1.423342174175433961e+00	7.960524175217786880e-01	-1.114017846031082337e+00
1.198311942921304052e+00	-6.900640102081548877e-01	-9.798164954752013323e-01	-6.276421680810766457e-01	-2.755638648520805645e-01	3.557678348960223946e+00	-8.574758419305876789e-01	-1.297522902097938795e-02
-1.167916322091604675e+00	5.349182155266274385e-01	3.066709103607453635e+00	2.143672602042445141e-01	3.431158107997823059e+00	-7.626131103481056384e-01	3.934344618394061133e-01	8.695594829547174942e-02
-1.637377760296170548e+00	3.229139002676603143e-01	1.284611143873923611e+00	1.357125922616587266e+00	3.422509950245423926e+00	-1.712041780005286284e+00	-1.543619713044727115e-01	-7.166474792020609552e-01
-2.870479641397384873e-01	-1.010590795930788488e+00	2.546184809813325955e+00	-4.823965626229740483e-02	7.262154177185253801e-01	7.577299628886520200e-01	1.927693751047759640e+00	-5.691751457157020466e-01
5.976349753907835849e-01	6.606114124962826351e-01	8.213807897282543458e-03	1.301304874342473106e+00	-8.479952854536078055e-01	5.939642274591311333e-01	-3.287836511759115732e-01	1.969509619822124025e+00
-1.281285191635063603e+00	5.392033495985603109e-01	3.230041760772491166e+00	6.696539343315727200e-02	3.529658251145843639e+00	-9.031386767949489691e-01	2.639882296719627819e-01	-4.248158118745106182e-01
1.885383454564393269e-02	-7.638906499642023062e-01	-1.413433314672193131e+00	-9.118157540701651298e-01	-2.807662111160790785e-01	3.157690148610078129e+00	-7.975756419315728207e-01	-4.010145578163230584e-01
-5.709691752953716115e-01	1.009653988314793249e+00	3.144351743672370247e+00	-2.158017961162641274e-01	2.239913643809843702e+00	-1.306018863383954454e+00	1.200836892262044042e+00	-2.941709133934357623e-01
-9.976605362633879093e-01	-4.352241871546339569e-01	1.298834825341750987e+00	-2.335880683552845616e-01	3.906439740279739503e+00	-1.672428366350483975e+00	-1.849538729714450547e-01	-1.256331243073967596e-01
-1.712804929645361796e+00	1.356279013043873716e-01	-4.875401594391795546e-01	-1.563574995994716055e+00	-6.200431981132596970e-01	1.753548481351577371e+00	2.155593009317952280e+00	7.452108020790007004e-01
6.074448781702069811e-01	-8.689766681679687022e-01	-1.228802580528115751e+00	-9.360695137849482927e-01	1.151432142394587521e-01	3.484805622308192685e+00	-2.879891112668305775e-01	3.125124467270284923e-01
-1.767290615180947766e+00	-1.174594903111756850e+00	-1.595359265717791464e-01	-4.317080675951728841e-01	-1.575274993139235358e+00	1.390235578921076298e+00	1.960280647211697591e+00	-6.186637069663489807e-01
-1.518193764851925476e+00	-1.498124712505555456e+00	-4.943636236279779772e-01	-1.390980931131532428e+00	-8.264557289367339132e-01	1.840590454634482231e+00	2.231419232708745870e+00	5.516622498487633308e-01
-1.509525223021204399e+00	-3.291789272890284779e-01	1.312096586302629042e+00	-7.514210274514432353e-01	5.604819846132833572e-01	-2.091232875413356548e-02	-3.096791477354787214e-01	-1.768418223001718692e+00
-2.026438586435471478e+00	5.591676010594179846e-01	2.980086143281050148e+00	7.777207869851110456e-01	2.157980519806092179e+00	-1.222321827939470751e+00	-9.378843551263604805e-02	-7.108304351535880139e-01
-2.233728535542760962e+00	6.442249975576578302e-01	2.673623507873447158e-01	4.707330734546231743e-01	-5.250374237761112894e-01	1.448921805261330631e+00	-3.403691351558899014e-01	1.387568559672602175e+00
-3.428484970616413885e-01	-1.315895566016344942e+00	7.667272599179709713e-01	-1.366580109925882969e+00	-1.424127903099967410e-02	1.381311117360375817e+00	1.737101216912652069e+00	-1.620632164332388436e+00
-1.428161109534265838e-01	-7.561048428603098781e-01	-1.417550054434540296e+00	-2.959034131065195194e-01	-1.098850628576556465e+00	2.872540615679073817e+00	-1.097879881832189097e+00	-6.692298579930469060e-01
-3.478658888878013999e-01	-2.306231166956084433e+00	2.466275545849569983e+00	-7.760594372023592591e-01	1.976630312124349198e-01	7.090672805004150092e-01	1.459769473073763812e+00	-1.025962356748372883e+00
-1.529099678763326864e+00	7.809675733433244504e-01	6.829145040766593233e-03	3.775884956409849003e-01	-1.758174823031783518e+00	1.649047504334861136e+00	1.404000126067090237e+00	1.484003737553690749e+00
-4.186921636958232940e-01	6.621044843320157414e-01	1.053769447380052515e+00	-2.862172905535272927e-01	-4.676024719741699309e-01	1.493481987945796119e+00	8.539122027955139416e-01	2.879736227712732521e+00
1.373311156657202048e+00	-8.976155933300272727e-01	-8.938779880605771666e-01	-5.602462487331316687e-01	-7.732890227757723833e-01	3.137546955798617976e+00	-5.026447205148668607e-01	-1.621140926583418407e-02
9.747771820004390575e-01	-8.550133001335504801e-01	-1.115198551899639234e+00	-1.099451615049947595e+00	-3.739862516826807370e-01	3.394323115338422792e+00	-3.830809092180150754e-01	2.130017873956261965e-01
-8.281723504262782365e-01	-1.111832599018764300e+00	2.232839711715945974e-01	-1.490706811420409617e+00	5.237799534509064436e-01	2.290239369530420621e+00	6.928839635655723583e-01	-1.578084421762966816e+00
2.232409012660750980e-01	-1.009295426544174756e-01	-1.469988822336026235e+00	1.873777122697246611e-01	-1.011777850527401101e+00	3.505516195862814488e+00	-9.357534512562947215e-01	-6.581320602783902185e-01
8.448713020727532941e-01	-1.293604416759720488e+00	-1.029384772427364148e+00	-2.968501972909788900e-01	-3.483934708451755791e-01	3.140117155439282381e+00	-9.259215082376686112e-01	3.281321486423301459e-01
-1.307114664689061900e+00	8.647590944717784556e-01	2.545736002363570449e+00	-2.327555547156538035e-02	3.628455773738640033e+00	-1.205193133247675075e+00	2.903110912844094615e-01	-3.977871897189371175e-01
1.055591145438040446e+00	-1.028542020331536744e+00	-6.826481365497535370e-01	-6.492089939183716130e-01	-1.921104941764865265e-02	2.876256303514474144e+00	-6.686393566725435944e-01	-2.668623305734681983e-01
2.454263011940125416e+00	-6.375786543861762246e-01	-1.784548255702353425e-01	-8.399989264497520480e-01	-9.631909483375887815e-01	2.671001900516245087e+00	-3.212190412582450194e-01	2.764109138627761642e-01
1.202736356421857167e+00	-1.101002857531277801e+00	-8.399735105953750613e-01	-4.068181543324821958e-01	-2.646759523777943435e-01	3.112462958002154778e+00	-1.057783935982449686e+00	2.302620384389711949e-01
-7.823009839668028098e-01	-4.358461430982137896e-01	7.083603541130591985e-01	-5.339847394152313909e-01	-5.457372140565726060e-01	2.212198956285686080e+00	2.281537508076699083e+00	4.262613511786169651e-01
-1.077534708507211114e+00	5.876099556989313744e-01	1.181402488700154407e+00	5.811540422132659423e-01	4.121155492245346608e+00	-1.106475402286869247e+00	5.724393684350380651e-01	-2.957988623715688270e-01
-6.214724830320254023e-01	3.968446652558824117e-02	1.552473856247534867e-01	-4.855822908440445840e-01	-3.958805377282159088e-01	3.330921016694636361e+00	6.061668084493752051e-01	3.686203522948303113e-02
-2.090580981097726720e+00	4.051451789652123492e-01	2.645700687229840753e+00	1.455582178136105131e+00	2.755152817576479229e+00	-1.114404864642728032e+00	-3.862513334696967005e-01	-2.878133560211475483e-01
6.153738208050850700e-01	-8.208686959301170205e-01	-1.331031763240328347e+00	-5.705136840478652882e-01	-7.236977207731213335e-01	3.429567093775920394e+00	-6.334213107700706891e-01	-1.581234537421950526e-01
1.464712123970412616e+00	-9.130158141106033964e-01	-9.501494167074235886e-01	-1.058901970141778115e+00	-3.903185804548529036e-01	3.231674508784195599e+00	-4.670871880758699080e-01	6.282458082018034240e-01
4.330823864146167157e-01	-3.573284213214893423e-01	-1.329097185381024504e+00	-1.411062141699400141e-01	-1.313713398199775728e+00	2.614320794697635897e+00	-7.022467125405382760e-01	-5.670000469149901745e-01
-1.589218870087438340e+00	-3.720477296161008862e-01	-1.321835086842418683e+00	1.521302868555451271e+00	-2.445654690940579634e-01	1.678137266821353002e+00	7.466543308311714977e-01	8.974456222079263412e-01
-8.397804106310996497e-01	-9.274051044475433159e-01	-7.255095489451993118e-02	-1.438350157045816591e+00	-2.873699389595078535e-01	3.257416988303977856e+00	-3.879789212810219601e-01	-1.775747569997555564e-01
-1.137588923907864258e+00	-1.615097130116848634e+00	1.930857918853061239e+00	-8.243421124777425835e-01	1.327844860629354251e+00	8.413170711515400857e-01	1.717159477975435389e-01	-1.101719392558048849e+00
-2.535583110483420111e+00	-9.149627333951885211e-01	-7.409259115433906029e-01	6.718535205800963972e-01	-7.693855322241864858e-01	2.217551438400982011e+00	1.377014350554902622e+00	2.295707344427220242e-01
-5.452226638073900400e-01	-9.446991716321643251e-01	1.006985804927166051e+00	1.521908805571293710e+00	1.212883493686853775e+00	-1.553023553737591100e-01	2.006580087202031848e+00	-1.437094631553124557e+00
-1.023733997002211460e+00	3.884429928961823375e-01	1.403113972791551145e+00	8.482523980943361686e-01	4.246826274697295567e+00	-8.702146838134782181e-01	3.341721335984519925e-01	1.619736918654884894e-03
-1.941252645423311440e+00	1.045030665319484214e-01	7.360403044393842853e-01	7.712416995344268944e-01	-1.129775161964182484e+00	1.611718767954302134e+00	-3.221179224368009297e-01	1.937702274331476238e+00
-1.866454967452315872e+00	1.156983481613459208e+00	2.734385444263150777e+00	1.033775148104238317e+00	2.536875597912179980e+00	-1.092188162026705989e+00	-4.416841711099345757e-01	-5.267640614816915257e-01
-9.456660080898224852e-01	-1.964209845003973276e-01	-2.932993448321739027e-01	-1.901528633641180299e+00	-5.811263125132649643e-01	1.348303946969771516e+00	1.413821050613644825e+00	-4.112430634881303337e-02
1.599938089140727104e+00	-5.242956256807905779e-01	-6.342109943385092485e-01	-1.119496793671409529e+00	-6.610846068304953027e-01	3.005644313834398229e+00	6.623021110501962072e-01	-1.769916690309486507e-02
-1.378922554436032399e+00	-1.770813978663255295e+00	1.886334811511405807e+00	-1.090875529027337087e+00	1.189533390029987814e+00	8.636761291765377990e-01	3.990608632688055213e-01	-1.008526602914195935e+00
-1.987351987100014483e+00	-4.024565592067847475e-01	-8.685636308434215858e-01	-6.159358846533222742e-01	-1.913108092500428736e-01	2.634360391314627847e+00	1.846389055603780305e+00	4.066579640559952469e-01
1.322109246270685823e+00	-7.725534274732797080e-01	-5.523592108115115140e-01	-1.351060855323617249e-01	-1.730548241311906210e+00	1.990919286861614790e+00	-2.341405130559158221e-01	-6.380768851382604412e-01
-1.267103901486122952e+00	3.666332567067265291e-01	2.539027074043343823e+00	-1.588942712739037019e-02	2.122842907996670636e+00	-1.775248038474567247e+00	-1.123371174394111272e+00	-1.068473070180886886e+00
-1.545459526033044373e+00	6.245712924410553590e-01	2.588194560340564276e+00	1.243938971097186541e-01	3.274736434548175534e+00	-7.720148045532670977e-01	5.125340633581907390e-01	-1.268962671043529777e-01
-5.058574595623385184e-01	4.182492406523877770e-01	3.247421540601417522e+00	-1.083709294680506446e-01	2.466305716983044682e+00	-1.558981277128048237e+00	1.113509509098795203e+00	-1.012680833316234180e-01
-1.280495380530901395e+00	-8.532867688773465575e-01	2.126353589127407684e+00	5.310630330266878918e-01	2.328357303424454905e+00	1.107816794748023526e+00	1.173294871043675469e+00	-4.591898935234562384e-01
-1.048075162518517844e+00	-9.337718636265029959e-01	2.008758171570458106e+00	5.119320860193419254e-01	1.805038451749737538e+00	1.289632187580635803e+00	1.146056183121894723e+00	-8.414737947962482867e-01
-1.156739630469397984e+00	-1.696182640223879323e+00	2.276756682750428418e+00	-5.465896686561627638e-01	1.819775484128145049e+00	9.454612697070037264e-01	3.224012855436181324e-01	-1.082855389974314519e+00
-1.593804525544503026e+00	8.059219977652439804e-01	1.925588628661520474e+00	1.173706766113755684e+00	2.113127410673969475e+00	-4.992323395666846131e-01	2.517339207838618087e-01	-9.363106489124585208e-01
-5.479321434194011076e-01	-1.269216362129646170e+00	2.332797783976911621e+00	-9.862819260622878170e-01	1.387208653235284972e+00	1.125237424668593889e+00	3.466148195199836302e-01	-1.463091990352148208e+00
-1.171688284766335464e+00	-1.554212927311057424e+00	1.685179249147769287e+00	-9.398856408391753625e-01	1.045494632475472807e+00	8.142792510045789856e-01	2.474740846544221939e-01	-1.366093190074776365e+00
-6.393651308085719354e-01	-1.655715946796319393e+00	1.956732058169703414e+00	-8.231150102939314150e-01	1.243706157112688837e+00	9.170485979291511658e-01	2.770527554615940247e-01	-1.104003791089780195e+00
-1.873649456532060498e+00	-4.727607391659217617e-01	-1.118100078339076264e-01	-3.596532185596625353e-01	-1.351343471710034772e-01	2.716934615169048772e+00	1.501472646657755039e+00	4.300900011812958668e-01
-3.732544613795327204e-01	4.971485036226295229e-01	-5.483806720650993283e-01	8.815263824248633640e-01	5.021343312808320691e-01	1.481883056813483535e+00	-3.262029575797052439e-01	2.546794514498748274e+00
-1.224818657293978319e+00	-1.815163841471937323e+00	2.013011281007418329e+00	7.341977328973035011e-01	7.679318801107709591e-01	1.994887640092749270e-01	3.378990533617050041e-01	-1.588207958763498295e+00
1.330221836403268743e+00	-6.401660281480400227e-01	-1.085910677857330198e+00	-7.082089542799320236e-01	-3.299856251656482775e-01	3.499886703017814682e+00	-1.261021539463038632e+00	4.348434037832932253e-01
2.879034120164314370e-02	-9.755303028331879789e-01	-1.002549615333116151e+00	-4.723126303514788016e-01	6.192471054083515947e-01	2.701614912815540670e+00	-2.619633060215278975e-01	-9.061006719031633461e-01
-7.438760054715617964e-02	-1.066937706029780220e+00	2.423694786072356777e+00	-1.727518311433122178e-01	1.216138002434522525e+00	1.452476433341839179e+00	-6.670652193945164621e-01	-9.049795126756886576e-01
3.223797320896893970e-01	-5.877583107400512485e-01	-1.355605713320713113e+00	-3.403422733982885418e-01	-1.187203406458327226e+00	2.811944758196077920e+00	-1.242758759444941630e+00	-6.855692888699185250e-01
6.204175682835700867e-01	-7.067491743108051949e-01	-7.546353657967185269e-01	-7.529302366296277693e-01	-5.497762347871071320e-01	3.463186552620669989e+00	-3.850416587138060787e-01	9.921023488770312759e-02
-7.235829529749534528e-01	-6.526490314316265584e-01	2.645807299954169078e+00	4.826306829267703047e-01	1.716056850269042755e+00	1.318352191508220583e+00	9.885916398359113622e-01	-8.457275830227438673e-01
4.142313947698218479e-01	-1.141267534894333968e+00	-1.198338980279174182e+00	-2.526688865775778559e-01	-4.340613691057977341e-01	3.093421233887266641e+00	-8.057404701910381162e-01	-1.391224247070545900e-02
1.739317671450133496e+00	-1.132176712598977009e+00	-2.490568086031527406e-01	-1.058942612014684315e+00	-5.200020725522240816e-01	2.295105794638631735e+00	3.731926957351422436e-01	2.227507338006664561e-01
-2.076346359823511012e+00	1.229341535279512287e-01	-4.243796615508986791e-01	7.729715532709621750e-02	-5.865498116500434955e-01	2.026092710140330322e+00	1.416921773480595670e+00	-5.919294055908522756e-01
-1.371004900766528589e+00	3.078850611091398237e-01	3.345031982780425128e+00	8.430476583378440636e-02	2.954603225387299581e+00	1.713012900827465268e-02	3.615551130969867355e-01	4.237598280013625818e-01
8.744147339039382016e-02	-7.710840336892188507e-01	2.584979194915252965e+00	3.319334787614414140e-02	1.010281412007374202e+00	1.109912225770390171e+00	2.049885247188937942e+00	-5.363471415123540753e-01
-4.337753258717905736e-01	6.626432182392403281e-01	3.612774864222358495e+00	2.308190985087247848e-01	2.550891892492421320e+00	-1.677138157981767019e+00	9.350697331803121681e-01	-1.355341239675968978e-01
2.117417906866609467e+00	-1.047722805767903997e+00	-1.501724540649230222e-01	-5.352560970982782607e-01	-8.108320984716336222e-01	2.647359572695169749e+00	1.597278943766886339e-01	8.521082468479375394e-02
6.681399100871715513e-01	-9.099397031232641098e-01	-1.265901681718697880e+00	-9.350597082830022222e-01	-3.175117642546796404e-01	2.902271036196441223e+00	-4.958118791514445900e-01	4.474764142007034984e-01
-9.037821770887876083e-01	1.174371436138748725e+00	3.640430056442891082e+00	7.923111406321876604e-01	1.247346755157320075e+00	-1.590159297264513549e+00	6.678483478021524089e-01	-3.621123459165087599e-01
6.836126865584118972e-01	-1.042283504704801134e+00	-1.260565520965961195e+00	-8.139460770188234884e-01	-4.043994411659514454e-01	3.442302546406641905e+00	-7.055826041824706518e-01	7.424785441957855447e-02
-1.833164042768557156e+00	1.022850187031662528e-01	1.602317109773901405e-01	-1.085630280247393387e+00	-5.103416579791508756e-01	1.404931778662576569e+00	2.059228172320429096e+00	1.242059791553933090e+00
-3.939642072958501884e-01	-1.339552313441018327e+00	1.548602906644446886e+00	-1.459094659428089580e+00	-3.076260670304236666e-01	1.494186434323717227e+00	1.572902371590712001e+00	-1.720149013247102676e+00
-1.227966991207515957e+00	1.075842267233592109e+00	1.014928472898454226e+00	1.524087684395149855e+00	2.967714655038284022e+00	-1.283513686368431772e+00	2.933958498210004207e-01	-7.224669362543804096e-01
-1.342687894549143834e+00	4.762209384297346193e-01	3.474888781581112696e+00	2.492645090395904650e-01	3.241252760485820783e+00	-1.117224587434414884e+00	5.943630383758780056e-01	1.684079235776303474e-01
-1.747280016537651637e+00	-5.772456100068951157e-01	4.073151990980539150e-01	1.363034278864093118e-01	-1.375338106520020309e+00	1.344147937076502375e+00	2.024177680937588875e+00	-1.567158148631502546e-01
2.307882879484797201e-01	-7.560858345674197345e-01	1.448483757144318318e+00	-1.316250958005312111e+00	3.260771582697559734e-01	2.719464978121773679e+00	-2.331662154949007762e-02	-1.716298761948732210e+00
-1.140440730517153112e+00	-4.588566003567527418e-01	2.361395917748843942e+00	1.705782887689246463e+00	1.362007755436574818e+00	5.765713716125097088e-01	5.464016164981814194e-01	-1.289504061581160599e+00
-7.063365791254975212e-01	-9.464177183089300671e-01	2.357580071857769521e+00	5.525280156908933815e-01	2.207212164466365145e+00	1.389412588516871772e+00	1.111340027762792060e+00	-7.178891104776077281e-01
-1.732551791556878440e+00	-7.906843521756453663e-01	-2.491672220504290158e-01	-4.041529584214220150e-01	-2.252952574222421678e+00	1.930995460710366984e+00	1.248740566293775833e+00	8.376023885230895472e-01
-1.235819967165216138e+00	4.341587347425910348e-01	1.406555389529872357e+00	9.077984630342563754e-01	4.069808147894051764e+00	-1.280155657554327808e+00	5.354657196160674815e-01	-1.536147840419951616e-01
-1.167354116541781783e+00	1.121354741103604225e+00	3.398109273055770263e+00	2.524237009514981867e-01	2.882953433007616084e+00	-7.417332512217545970e-01	-3.791834563899267041e-02	-2.482968674946781917e-01
-6.161093186603171512e-01	-1.225388591265000049e-01	1.083271974975458907e+00	-1.563424845129359086e+00	-5.570106159735960238e-01	1.979697474978731941e+00	1.854748099528988670e+00	-1.322030283760662117e+00
9.239670960741449557e-01	-6.965706523878909540e-01	-1.150625643494323391e+00	-1.145615152916421353e+00	-4.127168577894000379e-01	3.369704777576361554e+00	-4.722803687728928668e-01	-7.790748718358485314e-02
9.192119159683181939e-01	8.648555000139580562e-01	-1.132860597836943040e+00	-1.178919037402906156e+00	-3.098839771463190312e-02	2.629404118398670942e+00	-9.295078096103505105e-01	-1.360574464017483276e-01
-1.436042629116019320e+00	9.195460884508833699e-01	2.794092421650639313e+00	1.026659591849761410e+00	2.416177882105532415e+00	-1.607152602126611818e+00	-2.892574027556448213e-01	-5.588587881696769344e-01
-1.159869957906766391e+00	-1.301609462225976843e+00	9.856211996045556312e-01	-6.544937152167240590e-01	-2.362247630469672677e-01	1.437470946354789891e+00	-1.323627518205073295e-01	-2.320745988203399168e+00
-1.212490504479580622e+00	-8.104892274562494059e-01	5.047894967206334460e-01	-6.843798686567613698e-01	7.921717290118293620e-02	1.204274150796790233e+00	2.614005454833201458e-04	-2.407828424193266148e+00
-1.079130748256722061e+00	5.303959937030710003e-01	1.330567517857279780e+00	6.539959587668213725e-01	4.223416829109177151e+00	-1.324230716461914703e+00	-7.826070945883915886e-02	-2.864577128151972185e-01
-3.015024899752574705e-01	-1.336858381288661191e+00	1.178895215351567494e+00	-1.682742235276172282e+00	-1.675974021984451279e-02	1.410084529731834735e+00	1.604322876385745555e+00	-1.538921282336849883e+00
6.385984247040109585e-01	-1.101340987333040866e+00	-9.946443293720612644e-01	-5.079608058785400893e-01	1.457095840896889261e-01	3.286351597520222434e+00	-8.214467514662332492e-01	1.277416263980314937e-01
1.329682431134017406e+00	6.162983606159263550e-01	-1.019987194144708287e+00	-1.446671780514944494e+00	-8.389701706284800053e-01	2.054147627667736398e+00	-7.327046765785577565e-02	2.174890928174104121e-01
1.779339761992729585e+00	-5.981432400783345260e-01	-5.412348555737442890e-01	-8.565010017534241404e-01	-1.034873615833823202e+00	2.524579785694395895e+00	8.751824993453222179e-02	-2.614236507976538601e-02
-1.154784822216600171e+00	-1.233988797385164427e+00	9.498180845631138958e-01	-1.642771246926712170e+00	4.071383291838126528e-02	2.471311968875932852e+00	2.017694373511324801e-01	-1.239098638998997082e+00
-1.141097344571635031e+00	-1.709780110819060672e+00	1.400672127249861898e+00	-7.043906338640107956e-01	1.529707283061814804e+00	1.018367399320990518e+00	-1.417777044723112223e-01	-1.121558464384934117e+00
-1.221651457486710557e+00	1.141368941445548568e+00	2.960603334862400349e+00	-1.153861614664047908e-01	3.167954511528114914e+00	-6.478628712624056041e-01	1.466104732191397531e-01	-3.447754941638860871e-01
-1.273825529796146716e+00	5.983701197285942186e-01	-9.094366898905040797e-01	1.547356634156061839e+00	2.580420801289620147e-01	1.562441477670285961e+00	-9.563259291579336852e-01	2.014003369432012303e+00
3.740327071786675450e-02	-9.409851534722648569e-01	-1.230341620460176255e+00	2.745254532862997365e-01	-8.314030462329101701e-01	2.734838127453433021e+00	-1.340340338180509683e+00	-5.298105231407993498e-01
2.845349660141882620e-01	-7.982118156198251269e-01	-1.313857474784982937e+00	6.798938785264019291e-02	-1.116493612519024348e+00	3.075574395584524723e+00	-1.144947056185877887e+00	-6.168538747988895343e-01
-2.603728870546558327e-01	7.632734367422704391e-01	3.245121772613885458e+00	2.275766301684485349e-01	2.130291745833941430e+00	-6.985391928932899175e-01	1.574558991686554998e+00	-3.188886061201446909e-01
-1.207957405392771966e+00	1.007775299570231820e+00	2.533879044624723242e+00	-5.448926103197292425e-01	3.185573784154289712e+00	-9.456222906182344401e-01	5.562580043379814487e-01	2.668788313069449247e-02
-5.784684997668197992e-01	9.853521947584198415e-01	3.219425090154918845e+00	-3.804290801830454427e-01	2.448121654238516243e+00	-1.519760218798622997e+00	1.094803086092886790e+00	9.938510662819015351e-02
6.481874035969598102e-01	-7.084249468016707851e-01	-1.290697617288642407e+00	-6.043607971571728354e-01	-7.443402505882146247e-01	3.410797529155679797e+00	-7.331146663831307198e-01	-1.691229883737881690e-01
-1.574857282756680021e+00	-1.138165304751232565e+00	-1.121367984189711509e+00	-4.130470173085987184e-01	3.005107906484081881e-01	1.552436176579689020e+00	2.870335607176784709e+00	4.770866828826796358e-01
-1.414783580471410174e+00	3.737910100248288958e-01	2.126498376117885947e+00	5.736696209348652875e-01	1.011985970524596823e+00	3.237722053627294927e-01	2.770539118212119734e-01	-1.163072574111259971e+00
-1.589565074817514301e+00	9.695376975158238597e-01	2.643611759814023632e+00	1.012498394389594880e+00	2.266607691009210335e+00	-1.358007959831475153e+00	-6.530570810258627679e-02	-6.432300634333618650e-01
-1.263861809682343518e+00	-1.871855890078949203e-01	3.477601737104280000e-02	2.132944591942154688e-01	1.165838976473518862e-01	3.318577651640746140e+00	6.451847075896903760e-01	2.874894027850149580e+00
-1.685326260400506149e+00	6.000972138188418459e-01	4.555342962447872512e-01	-1.417628021132878169e-01	1.786192620555238642e-01	1.757300899780492864e+00	1.737089833431698926e-01	2.091345811091178231e+00
5.022630702275514558e-01	-1.572182498162495445e+00	2.093014887620586073e+00	-1.377460617743830662e+00	-8.220886326230033569e-01	1.257068402006531249e+00	3.564123784057584565e-01	3.547499403410148133e-03
-1.239973006425861612e+00	-1.225994649518564517e+00	7.390471438221528633e-01	-4.662642090548117513e-01	-1.569897307912868634e-01	1.627781065639690050e+00	4.884138277969013453e-02	-2.308412769361748662e+00
-9.110774629698755733e-01	-8.687558611507287809e-01	2.252146106014515148e+00	7.987498800507555341e-01	1.582951183862713940e+00	1.282766076007094025e+00	1.190138091826718147e+00	-8.762186532865151589e-01
-6.831612402267270845e-01	7.821050451518262170e-01	2.489925192705222390e+00	-5.788549291801375896e-02	2.029177918891493348e+00	-9.895505207649329948e-01	1.571602352470478969e+00	-2.568897408294575357e-01
-8.528058870307358985e-01	1.322453666818313112e+00	3.564787996208169218e+00	3.923661873036626280e-01	1.011116674720018871e+00	-1.421923777013572421e+00	5.878102690632087679e-01	-7.083947450806572510e-01
9.860633437435101234e-01	-4.800604630498427894e-01	-1.092578762202798259e+00	-9.446870213488550716e-01	-3.606283868633565204e-01	3.256581974126635970e+00	-8.691849679840503162e-01	1.931572533426585414e-01
-1.507001970866440166e+00	8.893237485303224776e-01	2.951196243979748779e+00	2.505850292889752473e-02	3.396859711706949003e+00	-1.229265348082280163e+00	2.502426862189566226e-01	-9.887894282199435891e-02
-4.155011001386376135e-01	5.121193596284064897e-01	-5.359144380122361495e-01	6.973709426802594535e-01	5.804552045674319372e-01	1.467810571581367629e+00	1.457113513667807891e-01	2.726309963882111553e+00
-1.000767931849245063e+00	5.387148238159084057e-01	4.009527166210122284e-01	-7.627539343533631389e-01	-8.091675023804308919e-01	1.918220010064311642e+00	1.507651605773469461e+00	2.208208077214440124e+00
-1.523658256944915301e+00	1.160324820687587133e+00	2.182334890085374735e+00	4.753943702819415917e-02	3.356889680996780978e+00	-3.059900771574592393e-01	1.680190358804092010e-01	-4.872508913025903887e-02
-3.633058060898212982e-02	5.975647285762849537e-01	-1.522578159184190483e+00	-6.199387201563212324e-01	-6.269712916192311525e-01	2.273468582274015493e+00	-1.557331880399295487e+00	-5.653064325106031962e-01
-1.067381756441344809e+00	-1.741990530161663386e+00	-6.098548168102307931e-01	-1.769491879497579134e+00	-5.699200500413686976e-01	1.964457521003076579e+00	6.032811071628724209e-01	1.381733729668732091e-01
-1.246486144031808241e+00	1.024730492468960197e+00	-2.669302253123530949e-02	-1.114928453656712920e-01	-6.743736491184085247e-02	2.707956781501160481e+00	-9.700602778675752880e-02	2.503943702970770957e+00
-9.753566869660584837e-01	-9.330919612787420547e-01	2.257246441371689727e+00	4.210486209451196893e-01	1.781951048280471239e+00	1.259570954978010526e+00	1.576324150407480529e+00	-8.856828726862348011e-01
1.239471030970695775e+00	-4.703626339393578992e-01	-9.981984815692013235e-01	-3.563581256907538686e-01	-2.047851681833969373e+00	2.437151695189565537e+00	-2.376510293147450770e-01	-3.933646670271194190e-01
-4.442241152316257075e-02	-7.098211604247687267e-01	-1.447082734718345254e+00	-9.227611048325151666e-02	-9.739878007085306377e-01	3.205810471148435870e+00	-1.120698265376603109e+00	-7.405998364618566754e-01
-2.465474492726083433e+00	3.013564700084687131e-01	-5.604888560019277710e-01	1.469935126245547341e-03	-7.503336959333407608e-01	2.060179314610781187e+00	8.858501333581240145e-01	1.406880135913675667e-01
1.599047655990102346e-01	-7.629090686726809345e-01	-1.463348699480244930e+00	-4.185623163620773024e-01	-1.332085619149984135e+00	2.874492939430826954e+00	-1.023810312277996681e+00	-6.222982497612464803e-01
-1.219469721325201927e+00	-9.816099402450348954e-01	1.926527997913919099e-01	-1.179069697043661380e+00	-1.960029838305719530e+00	2.363319270389449667e+00	-7.514084924719433012e-01	-4.775606011975594423e-01
-1.155944674608593292e+00	3.514432867133308602e-01	2.997924394681834581e+00	1.320248705760803110e-01	3.859270465527150584e+00	-6.489313762909000305e-01	4.803228868228067716e-01	2.440138376332505743e-01
-1.979776558971923839e+00	5.160357327418808593e-01	-9.782389131167999741e-02	-8.367109225380922055e-01	7.611036950791982836e-01	2.186571572172100186e+00	9.533338250742411368e-01	1.110133714459708987e+00
-5.984444493275206112e-01	-1.066220454778864957e+00	-2.608143398426039372e-01	-1.423931033484448161e+00	-6.137443543229430531e-01	2.463995548586731754e+00	3.852356011957533966e-01	-2.976724397314194359e-01
-8.044079646822612784e-01	5.176163763090715353e-01	-7.445480580845748042e-01	9.419589431794079815e-01	6.509741079704238764e-01	1.663973436305885789e+00	-4.035804055831342385e-01	2.654133170782518203e+00
-1.472505269019074747e+00	8.505610636609438613e-01	3.023481967575226026e+00	3.134312505352313538e-01	3.391517763807089469e+00	-9.500995448659305120e-01	1.487866966179870465e-01	6.221883755710257147e-02
-1.158153376637509169e+00	6.250075059655350040e-01	8.705038649700185260e-01	-3.731013551606812695e-01	3.541150357106972457e-01	2.124673055204520988e+00	-1.113072497732075367e-01	2.711603925502941603e+00
-1.212748565491567510e+00	1.518549440571299591e+00	3.592913615359666357e-02	1.174069754609199379e-01	-1.499016361582160284e-01	2.706751861164366613e+00	3.823285914754709358e-01	2.097188799219322330e+00
-1.568399434240236978e+00	7.234314194377607921e-01	2.672775723441692008e+00	3.649334218927519080e-02	3.694461713871353581e+00	-7.259090769952463162e-01	-7.779454830325494008e-02	-1.095491867109046752e-01
1.377253538973294944e+00	-1.156547034057676115e-01	-8.998452146598122647e-01	-1.294753027356214670e+00	-8.335414273371403171e-01	2.584076939052484256e+00	3.808880006896809833e-01	1.415249756135026349e-01
-1.829922564972123800e+00	-1.157949454822877339e-01	1.027792493160199605e+00	1.082307675805216585e+00	-1.212475212965197890e+00	2.013895343394982884e+00	-3.266215426418263568e-01	1.840059578142030361e+00
-1.027320047744517684e+00	1.283757369461519859e+00	3.256642474437081436e+00	4.481605710965041456e-01	1.209857442687474860e+00	-1.678328169300491446e+00	7.424663603714130033e-01	-4.889926911961022804e-01
-1.767639379494898799e+00	1.013051965376139840e+00	2.458806645421689474e+00	-1.730149463735538296e-01	3.463900133902413359e+00	-7.902446587977741688e-01	6.016194697288170801e-01	-2.678812264097045204e-01
-1.623618749634394787e+00	-1.400085620305889789e+00	1.755657425109231173e+00	3.015746665170326302e-01	6.477688219289969851e-01	9.200688154062498514e-01	4.934469125627166664e-02	-1.904934277520396124e+00
4.012215971705479500e-01	5.123813811676883878e-01	-9.814921630426141907e-02	1.294423022562490866e-01	6.021767010060095071e-01	1.216665886215419379e+00	1.042492977910788321e+00	2.548499254144488635e+00
-1.091524657548702093e+00	-1.409428949579974333e+00	2.283373856289777626e-01	1.949213088108891490e-01	2.731719941387428019e+00	6.090745655298764882e-01	1.139170793816022931e+00	-1.189015495319681870e+00
1.715741914373784649e+00	-9.779548040940103659e-01	-7.346629299204514574e-01	-8.604046996113098311e-01	-1.100268525151224530e+00	2.601929759918810259e+00	2.163631717100018281e-01	4.545080079356459413e-01
-1.559691093748988511e+00	1.075469320510980431e+00	-6.096918356329550370e-01	-7.559204902403101611e-01	-1.919878427744956539e-01	2.808625091411356856e+00	6.646989157766315381e-01	4.320868434717259343e-01
-6.903262343732511352e-01	-1.135319506903330611e-01	1.042622451387375637e+00	7.154167418247434629e-01	-7.405189264291879292e-01	1.762098821745627930e+00	2.159428299721427358e+00	-1.298427210221227757e+00
-2.052937737401325791e+00	5.101465438540250252e-01	3.734124172659180063e-01	-2.008470410327515276e-01	-3.000134979781979728e-03	1.925642663063601434e+00	8.236282597897179314e-02	2.472633078073418922e+00
1.310905075690845578e+00	-3.941490732639296724e-01	-8.471773449228489072e-01	5.372951627075014946e-02	-1.824920376356905294e+00	2.162721117011430660e+00	-1.772235877284964178e-01	-2.971110863423137016e-01
-4.283806112458357629e-01	-5.390553191742250005e-01	2.906296437162363855e+00	4.422106117191423880e-02	1.580864141676270096e+00	1.028639348450192115e-01	1.946480990105699416e+00	-9.933235362163639337e-01
1.588673598456528779e+00	-7.138209826916838141e-01	-6.099111307636104762e-01	-1.081837912099673948e+00	-7.857994995306739616e-01	2.505590383528929266e+00	3.708055018921411206e-01	1.304497199420195930e-01
1.032140783003529627e+00	-3.548177255495926080e-02	-4.654907649711845785e-01	-5.782059365117460381e-02	-9.896868865869258292e-01	1.823374518375551201e+00	5.848537610400686981e-01	-1.500164306083418664e+00
-1.422100708538676761e+00	7.522505477567382748e-01	2.080669309198616701e-01	4.770541568284736300e-02	2.887600277858019537e-01	2.056015094469982873e+00	2.261950423022994483e-02	2.711392307277662894e+00
-1.888651991001152108e+00	-9.230042066633343811e-01	1.663189273358609555e+00	7.729968859906164447e-01	1.171937201585426136e+00	7.161550236933480473e-01	7.085477289260464495e-01	-1.720995431268218079e+00
-5.749217051721193794e-01	8.960125960731522010e-01	2.960795213924011460e+00	-5.117032870963623969e-02	2.630850986178033146e+00	-1.331117647670248427e+00	1.519494171410238126e+00	-1.959781771578695819e-01
-1.366968196722087692e+00	7.761402592776432963e-01	3.221928381252737950e+00	-2.971752966837667986e-01	2.836466817338138213e+00	-1.076092400186955844e+00	2.792992934954638962e-01	-1.055756398236534221e-01
-3.860242684944194536e-01	-4.154886950524739331e-01	-5.178327727361942134e-01	3.150877991447824655e-01	3.931504496995227305e-01	1.823287377366587636e+00	2.617557900939660342e+00	-6.075747120418469871e-01
-1.402942208527797829e+00	6.256404199033106517e-01	6.915867395483217273e-01	6.932915088610251964e-01	-9.463377021373154951e-01	1.329161056884764269e+00	-8.646741479545846376e-01	2.016740104096841790e+00
-2.385808005133170706e+00	-1.762177115534097283e+00	-7.153960767011099953e-02	-1.310639136945390026e+00	-7.401762780339643522e-02	2.782055293909106553e+00	6.670889337956554810e-01	1.287046198110241901e+00
-5.984714657462805176e-01	-8.307656229122609703e-01	1.201541648696593079e+00	-9.697855787028428765e-01	-7.875721476735739746e-01	9.101655988653385432e-01	1.045282617327744745e+00	-2.360825209745621933e+00
-5.774380325240638934e-01	-1.499019399887707493e+00	1.888626758251941595e+00	-3.127525845061960297e-01	-3.434666767921615849e-01	-1.517402502862993108e-01	7.484456779651420533e-01	-1.816373805888377380e+00
8.120604748765049008e-01	-7.860153377987675327e-01	-8.684007857055461299e-01	-1.105182058277154544e+00	-3.378615995842953468e-01	3.251303333916070848e+00	-6.240110448971524226e-01	-2.078132806899651575e-01
-7.627414390727993432e-01	-6.378258570429946872e-02	2.717293923255925669e-01	-2.484789196762698382e-01	4.384708769221463687e-01	3.321194508178811233e+00	1.201394344369629330e+00	-1.357953554405227359e-01
-1.744311462198978369e+00	-7.584845124570990249e-01	-1.073583420227315205e-01	4.989581662638533088e-01	-1.446730296918183223e+00	1.509358997657487711e+00	2.103597591583452164e+00	2.958411628451272923e-01
1.369111487743762678e-01	-1.092403754421691797e+00	-1.210054552500732461e+00	-8.018804261232379549e-01	-5.031962728281844620e-03	3.026770790062257355e+00	1.487049658545899489e-01	1.371337244735440497e-01
1.029487942524535793e+00	-7.430329689172769925e-01	-1.101034330440760822e+00	-8.506531573810190983e-01	-2.232797592218948579e-01	3.388227953440151818e+00	-8.546746310469844898e-01	1.779994158896901491e-01
-1.252245897798565100e+00	1.312827119289144973e-01	2.119714583595447621e+00	9.000765128996882081e-02	2.937146943152693979e+00	-5.903455671396121707e-01	7.560317264575292517e-01	-4.349690625241931508e-01
-1.426520253079430978e+00	1.305787874267493098e+00	2.472695267283585796e+00	5.624840188312243416e-01	2.005500212094283086e+00	-1.294104688056631813e+00	-4.125216068140240555e-01	-8.831330496231257765e-01
1.403183994833035797e+00	-2.653191709315994573e-01	-8.647389832024557910e-01	-7.526560596237967804e-01	-1.858358194222690107e-01	3.675220279701394865e+00	-7.210901100077292680e-01	-1.988620480704701154e-01
-8.227146988439191233e-01	1.126466639790532076e+00	1.291896611203037892e+00	4.125586914557889950e-01	4.193511656462987069e+00	-1.366146665537693927e+00	5.262021083234570407e-01	-2.961044150178142598e-01
-1.615258505925894594e+00	-7.571080285536069265e-01	1.536389186156703890e-01	-9.696802097317226421e-01	-4.588319947776493546e-01	2.613957726041615359e+00	2.104445283712575165e-01	1.386531903119617271e+00
-1.324193862868495053e+00	-4.945388122494981942e-01	1.751934745223784340e+00	-1.644360702363686089e-01	1.349618351000015481e+00	1.732555310033188078e+00	1.358091570464026843e+00	-1.068839195289077226e+00
1.650064326663409631e+00	-6.205637999367398239e-01	-5.807288971915577358e-01	-1.009997971663016081e+00	-8.579258845457471416e-01	2.513562588132766784e+00	2.760777410553070244e-01	-2.716988735043687070e-02
6.153061908031135507e-01	-7.290716759350314158e-01	-1.273351522903362953e+00	-8.332624333616819312e-01	-2.359017201463342595e-01	3.061922663921845977e+00	-8.007170730417106919e-01	1.693670347388299691e-01
1.315259460418666482e+00	-6.911228709822488936e-01	-4.791618657308543971e-01	-4.981498984922201612e-02	-1.766229240382874321e+00	2.218895686272408962e+00	-1.378414439361864141e-01	-6.605124576750520671e-01
1.137094568120708082e+00	-9.518017737041321036e-01	-9.304374324228029680e-01	-2.408147241135344396e-01	-8.507973226577651982e-01	3.336499732591085454e+00	-5.262542784277601804e-01	-2.662900546312744754e-01
7.649899917495740498e-01	-1.160274198236437293e+00	-1.038106136334530749e+00	-8.098469816445430514e-01	-1.324852454814528790e-01	3.306695992797461514e+00	-5.687789289919977787e-01	6.510480170221984164e-02
-1.903615364344835248e+00	8.995917480930483157e-01	2.491415167939862396e+00	8.416853630057785640e-01	2.181730430189476877e+00	-1.351809633881535300e+00	-2.592294056242030464e-01	-4.989252202723027385e-01
4.667115557630302503e-02	-9.262764265071121716e-01	-1.282409992301007495e+00	2.671458137839237135e-01	-8.760899810023550227e-01	3.051934911699211828e+00	-1.208977399515948514e+00	-6.384771218794865755e-01
-1.609649857910216753e+00	1.206725785242251492e+00	3.007698384211526577e+00	4.966186447292152972e-01	2.202791405104019162e+00	-1.386933962707045165e+00	-2.429668208361109860e-01	-8.916798418961106032e-01
-7.772997687400400313e-01	9.648216750127117658e-01	7.048050704070369932e-01	3.625401594513741332e-02	-6.644410278031259720e-02	2.042437157440403883e+00	2.105585802335949441e-01	2.958619003903086409e+00
3.793532511362733839e-01	-1.308554369326573097e+00	-9.601385069337428080e-01	2.023507032757311808e-01	-1.119180865799293212e+00	2.922590633682469630e+00	-9.358872816034707887e-01	-7.835409818281857675e-01
-1.577094782455338962e+00	-5.036373860267545632e-01	-1.430913848490264595e+00	5.019119763152941616e-01	6.736066453916710328e-01	2.364422542693381146e+00	9.166654671167155932e-01	1.522161732068419315e+00
-1.256634933494201078e+00	6.216334720924160395e-01	2.996550469461961352e+00	-8.817633107001095552e-03	3.604303574724925241e+00	-5.965884843393490788e-01	3.654811051205955619e-02	1.592910297063654390e-02
-8.601239114648598916e-01	6.071058451695070524e-01	2.987180291189775461e-01	-2.761404929516857454e-01	-9.898221742759433228e-01	1.622302993454763254e+00	1.427239127541711783e+00	1.443141552953843165e+00
6.679422391696835382e-01	-1.093116984183352347e+00	-1.050705657324779052e+00	-8.258120753111910517e-01	-1.682190808718657948e-01	3.177227656854042515e+00	-2.319276035436700911e-01	1.347807312050462447e-01
-1.335126474765512050e+00	6.767430750086396163e-01	-1.477848313302589034e+00	7.909807340147323451e-02	7.510966595681501934e-01	2.102887533884508997e+00	8.724341546057025054e-01	9.569950025652694814e-01
1.432075397151537643e+00	-5.997543758009186154e-01	-4.913438378655217154e-01	-4.064308201613624216e-02	-1.731311641232756937e+00	2.285109851948489812e+00	-1.771611071826262040e-01	-7.051348277284035237e-01
-2.883428801950041476e-01	-1.112640427535995569e+00	-9.105389127712819330e-02	-1.580172518827263728e+00	-7.990836534547535175e-01	3.188540380901582871e+00	1.728876757296987365e-01	1.998910743285362002e-01
-3.611792223527036105e-01	1.460986966373141460e-02	1.807245792924669470e+00	5.468126871677174705e-01	3.118395045277901456e+00	-1.409979157049394694e+00	1.680065714598063087e+00	-3.558241032692384120e-01
-1.449835774136989386e+00	-9.844601356192456132e-01	-1.608593117537588713e+00	-1.089867198291305100e-01	2.459815249376270385e-01	2.725582004560331839e+00	1.635209825847022680e+00	6.192357508879876571e-01
-9.807472014454349241e-01	-3.755057646538893512e-01	5.725672806835588879e-01	-6.495419175498486908e-01	-7.216808568444554872e-01	2.338172345286642084e+00	2.402069309080500314e+00	5.567902789479323156e-01
-6.300220471593083182e-01	1.171568431880278371e+00	2.821903384749938404e+00	4.120545694635194267e-01	2.442114468385434112e+00	-1.267204889849316007e+00	1.446423774163592579e+00	1.014512491852904846e-01
-1.619980019132898352e-01	1.618156071563056964e+00	3.655833177685093194e+00	5.658478058614464512e-01	3.144803885530550680e+00	-7.796436366686325670e-01	-5.145998267162747997e-01	3.403011873852199165e-01
-6.944050392727970644e-01	3.099137840238310737e-01	3.334100494774485113e-01	1.589948962166215507e-01	2.874598198581464814e+00	6.080883993823892331e-01	9.353750724609306566e-01	-1.292492327152933829e+00
-1.262383401007925565e+00	1.384906917305965546e-01	1.856957837409746404e+00	1.445044140383470177e+00	1.735312085181071051e+00	5.334885566402538526e-01	4.591839839617661845e-01	-1.539232279863286701e+00
-1.410995201652224251e+00	6.279581706148491538e-01	3.008954376594247915e+00	-4.739175554455644229e-02	3.385093075455933409e+00	-8.868317569112446064e-01	-1.607722675968088488e-01	-2.857027143536493563e-01
9.227085996147580405e-01	-6.472291649126997726e-01	-1.130308440176297502e+00	-6.395471981678576556e-01	-3.240392414768279439e-01	3.609757842768577252e+00	-5.134332103082565046e-01	-7.274009034026204801e-02
-3.653709267666899740e-01	-6.676465759256755561e-01	8.599300916049374965e-01	-1.566536114863362084e+00	-6.032456224441995474e-01	1.963647056510804623e+00	1.649705403247186064e+00	-1.334154465677779733e+00
-1.173191141250021774e+00	8.175732575262052437e-01	1.052617662686228472e+00	5.303980910516963299e-01	4.186901739795210631e+00	-9.303266115168421502e-01	4.858904498253689974e-01	-2.962744610760970621e-01
1.164240110924325000e-01	-6.875010292570888915e-01	-1.522166257509604881e+00	-3.573289692821635111e-01	-1.409062249850683735e+00	2.682388639283282750e+00	-7.719763418882404915e-01	-5.089108343164938653e-01
4.680385427778066543e-01	-7.205965198418237128e-01	-1.321978460110284859e+00	-8.209449788390794922e-02	-1.298429395590786850e+00	2.943613023471594037e+00	-1.308994279890357992e+00	-4.179861162517001238e-01
-1.388170447279849062e+00	8.003213324348910085e-01	2.386368452273420981e+00	3.389481173772934119e-01	3.676929820549989181e+00	-1.062304121979840588e+00	-6.846761742210825952e-02	-5.062307578888241427e-02
-6.151472996644945512e-01	1.204738523553773755e+00	1.422870388694315924e+00	1.119825068163954107e+00	3.875800015315635338e+00	-7.670147870758239339e-01	4.596517848497216896e-01	-3.234782938679719999e-01
2.052319190426409312e-01	-1.060605743810462798e+00	-1.512003421868577169e+00	-1.035774965847713336e+00	-5.098934436677763499e-02	3.284652464020832774e+00	-7.590936442700424447e-01	4.554478691885327502e-01
-1.255865541755786685e+00	-9.494806265682235180e-01	6.349790026156776346e-01	2.489082423190391857e-01	5.069565513284568503e-01	2.165801332397830237e+00	7.986301558327177919e-01	1.975141743342290868e+00
-5.041587163875929090e-01	8.167361511897106574e-01	3.466483892121318799e+00	-1.161326377633349616e-01	2.464844937939981051e+00	-1.355045967254514760e+00	1.199834407012397852e+00	6.629125780487758746e-02
5.751564777559872166e-01	-6.141219744148570525e-01	-1.266210532577193515e+00	-5.285151666738463483e-01	-2.015411551907463628e-01	3.513168399893506155e+00	-5.265097993339644677e-01	-9.833256660335759625e-02
-1.300452338330474022e+00	-2.450669060230317164e-01	1.632944463453430417e-01	-5.705873206668421460e-01	4.659179783279279174e-01	2.695638603159347557e+00	1.072020704929974588e+00	-1.094334879239090785e+00
-1.470328327841524674e+00	1.349276869236029741e+00	2.277610448002855392e+00	5.882356310640030062e-02	3.657077862438682825e+00	-9.205399638842914900e-01	-5.036987164527206851e-02	-1.603845220453173070e-01
-5.520633506344838626e-01	-8.537589342290895500e-01	-1.686496932651578406e+00	-4.885705089172027171e-01	-1.047928465793606989e+00	2.339925477929253983e+00	-7.265149912400636900e-01	-5.163693662775062920e-01
-1.441900238439953075e+00	-9.640381533341243481e-01	6.799265747721860986e-02	-1.160667972355098332e+00	-2.028551384732454999e+00	1.667151003553607902e+00	1.219421028476133761e+00	-6.657599750051012011e-01
-8.776625962547331961e-01	1.596130887387350983e+00	3.335380616148073685e+00	-1.227766790390854429e-01	3.140178725130095660e+00	-9.663334784028437818e-01	6.884607587941443674e-02	-4.629502260481915821e-01
-1.304625782638948683e+00	1.389397514991938198e+00	2.605785245797310523e+00	-7.057858165633383585e-02	3.023352161780589409e+00	-1.109190223152403787e+00	7.408686750135299315e-01	-2.077680219140518592e-01
7.428605829271176519e-01	-7.586753631667764175e-01	-1.129811521399721519e+00	-1.270977565494489037e+00	-2.271219451308833792e-01	3.097437438158154421e+00	-2.784219330684244431e-01	1.468982117826984901e-02
8.519264294810043880e-01	-1.254996738520050448e+00	-1.229297128082817769e+00	-9.911146557241864441e-01	-6.553237046581779079e-01	3.315184987713615250e+00	-4.966993492666993970e-01	2.524409966866174582e-01
1.919421885989120558e+00	-5.645480664193424092e-01	-3.936117207578434529e-01	-8.626733695007444691e-01	-6.195533706120405215e-01	2.604345667852007828e+00	3.120404773564771084e-01	1.770311911716980213e-01
3.485373307026790046e-01	-7.686046148820915302e-01	7.202412088630039122e-01	-1.585296923044843487e+00	-1.571105644408306856e-01	1.669561178220248854e+00	1.200734143375582930e+00	-1.848189755770689224e+00
-8.133230518274329190e-01	4.370511121089994955e-01	2.086566177635301444e-01	-9.873374374286653099e-01	-5.170762198764188716e-02	1.650290371128169786e+00	1.813671907204950973e+00	1.443314018157847656e+00
-2.608899470408387877e+00	-1.023377242959738087e+00	-3.180304986801447686e-01	5.031964018525572069e-01	-6.317874255745372647e-01	1.921544195590249693e+00	1.360742459727049880e+00	-1.380886645676719926e-01
8.726565567903715737e-02	-8.718960341223853661e-01	-1.417793469905704873e+00	-4.630566995565003202e-02	-9.640878762238417332e-01	2.983084173040572384e+00	-1.619530580584850554e+00	-4.992645462276590895e-01
-2.682240097992418359e+00	-1.560614273251358819e+00	-6.903695394450239942e-01	-7.179355627828776232e-01	-6.851672855175221510e-01	1.899574622572449467e+00	3.048772981017162653e-01	-8.484143063523150730e-01
-1.304748926494367023e+00	4.130140770614000867e-01	3.025017956907384953e+00	2.931367660618577897e-02	3.623003595508753172e+00	-9.886977244155870093e-01	-1.461136660175270663e-01	-7.241514481341573828e-02
-1.605366333135267887e+00	2.786932955636758358e-01	2.570908202827807632e+00	4.747586899085521339e-01	3.578396312465444318e+00	-7.954429105301211722e-01	2.662978040832876259e-01	6.010536963231255525e-02
1.083846630402643729e+00	-8.201612033995258066e-01	-1.228301636839260969e+00	-8.592410556187581872e-01	-4.016102346271059331e-01	3.319901987253856657e+00	-8.834912375189217792e-01	5.285512227804636254e-01
1.032059424992557428e+00	-6.528809788525822277e-01	-9.463491997425402813e-01	-8.763953591988234981e-01	-1.204004062031174688e-01	3.119733256595224269e+00	-7.456131614330939739e-01	7.311325608486372862e-02
-1.048145579535554761e+00	5.259958117729967020e-01	2.981628969542382990e+00	2.086783632835152447e-01	3.244277083667577166e+00	-8.402620506744846729e-01	6.938689533688318090e-01	-3.067219068362406209e-01
4.316562577286431335e-02	-9.398390796806989078e-01	-1.352374035504333216e+00	-2.374905795117029372e-01	-1.257378482784412110e+00	2.941641082645803706e+00	-7.870208857084880494e-01	-7.388082046189278218e-01
1.431384035425126378e+00	-3.016708634682802592e-01	-7.972304728572638943e-01	-3.848157763898882311e-01	-1.887864345495090745e+00	2.331712751766082281e+00	-3.743567387158067139e-01	-6.027484745668832966e-01
-6.774928065434037139e-01	7.192961666294879208e-01	8.789243802502905156e-01	-1.326765340985043562e-02	-8.741527178275453336e-01	1.333366877323291178e+00	7.890774835330039982e-01	2.717621419992119147e+00
-8.983628075541864044e-01	-6.135458520729609316e-02	2.072040844322533826e-01	-8.437603669899883529e-01	-7.336123683600342948e-01	3.531866240508799493e+00	8.439422970825358750e-01	2.433245308852077793e-01
-1.303422475141465808e+00	9.200513513267549737e-02	2.863507644731718482e+00	-6.392670335817047800e-01	3.316841441614811981e+00	-1.076106300325410325e+00	-4.371483834451481698e-01	-2.023815268892100727e-01
-2.956275323205167505e-01	-1.148096042406443917e+00	1.349805090429770260e+00	1.998324052220372682e+00	1.188181767287868951e+00	9.356493633786011621e-02	2.032367771091954545e+00	-1.327516287842274156e+00
-8.618032865410748533e-01	1.492545843308626385e-01	2.334859421250325695e-01	-4.531774654224466903e-01	3.276596752531013013e-01	3.361741447493794777e+00	4.729201065930936920e-01	4.591477939134114283e-01
-2.445486816243171546e+00	-5.974667178951953428e-01	-1.349383235757635413e+00	1.231400340704201790e+00	2.747445524119205840e-01	1.224219208925845237e+00	1.051961319095729985e+00	8.504728573143283121e-01
-1.209871056851117954e+00	8.662517656079995465e-01	3.151443619633179427e+00	-2.840543948159574006e-01	3.323664947162343175e+00	-1.028270113854005130e+00	1.086580272437569217e-01	9.720676113957983644e-02
-1.498607713686193721e+00	3.549036671010031840e-01	-1.717030425623617129e-01	7.287681365474205086e-02	-4.118776655372043960e-01	3.546868232317731628e+00	5.952197022048285602e-01	2.170936521258854945e+00
-6.453363623613866951e-01	5.220475098630263933e-01	3.511931357752640981e+00	-5.974882905218562579e-01	2.408609082022005410e+00	-1.476036608284926777e+00	1.053683039867708171e+00	6.040780757461662598e-02
-1.140378825781903638e+00	-5.860569010381989630e-01	1.011321105500159745e-01	-1.104891761200859496e-01	-5.422122632650584473e-01	2.179459501156127299e+00	2.683200635302606329e+00	5.180101618664808560e-01
-2.960038022062772001e-01	-1.965629913351480296e+00	2.616089967562130969e+00	-1.159635916206444989e-01	1.235681333167901297e+00	1.890337430744574165e-01	1.710906247833100302e+00	-1.122983656581926226e+00
-9.704103962245939075e-01	-1.915413596123227924e+00	1.534311341578203702e+00	-1.001464735037450593e+00	1.124560277505077588e+00	1.018318728002471696e+00	6.384985540223426792e-01	-1.558088518077837659e+00
-1.050596141758814994e+00	-7.674344049023746894e-01	2.386232274310892354e+00	4.282820377721269778e-01	1.908454423910326270e+00	1.552802197662943362e+00	1.442140399034401721e+00	-7.863664674951302835e-01
1.006930383251264605e+00	-8.706610002442076723e-01	-9.977719180903700247e-01	-6.386171001243189371e-01	-4.579362268195094621e-01	3.098613475373291681e+00	-1.013883771529105138e+00	-1.311293749993963920e-01
-8.861059197004678145e-01	3.312610929937796489e-01	1.573085417953765663e+00	5.839699539831235686e-01	4.510628334070358569e+00	-8.900057561644891813e-01	3.529182431611485038e-01	-1.057311615635729979e-01
-1.265700702372344111e+00	7.824580436636786596e-01	3.068426545641801617e+00	1.596826848683526867e-01	2.843377922070410069e+00	-9.273836864320816886e-01	2.003946164265542895e-01	-1.917324958663919332e-01
1.754491233336010758e+00	-8.056953145898732016e-01	-5.952383788185825475e-01	-9.420709558852716770e-01	-9.937043186902687619e-01	2.711254155351760176e+00	2.640900131939695195e-01	1.978848484505652539e-01
4.433854562725975113e-01	-8.863580242869869563e-01	-1.231693413900879719e+00	2.038251903687713917e-01	-1.146133048962640233e+00	2.936509545481627903e+00	-1.304277171620728648e+00	-4.719967082309889927e-01
-4.928212280730286388e-01	6.824432908842474887e-01	1.398915187091804846e+00	-5.135177505219346017e-01	-5.048824629016529508e-01	1.379094081725006138e+00	8.337694253657208510e-01	2.492966064413626892e+00
-8.291411841964956286e-01	-1.181032675725219722e-01	5.738645423397003009e-01	6.666878530308433248e-01	-9.394939311124356207e-01	7.875353629755350582e-01	-1.274061385317885930e+00	1.971456259435686365e+00
-1.736389265408595284e+00	6.371251672287139289e-01	2.720527638262949521e-01	8.226664310659321799e-01	-7.993925387983008557e-01	1.591485029000726747e+00	-7.753713490668223685e-01	2.303979303275862645e+00
-1.187448399471246363e+00	1.219029758189975610e+00	2.593614230658028319e+00	1.943589918970845543e-01	3.401196336157125355e+00	-7.244584760591251671e-01	5.357564113224796420e-01	-4.990326427398024678e-01
-1.299151051986454641e+00	6.783705594500559766e-01	2.894183350491106310e+00	-3.194096347775077782e-01	3.469559752118618778e+00	-9.251460039971955984e-01	2.865607939332927012e-01	-5.735904823699888855e-01
-1.025748939977145779e+00	1.070053674282007705e+00	3.277895011604535558e+00	4.086803787694865409e-01	1.258501307800144797e+00	-1.662141515276971848e+00	7.743633541177635804e-01	-8.312051995416069872e-01
8.638675452194363169e-01	-5.251365048123972645e-01	-9.076054104607852446e-01	1.431533921343826621e-01	-9.840315072816631092e-01	2.951365347994104216e+00	-1.554283307182085183e+00	-7.315409230496007220e-01
-1.640243676364918635e+00	5.568337201013843218e-01	5.248628506915127279e-01	7.641875143899210521e-01	-9.054109914385314317e-01	1.475202287681410374e+00	-7.805076254438612082e-01	2.252931467305704594e+00
-1.159086084223882818e+00	5.930848256046037381e-01	5.275980962647424111e-01	-1.900145805234367824e-01	3.960439284267177618e-01	2.113237315568662567e+00	-4.465162958573759000e-01	2.708075474250933201e+00
-9.732263649998755817e-01	7.190771307618308850e-01	8.798323306696177459e-01	-2.951273553615279543e-01	2.091240234574315293e-01	2.271399682566827227e+00	-1.106821952100051215e-01	3.117493043612271642e+00
5.382373554067150234e-01	4.272920711285531636e-01	-1.194018140009756479e+00	-1.437214720724274475e+00	3.410510894187767650e-01	2.580939607083804432e+00	-7.085726575687486539e-01	3.748928433086648471e-03
-1.450326970441514485e+00	4.284511239944434613e-01	3.302196954804514917e+00	2.904409791523802076e-01	3.196660436971300090e+00	-5.792440908796958610e-01	3.312177289048127138e-01	-1.356558418495913410e-01
2.115886167934954099e+00	-7.180280025871312866e-01	-2.304852319059298160e-01	-6.548383785648007605e-01	-6.828734769511204394e-01	2.785179267813388204e+00	2.687931757825476886e-01	2.348986110342269895e-01
6.791643307169522581e-01	-1.245014299609378039e+00	-9.265049257014792428e-01	-6.422114012423230101e-01	6.013455346951085412e-02	2.961494855158665285e+00	-3.092613979369011057e-01	3.399903178793090563e-01
-4.136872907659702170e-01	-7.782593138495068619e-01	2.533838792905204418e+00	2.488595037147841582e-01	9.085769344307847994e-01	6.441879673674026918e-01	2.074036854684091935e+00	-9.458744901557363249e-01
1.867451954465363606e+00	-8.746519915313619720e-01	-5.347023126466569076e-01	-1.226749900149583183e+00	-8.368415055431964733e-01	2.564515565691874777e+00	1.315924137537655692e-01	3.657780648956510672e-01
-1.330534970142434492e+00	1.101980105846734670e+00	2.612145699834582224e+00	-1.222021838603204597e-01	3.669894016913448631e+00	-1.051971526366114018e+00	4.007580232171306100e-01	-2.183580128754608607e-01
-7.714482958966706327e-02	-1.076002272762498935e+00	-3.414119350529323249e-01	-1.224976365341453821e+00	4.969825782166857331e-01	1.384316242103008854e+00	1.830992269410083306e+00	-1.755796016748586652e+00
-2.202704135433295907e+00	-1.028647801707563980e+00	-1.593811847832548312e-01	-1.466227567559396094e-01	-1.984129176434576425e-02	2.376853446245504209e+00	1.908827797067970788e+00	5.667597211652749545e-01
-4.221618464076951627e-01	7.440297107058106985e-01	3.095902909594221430e+00	-6.989301986028954861e-02	2.694357943852335069e+00	-1.234275026803476338e+00	1.431750440283182213e+00	1.115791206849420097e-01
1.638125963888935832e+00	-8.381934223885137980e-01	-7.375957419347491939e-01	-1.002007168871850595e+00	-1.015904670016997580e+00	2.666860904563793433e+00	3.055733307546041333e-01	2.300561576287623589e-01
-1.111124671891702498e+00	3.279565059714086850e-01	1.474262166507312344e+00	8.577681499658713626e-01	4.266333465126304070e+00	-1.134359305382834027e+00	2.679578631478601869e-01	2.206288901600966801e-01
3.372845898750647109e-01	9.028203015404033804e-01	-1.420457164367462832e+00	-6.581960379483365875e-01	-8.056526597068777162e-01	2.387169455729697187e+00	-1.299317687898299711e+00	-6.898454784239653748e-01
-1.792911675368883406e+00	1.172586711195795495e+00	2.393114719781762378e+00	-2.983326916524661754e-01	3.713112508626405628e+00	-6.521022300823016149e-01	-4.738612754417783068e-01	-5.719195843889911535e-01
7.053493837998806582e-01	5.058536863960861885e-01	-1.292259038068316990e+00	-1.577956742827346215e+00	1.253994208535837707e-01	2.696978807919613974e+00	-8.677229849195590150e-01	2.133126998067900182e-01
-1.188922070664027997e+00	1.052381815939619658e+00	2.938491613716831985e+00	-3.680626118105637667e-01	2.992487253938604930e+00	-5.146990515069379546e-01	7.254613168552235258e-01	-1.380666844982507413e-01
-1.173516334240638503e+00	5.331510570374795588e-01	2.607876607973283800e+00	1.907927286818080770e-01	3.520230463489535389e+00	-6.155844534820337222e-01	3.226357132619722679e-01	-3.798618826744880606e-01
-5.777674939691979095e-01	4.136821132621849029e-01	-5.989386093603089600e-01	6.403686261308891847e-01	8.673424327156522562e-01	1.965358690623006943e+00	-2.820901320332704909e-01	3.199994056664778874e+00
-4.019084552492511175e-01	7.525631503748452245e-01	2.380049628558517372e-01	-1.778098427001172599e+00	-1.181881191785865148e+00	2.154964476362363435e+00	1.007597671753024393e+00	5.477754955539568260e-02
-9.161643311785522270e-01	1.419158760364578553e+00	9.742573874090796338e-01	4.676917815380116639e-01	4.116527905194676151e+00	-1.016857875166943037e+00	3.434513742542009140e-01	-5.932292384273110675e-02
-1.267035216692280253e+00	8.672940106435743646e-01	1.171659576472031006e+00	1.231342767779009861e+00	3.241239610992613152e+00	-1.717737827969630038e+00	-1.439014786965938930e-01	-8.262611584378297680e-01
-2.410507797565121013e+00	-1.082387375693105058e+00	1.172156491922190513e-01	-8.043133255588753583e-01	-2.416820823546672048e-01	2.687981600481310185e+00	1.485730301337248926e+00	6.941407177244821591e-01
1.538199575970266686e+00	-4.927716658273343375e-01	-6.614566527408036745e-01	-7.952587669767042788e-01	-9.136368039346297598e-01	2.413557886253641094e+00	3.322371501325986909e-01	-3.814047620139943834e-02
5.733550784161177694e-01	-1.002078240504952866e+00	-1.166869641555085657e+00	-9.559347702428370175e-01	3.650825746479274825e-02	3.677572799517872859e+00	-7.916278064156286876e-01	-1.391639239830152509e-02
-8.579118168885214724e-01	-1.523710502256073740e+00	7.792428167240242898e-01	-1.512881216572729670e+00	4.472853136931587148e-01	1.928761919858798857e+00	1.191590300760927201e+00	-1.895807544759043894e+00
-1.377519287327737096e+00	-8.789521566887248394e-01	1.587001204243979058e-01	-1.439000335402599973e+00	3.607475674077235128e-01	2.236352579873738922e+00	5.142526880633055963e-01	-1.826292979593177046e+00
-1.025687741630947558e+00	-6.947197106628082430e-01	2.083785561955161292e+00	4.286641380302337878e-01	2.056635785722058962e+00	1.124483946001509027e+00	1.690930619130734058e+00	-1.070482694986969241e+00
-1.204534897538326987e+00	-1.233985716239945019e+00	2.198993774194173134e-01	-1.397838003835194964e+00	1.131264909882936931e-01	2.007170070926357131e+00	5.850622463227422854e-01	-1.654584894017017804e+00
8.797779404606590470e-01	-8.860715469354530915e-01	-1.097962699578774792e+00	-9.736915293194855492e-01	-5.062576161886994663e-01	3.153102417439728189e+00	-3.880342577517272296e-01	-5.423766442484683620e-02
2.403185399017808699e-01	-8.390747439937934482e-01	-7.024764547105281087e-01	-6.369998817842048577e-01	-2.215313633655945635e-01	1.970003772403351672e+00	1.738613541875709823e+00	9.366940358938148636e-02
-1.931951303650959018e+00	7.577323317160900018e-01	2.926294638516173663e+00	-3.208905520049776250e-01	3.065911704358887491e+00	-9.120087828840227617e-01	2.836756274075197259e-01	4.467756597684219289e-01
1.492008976908924200e+00	-4.623609114238352857e-01	-7.538167248855298652e-01	-1.224015880853317917e+00	-7.581732318568803475e-01	2.790045236566170761e+00	5.437273967786692142e-01	7.436546176742107883e-02
9.875600980663544748e-01	-8.200715630274961754e-01	-9.982065561641643159e-01	-8.742583611386617326e-01	-3.534182213973851572e-01	3.322828474838492863e+00	-3.791158598535273039e-01	-1.645306998107108065e-01
-8.898292664899010163e-01	1.318763087457132999e+00	1.114851401127153530e+00	8.066072848141716545e-01	4.312683694426056924e+00	-3.979772431639304608e-01	4.348917158530083427e-01	-6.576396097015085873e-02
-1.453628646979175709e+00	-1.469738834636187708e+00	2.113523307108555738e+00	6.875788143002727892e-01	5.410967247978992756e-01	9.745461748929393764e-01	8.994035786380819020e-02	-1.732501071562583261e+00
-1.704209567134396863e+00	2.679285238962399451e-01	3.011848305237600609e+00	1.259644535537534527e+00	2.391569623590353189e+00	-9.550947958151145833e-01	-2.379943796813319135e-01	-7.884750429973683694e-01
1.082448773566640376e+00	-7.418091157496876642e-01	-1.060138259639152203e+00	-6.249956544395707247e-01	-3.059223995258680273e-01	3.426705969871168378e+00	-6.797218791132417781e-01	1.257832412654964482e-01
-2.266033475376155515e+00	-4.753196781503618018e-01	-2.903490424138046033e-01	4.323196936855703831e-01	-7.115653128900741864e-01	2.273108808909781953e+00	1.213534357073629000e+00	-4.120404747065710693e-01
-9.421849182407209256e-01	2.270525302566845927e-01	2.934420412556417279e+00	2.967699181713785439e-01	3.261024691593062297e+00	-6.578693656540662849e-01	4.129065403517636623e-01	-3.362112413213015349e-01
-5.381980686164405947e-01	1.267908476214207880e+00	1.482789191837622589e+00	7.118838596013770115e-01	4.152926655565901015e+00	-9.653091717590245313e-01	4.454645091039207694e-01	-3.766873779136098999e-01
5.131760569611277800e-01	-1.058386826076772369e+00	-1.280404657108231481e+00	-8.053090167579717296e-01	-1.069125446653773626e-01	3.485438214287337910e+00	-8.554337324186508384e-01	1.607364073553110839e-01
-4.600320315009274186e-01	-1.157907829919288867e+00	3.967732207025610469e-01	-1.505638901457311496e+00	-1.882995504827287836e-01	2.888614925446410631e+00	1.998797908242498089e-01	-8.114409556752689712e-01
2.433981878435016455e-01	-1.348838906958063744e+00	-1.007615838646473083e+00	1.466489965794057770e-01	-1.296271168852921374e+00	2.722547911718336433e+00	-1.159848404051048387e+00	-4.457678029997013125e-01
-8.807977423013756413e-01	-1.151952696847767355e+00	2.397632785518712950e+00	3.346651397638540359e-01	1.633700441689016847e+00	1.483591919101671985e+00	1.258241597332402817e+00	-6.806996909489686498e-01
-7.128278657028619403e-01	1.380276545246939435e+00	3.529508484898819187e+00	8.052081088782817031e-02	1.915487020417834918e+00	-1.143745140513920289e+00	1.279701999717438587e+00	4.984996618835056681e-02
5.997329225190134450e-01	-1.997718119973995954e+00	3.100438744483865472e-01	3.120912199229944894e-01	1.496493478692944468e+00	1.328322527359490302e+00	-1.336764299580719406e-01	-3.826565289841646431e-03
-1.011966744828563192e+00	-1.472807246247763269e+00	1.739127953145942485e+00	-4.075777885895298103e-01	1.378368963439909223e+00	9.371812721799944734e-01	7.657483328977932047e-01	-1.074198845487114529e+00
6.473745423193003612e-01	-5.852509795605037590e-01	-1.276877566504315942e+00	-8.719592591665609183e-01	-8.426373362505570896e-02	3.454325928699776949e+00	-7.534179650160502950e-01	-1.167741073528908158e-01
6.952864874675547258e-01	-6.300397447057788369e-01	-1.187485536109156081e+00	-5.258316573761323554e-01	-1.882019091735973038e-01	3.262418576906358947e+00	-7.255084553940106540e-01	-2.513595660094722350e-02
-1.176247340215231141e+00	8.306297891706776459e-01	2.388500812399442008e+00	-2.750905267038883037e-02	4.137993719648132895e+00	-9.669933283112353006e-01	-9.636944704637688541e-02	-5.374092781918183431e-02
-8.230542159312413952e-01	-1.629906924146039549e+00	2.106676791523405701e+00	-7.648271982368605171e-01	1.378688986102269531e+00	8.724674758998998136e-01	3.731029273601468299e-01	-1.503769048379933304e+00
9.411905913744652574e-01	-4.589908469451790540e-01	-1.132017861109544610e+00	-5.329898830217659755e-01	-1.960851793488135542e+00	2.080800673817255753e+00	-1.447010617047642944e-01	-3.891109569209328378e-01
-1.019998831560396058e+00	-1.190472782478163571e+00	5.305640791218242391e-01	-1.446877688152194752e+00	6.326404413730528642e-01	1.878563023233798646e+00	9.593531035292406361e-01	-2.018405489563433353e+00
-1.485691082853209055e+00	-1.759457509729126512e-01	3.730831627608969803e-01	2.989935867923038115e-03	-2.365946016808604113e-01	2.407275219130605048e+00	9.989398737499608494e-01	2.171300853275085263e+00
-1.332322422890543479e+00	9.418403521243846610e-01	2.979696694020950165e+00	1.973923989076356023e-01	3.263785882180479714e+00	-9.545224501399173223e-01	2.593679051246898792e-01	-3.852502387672169792e-01
-1.390504811372212490e+00	-5.755859440908296376e-01	-5.501571266643801722e-02	-5.374564319666156331e-01	-6.562903560165902483e-01	2.287029439894143756e+00	3.131525018767725710e-01	-1.801705860559797090e+00
-7.106220258571154247e-01	6.082327747705567056e-01	1.001106830784970203e+00	-1.212590859751954131e-01	-7.194741656826213472e-01	1.562724824445794969e+00	9.750941142209834656e-01	2.981201463777013672e+00
2.609130719357795058e-01	-1.091075762841292152e+00	-1.341480802374246384e+00	-8.097718179029133045e-01	-7.103021444524947048e-02	3.312032910857907630e+00	-5.379879085116218151e-01	1.617974194457801884e-01
-1.533677890192955973e+00	-1.328519751741809030e+00	2.413551467824585905e-01	-9.996162596158203462e-02	-5.372725340549361350e-01	2.186965161268367819e+00	7.423087507103398597e-01	-1.820210984213633143e+00
3.965044230739355191e-01	-6.438929739919052597e-01	7.603639019365586726e-01	-1.682486672368951108e+00	-7.108587919765584351e-01	2.421263002241326401e+00	1.215696776239385990e+00	-4.332568309867139700e-01
-1.767204972721966305e+00	5.999618010770398913e-01	2.044085262924402624e+00	1.081758792687370185e+00	2.430741421611250175e+00	-1.178182360575634968e+00	-1.835756386884501712e-01	-7.433642481890547771e-01
1.710006201708323958e-01	-5.841338177949526589e-01	1.547609030891547555e+00	-1.073893877657518647e+00	4.554650938375501834e-01	1.835683242252645453e+00	1.925687948187905452e+00	-1.247190104853032278e+00
-1.348238224315055911e+00	6.452356500328703115e-01	-2.986433064160938164e-02	-2.914456533561987639e-01	3.138644857760690132e-01	2.193735350527539207e+00	3.875913670975996705e-01	2.386021986329828426e+00
4.642449391789458257e-01	3.355225390564019472e-01	7.977398503326715851e-01	-1.686493401605152931e+00	-4.804684303037664028e-01	1.289246062871679310e+00	4.426208553352157793e-01	-8.591151047564421495e-01
-1.227383455234666298e+00	-1.236067642507947317e+00	1.892361658299478222e+00	4.414413365977968851e-01	2.085666381911076339e+00	1.677411317499732712e+00	8.729499699143382641e-01	-1.193475366098585511e+00
-1.303155495441451484e+00	4.068876164846777499e-01	2.749682727387933401e+00	-4.722898126281849934e-02	2.997230418567530918e+00	-3.363923089622379396e-03	4.921823350933227648e-01	-3.130749541835224914e-01
-1.196675949481128542e+00	1.323898415389043848e+00	2.873170086506159571e+00	-6.517496951021019003e-01	3.226123634336760748e+00	-8.414862248492670505e-01	4.243431826149701713e-01	-1.132265089858140866e-01
1.224608875659378260e+00	-7.578319884448851962e-01	-6.410306081450691806e-01	-1.822439209331436771e-01	-1.756882775156004772e+00	2.078028545592083276e+00	-1.573729658088978134e-01	-6.542619839408392313e-01
-1.249700239798143153e+00	1.353041193952577936e+00	2.832605005850678648e+00	1.042587961942590180e+00	2.266243603904832149e+00	-1.111993059845182596e+00	-7.147912805898157251e-02	-9.459602427366360367e-01
-4.817097772373583608e-01	6.860585100054965579e-01	3.154448768537704062e+00	-1.124021445519907958e-01	2.406541682379090386e+00	-1.272018419155866553e+00	1.232921741177630981e+00	-2.858201437122663835e-01
-1.388421034537052456e+00	-1.040863477067916154e+00	6.494735110115682497e-01	-8.454187739833651793e-01	-2.344758947240792313e-01	1.751687483303989712e+00	2.400402440716676578e-01	-2.517150659036655913e+00
1.897589116442046642e+00	-5.510347960426172920e-01	-4.382032611970986813e-01	-1.113225554685570495e+00	-6.746631294429709103e-01	2.527010754363214762e+00	1.720307751909758986e-01	1.445561565586342967e-01
-1.128499627218637391e+00	-6.385089337957140510e-01	4.711706319097219708e-01	-1.182069930583524275e+00	-1.927767720412194574e+00	2.691560755500661539e+00	-7.617728117850665059e-01	-6.504230791048414284e-01
4.214077296759404234e-01	-5.390880087990229663e-01	-1.234709551843156561e+00	-1.727566907349193520e-02	-1.027520385643038603e+00	2.852296180131478565e+00	-1.288527556992549394e+00	-6.538022962643345037e-01
-1.041907826037141716e+00	-1.004870148901338966e+00	-1.187142371512582978e-01	-1.525262786059333742e+00	-8.499252408647716139e-01	2.148146803127158222e+00	2.041986047802820003e+00	4.398941230290419613e-01
-1.041824736294997944e+00	5.035488203668179175e-01	3.656316244172077567e+00	4.104224632573403864e-01	3.067088316278063331e+00	-5.776487692836217436e-01	2.162965613566283640e-01	3.381991690638214143e-03
-1.498043178502444395e+00	7.379023606356117648e-01	4.438677650685078357e-01	7.833368573760550735e-01	-9.346713136782164311e-01	1.492765819690793805e+00	-6.641387280162173168e-01	2.134820292603869518e+00
-9.898768420356071074e-01	-1.544601027614534550e+00	2.624026214128059475e+00	-2.291494954807883067e-01	1.592148760577345890e+00	8.754609966313846581e-01	3.161991005429257706e-01	-1.007365141526350927e+00
-6.010270441351824866e-01	-1.854199828109224013e+00	-1.499308781318833550e-01	-1.752079648360279629e-01	1.829444780957501848e+00	1.123963337074341817e+00	5.090573674994086639e-01	-1.556934055993556720e+00
-9.877669236771949857e-01	-7.000967314146917531e-01	5.248092980608821678e-01	-1.199451515919266242e+00	-7.799075747761227140e-01	1.082545573207006173e+00	1.343574908456256045e+00	-2.337842204801554136e+00
7.017304574233659276e-01	-3.159851592326023417e-01	-1.170997506566858526e+00	-3.259436118700083651e-01	-4.604717850113108218e-02	3.409011194042324000e+00	-1.519602917894121941e+00	-5.631921230165128772e-02
4.025856788714901047e-01	-7.495735267318619499e-01	-1.232185376418624800e+00	-7.045094787997228103e-01	-1.994957320486904218e-01	3.235701524830898013e+00	-8.329522185260186395e-01	-2.222232398105769557e-01
-1.219569044434685834e+00	-8.933414328794636594e-01	9.031838854034246467e-02	-6.821550737018328148e-02	-4.656575456997688045e-01	1.714292445334341775e+00	2.332978292387923869e+00	1.646544905190995278e+00
-1.470225025221290505e+00	4.682453529310878215e-01	1.116245673236036851e+00	1.294946745312133718e+00	3.015525706637146364e+00	-1.601826577714153599e+00	4.232624844304418987e-01	-8.233836592884120620e-01
-5.357317605536143779e-01	4.956230548074643805e-01	-8.410186171236729846e-01	-1.744226417432644727e+00	-5.897826966766565038e-01	2.697901135506801218e+00	-3.923031947014765097e-01	-7.549504879307754601e-01
-1.081728560609505507e+00	-2.059115365778886542e+00	2.023483516174054753e+00	-2.085022191472979958e-01	1.387710362240727191e+00	6.966880455101609471e-01	5.995378024235874515e-01	-1.017191789991028772e+00
8.116387273152353421e-01	-8.465387712855573232e-01	-1.152145926105991425e+00	-6.166142223238475495e-01	-4.553157834855096064e-01	3.431385450215244770e+00	-7.036070121949461464e-01	6.780793064976044227e-02
-1.597508250436776356e+00	1.137333503713689131e+00	2.729499944367412834e+00	8.933547151787839535e-01	2.382064692203480938e+00	-1.373421366728052151e+00	-3.059426421628993475e-01	-7.204146436898232198e-01
-5.448862336888274926e-01	-1.845720901054938690e+00	6.145648474254755689e-02	-6.514863860884653191e-01	1.832280537751903138e+00	4.530500304890721641e-01	4.879214893969955336e-01	-1.678656764532983070e+00
9.502224899266521474e-01	-6.613752471941042321e-01	1.367658691189705955e+00	-1.270704465754896040e+00	-3.233937638558541106e-01	2.089544133219653155e+00	1.046137465227545693e+00	-1.208795076431169013e+00
9.737647155209193661e-01	-6.170422172072259626e-01	-9.605681481258304677e-01	-1.094160539832009338e+00	2.342850126988522685e-01	3.215592488556189732e+00	-5.262338407513531546e-01	2.190418099631724069e-01
-1.359831826964286172e+00	1.727332431401248591e+00	2.633240510275935975e+00	-1.222729684492952426e-02	2.556364311309890169e+00	-7.363272003146974498e-01	3.409565071642600698e-01	-4.138863201994395502e-01
-1.361621741462744284e+00	-1.486740745518251305e+00	6.647525010463302131e-01	1.847377240549504585e+00	1.962767995544804522e+00	2.621518257921685580e-01	1.049644801342399569e+00	-1.371818710283415621e+00
-1.216794474457724817e+00	8.780246499893495926e-01	8.799474209325305329e-01	-2.300885590615359411e-01	1.139807269209186236e-01	2.331051535319042411e+00	-1.693222429347921165e-01	2.670626094638683501e+00
8.093417052043964111e-01	1.705874846050217386e-01	3.591490403901708706e-01	8.889538339044389392e-01	-8.202261673501812789e-01	3.111243279610861889e-01	-6.408067536450131607e-01	1.766088915022363759e+00
-2.962340909922220877e-01	1.424268765336631049e+00	3.163093020012268664e+00	-3.697854480052440995e-01	2.688746302936916077e+00	-1.574249159068052961e+00	1.035029737715077669e+00	-3.568809587083795476e-01
7.008779913490218449e-01	-1.235257357534489397e+00	-1.146057611482516503e+00	-6.188077869497569106e-01	-1.120035452446018348e-01	3.939298091116044009e+00	-7.437503030764917034e-01	6.059164815369409707e-02
-6.674469833931185869e-01	5.506644709721485453e-01	3.387614900321358480e+00	-8.415743192588250043e-02	2.683867918005205855e+00	-1.573210762335083279e+00	1.303467949325141539e+00	2.226784466548272223e-01
3.834280763849716722e-01	1.378511170926344898e+00	1.824396296936475537e+00	7.225199327683176076e-01	3.830865972670290720e+00	-6.246843606529424164e-01	2.080491119111091136e-01	1.991296353804453134e-01
4.790945273426537865e-01	-8.513400826942397748e-01	-1.181977486319199855e+00	6.392440803262400273e-02	-1.159717294829683665e+00	3.006236033737968327e+00	-1.375950601264685602e+00	-5.540110040478961606e-01
-4.270317139791365291e-01	-1.020414487499436085e+00	-1.273271032680185488e-01	-1.604610750919910345e+00	-5.404416541886671865e-01	3.347739603149455512e+00	2.953323336479182215e-01	-1.036873590978722864e-01
1.081669831179608909e+00	-4.330617384101713707e-01	-9.332935605069176965e-01	-9.257522235865272009e-01	4.269156486173961706e-01	3.652945896344681032e+00	-6.939214836278098097e-01	1.753892853256980855e-01
-1.490751567197803995e+00	2.284534187940032712e-01	-1.044251655174763371e+00	1.316890452226804120e+00	-3.611406182645593259e-03	1.113013123087268186e+00	-5.009502017771554350e-01	1.969426077200671754e+00
-8.182962753631662922e-01	7.161252018543368125e-01	2.870733054807297790e+00	-5.122231804497360402e-02	2.311111988870355294e+00	-1.180704233266247183e+00	1.678961537416786332e+00	-7.888776463295640862e-02
-8.422620799171856021e-01	2.541824490405633075e-01	1.507956996872814592e+00	1.082638688719234965e+00	4.011057003560509315e+00	-7.561985582768084857e-01	4.124658345673812843e-01	-2.691605213175073952e-01
9.909550407978807707e-01	-4.740478907453620216e-01	-1.184769841315858940e+00	-9.422281326309113192e-01	-3.805797662324293396e-01	3.703601035142730424e+00	-9.562710414144409699e-01	-1.581463312168466528e-01
-2.090884618386981586e+00	-3.668159596392586153e-01	5.320778718730767576e-01	1.123652095818581609e+00	-7.748099779273804888e-01	2.092362123157167186e+00	-2.428660117672850616e-01	1.126171306953389628e+00
6.120433749814048197e-01	-5.174167287040256635e-01	-1.319803399490719897e+00	-5.128741163937570180e-01	-4.455341854463726325e-01	3.089353721596708180e+00	-6.121301725759505930e-01	-8.794575604006228675e-02
7.101465109998593705e-01	-9.804524635444434866e-01	-1.156859433606882481e+00	-6.252277459067381304e-01	3.827006299299084979e-02	3.669128682646768613e+00	-1.014076191300129048e+00	1.383934821569579032e-01
-7.373063256931556841e-01	-6.521780152364521355e-01	3.602632295038827870e+00	1.612360768141681611e+00	7.948168735755669623e-01	-6.363128825373927100e-01	1.383316130788376785e+00	-8.247700857255396700e-01
-5.394508539355278298e-01	4.402236268633828997e-01	1.725728240217943021e+00	8.368288383163968724e-01	3.929260190276902875e+00	-1.039480203671163894e+00	7.452895630633458168e-01	4.186205166344767470e-01
1.153884945566968856e+00	-8.411063169450866406e-01	-9.030117034807358944e-01	-6.105546825886591922e-01	-2.605331544217782125e-01	3.222853490249592223e+00	-8.824091712617015970e-01	3.453798975519918324e-01
8.220750032005449404e-01	-1.179194463506303636e+00	-1.104782918825292004e+00	-5.094910497580065201e-01	-2.983063654181001279e-01	3.052211079286615725e+00	-9.978036372378535912e-01	3.532831181142829235e-01
-7.188018123599235754e-01	1.027913810238473058e+00	3.185533498065519442e+00	8.143024929217086427e-01	1.821702198001245332e+00	-1.965900504284952222e+00	5.445788948380190231e-01	-6.312999518913494645e-01
-1.385274928708662978e+00	-4.428241881164783345e-01	1.975410826350124882e+00	3.362218831529033003e-01	2.083601999792750181e+00	1.668386584266187134e+00	8.887946539271240898e-01	-1.057221396575280581e+00
-1.319341569359595789e+00	1.206669452885946958e+00	2.835738675395505837e+00	1.969303439333935923e-01	3.388018959552733023e+00	-8.511220382121208461e-01	1.969424051083117633e-01	-3.353390887261609166e-02
-1.507806064540021085e+00	3.802633584354137009e-01	2.506372192137922283e+00	3.926877716614198266e-01	2.319926420264652123e+00	1.274168844127979150e-01	1.882782447689360927e-01	-6.508397791290368994e-01
-5.593210718728400810e-01	9.733184795411534695e-01	3.092629475390236582e+00	-6.877082597388713137e-02	1.981075842787542118e+00	-1.345789645107699162e+00	1.125497156626737105e+00	-4.332366348762534680e-01
-1.933769015838524119e+00	1.030213853996307050e+00	3.258883382443972465e+00	8.778541240297486059e-01	1.987466117201152738e+00	-1.068920616970149728e+00	-1.127239017696875650e-01	-5.474727217426349490e-01
-1.525881525252996251e+00	1.440275367435747134e+00	2.518921768928736427e+00	7.373540522490418248e-01	2.229797042969464904e+00	-1.384513291015058822e+00	-2.242119698966741070e-01	-7.667643582088987664e-01
-5.574786637158251484e-02	4.467933243249859188e-01	-1.601561738946451596e+00	-7.536554082854987069e-01	-8.674428101050237760e-01	2.053784473473065919e+00	-1.413821572633367829e+00	-3.965660307526687745e-01
-2.064900483338817150e+00	1.252857474807829607e+00	2.405517097236716584e+00	6.314336890898142318e-01	2.320503963482051013e+00	-1.426362297117361067e+00	-4.789960251547414199e-02	-7.109363427053976281e-01
-2.777335091302898795e-02	9.722269836021728562e-01	3.325706425936948651e+00	5.768059805952325814e-01	2.886521986977513610e+00	-5.327913700835106292e-01	-5.330380115522436180e-01	2.127487688952185430e-01
-1.071586327675248862e+00	7.281915285097566581e-01	8.167464321624037238e-01	-1.268406321303048312e-01	2.131077217315079375e-01	2.159957937757471136e+00	-4.266641089214742166e-01	2.681197999611250271e+00
-1.987632311872653545e+00	9.869263369940460828e-01	2.573954377264232374e+00	7.818672118803831061e-01	2.013570569294675927e+00	-1.275339021619624091e+00	6.979512424530340264e-02	-5.391600289591987893e-01
-2.112107536834738397e+00	4.425878088807506106e-01	2.318962889394928339e+00	6.929628237878970864e-01	2.423702556149599285e+00	-1.356426937463631743e+00	-2.411931661878895239e-01	-7.709048660242949769e-01
-9.298281435950395135e-01	7.065051331278707214e-02	3.366797549242289467e+00	4.515385217432579812e-01	2.948553202284238672e+00	-8.389267948081596815e-01	6.416936833664400597e-01	-1.772020388263942092e-01
1.893327343325086343e+00	-7.326527723728052388e-01	-3.606713938152816268e-01	-1.001147138173693163e+00	-7.148336223329742056e-01	2.418817201694266839e+00	1.565183941683222779e-01	9.203103319734957932e-02
2.770004448069158798e-01	-6.551733396169240331e-01	-1.327466239344720078e+00	-8.242425296547247759e-01	-1.687251229362402849e-01	3.326579000330178726e+00	-4.196788465669734070e-01	-1.016366905443548407e-01
2.520314975872138819e-01	-3.133387089405388348e-01	-1.368274656686407464e+00	-1.138245462125076213e-01	-9.377546502359783709e-01	2.684194063527931107e+00	-1.524004603919233647e+00	-4.838887665171111019e-01
-1.091214174193506192e+00	-5.589194619091576444e-01	2.234006656814240710e+00	9.467205431724796671e-01	5.527632576581161805e-01	7.732508888226532484e-01	1.017943364515071947e+00	-1.612192421033585843e+00
-1.239817677783463967e+00	-6.207444111341505755e-01	2.449741193904118930e+00	1.542319333994064401e+00	1.257089939183341443e+00	7.214873896131126507e-01	6.766080993989782577e-01	-1.407071167868211736e+00
7.510311648296238429e-01	-9.144978032391438694e-01	-9.562526564805867713e-01	1.005423103878801960e-01	-1.270299244000214767e+00	2.997417022416551280e+00	-9.656089841546635633e-01	-7.853907637211476889e-01
-2.362672831200072487e-01	1.567039879246469258e+00	2.952413493350296125e+00	-7.384609552346276251e-01	2.566571855325952001e+00	-1.659911278256505529e+00	7.850975816621590386e-01	-1.008711977323638737e-01
1.226040278929242167e+00	-3.649028261452022526e-01	-7.986416590344940225e-01	-3.660672812627123740e-01	-1.983999183652346066e+00	2.347780231151937791e+00	-2.401214976107664267e-01	-5.102773673348398598e-01
-1.001928025038214987e+00	8.308058864059093551e-01	3.085180039060231749e+00	4.001627647031341106e-01	1.232618350561470955e+00	-1.810418753150709659e+00	6.474568755598041347e-01	-7.857341497713397072e-01
-1.503954830553431599e+00	1.164750526399670916e+00	-3.052805356231707568e-01	-1.715757372125353286e-01	3.141719711155894212e-01	2.783721215881937994e+00	3.615999676875525370e-01	2.031240721830280371e+00
-1.279333070110026283e+00	1.073074891418220433e+00	2.855924590591262913e+00	-1.062945241522593454e-01	3.242839679887826065e+00	-1.015313136230177049e+00	3.348607304789134043e-01	1.196531495969570119e-01
-1.481285794863464567e+00	9.562501796271127841e-01	3.774331911895333902e-01	-2.407726406492207705e-01	-1.263228925270302172e-01	2.347731029622799781e+00	6.190043260060220653e-01	2.283481591553350398e+00
-1.378410933970797059e+00	9.783043088559252309e-01	2.909455987822993084e+00	-1.349936792260469087e-01	3.395692648897376209e+00	-8.845096722437986170e-01	3.819491665199816754e-01	-2.992683955868767273e-02
5.779751129390563458e-01	-1.095672151637318681e+00	-1.024727950450138314e+00	-8.525284181852123000e-01	2.227737529000045624e-02	3.211877992854736519e+00	1.852718348361706568e-02	1.259072082443601359e-01
4.919603212815297777e-01	6.615040837996823131e-02	2.222626620537171416e-02	1.051850859268792737e+00	-9.367827231136387489e-01	2.781245722366851858e-01	-5.989340980193205155e-01	2.056256397682460157e+00
-2.265336940453789527e+00	-1.258955481660711806e+00	-2.981151928056985922e-01	-1.502745205620125368e+00	-9.114164808070884805e-02	2.190290491181658972e+00	1.215607714114058435e+00	-8.663515975136468761e-01
-1.140840922900184795e+00	8.943195348489860752e-01	2.927175795885680110e+00	-2.124370659282443508e-01	3.164284917546333009e+00	-1.023277021233879980e+00	1.749831553067050793e-02	1.835635777350293207e-02
-1.325517276106196740e-01	-3.947720582908548215e-01	3.142789717929221904e+00	6.183247135518095128e-01	1.339200213550863383e+00	3.967762795395713971e-01	1.961970735530530696e+00	-5.483273518497168153e-01
-9.516185387497947401e-01	3.148244024192742296e-01	3.467785808343681886e-02	-4.259055981612713815e-01	-6.554402745747964776e-01	2.083956111490764318e+00	2.017897706311340578e+00	1.622663286104555791e+00
-6.372002948586629190e-01	-8.747721964086119240e-01	-1.570526810914022464e+00	-2.598366878546977121e-01	-1.051597724520273669e+00	2.439000312702388040e+00	8.082432292528016204e-02	-7.038559630746644702e-01
-2.211746119750651329e-01	7.275116582533277532e-01	9.636364354766776552e-01	1.484489327005050208e-01	-8.218047163102526476e-01	1.343665080519169885e+00	3.923432970499317607e-01	2.916996086955176537e+00
-1.020294402920634669e+00	6.293267630494221443e-01	1.022437496487806685e+00	7.125917151651284254e-02	4.217322367906077396e+00	-8.279861811051923981e-01	7.959025711197073027e-01	-5.334111470173803771e-02
-7.305079059985807310e-01	9.266033540267192281e-01	-1.274298189466398501e+00	-4.694172501876400089e-02	-2.438538907028482972e-01	1.915063216340635810e+00	1.979862781749952561e+00	1.401264185522125505e+00
-8.832956102797616671e-01	3.768868199854195078e-01	1.586231491836703533e+00	1.033678450386962933e+00	4.001441566721342546e+00	-1.036349945619143176e+00	7.456241253392245083e-01	5.421381737033159620e-02
-1.094850825405453421e+00	-1.891359043487114699e-01	1.524776653430559847e-01	5.901707400595119779e-01	-8.646666423819922009e-01	2.852144140720862531e+00	-1.309719215076577958e-01	-5.641634478446404533e-01
-7.694250436998731901e-01	8.958137219626451098e-02	5.913857774310374849e-01	-1.881210168960634754e-01	-2.998745200576505288e-01	3.513113479157053742e+00	7.422844077221666392e-01	2.230390616953943916e-01
-1.770736708764428124e+00	-1.462964706005456916e+00	-1.289506277210453300e+00	-6.703066736395321169e-03	-7.692193568746192867e-01	8.102541021517244424e-01	2.101366973483897116e+00	-2.346533971254741169e-01
1.037290669521415687e+00	-1.111307999307543204e+00	-9.024944742728340241e-01	-5.092015034158321463e-01	-1.898924646142100825e-01	3.300286144810508748e+00	-1.118094793578248813e+00	1.607825197257475858e-01
-1.430802826645612980e+00	-1.272338332754906931e+00	1.413886809839927372e-01	-1.740334575292727060e+00	4.974640073718686328e-01	2.404558724020689375e+00	1.268970012328476171e+00	-1.240346646188718926e+00
-1.309413559395664839e+00	-4.107457916886653737e-01	1.581497576976421016e+00	-1.183088464769423753e+00	1.959443665789135203e+00	6.710923143696372328e-01	3.131167447161089523e-01	-6.490110185738601212e-01
1.510104073161394389e+00	-9.179231298638845793e-01	-6.945171149208949624e-01	-1.070550481449891400e+00	-1.019486090029076086e+00	2.562003155683313160e+00	3.237376503444095999e-01	1.136157061214197322e-01
-5.412125446870121870e-01	-1.644120352709163679e+00	1.859247450408317570e-01	-4.332027051467678413e-01	2.588073823978709331e+00	9.496165858777039226e-01	7.189667352820746649e-01	-1.378480258144751280e+00
-7.620264477505922507e-01	6.594399765820663228e-01	8.215506650242041520e-01	-6.943580753541294115e-01	-7.469239029470190472e-01	1.687764017118075000e+00	1.217796375191531721e+00	2.060392110226342499e+00
-7.622866597713380266e-01	7.757011121426528044e-01	1.002065995411629329e+00	2.160455469871324086e-01	-6.115831249003236270e-01	1.664610043489827218e+00	-2.697864739052470706e-01	2.664950010919680867e+00
-7.477575118691475176e-01	3.749524972777816823e-01	1.618030932457703130e+00	6.300667660010832449e-01	4.353122230280177085e+00	-8.416023129549232706e-01	6.104413830546083775e-01	-1.517766497888453359e-01
7.554067726102157154e-01	-1.292594756666002098e+00	-9.664414011049031750e-01	-7.416809392220951036e-01	-3.114555391568316067e-01	3.330675733859558729e+00	-2.949231029928564563e-01	-3.158755533418007577e-02
-2.600142031768038375e+00	-4.592665461986034092e-01	-6.564487065826623002e-01	8.940107292133156469e-02	-7.499463186779364854e-01	2.494197855159114852e+00	1.384893038175500912e+00	-3.859972207231998076e-01
-2.017110280417745649e+00	-6.148522100551401248e-01	2.125751749178576289e-01	1.365656041045122615e+00	-9.819292718385583818e-01	2.133664773821409177e+00	-6.481348850012740026e-02	1.593618391615926333e+00
-1.321376572577367625e+00	8.708339585651937442e-01	3.003960207258967952e+00	7.690969169156551821e-01	3.231922948960350261e+00	-5.834562543820939196e-01	8.155197602564623338e-02	-1.987656143462672720e-01
-5.638402406672307077e-01	-3.041128275138113568e-01	2.772709101026405332e+00	9.342748409761123529e-01	1.643620511527132122e-01	3.812051610939244384e-01	1.586580994808790335e+00	-1.441609766810906912e+00
-1.620630330348358017e+00	-2.781328828723858559e-01	-9.406880224277588964e-02	-2.673400495092793649e-01	-3.871086814891128713e-01	2.837446365874167320e+00	1.233086567909615461e+00	1.093156925031765203e+00
1.452160367858468693e+00	-5.236914114716253454e-01	-7.516322060421203322e-01	-1.085122001176983542e+00	-6.883976507190868732e-01	2.601928046314860410e+00	5.873541967990846269e-01	2.628080804981079432e-01
-1.021538157140530645e+00	7.377668579913209124e-01	3.049213553449350300e+00	6.145404273352712554e-01	3.502143054263256339e+00	-6.638955032448857763e-01	1.830425636646959286e-01	-2.644734941006114393e-01
-1.293224325822664333e+00	3.986641366781285001e-01	2.943392954698260233e+00	2.742294288857550777e-01	2.445356372036092907e+00	-1.815805777975049606e+00	-1.048249939820239618e+00	-9.757362289281371615e-01
1.881805086949861927e+00	-8.554174625993289371e-01	-2.761722862969612780e-01	-7.754940956747925496e-01	-6.749075022326243012e-01	2.512814937540375659e+00	3.288473078547804462e-01	2.520183662455721674e-02
-9.081892560805145953e-01	-2.278919676656865345e+00	6.586810738482871130e-01	4.459008329276031302e-01	2.638447514058646970e+00	5.359199179910477673e-01	6.084524211689348316e-01	-1.011482494516851016e+00
-9.631729605570154007e-01	1.006238826001431441e+00	-8.410584680452716233e-01	1.626402201818725191e+00	-5.201888265458130822e-02	1.564921439925287094e+00	-3.862026718322554286e-01	1.960261222900146594e+00
-1.275774424707127652e+00	-9.015999401360569321e-01	2.046997533020358695e+00	5.606239928222187530e-01	2.015179017719169519e+00	1.387906872514309553e+00	1.199568922313711594e+00	-6.854160301302959502e-01
-8.526593978312025923e-01	4.220807080763004926e-01	3.311204053699870808e+00	-1.282949432171189563e-01	2.272679873097389169e+00	-1.573203718064223988e+00	1.191511746626130464e+00	-2.277034877135303836e-01
2.991157024778027251e-01	-1.028730465385251369e+00	-1.275306491138497922e+00	2.865386265854966141e-02	-1.206264699012694841e+00	3.126953121279655967e+00	-1.170528656511027998e+00	-5.940355194927575688e-01
-1.627942435317174974e+00	-6.750162934160255368e-01	5.483453254983218228e-01	-9.168262839614237381e-01	-7.484129561520274088e-01	2.364246908995627283e+00	2.716039270002182704e+00	8.237764019090564327e-01
1.518094403582114005e+00	-7.682479297460891310e-01	-8.742521478403559865e-01	-9.138140500370642849e-01	-1.293352230531428670e+00	2.680890715408101865e+00	2.128806179994932324e-01	8.129134571188124936e-02
8.209884995342874303e-01	-9.483388680151857431e-01	-1.072079245038464190e+00	-7.714519059674247448e-01	-5.917752564289610051e-01	2.898793850104238956e+00	-7.351205920378796055e-01	-1.015481919592207682e-01
-1.519026770109596081e+00	6.611659752321993322e-01	1.050348178395310583e+00	1.247866686135070458e+00	3.396869486578841801e+00	-1.746886419605678364e+00	-6.192735747786098921e-01	-5.672432476078012042e-01
-1.144183787459420509e+00	1.596849384336864297e+00	2.800455767655778860e+00	-6.065333177917421603e-02	3.696672609459460634e+00	-1.340509268231662166e+00	5.055582717108472735e-03	-6.904638786197885014e-02
-2.283942695150033675e+00	-5.279157525449683641e-01	-1.013231277198633595e+00	-9.982449692005013198e-01	-1.643431189156757677e-01	2.918111432549470141e+00	1.381752094840678957e+00	1.697042609940920821e-01
-1.632926964778592005e+00	7.494641756134045041e-01	2.628586741592596088e+00	1.328362392409879189e-01	3.094059416915729166e+00	-7.348679252100892567e-01	1.542266615695352672e-01	-1.476545326961719307e-01
-1.589464960975465191e+00	-1.109892749537372492e+00	2.158514625825210587e+00	1.437812660535731646e-01	2.014908045203597453e+00	1.092988009827817741e+00	1.289629609660485343e+00	-7.313243581967123763e-01
1.792859509848913069e-01	5.197780612279377932e-01	-1.585648073612839104e+00	-1.400862204080646878e+00	1.930335135561981330e-01	2.828858886157135988e+00	-1.082054154414561875e+00	2.021194897842905347e-02
-1.570048891600642094e+00	1.612507089283018447e+00	2.314061117556263092e+00	1.186660563298613802e-01	3.161550130421980853e+00	-1.132988116420293290e+00	2.740395806212939656e-01	-2.691259707438657389e-01
-7.711806412588571025e-01	-1.107324759811387116e+00	-4.284513540934083153e-02	-1.983501960386012675e+00	-1.005929596211505128e+00	3.035009361185239563e+00	-2.549808046318970400e-01	1.843255923463726909e-01
6.410497098348911793e-01	-1.191969317409613538e+00	-1.084240729846202678e+00	-7.048066353425234132e-01	-1.941826236467606992e-01	3.254950272755609220e+00	-7.811975427038027053e-01	-6.881628722472122803e-03
-1.092843765520104427e+00	-1.848625812428450477e+00	2.011635597509553008e+00	-5.369419870184287680e-01	9.048053741609403122e-01	1.303297659535924469e+00	9.307620602927149100e-01	-9.784771777222260880e-01
-3.367159039960901379e-01	-6.017318743310255957e-01	-8.332858947377655978e-01	-6.038397565328491590e-01	-1.530115852621654060e+00	2.869815839253287315e+00	-6.030368758748007041e-01	-8.553198900572749341e-01
-2.176745807090357143e+00	-8.483688920470284778e-01	-8.371338648746735611e-01	-9.717881910795669320e-01	-1.630551522962538635e-01	2.872940515894817803e+00	1.196264112629594534e+00	9.816881638107621821e-03
3.910929410996992761e-01	-3.233395788334406107e-01	-7.729631492082528199e-02	3.587017861021764564e-01	-2.826108270565813596e-01	2.603897451425799536e-01	-6.441019124326642642e-02	2.126960344409752679e+00
1.024400435789022623e+00	-6.198939793485206406e-01	-8.929809362969488573e-01	-7.412831625023312832e-01	-3.316063855432259122e-01	3.127207716175993912e+00	-7.152528274786715823e-01	2.339086780325759507e-02
-1.800801032452618022e+00	-1.988761042617831043e+00	-7.828605932924278532e-01	-1.418791140561523889e+00	-2.859668057623299120e-01	1.962621310915322548e+00	8.965697729073918154e-01	7.739258472415856682e-02
-6.746016745022861416e-01	1.241407945311200134e+00	2.778881403625780067e+00	-2.648713102247554629e-01	2.025108712268424149e+00	-1.335075272156349024e+00	1.281657325321467367e+00	-3.330226703806440369e-01
-1.790518406027460818e+00	7.640400684552157706e-01	2.616727252575420604e+00	5.388784960730628182e-01	2.190432924353673094e+00	-1.225420988654428278e+00	-1.527707319173287615e-01	-1.177687285176355125e+00
-5.723571355715110220e-01	1.274147807328451565e+00	1.398589314933782912e+00	5.962340961513545867e-01	3.860834387071846674e+00	-1.404817591184387648e+00	4.894181282633000007e-01	-2.387733258728346741e-01
6.116362565494618542e-01	7.084441998960910869e-03	6.686372907726684245e-02	9.863834979848076223e-01	-8.265688922167327979e-01	9.809830996506319067e-02	-5.676772094217031883e-01	1.566924373709902119e+00
-9.246119970936733656e-01	9.796211544787454262e-01	6.429041347506903037e-01	4.737740988879482473e-01	-3.214782687174848053e-01	2.002203119806188258e+00	-4.003082139411597296e-01	2.721292741919509428e+00
-1.107213424943485292e+00	-6.886564993726405071e-01	2.002098340771353069e+00	5.714155065151511614e-01	2.270530671011719903e+00	1.026672229786189439e+00	1.277251697844330902e+00	-7.486053755889585659e-01
9.253655474869743047e-01	-4.236621483673237987e-01	-1.110172746928294707e+00	-9.917150851081415475e-01	-2.422551806490815529e-01	3.226692668593734048e+00	-7.428080408040673710e-01	-8.399044200342857536e-02
1.160507406676294373e+00	-1.016370178038850991e+00	-8.368380043723100403e-01	-1.135112436051647633e-01	-1.992086264541135243e+00	1.919801583768435238e+00	-2.778406788938130867e-01	-2.049020163655508042e-01
-1.141432325458554775e+00	1.466307443324051052e+00	2.564191004774618587e+00	-1.830518210975620730e-01	3.222495060654086529e+00	-7.597060448811875366e-01	5.603308845291503637e-01	-5.565415022904053322e-01
-8.989242611066012856e-01	7.758387024676073329e-01	7.665306671119458404e-01	-1.203194427026799684e-01	-5.725012677814977913e-01	1.406710750748777494e+00	1.212163855689276204e+00	2.662122321991156504e+00
-1.456173797512543944e+00	1.255800489461831537e+00	3.109767131457309652e+00	-4.906791993423175596e-02	2.762522515054259387e+00	-6.903607938179633363e-01	4.566450740767713512e-01	-1.167645910838010018e-02
-6.131692132913140192e-01	-2.751927315094604420e-01	-1.262027148233929363e+00	-1.126323046699117869e+00	1.006675198507927194e+00	1.728663224873197901e+00	6.013876947918136984e-02	6.485704284579558998e-02
-8.581290119993529864e-01	-1.034056568509961416e+00	1.537514455602094543e+00	-9.179234683748741519e-01	2.384819857373776220e+00	1.046921396261096815e+00	3.136078182525363633e-01	-7.879740600980082998e-01
-1.297776951428155856e+00	1.042997217682805955e+00	-5.221431089667304404e-01	-6.806593866596513109e-01	1.521454017320038876e-01	2.564749829123153635e+00	1.002411086551705077e+00	8.944759704292314373e-01
1.176224563335134921e+00	-6.531454055615268928e-01	-7.986963166081642029e-01	-6.548589887245135355e-01	-3.087794582696508638e-01	3.508969344274733615e+00	-5.440446844981086105e-01	-8.015534905929658227e-02
-1.546370448618268334e+00	4.832108293997292026e-01	2.980881074890853633e+00	2.145914500154186833e-01	3.352468287135932368e+00	-1.206943549639955204e+00	-5.720745358485983256e-02	7.457743790969457998e-02
-1.323463628643308521e-01	8.284985349821317735e-01	3.846523021399246289e+00	3.674928328314637782e-01	2.674036404282590595e+00	-1.000234690148358974e+00	1.193424847897578411e+00	-2.190725928381718202e-01
-1.521731576357493898e+00	9.626660189049769667e-02	2.786900520614129739e+00	9.414473220840524625e-02	3.344343408537458817e+00	-1.030422098672812981e+00	4.394212559358290360e-01	-1.829479666433989904e-01
-1.834611292388927062e+00	1.100945669036094809e+00	2.436247121811439431e+00	8.542804494227622669e-01	2.390216307058862011e+00	-1.276071463330313627e+00	8.173209031020059467e-02	-7.703455243800136909e-01
-1.980688190795479642e+00	-1.351856235299220277e+00	-3.224232299708030269e-01	-1.009022976048857601e+00	-4.334489793754058712e-02	2.759716120204836809e+00	1.393904182819626580e+00	-2.346074842805172256e-01
-1.244017249886535836e+00	9.778598076475392142e-01	6.872009580559472752e-01	-1.723634853836979175e-02	2.423057105660782196e-01	2.225468354477142530e+00	-1.156344045352473426e-01	2.464534490563623059e+00
1.089940634741597858e+00	-8.180020983065081630e-01	-8.306142935847962150e-01	-8.233562026208995910e-02	-1.877008671935924466e+00	2.052022685743695618e+00	-1.014784002587561657e-01	-3.535023225731881436e-01
-4.193748101244264004e-01	-9.217233160339050047e-01	2.671337982903577046e+00	2.501849727156567615e-01	4.937908675657127211e-01	5.942150678357581706e-01	1.825359457988630085e+00	-9.804475471338476300e-01
-1.376290171440415655e+00	-9.229594273464234444e-01	7.248740423074763184e-01	-8.241802528316874987e-01	-5.432608224189441337e-01	2.180189719669607396e+00	2.613561079960243116e+00	7.424577578376219122e-01
-1.043175367835503353e+00	-1.614743173581101088e+00	2.111278768906521552e+00	-8.770475807565841775e-01	1.856141326657925861e+00	1.121900763418909319e+00	2.406582389633368513e-01	-1.091582104199807057e+00
1.932355154234365324e-01	-7.794612195467002236e-01	-1.537562763956928480e+00	-1.128513217168398031e+00	-2.992726988937132737e-01	3.148803883261013681e+00	-1.535092297719462262e-01	5.678444063058427083e-02
1.298059569947677794e+00	-5.386024415562210566e-01	-8.861802352249095183e-01	-3.181367858703867402e-01	-1.947235495787113635e+00	2.103710469338567979e+00	-3.465421059871625631e-01	-3.827946843913803132e-01
9.293324417004121818e-01	-1.179774318853498150e+00	-7.834898285110465377e-01	-6.538651824779192490e-01	-8.332543541749322380e-02	3.504465269689038376e+00	-5.257133324446915390e-01	-3.089894175228060508e-02
-5.501962683534540322e-01	-2.747892103141567621e-01	-2.187351440977682582e-01	-8.907398675237722108e-01	-6.286248314723791308e-01	3.601544375915995744e+00	1.118662404524628506e+00	7.178953614121948157e-02
-4.768765539591104941e-01	-1.030924274267839280e+00	-1.426816352564610257e+00	-1.093445801609492340e+00	3.664683526215691822e-01	2.842279006222880877e+00	-1.623493221030374856e-01	-8.964439600823651943e-04
-9.788483037826857247e-01	1.453499504907745932e+00	2.850946869752922108e+00	2.272205188540962206e-01	3.436911820845047760e+00	-4.445682580707973064e-01	2.703779885131424310e-01	-5.104868655614934747e-01
-2.334688158982896056e+00	-1.434038008321051105e+00	-7.357635620195038806e-01	-1.083684771205890351e+00	-3.753480727021497598e-01	2.704926771882711911e+00	1.192088246852444966e+00	8.597412271300625131e-01
-4.809380438589510587e-01	9.335893811604925041e-01	1.003688757003149856e+00	-1.293738889381012003e-01	-5.625015641028098257e-01	1.567872405814990211e+00	8.702447815137602793e-01	2.978175573618782934e+00
1.429854780636891309e+00	-1.026299598710327388e+00	-6.421757860516841276e-01	-7.895357146020162142e-01	-1.041767531192544061e+00	2.464408608247203425e+00	4.174904888758743660e-01	-1.926242274726696832e-02
-1.020409422098663477e+00	-3.703622222772838812e-01	-2.076861072090997240e+00	-1.367040492976220045e-01	-3.143876155184768817e-01	3.532087107299235473e+00	7.323265532613039142e-01	7.024367224825744938e-01
-1.441950685028885237e+00	9.632795196701956497e-01	3.160171362635371572e+00	9.093406813552626922e-01	2.189116625251376291e+00	-1.230512658112300262e+00	-3.631764220293335343e-01	-7.868878596289277105e-01
-2.343160347337792881e+00	1.631111368138848661e-01	6.486578565541597508e-01	1.261829342368147033e-01	-6.992076905367566875e-01	1.202738229082337407e+00	-6.195836505471702393e-01	1.367733117867408588e+00
-9.300075559069260756e-01	1.181488439298289839e+00	3.041799759994759711e+00	2.122655329771841459e-01	3.191588322081908569e+00	-6.917445497277240340e-01	1.860690494675158180e-01	-4.835749538773863598e-01
-1.145081910969961481e+00	-1.261762969800869660e+00	-1.128755320257106787e+00	-7.722941383830135287e-01	-7.721878135563312595e-01	9.745016544599445218e-01	1.599084701864771585e+00	-1.374666318915491736e+00
-5.129457557044041494e-01	5.777765636292597762e-01	1.677507109376591199e+00	5.679596095554708679e-01	4.002517858892276514e+00	-1.337827770625137136e+00	5.383823652922088421e-01	-9.562981371715535694e-02
9.117602060434349953e-01	-4.331446317265531532e-01	-1.190401211231762568e+00	-1.203690089863833412e+00	-3.552089143570412721e-01	3.162265313342322415e+00	-4.387912404392516619e-01	1.129467627887459358e-02
-1.403318185803937856e+00	7.724128149778309860e-01	3.153944386030967717e+00	-9.043458027122550091e-02	2.986119498121588389e+00	-7.826871974416959032e-01	1.357722884715112377e-01	6.772344235150759562e-03
-1.261267015471436048e+00	1.061454683817443456e+00	3.087575661497231838e+00	4.762250448520600199e-01	3.242382485135362202e+00	-1.229267427165364079e+00	-1.868268298917041825e-01	-1.160325870744400162e-01
-1.097483278752799940e+00	-2.946836810081049363e-01	-7.510922097804448860e-01	1.156910470853395267e+00	-1.402307921595160323e-01	1.005707160944458778e+00	-1.440281199745131691e+00	2.325733342794935599e+00
-1.292334269389598056e+00	5.388808770427472306e-01	2.835334420246049092e+00	-2.058397016512278632e-01	3.419521140552141070e+00	-8.776855050905427724e-01	3.844657526552115456e-01	4.985223655215045846e-02
-2.281049986701756127e-01	-9.688541015843906701e-01	-8.340084713837905284e-01	-1.062895564538350879e+00	-7.141788453652141433e-01	3.436519891933968562e+00	-7.763072520817425604e-01	-2.258775092978976828e-01
-4.727722270353388323e-01	-8.526485594434279891e-01	3.439791674619046558e-01	-1.093969355848715796e+00	6.792359977205345012e-02	2.305926917397743026e+00	9.321463410224313240e-01	-1.997328945693873203e+00
-7.177674058879713881e-01	-8.763016191122132703e-01	2.420997809518754984e+00	3.990861784251212296e-01	1.541234124054996490e+00	1.317902026152679706e+00	1.088775952443284734e+00	-1.205201209129077133e+00
-2.023627265141410281e-01	-1.978181160284404827e+00	6.883067611297597477e-01	-1.277349934996899472e-01	1.511999646331512404e+00	2.197693810869499886e-02	1.889051308182588818e+00	-9.924272751464447984e-01
-2.748929006695165267e+00	-1.026764355654875338e+00	-2.977112400040503593e-01	5.320606956542489607e-03	-7.734353270730264240e-01	1.737481610584810321e+00	9.117482199425444023e-01	-5.289489809821834587e-02
-8.947204477633959874e-01	-1.850462453743936031e+00	1.879098567956007049e+00	-5.662718132701223261e-01	1.043617385411512721e+00	1.280959739836741385e+00	3.420707393667962171e-01	-7.688283868391384557e-01
1.565315349611983819e+00	-8.466455904923038123e-01	-6.394139232086849534e-01	-9.631845017182708579e-01	-9.345135964146732421e-01	2.546671685083279790e+00	3.612264845960495574e-01	7.189456676404200330e-02
6.033549703546899901e-01	-8.487467549171846537e-01	-1.142774876260981953e+00	-1.097685602989006082e+00	7.109791469748155679e-02	3.289681129196318388e+00	-5.428092229399731350e-01	9.800765045891667027e-02
-7.785462279148229747e-01	-2.074054237976386883e+00	5.773121008056237846e-01	-1.075127409584170080e-02	2.600061176498507542e+00	4.277041964784714656e-01	8.264720173869521957e-01	-1.285355508082516973e+00
5.206797447654977207e-01	4.484279083818467071e-01	-1.219970968605285977e+00	-1.391873499936523650e+00	5.916658164054912072e-01	2.708357707470147258e+00	-9.748713697082818097e-01	2.032988522964914169e-01
-6.200859297491899680e-01	1.567817285544601091e+00	3.188692226377785044e+00	8.968586866686909520e-01	1.262151187806656250e+00	-1.495503840920190175e+00	6.285958157407692815e-01	-3.106289875665171896e-01
-9.287137654443345935e-01	7.383952338778386748e-01	7.130178829892952486e-01	-3.785523302078455665e-01	3.251621302743734621e-02	2.050821312241708050e+00	3.130235763302525731e-01	2.513131396308188492e+00
1.172034504913461284e+00	1.435519214498102603e+00	2.263757905733747133e+00	7.246501809138230499e-01	2.946109884470172524e+00	-1.175779277377477339e+00	6.596311763279082419e-01	-2.216635784353083449e-01
-9.944860413972989033e-01	-1.224277290597630463e+00	-5.220591905540358096e-02	-1.715149920502243575e+00	7.243388978325688843e-01	2.163528215359019846e+00	9.109963390282360685e-01	-1.546824916935161331e+00
1.246480857733629488e+00	-8.503251335861725657e-01	-7.200999534969114713e-01	-7.446569507309462876e-01	-2.272673653205117550e-01	2.933854943947020733e+00	-4.498700465175264340e-01	1.513017786177198176e-02
-2.632673755515297920e+00	2.845965884617457919e-01	-3.961234113672360002e-01	-1.793815415744786090e-01	-4.841553350643155729e-01	1.520334962667870160e+00	3.552930880545965842e-01	2.761717937316231497e-01
-5.146744217809288147e-01	-1.094098638904644094e+00	9.434105201114553196e-01	-1.645033795698227275e+00	-2.773017858480923414e-01	1.552140941607201841e+00	1.648226337754730375e+00	-1.682170621924502507e+00
-5.160976619361279383e-01	1.852454827971870832e-01	-1.130879345038697803e+00	9.839199277769929974e-01	4.588027364916575923e-01	3.589550528031591359e+00	3.826237491661813594e-01	1.902421491644787910e+00
-2.067510111181241894e-01	-9.995157619880737920e-01	7.247344586347344020e-01	-1.481761496072721451e+00	-8.742410363497262749e-01	1.961786222622989628e+00	1.349791442030135569e+00	-1.203373636376159794e+00
-1.893915737493572893e+00	-4.881109561069704728e-01	4.760688839738524414e-01	6.225896678831807640e-02	3.232300786851781682e-01	1.897102989322175359e+00	4.761537777159554619e-01	1.717398086413055136e+00
-9.046449128225474423e-01	-6.714372036861798732e-01	2.562278607457058932e+00	3.176770165436947901e-01	2.209264679811283383e+00	1.481490990085191140e+00	1.140648140345323691e+00	-5.215731409203696600e-01
7.557740226447581255e-01	-4.833131901118843388e-01	-9.888456210361150633e-01	-8.413568636583622640e-01	-1.704890144057125967e-01	3.293543188194682170e+00	-6.963928646524940591e-01	-4.267951260472735431e-01
-9.610151759297849150e-01	-6.271714335193815382e-01	5.594872771955375912e-01	9.213386369112768204e-01	-1.888262603530892481e+00	1.832789191661270634e+00	1.533953993350065437e+00	5.877435192837408007e-01
7.053739947060492232e-01	-4.316530509643688451e-01	-1.214613605827702392e+00	-9.338540146498538475e-01	-8.112572238883444461e-03	3.635620212144523578e+00	-6.986927746123718919e-01	-1.046352931798880254e-01
-8.416565601435315180e-01	-1.171000945915531055e+00	-2.556414801331096873e-02	-1.589647880184437145e+00	-8.062951141348315698e-01	3.262883377965547282e+00	-1.830787132035682219e-01	4.707326597418962089e-02
-8.874732768055677568e-01	-1.012806204832764179e+00	1.853868350827518607e-01	-1.545567286873787083e+00	-1.016822740761474053e+00	3.444444216133501602e+00	-2.271410865490548214e-01	-1.234675246685047328e-01
1.050179505125874879e+00	-1.067724394778561514e+00	-9.399878212245387221e-01	-7.756988697829183543e-01	-4.207520395084477505e-01	3.269509237320139317e+00	-4.614777420227857418e-01	1.995205845028399927e-02
-1.723562996619391940e+00	3.467989808304354216e-01	-2.718166343008284191e-01	-1.080957564758349365e+00	-2.404700680327583329e-01	1.593073054873351158e+00	2.399077869883373904e+00	5.349723403003636690e-01
1.617482806683534502e+00	-6.661496770148953583e-01	-4.680661384651434442e-01	-1.193011564371419198e+00	-6.270189130759677987e-01	2.245819421670168570e+00	2.690293550493908503e-01	1.427036762966726324e-01
-7.436614526478021459e-01	-1.293275836475418439e+00	1.092926532251562666e+00	-1.549124588498386190e+00	3.132467862827262306e-01	2.138621302011969316e+00	7.071539804025892550e-01	-1.693593082404538208e+00
-1.741183112654844933e+00	8.588999386246998213e-01	2.828904831531204422e+00	-4.326047973169162009e-01	3.113177224444065416e+00	-9.033871817139651483e-01	2.359860896808970987e-01	3.306492573033114057e-01
-1.053302055594741660e+00	1.598463659179677920e+00	2.874304886715756346e+00	1.176372369407224783e-01	1.323267941940787562e+00	-1.778779372056253916e+00	7.396661649220190871e-01	-8.738640265596525625e-01
-1.030534701143142051e+00	6.524860843030448887e-01	-3.555947279180525500e-02	3.444525489553704189e-01	-1.899336370925266193e+00	1.898220664760829735e+00	1.249986229559693962e+00	9.831550503790259521e-01
-1.833177435904266739e+00	-3.879470772053151828e-01	-1.285364940317850618e-02	-6.863546750372465088e-02	2.889818918046439533e-01	2.799861690654385615e+00	9.449625275834994120e-01	1.718361929344918604e+00
-8.663218251021849170e-01	8.377739220541261522e-01	5.119748142014249881e-01	1.676319444501727096e-01	3.585901044422463269e+00	6.655992743517735732e-02	1.009399646837709330e+00	-7.446169489040797007e-01
1.877222223490781161e+00	-4.052894191226971143e-01	-5.053239633689370347e-01	-9.541845266719799490e-01	-7.184874626923765106e-01	2.580926444330619685e+00	2.349932283013507484e-01	1.211218390664337979e-01
-1.206075889568427373e+00	6.767825152553935686e-01	3.036449418380558818e+00	-1.935044100134341791e-02	3.013110858023957839e+00	-4.078654909247825255e-01	1.764112900239365456e-01	2.258768040251236120e-01
-1.951408467017276271e-01	-4.019876737629386465e-01	-5.264933253923534950e-01	2.848894522661670203e-01	2.775833012285954249e-01	1.917096853725567707e+00	2.371323107749227166e+00	-4.863687565499417997e-02
-5.545063859246424087e-01	8.867689515952532631e-01	1.624527727489631701e+00	7.355595642865744299e-01	4.059293463726252327e+00	-1.113899401664406819e+00	6.661247104115117779e-01	-2.713671180484046874e-01
6.951209418877694057e-01	-6.757812820501761797e-01	-1.318807016092656159e+00	-1.157481390638100294e+00	-1.846394834145543562e-01	3.556831760065769732e+00	-9.586177989525819232e-01	-1.567629418361836738e-02
-1.419669579030041984e+00	-1.232011143355018046e+00	1.663051463142930064e+00	3.496802604203290143e-01	8.055098537794460611e-01	4.740179683089598139e-01	1.484865424415601765e-02	-1.872496357954783308e+00
-8.479782595613953866e-01	1.325328355495613675e+00	1.040105244916838423e+00	7.218021630602973193e-01	-1.533712070260997429e+00	1.279457082541646695e+00	4.619543869069838715e-01	2.144086615425161657e+00
-8.808536421531544258e-01	8.128729779210518425e-01	1.079197040460255774e+00	-2.329453533159739353e-01	-1.419329167665170921e-01	2.049542989570031448e+00	-1.938983623987708682e-01	3.030404421731723641e+00
-8.393098099987518212e-01	-1.227914279332090519e+00	2.869060700376022233e+00	1.123620283066864900e+00	2.320018034638786641e+00	8.643730502497867230e-01	1.334838455345849217e+00	-5.862025124554013367e-01
-1.305581985062955086e+00	8.881633818317876683e-01	3.271706192215458220e+00	6.749786185922705961e-01	3.310287647592866200e+00	-7.707346580383507284e-01	4.162383766027297760e-01	1.785174454176871595e-02
7.606864262993248138e-01	-3.610397772272467831e-01	-9.852083695209138403e-01	3.080227237589390210e-01	-7.946935953614939763e-01	2.640276321292626793e+00	-1.877374884350306639e+00	-4.422791521848730700e-01
-9.057731504084709506e-01	8.695473428212604494e-01	1.379109269080774081e-01	-5.832105209487147279e-01	-7.851058540586176582e-01	1.762788585782037343e+00	1.588602105628470262e+00	1.221676883477086140e+00
-1.343461039841721938e+00	1.354747431164704530e+00	3.001998946860381601e+00	-3.044137272478490974e-01	3.368070231334296061e+00	-1.087044574063894320e+00	-7.868438699780970491e-02	-1.518096424519738141e-01
-6.760638542066121914e-01	-3.657653655439491724e-01	-8.413830485568886131e-01	-1.077209393412633442e+00	-6.445064460083150815e-01	3.592886338807236069e+00	6.424384546738515223e-01	4.150674565700148699e-01
-9.446129314711708691e-01	-2.735231482639809836e-02	-6.059185017053012601e-01	-3.298306644040043256e-01	-5.560198614182984000e-01	3.516389811953577915e+00	4.989712610936581916e-01	-2.429997914174098772e-01
2.106830077849016991e+00	-6.305114487833810566e-01	-2.720392716921113951e-01	-7.954527335936874000e-01	-7.770398146623835878e-01	2.806705076113608310e+00	1.609627189634079414e-01	1.352593644183853749e-01
-1.267812540841516844e+00	1.022023922739437651e+00	2.456100963804780379e-02	-1.185404860583209874e-01	1.380990165517594070e-01	2.803582237202784100e+00	-2.675321259567735657e-02	2.363990971880191250e+00
-2.615646995896925286e-01	-2.160609730300612208e-01	3.250459113310764092e+00	6.301135929513335121e-01	1.737232089576800975e+00	-4.950833995258726028e-01	1.750447085764987643e+00	-5.522932582807896784e-01
-1.909471112546086369e+00	-1.836124583148688538e+00	-4.095000139324519450e-01	-1.573403950070481283e+00	-4.677894579813649534e-01	2.219963500798547429e+00	6.616769294777570254e-01	1.081036736182108687e-01
5.095971728463261075e-01	-8.234032862129500030e-01	-1.349425981609752023e+00	-1.053892909198078653e+00	-5.769194120259237696e-02	3.369904690152833115e+00	-5.328163436207363768e-01	2.647795794084462639e-01
-3.721405927163504712e-01	-1.575475019365658591e+00	2.169632431692442243e+00	-1.038675275656198771e+00	2.765181490616292481e-01	2.852009875962147056e-01	1.140636324840035964e+00	-1.095776744647656509e+00
1.951593430184526579e+00	-2.047586570774058978e-01	-5.331318440261003655e-01	-8.536107077265008281e-01	-1.007600926203989111e+00	2.586590012903535296e+00	-7.835292916671374175e-02	-1.027141742987589673e-01
1.032520364092681664e-03	4.444704911125605395e-01	1.949555706370018626e+00	4.305842555272270666e-01	3.274956036659818270e+00	-1.354089766968088027e+00	1.452947114236877058e+00	-2.157145571684404572e-01
-1.793618306375915017e+00	1.009061032879081887e+00	1.823535775051667418e+00	8.315304991760550379e-01	1.862618316952973307e+00	-3.346068888345702375e-01	-2.459698630278599196e-01	-8.266560062294545652e-01
-8.818466875881137979e-01	-1.126413458883923191e+00	2.239413552069739133e+00	6.993290182973417313e-01	2.192918212432202640e+00	1.733940402627447641e+00	1.436404958979674351e+00	-8.317469403048748378e-01
1.574488713704686127e+00	-7.148543992746162479e-01	-5.747170258989743319e-01	-8.720659544116915463e-02	-1.925855398508745431e+00	2.115859596700783829e+00	-4.707672940464860956e-01	-3.850322629985331035e-01
-1.740111330557889913e+00	1.071813688775155704e+00	-1.820601997060564414e-01	-3.393844042349980494e-01	-1.080852371661237266e+00	2.200365578089554131e+00	7.274554274899724948e-02	6.389535259877422713e-02
-9.163531162703615340e-01	7.602920609643736283e-01	5.489665610146665653e-01	5.159639325691418588e-01	-3.072389100198029133e-01	1.724650915085264025e+00	-3.172866917433668221e-01	2.635440629997225503e+00
-1.235694798923019588e+00	8.790307842303108909e-01	4.774930854812807768e-01	2.218552402519262112e-01	1.189686303158710157e-02	2.174825685394311314e+00	-3.262663843466724334e-01	2.790742357514552019e+00
1.563001784077274081e+00	-7.447866289473905610e-01	-5.809947802036984355e-01	-1.235388059169415298e+00	-6.087999032939910293e-01	2.537908247896205172e+00	4.928012625460522766e-01	2.729764141010445067e-01
-2.351586699287796289e+00	1.019278194760449979e-01	-3.648784792443942049e-01	-1.120233104940703939e+00	4.792141108831898810e-01	1.914337479151652088e+00	1.432551557631749573e+00	7.737503471835821545e-01
-4.738437152524249685e-01	-3.097718661831689313e-01	-9.545233542849719255e-01	1.421125010416324219e-01	-7.997914582819878881e-02	2.054080009817590646e+00	2.264940007887869200e+00	1.344759460893123260e+00
-7.544109304953421358e-01	1.034930329257828019e+00	3.476496336978752044e+00	4.447611033848447026e-01	1.207978288104992304e+00	-1.709725807859771463e+00	4.228414357287393344e-01	-7.243387353821401087e-01
-3.189576379941391759e-01	6.308183278874279765e-01	1.607634746710378870e+00	3.918605594901972133e-01	3.063228503767418065e+00	-1.630534024295633877e+00	1.460873035468315928e+00	-2.471716572838573711e-01
-1.267687205418168261e+00	-1.454245663422252810e-01	-8.397150570441718198e-01	-2.210241630794981038e+00	-5.079226846784802296e-01	2.461878953638828804e+00	-2.279809119695368202e-01	3.454850025276356429e-01
1.403923969378624736e+00	5.518598229763491680e-01	-3.556480603263965645e-01	-1.675187972966541317e+00	-8.454544496038852719e-01	1.984594040448873775e+00	-2.403631611964747450e-01	3.559415221564837251e-01
1.358858959038357739e+00	-6.132728048721755032e-01	-8.947686504489518189e-01	-5.747065047523077785e-01	-2.645883427658700104e-01	3.466666737627629225e+00	-8.883951077926617312e-01	2.046815924048349111e-01
-1.597276148511447724e+00	9.118411074698604124e-02	-5.748267120047446666e-01	-1.561966195581584449e+00	-1.581456715207398611e+00	2.153817585976801396e+00	-9.837849998683971808e-01	-1.889379545165705276e-01
-5.983435587625073326e-01	1.040802664442759706e+00	3.328634112669872192e+00	-3.954221924124716459e-02	3.186753157078699328e+00	-9.206156117744008771e-01	3.795951306339374609e-01	-1.599227937933458688e-01
9.136968834848263610e-01	-7.700867866011944507e-01	-9.255211760943241606e-01	-7.218975478184347372e-01	1.419793107782980068e-01	3.193617458788078345e+00	-6.467774904068444020e-01	3.585104787906472357e-01
-1.436158068953546030e+00	-1.504999429045018378e+00	1.369293877796676107e+00	-1.518246501996661779e-01	2.499358091570669793e-01	9.442119169370537524e-01	-3.191812357964255997e-01	-2.035815976673402528e+00
-1.324032018081420903e+00	-2.938689746899227906e-01	2.969218377098885142e+00	-2.210441301265315961e-01	3.353627122872612443e+00	-1.279369236376291408e+00	-4.251818066527103257e-01	-8.886500513185265071e-02
-1.359287454773890680e+00	1.142497124529962882e+00	2.364114930212174226e+00	1.120506058162778817e+00	2.515755667851478528e+00	-1.460779525928866063e+00	-8.656008062165844452e-02	-7.553173392284130427e-01
-1.254745548056436677e+00	-1.375298416056520256e+00	8.628701738052318992e-02	-1.384032716470313895e+00	-1.329408150227082031e+00	2.617181398324447628e+00	2.279804269946626771e+00	6.859245936976622326e-01
-1.589208073220609974e+00	-3.860181754990025249e-01	-6.964432490497372008e-01	-1.457527348189154637e+00	-3.841812446610547438e-01	2.912702495830597371e+00	1.207998487603775928e+00	-1.562414595430559050e-01
-1.523344410355688350e+00	1.096076422502679337e+00	3.173938543700325354e+00	7.147464843850639959e-02	3.160949026097963799e+00	-5.244594544979026551e-01	3.183921483591580781e-01	-3.128798425295870600e-01
9.979175832594752160e-01	-7.015539131395749362e-01	-1.085088695908053458e+00	-7.837699054647047081e-01	-4.647514788626312399e-01	3.588023991984767846e+00	-6.222619789005988666e-01	-1.937534422165765324e-01
-1.930216624436349226e+00	-1.166426317943720203e+00	4.991080397777776234e-01	1.656235578652509033e-01	7.768469294097275490e-01	2.345496559462577402e+00	1.724200680575543598e-01	1.586341359005280394e+00
-7.936197975588936693e-01	-1.565275393632724166e+00	6.426735957353415518e-01	1.230858809105795038e+00	1.702619894679427981e+00	3.242819479353759027e-02	-1.071113459167157694e-02	-1.702865018008789422e+00
-9.320916550662340372e-01	9.066485809787353523e-01	3.183904983259810084e+00	-2.365508596873298341e-01	3.555661653979990788e+00	-7.345756088490381641e-01	2.400252588042305624e-01	-2.658896820665385130e-01
-2.585068264283705841e-01	1.292883287803803016e+00	3.163775181504765666e+00	-2.488620867793711056e-01	2.279039262629057205e+00	-1.225860318374024871e+00	1.100024403919851457e+00	-2.323877806050067274e-01
-1.869193957989085275e+00	5.556308924546633499e-01	3.869135158403482766e-01	1.019025613951349829e+00	-7.107125249457124649e-01	1.954457864854861393e+00	-8.333964817756903676e-01	2.249620043046451467e+00
-9.234798101122819736e-01	8.291790809704865373e-01	3.167438076267364622e+00	9.129441420440523314e-02	3.171415216855938635e+00	-1.084048119835605783e+00	3.854783074256615261e-02	1.312995957615074039e-01
-1.382775421225269419e+00	1.233582361675366945e+00	2.678078739868412494e+00	1.323651317203264011e+00	2.288327585192777569e+00	-1.047988661130622168e+00	-4.233567642282628357e-02	-6.558146299237271881e-01
-1.248195732905658550e+00	1.209447476922931530e+00	2.775808651666928917e+00	7.853122161279375568e-01	2.253714758334367740e+00	-1.217792300874273481e+00	-2.726179486926595674e-02	-1.025850421545675628e+00
-1.492276091568640328e-01	1.150104675378339714e+00	3.580093076032615951e+00	-7.060446582504679158e-01	2.069468747621883153e+00	-1.015746473283693385e+00	9.194722589922215139e-01	-2.409779285077097433e-01
-1.059156352039387849e+00	-1.736065469781147730e+00	-1.500227904927181090e-02	7.619539771454284516e-01	1.270326912228071370e+00	1.490192029645321381e-01	1.756338384433675792e-01	-1.704969210530310475e+00
7.441947525344941861e-01	-2.287263756057059949e-01	-1.356672970403289602e+00	-1.112187325991096376e+00	-1.998524593413885664e-01	3.318391443185691791e+00	-8.296210538670631962e-01	1.944641297087693066e-02
-1.294668028541318350e+00	3.298526143759744622e-01	1.186519832567257904e+00	-5.979453269896568834e-02	-1.839890819242713180e-02	2.901264895963492574e+00	-1.665124701791872164e-01	2.747280557714699700e+00
-6.805237086226390009e-01	9.318726998565424191e-01	1.023642974010330331e+00	4.895745591991635393e-01	4.032088857163150131e+00	-6.155399743237119914e-01	4.635574607795577284e-01	-2.437806081526099344e-01
-8.910829967974309707e-01	-8.732499523309236178e-01	2.362490564347568878e+00	3.923870916922670982e-01	2.052036115798648641e+00	1.340175690425254640e+00	1.255677763960504123e+00	-1.242638217227889585e+00
5.098804134348052797e-01	-1.060628056184288015e+00	-1.287092578539365206e+00	-8.292716466472440651e-01	-2.460154093449613555e-01	3.364776921805213039e+00	-5.848582882670586569e-01	1.185467367746387696e-01
-1.417966457527755963e+00	-1.812975516063763726e+00	2.112277698582400998e+00	-4.505311476914704016e-01	1.936490921712451296e+00	9.533001202229614002e-01	3.443154612574425011e-01	-1.070659832989766302e+00
-1.328005336625856403e+00	-1.463147918954387894e+00	2.362557245499512071e+00	-3.719603608702997666e-01	1.450065088184242290e+00	1.497194821786423713e+00	4.981694441109749683e-01	-9.772192301542723669e-01
-1.342577874165447716e+00	-1.329791085978811571e+00	1.205889770765041225e-01	-1.618812581766405634e+00	-8.035306890683261427e-01	2.819590533687220013e+00	-5.890837929877195123e-01	8.348085528319710846e-01
-1.586736304797485841e+00	1.007749753660287517e+00	3.196425346100478238e-01	1.073056128411660648e+00	-6.474602310681427664e-01	1.563684592448532307e+00	-3.593613289157654433e-01	2.061214226562162466e+00
-1.527099001739697703e+00	8.963672913087055161e-01	2.318058689642167547e+00	3.008328634474884966e-01	3.189485823151219535e+00	-7.827060726255643530e-01	2.361205840838141168e-01	-1.207348932713365325e-01
-6.273888298760272875e-01	-2.188880148536334336e-01	4.970937443967219371e-01	-2.120523180220162729e+00	-7.283804583766752012e-04	1.056177320486900717e+00	1.301522510466472715e+00	-1.217175532383376835e+00
-1.917776327815061688e+00	9.515893943912913100e-01	2.439813189184405928e+00	6.858177984936062455e-01	2.288074620473397047e+00	-1.398176321055587312e+00	-4.947301692430092768e-01	-5.194993122075292069e-01
9.549894524165082332e-01	-7.927113247440280563e-01	-1.026118516935278668e+00	-7.914481995858415608e-01	8.393231125169228757e-02	3.575345191848807058e+00	-7.082842157420640161e-01	1.389970230711209953e-01
5.932044562363242290e-02	-1.092656710960317357e+00	-1.257182935794040723e+00	3.107408632042113483e-02	-1.100446676112580846e+00	2.489093385747391363e+00	-9.604236334147240317e-01	-5.356493510752493581e-01
-6.775779667000165762e-01	-8.535076145763688116e-01	1.080283610322680277e+00	-1.210706440669733652e+00	-1.202948118192087357e+00	1.327686728183250509e+00	9.751805548107987942e-01	-2.152657946662741129e+00
-1.318746315027313321e+00	6.699110750720260743e-01	1.113880491796811700e+00	-2.569354751565481876e-01	1.140485490705412663e-01	2.109119437426846044e+00	-3.080603044617311048e-01	2.580088054398253394e+00
1.436973545239302874e-01	1.014287745570550570e+00	6.328246491455642442e-01	6.754851785774820261e-01	-8.303761724899303420e-01	1.256960613805391258e+00	1.978455220897323563e-01	2.687161873409100288e+00
-1.719725376501249015e+00	7.766191205910659701e-01	2.922970803327203715e+00	9.723559460475672545e-01	2.173794519124741864e+00	-1.498220154311493246e+00	-4.575938240362834031e-01	-2.595779535831143070e-01
-2.950218591884164465e-01	-4.059317301705230308e-01	1.801468859084286223e+00	-1.351218930181102840e+00	8.012326061344960948e-01	-1.398526791002739356e-01	7.708841354422391046e-01	-1.108186826725059859e+00
1.758990604438756655e+00	-7.654912591125817567e-01	-6.851251456228855119e-01	-8.855814152406638051e-01	-1.164350590936196195e+00	2.575816231217554542e+00	6.723219120628934342e-02	1.769780091712640502e-01
-1.253466342111518639e+00	9.080901427439652673e-01	7.980300260329267203e-01	-2.047329412094865964e-01	2.898436658166172464e-01	2.377730645811114929e+00	-2.879569990609339714e-01	2.466196018767414344e+00
1.513001240510577716e+00	-8.293973877632657699e-01	-7.626400229159162603e-01	-3.994526644991567288e-01	-1.930055236413245889e-01	3.531614392833717364e+00	-8.906422014547563659e-01	2.787014741882155588e-01
-1.587879299842317682e+00	-3.370750484379777534e-01	1.201691595060857543e-01	5.526882408992424001e-01	-3.672715044636573611e-01	2.545537460726011059e+00	1.058536686809916860e+00	-1.312101466755856150e+00
-1.263312348197703994e+00	8.690955503263649851e-01	3.005491374905978841e+00	1.071729969274348937e+00	2.058916494093175675e+00	-1.594412265789063365e+00	-1.293236972020935793e-01	-4.355263589872290786e-01
-9.281817160337632044e-01	6.266902376330335533e-01	2.898772505443871772e+00	-1.275326663656339288e-01	2.291878350586688207e+00	-1.376430916302413765e+00	1.513146727040462380e+00	-2.529578994517038271e-01
-6.872419870130781483e-01	8.380237197927714599e-01	3.591507824382634162e+00	-8.809688776795093768e-02	2.375400695178853105e+00	-1.416372973666190083e+00	1.223373111310726236e+00	-1.594776147347814754e-01
7.919553705759810880e-01	-6.624916330149913657e-01	-1.281822782080934697e+00	-7.649453739483059733e-01	-3.697275516596350564e-01	3.527513098143298720e+00	-7.941297513555990450e-01	-1.921920633275887857e-02
6.791207911654894014e-01	-4.296926505009730501e-01	-1.190775922403327636e+00	-1.656464322217688911e-01	-1.273017697069710241e+00	3.034571292810074983e+00	-9.968971605031390348e-01	-7.964535897513773666e-01
-2.397502421256354932e+00	-6.860453340256853494e-01	-3.319274937179955143e-01	-4.970166345052492440e-01	-1.379745660161635357e-01	2.691838924734074823e+00	1.745647725233924197e+00	6.051928443116049161e-01
1.269641049062759208e+00	-6.141024051725068045e-01	-1.025463297863959067e+00	-9.720819603071072512e-01	-2.298592785230083313e-01	3.423760688862446333e+00	-2.987445937413521491e-01	3.898532163272590556e-01
-1.000542829088093555e+00	-1.574774013810808615e+00	2.056204386991617561e+00	-1.197532302815985439e+00	1.039500519974687176e+00	1.153128233878827791e+00	4.270131161219483662e-01	-1.106795945963739092e+00
-1.487483001407110095e+00	2.873965974566611847e-01	3.091232077414850732e+00	2.012138560783003904e-01	2.956932258243313072e+00	-1.020476580157973601e+00	3.500728091819729215e-01	-1.403893163254167076e-01
-1.651554558322533728e+00	1.094403078184510658e+00	3.047113532602327979e+00	1.142286717058635936e-01	3.282550565917014662e+00	-1.188188562534563619e+00	-2.208121173281665794e-01	1.512216716123936933e-01
4.729347178799195861e-01	-1.214748187619880904e+00	-1.154872146776152908e+00	-9.700253600590312830e-01	8.515379047151902525e-02	3.431123295485718927e+00	-3.170317074391923451e-01	1.981407300843575636e-01
4.051715492233864957e-01	-1.071626841034134747e+00	-1.154349905429274514e+00	2.701455061328861817e-01	-1.080998224051864520e+00	2.778476207834467804e+00	-1.426742780094239382e+00	-4.244406214331937210e-01
-1.131316659156015758e+00	-1.130936308776503141e-01	1.527583084613708120e-01	-2.127149968891235421e+00	7.012588320057518976e-01	1.850877581336398681e+00	-6.170581450601615031e-02	-1.119983320657944814e+00
-1.362980318342036590e+00	-1.743698679977208066e+00	1.222376283887655513e+00	-1.061954623365050088e+00	1.201357190327531299e+00	9.682987051293481251e-01	5.201135434206584085e-01	-1.239894713842389473e+00
-5.440722491792678861e-01	-1.941620770073966551e-01	-4.842353708644482890e-01	5.724575765971120500e-01	8.190375905736086981e-01	1.573229617455841112e+00	-1.348471915859088543e+00	2.891920574840586067e+00
-1.556146938876832087e+00	7.480054882439197694e-01	2.751771203252699305e+00	7.766252929878483813e-02	2.665970892169253759e+00	-4.464660160074168660e-02	-3.272510323851507419e-02	-2.200409681349080881e-01
-8.591626517912180905e-01	2.479516798056938254e-01	-7.410686628879276094e-01	1.371392204274660021e+00	-2.886595160316367537e-01	8.981756451237643546e-01	-6.149738028808352519e-01	2.092265316305736533e+00
9.557999640848936496e-01	-1.270355665962874525e+00	-2.228592818110090579e-01	-1.022609057000108734e+00	-1.366326175991956493e+00	2.563738710100013307e+00	5.890262569515140045e-01	1.697829332769128508e-01
-1.616257038503353449e+00	4.785048471395511038e-01	2.903495780356384337e+00	-4.546911766387833898e-01	2.999794184105196049e+00	-3.367540512866336599e-01	-9.320566605232818991e-02	-5.824140604689119483e-02
9.930659553938655515e-01	6.252979368121539538e-01	-8.534179324389593591e-01	-8.322912971606358790e-01	-1.380601448989305702e+00	1.511755007095783476e+00	-3.922447729094266089e-01	-7.177804925377783141e-01
-8.915699504428775679e-01	9.413304954995127538e-01	6.914422502779138391e-01	1.957203986612246482e-02	-3.403700623286662341e-02	2.333568003326719875e+00	-3.397058960048749965e-01	3.104163108384939029e+00
7.724701889400539256e-01	-1.111528260700692439e+00	-1.100746416451193310e+00	-1.006314818528925459e+00	-2.733574303565688979e-01	3.190096142696370318e+00	-6.462918361354911267e-01	1.166815786310424347e-01
7.857384681805493765e-01	-7.315135835791579666e-01	-1.271117304170376050e+00	-8.533013129539752661e-01	-2.976629851604193355e-01	3.494463734253552278e+00	-7.306083229338151686e-01	1.378270671828793481e-01
-8.203587510833628693e-01	-9.191337421176475342e-01	1.361872840359124037e+00	-5.850711237167377510e-01	1.178617320937243251e+00	1.804263630200104496e+00	9.754430632091570796e-01	-1.329293935977664098e+00
-6.400464935142574641e-01	9.610450881077857721e-01	3.551412336300472372e+00	-1.631204431001327393e-01	1.935924981271273548e+00	-9.694154310011220410e-01	1.171738216180132408e+00	4.140097259022192389e-01
-1.755533828995814449e+00	1.123114079237722773e+00	2.494640106699116622e+00	1.121878329995533274e+00	2.933598009903892745e+00	-1.342234869445463774e+00	-4.042831952657119921e-01	-6.855038225652688721e-01
1.544555559327509542e+00	-7.196340039451171178e-01	-5.758131427474717512e-01	-8.406129244173369264e-01	-1.046241622611293609e+00	2.393407449722404934e+00	2.093170734537854460e-01	-2.101643568631613168e-01
-1.316282445582563243e+00	7.122704215947537332e-01	3.003053687713502562e+00	5.108425915737682121e-01	3.242507493370164529e+00	-6.689052712977846538e-01	5.988163247945401668e-01	-4.677074725687961898e-01
-1.071489266639519045e+00	1.278665269198032972e-01	-8.895635930435820127e-01	4.587580015089418040e-01	1.010610658776922355e+00	1.842176722294479152e+00	-1.760631953522416582e-01	2.978778547883059069e+00
-1.993371434136644194e+00	5.940858420361508907e-01	1.812558092455331116e-01	6.384607004110103290e-01	-1.019146204909176623e+00	1.398429536493678071e+00	-1.228850783733302920e-01	2.284627009460880931e+00
-1.681771527512494036e+00	2.738554699572686157e-01	1.535466451781955399e+00	7.102207350769218497e-01	1.841849833959184890e+00	-2.816153610850983258e-01	5.784987120726651222e-01	-1.401592449164036580e+00
-1.844367737400214535e+00	-1.855303444088684417e+00	9.941838723250634446e-01	-8.792461698400716452e-02	4.401038823050724691e-01	1.166807996662663882e+00	-2.756564470937350464e-01	-1.964685118624083460e+00
-2.130288271724391169e+00	-1.434920753829068252e+00	-1.791464714257153146e+00	-1.851225386120614325e-01	-3.099392570641113509e-01	1.602072418904529005e+00	3.893438509460942498e-01	-3.624610623002369469e-01
-1.291530074271543871e+00	4.452514880483602333e-01	3.011128631864112837e+00	8.693768942005697387e-01	2.961571485550827720e+00	-4.229946559464123901e-01	8.563306213427553937e-01	-2.214114046165024385e-01
1.573556698610875326e+00	-7.870760574547597255e-01	-6.138954826117732910e-01	-6.115346603262257208e-01	-1.195514157869315142e+00	2.627748279367422946e+00	2.695121759753763557e-01	-1.685298427612881844e-01
-1.067730222067887480e+00	-9.873227357338771881e-01	7.304871914396274812e-01	1.994421998528646434e+00	1.886996610574581235e+00	3.642903355642135299e-01	1.280843162498054966e+00	-1.403950888910765249e+00
6.416716207949938466e-01	-4.889001683483903959e-01	-1.349269131044413594e+00	-9.218839506053306820e-01	-3.048214115210128305e-01	3.394491905160874179e+00	-5.371691404049762086e-01	-4.383596938814793287e-02
-8.386712718588725801e-01	1.942666755365090037e-01	1.237923399768127153e+00	3.604282626518270916e-01	4.270413918565197697e+00	-5.713456156414624676e-01	9.735886198286001214e-01	-4.704788070147700174e-01
-1.163391313455691245e+00	9.793207010268051294e-01	3.061744822658104326e+00	7.933275758876305872e-01	1.451987703493615500e+00	-1.539741613026067713e+00	1.101477207744748110e+00	-6.558398832022209746e-01
-2.068579190038337956e-01	-7.373479205113908641e-01	8.135083769159119349e-01	-1.506691296944785874e+00	-1.055947555844290453e-01	1.734496345364720193e+00	1.835240770699801516e+00	-1.558705692215981431e+00
-1.215223884283473499e+00	-1.232959626003595766e+00	-4.295488782492214441e-01	-1.395432047778274232e+00	-9.955861308854171421e-01	1.850324595635274072e+00	2.042521949940190318e+00	7.201158357715324587e-02
-2.494610082055857547e-01	8.932272584499774126e-01	1.177201227698084107e+00	-9.083919719077210297e-02	-6.376875341239978123e-01	1.676317438331503817e+00	5.750615329632294825e-01	3.173446679051496577e+00
-3.449810833937870247e-01	-1.549464283116947838e+00	2.706052614409878210e+00	-1.274640117061906386e+00	3.374679432107284827e-01	6.620663234004235953e-01	1.201878518576671606e+00	-6.276228095950134866e-01
-1.021504280810556775e+00	-1.615416319852245763e+00	1.961815477105707917e+00	-6.121666432344337050e-01	1.301115507534400306e+00	9.032201837616192774e-01	4.478011546486040384e-01	-1.067102263236789916e+00
-2.208739418723383086e+00	-8.361388893227142960e-01	1.053694845391917045e-03	-6.549758651412990185e-01	2.928167782135235875e-01	2.764882956470215536e+00	1.441457819278385788e+00	1.055421415528648987e+00
5.082976747368996850e-01	-4.930024076081762630e-01	-1.349102043215806290e+00	-9.013578383534710525e-01	5.670774126552979855e-02	3.543441608504954932e+00	-9.739901035456152156e-01	2.039835073993671866e-02
-1.237978804884887429e+00	1.444140229376330797e+00	2.807291505644385232e+00	3.270421117253926591e-01	2.507636572123201457e+00	-9.379702465428917391e-01	6.248355092252600995e-01	-3.081167167838452237e-01
-6.129324755152572024e-01	1.362750126331639056e+00	2.740055456396365496e+00	-8.431026281658984822e-02	3.143822957251482642e+00	-4.355104537957474320e-01	4.646258001571963447e-01	4.969998036018549725e-02
-1.245075397421970820e+00	1.021361183275711904e+00	3.075359010984892283e+00	-1.072188828951449041e-01	3.347883071375107988e+00	-8.957118397754406658e-01	3.204885776984953694e-01	-2.646619781239120672e-01
5.654634219600156442e-01	-8.184187786864124403e-01	-1.223665159038488603e+00	-3.792946038277091314e-01	-1.857465735344956959e-01	3.191323865434782192e+00	-1.027917721849782806e+00	-5.290755865913946560e-02
-2.742011550839821066e+00	-9.969214310416446567e-01	7.991810140368776905e-02	2.023710453394564346e-01	-1.011472658906726219e+00	2.135741078549982408e+00	8.774409147280413102e-01	1.079735259682636922e-01
-1.508564420644858961e+00	-5.642445022073793170e-01	-1.179444515984115149e+00	6.350329960822302944e-01	-6.297268797225344938e-01	8.795653399659357774e-01	2.077353830730696682e+00	1.612715496915817504e-01
-1.233454182142733835e+00	1.240417978336649796e+00	3.370767954933059141e+00	-6.210727491821200173e-03	2.683476386104298061e+00	-8.018483618436897942e-01	6.822995463629257795e-01	-6.709274068613631584e-03
1.667160490711695253e+00	-6.399375079615240436e-01	-5.649828259252089868e-01	-9.407137682079022012e-01	-8.207601421320012136e-01	2.494492435595562885e+00	3.094972993325743049e-01	4.724986751211412983e-02
3.652684592241320916e-01	-8.516563113686658193e-01	-1.524804283380619241e+00	-8.866082232772588556e-01	-4.843708613706584898e-01	3.161482386242438380e+00	-5.009657529620716865e-01	2.742114436759279239e-01
1.646354602102809928e+00	-1.237766095573891834e+00	-4.560378972222139948e-01	-6.870354152389956948e-01	-7.472891306161872915e-01	2.789865681842026657e+00	6.965405713555073985e-01	2.067037226509444436e-01
7.224576631961866502e-01	-6.827971362433169489e-01	-1.223076617048054482e+00	-1.028140487310174489e+00	-1.919477472726635880e-01	3.424443852649984965e+00	-8.714399913680040966e-01	-9.859062534204521278e-02
-1.261083006323485689e+00	-9.303740822601460625e-01	2.546985420050544846e+00	1.550814800913302260e+00	8.343560356820354240e-01	6.994116048949983178e-01	1.145488534746508247e+00	-1.224576248069293882e+00
-1.092511273361372881e+00	-1.282331311735305013e+00	1.704080759263770783e+00	-7.682929990824103328e-01	1.459935353039443218e+00	6.362942287469653957e-01	1.184289795243363974e-01	-1.444606317135368911e+00
-1.915298897102333031e+00	-8.070589060199339082e-01	-7.901193524931826584e-01	-1.088901287848959898e+00	-3.544906023910378012e-01	2.696229691087529190e+00	1.549109306270249453e+00	6.065330312132771740e-02
-6.980272885338207889e-01	2.275560863558094560e-02	3.988859477107093987e-01	-4.729332311130686195e-01	2.650348575895001835e-01	3.175037242335648546e+00	4.027718268629959519e-01	3.830401400142099955e-01
-4.928230537445491694e-02	7.823752591856193428e-01	4.022196776180884115e+00	6.551810058627913769e-01	2.942654436471408452e+00	-4.646384629251519294e-01	-4.788805607146773835e-01	2.406029144120643837e-01
-1.535232721685186430e+00	8.336549573994674889e-01	3.033115309457342867e+00	-1.198749220887071337e-01	3.429357518979003316e+00	-7.068628808478506498e-01	5.370687908242093300e-01	1.169903584787684164e-01
-1.344163969976444717e+00	-6.709405048429718521e-01	-7.998156869960638959e-02	-5.032671485585136217e-01	-6.231298600406004473e-01	2.066430370191210120e+00	2.594269237774371906e+00	3.619395492384120394e-01
-7.969372097882065908e-01	-1.913345272810486497e+00	1.682781108549352034e+00	-7.087868716277100356e-01	1.529681355433752499e+00	1.247343652776728540e+00	-8.016297810237603058e-03	-1.222176147116849299e+00
-1.401047637061210605e+00	-1.379458096747830043e+00	9.447332321194497062e-01	-7.822514746844413391e-01	-3.381483241429919517e-01	6.785261223648019202e-01	2.581615338059033427e-01	-1.992912043147810230e+00
-2.795731384490349303e+00	-1.719316026250084839e+00	-1.733010069363254135e-01	-8.572050222570415379e-01	-6.564313993960512184e-01	1.451216408630224164e+00	4.101088973329818366e-01	-9.642497146691008103e-01
-1.783275034486245803e+00	1.443311825313709162e+00	-7.349676669387342764e-01	2.645824636237920080e-01	-1.048213224283690570e+00	2.624098546490370332e+00	2.646834242460898157e-01	9.940248463514059774e-01
1.739487488269833459e+00	-6.910377265418832238e-01	-6.437293570686725142e-01	-9.195671459872153397e-01	-9.413251939316945593e-01	2.583930041612733763e+00	2.391527109727358547e-01	3.470412079717076215e-01
-1.022651519732944658e+00	1.403860576989420350e+00	3.063462523517343605e+00	1.543788430605134709e-01	3.159731780455210970e+00	-3.138618310966087011e-01	6.140744200391782259e-01	-1.459881436064354165e-01
-1.306451573131340638e+00	6.048271282973323171e-01	1.051616395476249854e+00	-3.731677591961032880e-01	-1.848773865198084440e-02	1.874177350715505730e+00	1.779074687736040272e-02	2.403691058646965750e+00
7.975024213824005725e-01	-6.193783718476613132e-01	-1.247691925922918887e+00	-7.646591011383206959e-01	-2.742764212784294942e-01	3.568678136721748384e+00	-6.885656055810261966e-01	-4.792855107067225950e-02
-2.319319163773949366e-01	1.695617589911917689e+00	3.381148051314308400e+00	1.483645810591986969e-01	2.919180406109371351e+00	-5.060127115959217603e-01	-6.799690271974053735e-01	-4.925067498837555624e-02
-1.593625973346822766e+00	1.013926039823831227e+00	2.746172569587305379e+00	6.322609291958047883e-01	2.032419396075069606e+00	-1.305369513362544920e+00	-1.176770554035852859e-02	-9.047244949070513131e-01
-9.020116857348596806e-01	2.801283431443976624e-01	4.104932203973801208e-01	-2.083497289883341708e+00	2.084256437783049143e-01	1.927230672677496814e+00	3.384981771073264367e-01	-1.400381820258522758e+00
-9.842781542392415872e-01	6.916346881966779492e-01	6.038609430853717486e-01	2.210969021634098808e-01	-1.484660517548677672e-01	1.932609726446494314e+00	-4.541712734533879248e-01	2.801427725329394214e+00
-1.491990968958914365e+00	9.805655152392637186e-01	1.936349638692959285e+00	1.881756287874765121e-01	3.050677488792403302e+00	-3.143708833221943721e-01	8.385976993544796976e-01	-2.909953084335494822e-01
-3.744691528817374881e-01	2.995891819854789584e-01	-4.153803829016676774e-01	-2.373697127441730448e+00	-5.729792448859086784e-01	2.839947076785081403e+00	-3.686045547678318268e-01	1.536081109203392692e-01
4.537649562062816555e-01	-9.167128989109832871e-01	-1.246993292298827605e+00	-1.033240572755982356e+00	4.946777845275751595e-03	3.111725368777703338e+00	-7.441495784769963651e-01	1.737697340988696437e-01
-2.660062278714093176e-01	8.670357733196382144e-01	-3.970215064360007595e-01	1.556327561611091648e+00	-8.629333818559400404e-01	9.735032205629257085e-01	4.668725370949057263e-01	2.481434293170525773e+00
-1.414802575259379580e+00	4.955773916234095799e-01	1.728543477463351685e+00	-2.283100246271037650e-02	1.823964497053523370e+00	7.444090100114040265e-01	9.606516052828448782e-01	-1.007069960184264534e+00
-1.327134640118244890e-01	-7.540123087984329509e-01	-2.244261366262575996e-01	-8.732611095441655813e-01	-2.130386148924747314e+00	1.971665183232428786e+00	4.949620347357214234e-01	-8.188540612625667681e-01
1.131621149340953814e+00	-9.588944246738723143e-01	-1.027827870717551884e+00	-7.665434816337640678e-01	-2.688451792993813358e-02	3.487674452635224576e+00	-1.011474587292872096e+00	4.996945236546355140e-01
-1.730378089796387409e+00	1.619222894123082179e+00	2.013597404272744473e+00	6.701518331488287572e-01	2.665867578209431876e+00	-1.166044722033476422e+00	-5.367525231839885835e-01	-9.119490400959100462e-01
1.072078309756906656e+00	-3.569591403066832980e-01	-8.424864471044340997e-01	-4.389265292220548842e-01	-1.759584180667061348e+00	2.164906218594981446e+00	-1.056503018814740763e-01	-7.132886332613964653e-01
-2.766459530026659674e+00	-5.085871985996898159e-01	-4.246351690993147021e-01	4.287832178801126992e-01	-6.003179124693993618e-01	2.164511969220563437e+00	1.074813495211769387e+00	1.083228236627607616e-01
-9.002342183202841630e-01	-1.849015626212106245e+00	2.082800685939830920e+00	-1.225197526152912580e-01	1.756785715538001336e+00	1.153388307028425430e+00	4.132840475832286753e-01	-1.037624725919110702e+00
1.013461906599110840e+00	-7.037717909538978578e-01	-1.046538587972215106e+00	-6.800919899174819871e-01	-3.899319568369760125e-01	3.330136318823665231e+00	-6.905018354446026407e-01	-6.032036894360767038e-02
-1.559495853094898576e+00	4.967239699156715260e-01	2.728423904902594455e+00	1.075630024606517354e+00	2.656092549451060325e+00	-1.620439313098401390e+00	-2.038954013359801642e-01	-7.529449360721365281e-01
-1.582901238180271841e+00	5.622180469374326028e-01	3.656401429927108593e-01	-3.005268512428860839e-01	4.729510840090505042e-01	1.937852829940124755e+00	3.900223416502700546e-01	2.438931538048808356e+00
8.928854612439224292e-02	-3.825768261736178233e-01	1.148139929689663497e+00	-1.353112255400484853e+00	-1.851423529666541834e-01	2.824680874175937717e+00	4.820993836507114771e-01	-1.292938497522815089e+00
3.553596639520595346e-04	1.696912286386828228e+00	3.613578685784445632e+00	4.916211804806587815e-01	2.509641779823076124e+00	-4.429899797611210888e-01	-4.080303399864018132e-01	-5.959075217078695363e-01
-6.136098328900139176e-01	-1.358789361653351957e+00	2.358108440403694051e+00	-3.598179468572316742e-01	6.560289027781313065e-01	5.899575090720837744e-01	1.976059127666472293e+00	-7.918977127719950548e-01
-7.732195801125202328e-02	-1.786573889971595275e+00	1.848273093112894117e+00	-1.012432504845414805e+00	7.173206736829459418e-01	3.658629234373504957e-01	1.307714079459004086e+00	-1.121361450277154281e+00
-9.147547609423072323e-01	8.984812897445478841e-01	3.471627161494756919e+00	-4.113385726787852081e-01	1.945699354210436383e+00	-1.239492471438877308e+00	1.254669736919888257e+00	-1.189150807718398067e-01
-5.213945705853592072e-01	1.112087639172109732e+00	3.451238867426327683e+00	-3.002427221205031249e-01	1.863176302280003416e+00	-1.088811188976376076e+00	1.013398835006392273e+00	-4.266882801164608718e-01
-5.972543072415179566e-01	-7.661191091202174119e-01	2.447721792714132594e+00	3.604551593811741728e-01	8.142593938143229959e-01	1.024073071012532976e+00	2.486838500650702777e+00	-8.952001219911139840e-01
-7.575620336175729053e-01	9.602849942215851975e-01	3.046054733819985927e+00	1.090819132029784422e-01	2.146115403137500710e+00	-1.024079160585216863e+00	1.647924922483148258e+00	-2.934506463120778452e-01
1.869822795263504922e-01	-7.901056979385556733e-01	-1.302419468335226149e+00	-1.493650198235855764e-01	-1.067333957301948466e+00	2.653211691527701088e+00	-1.412177910555616922e+00	-5.330976501817550339e-01
-2.087491486908760852e+00	-1.236651455138202182e+00	2.314439104621152099e-02	-1.611684796172417333e-01	-3.132462231783671863e-02	2.118018231994225786e+00	1.704555059555971308e+00	7.906768646519354293e-01
-1.038045919058008248e+00	5.007357175665468896e-01	2.366380541274382576e+00	-2.441344957183515518e-01	2.500151385949441085e+00	6.235561087354700716e-01	7.449426110201182727e-01	-6.207609049395076406e-01
-9.167137617623194457e-02	-1.494316036272582027e+00	-1.314056260142502985e+00	-8.960798342137249461e-01	-7.161166151624642762e-02	3.051885430231991769e+00	4.794414203188340773e-02	1.300032520506371192e-01
-8.480546374898251250e-01	-3.306587682666018435e-01	9.100338164058759949e-01	1.765884634356444383e-01	-7.955959014617547398e-01	1.899805230355668284e+00	1.911910852343077671e+00	1.957581205225209287e+00
-1.092391629004577869e+00	-8.695097806927079009e-01	2.286965719429586708e-01	-5.906690611431777427e-01	-1.303406696957453592e+00	1.286231827094192592e+00	1.582701641100493495e+00	-1.302895050133211496e+00
8.057116654999104677e-01	-8.999129700255772413e-01	-1.031804766001189977e+00	-7.621052803676142684e-01	-1.089328934978711777e-01	3.277849694546961956e+00	-7.390071122667446479e-01	-4.667353348295842641e-02
-8.890197174498745136e-01	-2.298788879579478195e+00	3.458618881194625017e-02	-2.276767320008898920e-01	1.903839495999832598e+00	7.444530806163280889e-01	1.902745627829144637e-01	-1.661798895862362180e+00
-2.109935015116113810e+00	-1.120156504813040410e+00	5.241851540227865369e-02	-4.549813067884106443e-01	-1.243960645931638381e-01	2.275976071946178791e+00	2.148156236109009409e+00	3.743992569298563167e-01
-1.321438998298405609e+00	6.954446477832416651e-01	9.512214069817833684e-01	-1.802079363525156130e-01	-5.850030617778050751e-02	2.194069724545412825e+00	-4.460038760443029715e-01	2.798334639696035797e+00
-1.500279050160450156e+00	6.113420018845593384e-01	2.700936357943784394e+00	2.060649844841574985e-01	3.576367880132267363e+00	-1.104389250698885050e+00	3.409100171509249488e-01	-2.741973537214876799e-01
3.055831689811123741e-01	5.897709861609836679e-01	-1.425788580615343859e+00	-1.242068171391653930e+00	5.292903807865895205e-02	2.667093570509497358e+00	-1.025749012039014696e+00	-1.782343877260698373e-01
-9.107237149235377638e-01	-1.286898063896745326e-01	5.366839100884683855e-01	6.094829685217704185e-01	-1.110958881626003425e+00	7.982966021118610422e-01	-1.135687061727418179e+00	2.254189622844622765e+00
1.790487329040522102e-01	-1.344784152098867924e+00	-1.430951033727074995e+00	-4.792413252962010595e-01	-8.089227066214630391e-01	2.906272523617755787e+00	-2.201551976905792296e-01	1.361309465739425906e-01
-1.497522383069275875e+00	7.022140131948988451e-01	2.666614352794530074e+00	-3.608167772698121500e-01	3.297297919083800544e+00	-6.371498402437163477e-01	5.811258609665767016e-01	2.229949936115292741e-02
4.283107289087738634e-01	4.031220901493083875e-01	-1.206512901195448517e+00	-1.398079126998979405e+00	1.854730252280663849e-01	2.551922178561323307e+00	-8.557712336244701623e-01	1.190473603725696466e-01
-1.023147175515766838e+00	1.727887157609199198e+00	3.290283298532779011e+00	1.193484556314583944e+00	1.747974650561667787e+00	-6.951752361639569333e-01	-7.411064561273459361e-01	-1.346489079416017809e-01
-4.123769921059233234e-01	8.655786869123252014e-01	2.403429241190642163e+00	-7.032877966383244139e-02	1.771286777787935085e+00	-1.353532162247550290e-02	1.819446391901183846e+00	-8.505808455726426853e-01
-1.688318989028235961e+00	9.129949990310419761e-01	2.735093053442501088e+00	7.461232704265770010e-01	2.574100636792886032e+00	-1.623535312637335526e+00	-9.526887991211870910e-01	-5.275676150489109206e-01
-1.466954111861506371e+00	-4.283883654423772946e-01	-1.144389518491990776e+00	1.329033924660463217e-01	1.334354141008904149e+00	2.268991201888353348e+00	1.698188195661861410e+00	-1.243713520203722639e-01
-1.394621850669772289e+00	-1.404333850970708841e+00	1.696487374411168592e+00	2.161402374664330162e-01	6.639403389163386349e-01	5.346303611581779691e-01	-2.887298249522404769e-01	-1.819050856293809471e+00
2.540215487457285759e-01	5.858098649942109493e-01	-1.588405141051552061e+00	-7.917809379963109961e-01	-1.118052705002344105e+00	2.057668434212771125e+00	-1.323247096267128553e+00	-2.846781980325845396e-01
-1.402754474314725330e+00	6.544433999616793285e-01	2.473432104944778498e+00	2.837348851494289614e-02	2.719146673385316237e+00	-5.683409570990994863e-01	4.642142710474033152e-01	-7.394630122033583053e-01
-1.429680709892696910e+00	-3.217310612698526251e-01	1.239405420263936852e+00	-1.034904459456297721e+00	1.983510740833311470e+00	5.266688692735286281e-01	3.339044671211758297e-01	-1.125909862925082106e+00
-7.598112458917389844e-01	9.129646878760492301e-01	1.486055704191325155e+00	9.591554928964542981e-01	4.049979267520992465e+00	-1.019041606756158957e+00	5.721549640361501821e-01	-3.243561752386108776e-01
-9.173944415911331474e-01	1.386217498570440299e+00	2.629985955442000756e-01	6.740935147881912393e-01	-2.418081468079313467e-03	2.266967307275129517e+00	6.390761311660600463e-02	2.796870590986803684e+00
-1.507182646522990943e+00	4.029949168988155583e-01	3.282870373893139959e+00	2.688016300266805048e-01	3.383998269661842251e+00	-9.802585756564583530e-01	8.741685314887587266e-03	-1.852497719865280612e-01
-1.218536702907816238e+00	-7.434739937929994991e-01	1.780534001374120656e+00	-2.081935999567773032e-01	1.986587529772314120e+00	1.373272271668027233e+00	1.292988982011105570e+00	-8.200200007395841428e-01
-3.813092223311929652e-01	1.119154136998502969e+00	3.536946528400560119e+00	2.664419660040826532e-01	2.327141622553679845e+00	-9.073936820476965481e-01	1.406054397747200202e+00	-1.603497795976470686e-01
-1.391103911791671033e+00	3.831729001575767679e-01	-1.023846426539682497e+00	1.389904978278751146e+00	-1.626359720007305998e-02	1.166004990585459922e+00	-4.199659460949818346e-01	1.945210334357603488e+00
-7.382092632195960125e-01	2.801595152881341533e-01	5.829996798841073913e-01	-1.693083809983388921e+00	-1.380311280417083841e+00	1.146036755835284859e+00	5.045001056949832696e-01	-1.613996661289310408e+00
-1.230117416965102795e+00	6.784875901587524849e-01	2.925630204872815110e+00	8.808368144970216140e-02	3.303790869100568628e+00	-8.395005965252606561e-01	-1.698834877622584782e-01	1.522263181869480675e-02
1.015765371509490311e+00	-7.248545328892057604e-01	-1.024510270677800428e+00	-7.556637930764558142e-01	-3.156268150259454175e-01	3.372927831213104355e+00	-1.032134764002879068e+00	-1.622225143098433298e-01
8.279388576978289338e-01	-7.350534315833525678e-01	-1.081350059730535440e+00	-8.394627170675625916e-01	-1.285808344263146830e-01	3.240984434744437426e+00	-1.050273891421764416e+00	-5.914112396574467551e-02
-1.931083300916733025e-01	-2.983143375923066887e-01	2.747763684701203246e+00	-6.213687685601017030e-01	1.071139189242767298e+00	-6.662594868108611124e-01	5.012576767444369974e-01	-7.241233556229187407e-01
-1.381964935187992571e+00	6.556537544177269972e-01	1.407109517412094668e+00	2.364355382583923082e-01	-1.859872235644007277e-01	7.072437521244900882e-01	1.887058043347181302e+00	-9.706403938485472782e-01
1.545788345207175229e+00	-6.968337699320736878e-01	-7.487050552202814124e-01	-8.238589468767505419e-01	-1.213462254538657081e+00	2.375662982400902568e+00	1.188100203474380390e-01	6.718361646700009293e-02
-6.073444094805562354e-01	-6.057631458147794135e-01	2.446833830671819143e+00	9.541951280821585613e-01	3.341376179860366391e-01	1.889379020590815084e-01	1.624158544535486470e+00	-1.534332476656228739e+00
-1.936097215674702054e+00	-1.486949539309020629e+00	-7.019736044069362253e-03	-1.363503361657453228e+00	2.947791530810486837e-01	2.563001154517851710e+00	8.504970946323087144e-01	-2.899122849581531325e-01
-1.152396100624412112e+00	9.442501847810708115e-01	3.308417323983115388e+00	-7.304557153604614161e-02	3.120270529581807839e+00	-9.763507820538834814e-01	5.300312487483492818e-01	1.484362944728505052e-01
-1.573352984127549092e+00	1.177953917104825221e+00	2.762527195316002881e+00	9.017860151055581142e-01	2.617628162292228833e+00	-1.257552345633583757e+00	-6.167604298590357859e-01	-8.629098350834329967e-01
-4.474707750428811304e-01	8.142858090947795446e-01	3.777215566642284639e+00	-1.216182526308273032e-02	2.362949640367538073e+00	-1.385862142179418166e+00	1.006075672154097100e+00	3.834232651751351972e-01
-5.931169739354879011e-01	1.075884404088715440e+00	3.427138174015630145e+00	8.876007309644978749e-02	2.228953764495754442e+00	-9.263632039135946128e-01	1.484775253397015327e+00	-2.851200842130812707e-01
-2.120204551753695821e+00	-2.113447559427315436e+00	-2.896434582742001274e-01	-1.286744029210733276e+00	-2.793581748596398184e-01	2.441209965811154348e+00	6.008612913925316379e-01	1.714146406321504501e-01
-2.072087801266671303e-01	1.390969065850139685e+00	1.497282197081680089e+00	3.780270822367210459e-01	3.124323618245802514e+00	-1.576854479689775435e+00	1.409680171269059645e+00	1.730915092527800514e-01
1.123437604401281931e+00	-6.651478484356370124e-01	-1.071544875127665497e+00	-7.703416473773069262e-01	-3.627159958703727871e-01	3.185562197979790788e+00	-8.785762965983293649e-01	2.586745928336835476e-01
-9.842888786871342166e-01	-1.384280210698450642e+00	9.111090289498471328e-01	-1.627141014583926903e+00	7.901883851174514861e-01	1.863812710986251675e+00	8.756646691646019498e-01	-1.445563758783350528e+00
-4.005612647687115113e-01	9.901539418647222757e-01	5.684646859209099290e-01	-1.132339682299534855e+00	-7.084495809057249627e-01	2.079613279330765785e+00	1.343808474223623373e+00	6.603014485956533175e-01
1.050338368243066700e+00	-4.442708858978127728e-01	-9.464727532262597887e-01	-3.445568786264391892e-01	-1.909606035694106918e+00	2.134747829738758540e+00	-1.449753170839815919e-01	-4.271954883079541743e-01
8.872211517098987921e-01	-8.661399081225327201e-01	-1.017550471019031288e+00	-8.948348637066775302e-01	-2.729487099421349372e-01	3.030666287756223376e+00	-7.711893980764518153e-01	-1.161058830055279323e-01
-1.260191087670636367e+00	1.056172439187020196e+00	7.112304465748988669e-01	1.020418880872669520e+00	-7.947853125778968630e-01	1.892687219804190413e+00	-9.869720765901688342e-01	2.231708536802222920e+00
-7.542866922176442168e-01	6.428398909803340056e-01	1.451857486817913490e+00	8.015099827519021058e-01	4.092781459877432582e+00	-1.293494100729641438e+00	1.550335248171458569e-01	-2.000851211372496052e-01
-1.189145776142685573e+00	1.046532836149038026e+00	3.015074412204375331e+00	5.726819663667079285e-02	3.313320898367584366e+00	-8.539945784608254931e-01	2.381299968047134452e-01	2.101682831301522891e-01
-1.283045363994133714e+00	1.748927639282813751e-01	2.919843643835491775e+00	-4.895026870121832463e-01	2.048248714437640672e+00	-1.430287632484728899e+00	1.483072324755261517e+00	-3.515629418943050366e-01
-1.118803792959866650e+00	-1.681738079743625214e+00	2.536880294869756192e+00	2.245804419765788928e-01	1.982827468910156377e+00	7.452364767471291174e-01	5.622805108196549106e-01	-8.939380365145804808e-01
-8.779631748994388696e-01	1.533289116635802585e-02	4.180986663454522856e-01	1.674198090059986876e+00	2.061711569392860266e+00	-1.555998250663583049e-02	8.015946652768497493e-01	-1.494628224033362596e+00
5.654270484499949179e-01	-9.214190369541485071e-01	1.336943647705464588e+00	2.996076441369686094e-01	2.260767063613903005e+00	5.622436488537840837e-01	2.163044123883368197e+00	-9.443184010675893525e-01
-8.307248900330155283e-01	-5.113637495453625670e-01	1.838890471727849363e+00	8.001315174056702340e-01	2.073412645522882958e+00	1.128657531379753554e+00	1.184008945847075722e+00	-1.188075247279343216e+00
-1.469826343747835384e+00	4.851602896812168830e-01	2.961656429002604618e+00	-6.683722312509950136e-02	2.967545813395276344e+00	-5.669062067511313474e-01	6.124183880514658673e-01	-5.801528947681682674e-02
-8.063260902307424205e-01	8.216046315659519816e-01	3.884370930741659844e+00	-3.365673397537971567e-01	2.485743120929730487e+00	-1.358755229347080817e+00	1.329091773248564090e+00	-1.770166078283124389e-01
-5.345644597880755411e-01	-9.575428620550983094e-01	4.476569448948889973e-01	-1.358020685884556045e+00	2.477291292592269101e-01	2.694519685405988074e+00	3.195997552890162963e-01	-1.635179364258713353e+00
1.869883084438705989e-01	8.296712677869585439e-01	1.918958561542251307e+00	3.932020248248681571e-01	3.369832651281194469e+00	-1.179214607986473817e+00	1.501673423855586442e+00	1.004749829424274460e-01
6.866859813975975113e-01	-5.634163525372325454e-01	-1.326231596141689284e+00	-1.147685751171320101e+00	-2.604390544832158594e-01	3.397534477590928859e+00	-3.783128603396805900e-01	8.440894272862302372e-02
-1.028827790489518890e+00	6.390520832697265119e-01	2.614175311421741199e+00	-2.067458001460793227e-01	3.343082509623694687e+00	-1.882041997116538357e-01	5.312363772395172212e-01	-4.697742611966752024e-01
9.367389394420789772e-01	-6.001259630622974850e-01	-1.089659224019002615e+00	-7.700870374716153322e-01	-3.151285622969902112e-01	3.404704805636640241e+00	-5.583315754325072211e-01	-7.304273277560341393e-02
-1.393471832001176747e+00	5.430621995537385782e-01	2.764521287067463806e+00	-4.739482303185930667e-01	3.277568550492735433e+00	-8.512243586720286137e-01	-2.694761798371638761e-01	-5.381403999936951177e-01
-1.539864614833797163e-01	-9.729367576487270020e-01	1.493746960638830501e+00	-1.606277724354639114e+00	-2.284798677341846329e-01	1.430383434187135760e+00	1.365497889885987082e+00	-1.688450211263968548e+00
-1.671700622509755041e+00	9.641327158267912756e-01	2.178198827671490978e+00	1.268305561520638891e+00	2.554615624250191619e+00	-1.081780894186463504e+00	-7.364062133697937829e-02	-6.975297510097988596e-01
1.151693540127433302e+00	-6.984266374411709499e-01	-1.100034921536903632e+00	-6.903922762618511788e-01	-6.382052011062534502e-01	3.437712914313217016e+00	-9.295011677945966833e-01	-1.009095235814677638e-01
-3.206143310338866459e-01	-1.561939075810187427e+00	-4.212992103805467958e-01	-7.536718211330936112e-01	9.195309633412744876e-01	1.746549807273166000e+00	9.347522031998531933e-01	-1.820748328206496236e+00
-2.283853281863525098e+00	-8.313313885892157362e-01	3.438137607461649869e-02	-4.879092886487666481e-01	-6.962822841023270926e-02	2.256273594538201088e+00	1.701529429787766778e+00	7.103445435977066014e-01
-8.894022146335319734e-01	3.382236741924817824e-01	3.777695862066272614e-01	7.590337132539777265e-01	2.720745634225717247e+00	5.600483015702213407e-01	9.429161911046057831e-01	-8.845923890189525407e-01
1.709908926784502459e-01	-7.686575634737590201e-01	-1.400430611963881633e+00	6.482271666069053251e-02	-1.206573019111071066e+00	2.665894298214176672e+00	-9.015956702148217872e-01	-4.225730512302302011e-01
-1.653609132732480447e+00	8.537107003175935516e-01	2.733776470039570139e+00	6.897927691150065321e-01	2.026619881741052343e+00	-9.610379368713604098e-01	-3.801717533923816561e-02	-1.018797861009778094e+00
-1.700829597436753549e+00	-1.553907087064988257e+00	3.625407450237965179e-01	-5.967667441365577252e-01	-9.379441201356560898e-01	2.238720050782959881e+00	1.863635236841288123e-01	-1.587171931383942969e+00
-9.656190981132420914e-01	8.970319651421218010e-01	9.281575213769390764e-01	-8.900972680083810151e-02	6.973118314402212969e-02	2.148712068338105130e+00	-3.486649498759121224e-01	2.589561087138739115e+00
-1.066265782780714266e+00	-8.008566695954376369e-02	8.068077900335696162e-02	-4.723551403943400395e-02	-2.256991795166900239e-01	3.597810711552014595e+00	9.202751908005806225e-01	1.330413889013031481e+00
-1.242972960476278033e+00	1.193094119532336350e+00	2.704331548892784820e+00	8.714392913289986664e-03	3.470957073827710904e+00	-1.105808758145450543e+00	4.190691903233279003e-01	-2.720640787425003815e-01
-4.332307093144700527e-01	-9.003737869343577671e-01	6.265223624832298999e-01	-4.938571421245607218e-01	1.157024792067629093e-02	2.869155860633187949e+00	-1.709373189899618395e-02	4.035213685649453597e-01
-1.701459824231682516e+00	7.364610553127385328e-01	2.804404737668996894e+00	2.521114334424351400e-01	3.099688031919948905e+00	-7.370746215920366273e-01	8.542824983629614399e-01	-7.651555855761328628e-02
1.337020884404338528e-01	1.842606820387135302e+00	3.589863439636065134e+00	9.092917292887419123e-01	1.073044511048333760e+00	-1.359577842633920453e+00	-1.358154732835248624e-01	-3.499136590230021437e-01
-3.290099691230888856e-01	1.104255850650348147e+00	1.381269342224684671e+00	-2.249298151044759886e-01	-6.199529476952942986e-01	1.741465844336635538e+00	7.747196011006304284e-01	2.813520738196683357e+00
-1.687784895692476139e+00	-7.540841545180523298e-01	-6.256526133832761571e-01	-1.380713314610407250e-01	-1.232294824373580955e+00	2.989546974974640836e+00	2.516649337252008234e-01	-6.007899104049859718e-01
1.507154512341696506e+00	-1.122878914228326419e+00	-8.059389675112511586e-01	-9.462610041246062309e-01	-1.241692947843855199e+00	2.525970762438702444e+00	2.159968523775908367e-01	3.086247898656043764e-01
-6.014652676530336528e-01	-2.887944511232978240e-01	-1.241207388958615709e+00	-2.476963528719223762e-01	8.811108873458799451e-01	2.880722477323734321e+00	9.866456590335883625e-01	1.867224569582316973e-01
-1.566276911547156647e+00	1.015714967946282687e+00	2.460263764639987638e+00	-5.399994114728021155e-02	3.575228762678973382e+00	-6.440584301513407883e-01	4.989568320647536082e-01	-8.875896197205306037e-02
-5.359264111386333740e-01	5.995001176726812986e-01	-6.239742661369441779e-01	6.980435603107639775e-01	8.612669727064028447e-01	1.903502124028781273e+00	-2.722551863646939796e-01	2.882557641031779028e+00
-1.220382490819350352e+00	-1.020810627534804560e+00	2.036362140098358253e+00	3.214885015741492102e-02	2.083895482827168966e+00	1.286669620654047330e+00	1.031484205742377425e+00	-1.186952072320276885e+00
-1.157132878035702417e+00	-2.856261623897536905e-01	3.044027179367298164e+00	6.258185452365814250e-01	2.725451649520057806e+00	3.528241641590498801e-01	9.448924428816485310e-01	-8.747850790385489628e-01
-1.821597816723022900e+00	3.302693531713142838e-01	2.105874376862414632e+00	-1.259518350363662276e-01	3.162556171034003327e+00	-6.248620234992595668e-01	4.066817304775162123e-01	-2.465709316902785220e-01
-2.524555546824443386e+00	-8.055294819872151901e-01	-2.346785766286485497e-01	-3.816864373495839624e-01	-9.052842928256464583e-02	2.612520499471659097e+00	1.784211581248614120e+00	5.911575903604837645e-01
-1.041798191847998378e+00	6.656332956286014069e-01	2.914926760503616876e+00	6.510894100611377411e-01	3.591019767121344408e+00	-7.932355715636961735e-01	5.983071277749085759e-01	-4.243756810871215923e-02
-6.124901269179167107e-01	-6.785240510947035952e-01	6.454878161724668661e-01	1.319451534711364227e+00	2.394736098079893516e+00	8.673041147964537512e-01	1.463433776829378585e+00	-1.169819407647001874e+00
7.670557843217288285e-01	-7.493035663125460211e-01	-1.164498134998288137e+00	-7.499491666542704715e-01	-1.277655339455804340e-01	3.515638195805682820e+00	-5.731346359635286491e-01	9.305994134931803996e-02
-1.576246332177495546e+00	-2.005423565072842251e+00	1.654172800539658095e+00	-4.497089488459615203e-01	1.350444695062980927e+00	7.143176455015349813e-01	4.789924630627568902e-01	-8.082204736961883240e-01
-8.317409151799303180e-01	-8.869056453749118996e-01	1.636563452166764632e-01	-1.286466329369936101e+00	-1.116001681670559131e+00	3.177873948231388912e+00	-1.857986534803203471e-01	-4.060741689817056188e-01
-1.035891448807059634e+00	-8.884349189957481130e-01	1.854254468435538872e+00	8.613965882995646695e-01	2.256323554250009966e+00	1.116775353731283893e+00	8.425288711444824941e-01	-1.053787507643739296e+00
1.102062506383272300e+00	-8.074969039539509064e-01	-9.331789454958395735e-01	-5.814185908900086908e-01	-1.961771280373241222e-01	3.352298722281948251e+00	-8.225677710453472846e-01	3.620607788233341784e-02
-2.378680769211580337e+00	-6.425263556362077466e-01	-4.343526534767471192e-01	-7.272681825728033456e-01	1.881450010822982577e-02	2.636812848160414280e+00	1.568009350446953887e+00	7.096291628595006173e-01
-1.425070741421843756e+00	1.024287711131601331e+00	2.522499836519502381e+00	-6.033709265061498045e-02	2.791513172381130392e+00	-5.155161318336252130e-01	7.639120249508023486e-01	-8.697623769699822788e-03
-1.708431876740844180e+00	-1.602582774438102264e+00	2.465327769459209062e+00	5.389011531331029392e-01	7.156156849973358547e-01	2.319532953801025088e-01	9.540003160327403808e-02	-1.400779188592437441e+00
-1.605966910302166539e+00	-5.895332973248348235e-02	2.144789222361858927e-01	-3.921728437906876197e-01	-1.310863007996391494e-01	2.357435923218281548e+00	1.693685364374422075e+00	4.616825673728752744e-01
-1.473591347279851638e+00	-3.793218446746558503e-01	2.197087576626866934e+00	1.375831730835018085e+00	1.420056243578540212e+00	8.234253125369856985e-01	3.132490368531695157e-01	-1.439252081262707872e+00
-1.268900528638835290e+00	-6.313189758925084050e-01	2.332003736310993780e+00	4.160671427840905712e-01	3.070303406947223479e+00	2.216867462704678327e-01	9.230843562110777611e-01	-5.603336112089275511e-01
7.567524845724552529e-01	-1.198306113126398786e+00	-9.773710610217450911e-01	-1.071504971474116275e+00	1.687355872215694219e-01	2.990383461605808701e+00	-6.877942787480347819e-01	4.772413486733377841e-01
1.058452929190432990e+00	-8.887529813603505247e-01	-6.669229261251335972e-01	-1.037515541258545060e+00	-7.118565799809781769e-01	2.320653745816390501e+00	7.908253616693737831e-01	-1.868394291010158914e-01
1.204576252594448782e+00	-1.358769989514770904e+00	-3.108339834606188568e-01	-8.825768978142255472e-01	-1.123904456719904577e+00	2.538235131868466610e+00	5.711802025685717155e-01	-9.261323883088200259e-02
-1.585768388422373665e+00	-6.362608478203598539e-01	-3.898313065531114341e-01	-1.151328624805563194e+00	-4.815179006185341115e-02	2.761468229284394837e+00	1.808040584196836775e+00	-1.040188870937328147e+00
-1.436042587999833531e+00	1.416754756333719945e+00	2.831219008115453573e+00	-1.466160555820329170e-01	2.907848931570449658e+00	-4.920703155275912288e-01	4.260759817760834123e-01	-3.509324012872177545e-01
-1.381074642155064147e+00	4.516383434363661076e-01	1.223079222453875126e+00	7.472538610554131377e-01	4.296927306484855436e+00	-1.018999411285096857e+00	4.416608024812546107e-01	-1.344299645053209369e-01
-1.902532086148330137e+00	-1.044663469933845512e+00	1.467750420643633813e+00	4.412653010146932453e-01	7.079505038992547350e-01	5.583622153653141629e-01	5.316243601881098790e-02	-1.323169930619613854e+00
-2.466010001998812928e+00	-1.331293353111855593e+00	-8.075183383159153516e-01	-1.232107031341132863e+00	-1.733015018536539831e+00	2.412715281166225356e+00	5.150512816082434275e-01	-3.588499015123335911e-01
-1.158339005754459805e+00	-6.763570395892222198e-01	2.612619046357288699e+00	7.659184300523111943e-01	1.494409263687973333e+00	1.506784790165974997e+00	1.132189911736960264e+00	-6.095191246745939040e-01
-6.503042520045857477e-01	1.019368275658659062e+00	9.910561109687587855e-01	7.937410699946181314e-01	-1.554363757037813931e+00	1.118575222193610275e+00	1.732280602207777187e-01	2.302097144994405653e+00
-1.762286474905365719e-01	-8.743456156825617498e-01	1.309239426842395471e+00	-1.551075871785775995e+00	-6.289954338732742789e-01	1.721355687839197790e+00	1.285785599501846566e+00	-1.442524715065780505e+00
-1.379452327904728604e+00	-1.587898388629149227e-01	-7.400416643301871433e-02	-2.771069820085928503e-01	-3.204654845946754982e-01	3.420459105606392214e+00	8.838641435164451554e-01	9.521483768353765642e-01
3.689162079709208397e-01	-6.058660647460041293e-01	-1.195108508992240415e+00	-1.202948672942373981e-01	-1.095788052516083244e+00	2.846366105366505916e+00	-9.906490167688148940e-01	-7.935810062618792182e-01
-1.656058987283479000e+00	9.316810737147193100e-01	1.394268925358087829e-01	1.018136751591629530e+00	-7.444114605568781240e-01	1.692870711513942084e+00	-4.547831513974180395e-01	2.315502152984976192e+00
-2.441673300463095275e-01	1.087939213389515825e+00	3.534033494128501207e+00	-2.775558753610737894e-01	2.457925551505184991e+00	-1.489607706096612194e+00	8.591387178863104657e-01	-1.687198622021054140e-01
-1.587178590335899697e+00	2.673589257297456223e-01	2.572847083899090226e+00	-5.404003563878151395e-01	3.193980481465795496e+00	-7.401996160253027091e-01	4.748805511123072032e-01	3.033605692388795516e-01
4.026759084678644962e-01	-7.883381293186108030e-01	-1.328364291603641112e+00	-7.353068316436429663e-01	-1.796335413030130113e-01	3.451708929012691218e+00	-4.783227074346768637e-01	-5.874029907083603425e-02
-3.274228422659685167e-01	-8.179772709466978098e-01	1.012478764502760642e+00	-1.034160294254212520e+00	-2.397227386155928119e+00	1.621230670428373433e+00	7.652345536878421561e-02	-5.349293438899888065e-01
-1.267603873711244056e+00	1.423583157732309257e+00	2.830672362773061668e+00	-6.292279542702513551e-01	3.259203908863771204e+00	-9.333947727205462730e-01	4.297455651640725849e-01	-3.096669388953799396e-01
-1.822028445599130464e+00	6.183165540214566880e-01	2.288964705591907567e+00	1.199684162778814622e+00	1.874151524630344401e+00	-3.414282470372778100e-01	4.115818211264035131e-01	-7.214058205399155321e-01
-2.178957790738354383e+00	-5.911920538477903886e-01	-5.809402807827982601e-02	-2.909459947078343357e-03	2.898951927850651478e-02	2.795495195091313612e+00	1.672017424755277037e+00	6.795865402815728373e-01
4.642038769908629625e-02	-6.469569038311400178e-01	-1.491030866039509739e+00	-1.138024061158073447e-01	-1.170037466789960012e+00	2.967279533322304541e+00	-1.027170810470251938e+00	-5.283166788368062194e-01
-2.302027880127468951e+00	-5.392936238117684161e-02	-7.080596780725013917e-03	-1.032174618302794666e+00	1.100763493780162472e+00	1.642668977967573163e+00	1.507775843911843827e+00	1.127415826055376130e-01
1.651125236189817658e-01	2.881698591115772201e-01	-1.324642186231094199e+00	-1.471205742750381296e+00	3.475179646065779115e-01	2.591896621217737451e+00	-8.646377183604881944e-01	-2.057931896508705394e-01
-1.624092575476731248e+00	6.206616766147869946e-01	3.275821114118586230e+00	5.185541170246033005e-01	3.060221857856066485e+00	-7.655335569409706942e-01	7.370947173456060542e-01	5.091055494309044971e-02
-6.210620973003593281e-01	4.340939466184385864e-01	-6.396575993490279943e-01	6.021735283867180044e-01	9.370892006082258696e-01	1.595794660289249878e+00	-3.324327058814553759e-02	2.598149494127656833e+00
-8.586139671623449487e-01	-7.430415143089816876e-01	1.285622152339144675e+00	-1.737793604362048550e+00	2.111141849741288989e-01	2.262390241238470434e+00	8.813250851329794688e-01	-1.809443399585997758e+00
-9.913396390777494682e-01	2.727506545610499100e-01	3.356102309983732823e+00	6.354236743065927451e-03	2.170381201078031452e+00	-1.115603730911390645e+00	1.628624072391211319e+00	2.869737120611339232e-01
-1.103006511497949260e+00	5.737941276437582561e-01	9.441670488287345897e-02	-1.380126304867632214e+00	3.976134303684101257e-01	1.950475879367353116e+00	1.274443790920166464e+00	-9.249229942926124881e-01
9.226139908330984740e-01	7.536495275487948842e-01	-9.197402618688862441e-01	-8.688065350415935528e-01	-1.566931011474405944e+00	1.519492236379142769e+00	-4.344664244992559876e-01	-4.643867669617750549e-01
-8.700511091534218755e-01	-1.447729350122585412e+00	9.754921210048583813e-01	-7.074659865494768995e-01	4.956614362009039709e-01	2.235651303761797770e+00	1.495721874154344988e+00	-1.569937824529026749e+00
1.134669222448638326e+00	-5.469260928058774507e-01	-7.463804944734784286e-01	-4.090060862568859479e-01	-1.845093115588979149e+00	2.123869771940623430e+00	-1.892023684762989544e-01	-6.456150176888220127e-01
-5.296964347192697486e-01	1.409013496882836280e+00	3.126654236189100544e+00	-2.961667259734803159e-01	2.239657610493932527e+00	-1.449132880103748411e+00	1.112481162163694526e+00	-5.034051140443844830e-01
-2.433085373595541334e+00	-9.725361642395785600e-01	4.353576358261928014e-01	-1.464424086633925315e-01	-3.268606367386769213e-02	2.264587206380384021e+00	1.503649068387266308e+00	7.261914643471287789e-01
1.825410624871707910e+00	-4.910792908784606947e-01	-7.426482892201748953e-01	-1.032529158275123038e+00	-1.128393306202561064e+00	2.914740153468333261e+00	1.335649356867434079e-01	6.181168343599062476e-02
1.075249138204990906e+00	-8.965845705768358265e-01	-6.636677870521566769e-01	-3.243509905874108479e-01	-1.857147152382459643e+00	2.250605276748885775e+00	-6.646540921003746272e-02	-7.237636916273024745e-01
-1.981018841615752868e-01	-6.675517044560903834e-02	6.159895095464102965e-01	3.442216579968754298e-01	-5.589025752079449516e-01	7.704592429380696661e-01	-9.457961862166966993e-01	2.263139205252197250e+00
-1.199759632617403149e+00	-1.325811183111833769e+00	1.709223580375354157e-01	-5.292187414632554265e-01	-1.696087773065105608e+00	2.298822269143578900e+00	-8.011610218284436202e-01	-3.626842245808730714e-01
-1.043621913899841269e+00	1.630480575942058752e-01	1.493648529344728804e+00	7.324170304378958551e-01	4.085009622381988947e+00	-1.241474185028820898e+00	3.474046544458656571e-01	-2.487411350190101567e-01
-1.098824239245555612e+00	5.851325415460959523e-01	2.744486283810986915e+00	-2.380515431064309240e-01	3.721765254892456021e+00	-8.221937186045994439e-01	5.837071026747236990e-02	2.302259893619003628e-01
-4.066973719987138775e-02	1.258919065755420341e+00	1.618678313434097848e+00	1.970770718752455353e-01	3.205987656470261182e+00	-1.570566283450001821e+00	1.343995612528285033e+00	-1.784033558802130270e-01
-1.639776881894313032e+00	9.513032022790322007e-01	2.646727563589776899e+00	1.298449179208848614e+00	2.654306533506785026e+00	-1.573308257057696613e+00	1.004303160801240380e-01	-5.099078353020666254e-01
-1.015455850100204893e+00	1.056459348858788783e+00	7.229899441995644160e-01	-5.759682834671060458e-01	-1.047182136362055704e+00	2.253681589360077453e+00	1.638856333556048650e+00	1.741705692528987326e+00
-1.482593442791461991e+00	2.564439223732100648e-01	7.860590146553605440e-01	1.311849863969637653e+00	2.868705260547070424e+00	-8.709229418805302103e-01	3.884342380652092697e-01	-1.107845191004288132e+00
-1.026109157969551378e+00	1.192666953697058219e+00	2.928965858089271013e+00	-1.099236875072478609e-01	2.980633275690383943e+00	-3.008201345363706314e-01	2.837912205853648784e-01	-3.192186085328939105e-01
-4.708476207490225884e-01	-5.718181198832179568e-01	1.797374753190320307e-01	-1.059787645675734497e-01	-8.241596670418674941e-01	3.378070469844378643e+00	-9.141934086555651706e-02	2.496104363094190592e+00
-1.644679900185329391e+00	-1.839916180091908826e+00	1.779468341472474791e+00	-6.093925315163665202e-01	1.259508837827512551e+00	7.160589182547121290e-01	2.046676016229175554e-01	-1.253272268546930635e+00
-3.427662278217789571e-01	4.414469914876338885e-01	1.964700670469946786e+00	6.536622481462994738e-01	4.257253132158442810e+00	-1.019377112583207623e+00	6.483745341795152939e-01	3.088445169626390929e-01
1.703365713955980798e+00	-5.665773581356408073e-01	-4.623798388062388964e-01	-1.054583658959266534e+00	-9.763123631779487832e-01	2.513879315183085161e+00	1.584106034714911904e-01	1.890614997384560403e-01
-1.391976890058081340e+00	-4.520830328464447989e-02	2.451414446684434090e+00	6.575052185460439347e-01	2.669600747930918949e+00	2.053438434125645917e-01	4.463351635422128094e-01	-7.781341224295695858e-01
-9.689597506294356233e-01	-1.294885902539901990e+00	1.564638099931579429e+00	-9.524971278396110463e-01	9.690242441152574493e-01	1.525612101007088439e+00	1.988950943834011109e-01	-1.533978015365114356e+00
-1.300404372515568507e+00	-3.805770858088308173e-01	2.088416945695355409e+00	1.555074044954510404e+00	1.573050408726278437e+00	4.529380540179280823e-01	7.536707705786193090e-01	-1.425761464500153952e+00
-2.601310556725019651e+00	-5.586171130740114066e-01	-4.355809861926614457e-01	1.841993067634488113e-01	-1.045558589059035315e+00	2.070602855554480648e+00	1.588647329063957336e+00	1.225065968000077915e-01
1.757090314049967184e-01	-2.526983703316269536e-01	1.651126991124039822e+00	-1.293897982863000173e+00	2.107551139916052363e-01	2.378331080040537948e+00	6.818569808516791730e-02	-1.621216022459540440e+00
-1.924852360113167515e+00	-1.093681157372434543e+00	2.153557105876549027e-01	-4.273169000089617198e-01	2.644195513215182869e-01	2.095442815983869167e+00	1.522184538837269008e+00	1.754439583700361460e+00
-7.931951241281253173e-01	8.220063227414319273e-01	3.199290518925118842e+00	1.037025026072778022e+00	1.662143520015948894e+00	-1.526324174019864088e+00	9.376051814827539577e-01	-7.901625831988506876e-01
-1.213874350711903860e+00	-9.166093606698023921e-02	3.230873503497972088e+00	4.203626436827744839e-01	3.199598321985861027e+00	-4.537124009141518255e-01	9.025983167826556741e-01	-1.541202394978890833e-01
-1.148484500494757921e+00	1.294924176991877118e+00	2.988550331423909245e+00	-1.276834728764770222e-01	3.095032862828604792e+00	-7.084039949482290321e-01	3.961146499924516062e-01	1.230961981489094165e-01
-4.276579451500193141e-01	-4.038754274771719222e-01	-1.430813532168546010e+00	-2.731584406778093110e-01	-7.495952853599604504e-01	2.308412860660411070e+00	2.035378040699890700e+00	1.137134402946511580e+00
5.683181102772539850e-01	-8.992620515819134130e-01	-1.192112234843624163e+00	-1.018147260904168183e+00	-2.712862082158674082e-01	3.546609201740797079e+00	-4.661075911042107944e-01	-2.046521267110901487e-01
5.579847807605015086e-01	-2.102496147396699655e-01	-1.310866397595918720e+00	-1.187040292254310098e-01	-1.166820416386226578e+00	2.863814626968988808e+00	-1.179163697163907454e+00	-5.794982673972576270e-01
-1.394051771593191713e+00	5.617671533864797562e-01	-9.847154682084425792e-01	1.485731659867523868e+00	2.759872551429537468e-02	1.204771333350231455e+00	-2.855514766340099264e-01	1.973457131419486421e+00
-1.310215108110503124e+00	-1.712582405074094760e+00	1.750151690276009475e+00	4.672176394018763834e-01	4.421687356314750739e-01	5.894722431124430617e-01	-1.373650063009460021e-01	-1.594299042393800381e+00
-3.508390468435188536e-01	1.351526199237224946e+00	4.899659709527003359e-01	-7.787255575513948869e-02	-1.096794038948266659e+00	2.237587743848206578e+00	9.490680968464031420e-01	2.439968524858855847e+00
-9.208530975612648495e-02	-7.341773186265784235e-01	-1.175963240327923653e+00	-4.728260297708915538e-01	-5.704584361231060941e-01	2.592351747877949641e+00	2.165948535629203420e+00	3.453185645816232996e-01
-1.408479474577956747e+00	1.145162358848926143e+00	2.425550083491039732e+00	2.016604158444438855e-01	3.543158291525270620e+00	-1.081002012161346171e+00	3.266494941764097604e-01	1.580766645266879489e-01
-1.923114768276639186e+00	-5.298223068175058614e-01	-2.910421787321436082e-01	6.683159428173351957e-03	-1.419849463334129203e+00	1.606994878770494184e+00	2.244194422050727056e+00	-8.226276806887733439e-02
2.019181898089473792e-01	-7.627097703296531472e-01	-7.283324398321925353e-01	-1.405861401248288400e+00	-3.006793790174553532e-02	1.929266281701693453e+00	1.584593408311455454e+00	-1.122414490727744463e+00
1.312403857971905285e+00	-8.702425014816599358e-01	-8.532567759099306537e-01	-8.761457853598205725e-01	-4.852029119983398142e-01	3.332121501907987504e+00	-7.078747531433358109e-01	-7.749941384726818927e-02
1.001491493349412121e+00	-8.388614869602367685e-01	-1.088531646005949760e+00	-8.652759553777757962e-01	-2.124217533875128461e-01	3.414568525119467957e+00	-3.551563131244836469e-01	2.718396257387996617e-01
-3.883552550319631091e-01	9.196502807720791095e-01	3.271036382766473238e+00	-2.499961960703021291e-01	2.365668303057420374e+00	-9.599619284431726296e-01	1.439168524444325525e+00	2.007375892561439334e-01
-1.432301899640602949e+00	9.132797310502106525e-01	3.045957335268972610e+00	1.036125891059939130e-01	3.119573601598967905e+00	-6.020320920958067701e-01	1.767099743474873363e-01	-2.542968951666297883e-01
-1.627322852996731795e-01	-1.216393257520509419e+00	1.233963151679182246e+00	-1.646304580556263497e+00	1.777974882441207272e-01	1.403751152911693501e+00	1.620978378317631696e+00	-1.376228244740378637e+00
-1.600799419768721643e+00	-1.236518460403468911e+00	-6.774885270305512630e-02	-7.139102631931492082e-01	-7.479981342356843976e-01	1.905909782193261570e+00	1.424851245882146622e-01	-1.658762157874799303e+00
9.615272691921056269e-01	-5.094255607407520703e-01	-1.124101213005800792e+00	-7.694529959354342585e-01	-5.519556669929543552e-02	3.325427204749096699e+00	-1.150476441874592526e+00	1.256506646836199059e-01
-1.441153052093635312e+00	-1.477398507542462713e+00	5.428830582892210099e-01	-1.642058759626586539e+00	7.093790399449075856e-01	2.022853996181449787e+00	8.679924880051541614e-01	-1.413284246114085541e+00
-9.163946797199873373e-01	-9.836307069577474027e-02	3.886639442822831914e+00	-5.184301226244284466e-01	2.648993331252626149e+00	-1.464882004900948331e+00	-3.589131119109051360e-01	-9.929959884390283931e-02
-6.155708264746942993e-01	9.700187611582081204e-02	5.686046821658330419e-01	-3.902875021064828309e-01	-3.879825527156413045e-01	2.082894600849827249e+00	2.023228151583291723e+00	1.441531805951484113e+00
-9.022435904844288562e-03	-6.916872965470044488e-01	1.668659456841162569e+00	1.132128554386999886e+00	2.426456608871584653e+00	-1.250417054409342921e-01	2.215991512637468297e+00	-6.318233421214117795e-01
-1.420687642730873890e+00	-9.553547466093756935e-01	-9.111411797599276996e-01	3.606701818290812267e-01	1.269637988480678548e+00	1.939646718052939978e+00	1.655491817885027306e+00	1.357760676592690841e-01
2.855205489690904042e-01	-5.710337298978492848e-01	-1.381744414486384631e+00	-2.599124501176042767e-01	-1.294618906401118430e+00	2.595310247191671138e+00	-8.398967794802338904e-01	-5.855681607581744164e-01
-3.784477095870873442e-01	8.395767874084294480e-01	2.941950378793603882e+00	4.307783254330648792e-01	2.413607742756000540e+00	-1.119544766406231906e+00	1.497969398178205180e+00	-4.491975694674459896e-01
-6.761459924746598960e-01	1.256576724918526677e+00	3.067942590566031136e+00	-2.569101127000666396e-01	2.318035090761920269e+00	-1.423452810250315448e+00	1.219118714815614846e+00	2.230456148957364881e-01
3.143700667624429457e-01	-7.949639205555076860e-01	-1.025776200199348454e+00	3.139217566399757353e-01	-7.313510025633325196e-01	2.936732941681812648e+00	-1.374530201380411043e+00	-7.767166222587821300e-01
-7.139126545513838629e-01	8.609100274571285238e-01	1.035548557203407549e+00	6.045740421276495358e-01	-1.537843641183919585e+00	8.604023243558935885e-01	2.007027235601581971e-01	1.926795395348395612e+00
-1.087535584222062646e+00	-4.185282850400636190e-01	6.474351165704350652e-01	-1.079596407311727457e+00	4.273312234150068445e-01	2.259292979183468830e+00	1.460370144592656461e+00	-1.625922959758081543e+00
-1.262285495990451478e+00	3.677857836036401151e-01	3.245111499752104223e+00	4.881101390262763684e-01	1.410712641129994616e+00	-2.110113046596269193e+00	5.976452781932730662e-01	-4.147944529774269529e-01
-7.606351395066927035e-01	-9.524079950321984178e-01	-1.036163916020941267e+00	3.054679665771073416e-01	6.432030521651392885e-01	2.473169593490291529e+00	1.191183979621719846e+00	1.844099486894452244e+00
-5.857391391200488240e-01	-1.884341293437769682e+00	2.506206004028388445e-01	-3.498875500029412500e-01	2.416334416651876982e+00	5.747210219767100448e-01	5.082563634038513856e-01	-1.301923810779397561e+00
-1.310781291372615565e+00	-2.640554805300905361e-01	2.808771795241330249e+00	-4.821521497998647598e-01	3.513314715273354594e+00	-1.567877133033360959e+00	-3.254255862848633996e-01	-1.742873246017159483e-01
6.511280005503080615e-01	-8.002927653559687160e-01	-1.093042126896589528e+00	-1.378869712542348136e+00	-2.538775598308251613e-02	3.064034590624757470e+00	-6.000239513360576815e-01	-1.238459250830478871e-02
6.898709034244998595e-03	-8.876760465002132561e-01	1.156069266259612593e+00	-1.102938056084285634e+00	1.555208452536117891e-01	2.742683437827768689e+00	-2.280307831807815711e-01	-1.335784235449894330e+00
-8.949734260733124280e-01	3.397500640236743030e-01	3.003812090675034518e+00	-5.464936792290900902e-01	3.515834318054968044e+00	-1.046693029544195186e+00	-7.717870670885761397e-01	-7.114152252771023255e-01
-1.433294632555146331e+00	8.164443505102334520e-01	-4.106682135253227894e-01	-2.325594915344586788e-01	1.385832894764827683e-01	2.943710668002865738e+00	2.955277460006995316e-01	2.250283425569163054e+00
-1.554229980782312781e+00	8.573435402832360053e-01	6.950981590568189317e-01	6.319088742982528761e-02	7.127977957329223457e-03	2.249697623407355795e+00	-4.768645468766327111e-01	2.517664958729264768e+00
-8.605756295751370022e-01	-1.321925183060440823e+00	-2.700994273376290389e-01	-1.654613458968489992e+00	-3.580085922290697220e-01	3.075326073969286256e+00	1.030165952728196443e-01	-7.102027586446481022e-01
-1.168431868413552399e+00	5.092135302917050188e-01	1.624293183931486695e+00	3.871308448299402571e-01	2.361062355301876803e+00	7.717828499726661073e-01	8.893968382728895117e-01	-9.109270817348096294e-01
7.360658240640097771e-01	-1.250163006118356401e+00	-9.693605270386249639e-01	-4.446142137231466895e-01	-3.264762819106859504e-01	3.036569567353389232e+00	-1.139215224224137346e+00	1.387300122097786526e-01
8.553871572399712742e-01	-1.239706933342029638e+00	-1.067742080788697034e+00	-8.553094322547540873e-01	-1.204814418000978854e-01	3.413537989269057604e+00	-9.658807080987620308e-01	3.305602335399427938e-01
-4.039818934308334053e-02	-1.090744922330508571e+00	-3.388996868820947084e-01	-1.004007860960601350e+00	4.625115860435622395e-01	1.397323828934692980e+00	1.869583272076540403e+00	-1.530226219260111709e+00
-2.596519678328507719e-01	-4.163072759179546889e-01	-1.309087159183384586e+00	-4.918563745420451161e-01	4.386266990093923290e-01	3.252792503661238843e+00	8.270625131288111831e-01	-5.424120739581705236e-02
-1.854886390055618062e+00	-1.069595734298087297e+00	-1.621033168481358810e+00	-5.736734085041879094e-01	6.464698410578523236e-01	2.221505320796354876e+00	1.818926435234484051e+00	5.038961626408524630e-01
-2.024227621278144706e+00	1.188713185897343205e-01	-6.221229768764809931e-01	-3.418901318726492167e-01	-1.726903088457430568e+00	2.620665694428354175e+00	1.541970086427601194e-01	6.304484678613430093e-01
-7.358910929063261497e-01	-1.408590695333116871e+00	1.516656308287072541e+00	-1.247195951067892050e+00	9.829228245988996804e-01	1.832979614887918940e+00	3.634662760185805030e-01	-1.164106584022576829e+00
7.738672168626746783e-01	-9.085252433126073113e-01	-1.015269651684020502e+00	-7.437136159932035140e-01	9.128762298530149200e-02	3.173501677806975341e+00	-8.112539422172230230e-01	9.581508601615283671e-02
-1.398032926770218287e+00	-1.707287620133118633e+00	3.166117316786086766e-01	-9.060186182102224484e-01	-1.561254782432395460e+00	1.189346120632617909e+00	1.265683072322616676e+00	-1.026393788385961736e+00
-5.293016230856217863e-01	4.928215813159648184e-01	6.996173945458499244e-01	-3.933588035368261182e-01	-5.273036278746469074e-01	1.877955530706131304e+00	1.452625925322066580e+00	2.325999962935547227e+00
-1.577179961840801559e+00	1.410470672041637397e-01	1.508558106980046887e+00	-4.154335086028387303e-01	2.202829442587656672e+00	8.186882389348273392e-01	7.210850529210884874e-01	-9.780188076884730464e-01
-7.354626475620493764e-01	-3.080868864117132233e-01	-5.890041851673929463e-01	1.131075388989953412e+00	-3.972361647659276573e-01	6.429611968897526175e-01	-1.111725309557065389e+00	2.210502155549586512e+00
-9.435827163869729972e-01	1.233989178769641537e+00	2.775831455692869376e+00	-4.635719886932086475e-01	3.531861263226241388e+00	-9.252103152908844885e-01	1.387880861806846389e-02	2.543500350192633985e-01
-1.344414680444080412e+00	8.535883906032104562e-01	3.056759105487487638e+00	-2.055355910105366793e-02	3.148491026687393113e+00	-7.472284641467726862e-01	8.721719963407525977e-02	-1.581373991977530480e-01
8.400024694276978510e-01	-1.083435517947374027e+00	-9.610467853333108934e-01	-5.938015952859853064e-01	1.226540590049507440e-03	3.415320046734730663e+00	-7.598997173106027958e-01	1.062019272082819349e-01
1.465800157365032774e+00	-4.731323883195838187e-01	-5.804926678828425946e-01	-2.483880275771251436e-02	-1.744285378983939427e+00	1.945625707978880126e+00	-3.806853263021721667e-01	-3.786051172979265633e-01
1.785984236425000482e+00	-8.869829620874044585e-01	-6.601236269827900349e-01	-1.006699075385449449e+00	-1.063134951124995231e+00	2.629506778408553735e+00	1.255705588744205625e-01	2.794389994024547574e-01
-3.761528892390981205e-01	-1.148189770951277611e+00	4.845083938930987988e-01	-8.966748062490219606e-01	-2.406378963960199346e+00	1.766333192355430182e+00	2.379747900968766372e-01	-4.085086804626908985e-01
6.134449907755336051e-01	-1.095472349353176611e+00	-1.104873035951484006e+00	-6.098217269079881930e-01	-1.345968932900725168e-01	3.472007640225765801e+00	-3.326796251681800043e-01	3.887631345665701343e-02
4.840762466566100874e-01	-9.633167967102490570e-01	-7.091672919168702238e-01	-6.898222025282012559e-01	-6.355863805176457104e-01	3.146298886232149261e+00	-9.312749783281600857e-01	-2.567769134177178558e-01
-2.550462748868142615e+00	-8.999101821685302482e-01	-7.136154263491992777e-01	-1.264683065403191087e+00	-6.609468841471252132e-01	2.688541576894120766e+00	1.363035409324952374e+00	7.713039249428197408e-01
-1.572267427671863338e+00	-4.806421010186491261e-01	-2.724507304621058904e-02	-4.979204992029274274e-02	3.141788413882926623e-01	3.131010490246218136e+00	1.691064420309157157e+00	-2.441031883704218586e-01
-4.420332543464494113e-01	-8.272458160245453884e-01	-7.081163097720888366e-01	-1.286770092187286219e+00	1.521667905231387063e+00	2.006234763869371385e+00	8.674717038463858332e-01	-1.665498656634497809e+00
1.099560660395577205e+00	8.124064171210580998e-01	-9.636312005791348723e-01	-1.523556334045492289e+00	-2.941993892997554066e-02	2.769077400756001950e+00	-8.080522287859033259e-01	-4.362998053971410550e-03
-1.810879888202818755e+00	1.230743785447696137e+00	2.835455904286633189e+00	8.445730921705609795e-01	2.312093838349206010e+00	-1.490593359435555820e+00	-2.081775580027625250e-01	-5.429109266337555084e-01
-1.257194473388345557e+00	9.384531680817677080e-01	2.550873196436060475e+00	6.893700176009015523e-02	3.099502459326012982e+00	-7.254795528696038609e-01	2.266907744064382835e-01	-9.013034194312830039e-02
-1.811235306577510196e+00	1.205058763194642557e+00	2.982396958490558525e+00	8.669627336543450635e-01	1.995462243768317379e+00	-1.236980180836819043e+00	7.492165063446931672e-02	-4.571345130894612918e-01
1.736936262240378781e+00	-6.563694454417281499e-01	-4.752220210193857097e-01	-1.414987074341384821e+00	-5.504188785945298701e-01	2.202652611906098734e+00	1.361106115250036996e-01	3.201569110013934294e-01
-1.567149729760758392e+00	5.658382410622959657e-01	2.640716432969536509e+00	4.484947538166417225e-04	3.553932962006207230e+00	-7.782299723551978632e-01	4.494003311231385966e-01	3.229328261208986861e-01
6.826101878752827146e-02	-4.046897271034788912e-01	-1.568859620938895250e-01	3.340060407619710459e-01	-2.649810049199821105e-01	4.793018580568031983e-01	8.153279873127539101e-02	2.870206561996194949e+00
-1.356127040370147974e+00	-1.116132402590851308e-01	5.296116382927428257e-01	5.445984063564741628e-01	-2.184257090843053195e+00	2.234193539634409031e+00	1.569895509153276025e+00	9.958114640033436382e-01
-1.421559017761934385e+00	-8.202582787164818257e-01	2.843335319249062465e+00	4.263351101973226753e-01	2.382375462711792569e+00	5.140749622998788126e-01	1.116962958544852835e+00	-3.007560198685989006e-01
-1.120607272874503346e+00	8.557254545725410111e-01	2.469284288998374599e+00	1.890747993379210401e-03	3.658928367050334529e+00	-8.351570064225954937e-01	3.350842031875614913e-01	2.705565425671248581e-01
-4.015917505530578469e-01	1.103550008647270930e+00	3.359773013976526723e+00	-2.998505596474923540e-01	2.414811561707256971e+00	-1.192191408275985909e+00	1.238874113048076264e+00	-6.998543262007317356e-02
-3.199513899170644549e-01	3.673072027636454795e-01	2.859299907369292071e-01	-2.174997995559538322e-01	3.379934488250952995e-01	3.268138786803076012e+00	1.088795610427421900e+00	3.912782027088175796e-01
-1.438328418637506934e+00	3.007103438483780811e-01	4.311866738785936071e-01	-4.690335061962683794e-01	6.415257447269026025e-01	2.038828993762365371e+00	-6.941282252367562966e-02	2.689836015920267442e+00
1.536361997080810227e+00	-7.724909071059071763e-01	-6.410472305465227949e-01	-1.077231233866971394e+00	-8.455549002373212719e-01	2.504039296697493366e+00	3.926294656614808254e-01	5.663246456768469828e-02
3.891783147116529840e-01	4.998860066704478577e-01	-1.322730639446936696e+00	-1.477300327310561601e+00	-5.969013611449643097e-02	2.643442378428787265e+00	-9.193505415990620433e-01	-2.629804358577792489e-01
-1.390637282153273091e+00	1.271488625871485256e+00	2.507936575643568311e+00	6.077087812173285197e-01	3.491161310609956825e+00	-6.958949012112409793e-01	6.568445623958859558e-01	1.755616665139934085e-01
2.046510209253128210e+00	-7.917076460457621589e-01	-3.069852537066395937e-01	-1.008614172615337479e+00	-6.044387336846258618e-01	2.606603592266490299e+00	2.056011430533887518e-01	3.424904167316247250e-01
1.595530234734061636e-01	-5.568028356326729655e-01	-1.400687732723179701e+00	-1.302468647279064751e-01	-1.182832206739813374e+00	2.941365829534760667e+00	-7.588895475733349327e-01	-7.019453846573424638e-01
-2.135685712807618986e-01	-8.928401315033870356e-01	4.688637586564725623e-01	-1.212592930040604200e+00	-1.107785959597904490e-01	3.041800451795827254e+00	-1.077352630575460768e-01	-1.408939842539408405e+00
-1.253708675004939765e+00	1.331543855738775317e+00	3.167305543848020211e+00	-1.818734764595853481e-01	3.034212184651987609e+00	-6.559106858801634354e-01	2.533315858550126698e-02	-2.067702164231859652e-01
-1.217507502506000261e+00	-1.269923799314670587e+00	1.561945033714051689e+00	-1.131845777332815883e+00	6.322920871891924977e-01	1.643052437476692162e+00	-1.699961563553834334e-02	-1.723990616834471190e+00
8.967665406625257019e-01	-4.685058562173798902e-01	-1.152587417594098218e+00	-6.092709028242501157e-01	-2.995759136938004330e-01	3.400331793244533163e+00	-7.849215104049458436e-01	-1.285257971669588883e-01
-9.604023364001254004e-01	4.006681920174225975e-01	-1.086501212037643604e+00	4.893731116820377314e-01	9.421677174815834555e-01	2.220651371647686556e+00	1.120664704517617905e+00	3.161459547001586046e-01
-8.477171313612430481e-01	-1.396825373755020472e+00	-1.109068013265006453e-01	-7.976649556057970880e-01	-9.970616077289813362e-01	3.145508397521240340e+00	-2.778220735937780850e-01	-9.282912470805265368e-03
-5.389427214457211956e-01	-1.772871387120460218e+00	1.996550058153703677e+00	-2.543367914178865652e-01	-9.490951883542491085e-01	5.811157839431250194e-01	9.144469708683442555e-01	-1.738357606550949397e+00
-9.685442416195026993e-01	1.383552325250517523e+00	2.617947702617095640e+00	1.893764494920127106e-01	3.122290483739180722e+00	-5.428002262644258114e-01	7.512275984250088579e-01	6.976283514509880324e-02
1.100058916416050359e+00	-1.132180699565777271e+00	-7.859407932351363257e-01	-5.472178089739764273e-01	9.004037091129707404e-02	3.510144319045602757e+00	-4.681811405101188317e-01	2.893452579350008214e-01
-9.464167014816003975e-01	8.642775379524239021e-01	3.202869365825995462e+00	1.011685346684508602e+00	1.400368657143248985e+00	-1.738237202352645339e+00	7.977806695203731868e-01	-2.689313797705598086e-01
-1.268240427276940085e+00	3.261755800390703786e-01	3.233690423327028718e+00	3.041206962516458945e-01	2.983977421540262576e+00	-9.941212189242902841e-01	3.430319898549328839e-01	2.596774598420226177e-01
-2.412140444709598430e+00	-2.756830447389289063e-01	-3.418516273452829601e-01	2.266761097747198028e-01	-1.095739130741469447e+00	2.471566373539911154e+00	1.526259317523408043e+00	-6.137081263878989973e-02
-5.983022789425230803e-01	-4.209249908833574971e-01	2.947705921275004748e+00	8.169508918162822209e-01	1.686478296338742355e+00	1.323689950550190897e+00	1.559379645356826494e+00	-8.173835809816073494e-01
2.375216931517328156e+00	-5.130597898038934401e-01	-2.230142340353659103e-01	-1.010534776497196141e+00	-6.323247120604703619e-01	2.923683198872147670e+00	2.663957540969506821e-02	2.382771403337085037e-01
-1.214565874995754857e+00	9.381198967648487486e-01	3.044311047201719411e+00	-4.561067840924697969e-01	3.351468688074566771e+00	-7.549812616120177289e-01	1.623024226334309483e-01	1.438705300526799680e-01
-8.619452732396268857e-01	9.477642846037673818e-01	4.649079653626095876e-01	-5.693086618109108876e-01	-7.485349253969829642e-01	2.028196622670935145e+00	1.478236038526260288e+00	2.323403837612124434e+00
-1.327983408107322516e+00	3.627544927843545652e-01	3.212075757077611282e+00	4.692410664702634793e-01	3.004376375562347157e+00	-9.299928051569645859e-01	2.967426279505924747e-02	-1.264333256986529264e-01
-1.373481545944617022e+00	1.176535184103139065e+00	7.344914165717051358e-01	-1.420528239262518720e-02	3.466037144534608316e-01	2.223144607978803755e+00	2.810948364412144129e-02	2.100291316006220210e+00
-1.678964289436791768e+00	-6.387865370357626027e-01	4.391768069771612160e-02	-1.766115603963969438e-01	-6.045449728469097783e-01	1.865913394464549624e+00	2.773263044447195291e+00	6.159609717568413911e-01
-4.660161729489302740e-01	-6.338108126574595880e-02	2.917252623819496238e-01	-3.476577018660043650e-01	-7.611781829583221803e-01	2.793871368888173112e+00	2.118169064539114022e+00	1.518673923330959630e+00
-1.474819200041129319e+00	-9.850364289561893694e-01	-1.993348290294780500e-01	-1.018668445177469906e+00	2.031194445322428432e-01	2.529639925941663758e+00	1.976289096859222383e+00	-4.557127890595574216e-01
-1.136928973453037450e+00	9.710394049370412173e-01	3.092408913336195830e+00	-8.015337530921326503e-02	3.001400112647846008e+00	-1.312086583490471581e+00	7.876519079538790713e-01	8.793892825008349512e-02
4.893097250742334259e-01	-8.615988172573184611e-01	7.509052946339160872e-01	-1.867792532899734015e+00	-9.422342117619821877e-01	2.311401953661816222e+00	8.661031364648681397e-01	-6.323718034993097703e-01
5.209567437997720818e-01	-8.542278093290982532e-01	-1.112594945369164812e+00	-9.999668779659270923e-01	-9.012573730041507913e-02	3.275835780060866842e+00	-7.904127948332477782e-01	2.450984934407503535e-01
-9.575229801986583356e-01	-1.241170737287956349e+00	9.384729550627964878e-01	-3.599327772273492321e-01	-1.512339091763497123e-01	1.521392349059918825e+00	1.629572563642738003e-01	-2.416153490072097565e+00
6.999929942429697904e-01	-6.558894917311740569e-01	-1.213343642109553588e+00	-1.184559345098832317e+00	-3.205616063842420260e-01	3.316764177901975863e+00	-9.156311925840707744e-01	-1.067130062045882760e-01
-1.441510829340362232e+00	9.713881710441841788e-01	6.648352592427645424e-01	-3.836933802622097267e-02	-1.326938382707263109e-01	2.383712529344173880e+00	-2.672955274579420504e-01	2.883929400373441254e+00
-2.528721470037689656e+00	-1.857271779142803947e+00	-4.087915000760513062e-01	-1.548485008918175865e+00	-2.771106029974927387e-01	2.172331073542947966e+00	6.981341877574677168e-01	6.141916956720551157e-01
-1.376043055816668303e+00	3.073262403569889667e-01	5.578463660887614806e-01	3.041755491988803461e-01	1.263956486175677185e-01	2.329432041153364441e+00	-4.224963389524192814e-01	2.630015449307060660e+00
2.810886625753382662e-01	-3.733403169558436319e-01	1.346412780877671356e+00	1.092132540995528922e+00	2.098034134960032215e+00	6.484948935732062214e-01	2.354001923390077522e+00	-6.804288937161890871e-01
-9.385421529351074543e-01	1.227924312387261185e+00	9.849165459067036332e-01	1.620297069712612226e+00	2.822816189748667437e+00	-1.104539811921215531e+00	2.053547910844599478e-01	-8.079715868868810880e-01
-7.509956193135636227e-01	3.686911152203636161e-02	9.238966483620582038e-01	8.929696841398393481e-02	-9.668147220449753443e-02	3.413158065813513442e+00	7.480440395260824493e-01	2.149974734089732387e-01
4.361218801867018380e-01	-6.288995827918480996e-01	-1.461311196616463137e+00	-7.109298330784151743e-01	-3.930664257709770015e-01	3.342917381573396352e+00	-9.783460024591141835e-01	-1.121479378320264092e-01
-2.977707638549889069e+00	-1.287145406901939015e+00	-6.646229659308707793e-01	-9.702376032441742404e-02	-1.049671876139391502e+00	1.964639661309977248e+00	1.100639992632692632e+00	2.521112392682266501e-01
-1.116477354625021956e+00	-1.799367794474544313e+00	2.122364461462379559e+00	-7.345390916483670596e-01	1.336487859608684658e+00	1.038266425983401575e+00	2.161692476603016277e-01	-9.772623015307453365e-01
1.628702090251694212e+00	-5.435231000280605906e-01	-7.139903854152722662e-01	-1.133175104769757580e+00	-8.652549931611053236e-01	2.690268424653628809e+00	3.573259039021382533e-01	1.195227033328522120e-01
-1.013709422436877894e+00	-1.169214713789734628e+00	7.452276302420766108e-01	-1.638655912567476891e+00	6.800613075780195804e-02	2.323133338855640773e+00	8.147425428907542067e-01	-1.642599371799670527e+00
6.267256982884813477e-01	-9.289383488072728845e-01	-1.082327542098482365e+00	-7.470998586065576985e-01	6.539471324823939447e-02	3.239807357412672673e+00	-9.653578241604980903e-01	-1.112362345814478515e-02
-1.836587622385001728e+00	3.026353838447262690e-01	-8.466709558521093304e-02	-6.672049793103124182e-01	1.392360868298325061e+00	1.818145144335213237e+00	1.509669530473978671e+00	-1.837282459016672809e-01
-2.668855371757312359e-03	-3.893113014078545264e-01	-1.589464811482302453e+00	-1.577811025448800364e-01	-1.012103276175716493e+00	2.839315885109710891e+00	-1.328218568659451870e+00	-4.394189485428020014e-01
-1.238869952135823072e+00	7.983578398176981450e-01	6.366797751951821516e-01	-2.449325717206405073e-01	9.838606279052364290e-03	2.652377178376787548e+00	-2.140434163408891088e-01	2.470772777357082450e+00
9.623782726145603261e-01	-4.413932649005046782e-01	-8.634561623748546744e-01	-3.404001024617813731e-01	-1.811862917237182735e+00	2.065803810296606091e+00	-5.709436333274785919e-02	-5.416313389717882787e-01
-1.436661582610788468e+00	-9.810122427237592813e-02	3.768246718561648834e+00	9.855720405087614600e-02	2.676014767892002766e+00	-5.346296948323435716e-01	1.338253758153021278e-02	4.415468757576840320e-01
-1.236951183487380534e+00	5.375991884124741160e-01	2.387309122568352093e-01	-5.977289566946101251e-01	-4.047108628352933946e-01	2.933804570553085966e+00	1.105011152466639057e+00	1.401362595017389134e+00
-1.598717940084483979e+00	8.151393378139313306e-01	5.659078754613542372e-01	-2.053323595939929858e-01	3.031208136802208686e-01	2.174175674925471036e+00	2.559648147067283830e-01	2.589789606769723473e+00
-2.379682165490792034e+00	-1.419500222286303348e+00	-1.217156852088532859e-01	-1.852265934611656339e+00	-6.134224623212671812e-01	2.205399247124560702e+00	7.024642379570600337e-01	4.156802031462100699e-01
-1.235146537799281852e+00	1.007078690882024175e+00	3.072750202244796114e+00	1.760959604485520247e-01	2.853980549856627302e+00	-1.168884802508529663e+00	2.410278811849246583e-01	6.765726085359895225e-02
-6.629187329899276504e-01	1.285550012899370431e+00	3.198439788742793777e+00	-1.127433703679462246e-01	2.536200474449790132e+00	-1.556271715698696045e+00	1.259106019950032795e+00	1.590670506272902629e-01
3.602316673049251738e-01	-1.009550084708046302e+00	-1.142676884213721378e+00	-4.948935283770789645e-02	-1.265202263656351356e+00	2.796263845446177676e+00	-7.965969326977373477e-01	-7.221433221180439954e-01
-2.418188352928828611e+00	-7.134242389204030754e-01	-4.265766155963033879e-01	-9.355279026547724808e-01	-1.408032537444014742e-01	2.958285580564211426e+00	1.384077204938966466e+00	1.474940940262025046e-01
-4.256390952139506578e-01	7.950381834860376085e-01	3.706311501312498979e+00	-1.378022364049610871e-01	2.390985584785050300e+00	-1.556605879472033660e+00	9.013091758642274298e-01	-1.247656641706178238e-02
-2.435510883532964466e-01	-1.421491210952258832e+00	-5.624683399801400085e-01	-7.156697810952816763e-01	1.009974216548840786e+00	2.374980004828468605e+00	3.182613309219974873e-01	-1.964514155249722505e+00
-8.979552773481490613e-01	2.626989331336455069e-01	1.448695878354679056e+00	7.398327281549643697e-01	3.998931703381018998e+00	-1.123112481089684644e+00	7.330906589235960391e-01	-3.525151045671093275e-01
7.241973198215706509e-01	-6.918160555865341399e-01	-1.278038846285994179e+00	-7.180396960747128521e-01	-4.521715533469006232e-01	3.310558249802216579e+00	-8.016993132024782254e-01	-1.146326788353083659e-01
-1.070012427696104718e+00	6.001111985155117567e-01	-8.112688887785857172e-01	7.158210160495428465e-01	1.051623793897304315e+00	1.964560671402338698e+00	1.454466770314571944e-01	2.896050449045930453e+00
-8.882109721406317160e-01	-4.545895604574591853e-01	-3.902677628436520552e-01	-7.548462709507606228e-01	-1.923312013413180088e-01	3.452791149847954877e+00	9.555998407770635583e-02	2.636741364045500080e-01
-1.449789474473895057e+00	6.257409718968709456e-01	2.981302771205235569e+00	-5.198791416882630328e-03	2.904613140831321605e+00	-8.405445280258180274e-01	2.373865262582936231e-01	-2.738807034333762824e-01
-1.885488173213728302e+00	8.638658806555260528e-01	2.458680745320538819e+00	1.062809422580515584e+00	2.480667539881837858e+00	-9.518041971140615010e-01	-4.839512494276108079e-01	-6.272487627066356541e-01
7.613489531270342114e-01	-6.239230025150733772e-01	-1.349121459201881423e+00	-1.018244529943369114e+00	-3.874977411737321464e-01	3.397517004422200060e+00	-7.794550031597130557e-01	1.541821340514142880e-01
5.465007559654216918e-01	-8.015427509185810706e-01	-1.160653284292345822e+00	-7.282934320471748935e-01	7.865533412395772639e-02	3.111119066379147924e+00	-7.438105817189989422e-01	1.253776232539178803e-01
-1.681206475612387674e+00	1.063493198937090156e+00	3.142670761537599056e+00	9.658946471448393023e-01	2.455127927301156365e+00	-1.298055301545775198e+00	-5.320921313569690891e-01	-5.300437971504396995e-01
-1.786796088840135077e+00	5.655246841363514854e-01	3.574596760918514082e+00	-1.966677617928458688e-01	2.806709635907139955e+00	-7.732916103484300807e-01	-1.282287571664454673e-01	8.514649500603928278e-02
-1.275880204147172181e+00	1.219642235668680019e+00	2.816710294169566087e+00	1.730181421907423522e-01	3.245337660312718420e+00	-2.497080274789599819e-01	3.104473668601573921e-01	-3.997264811672675971e-02
1.324868179058842799e+00	-3.534791151912957119e-01	-7.823610299262981904e-01	-3.543791567255689667e-01	-1.808277450383457552e+00	2.058260135571855276e+00	-3.374166642522394288e-01	-5.463336311476975071e-01
-6.986709011592745489e-01	1.005129892755414422e+00	3.442847956111192431e+00	4.136620619560258949e-01	1.767693121641898957e+00	-1.945683190042344579e+00	5.334603413580859543e-01	-1.067625491889585998e+00
9.749083654489666406e-01	-6.729732515680496574e-01	-9.405141833459750300e-01	-4.769783670036765733e-01	4.069988468077084809e-02	3.315965061976734685e+00	-9.776849202306056030e-01	1.262507535699367578e-01
-1.328327092336754944e+00	8.782954280684494019e-01	2.782364099958269499e+00	-1.230946178230056254e-01	3.168697897912803096e+00	-7.953140185523592809e-01	1.731903586327616928e-01	-3.463129745594793474e-01
1.303177421189517293e+00	-7.088841182900722515e-01	-1.512559082850725989e-01	-1.218339897497053181e+00	-8.703502813534800264e-01	2.900079867739697725e+00	7.303313028405338247e-01	1.852103691322838641e-02
-7.108352269616851071e-01	9.568018948127362533e-01	1.032406212411393298e+00	5.404890393101438040e-01	-1.596284453995093333e+00	8.765921324050973684e-01	1.206494104222179953e-01	2.050049323585708461e+00
-1.171129590015697941e+00	1.268711810234349979e+00	3.149049182029946437e+00	-2.710601504129138695e-01	3.051833033806062634e+00	-8.202815837576210578e-01	-4.984192358212447688e-02	-2.985465611655360174e-01
-1.530603048052735726e+00	1.146554195306612733e-01	8.684019879700261013e-01	-2.470581263995300370e-01	5.283737957915650707e-01	2.425794642662689515e+00	9.708568486578306178e-03	2.530911051543089929e+00
-4.415472666586935380e-01	3.633229388494368384e-01	1.614526771981910080e+00	3.986572883380748444e-01	3.045492065558879968e+00	-1.775933623440579145e+00	1.407765938022877528e+00	5.925144604638600543e-02
5.401577682239762090e-01	4.843525178938853371e-01	-1.293468568861084522e+00	-1.529232792155008402e+00	2.187474802840814747e-01	2.750126742440096805e+00	-9.904562120913968926e-01	7.704454468208267459e-02
-1.068559924011197149e+00	1.390791520946806248e+00	7.351108326250421765e-02	-3.520238778217658071e-01	1.381276614508884781e-01	2.482061593235778130e+00	5.862606839746450360e-01	4.030646495947979302e-01
8.849450601302032426e-01	-5.195300230538398845e-01	-1.229199656155679943e+00	-8.215897635770140761e-01	-2.647511726192982584e-01	3.449067071246444183e+00	-7.567641700521051673e-01	1.865649846232662057e-01
2.808114304683133611e-01	-7.727935945463227929e-01	-1.337389023540610067e+00	2.391120592204907247e-01	-1.099431965498519403e+00	3.102851708937212294e+00	-1.169549360768354918e+00	-5.104653629963575856e-01
-4.235055014275983520e-01	6.636293303909787111e-01	2.764813580829482476e+00	-3.124733549459569049e-01	1.521731235258880988e+00	8.277820669311730661e-02	1.604556954332478691e+00	-6.768919481279807027e-01
-1.432609395687064691e+00	5.693261205832370608e-01	3.304970869103565079e+00	2.804139193507446115e-02	3.335350695907405960e+00	-8.022229331613081049e-01	2.465451462945232042e-01	-1.763280221404465165e-01
8.306751353823477180e-01	-8.828105276932639578e-01	-9.776844383782374859e-01	-9.061016012843625678e-01	-1.680911803823616490e-01	3.131556029397070340e+00	-4.105639627927727409e-01	-7.046875914283257103e-02
-1.237076713637260461e+00	-1.534005511876924244e+00	1.323159459485622635e+00	-1.308150813905949450e+00	9.761729847296705120e-01	1.664298892900270221e+00	3.630330347541859126e-01	-1.535338009914231083e+00
-6.075441473546836502e-01	-1.039073632959784943e+00	-1.649672855222471535e+00	-1.047707614203454707e+00	1.779603371784127808e-01	3.138048896348121453e+00	-1.314490644929444396e-01	-5.617124464481281637e-02
-8.595002200264776349e-01	9.506963211202206221e-01	7.210417728219005173e-01	1.105064077375507159e-01	-2.787178118172443098e-01	1.798886229721182728e+00	-1.983679273341561536e-02	2.593737724106992992e+00
-1.546474224932976149e+00	9.322329189076392630e-01	2.259735563271691561e+00	-9.916436121158536676e-02	3.290007389300042107e+00	-1.003212649296003400e+00	1.539710079667655218e-01	-5.127359076210794564e-01
-2.486530726220946286e-01	1.038573715712583168e+00	8.821781076094143970e-01	1.926082985552831084e-01	-5.146790228466978645e-01	1.458394562409715656e+00	8.163366140944198213e-01	2.682995078533864763e+00
1.173625683867196123e+00	-9.869494152438530454e-01	-6.587823022663673589e-01	-4.361238132569180692e-01	-3.023661049653795715e-02	3.440627647364976838e+00	-8.814747496472047361e-01	2.056333294494463448e-01
-6.110568984768885992e-01	-1.512084459404071879e+00	1.626923600253523894e+00	-1.323550002811592075e+00	3.677027580663634332e-01	7.404173409060281763e-01	1.760558756391231938e+00	-1.296001268336369305e+00
-2.828969296587411364e-01	-1.617234153599276469e+00	-3.727514241038771825e-01	-8.981804734571348092e-01	1.415329527435247536e+00	1.863549946509275301e+00	1.072408688449779657e+00	-1.351397030173374425e+00
-8.226865681452609491e-02	-1.045592716664721089e-01	-1.227461666686308295e+00	-8.252383678076492535e-01	4.135904263435039030e-01	2.731337761865104241e+00	7.299184244934977528e-01	-4.911336619166462025e-01
-1.092532881961602920e+00	-6.536437156766633505e-01	7.339853262858203609e-01	-8.819732839181009254e-01	-4.545707871819528734e-01	1.839043415932929415e+00	3.760428468533535962e-02	-2.361578199337806439e+00
-2.010075647299942592e+00	8.118050234069491555e-01	2.700472819065796060e+00	8.535643376614960864e-01	2.282124732136761036e+00	-1.355690876997202476e+00	-2.333247552457802521e-01	-4.453427709087913189e-01
-1.380110544373172710e+00	-4.572591842125675043e-01	5.893830243860065377e-02	5.426243642239887421e-01	-4.520338552800147736e-01	3.506461279576893464e+00	1.178656670419313324e+00	1.461470306364153204e+00
-1.929063012768557295e+00	-8.632779962427048481e-01	-5.717581645621263586e-01	-8.186130127326256556e-01	-1.137366997738336327e-01	2.960494342557594916e+00	1.388462847855366444e+00	6.254913601564678904e-01
-1.701447603505732653e+00	-2.730640008245077133e-01	-2.718337950941422387e-01	-1.968962472684214760e+00	3.126224481963583157e-01	2.231793186364023018e+00	-1.685353970799458034e-02	1.288176295338827049e-01
-6.787313862044523916e-01	5.083792156092878933e-01	3.595236909144879700e+00	-1.782326282881516732e-01	2.373072067626575965e+00	-1.267422297610793613e+00	1.335182874406763309e+00	-1.133097402463805192e-01
-2.135581348394623546e+00	1.511549041231627921e-01	-6.643788547523313825e-01	-1.564181096112702285e+00	-3.203256037878592366e-01	2.272478391218181404e+00	1.381364921214630614e+00	6.051661329211731610e-01
2.020968960602074205e-01	7.390012412352680027e-01	-2.273756429709372640e-01	6.031652348565106347e-01	9.846174597290716091e-02	1.164839385941747851e+00	8.881318796619327438e-01	2.646163321427181359e+00
-4.576839093031405681e-01	-3.739500472156321309e-01	2.785352391142940309e+00	1.927578684124979791e-01	5.618911132053667767e-01	8.729466695447165581e-01	1.951257447990164096e+00	-8.676791074206323673e-01
-4.336393589177337526e-01	-1.186604312282937501e+00	2.271968350380067836e+00	2.858282179748952156e-01	8.765800915765453727e-01	7.996583994859278732e-01	2.330946988690795862e+00	-9.908254989536812163e-01
-1.935151403931965275e+00	1.814843627310113172e+00	2.257649552271433269e+00	7.247108712004488584e-01	2.364160728064742312e+00	-1.127134653345090998e+00	-3.968800923761224841e-01	-5.768905303694770170e-01
-1.403424741352740313e+00	6.634153734435129790e-01	3.266817015796989576e+00	4.441150571343047138e-01	3.402035903589879506e+00	-7.746637587813353099e-01	1.040012080421497953e-01	-3.276116670115811202e-01
-1.427367369934193109e+00	9.979146622700599822e-01	2.803350017691721874e+00	1.880141553714507197e-01	2.795020629953941071e+00	-1.234756938948936345e+00	4.238109562860411517e-01	-2.572432609014909666e-01
-5.929300827450673106e-01	-6.732657339840861788e-01	-8.219786567647894282e-01	2.464560390431999592e-01	1.359600685001459919e+00	2.645028093625904742e+00	8.083230806628903808e-01	-4.397959187499541067e-01
-1.111399428529074251e+00	-1.867189929017700312e+00	-1.139314388979330017e+00	-8.201439290336501875e-01	5.748498502998464765e-01	1.818470025181006644e+00	5.464196481216559986e-01	-8.683431129481981037e-01
1.581467765632114109e+00	-7.667433976657697103e-01	-5.264195537909740485e-01	-1.105517883643210242e+00	-5.957846539230584604e-01	2.406598346764809104e+00	4.562824043564041032e-01	2.157754137016618667e-01
4.593537498695609012e-01	-5.409859881161078743e-01	-1.358338217834094586e+00	-2.353710481911303332e-01	-1.220006815986894644e+00	2.991795759132805710e+00	-1.358537646856938563e+00	-6.001417130824227009e-01
-1.637360827957341058e+00	7.401435457514294880e-01	8.351147914278572726e-02	-6.622979216134219360e-01	-1.164585882953764334e-01	2.787573281351010568e+00	8.444697592836167832e-01	1.727107061369844931e+00
1.306373330671794175e+00	-1.213407383691715857e+00	-5.008864243101949221e-01	-4.260462322829319803e-01	3.363956205300793756e-01	3.121828867626174731e+00	-8.325230909620209285e-01	4.505286371958544533e-01
3.700872893988366163e-01	-7.633238048508969031e-01	8.396448461240962891e-01	-1.811653360732723872e+00	-9.402803178792792371e-01	2.681199503307406307e+00	1.067666755334832018e+00	-4.413884739536717006e-01
-3.533996820696720387e-01	-2.665166295136582320e-01	-1.401051991213647825e-02	-1.438900446514325360e+00	-1.459200341576268656e+00	2.767887670685400536e+00	1.565561564226300995e+00	4.046841022015795764e-01
-1.635569692398004538e+00	7.604767949932714766e-01	2.559309904268405322e+00	1.087148551653219108e+00	2.464413269611961166e+00	-1.522985601061161764e+00	-2.475137879767990434e-01	-5.844364549972806966e-01
-1.266478422894516287e+00	-4.931624911434420722e-01	-7.547176390103601529e-01	6.269263291143184480e-02	2.113091621293920142e+00	2.032049801615537277e+00	1.728917040237768266e+00	-3.504985225995572162e-01
6.262941501152455848e-01	-7.669458979395760156e-01	-1.128546058456576073e+00	-7.178878605045926342e-01	-2.239911399877479170e-01	3.579687738876228487e+00	-9.162215538659300440e-02	-1.684168019969501939e-01
-1.375164548806385278e+00	-9.482013119845503768e-01	3.334432055338852341e-01	-1.078945686646846092e+00	-4.333255186444727181e-01	1.973324445042210051e+00	-1.874926278161490002e-03	-2.342114870532109538e+00
-1.373208496142126478e+00	-6.328192840226271043e-01	-3.681042746356849027e-01	-1.207107292042499447e+00	-1.336756544676993563e+00	3.566297170172125774e+00	8.273295713254368300e-01	1.056839033102718206e+00
-5.590933516956950733e-01	-1.577285307791896685e+00	-3.886522796265955426e-01	-7.514436720370785139e-01	1.403025163821864263e+00	1.052519052318638071e+00	7.919645454388342110e-01	-1.382915778957403807e+00
-1.209124828855605571e+00	6.420114893865480621e-01	6.417490584272083076e-01	-3.795941438315640348e-01	4.994741507008899628e-01	2.221856355501879321e+00	7.422772149024411958e-02	2.729461298909007461e+00
-1.057154525755654856e-01	-4.895437695349297846e-01	2.448674425753498696e+00	1.742817008265771239e-01	1.129024733936230707e+00	9.237441545096076734e-01	2.128076363803292015e+00	-5.024969034242077193e-01
-1.083946524993621097e+00	-6.932932334475307989e-01	3.087602147833573341e+00	6.470855205891676842e-01	2.521338799105916628e+00	7.542616961695857158e-01	1.037227473032467540e+00	-6.310861806602774404e-01
-1.955471681888324653e+00	9.439046188382013702e-02	1.683054758558971131e-01	-4.200780928714133444e-01	-5.685932573935442713e-02	2.283394472785874818e+00	7.171837609413994619e-01	2.175799468397835223e+00
-1.431598369452417030e+00	3.168002562629355090e-01	2.017178196315229100e-01	-1.255649729554978222e+00	-1.384214204795666536e-01	1.545196018695148998e+00	2.281584442383983724e+00	6.514710735344454717e-02
-1.408894606798985594e+00	1.222420188153040543e+00	3.007077575400566527e+00	2.367009551296994085e-01	2.911177198886583550e+00	-9.897307093169089853e-01	1.303631597215249294e-01	8.324771856172623330e-02
1.272603110472880328e+00	-3.700433664928918231e-01	-8.857675445771551193e-01	-9.371045709214984587e-01	3.114441567870442351e-01	3.367123051707252568e+00	-1.450775365136082629e+00	2.156148131113673205e-01
-1.180376865748676396e+00	8.728605316265769520e-01	2.710600837550573239e+00	3.817000709695824168e-01	3.525337393290188359e+00	-7.967635315930655659e-01	4.231270361752998976e-01	-8.782314705076911532e-02
-1.748525383708006808e+00	1.040539967339863425e+00	2.929681126006126846e+00	8.670667679711692166e-01	2.290929510155450544e+00	-1.301834898360374027e+00	-5.728537666894154556e-01	-4.744888740538908967e-01
-1.361125692545411603e+00	5.331473757857491114e-01	6.795296727812946136e-01	-5.744976761005051724e-01	7.668662832165511478e-01	2.348996587539772030e+00	-9.019662163722566225e-03	2.966745779060937060e+00
-2.331460117643039176e+00	-5.413654880378436784e-01	-4.032319458801555401e-01	-4.830112666244691377e-01	-3.761250307391958425e-01	2.368299174759628478e+00	1.584584729415923654e+00	6.173921279949428076e-01
-2.035760851949349082e+00	1.147641155426973203e+00	2.512712545311698520e+00	6.052692183571672935e-01	2.277803946191377271e+00	-9.376940538892970523e-01	-1.666974741124975790e-01	-1.031235293264863406e+00
1.402697621273001349e+00	-4.104471840978539121e-01	-7.618723397458806446e-01	-7.874994215562388655e-01	-5.433958404656867858e-01	3.322791778557907083e+00	-5.530282340360290760e-01	1.135545107876002463e-01
-5.432379480582825160e-01	7.518474007131584758e-01	3.100166042079113282e+00	-1.842692511683371170e-01	2.234116217410248684e+00	-1.096281974124982073e+00	1.373490202581371111e+00	-2.745605654148391972e-01
1.701350878241360665e+00	-5.415360222399117074e-01	-6.511255272425529039e-01	-6.330535132284772493e-01	-2.177592087454682246e-01	3.268848254387484165e+00	-6.670142295338140626e-01	1.903648884865845603e-01
1.803919665445741227e-01	5.565523790244335522e-01	3.536877740794935887e-01	1.129941027645112062e+00	-9.511661385692650184e-01	7.228216593797911482e-01	-6.578093572223473462e-01	1.986576060577818881e+00
-1.789858689465414932e+00	9.596291962319125624e-01	1.865970943680323735e-01	7.755703001953042630e-01	-7.416116050136833948e-01	1.513342013252681140e+00	-1.237491476125615608e-01	1.739450010206103014e+00
9.082174790997116220e-01	-6.455879127460001365e-01	-7.176826529516283637e-01	-9.277671749773852561e-01	-7.982771600284985780e-01	3.064535601023691935e+00	-3.685491546039572075e-01	4.796771175471642445e-02
-1.749729608978931594e+00	6.402162156857238440e-01	2.654774358289378355e+00	2.072480080792399870e-01	2.782432007190990486e+00	-1.080608729303185855e+00	7.015103037213229475e-01	-1.362671712547258371e-02
9.075198570107120277e-01	-9.024228191642743591e-01	-8.123400586138790347e-01	-1.074392460560033902e+00	-7.322966328598072838e-01	2.495368955249444909e+00	9.415543374368209317e-01	-4.385911482512901138e-02
-1.182880747378700637e+00	-5.750692109781749828e-01	2.361312399047292399e+00	1.313290947050534951e+00	1.178662158745055200e+00	7.178918804489176075e-01	8.176149884210870411e-01	-1.605185670615712379e+00
5.881455881435433408e-01	-1.014033386511028700e+00	-1.011526032920173401e+00	-7.167527830682671741e-01	-1.873788131677185317e-02	2.811682991743886806e+00	-7.500356274690170855e-01	3.811652697994966088e-02
-1.509224908337723159e+00	5.365002900381889844e-02	2.582445191880624158e+00	1.291345574471228774e+00	1.449890249391994068e+00	-7.585800397191723443e-02	4.810051078997128471e-01	-1.111830540619242802e+00
9.406738788941854112e-01	-3.662086749237848382e-01	-1.160784544470443436e+00	-1.230975503374163615e+00	-1.996982462238922340e-01	3.257153296318170188e+00	-7.843161106653162573e-01	-6.360574879940122939e-02
-1.615382105436034221e+00	6.896954958113665768e-01	2.785964458693784174e+00	-3.697345182883671894e-02	3.742152111890778343e+00	-9.382710726945032720e-01	1.443828175779903189e-01	9.431458767109966723e-02
5.925109281057424626e-01	-9.016700275149556187e-01	-9.999376869793404898e-01	-4.967879881195377267e-01	7.999167852986252547e-02	3.063408257791316647e+00	-8.394421888925374109e-01	-1.315341291950629932e-01
-1.246994557739910414e+00	6.997300898174991790e-01	2.873973340063300963e+00	1.654770855327856172e-01	3.612631280847939941e+00	-7.477022458699138507e-01	3.788440717068089492e-03	1.961388559878393112e-01
-2.143251497551984741e+00	-5.930091369339508534e-01	-1.979741866933139027e-01	-3.054004119689884278e-01	5.510324145231385584e-01	2.813899475659806360e+00	1.540928434045296003e+00	1.379946389530961048e-01
7.512637021930520520e-01	-9.772206738790855107e-01	-1.120228282487137683e+00	-7.231985233651161415e-01	-1.318116555655010624e-01	3.580065649878204415e+00	-5.764703033720173231e-01	2.767423103154360853e-02
-1.504549199050063013e+00	1.060052057669287784e+00	2.600560153989591505e+00	4.573341287738918459e-01	3.150829058535241867e+00	-8.857020006213268681e-01	3.783019554684284858e-01	1.783714699744829990e-01
-9.210275133603649245e-01	-6.242708859475770700e-01	-3.023926696041354112e-01	-1.784531796519751801e+00	-8.401220345932390865e-01	3.064040061122605074e+00	-2.852943512381506119e-01	-1.210831597892674943e-01
4.949282440223179425e-02	1.494371993705392865e-02	2.034440697219545680e+00	6.069024737068680064e-01	3.252769951374122392e+00	-1.307199797178867584e+00	1.580211418049186634e+00	-9.278747729888635332e-02
-1.301210183872107740e+00	1.198207036906791534e-01	3.453596560952962413e+00	3.891828240140404183e-01	3.209880524927840373e+00	-1.243987680179954758e+00	2.483519090126411200e-01	1.792867945872569369e-01
-1.419748702046498279e+00	-1.666544416850325727e-01	8.660848295146452713e-01	-6.941938536505757318e-01	-6.806890821040135764e-01	1.870217653259850676e+00	2.150780197451258591e+00	1.404033322639399728e+00
-5.484616197124284609e-01	-1.035871462660380438e+00	-1.658587959738780260e+00	-2.052756579671580484e-01	-1.103158123614828012e+00	2.628618485747390210e+00	-5.218114015294089691e-01	-4.817716983169909040e-01
-2.333144890108884706e+00	-5.523892861614081162e-02	-2.113694346015194403e-01	-8.588820906261187549e-01	-1.847656032204741949e-01	2.192162444364216700e+00	1.169917908130424733e+00	9.256555324459044831e-01
-8.151957603857161727e-01	-1.021360645806902667e+00	5.998818131394902942e-01	-1.802713803883897903e+00	3.279470023750850061e-01	1.931170989631860513e+00	8.080063329989842780e-01	-1.822240901700757698e+00
1.663817479326919369e+00	-3.805267465529222348e-01	-7.859267001454800505e-01	-1.349600911373146639e+00	-9.153070716008787633e-01	2.521972776164396635e+00	1.517907828179396734e-01	1.759948171301161657e-01
-1.006845066573031522e+00	-1.440617036555646768e+00	-1.377473969521487263e+00	-1.207874864678767590e+00	2.514580518734366166e-01	2.119811892462736047e+00	1.006159802485258714e+00	-2.614791814527644975e-01
-1.516984372373505197e-01	-1.744441788115927983e+00	2.383123328878889335e+00	-1.067924971186615224e+00	2.752115091931864321e-01	6.241564537071573326e-01	1.259552100656312401e+00	-1.469600501500665901e+00
1.512350457413709215e-01	6.450739594655586773e-01	-1.349546652849889838e+00	-5.376717464014023617e-01	-6.609377043971429444e-01	2.119100934480473875e+00	-1.474962906106233929e+00	-5.702690598262873944e-01
-9.994467931419498408e-01	-1.697035245026192463e-01	1.343759343582743293e+00	4.189358631508467989e-01	3.914434053071814912e+00	-1.392671124356491763e+00	-7.646936226108977941e-01	-7.340474548524575926e-01
-1.670785677756443655e-01	2.416509563751735867e-01	1.690329700923228984e+00	5.198056642245255099e-02	3.299875284472235215e+00	-1.306022421563323821e+00	1.628587410697967863e+00	-3.044587033602190740e-01
8.982833766869761094e-01	-7.154727239054301524e-01	-1.018712650972437350e+00	-8.685347369038678433e-01	5.744508063017739197e-02	3.262703503054552812e+00	-8.587223547782033561e-01	4.120689580005923447e-02
-6.415347023917470359e-01	3.506716064616480222e-01	-6.036800792479718458e-01	4.734997820367420895e-01	1.152272147464539653e+00	1.872792473998330376e+00	-1.725804257522599583e-01	2.993796715125176977e+00
9.162684757205264985e-01	-1.115978333776277642e+00	-1.062609104607625810e+00	-9.121559033635959768e-01	-3.534152995635886363e-01	3.258138702955168053e+00	-5.786772140287422816e-01	1.351678336328018259e-01
-1.876367475600752455e+00	-1.069520870150424963e-01	5.163361169235353154e-02	-3.490620769773546406e-01	4.563937633500284030e-01	1.411567854104220476e+00	3.696329385008070290e-01	1.790792870045847529e+00
-2.641802799371550936e-01	4.903447265622695728e-01	-2.151916897205043699e-01	-1.880118771311727333e+00	9.567655533887328700e-02	2.278608026020021882e+00	-7.541742646851443133e-02	-1.508229794587075734e+00
-1.479909838566346447e-01	-1.140637662792154616e+00	1.835508384948082217e+00	4.950056934609737280e-01	1.268771498519544849e+00	6.961887086636058264e-01	2.319095597708314305e+00	-7.872387051449610817e-01
-1.849950965544209236e+00	-1.058520865779437159e+00	-1.458882205879377669e-01	-1.139194473131340590e+00	2.665527868316520665e-01	2.235516165365504460e+00	5.251273132945819544e-01	1.180853520756510733e+00
-4.796404997572888129e-02	1.058617735762174217e+00	-3.481670785558561021e-01	5.441611975053970429e-01	2.976143730287154066e-01	1.285446848304767853e+00	1.291987690550841616e+00	2.478093763781890502e+00
-3.968338689062211322e-01	8.726644171343443945e-01	3.515729408067003625e+00	-4.186038584360999848e-01	2.254881794579057797e+00	-1.369076323356723135e+00	9.624391969307983796e-01	-2.429217503438188819e-01
-3.677162541431511777e-01	4.737035880398578480e-01	3.383366242142391567e+00	3.686800795306574563e-01	2.101399672992016576e+00	-7.252891864549694256e-01	1.742363670274052367e+00	-2.730840520243459912e-01
-2.697354129649208510e+00	-1.364095288839205500e+00	7.876199654477283874e-02	-2.369002839300633767e-01	-1.083544450114440227e+00	1.983247992238509116e+00	-1.671804474855884820e-02	1.562382297590265146e-01
-1.262437574670698615e+00	1.348991231867097129e+00	2.711558354103872581e+00	4.616311945503215330e-02	3.350790760118982359e+00	-8.726422111916529722e-01	-1.191824086035864483e-01	8.245600386935295067e-03
1.425135566806738918e+00	-4.541493223733635842e-01	-9.092272432774578528e-01	-2.297640870831060278e-01	-2.011147332220787565e+00	2.235041410162012632e+00	-3.760708380815465102e-01	-2.878678061622399476e-01
3.700416159143590233e-01	3.178246879933201985e-01	-5.791500405238927396e-01	-1.729631954027869956e+00	-4.760577555935276151e-02	2.485749897103595618e+00	-1.120673337695347049e+00	1.890380440460053824e-01
5.157796138877257519e-01	-1.307259795116313850e+00	2.245868923902659020e+00	-2.316061740729978002e-01	1.282797464921628272e+00	1.491616154004189010e+00	-4.283818276405892411e-01	-1.075118163883975297e+00
7.212387661074545209e-01	-1.230388973869021463e+00	-1.026821709339138966e+00	-5.093809324385796256e-01	-1.880529932756783151e-01	3.401580505931009135e+00	-7.319601368006908304e-01	5.996537624094880337e-02
-1.054802803828912117e+00	1.456921368726943777e+00	3.319652489814012064e+00	-4.595613227035169612e-01	3.190191572673422460e+00	-9.789778209701245348e-01	-3.587564340349723158e-01	-2.041650757739125743e-01
7.926701834750445874e-01	-8.427509458829354205e-01	-1.283790598387425819e+00	-1.280463846533655747e+00	5.280324911468137206e-02	3.576592087885013260e+00	-9.245563656557143073e-01	5.506786712002040840e-01
-3.215433897107282668e-01	-1.185114775304176860e+00	2.332414682810756368e+00	4.653066092742796367e-01	1.088333424588836529e+00	5.037563194042232739e-01	2.091060876468558760e+00	-1.011719314853438023e+00
-8.793240133277539089e-03	-4.462235872087935706e-01	-1.605038819230866665e+00	-3.446707481842032350e-01	-1.188946206106276993e+00	2.868432650954262808e+00	-9.341013322256603857e-01	-5.866295125660169196e-01
-1.272924655586986864e+00	5.792433022257158504e-01	3.766990338170086439e+00	-3.215431049811023345e-01	2.775017833750189844e+00	-1.011819410452914569e+00	8.626596848943254847e-02	4.203327193370938464e-02
-1.025721479765910660e+00	1.187277971694308931e+00	2.845425775220378650e+00	-2.185060653173474532e-01	3.555362367940833490e+00	-1.251044323006815562e+00	-2.897864798076801862e-01	-2.312674995150208468e-01
5.740757348326372966e-01	5.438577131326135516e-01	7.666468751939289339e-01	5.029303829520150870e-01	-7.008094678250733622e-01	8.718502871269862009e-01	-1.664040063983018847e-01	2.296555536508557704e+00
-1.506830429540077620e+00	3.866454082737354470e-01	-1.351247150630755234e-01	-1.734643231948209907e+00	2.681604023707648832e-01	2.271024498104344147e+00	9.850323680426684714e-01	-8.103969904880838904e-01
-1.442099387529145460e+00	6.710912062348590723e-01	4.881029325420859211e-01	9.657959362440051709e-01	-9.596259497792928306e-01	1.679071942385947924e+00	-7.670404655020016671e-01	2.543063876967136316e+00
-5.296055210445185235e-01	-1.089896904675596634e+00	-2.774541786942609223e-01	-1.468265492919960113e+00	-5.450159492638328995e-01	2.899714909938483132e+00	-9.030434523094216237e-02	3.349751702093923256e-01
2.718274585953063260e-01	6.051198800803918587e-01	4.136369493197361025e-01	1.186277720580882544e+00	-9.099869761772609866e-01	8.607895833565892829e-01	-8.523376238326471066e-01	2.092484218154170073e+00
-3.722049049888109251e-01	1.306279305345817487e+00	3.210238650655329096e+00	-3.997291104506313364e-03	2.331996748774488815e+00	-1.206425000588333019e+00	1.256038761164623097e+00	-6.380410909533662522e-02
1.120581300583044282e+00	-9.906649418477526670e-01	-8.641376402248125421e-01	-9.282526629680626362e-01	-1.328089362045200283e-01	3.169380747424737077e+00	-7.845075413960209687e-01	1.464566956994943492e-02
1.274760284858336590e+00	-8.423906602254592757e-01	-8.356989200769465720e-01	-5.363717625586181814e-01	-2.591573816115550488e-01	3.456905623065222866e+00	-5.973989019375050002e-01	-1.057958230516452096e-02
-1.312622662487607617e+00	-9.099769327909148497e-01	8.150321843956118695e-01	-6.994679859701579128e-01	-3.052972884064126258e-01	1.377813505984968989e+00	1.342479107325746379e-01	-2.206849445093820083e+00
-1.264023787955547373e+00	-1.728551366660375788e+00	1.603678671578375070e+00	-8.670852689892752929e-01	9.845738786295630263e-01	1.611011769228617885e+00	-6.130746701942745014e-02	-9.434937558390407153e-01
-7.597268848439380218e-01	1.728387052138363522e+00	3.423655004139133595e+00	9.487128488189342512e-01	1.769964320614435760e+00	-7.450814200262581011e-01	-1.008625148294971074e+00	-4.301217282199339964e-01
2.460479807567709232e-01	-1.649916112719409300e+00	7.621506074775342698e-01	-1.715641919052748876e-01	1.175078973321438180e+00	-2.159642617378443319e-01	1.193927918034676239e+00	-1.536444063932230986e+00
-1.004900193116779361e+00	-1.721858011632525276e+00	1.909728579887661759e+00	-8.481482325848747061e-01	1.516171949099659910e+00	1.230187195997870742e+00	5.751201104607120973e-01	-6.108803599846636123e-01
-1.598320924532935505e+00	-1.961385262394593765e-02	-4.268046578182612544e-02	3.547006114329107063e-02	-6.418764179147680160e-01	3.546348421767730574e+00	1.260716108932678159e+00	1.491840673810574280e+00
-1.768250840708468496e-01	-1.096549456380658372e+00	-1.393327024384381385e+00	-1.282861971913072108e-01	-8.469634920408171119e-01	2.751142547538335759e+00	-1.639135713735107913e+00	-5.203466708943355057e-01
-9.087496183212758760e-01	-9.736333020145782058e-01	1.767634642578816695e-01	-1.413950752162660640e+00	8.404529470891195508e-01	2.455349488793207691e+00	7.597549240689279726e-01	-1.247877579337944853e+00
-1.307482534825055387e+00	-1.011081706370266842e+00	1.558852323478337742e-01	-6.756609152492258907e-01	-8.925584492440638007e-01	2.102167156609834553e+00	-3.318304816673146029e-01	-1.490198585586913316e+00
7.053176117784022425e-01	-9.067760841622454215e-01	-1.265652383112341628e+00	-1.010298923231947699e+00	-3.575345995438861668e-01	3.393728661339907582e+00	-6.690871987693559619e-01	2.008684520082038572e-01
1.112536800880820298e+00	-8.539466958658565865e-01	-8.620357086398464652e-01	-6.147311861061219851e-01	2.510897563591890647e-02	3.500303493557930246e+00	-6.260420567916714640e-01	1.368842739940867581e-01
-1.184048700590460967e+00	1.121978417080410573e+00	8.354625023507108450e-01	5.598067112574756088e-01	-1.511945097280334549e+00	1.089724841102210684e+00	6.978599914276113481e-01	2.011994264181898640e+00
-2.045629967961285267e+00	-1.406612868236117864e-01	3.645729549374864265e-01	2.441250243439180290e-02	1.830930916718105927e-01	2.443518984074896760e+00	6.435412756273491963e-01	1.549883700177811185e+00
-1.463481223613147364e+00	-4.261031824831231218e-01	-2.414577280903162371e-01	-1.172668623619957939e-01	2.455702944856630876e-01	3.041153567034568628e+00	9.174423286706305802e-01	1.484197049906123667e+00
-2.019472063366280601e+00	7.828592927461793805e-01	2.484639645672388042e+00	7.077214851320390299e-01	2.220110787026047916e+00	-1.567665356972035351e+00	-2.132305341859871695e-01	-5.068745951869383370e-01
-1.017299740979169753e+00	-1.922059305631657722e+00	1.200249027745097674e+00	-7.744687833689665180e-01	1.841874611015166252e+00	8.865823362563445276e-01	4.915875699550112943e-01	-1.145298992064365917e+00
-1.670617921162611763e+00	8.597770131951094630e-01	2.417927234541280335e+00	1.014841098613609160e+00	2.388657926505520557e+00	-9.490952648512895884e-01	-2.406479090112156050e-01	-8.994811415250487663e-01
2.794930078239009630e-01	-4.664202947183139769e-01	-1.607558186065496608e+00	-1.082046717503766242e+00	-3.154885990468052070e-01	3.498996540823738233e+00	-7.175699272222796354e-01	-4.188770942557139970e-02
-8.966265954017389461e-01	1.977740943726405520e+00	2.415337128854478266e+00	-3.007572491446255936e-01	3.499151238582716594e+00	-9.240777271838255258e-01	-1.999053588938496870e-02	-4.030818141183993841e-01
4.888123893741095349e-01	-4.547581006077138777e-01	-1.392721841166276509e+00	-7.010433095967555372e-01	-8.584015182501712055e-03	3.713263731022221403e+00	-9.313640840013348576e-01	-4.246474634561150235e-02
-5.167807543261624392e-01	8.051391498736422125e-01	1.235054304633650624e+00	-6.452053027667431495e-02	-1.054241178067529816e+00	1.298602213335287248e+00	4.449049606026127535e-01	2.690540506130392640e+00
1.524051923817206777e+00	-5.820052100570825004e-01	-6.199432296908803375e-01	9.018517181672555671e-02	-1.807424148531107777e+00	2.116884077236386830e+00	-3.237599006495915921e-01	-4.196951353865721601e-01
4.505079692729435648e-01	-4.372273048784530713e-01	-1.264095831993643282e+00	-3.826553284324052395e-02	-1.135581646007203682e+00	2.975026656861709640e+00	-9.615139006107786823e-01	-7.274506450616877729e-01
-1.610639890322656198e+00	1.599761917865678562e+00	2.412254465196049136e+00	-4.690574852473289313e-01	3.352890701687304187e+00	-5.707138497463274396e-01	-6.616769177737190366e-02	-3.078861541090445186e-01
-1.212395907353953195e+00	1.165356063002542131e+00	2.728807535786751171e+00	-8.951061281078125098e-02	3.267838814249909962e+00	-5.989787821256697953e-01	6.628852503951628838e-01	2.278131632510146387e-01
1.954185174131827019e+00	-9.253348267675968186e-01	-6.190809450831475935e-01	-7.380675529191033091e-01	-1.184089670270847217e+00	2.340893763596538335e+00	-1.643042385716926568e-01	6.079034729345881294e-01
-1.091928680668864393e+00	-1.196990277580249451e+00	-4.195272792129230433e-01	-1.064331875851048270e+00	-7.627183127365703141e-01	3.417616315405040517e+00	1.634253345690911130e-01	3.384755437652062215e-01
-3.132336838331070128e-01	7.796505295134974478e-01	8.364173696044825412e-01	-4.757192111509583876e-01	-2.703919056175301261e-01	1.569996724280102951e+00	1.143690845360500585e+00	2.261336899637814923e+00
4.748635538895661368e-01	2.222885252325293770e+00	3.756953671556293006e+00	2.528937184774859293e-01	1.941581387702431716e+00	-1.113110643651427312e+00	2.954923448883735038e-01	3.598959641556373490e-01
-2.046099095267352119e+00	5.922757534208705765e-01	9.261374008291719528e-01	2.685676912072011979e-01	-1.067731595248568643e+00	1.530479709017782186e+00	-5.736179059635030386e-01	1.825787058372178251e+00
-1.909818317984491864e+00	1.035499882653535764e+00	2.685393031859596213e+00	3.530555612429203127e-01	2.027203558104226033e+00	-1.073147265727447230e+00	-2.757683530640548941e-01	-9.551580570345802323e-01
-7.525075874167418410e-01	1.036781397067570776e+00	3.446784895005940985e+00	6.804103601739464047e-01	1.241507527364231533e+00	-1.607748886589246418e+00	5.704990210666175399e-01	-6.603346470496648246e-01
-1.269418922893799095e+00	-1.482960855551850754e+00	2.141317650281823415e+00	8.330108945621703675e-01	1.144768984840463411e+00	4.392620866358070142e-01	-2.312773285326945316e-01	-1.677719434506826035e+00
1.055117218123689415e+00	-7.775900872317648149e-01	-7.181972195387092972e-01	-1.133293275221215701e+00	-5.970222762698721430e-01	2.616031039324108409e+00	1.049771332154890713e+00	1.427938841185673324e-02
-9.515437612776043164e-01	-1.704381659078149980e+00	5.373453938663840246e-01	-1.424817245405062716e+00	-9.619756652784157147e-01	1.968609126821604827e+00	1.681238831765627051e+00	9.835925868199734134e-01
-6.198393781663713575e-01	7.950063051547168191e-01	2.704868816600325854e+00	2.925350859476177345e-01	2.097331810191691126e+00	-9.621148896165745423e-01	1.563090264759074755e+00	-3.056287310438937088e-01
5.240493191309578691e-01	1.721100537203110070e+00	3.728212178509815899e+00	3.018072842324171501e-01	2.268101998798518260e+00	-8.566971838039734166e-01	6.172830167400985557e-01	4.492833089923260470e-01
-1.380946877446511456e+00	5.577105982196552958e-01	3.066402800494167469e+00	-4.297563451243304744e-01	3.255314213703567994e+00	-8.064227478647950642e-01	3.361355060301106645e-01	-7.044493222718349879e-01
-4.631530436442240495e-01	9.203258736064169332e-01	1.255203732622618418e+00	-6.715460646576765225e-02	-7.933666883048445806e-01	1.543880188233002437e+00	7.000092649609290785e-01	2.816952861405186859e+00
1.085268578285383700e+00	-1.119261744510878565e+00	-9.777360906861373158e-01	-7.956959955888539548e-01	-2.777444391493630316e-01	3.296084579159447525e+00	-5.027774459130478490e-01	3.138818854455868168e-01
-7.324391413346291735e-01	1.878519121211136289e-02	8.204997630999384395e-01	-2.004744023136870723e-01	1.677681021250994498e+00	2.121227410032708427e+00	1.567306979996596850e+00	-1.482428727007603975e+00
-1.287299814623901639e+00	-8.353334428305040360e-01	-1.303342777574037159e+00	-6.645860959417319025e-01	7.908565955455960639e-01	1.572414419991331247e+00	8.552008320820718712e-01	1.036279310633678730e+00
-6.895276839001153180e-01	-6.281454792875145188e-01	-2.950034524356711652e-01	-1.334129876392397440e+00	-4.522066843299419880e-01	3.537582633379661612e+00	-1.081461744648174461e-01	-3.447823360553151084e-01
-1.585075816952890015e+00	6.714891577731156858e-01	5.099916920311557966e-01	-3.605950747094759379e-01	7.431030936488456362e-01	2.253247644431162655e+00	-2.197735459465335606e-01	2.192868079006960791e+00
-5.065615037512753993e-01	-9.562518337488962183e-01	3.154265046500412950e-01	-1.951225992843817814e+00	-1.334902210038140691e+00	2.148386641013940501e+00	1.189160015910837531e+00	-1.467057036144622795e-01
-1.188035763306372949e+00	-1.084036053441952863e+00	2.420790718825379662e-01	-6.991076551450526866e-01	5.884724234158551504e-01	3.224548853305476026e+00	1.566613691149127074e+00	-5.317492748238810130e-01
-3.950691922922762167e-01	-9.732101581295560244e-01	-1.670787162627036970e+00	4.373354301637127906e-02	-1.142188985038763649e+00	2.651729340835331517e+00	-7.012846815396658329e-01	-2.418665493449626558e-01
-1.298388190859670388e+00	-1.077987407346225224e+00	-5.720054094210134943e-02	-9.514999363320875148e-01	-6.936202950468438322e-02	2.646528485279175058e+00	1.634133241465407949e+00	-5.050540076976118842e-01
-1.462271468224721316e+00	5.462813677225316633e-01	6.242759580608764347e-01	-1.656873927375902833e-01	3.378281763844389607e-01	2.155195682389204226e+00	-4.348349391566428968e-01	2.483461698959591235e+00
-1.538168527229345939e+00	5.002960168397982965e-01	-1.181102106497583737e+00	1.245400037890661338e+00	-2.055856167785310162e-01	1.172914637208091415e+00	1.417854887678872133e-01	1.887755846115811265e+00
-1.927649475928126188e+00	-4.679874310979136309e-01	-6.780138342581616406e-01	8.745824106474873183e-01	-9.685335262163288217e-01	2.420497124241303144e+00	1.414891222901319523e+00	1.901436751821174442e-01
-1.950325338449033552e+00	-9.982871141326271625e-02	9.116189719089730081e-01	-1.470027361578380709e-01	1.216416591854402318e-02	2.453306102389676724e+00	2.581556635452982862e-01	2.592552107671232786e+00
-1.187011706881239803e+00	2.976969615007754588e-01	3.056996998118002740e+00	1.953974920494031542e-01	3.141566122356961088e+00	-6.826037402480729099e-01	2.293870782513635909e-01	-3.191534298587480056e-01
-9.444236265746485115e-01	1.229457092085014303e+00	2.512624375223854400e+00	-2.198572782906480505e-01	3.733497450171541221e+00	-9.708635274382880764e-01	5.031587438061299045e-01	-4.171137727381564186e-01
-6.214034445253731054e-01	1.097213406779442346e+00	2.519274582088127712e+00	-2.467270354386816855e-01	1.835332172711605203e+00	-5.252029709854880712e-01	1.680465040879381977e+00	-8.179007215518183660e-01
-1.062240477162054608e+00	1.018329091724183622e+00	6.939500205364983465e-01	7.157233445618458312e-01	-1.443065540211899922e+00	1.028384683869738581e+00	6.634965323543319249e-01	2.053418182558184757e+00
-1.757529088675922946e+00	8.398500905585806198e-01	2.860674615690923073e+00	6.842489266592184372e-01	2.390704103941196479e+00	-1.442054193600214251e+00	-2.326755705802266150e-01	-9.555185128131611361e-01
-1.217160956915378511e+00	1.067352865362265035e+00	2.454038236425264863e+00	-2.464625240069866774e-01	3.391104224715008719e+00	-9.943854705914763059e-01	6.865627729280004976e-02	-5.616801704654104943e-02
-2.701696472407536520e-01	1.545749836346278272e+00	2.793876646120228013e+00	-6.379425205076318939e-01	1.934334193271581626e+00	-1.135585576114459538e+00	9.535094956942127276e-01	-6.367338763468912699e-01
-1.295308527733357140e+00	-1.709307285974181356e+00	1.542195238583238481e+00	-5.925013640379865887e-01	1.621817412417838389e+00	1.025190926031338989e+00	2.394726977008382052e-01	-8.572182758033143335e-01
-1.600505585782622031e+00	1.067257388979940602e+00	2.211686541134415318e+00	5.940385329498660827e-01	2.044451115123640417e+00	-1.103902193652372299e+00	3.389901790744515031e-01	-1.250391420185383629e+00
-4.685224394261779945e-01	9.475967458827425638e-01	3.232257225203964524e+00	-7.413523934498583712e-02	2.485511470331357220e+00	-1.217383996680953873e+00	1.368866407030651100e+00	-1.303821278043566789e-01
-8.539457438576707471e-01	-7.131600190651948834e-01	2.389804625414083117e-01	-4.785100486667638875e-01	2.854128574538665308e+00	9.247836093278466452e-02	1.131653471402064293e-01	-1.155445852278236485e+00
-2.254078579300623719e+00	-8.990305843376195094e-01	-3.881430589536108422e-01	-6.365987177384858642e-01	-1.852884315316846997e-01	2.872038256484569896e+00	1.647723771603383014e+00	1.249387168301440143e+00
1.092879220417727115e+00	-8.792022694700271090e-01	-8.541616664016858929e-01	-1.925481548188200109e-01	-1.928663816272856213e+00	1.875323800093722904e+00	-2.359013633705156487e-01	-2.628575058288465938e-01
9.469461358194360967e-01	-4.982515546730865719e-01	-1.200157449446829228e+00	-1.229556464881921940e+00	-1.573772890003505009e-01	3.296032556971647764e+00	-8.280080526334120394e-01	1.069476472679410789e-01
-1.458603038206786717e+00	3.684318926414058004e-01	2.864272697009819346e+00	7.058499627885355121e-01	3.696663180924611769e+00	-5.464774936695573349e-01	1.759202172122752705e-01	-2.085274306736441263e-01
-1.405459116494975902e+00	-1.761090670721789708e+00	1.945300604008619150e+00	9.762137490043987231e-02	-1.855823769445092419e-01	9.661857559482385227e-01	-2.234115745919271478e-01	-1.560399752362755743e+00
1.517648609491959011e+00	-8.178693245950420243e-01	-7.236099671397602240e-01	-1.086061394217449738e+00	-8.098959588086934724e-01	2.706390838056400128e+00	5.493727145555944436e-01	3.222695438443015092e-01
-1.557085507730792129e-01	9.656401650764869782e-01	1.850612928270303659e+00	4.384536649065192138e-01	3.266391766261573792e+00	-1.898863550636245900e+00	1.181491300168907799e+00	1.373323062106948655e-02
-9.610817092691446017e-01	-1.754743847165242954e-01	9.580072329827020727e-01	-3.216574097069274663e-01	-2.948893248650041529e-02	1.683269605331542129e+00	-1.133017558483958354e+00	2.889046241559647843e+00
4.754914241836861732e-01	1.438106791243865201e+00	4.206601327369310361e+00	3.231797701802137657e-01	1.889710395268894283e+00	-1.047137023349128615e+00	2.240313411099794927e-01	2.458137729474701438e-01
4.790388406088883499e-01	-1.083399228341374920e+00	-1.256808166596199650e+00	-8.205491245799692024e-01	-2.525029351277190415e-01	2.935070624204289658e+00	-5.378392638474460696e-01	2.266698907833959442e-01
-1.740518720685476195e+00	-6.743345769309051496e-01	8.563671565267816366e-02	3.353953229168122885e-01	-3.325811420313963263e-01	2.929299996475943413e+00	8.812631259263017380e-01	1.851302408177300851e+00
-4.198515242738325437e-01	-6.917986534763170825e-01	9.251324352161242048e-01	-1.490341553095620108e+00	-2.733513155936290739e-01	3.074097271572970413e+00	-3.808974307756573530e-01	-1.311308849648176400e+00
-1.122250125384306241e+00	-1.711704725005227745e+00	1.782428705590660023e+00	2.129122591948267029e-01	1.562446510978499348e-01	7.686256976362418891e-01	-3.245381086109678237e-01	-1.830478544525113271e+00
1.902919337674150446e-01	-1.190169507043379094e+00	-1.057742062676638506e+00	2.997614210127778067e-01	-9.114837965133717468e-01	2.836348408767352058e+00	-1.177498775766604222e+00	-6.684638326959342347e-01
-5.445607224985539174e-01	-2.158523937271502602e-01	1.201987338289208562e+00	6.222873190348638950e-01	-1.197393038493203887e+00	2.122005597915385788e+00	1.135707854400997752e+00	3.033074323103438719e+00
-1.836282642434047707e+00	5.846463728426790074e-02	3.012713753229245839e-02	-8.289102147557673994e-02	2.945760036390642767e-01	1.882968782545010100e+00	4.346460492187481650e-02	2.744079235400340711e+00
-1.399284683953660346e+00	9.785823417649157641e-01	2.879685766870008656e+00	-6.621036029683459445e-02	3.244648242892665735e+00	-6.210961857996936120e-01	4.757397191863230734e-01	-2.047962723597619283e-03
-2.827987044725449040e-01	3.732068329975974930e-01	3.102746860452936684e+00	2.486605449693997105e-01	2.108830616240755518e+00	-5.553835937513497134e-01	1.735505012975513628e+00	-2.801139634587881400e-01
-4.669142360681694526e-01	-1.007686975105994032e+00	9.651742658862620949e-01	-1.356528861214313375e+00	3.074864513295474944e-01	2.102615913603783415e+00	8.076086443165455542e-01	-1.804336603821828477e+00
-2.282083513390788521e-01	-1.157261845235478592e+00	2.423465987478548855e-01	-1.546605206529852117e+00	-6.656996189867286917e-01	3.220732897279272589e+00	1.329767206163463278e-01	-7.411037494186985264e-02
-9.965905016910954206e-01	-6.109926859997599768e-02	6.428065436712190328e-01	-5.613864717456352738e-01	9.881949137036308284e-02	2.657450554350090588e+00	1.887979247806588878e+00	-4.620675529732784503e-01
1.070231776392433609e+00	-5.950368907945722263e-01	-8.382944970379561100e-01	-5.521756347535855536e-01	-1.915545148104228768e-01	3.159130556959157676e+00	-9.907760289806247789e-01	-3.015067429107531338e-01
-7.408432185509157275e-01	-6.814226992848251285e-01	5.434241176268261864e-01	-8.952055310167933433e-01	2.949245824471535271e-01	2.622364785632517403e+00	9.129927123406846867e-01	-2.054276175651573944e+00
7.310721226950557261e-01	-6.319143251227878899e-01	-1.298230195543739862e+00	-1.024274507582361160e+00	-4.826012733965239221e-01	3.164801531763596909e+00	-3.820160115689883451e-01	6.555365653028390194e-02
-1.134643407907588220e+00	-5.443535427640948665e-01	7.743311850843853650e-02	-1.597207322224841741e+00	2.901379441801000270e-01	2.677383996730495763e+00	4.575286906990755353e-01	-1.554073855929748227e+00
8.038213609296401829e-01	-1.535955156784434283e+00	-7.716024222465718285e-01	-4.317268278803257919e-01	-1.248350408480916746e-01	3.524089334871592261e+00	-6.494968885835460393e-01	-2.086537586020893453e-01
-2.405112437003064318e+00	-6.730337433021646998e-01	-4.497412112334439604e-01	7.054335365804207392e-01	-1.026335554078443790e+00	2.526523189557806859e+00	7.356152800319288865e-01	5.736316854631211548e-01
-9.975777932653832059e-01	-1.703032481225466022e+00	2.091868197661162387e+00	-9.209065315427632514e-01	9.532913533415201535e-01	1.014869975531946356e+00	3.656431981533891928e-01	-1.070234063871783547e+00
-1.404487651526883596e+00	-1.498561329870991443e+00	8.125517313639918360e-01	-1.422294406028664415e+00	1.216450609291185314e+00	2.293721495596803717e+00	5.116624225659106573e-01	-1.539023346473540110e+00
-2.622364449237867046e+00	-8.900968217097972035e-01	-4.700422337675818629e-01	-6.628871389972137429e-01	1.908161494826395854e-01	2.217845111578956363e+00	1.808146230168003576e+00	6.995743257473949761e-01
-3.789504696323548610e-02	-1.340340149337543529e+00	8.764361332082259981e-01	-1.564498849539945002e+00	-1.597419372113472180e+00	1.994815060103865889e+00	6.003644151940579210e-01	1.970568170514007122e-01
-1.753008061457092870e+00	1.003702042244569714e+00	2.725345282545519332e+00	1.219503410080895911e+00	2.543282636277408582e+00	-1.258236463398519245e+00	1.543173189553427027e-01	-5.481915663817829021e-01
1.753361256426063886e+00	-1.159559919964858965e+00	-4.231523092182348789e-01	-1.021560943687028322e+00	-8.574189346192950811e-01	3.018379811014139324e+00	5.031738901028927069e-01	8.645907740848822465e-02
-7.508351257960624858e-01	8.256619920604859608e-01	3.320159633063173299e+00	9.302331913408679043e-01	1.437593879396804830e+00	-1.938939681021941031e+00	4.110447603999780597e-01	-2.789037433574138025e-01
-2.409258314734425421e-01	-7.506276306277415156e-01	-1.267124188463216505e+00	-2.014067376245070873e-01	1.295374413846354378e-01	2.947531575706374252e+00	5.700664425140951064e-01	3.417237893788357961e-02
8.347260744777437180e-01	-6.360370512948066990e-01	-1.285615332181696768e+00	-7.307028748723277678e-01	-4.151781678825564592e-01	3.510298063246445999e+00	-6.032533958444404876e-01	5.904951008721624761e-02
-1.411273635762152256e+00	2.977660060021544153e-01	2.706641791736545954e+00	1.201785808871098649e-01	3.095502281475422723e+00	-1.279445798901462927e+00	6.153698021444309330e-01	-2.792135528755148033e-01
-1.411338824469186459e+00	-4.263902510104458643e-01	2.644031386790642646e+00	-9.402431173917662477e-01	3.394883651781451128e+00	-1.093257546348045839e+00	-1.274728066686309780e-01	8.487404706669131327e-02
3.280354017825984903e-01	-1.271794024800402489e+00	-1.057775148792412301e+00	-1.062478056343545196e+00	1.795585422127460029e-01	3.088621834198753469e+00	-1.223238639613206447e+00	-5.098310143449760745e-02
-1.835839948361414287e+00	-5.911253540887532187e-01	2.137669545938138960e-01	-5.092254593964694598e-01	5.208477698164860614e-01	2.424539950771722463e+00	1.209327757568082751e+00	-1.672999761976577127e-01
-1.169333138281597240e+00	1.012826874460057258e+00	3.705695193317103620e+00	-6.595235033295339111e-01	2.354288304875601590e+00	-6.093801410290675680e-01	2.377744950303763705e-01	-2.467547253385513617e-01
-1.243542680381056753e+00	9.466930752735590593e-01	2.813881023816477533e+00	-1.754343926108885565e-01	2.995816540659460347e+00	-9.767034932514588874e-01	3.626257385670205169e-01	-8.424674005443930636e-01
-1.558901878793411910e+00	7.980202715569705285e-01	2.543824105643274436e+00	1.201183694319413631e+00	2.445771587850966267e+00	-1.300821508831649487e+00	-1.309409027238728485e-01	-5.759342379738887630e-01
1.955983049601001111e-01	1.761332030097034762e-01	-1.370955886626709086e+00	-1.448505812917507019e+00	5.746864142092729111e-01	2.521523252163606177e+00	-9.365017414383485228e-01	4.383345672881644450e-01
-1.073428930018472727e+00	-1.069175467965540083e+00	2.550933987380038293e+00	1.388148634490520839e-01	2.101896910558787024e+00	1.594431690381601818e+00	7.702827719015190588e-01	-1.074845795486428779e+00
9.581315189253153397e-01	-8.664797610945045303e-01	-9.606117983805061433e-01	-8.052892532646518386e-01	-2.277615247479680693e-01	3.303850112791396398e+00	-5.448991193756683726e-01	4.260461931889437948e-02
5.408757932385757083e-01	3.905644608460949740e-01	-1.332309404161255761e+00	-1.709505535027810108e+00	3.832962906922815494e-01	2.675657437647595227e+00	-8.042760381120118707e-01	3.670074849178048271e-01
-1.336399757130590560e+00	7.375897070520009979e-01	-1.684278639096983943e+00	-7.513829113777086011e-02	3.311656321088123911e-01	2.142789768103162018e+00	9.469968356680777966e-01	7.538449251945910090e-01
1.914138842350048719e+00	-1.124565874385880848e+00	-3.446904399098220106e-01	-7.140670778760487281e-01	-8.960324408825930398e-01	2.530265052272941517e+00	1.770179184688950580e-01	2.103494674237520456e-01
-4.281798414063519576e-01	-2.168029128824338514e+00	3.998170785582765840e-01	-5.023184788388170008e-02	2.234804896621144454e+00	6.969349811058871413e-01	6.512863452327031233e-01	-1.378291050099206494e+00
-1.355928943778135887e+00	1.235689322757285824e+00	2.539236364555263137e+00	-4.146026148511953308e-02	3.717870346662668801e+00	-7.252372295693912951e-01	1.643243107420982174e-01	-1.480923338342239881e-01
-1.894333877650854481e+00	5.011734198639723470e-01	3.289972019931636016e+00	4.464070563994210206e-02	2.923358951599180688e+00	-1.144236603182339884e+00	7.400774348386235379e-02	-9.655590131256197584e-02
-5.275213354638090824e-01	5.854065055709855026e-01	3.561506541809454252e+00	-7.184022088868044498e-02	2.358391469084709424e+00	-1.389543607902549605e+00	1.003362372891258625e+00	2.373799588231947366e-01
-1.667512348254596599e+00	9.298139438083666830e-01	2.548144733140932594e+00	8.555813707940207458e-01	2.597025189064350315e+00	-1.042811500287148530e+00	-5.197931144687427674e-01	-9.800281280853413435e-01
-1.817615636348040020e+00	2.354501356117911226e-01	8.559204258663090092e-01	-3.292457873206733887e-01	-1.882252987689870594e+00	1.956856401503457299e+00	1.767210265057344909e+00	4.609458874454770705e-02
-1.163539314782246814e+00	-1.792170455245193139e+00	1.590405343527014903e+00	-6.642353861619477717e-01	1.191889919510752405e+00	8.832619589014372163e-01	6.825308226910234422e-02	-1.305618546590611828e+00
1.499239946963839110e+00	-1.027390424011846992e+00	-5.045961850361098122e-01	-7.078829916355973140e-01	-1.096725410480182683e+00	2.433882587015362198e+00	3.045427646414138323e-01	-2.396673402476637571e-01
-1.069918333497243523e+00	1.178963118634961837e+00	3.178805959697456274e+00	1.723991392650564003e-01	3.169201271433353728e+00	-8.231497560617972997e-01	2.420714784614526327e-01	-1.725260449157288156e-01
-3.324136128716521921e-02	6.555423188546877222e-01	-7.609598196488769339e-01	-1.799514260946540323e-01	2.853394489285455693e-01	1.771894925098153495e+00	1.803338374010133860e+00	9.252539694670776083e-01
1.554869515952829850e+00	-7.648048289293852831e-01	-5.784271393803790406e-01	-8.818885995543416234e-01	-7.253562490759941639e-01	2.617509077158855391e+00	5.705964237814353801e-01	8.510617807031518878e-02
-1.542399310694042791e+00	3.530962652524560763e-04	-2.199152082680610742e-01	-3.348987152494068420e-01	3.720133438881313981e-01	2.970511630874032694e+00	1.161762064635165181e+00	6.645755740498334729e-01
-9.979251867608710524e-01	1.243271575928711847e+00	2.789654616922621955e+00	-8.147688966729442483e-02	3.404595662306206361e+00	-6.584246619086392416e-01	1.926693755036998634e-01	-5.060820624493053005e-02
2.835027202694746506e-01	6.615159224780068348e-01	-1.253580983507440960e+00	-7.750682582506722706e-01	-7.359239450322714315e-01	2.184910448711455011e+00	-1.318726019444142583e+00	-8.686236604942537687e-01
-1.646724320948760312e+00	-1.834211758949244597e+00	1.655105367614770007e+00	-5.191512714652173344e-01	1.419422889540324917e+00	9.065169012481197885e-01	4.158326396337481690e-01	-1.203986374931362402e+00
-6.002789752737341944e-01	6.137667569053997241e-01	1.649432792105584689e+00	5.745687116612399059e-01	4.267840717838520703e+00	-1.011418850065452846e+00	5.020889913861551479e-01	-1.901621383099217077e-01
-7.471366729259092399e-01	-1.213101128136276907e+00	1.825903702757123437e+00	-4.771992203769619412e-01	1.887305257513473666e+00	1.126732028684618969e+00	4.665057675097873391e-01	-1.287921495557948104e+00
-2.581910414315058411e+00	-9.015789032369428968e-01	-3.041880206577482482e-01	4.707258378971139190e-01	-1.130854082700359475e+00	2.261294971463745362e+00	8.866990232432072627e-01	5.675518124563794231e-01
-1.083499685261978929e+00	-9.157681577759424485e-01	2.428621902071691707e+00	2.724744996084027537e-01	2.068326567103095925e+00	9.373049533419586243e-01	1.185643665473308461e+00	-1.068572341976919304e+00
-1.203584841143330308e+00	1.177355738372467320e+00	2.608690430823919826e+00	3.769713508267025781e-01	3.300317880271810722e+00	-8.754279425080955246e-01	2.784736933788608537e-01	-1.354984580515605497e-01
5.570146573828382852e-02	-1.194596604651133820e+00	3.889092125398065369e-01	-1.678685047795152041e+00	-1.515037108782203656e+00	2.243621692942550538e+00	7.305061067586510193e-01	3.870666486553872021e-01
-1.507316919273816946e+00	8.501626553064598468e-01	-2.185261903722885979e-01	-9.718764344916456244e-01	-7.188189824002072514e-02	2.700584397183942720e+00	1.162325370317144779e+00	1.352587693596145169e+00
-1.367723060159945048e+00	6.789740828704444731e-01	6.471003888308979324e-01	1.861088294659068998e-02	-6.769965574905106344e-03	2.086550508045655672e+00	-1.274831991118598740e-01	2.749606759031411052e+00
-1.566895647845189643e+00	-7.345567066113687371e-01	-1.314314966845100630e+00	7.464404686075554185e-01	-8.263947600024817985e-01	1.528619468137661475e+00	2.401203094993208165e+00	9.738928044998028388e-02
-1.433774885991351056e+00	-6.497220072645849553e-01	1.913253029147099049e+00	1.494388010156126434e+00	1.281317787728096347e+00	8.602218255082720866e-01	9.031122577198331669e-01	-1.454852318627273045e+00
-1.718076760372897471e-01	-1.115499752828740254e+00	-1.485701205190064877e+00	-1.034680691086511395e+00	1.578189360593905133e-01	2.859892921649674680e+00	-3.221796059504821175e-01	-2.609634400875137650e-01
2.321265393344996708e-01	-1.014621595559554335e+00	-1.398877425658130003e+00	-9.650367985772655421e-01	-4.515348995032662793e-02	3.173715284035734996e+00	-7.886398478207037321e-01	2.335100455935267272e-01
-7.453518465188881947e-01	3.826413111677298695e-01	1.597775557930438683e+00	4.544016040995812467e-01	4.197608059210330644e+00	-1.027223997512077602e+00	8.558493189377444077e-01	-2.862034553204545820e-03
-1.471960593822959851e+00	1.014314277196898040e+00	2.005050378521689769e+00	-3.229593421495944305e-01	3.737445932154179751e+00	-5.782715059501233323e-01	1.756505743165039102e-02	-2.452201364241798909e-01
-7.000418727872440572e-01	-9.750761780691897807e-01	5.519722741206328775e-01	-1.041024647238886658e+00	-1.283058838325146445e+00	1.251019480045122201e+00	1.007625510635782096e+00	-1.797235266182327873e+00
-1.646779493795188731e+00	9.205152424538461942e-01	3.072592893759697574e+00	-3.207669199590061073e-04	3.067285718888820067e+00	-6.895779105617086957e-01	-3.641522253810029058e-02	9.367486618477631477e-02
3.405976283515343983e-02	-8.490510678188093463e-01	6.406189190991874449e-01	-1.672520302953809823e+00	-1.332133848654709185e+00	2.379877942451308126e+00	8.767622642259587096e-01	-3.839729197934003274e-02
-7.081755224178994945e-01	-2.318214245662126027e-01	2.482952267842208460e+00	9.310836332927918679e-01	2.704254610308840068e+00	7.076821331455223074e-01	1.035479010942177647e+00	-5.859557834073964022e-01
-2.208623788274914901e+00	-9.272266131106190468e-01	-1.721412443171161932e+00	7.328180862037869669e-01	-2.635028143207950313e-01	1.845159971657766240e+00	1.116594301417962010e+00	2.057149086599295296e-01
-1.387752112611630118e+00	1.092002461631058630e+00	2.483613138153028199e+00	6.116392554086638733e-02	3.213563706477230664e+00	-8.557762087030115206e-01	2.337735922847961889e-01	-3.906748010471273735e-01
-1.223110480516434562e+00	8.164856956973133295e-01	3.237916315152105096e+00	-9.419153534031557418e-02	3.365594020667921793e+00	-1.021990069015072944e+00	1.697186925429994275e-02	1.522864745518090479e-01
9.344622273278814228e-01	-5.790093266478749667e-01	-1.069740654781065725e+00	-8.974397034653908145e-01	-5.888105065974388319e-01	3.301358931905345351e+00	-6.178420449702313189e-01	-2.381433817157751487e-01
3.444753443932879744e-01	-7.059979955254208628e-01	-1.229015933527583426e+00	1.191928535747294182e-01	-9.752935930220315575e-01	2.937622814517206304e+00	-1.368455241218244245e+00	-6.081299271606098733e-01
-1.646066214786117365e+00	-6.042857356132973479e-01	-2.679075531336472249e-01	-2.141575480557631028e+00	5.472189114266376997e-01	1.459960587472842963e+00	4.694754827271200304e-01	-7.237749548458561888e-01
1.372566011248171680e+00	-6.225729517292972748e-01	-9.527286498170601803e-01	-1.064565488052975128e+00	-3.799928019549397296e-01	3.306912537488084336e+00	-5.310202290595403829e-01	2.320896191354396842e-01
3.846519631049452048e-01	-1.675057754019417589e+00	5.426085737739652082e-01	-3.415677989628461142e-01	8.469110560740202853e-01	1.092798050756299544e+00	1.818030295218458159e+00	-1.819365834616998079e+00
-1.549320388448534702e+00	8.773749322435793196e-01	3.860051775030793886e-01	8.933598606392063601e-01	-8.568901428030916145e-01	1.647529465922115799e+00	-6.457534921673507844e-01	2.260174529227495732e+00
8.130043729913939421e-01	-8.570244128756588919e-01	-1.142257741173069219e+00	-6.387264518387395507e-01	-3.256559178623236739e-01	3.240847318482187323e+00	-9.020116794938048965e-01	1.028053249275659442e-02
-1.956101117570569814e+00	-9.648286032293498238e-01	-1.432383054313255188e+00	-3.337139052756488700e-01	8.987470321413755237e-01	1.947931376857211072e+00	1.915485258127493484e+00	2.853731020263580720e-01
-1.153202500794488161e+00	1.106601309338124839e+00	3.087092675546396769e+00	5.839474023931992552e-02	3.128384252207313754e+00	-4.750255936902803566e-01	4.421896717189695014e-01	-5.415339875001780046e-01
-7.828586791462394112e-01	6.105120203316752869e-01	1.364878378256821012e+00	4.883661205200898192e-01	4.084930652332957379e+00	-1.093349851784298998e+00	4.323853329095612708e-01	-7.044536907210504316e-03
-8.846248868964580181e-01	-1.548235652496365633e+00	2.011016958263657006e+00	1.146434975555757352e-01	9.990871758097544242e-02	5.397959560733985862e-01	-2.616683792979893619e-01	-1.876886647079658577e+00
-1.005281506437178507e+00	1.221808517451630438e+00	1.285854189303240025e+00	1.406300118952441114e+00	2.963637690752511489e+00	-1.819349319599362858e+00	5.309556773603613111e-02	-5.430050849845833305e-01
1.588239710477199473e+00	-9.277121532735814746e-01	-6.638448916470606198e-01	-8.003081910842659852e-01	-9.439142553723113283e-01	3.028625890204322157e+00	6.402202589306368319e-01	1.060183124323514497e-01
-1.325381866825650290e+00	-6.663373644431941356e-01	1.295642275253797493e+00	-1.288661591067420398e+00	1.788543111518033690e+00	1.844223078569325325e-01	1.295666250155347587e-01	-1.237828758996894152e+00
-7.049868546282825887e-01	1.101580430766258889e+00	3.232919136460349119e+00	3.086684959124347261e-01	1.968259909612313230e+00	-1.103480997011041964e+00	1.331334937666905471e+00	-2.229399031845362700e-01
6.789987739223700691e-01	-7.049621604644940032e-01	-1.122750811313396824e+00	-7.822853912688335631e-01	-6.941197524136058505e-02	3.543501050882977843e+00	-2.467301888035983437e-01	-9.032973731955062924e-02
-1.667398932804193545e-01	1.153610796119554527e+00	1.114197086405828152e+00	-6.154502474292226216e-03	-5.115335231670233851e-01	1.663909634176905072e+00	8.009814102870523866e-01	2.706053499604213819e+00
1.053611233571504879e+00	-9.889344178316910039e-01	-8.706513921778641363e-01	-6.581749170000247284e-01	-2.547854794838415593e-01	3.188973237462207511e+00	-6.787028213127478393e-01	1.310273503907840031e-01
-1.040943510188324872e+00	1.198789228518925665e+00	2.861474951303627723e+00	3.401171004676077358e-01	1.388870651005415180e+00	-1.862385974909390951e+00	8.079219714366114857e-01	-6.039271001579874509e-01
-1.281324880206965888e+00	1.461865032186857150e+00	2.952138232724724531e+00	-1.998189571208813520e-01	3.090408098091613542e+00	-1.152060313431041649e+00	-2.152287260797461910e-01	-2.794929126310616296e-01
-6.057221075723016879e-02	1.987362412675808043e+00	3.546680924541955271e+00	1.750282557628232150e-01	2.634975141992597969e+00	-5.160314919338541140e-01	-3.326492653584188774e-01	3.370797539868920500e-01
4.652872903955007633e-02	9.123709043200316504e-01	8.579083183476208241e-01	1.801643606817440735e-01	-4.940430411616074102e-01	1.524422573652937540e+00	5.748784466612367750e-01	2.910393504543781429e+00
-1.943185781511734600e+00	-1.745506049034287077e+00	-2.270517499444025533e-01	-1.639920791829881486e+00	-1.454668560555101298e-01	2.307626689447831225e+00	8.581978742911459124e-01	-2.205621444855356272e-01
-1.427035309937890295e+00	9.971547168229042413e-01	2.807985716807054555e+00	1.216253963551325867e-01	3.280235987262413389e+00	-1.117647874634847049e+00	-1.378699928050217821e-02	-2.925684561816959128e-01
-1.080102530968310992e+00	-3.497796339462544979e-01	2.384235737790987575e-01	-8.307212549673823609e-01	-2.502225516320982779e-01	1.796971485235022703e+00	3.381456203435089236e-01	-2.411660368453211412e+00
-1.500754974994757296e+00	1.122107361006505322e+00	2.896843086234388576e+00	-8.643229444294228681e-02	2.804401046459310098e+00	-8.405645050167066534e-01	3.544967128943637968e-01	2.930573055271196159e-01
-5.343920729527423807e-01	6.016628379609181287e-01	-5.797110018403767162e-01	6.709327890260670113e-01	1.107606942818647688e+00	1.803851025145984499e+00	-1.885434974347476589e-01	2.569848519801380959e+00
-5.432919641461423366e-01	-1.609748443206153734e-01	3.953012187121472287e+00	3.663304680301445182e-01	2.236592170128996138e+00	-9.199159638399053707e-01	1.456170249404146411e+00	1.133876520339345689e-01
5.577423082549718414e-01	-8.924827166398046074e-01	-1.111071619721492487e+00	-1.010349354159677970e+00	2.050731803196909619e-01	3.186124025757058664e+00	-6.301559236081991644e-01	1.175560872966277121e-01
1.668796754578869113e+00	-5.055345402723093740e-01	-7.080027579983048103e-01	-1.041696274517507792e+00	1.510073359069289689e-01	3.509091522617041825e+00	-8.449422085829524365e-01	3.857542714473715662e-01
-3.751624212950919746e-01	1.297015783519214649e+00	1.125851470683602473e+00	8.212489164257083529e-02	-5.609542362327689657e-01	1.660073557946680989e+00	1.006021246390119472e+00	2.478795308166640954e+00
-2.048312558251184079e+00	1.066036052238273468e+00	2.546181527640144271e+00	8.724096363767510631e-01	2.330999651302373188e+00	-1.295643715428771880e+00	-8.355370494032160478e-02	-5.263570718663963532e-01
5.652810021145546759e-01	-7.189308622430157225e-01	-1.351976676137922606e+00	-1.201633300030753748e+00	-2.277663336153978590e-01	3.080265803712371131e+00	-3.804146996029825201e-01	2.278938369393284091e-01
1.664033150703308817e+00	-5.403804146902627670e-01	-5.085395118391227154e-01	5.763630603325045620e-02	-1.770713784139034130e+00	1.953986917874033225e+00	-5.064585996697179571e-01	-3.681523521087539108e-01
-1.989954428483544202e+00	-6.490184978610040734e-01	1.172727657624160313e+00	-6.757105616531452474e-01	6.116893530775355803e-01	-2.408487161067704094e-02	-4.810704505331331315e-01	-1.342789822939665090e+00
-1.025055088907948608e+00	-9.234580471023375037e-02	1.345579662740131965e+00	5.759756306437169293e-01	-2.371283425159345537e+00	2.341127077849898708e+00	1.016595526739362709e+00	1.293924202514111998e+00
-8.136037724523000891e-01	6.640228368819449667e-01	-7.396223620497156537e-01	1.471564624469155147e+00	-3.911270181117889044e-01	1.084599099116723364e+00	-2.655673302161098426e-01	2.282763261550805112e+00
-1.557309328438222895e+00	6.086424801228681458e-01	3.015195855677683667e+00	7.959966500939772427e-01	2.932359558647798181e+00	-8.381178885259474853e-01	4.661007365154548054e-01	1.682586508635385836e-01
-1.589260644080872753e+00	8.941949557756917466e-01	2.898665344563061463e+00	-2.210071646242808274e-01	3.741557811097240283e+00	-1.227802653142059830e+00	-1.433054638569770112e-01	8.123652312186548097e-02
-1.594411822223876340e+00	6.971328639459474230e-01	5.860642323561189304e-01	1.007948302464976686e+00	2.996128151693070230e+00	-1.374774769983119205e+00	1.513506894835331684e-01	-1.059708695785769983e+00
-8.448984268670031161e-01	-1.246853731987029201e+00	-1.710884168099903846e+00	-7.902953572201634191e-01	2.146257237548626906e-01	3.033851098188849349e+00	5.624110591554611904e-01	1.096504786273771320e-01
7.818150925787480388e-01	-6.000109353740177287e-01	-1.151376174256351748e+00	-6.795997781188650722e-01	-2.385035744291723048e-01	3.685984432508671915e+00	-5.737314104581686669e-01	-2.493628883866634005e-01
2.901813074772882084e-01	-7.648541215965853901e-01	-1.236122795296777266e+00	-9.097814364062994930e-01	5.216784855191541892e-02	2.845391607364005537e+00	-9.589220273914250692e-02	-1.153059456878713779e-01
-1.433959400897531378e+00	1.258812444876601377e+00	7.581324327722724910e-01	8.531307973478414741e-01	-8.879336064927733085e-01	1.753940744737723989e+00	-4.457164964859960943e-01	1.929085110872708508e+00
-1.855642495476004461e+00	1.167361086446666141e+00	2.915059247880421367e+00	6.412510465257763581e-01	2.175198750982031637e+00	-1.649343960655744290e+00	-5.292821558444381624e-01	-3.718713142016702444e-01
-1.190760767725255409e+00	1.007883672832638355e+00	9.653969709958203360e-01	-3.076561503751571065e-03	-4.371070468814287902e-02	2.592400586284570707e+00	-6.136285358758160058e-01	3.013481887165528228e+00
-1.745168520591351413e-01	-1.977703583917968522e-01	3.801250650413668386e-01	2.409854894936986347e-01	-1.227459064010680417e-01	9.068079529322017329e-01	-7.414312700604880346e-01	2.468493786680781454e+00
-1.248270901150408507e+00	1.533684082677167160e+00	2.800060374098458205e+00	-4.558726900872094034e-02	3.048174059656235002e+00	-2.596447063524378596e-01	1.744129957263051145e-01	-2.715864954105118856e-01
-2.043884394771808388e+00	-4.403653392876421546e-01	-4.500830409935190346e-01	-1.611012374875602449e+00	-8.722370883355293203e-02	1.616029868549391457e+00	8.335440748647172660e-01	-3.154179034817268801e-01
-1.339764391480441130e+00	-3.248453129916097359e-01	1.120659869123348695e+00	-5.491965255617272668e-01	-2.105265395558576225e-01	1.444676266800421160e+00	-9.794066428064331920e-01	2.439721252481056979e+00
-8.141707680318954754e-01	-1.176887369004791406e+00	1.180793856693737709e+00	1.371175775426064947e+00	3.105753347913795537e+00	2.832272415715864078e-01	1.182893624584858028e+00	-6.251782154190962393e-01
-9.710395170321497460e-01	-5.792753758369189043e-01	2.344890756436629697e+00	9.601462448457134258e-01	3.263453434232921779e+00	3.839069823433088335e-01	9.570852858965539500e-01	-6.037450086094167112e-01
2.343689082271780411e-01	-6.683071819520486345e-01	-1.276696858946550606e+00	4.064050445400863021e-02	-9.056295896457167149e-01	2.942167791895704099e+00	-1.459651572852851631e+00	-6.212632531437898287e-01
-5.879207237143857512e-01	-2.295150441258167195e-01	-5.834504553544345162e-02	-1.650576685258090537e+00	-6.352855511434477576e-01	3.491281843390347195e+00	3.347769704804199886e-01	-7.088222237364728839e-02
-1.463305693429337806e+00	1.322428033531565017e+00	2.711267046906334244e+00	-3.172308433335921385e-01	3.161389188962267838e+00	-1.168099581087511663e+00	3.071674971950915101e-01	-3.551067936067124897e-01
-1.448026816667395966e+00	1.034856099892747183e+00	2.628012900126079021e+00	-1.371855503690909139e-01	3.578774327156227564e+00	-7.546841284472581846e-01	4.077007940114727447e-01	-4.425580595545487717e-02
-7.099593644925542568e-01	-8.310382254603989605e-01	-7.755807777491201538e-01	-5.197219506445283077e-01	3.942655520989302165e-02	1.219922312855289404e+00	5.368211402808448218e-01	-2.136850409561406927e+00
1.665724683539234974e+00	-7.443962501323369008e-01	-6.060158330789051639e-01	-9.448333767065536515e-01	-8.668148420345992422e-01	2.759767367858501963e+00	4.447408027765288319e-01	1.429974533701223738e-01
-8.746230870075343278e-01	1.319549130547996496e+00	2.992852650195604092e+00	1.183675634223120499e+00	2.054852580496763004e+00	-6.305126536239411550e-01	-2.113718194793961780e-01	-1.048926814258749340e+00
-7.563473154204770899e-02	-8.947333820091940559e-01	-1.415309157165618004e+00	-2.832832849374291584e-01	-1.030288029307669051e+00	2.729717925732206840e+00	-1.402693294267409962e+00	-5.672343957172973905e-01
1.411862520564519663e-01	-1.020892278766921235e+00	-1.298790726255793837e+00	-2.791716743521503452e-01	-1.152441236461499319e+00	2.365433090589816434e+00	-1.340870919744482137e+00	-4.895873678711726851e-01
1.024580692821922767e+00	-5.808871876521622957e-01	-1.252685093656088045e+00	-9.536342277880011098e-01	-4.680754156196393345e-01	3.786425557527999253e+00	-6.561606315890733399e-01	1.004541299621033029e-01
-9.437204751471228725e-01	-7.838708797553801955e-02	1.580859829004310768e-02	-6.319985561287663756e-02	3.628494036080675555e-01	3.231134190531995465e+00	7.821288905500775046e-01	2.364310012153680418e+00
-1.548278895821499912e+00	1.969899881474285186e-01	1.020749699664190047e+00	-4.594794870815431254e-01	-3.021090511570702700e-02	1.953631428971848605e+00	5.963792553426611187e-01	2.358476027268463060e+00
-2.844119683810442719e-03	-1.229236019376676925e+00	6.687089284271435785e-01	-1.690808414514306079e+00	-1.613858548337659959e+00	2.431028496909141801e+00	8.017833858380941647e-01	3.090244916714584567e-01
9.656859827528180285e-01	-8.750841022620171605e-01	-1.012984697982618254e+00	-5.427440165640547987e-01	-7.732828774825096412e-04	3.597245912479845931e+00	-7.095393438476609305e-01	2.550196030627376875e-01
-5.703580870970447192e-01	-8.380276639366910363e-01	1.769801065069409596e-03	-5.369203323679394568e-01	-1.707288941847588282e+00	2.877123437725492838e+00	1.997300384674904006e+00	6.561042864338728631e-01
2.170822939508890714e-01	-7.201144845276218343e-01	-1.358847413427989315e+00	1.855297145560302341e-01	-1.041744575579455656e+00	2.748456939178220093e+00	-1.334422886300800748e+00	-3.273638344785505527e-01
-8.934094781580140809e-01	-1.029709403683832236e-01	-7.988803566425223268e-01	-1.280541008633435895e+00	1.549985205447911740e+00	1.499528007307501243e+00	9.967067914141019003e-01	-1.615597926251667760e+00
-1.847809281458810737e+00	-9.308563264147555749e-01	1.596059172433666185e-01	6.337713603658282069e-02	1.338876363955804338e-02	2.765383271825547773e+00	9.294367144950756998e-01	1.999350385237036454e+00
3.057120108306989881e-01	-1.647529440594673211e+00	-1.237863686846463418e+00	-4.308187333126259344e-01	-1.929430340178317493e-01	3.398011840683721196e+00	-7.050027666451330610e-01	3.185446725739063401e-01
-7.610435314620305203e-01	9.813233053866701194e-01	1.303156773314930295e+00	2.383017779182236007e-01	4.346670312695812832e+00	-1.132512929551075187e+00	3.774497415923464549e-01	-1.233811330928697575e-01
-4.852588996544606181e-01	-1.009156445620773557e+00	-1.524602854567919330e+00	-1.745923872724429449e-01	-9.595212752483818219e-01	2.540154396912775336e+00	-6.147017496219077115e-01	-6.139470352611566817e-01
-1.109605033887490766e+00	-2.996773060685339884e-01	3.420566065468279682e+00	6.217250396599791618e-01	2.878824662660156797e+00	2.360994839637826637e-01	1.974388071272074885e-01	-3.105688599457277488e-01
4.496360399451937440e-01	-5.292955511560214488e-01	-1.230032913008961337e+00	1.613516277624701956e-01	-1.159736011248215792e+00	3.062836385545551821e+00	-8.641313801921264304e-01	-6.626009620250407073e-01
-1.539534051627169831e+00	1.036726374023319686e+00	1.695930958470947547e-01	-3.999375630649598667e-01	1.819011067397996451e-02	2.448675571448871491e+00	3.137211819113017164e-01	1.370880373310284339e+00
-7.182060876143966377e-01	-1.226573671147764166e+00	1.230924696194679147e+00	-7.610299445326126344e-01	9.667640330613369581e-02	2.310229945442565658e+00	1.104851890030407624e+00	-1.406089891646794765e+00
-4.655253730447901361e-01	5.227799187319580598e-01	-1.720021341021469752e+00	-7.787774210551533516e-01	-6.303422914827808698e-01	2.355042219318264518e+00	-9.839869782420410660e-01	-7.303923701569419169e-01
-1.467921937394801368e+00	-1.307234250522198438e-01	2.999389244907980867e+00	-2.673064835628988778e-01	3.087532932992949508e+00	-1.679934537726160526e+00	-5.397431392622332735e-01	-2.288638734471985514e-01
1.985017415800784946e+00	-8.667947340615125285e-01	-4.428629381109374652e-01	-8.874712394825056139e-01	-7.985263252181501459e-01	2.792623735168624055e+00	2.745210518065664962e-01	3.204745527305433161e-01
-9.134979860939551610e-01	-1.656518810512714879e-01	2.625274243196712209e+00	4.954619378941615415e-01	7.860596829920959427e-01	1.055081988895782974e-01	2.062885956083271743e+00	-6.278201513595893513e-01
1.019472287863177895e-01	-1.274998563393080264e+00	-1.530566386120380207e+00	-8.726524689849949334e-01	-1.850942735101937797e-01	3.208518857111887890e+00	-9.997345917534559145e-01	3.672447430715068406e-01
-1.268831012978247852e+00	6.578901487990931329e-01	1.260804802266735525e+00	7.651399732193246983e-01	4.111275349489020847e+00	-1.417128048807668295e+00	1.400408298583484812e-01	-2.802418307588714352e-01
5.339323679222360841e-01	-7.235756442750201911e-01	-1.226696958845207464e+00	5.707164746471402594e-01	-1.061793446727222756e+00	3.145354691550320769e+00	-1.338581494661313487e+00	-3.341711472511134096e-01
-8.167588536048442371e-01	-2.677791498136262160e-01	-1.158311027839264151e-01	-5.305962554657377428e-01	-1.703672469199182027e+00	3.032787914023727716e+00	-4.542400777535600676e-01	-7.517625004684997947e-01
-7.289812990995900854e-01	-9.721215082671410546e-01	1.495673252426900302e+00	-1.008730845381455632e+00	-1.095810774670168186e+00	9.423075243537042400e-01	9.346674189428014756e-01	-2.086310837625391823e+00
-1.569333583350672967e+00	8.313880691490974639e-01	5.338393335870542655e-01	-9.988797296490063704e-02	3.585607734324302021e-01	1.880508010608474834e+00	1.156082104886604067e-01	1.824058585003326849e+00
1.848471420937859211e+00	-4.707963974225848336e-01	-7.480286774902331626e-01	-1.130165002449513789e+00	-1.039668179969962303e+00	2.731678508853526477e+00	9.396281953548879518e-02	4.134056472400911009e-01
-1.095378916434591288e+00	-9.376770947132943013e-01	2.070247441681853484e+00	6.819133508539854116e-01	2.232847866373397494e+00	1.262248844735186282e+00	1.105986333804806376e+00	-8.423685257580165731e-01
3.440708919446330283e-01	-9.985832772547826863e-01	-1.101097547424908951e+00	-9.326823236571415432e-01	1.859972906072159815e-01	3.088816710376402597e+00	-2.381975217291255886e-01	5.453975812356977315e-02
-1.410014356453240358e+00	1.080233696193201975e+00	2.515077795334228927e+00	6.974378584545566362e-01	3.686391240562407301e+00	-9.701250789806118435e-01	9.769876758846551823e-03	1.811160303715455000e-01
-1.184411565761738894e+00	-6.166035572090098338e-01	-1.252925296502655383e+00	1.738556627853563574e-01	8.190561181634437027e-01	2.645966083587102613e+00	1.696321663164949145e+00	6.901217134847912327e-01
-2.022998971094150278e+00	6.311396952820792494e-01	3.626186139928994079e-02	2.987694805841067391e-01	-1.212647930391903106e+00	1.953108470859540757e+00	-1.943039346726538330e-02	1.413865306056552917e+00
-2.637458953707657372e+00	-6.094799555489593956e-01	-7.090245280826280583e-01	-3.434805224386702216e-01	-1.143156263426031494e+00	2.476860767774456740e+00	9.479573291766307808e-01	-1.832236261154936430e-01
7.630494950298437606e-01	-8.959768666543750371e-01	-1.068878533393166963e+00	-7.777274367330618832e-01	1.890931205489478906e-01	3.198822205424856069e+00	-7.977608315565021257e-01	3.807921887241647596e-01
9.735247181292029373e-01	-8.272107240935149264e-01	-8.518809948047394442e-01	-8.517743097802200625e-01	9.635139905518422254e-02	3.416170437440197993e+00	-8.563120432559602202e-01	3.071162745347472689e-01
-9.440805797793479226e-02	-1.102617312817679496e+00	1.748680181588166516e+00	-1.844980283916852537e+00	1.094050773047485769e-01	1.323750817643815525e+00	1.358969293155662728e+00	-1.474808030676265869e+00
-6.269009243546656007e-01	-2.235196968997981704e-01	-1.378236777204422947e-01	-1.706269182576252597e+00	-7.453968923479367126e-01	3.361456657852296637e+00	1.645934010613906151e-01	-2.483933441995788693e-01
1.751724634310547035e+00	-6.755398109885571989e-01	-7.226277863437925442e-01	-1.110201257522546392e+00	-1.152770593233953367e+00	2.391209709790394378e+00	-1.020820137718013443e-01	2.205951600047478811e-01
-8.363206008255079649e-01	1.019142082304864694e+00	3.025862780543633779e+00	2.028741547401347045e-01	3.269104063967430029e+00	-7.294984490380819198e-01	4.821122359204094154e-01	-5.560848184999165333e-01
-2.349336207981232771e+00	-6.720212615832822645e-02	-4.521035484526968462e-01	-9.920735744358041286e-01	1.026221470622165621e-01	1.826335912148234542e+00	9.937889758267903773e-01	8.155231272359689809e-01
1.560019077254084507e+00	-5.588490744738819904e-01	-5.283308017880725682e-01	-1.060899809990387910e+00	-9.271646075817286947e-01	2.436528243590192488e+00	2.541955588346349604e-01	-7.745092654185807557e-02
-7.673064165363565614e-01	-1.078734728297037426e+00	9.376532207643484274e-01	-1.146490461649681825e+00	1.112143496079660121e+00	2.224567611522066723e+00	5.933807008905965796e-01	-1.874952851968490153e+00
-4.034046814041732931e-01	3.728152481566849308e-01	-5.389065044918850411e-01	8.731455962670586768e-01	3.179435871016430548e-01	1.215701040999532800e+00	-1.198556395944022773e-01	2.508063355276071160e+00
7.493133707089422169e-02	-4.937461436712594631e-01	-1.352439749298443017e+00	2.997869759710483639e-02	-1.026241250131729288e+00	3.019037201356248090e+00	-6.885905832825428563e-01	-7.450555119311655927e-01
-2.469522328212771178e+00	-1.548121992299063443e+00	-6.334297043747324496e-01	-1.548253892591241243e+00	-9.869919537631047235e-02	2.292414382648177540e+00	1.262302612042826677e+00	6.118890332057975723e-01
-1.482424329457055601e+00	-1.759883332512942600e-01	1.213386104523910269e+00	-3.139967055211596580e-01	-4.546068141416498842e-01	1.709447969000245982e+00	-1.349357432553624836e+00	2.607779088298505688e+00
7.012618156469528907e-01	-1.224635871791252884e+00	-9.880086193230310787e-01	-7.868965591163434858e-01	-1.533763996450421621e-02	3.439623388804049053e+00	-6.993308921657089838e-01	-4.314830339103701423e-02
9.543063149977183413e-01	-9.797124960999636922e-01	-1.069033631248319960e+00	-6.652252141099534999e-01	-5.073939511040472805e-01	3.218073075733405730e+00	-6.232094382386216269e-01	-6.764928208731478846e-04
1.479104055984432620e+00	-1.160062162087544424e+00	-6.412915785760482379e-01	-5.979942323893381317e-01	-2.121368459427843967e-01	3.217805047125292806e+00	-4.827921403890596541e-01	4.167662830429111898e-01
-1.398432962361333631e+00	-2.062313606785821374e-01	5.933317542721973092e-01	-4.035966015403238787e-03	-5.152488437846567404e-01	2.923631656319675365e+00	6.927044791797610790e-01	1.858406119054178074e+00
-1.306016954588683499e+00	7.737974406347264411e-01	2.967301689787959162e+00	1.289483243434937920e-01	3.080341060212393511e+00	-9.573235285346567425e-01	1.263522196053620816e-01	-2.293663191220651487e-01
-8.199595336130414136e-01	4.144630822080765942e-01	1.097810276677456010e+00	2.946989473116902181e-01	4.086501944962598110e+00	-4.776302480603401568e-01	8.098532564023267488e-01	-3.550544288805645432e-01
-1.768712176735421915e+00	1.926887520820249056e-01	3.134779985793342494e+00	1.104979503902760118e+00	2.086259932976740838e+00	-1.007743318590407000e+00	-2.630707002375390902e-01	-8.749610860834429182e-01
-1.397789726486390771e+00	6.784788810547024429e-01	2.962301349598664313e+00	6.382906738453553164e-01	1.402583599042721785e+00	-1.523922848340747427e+00	1.297299483928908037e+00	-7.753861685919885005e-01
3.637734042020761560e-01	-5.777757818385761412e-01	-1.398287094623393401e+00	-1.211980910270503004e-01	-1.234091834569194690e+00	2.873765881518942855e+00	-1.124542425804771151e+00	-5.461962134253403045e-01
-1.453204451668456132e+00	3.877322433086862197e-01	8.973000834378439539e-01	1.484057856622273075e+00	3.030030140207632616e+00	-1.147017152731773626e+00	1.761670094394535424e-01	-9.523189458958115639e-01
-1.277084536924330882e+00	9.442081932754734508e-01	3.211750392753012662e+00	-5.469468514125336994e-02	2.996061847613001650e+00	-4.382179222369169125e-01	3.003333910935763740e-01	5.166476726734141323e-02
-9.880088120666721263e-01	6.298445864440129771e-01	3.403042465608008271e+00	8.354935084080898910e-01	1.728390787315545518e+00	-1.944301904377758516e+00	6.478790439353652175e-01	-4.393082371700963717e-01
-4.833863350270310721e-02	-1.414232025627406131e+00	7.543402450634695278e-01	-1.527623260157764395e+00	-1.207495901128988081e+00	1.936873793935895316e+00	9.630214454713899030e-01	-4.674746388591386470e-01
4.412012355358906346e-01	-8.791234824043537843e-01	-1.333279691567140324e+00	-1.009876099241765912e+00	-3.163989340012397511e-01	3.311094498437948008e+00	-7.495637605070338827e-01	-3.439936495988583920e-02
6.001780328597300374e-01	-3.385460949966188626e-01	-1.251135830496370893e+00	-3.570275958535915062e-01	-1.285039464260873787e+00	2.644755628968247674e+00	-1.124498404307257005e+00	-6.528064173541306969e-01
8.941787351957463104e-01	-9.458366742569003227e-01	-1.082464512582710148e+00	-8.902654249294063016e-01	-2.891305744217285145e-01	3.087167684444286131e+00	-6.603393026673139987e-01	1.581730932304214465e-01
4.728187406285586647e-01	-5.444284815000512978e-01	-1.177441087104368789e+00	2.159241311270216346e-01	-1.074423844661446248e+00	2.657381582033898848e+00	-1.075715570152839362e+00	-5.179823448759264259e-01
-1.547875055387688548e-01	4.431257994836104719e-01	-4.047427149249711587e-01	6.405781158147096921e-01	-1.483892557116007205e-01	9.493407328106424625e-01	8.388662721861609439e-01	2.765805103570810886e+00
6.891124138728940141e-01	-1.212433460670855778e+00	-8.455915716161638285e-01	-6.758871061222845311e-01	-4.878612727362598989e-01	3.247984992895973644e+00	-6.659654333174959140e-01	-2.787744772815074490e-01
-9.565835128967796752e-01	-3.697902539191625371e-01	2.437704370940620091e+00	1.006290797247187507e+00	2.090754753302185520e+00	1.115624795486134468e+00	9.159659297619107132e-01	-7.770035068553288182e-01
-1.196885744590427736e+00	9.387043720648824419e-01	2.789097662084723539e-01	1.517036117850156240e-01	4.670116822520586908e-01	2.135825557919760254e+00	-1.440426537842790476e-02	2.472405366852388653e+00
6.003401007515151155e-01	-9.742386281126437231e-01	-1.091159818838236761e+00	-8.831937392614833682e-01	-1.009834039741492190e-01	3.121254929867678829e+00	-7.431319569028020933e-01	5.159969169146114143e-03
-1.851403111450940164e+00	9.010449788372140167e-01	2.803541926372919324e+00	1.155692532283667751e+00	2.128407644740235583e+00	-1.050164691634026592e+00	-5.123894240057377120e-02	-4.446914811073407470e-01
-9.113024976498448337e-01	-1.274941240040410539e+00	2.092965261437045310e+00	-6.482878317580489380e-01	-8.152798598828321364e-01	3.127469899927913799e-01	8.842263686360745112e-01	-1.824527272188276372e+00
1.713760114712209237e+00	-8.830282831162192814e-01	-3.930834307111624737e-01	-7.176592926862217503e-01	-8.056116690779147049e-01	2.873254337855413176e+00	5.604840333453208201e-01	-2.367510816901208237e-02
-1.018609807159975178e+00	-6.349418646495534890e-01	-1.253279699572567574e-01	-1.856818444268662494e-01	-1.678324532343994369e+00	2.273647763556320367e+00	-4.074529282638476024e-01	-6.715389815871274093e-02
-9.446020955080384196e-01	1.140072584560813951e+00	2.793788071450836186e-01	-3.553937110742558803e-01	-6.312449739599128584e-01	2.822837656470972068e+00	1.372867113082511248e-01	2.416952009773208676e+00
-1.661880510231657171e+00	1.009441704984952670e+00	2.605945102366349353e+00	7.743286329121092937e-01	1.880248346189813846e+00	-1.346074371882402865e+00	8.141657481940081653e-03	-5.150747525678143202e-01
-1.580076861057477133e+00	1.089439583943849543e+00	-1.150120915636764496e-01	-6.083839989242710855e-01	-2.222315421829907101e-01	2.512606272318027578e+00	6.100085708472585688e-01	8.216666258673508416e-01
-1.508627548692125897e+00	6.355011496892720713e-01	2.589223854711132589e+00	-1.734566559704576461e-01	3.357914946060871486e+00	-8.424169048665086645e-01	4.336626410583139801e-01	6.885021176669468834e-02
1.513539477460810190e+00	-6.676286869311761629e-01	-6.368908510955031410e-01	-9.341073766891633268e-01	-1.000105840898384280e+00	2.798840448003452330e+00	4.403179191822474969e-01	-2.826164981903333540e-01
-7.823447335575307582e-01	6.734689896254787422e-01	1.554260616036782228e+00	8.028020432864324540e-01	4.296982310409144468e+00	-9.795973187998590070e-01	4.619249238506167865e-01	-1.786043560821468090e-01
-2.318346067360878560e-01	-1.658232030165537774e+00	2.946106485159415422e-01	-3.530355275670145621e-01	2.264636763632396743e+00	6.093940373208791561e-01	2.473918545349137743e-01	-1.364482748187960226e+00
5.341493122480027722e-01	-8.201508466247018347e-01	-1.262121782610541976e+00	-9.263138507762008755e-01	-2.868785372660237476e-01	3.227653259544811082e+00	-6.424581307217147597e-01	-1.290131960802752276e-01
-1.165800082286543082e+00	-4.334330777095441595e-02	2.985599652390936498e+00	-3.586676153970507763e-01	3.250803604707146022e+00	-1.004686466042985504e+00	-4.802870761647504150e-01	-3.880893689274746983e-01
6.730546506526261519e-01	-6.801300373827511292e-01	-9.179854379312673007e-01	-9.240415218364014249e-01	-2.035388351109931326e-01	3.606010390549597044e+00	-4.603044802771185662e-01	-4.154448683688988231e-01
-2.484270304190198397e-01	-1.110134966803825174e+00	1.349141838318016484e+00	9.470704367952835767e-01	2.160007095898849094e+00	2.158586850576621474e-01	2.430779071162340266e+00	-7.341355767576985825e-01
-1.149029666972170016e-01	-5.849064618581208963e-01	-5.753937230464364339e-01	3.954275413557490348e-01	8.150061022916339493e-01	2.350055265521484582e+00	1.524333511178861844e+00	9.888106862112099327e-01
-1.451367521790903670e+00	1.059942903485052046e+00	2.759325410109865651e+00	-2.989528118821512259e-01	2.787672091692765974e+00	-7.831000812038734216e-01	2.523087883902404016e-01	-2.030402603607720236e-01
1.198803823053308237e-01	4.889460603529662275e-01	-1.613556302720003721e+00	-1.571809736273209079e+00	1.215896728802381699e-01	2.974745904734262592e+00	-9.368809273783658131e-01	-4.225464991331463749e-02
7.490931967485284781e-01	-1.124851012600371680e+00	-9.408343089241035795e-01	-7.875621675845553282e-01	6.690554684633712168e-02	3.418325961712237238e+00	-4.383578736412611088e-01	2.269245518672496909e-04
-1.222178552318762490e+00	-4.726904306604490791e-01	3.068028071352696173e+00	4.437660919082884736e-01	2.295493922718082835e+00	6.377592108492570189e-01	1.215962778369324315e+00	-8.257794997031489004e-01
3.198834279866876740e-01	5.634694681716144737e-01	-1.606333397847934608e+00	-1.591407927330317884e+00	8.602598145471429536e-03	2.881747347637362289e+00	-8.567345842863820504e-01	2.093626412686375726e-01
-1.875220306907464440e+00	5.486077523444781168e-01	4.379781724344056770e-01	6.374924165827753342e-01	-8.294495379786739342e-01	1.433611565535888310e+00	-6.535589648957654818e-01	2.015070522386311236e+00
1.078437750908482151e+00	-6.212091098132167533e-01	-9.373118409403721207e-01	-8.566066841755503036e-01	-1.434669834529964660e-01	3.337327127834535112e+00	-5.685747951053473637e-01	-9.000625993498913291e-02
-1.020841371449510149e+00	3.373957260091706711e-01	3.295593769967760434e+00	-2.449103486330806156e-01	2.347063901033376254e+00	-1.599392688641162019e+00	1.290334826164343918e+00	-5.080003877186808209e-02
-1.413395787098560286e+00	1.301586206333011919e-01	2.934356032122798386e+00	1.121229206450069293e+00	1.671248210897901432e+00	-6.280275015579901421e-01	6.557151168999371116e-01	-1.379491914928466345e+00
-5.998652206145028698e-01	7.168050342837022360e-01	3.439012275198721102e+00	5.544996490785036869e-01	2.181169788374542229e+00	-1.515086102198517803e+00	1.108472425278424378e+00	-2.348375582759976710e-01
-1.129688243345885690e+00	-1.007479953356289260e+00	2.170505081816403337e+00	4.304089978363891400e-01	2.099849490751700909e+00	1.409774055934531090e+00	9.864271954543981646e-01	-1.026075275290288635e+00
-1.500206946201391445e-01	-1.122514745226251387e+00	-1.215232634692421820e+00	-8.685492474517835237e-01	1.793607432034719507e-01	2.638871152157394651e+00	3.360180292877772423e-01	1.782763647953580222e-01
-1.999957546583355228e+00	-2.045473763039954207e+00	-1.487615659848921801e-01	-1.805685502326050518e+00	-1.134423605511025279e+00	1.281014998104360592e+00	1.653840334257599798e+00	8.030513598947559561e-01
-1.742548483010720517e+00	1.007757404046079941e+00	2.606944931766720597e+00	-2.360941169436531553e-02	3.180489722029114397e+00	-5.614467380301106925e-01	-4.224034328525715920e-01	-6.129023305207501604e-01
-5.677054829804608627e-01	3.945282673700182818e-01	-8.808550994983245230e-01	-3.427596131279406211e-02	8.542657097537686983e-02	1.228063926489384006e+00	1.679042451851332052e+00	1.641665172383948601e+00
-1.233619290608066743e+00	-2.280925369847297102e+00	1.173077025602581536e+00	-4.959463136771574687e-01	1.266970555232171947e+00	9.224392123743896388e-01	2.177375054373194840e-01	-1.279691179152145475e+00
-1.302689058796190791e+00	-1.169793290220329067e-02	1.323570987593011949e+00	9.151299485430579583e-01	4.158059929880241867e+00	-9.921569600743859185e-01	-3.417613449839656398e-02	-2.410497997046027741e-01
-4.469824822334543812e-01	1.051499628322185576e+00	3.502846183180811757e+00	-7.501698813712522063e-02	2.521937394640290542e+00	-1.168495580009663026e+00	1.341472197589412829e+00	-3.845352598299643376e-01
1.904892172921007987e+00	-7.097509584534484883e-01	-5.230485782120515292e-01	-1.094293586324289524e+00	-8.141124963370797163e-01	2.809288914614531674e+00	2.472534863255038406e-01	2.133168538691131988e-01
-2.876399755443838080e-01	-1.245854083430253167e+00	8.214789447184320803e-01	1.443710536290479851e+00	7.712815119221477778e-01	-1.807618335223387662e-02	1.771655124818780624e+00	-1.492033810422759066e+00
-6.260658067300536311e-01	-9.674552716027889909e-01	9.154094274450341739e-01	1.431339480326719649e+00	2.705924930732442224e+00	9.982391031798369951e-01	1.383699391833541403e+00	-1.020773340207556057e+00
-2.734511334255577686e-01	1.222723373406593206e+00	3.431058187388513758e+00	7.391597399678390135e-02	2.468872723591095664e+00	-1.456137493944013039e+00	9.277765865707878756e-01	4.503818777434566434e-02
-6.057246750750077124e-01	-1.148717437056346657e+00	9.453373703886552848e-02	-1.299513967842842677e+00	-2.418411965168047184e-01	3.377626129036860991e+00	3.511049199839056945e-01	-2.413891689421735487e-01
-1.971550404988722471e+00	1.928113351847962065e-01	5.572690098218000543e-01	-3.032395278208202538e-01	2.669222582784621656e-01	1.970854544775601846e+00	1.031578157983458754e-01	1.853355728151072856e+00
1.127267554619521661e+00	-1.383572040551386939e+00	-7.688841610982923847e-01	-6.611361259250245759e-01	-1.362840435263130034e+00	2.638532970505369057e+00	5.653959354611266530e-01	-1.414861058288345297e-01
-6.842369336239385591e-01	-9.229888494938460752e-01	2.626975517161808771e+00	7.422442739638306364e-01	-1.909732349283901343e-01	3.868780914417034311e-01	1.510589536883767625e+00	-1.395974401910603069e+00
-1.135588618527761939e+00	8.862801093112295803e-01	1.075355312639894922e+00	-2.458821221039251548e-01	1.827927815941801926e-01	2.184972009395213188e+00	-2.345484488498478515e-01	2.429284993353983069e+00
-1.291295951996011881e+00	8.789860652859933232e-01	2.496583986049631942e+00	3.935867956415635693e-01	3.417278791323153264e+00	-1.060669809295029742e+00	3.287210144043570259e-02	-5.039751922556476860e-01
-1.076057270942777366e+00	-1.770781518894456896e+00	2.105048517385088580e+00	-1.566168221131534477e-01	2.054658941841725373e+00	1.007535116916747686e+00	1.617230863331725332e-01	-1.186783953056762098e+00
-4.297388883742647714e-01	8.298072174184197847e-01	1.658847707244819780e+00	1.301225110755991565e+00	2.258172294628794319e+00	-1.917698630569556473e+00	9.189204565777000511e-01	-6.763326603151000871e-01
-1.228504219226916661e+00	-1.203402399541132262e+00	9.867432654274898018e-01	-2.559531519940653199e-01	-1.827312782350289377e-01	1.283249555443491730e+00	-2.703355733763648794e-01	-1.867567620962670372e+00
-1.279398238079557881e+00	9.040998177385429768e-01	2.838679870166134211e+00	8.749879411485034231e-02	3.415362654477337223e+00	-7.652489753272050388e-01	1.794668679738241901e-01	6.424142660239788583e-02
-1.271711623455194617e+00	-6.472770436390189452e-01	-4.228440039080840762e-01	-6.501540475754185033e-01	-1.864899775955178418e+00	3.068268216486333078e+00	-6.114978758372624501e-01	-2.712108439966545159e-01
-3.353974160076194089e-01	-3.604858130228970614e-01	3.861912593932255167e-01	1.983428258870035266e-01	-9.556993700916217582e-01	3.293370557804836007e+00	2.340070744606661979e+00	1.315777760937086649e+00
-1.164189423854580685e+00	7.525898700171644862e-01	5.247601820739087319e-01	6.139424168562057638e-01	-1.496329693586042175e+00	8.831766451594298406e-01	6.008856782176348332e-01	2.151326062289239616e+00
-1.710614269030559687e+00	-6.616931791296215559e-01	6.382331316304945545e-02	-6.173143120129328532e-01	-1.960008199361034098e+00	1.724087163023855673e+00	1.746044471987011404e+00	-2.927291193866595198e-01
-7.240832791565844362e-01	-8.302003466879795957e-01	-8.476279449692963874e-01	-1.124817295807416739e+00	1.216050408404935501e+00	1.997150253969808276e+00	8.466529401042107716e-01	-1.941164245783108200e+00
1.834322574702256681e+00	-5.189140538258506519e-01	-4.296506163752650820e-01	-1.025037254667968467e+00	-6.942998656993921713e-01	2.705369010451667222e+00	3.120714348486620660e-01	-8.188086805350856812e-02
-1.417959670476318212e+00	-1.392067193580749151e+00	1.613664491890547836e+00	-2.834438108785716226e-01	2.256413821353752402e-01	4.904516270980198711e-01	-4.999506408961177373e-01	-1.775143517168670027e+00
-1.584712378559425261e+00	3.191746336043089216e-01	3.016108521796819986e+00	3.686493901222703262e-01	1.348715663297200162e+00	-1.758161927109869183e+00	1.103103844070709494e+00	-7.287632335346180268e-01
1.203672770253700008e+00	-6.006606846393574006e-01	-8.471631449219703125e-01	-6.651909717825060797e-01	3.495765938046411780e-01	3.409912755547964025e+00	-7.706640711308799796e-01	4.024151393192590964e-01
7.802156559030936078e-01	-1.524092487442167965e+00	-8.208115666247568498e-01	-6.086812373112036045e-01	-9.517890044931802407e-02	3.159373723736428996e+00	-5.822320310569220059e-01	-1.940211043144508124e-02
2.878659387106623502e-01	-6.766378942669353247e-01	-1.221226867627485335e+00	-8.799670562941935836e-01	3.239938175195424264e-01	3.330086903962469425e+00	-2.799151709608668215e-01	-4.103300728644476703e-02
-1.141961414231036365e+00	-1.037620824198921987e+00	1.779300533510902227e+00	-3.314938933247109643e-01	1.431832145395308009e+00	9.073987023682523745e-01	4.116895602775135776e-01	-1.266910517007857617e+00
-5.339824682015933965e-02	-1.835790866020043710e+00	1.699948525676333588e+00	-1.090953472950725534e+00	9.701221045972452384e-01	5.862634645206066253e-01	1.613673095585624440e+00	-1.127889567229048540e+00
-1.517865798349777418e+00	9.868373842140735208e-01	6.931570371818835952e-01	7.049024432055930323e-01	-1.053985322002489289e+00	1.511760539606181730e+00	-3.639533552241768777e-01	2.018594828500014149e+00
-1.129592766929349734e+00	-1.580062309238434270e+00	1.446018373056405792e+00	-8.154100431070628874e-01	1.557321804050122882e+00	1.242455568799288645e+00	4.392452248031928352e-01	-1.232738456112642211e+00
-5.106676555264186845e-01	3.954237001668116092e-01	-5.962514959063976994e-01	1.243433251435997144e+00	-8.278291605590296642e-01	4.744573436486155815e-01	5.635942547440149220e-01	2.029896391057717686e+00
-1.093666896437600400e+00	1.396954554606010535e-01	-3.807273396772084539e-02	1.250823210271962527e+00	-4.642527054918835772e-01	2.945778788592678499e+00	1.355103740305232396e-01	-3.349283072579344323e-01
-1.646053471875213114e+00	8.089446534358261109e-01	6.641292708122026323e-01	7.340215194428381107e-01	-9.960259834876927787e-01	1.633198377867458806e+00	-6.408419157083987683e-01	2.236839992531550969e+00
-1.164728915323700820e+00	1.297504775884029016e+00	3.085553334795998914e+00	1.045277079387034735e-01	3.143025957455800601e+00	-8.074114864176361595e-01	3.003510299647351722e-01	-4.562242506481332949e-02
2.798357777399926860e-01	-4.433468258845746912e-01	-1.324660816967269339e+00	-1.135146754240652589e+00	1.988822432244886640e-01	3.407226562983995954e+00	-2.827295370820625542e-01	-1.022104049294825096e-01
-2.879944402662365510e-01	5.177068607270211009e-01	-1.716595147048015191e+00	-8.159315478649770137e-01	-7.918761271021823589e-01	2.319860404309278312e+00	-1.328255191915000966e+00	-5.031787054997418629e-01
1.424770255595555923e+00	-5.608165455671991761e-01	-7.285215797448953978e-01	-2.082813710025329668e-01	-1.877036016171473864e+00	2.013185440234911638e+00	-4.022659591542890323e-01	-4.046955340181984662e-01
-1.069863438543249279e+00	1.008352979968579977e+00	2.933781683485365277e-01	-8.218406380544412970e-01	-6.207239159088115965e-01	1.341913887733750199e+00	1.718100527177638392e+00	-1.751927677540619621e+00
6.124814443290839128e-01	-1.075095024707845015e+00	-1.006702307833745591e+00	-1.070438717067483392e+00	-5.974853568702463980e-01	3.469234693127292601e+00	-5.964623596401290584e-01	1.433548508800935872e-02
-9.845496061490331963e-01	9.096215755669531111e-01	2.966813921222152928e+00	-4.972198206285129429e-01	2.345083296268374085e+00	-1.249596349972148079e+00	1.595363666168629235e+00	1.958340556861273285e-01
-3.860035946775937643e-01	-8.273884636425865580e-01	3.316626297696374515e-01	-1.407080760801387997e+00	4.629960078112382860e-02	3.343999007770875220e+00	-3.431434032763595043e-01	-7.035191708118816445e-01
-1.394404846803809273e+00	2.150642160052620433e-01	1.356971422453863596e+00	4.577322312263357174e-01	4.248536724334220693e+00	-1.481579756727879005e+00	5.063056799876739511e-01	-1.459120652390402118e-01
-1.280418761260482707e+00	-1.685152428652753498e+00	5.804937502915847869e-01	-1.103785217851154909e+00	2.621723460934082817e-01	2.114919824892719014e+00	1.179891456052541088e+00	-1.015512012434316658e+00
-4.671228889165976450e-01	-1.684415522283214894e+00	-3.255058324166776873e-01	-1.026290969401761677e+00	1.246945184966383513e+00	1.743988393137608117e+00	9.914533324947603088e-01	-1.986324562935861460e+00
1.712749309024052646e+00	-7.545422739452221084e-01	-5.364890582636828720e-01	-9.236795998803595253e-01	-8.048688864244484265e-01	2.457454266383002572e+00	2.799180144261014247e-01	2.958196330717542955e-01
1.442705430170381220e+00	-8.513099705507877202e-01	-7.643045777465091728e-01	-1.516709906275280240e+00	-6.214586087073072918e-01	2.668196203506813191e+00	5.740661795485696439e-01	4.853532951864947265e-01
-1.574027892531311812e+00	4.559558974542562981e-01	2.897334866496584116e+00	-2.510772465375049056e-01	3.258255836192970545e+00	-7.086295976503540484e-01	4.944607264123714874e-01	-3.411607847504858348e-01
-5.750272340396859194e-01	-1.345543527418115337e+00	2.353356345838254260e+00	1.965996387286636504e-01	-2.190677615222113572e-01	-2.003298909176647324e-01	7.805654710365408366e-01	-1.468155508550427202e+00
-5.345149299214866367e-01	1.083446736766525254e+00	3.270360925634621996e+00	1.915838623170171839e-01	2.285853561347877427e+00	-8.176986543460392776e-01	1.557202687120522011e+00	-2.351906604949031143e-01
-1.039462642374997303e+00	-1.659514118472309008e+00	-1.827671949234076720e+00	-1.028027899833508396e+00	-4.703189633232303657e-01	2.428369333798566121e+00	7.098114568841381589e-01	1.270856418715960112e+00
-4.672731976400518183e-01	1.090808882747022812e+00	2.982944737252510414e+00	-2.397247032750443874e-01	1.858315844710392462e+00	-6.035659618299129558e-01	1.393326181289939125e+00	-1.064762445298102211e-01
1.191758141452539999e+00	-3.866962457743257087e-01	-9.907063874333202902e-01	-1.156671096575374813e+00	-7.019526032144406125e-02	3.215630114753902369e+00	-6.481867462577228789e-01	6.460584548433150054e-02
8.322688051368992701e-01	-4.241037471997520791e-01	-1.322032261843182788e+00	-8.565257479268111318e-01	-3.620190824723201195e-01	3.501747609314220799e+00	-7.495328810831303201e-01	4.115281216637581285e-02
-1.408819557487951624e+00	4.981743365878187335e-01	8.664979211377619173e-01	3.292584358608396933e-01	-1.491751145469015993e+00	6.596818788417574408e-01	6.884737125859675677e-01	1.720363096199811537e+00
-7.175958827541373264e-01	-1.105575116034985372e+00	3.305736228015377920e-01	-1.883392278377635343e+00	-8.299948113061510480e-01	2.848628848759712895e+00	-3.350399155003676022e-01	4.300144974404583320e-01
-1.228498741499944646e+00	3.227993663524650336e-03	2.775050927378100329e+00	6.411574678754681234e-01	2.358725736151643826e+00	4.160780787793125768e-01	8.978764129664695837e-01	-5.744088416558480459e-01
6.948686390417483372e-01	-6.937232500014489656e-01	-9.805430735656687213e-01	1.203034546202827459e-01	-1.106429995218810358e+00	2.796950255902291627e+00	-1.305269037447374547e+00	-6.622610075577358701e-01
-2.828882181843366261e+00	-1.200879404071675260e+00	-1.264152144445543080e-01	-5.382881052974552993e-01	6.477991799549515095e-02	2.026068529377099914e+00	1.194413948762695687e+00	8.776445158150549819e-01
-7.297707650305639282e-01	-1.102831470298094807e+00	7.442933793177126667e-01	-9.325156923877434556e-01	-1.214777912808046700e+00	1.176578099934662447e+00	1.080766610801082939e+00	-1.853046863482459727e+00
-1.029345292401883327e+00	-1.376665079392815016e+00	1.309266286729802831e+00	-6.500963817955672797e-01	1.142265339736852958e+00	1.087797782520409040e+00	-8.846175189054417132e-02	-1.475860608375586969e+00
-1.534898358742870395e+00	1.352130681412577751e+00	2.498317241563441815e+00	-1.945043136951040558e-02	2.720303295711989477e+00	-7.254641816156329748e-01	5.361726283879582056e-01	-1.729183927513810448e-01
-1.194569941486300912e+00	-1.736625320075768641e+00	1.766047605987955293e+00	-4.822465279279196104e-01	1.561560018658186832e+00	7.626530227518597549e-01	9.973067607977090798e-01	-1.069918337102019112e+00
1.223705172922826989e+00	-3.934624807708692606e-01	-8.313072625553120654e-01	-2.153873846922143842e-01	-1.803121181205329826e+00	2.276518607937373595e+00	-1.214308193014509291e-01	-5.831251208999732594e-01
-7.316209987512631852e-01	7.401601352274286283e-01	-6.850296174186838449e-01	5.900518785380786113e-01	9.932775492229137804e-01	1.779858656860072053e+00	4.926125757733784694e-01	2.654982699409821567e+00
3.216240007107435961e-01	-5.375178568458398587e-01	-1.177376454123683081e+00	2.580860216342679703e-01	-8.316989375324541633e-01	3.046494822206406994e+00	-1.243893202067702486e+00	-7.098433106202829412e-01
-1.387523589805673696e+00	1.131287773213395464e+00	2.961318859586639096e+00	4.848613594831538420e-02	2.924600025098510248e+00	-9.015704832140235547e-01	2.485868243258797239e-02	-1.252490576403178513e-01
-5.258591073383813708e-01	4.047588849856399718e-02	4.897960068801698874e-01	-1.768537466804086078e+00	3.025468924427205941e-01	1.811343625034292915e+00	-7.378847003452886355e-01	-2.217640431605818752e-01
-1.667107510641535617e-01	-7.164803107567029317e-01	-1.527479843023931361e+00	3.049987615460769685e-01	-8.995023922250628967e-01	3.259329129257706903e+00	-9.517778843284101509e-01	-5.125503426512670879e-01
-2.882330896155374522e-01	1.469588035542286619e-02	1.269648883057010291e+00	3.725913947364987711e-01	-1.626693881382727191e+00	4.228961738564273043e-01	-6.162295432576055942e-01	2.041591485044234489e+00
-5.362229617695146722e-01	-3.903376092404588493e-01	1.341100662109623975e+00	-8.164988595894862033e-01	-3.267423374256071544e-01	2.433215377930310730e+00	2.538164207910771797e+00	-7.686142962565196690e-01
-8.963999984294384049e-01	-1.118444629395586976e+00	5.045770173618877585e-01	8.735863046114793473e-01	2.928969791738293527e+00	1.085672660942754053e+00	1.145134840153195555e+00	-1.036230159093444403e+00
-1.506660993084914635e+00	2.048170691602952953e-01	3.304999464426662259e-01	-3.860138398921948988e-01	6.323901222983123738e-01	1.820039991815722846e+00	1.277195193224991421e-01	2.548892653203678194e+00
-1.236978293163326637e+00	1.223097923392176378e+00	2.333541000708509117e+00	-2.020499619109175360e-01	3.056380002500344251e+00	-3.215736429384059014e-01	-3.924985218863034225e-02	-1.791637847015029594e-01
-9.928185011017794936e-01	7.913512720344118012e-01	5.283055535438180295e-01	6.445986827447713896e-02	1.121425470745566755e-01	2.010424225857874170e+00	-1.175491094024247278e-02	2.830516245720898993e+00
-9.511819330375373971e-01	4.856645128859013449e-01	3.868418928703857840e-01	9.774201824324552090e-02	3.093119526636420313e-01	3.160122326631166434e+00	5.484347170183944131e-01	1.907304135730471195e+00
-2.906785074122975043e-01	-6.046632367528120833e-01	-7.622648545047738811e-01	-5.711109286235994675e-01	7.792256206400818286e-01	2.414327240777704553e+00	1.702527421358237314e+00	-1.499894556674159940e+00
-1.122223266798612284e+00	4.954748433636936844e-01	3.654824475549354190e-01	-1.507225689905130617e-01	5.055316271030123598e-01	1.756245947138105556e+00	1.707091679281033947e-01	2.495525973681272269e+00
-1.550522592798062371e+00	-1.257890704135725013e+00	1.967324155954706388e-01	-5.551872257354160123e-01	2.898688123461889421e-01	2.557480021695758055e+00	1.732091946503388380e+00	-4.903845032320229280e-01
-6.822376967978298623e-01	-7.812110813088104511e-01	2.616210660473162974e+00	5.709412078986617622e-01	1.578202551638396622e+00	9.835720493225326155e-01	1.509243649196761128e+00	-1.139696839295677666e+00
-2.072941128479230954e+00	-5.122391356018208830e-01	-5.004373870326235263e-01	-6.264159528481114680e-01	-1.871635912232096910e-01	2.987287732441562316e+00	1.845178483006425951e+00	2.944102788962999484e-01
7.063255016865116476e-01	-8.856925399739228322e-01	-1.014063184510549886e+00	-8.006051384922022729e-01	-6.070717050256337066e-03	3.589689169897746890e+00	-4.395725646987942437e-01	-1.944509383682604953e-01
1.482339551360359664e+00	-7.664846827875626545e-01	-7.121246920100280375e-01	-1.029773031156382412e+00	-7.952294257763927732e-01	2.545844716781302974e+00	5.245647786379014077e-01	2.446835935453110511e-01
1.009147678289783467e-01	-1.083213786115091670e+00	-7.354084023852290597e-02	-9.345057575559964080e-01	-1.260297765111367152e+00	3.171667422488409827e+00	-2.056821668016826088e-01	-2.705678782765358892e-01
-1.200661960402140460e+00	-8.696050072659249341e-01	2.365149560961866904e+00	1.467568621710765076e+00	1.184391486540921745e+00	8.768003920573624876e-01	9.427164988071818907e-01	-1.679421715256323777e+00
1.039961149764105031e+00	-8.860510258324146848e-01	-9.353809361320646332e-01	-7.874481280238448955e-01	-3.590981540150323115e-01	3.379912928882293777e+00	-4.948091642337000828e-01	-1.697347773145702898e-01
6.746206562764706094e-01	-6.564986636201273207e-01	-1.292320769034326799e+00	-1.314618731340713165e-01	-1.502463097892281052e+00	2.583773593953424985e+00	-1.143428142138001480e+00	-2.917747038865635689e-01
-1.119579791994292917e+00	-1.459823413205001419e+00	1.867025161335751804e+00	-1.041290326664751742e+00	1.012888825285436667e+00	1.331177849287599857e+00	-2.834956478636163277e-02	-1.132895135306584367e+00
9.518593329630543609e-01	-9.710157829865616597e-01	-9.793921556574498588e-01	-8.055003720614184459e-01	-9.270206195566935148e-02	3.641297417553024829e+00	-6.607680968556883805e-01	-2.362948463957541961e-02
-1.317123905582658239e+00	7.226533083938551094e-01	4.565191777372681337e-01	-3.269755032179474247e-02	2.903769464669380684e-01	2.209733035461226347e+00	-1.996681857151264283e-01	2.834259991945455859e+00
-1.068635712857982867e+00	-8.453491990726745842e-01	2.290655009479173554e+00	7.455434785303776124e-01	2.585292885667679119e+00	1.198871354785115750e+00	1.408117741996971040e+00	-9.582867260249842145e-01
-1.039487700246266355e+00	7.163971215764488587e-01	1.208261303113331131e+00	2.375270189127170473e-01	4.326461300819266498e+00	-1.317184084003721445e+00	1.138527662373731153e-01	-3.021740353661110379e-01
-1.156762000017290681e+00	6.508708606066526681e-01	7.796086672574524812e-01	9.618340713160451472e-01	-1.159133121088229634e+00	1.729012106940791993e+00	-8.607420141003050418e-01	2.549330135796318952e+00
1.827480122258751116e+00	-6.825808419426957485e-01	-5.347264646164922031e-01	-7.337256406153306321e-01	-1.143191075103475729e+00	2.585009366473848935e+00	4.804944683807751971e-02	-1.119271130812629772e-01
-1.659820491502178808e+00	1.038245319075157935e+00	2.969829068102170400e+00	9.338437921018278853e-01	2.348757296524143889e+00	-1.007944265342544332e+00	-5.384631126002842327e-01	-8.252167707312495493e-01
-9.331408587601353055e-01	3.856253251877157506e-01	2.564372462090664051e+00	1.078291532182904744e+00	9.231790911615778139e-01	-1.026003418203902617e+00	1.445873005548176771e+00	-9.068684175635657319e-01
-1.242319995720004844e+00	-1.918205854926972043e+00	1.909171674629705162e+00	-7.480628485589628784e-01	1.472872084500181034e+00	9.511651372696265927e-01	4.198024999062964779e-01	-1.025802252671712322e+00
1.085444549424334326e+00	4.561080372699811702e-01	-8.725823749930977646e-01	-9.638027989785494798e-01	-1.558495399445841256e+00	1.344495595430880819e+00	-6.741583336604975996e-01	-4.235573779223479884e-01
-6.680295326580089066e-01	1.633301220131615272e+00	3.310380558523171590e+00	5.908541085198959486e-01	1.388792309430738836e+00	-1.627212091658869708e+00	5.741915062600820852e-01	-6.339811051644624884e-01
1.177470815520136771e+00	1.812845652689780929e+00	1.966463422334510991e+00	4.898519496603589984e-01	2.870346155255435239e+00	-1.127130004168984456e+00	6.740856661181395815e-01	3.965521088289054585e-01
-6.541714293363724009e-01	3.295197163595089407e-01	1.767921477867168800e+00	6.888072879346522903e-01	4.252979790754640277e+00	-1.045697050448568088e+00	5.266573814486980032e-01	4.279178917652778913e-01
1.221132174135034276e+00	-1.200162754173287105e+00	-7.251736203128351654e-01	-6.618774551966939423e-01	-2.547370642417343123e-01	3.537326416034273446e+00	-7.568286130551674651e-01	-1.507903876773256657e-01
-1.092974659614767585e+00	5.491139485371382412e-01	1.670806107202930768e+00	-9.833751191097567235e-02	2.264018410743655174e+00	8.686637191588388873e-01	7.289967884779086083e-01	-8.439868192355198806e-01
1.193786665393315793e+00	-9.734418907166707546e-01	-8.904123090904767501e-01	-9.141551496719889647e-01	-3.818930176232215312e-01	2.985160288587963784e+00	-7.813324012079615466e-01	8.760313052089603592e-02
-1.178031992796532590e+00	-1.301366454707427511e+00	1.537237584770181797e+00	-1.452573107982550127e+00	9.458684669782855270e-01	1.581778666059411531e+00	7.818093680814308666e-01	-1.688413540227112986e+00
-6.861202885069682678e-01	-9.837394075587542197e-01	2.487931385470559587e+00	3.145528265335461593e-01	1.753449802037378324e+00	1.097477055888554709e+00	1.555046332346831983e+00	-1.153805753829855396e+00
-1.232835729805957348e+00	9.585683034912709788e-01	2.848619086268243006e+00	3.147699253345738746e-01	3.665939475837972417e+00	-6.545429903991871745e-01	-1.343352158012406095e-01	-6.140290434641439976e-01
-7.948794966416938834e-01	-6.981190275085310537e-01	6.616807126828918584e-01	-2.931398893901143166e-01	-4.476639717757009973e-01	1.872324488366949868e+00	2.250784029881176540e+00	4.053581175060841368e-01
1.170865795733083026e+00	-7.660526207916318331e-02	-1.223822861352588776e+00	-1.031242056930323781e+00	-4.102224538149249478e-01	3.491426969060810404e+00	-1.061348688849550692e+00	1.729766031074079224e-01
-1.388010441573608755e+00	7.769372887401360117e-01	2.460527388171499297e+00	-1.647554276218132496e-01	3.436063001430858410e+00	-1.104019840900006821e+00	8.049729248315737329e-02	2.157661474663414292e-01
-8.220287696068887540e-01	1.073372463305988234e+00	2.896387563092027051e+00	4.955685698099340786e-02	3.521850618896548379e+00	-9.056369668539848705e-01	1.387905672552917913e-02	-3.409623020769628754e-01
-9.072039818758493857e-01	8.981783051334776280e-01	1.014554534411970188e+00	5.350445969913704136e-01	3.537341662683582744e+00	-1.043661199458582711e+00	1.258224117973271161e+00	-4.198215266564299109e-01
1.248951211697104657e+00	-9.513662272136411691e-01	-7.658531348412176420e-01	-8.110946436676436111e-01	-2.978543657076869189e-01	3.105986710685342711e+00	-4.827853726220990294e-01	-6.975548985892338072e-02
-4.805881875708776368e-02	-1.388188703584982142e-01	-1.396967156947343414e+00	-2.140298922498888035e-01	-5.462070795351094965e-01	3.116117526070012467e+00	-1.531864654854725671e+00	-9.122318943397609292e-01
8.606641775951581197e-01	-9.167241266735476346e-01	-1.052262440561798851e+00	-7.729564964216134593e-01	-9.963678251635403604e-02	3.454105223362560650e+00	-8.188031035353494635e-01	-9.114757628446174681e-03
-1.646612539765160754e+00	5.469178361957895973e-01	2.499097868264320788e+00	-1.642974299861307552e-01	3.130805163257260215e+00	-7.314963803951138877e-01	7.893501409990175688e-01	-3.384418986411643071e-01
-1.002076147470194245e+00	-3.051978660478336658e-01	9.011384152716493956e-01	-4.500978053813620150e-01	-1.219208276559141102e-01	1.465597446003181759e+00	-7.963300984619242628e-01	3.014941084728251397e+00
-1.464459841195241863e+00	1.324156584963766203e+00	2.174923774740827209e+00	-7.918645736204574237e-02	3.098337005253680498e+00	-9.849161092125843231e-01	1.853270141485279521e-01	-2.271882438057917508e-01
-1.064151667838695747e+00	-4.517922808763633058e-01	1.117520013634675458e+00	-5.276875169081520767e-01	-1.566460741139899804e-01	1.748311487386075225e+00	-7.630937644625344074e-01	3.132315224465945125e+00
4.421199527443364641e-01	-1.104773899555486993e+00	-9.634689054874931990e-01	-5.192790109514873187e-01	-1.887698135992132709e-01	3.220792394627258304e+00	-1.183713183284262005e+00	3.104259679665853366e-01
-9.570408497185719510e-01	6.661206431258097638e-01	7.309441304552060092e-01	-1.321444817991746512e-01	1.697138004441489656e-02	2.101340908734142143e+00	-1.889559343045222606e-01	3.054973686158073409e+00
-1.821974599204279066e+00	-8.628205358701849237e-01	1.736868115593393380e+00	1.014135328989406726e-01	1.830057722412541388e+00	1.265469071751263996e+00	1.331690395677560090e+00	-8.987953658355235520e-01
7.492321251100261259e-01	-6.106917707142386353e-01	-7.997315101547151084e-01	-1.117555703612475249e+00	9.063609190040355923e-01	3.324972367205246915e+00	-2.883628835220369835e-01	2.962159739703247863e-01
-4.176822946750315402e-01	1.414450686983633743e+00	3.228141258501413979e+00	7.525925196577396004e-02	2.410093120695083080e+00	-1.069138567860656419e+00	1.430671835315978413e+00	-2.343445235194119847e-01
-2.205889933930887115e-01	7.379639552585628426e-01	3.555935760302356474e+00	-3.402791599470063599e-01	2.326367037454879494e+00	-1.299469635324395966e+00	1.003324073958330231e+00	-3.567720575453113274e-01
-1.723103758055275714e+00	1.118506852571157006e+00	3.049631289346962593e+00	-7.836212174230519634e-02	2.937809137366363732e+00	-7.887163713344575999e-01	-1.690590159156094840e-01	-1.638350223348770673e-01
-5.533890745504029818e-01	1.397433525463015913e+00	8.449861767360422604e-01	-9.578218612786204567e-02	-1.437706691625881605e+00	1.441878789378608472e+00	7.765104742970437846e-01	-4.526787644882014974e-03
3.884699130603778139e-01	-9.705838791162930690e-01	-1.205039810309118442e+00	-1.634508683113152505e-01	-1.423333817547450808e+00	2.772908070285819981e+00	-7.136146318161780133e-01	-6.560971978280383254e-01
-1.971263995211054887e+00	5.186211015195144602e-01	-1.946543799423619547e-01	-9.548604466541280589e-01	3.861350272931804994e-01	2.059645769760369394e+00	8.640840543350006842e-01	-1.584414012197990773e-01
-1.749680186449537933e+00	-2.474805360165576451e-01	2.273769822657272677e+00	4.620367231760898474e-01	2.142207901435882356e+00	-1.529285578650914079e+00	-5.823257562584203129e-01	-8.015889268160201198e-01
-1.673946102403450320e+00	-1.672598354814354815e+00	7.844714238256927930e-02	-1.225795645827469471e+00	-2.054206437541254981e+00	1.372902732109271273e+00	1.150913979304899692e+00	-6.071994558597374469e-01
-6.361615122725811089e-01	-1.894539791717376298e+00	1.815277405547701672e+00	-4.940710560291902698e-02	-4.511080209616873393e-01	-1.380559149694280952e-01	8.397702123348896874e-01	-1.540511628196995275e+00
4.061877769571262675e-01	-1.542999709883017934e+00	-1.091104274942014785e+00	-7.245481222194117832e-01	-1.026021179643338832e-01	3.288997740763022648e+00	-8.296387471583523965e-01	1.050843497294312590e-03
-1.067792213617200447e+00	-1.229287014008583867e+00	7.384902439833214149e-01	-7.663901661105220198e-01	-1.102425068537223884e+00	1.114978647097627507e+00	1.439859545092773141e+00	-1.832703997842410004e+00
-6.167017377720550586e-01	-3.784398564589139952e-02	1.336699261858173671e+00	1.132486227341355511e-01	-7.454490202161283552e-01	1.706943168305073977e+00	1.204290944961537102e+00	2.867309952801186945e+00
-1.008329030800618975e+00	6.791169097200148164e-01	1.289442175352296882e+00	7.262290723123632219e-01	3.855090734894580873e+00	-1.269325601039523521e+00	8.531922788697368087e-01	-3.385125515767538618e-01
-2.342025146579048922e+00	-1.810244739464349051e+00	-4.068185939049292488e-01	-1.594767589922265971e+00	-1.208279722990654170e-01	2.573877405762094561e+00	7.795075493819203505e-01	4.600192995932604889e-01
-1.182797818272891988e+00	1.035162193704683542e+00	3.358593122809748976e+00	-1.437221038879350210e-01	3.314152392524580826e+00	-7.891203212373590903e-01	-3.549077632869734183e-02	-2.385594856559661026e-01
3.832701725896553446e-02	-6.185713243793036220e-01	-1.491828642996959831e+00	-4.081659410382739162e-01	-1.317685781157186709e+00	2.750782252323082933e+00	-1.115221223658434235e+00	-4.913049630181859362e-01
5.654473077635946421e-01	-6.191001922941248292e-01	-1.228545961255139263e+00	1.787335986893501261e-01	-1.199981044021857457e+00	2.956935746322043368e+00	-1.219468618741657462e+00	-4.799592371362707000e-01
-1.187467711880425325e+00	-2.129236332437958623e+00	1.688603735414356599e+00	-7.486504222496017658e-01	1.131623690932204829e+00	1.097403185941548509e+00	6.328520734970102257e-01	-9.331164899186858985e-01
6.664584958562661532e-01	-8.872059552718863928e-01	-1.036629955197269304e+00	-6.882304897385869147e-01	-1.061145977951409303e-01	3.564475892583346184e+00	-5.909189326233272865e-01	-1.953250621148466259e-01
-8.108784249222606988e-01	-1.444951879837361508e+00	2.025076720739830805e+00	-9.466656399589113979e-01	1.734294117814892289e+00	1.346926202514145521e+00	1.352070859461277363e-01	-7.332838415362539219e-01
-2.632938773751016814e-01	1.670218974767607278e+00	1.305159718614473441e+00	3.285982842982622110e-01	3.066784128233913886e+00	-1.281865299634421751e+00	1.669513075096906718e+00	-3.281903531046643230e-01
3.734403067655647224e-01	-4.976148854752806411e-02	-3.997605934614601592e-02	1.032606200026578547e+00	-9.387248158050945923e-01	2.025434256707095426e-01	-5.316797623887850044e-01	2.011510527215334410e+00
-1.748773261963219694e+00	7.850800183137542909e-01	2.759061492223908174e-01	7.446753928175313675e-01	-7.943682137591577819e-01	1.456231801744601206e+00	-4.029132347670351111e-01	1.864848676948480666e+00
7.789079966894864038e-01	-6.012771103373301118e-01	-9.904558481499767808e-01	3.439990567457418269e-03	-1.412344427908343691e+00	2.816135723678069080e+00	-6.639185664967599543e-01	-7.135536914256468410e-01
-2.543844877409672245e-01	7.719968387105697882e-01	-4.138262921521488336e-01	1.391868229756198172e+00	-7.769690954373158487e-01	6.817525056944993000e-01	4.461013997916487561e-01	2.121996295004542343e+00
-5.280247225859511229e-01	-1.208392690340166276e+00	4.770636335722363564e-01	-1.549295380448188597e+00	-7.043944092312902361e-02	2.884867033988363083e+00	4.324711972448513908e-02	-7.991943880384158039e-01
-1.219057510456129201e+00	-1.621895232370146767e+00	1.788470231043387315e+00	-9.827241121192645812e-01	1.569341399884718102e+00	1.293674572471290585e+00	-1.590275364998803287e-01	-8.913745834786923616e-01
9.135553956225158645e-01	-9.758238750458096966e-01	-9.704789556820329066e-01	-7.423084185530223200e-01	-1.331629357946446067e-02	3.487095616476256321e+00	-6.358815384472352727e-01	9.139628781201410146e-02
-1.221625293081505470e+00	6.041877271197367838e-01	2.620897941296305156e+00	7.174638215420310328e-01	3.331827152332056396e+00	-1.001097747461725307e+00	6.068784186961396765e-01	-5.764500742104793941e-03
-2.867356536041387294e+00	-5.421699851407607573e-01	-7.032436195196644091e-01	-1.087427972406388582e-01	-6.129380261557432208e-01	1.523844887065046949e+00	1.404838067638903842e+00	4.355945052876147860e-04
3.288176268016108628e-01	2.227128023781493327e-01	-1.257149203560216755e+00	-1.679861283895573987e+00	2.208100450412813776e-01	2.492553596381630321e+00	-4.993726155199970096e-01	-1.146419544040898769e-01
-9.609564919233811731e-01	-3.626887619128041917e-01	5.736617058623041387e-01	1.708602350936420544e+00	2.116154830888428151e+00	4.933949806132719162e-01	7.717086377657776941e-01	-1.646205830675723014e+00
5.576038269647912715e-01	-6.684593739651030209e-01	-1.189890685138768722e+00	-1.055767469860753538e+00	-1.367235240022272695e-02	3.071346260387151972e+00	-8.343197723255810772e-01	-5.724435523208519505e-02
-1.327318762203407276e+00	8.108195284479483567e-01	2.621209948824793301e+00	2.457570741497265843e-01	3.483861532313135889e+00	-7.617167706270134842e-01	4.923370893897395240e-01	-2.289584282677609439e-01
-1.561752670451323599e+00	3.559010317016437774e-01	-2.403419573678606258e-01	-9.072950673665289290e-02	-1.334097473435822190e+00	3.034506074058282099e+00	1.246965718578497695e-01	-2.475937972486453309e-01
-7.650431721552924946e-01	-1.501923097067732638e+00	2.100294645889206890e+00	-6.347538107325252366e-01	1.045708629797896805e+00	6.836696664990957739e-01	2.397639209300676810e-01	-1.120025126447216746e+00
-6.680447734534871174e-01	-1.678776373546002620e+00	-1.391825794752576118e-01	-6.514618588410317490e-02	1.879389342292452358e+00	1.781782929650011393e+00	1.406186783607374258e+00	-1.420250766106608387e+00
-1.956614816326255779e+00	5.274184077263038839e-01	-1.045178916269712710e+00	-1.594524334783698150e+00	-1.543056441186105576e-01	2.317849981221633104e+00	1.594332977897485959e+00	-2.101906868667927919e-01
-4.404125278979958424e-01	9.006463225833305497e-01	1.491660650038119762e+00	-2.851972978297848127e-01	-7.259725810373125476e-01	1.594852879762926667e+00	6.967238999774768571e-01	2.775336336583974273e+00
4.216027728045498302e-01	-8.998910336821482892e-01	-1.192052610270990298e+00	-1.285015265704935183e-01	-1.251955926578709022e+00	2.743396916024038124e+00	-1.087277944126731954e+00	-6.446940926137271211e-01
8.552166272326077179e-01	-7.676606523850212360e-01	-1.096899893143401084e+00	-9.192932168811237537e-01	-4.098224626902309820e-01	3.331125275641376948e+00	-7.270003685818228201e-01	-9.137486170568326349e-02
6.489108732587122175e-01	-1.113494139314878506e+00	-1.161617382026006950e+00	-7.464930844000893240e-01	-5.491563016523457463e-01	3.189136993147589916e+00	-8.137359519848281764e-01	-3.341103286114847221e-02
-2.475897168818692873e-01	9.536875082945864834e-01	2.958509039841466404e+00	7.275355577006814567e-02	2.915567208857436476e+00	-1.355679933913154223e+00	1.366393021209672876e+00	9.229076259262621040e-02
-6.458244135896975546e-01	1.028166671571444812e+00	2.804318191617076184e-01	-5.040308595377414047e-01	-1.349124954254762088e+00	2.379449310829639952e+00	1.025210476402111492e+00	2.392391659687790550e+00
-2.353867427847262217e+00	-1.210161096258332014e+00	9.181330513179947195e-02	-1.013794703790776852e+00	-5.648595714029214232e-01	1.253490482430735797e+00	3.105601368846789834e-01	-1.472611760941586301e+00
-7.757076275216455707e-01	-1.449453067153103847e+00	2.390300388167031720e+00	-3.806774375665301635e-01	2.274035102934332642e+00	8.392386068075616823e-01	5.322808145900880250e-01	-1.052550794917063826e+00
-1.032278676385295801e+00	2.881891712853799914e-02	4.547588385828454371e-01	-6.680724739316373784e-01	6.021808376876507385e-01	3.109680733130537611e+00	8.362615221460288906e-01	-1.145928634929116008e+00
-1.636965162457699074e+00	-8.042915299564804554e-01	-1.188785076539184304e+00	8.066038015063470290e-01	7.330646764253048731e-02	1.537411462342863633e+00	1.359307609726274180e+00	-6.418291697706259846e-01
3.244982562649234570e-02	1.400469360236348049e+00	2.765284179528486153e+00	5.921684707002332626e-01	2.229027003596222745e+00	-7.220724117386976282e-01	1.303090426595647777e+00	-3.892021122107838238e-01
-4.182562572038999171e-01	9.493271524816754292e-01	3.525220576748297141e+00	-2.986401207288350568e-01	2.387195184408894111e+00	-1.185360736107736290e+00	1.218375635843534255e+00	1.403910276076450470e-01
9.580990912280383798e-01	-1.614213475301398582e+00	-7.237142954786689453e-01	-3.648575563193348636e-01	2.826025513742697060e-02	3.300342454005178450e+00	-7.212877677562071765e-01	3.513663313712074299e-01
1.123639920929884628e+00	-7.797437885379941980e-01	-9.315393539440159909e-01	-9.321410786669545034e-01	-5.720864771894945688e-02	3.569296784246105414e+00	-5.322156451323704074e-01	1.207314012189537183e-01
-1.387150572383502922e+00	9.682965808839405497e-01	2.846523637431297438e+00	2.006860047128302682e-01	3.346332975970847556e+00	-9.483165905290493747e-01	-3.156370525022777346e-02	1.102251376908435637e-01
-8.830462129510483482e-01	-7.788860310092261541e-01	8.240835734465958851e-01	-1.423177078711065802e+00	2.527943786514305069e-01	2.178260933419605916e+00	1.417686260880854698e+00	-2.082306427533727078e+00
-2.759204875253734590e-02	-7.506861639154821519e-01	2.535246035918737206e+00	1.339709744265874969e+00	3.179913097338869843e+00	-8.872660655787381057e-01	1.770220591505420327e+00	2.324196159759198688e-01
-1.098856165929150475e+00	9.518917106743745027e-01	2.799330179002466501e+00	2.653340360662906350e-02	3.388358664066610348e+00	-7.537723169241571375e-01	1.511560830666907607e-01	-3.431077173600988184e-01
-2.763857199805186404e+00	1.211771716905199470e-02	-5.404954772437091659e-01	-8.488485529177254296e-01	3.898769841254041135e-01	1.919138423395992277e+00	7.786244094982649466e-01	9.176073391235520793e-01
7.934992816264828663e-01	-8.212104459103252152e-01	-9.930140660766955119e-01	-5.627024269955634983e-01	-1.193305672515816845e-01	3.195227673708932237e+00	-1.017056331677320902e+00	-1.823834977971045823e-01
-8.684255383969712028e-02	-1.905453960463213248e+00	6.532371834054018223e-01	-2.828658100362897998e-01	1.272510712460944049e+00	-4.475269432195962127e-02	1.619376611172998803e+00	-1.479488520244026883e+00
-2.011367014964919875e-01	1.743423957463637874e+00	2.751145911438892089e+00	-3.384618285812381333e-01	2.733245120423197783e+00	-8.970398929021996537e-01	1.590667502529178989e+00	-3.627616213230032138e-01
-9.866035797480088299e-01	-1.727117578945616350e+00	9.609307926589236715e-01	-1.239067059274515437e+00	1.429714693756370725e+00	1.735926983009412172e+00	6.047470560649370608e-01	-1.290926384270934646e+00
-1.551052218727817955e+00	-1.346489477541263469e+00	3.288538710815280819e+00	1.018276112233489350e+00	2.866100936124645671e+00	-4.328476111600675358e-01	1.063781957743165307e+00	-3.800508082838930934e-01
-5.130897265353850933e-01	1.059070437943987253e+00	3.118564098611710911e+00	-2.694921015513611073e-01	2.272865116742994296e+00	-1.286878573965677619e+00	1.195238810927377049e+00	-1.413301912850546127e-01
-4.036202688218603063e-01	1.423622358721465531e-01	5.675959990404474409e-01	-1.876224119479682040e+00	-1.224115964851025806e+00	1.643133788668137862e+00	6.650485704141433363e-01	3.669102484787180596e-01
-2.413209731293551596e-01	-1.688867663063387647e+00	1.176471422076501128e+00	-1.309979565094900877e+00	6.887105000546537292e-01	1.391065406218533695e+00	8.933359728771309571e-01	-1.588774535744602590e+00
-2.495347598501971742e+00	-1.458301860944910544e+00	-2.018261511548300191e-01	-9.960731204275667938e-01	-8.343248687820581377e-02	2.412446502042403296e+00	6.318783718115666970e-01	7.696134559077637549e-01
-8.862070909538114494e-01	-1.399028224710842538e+00	1.274109594647829136e+00	-1.241531416614173322e+00	2.450809397426437219e-01	2.467054063472167158e+00	3.463341253121507979e-01	-1.598992265235666732e+00
-2.085743158046756474e+00	-1.278059124443809867e-03	-3.442532307469591268e-01	5.534733633373305484e-01	-1.193616040770217879e+00	3.067638589122033466e+00	5.384862569928563492e-01	3.603875959593440537e-01
1.227982994619003509e-01	-5.553988904575765106e-01	-1.435183344228637470e+00	-2.358152037140701374e-01	-1.033571501869878784e+00	2.628631615899609031e+00	-1.351632979544042490e+00	-5.346835577092170499e-01
-1.494941588127686405e+00	9.462888196075095459e-01	3.412583556452226108e-01	1.036408060144891063e+00	-6.639389934792089276e-01	1.898581761691912950e+00	-9.481086954139089640e-01	2.285455156302975688e+00
-1.998715125803338655e+00	-4.887738693919914112e-01	-3.502779435199164237e-01	-1.558801015962917869e-01	4.372807080826290882e-02	2.685317369537824739e+00	2.049208246323613647e+00	6.385102046134281117e-01
-1.432938511683830907e+00	1.087586728233575828e+00	2.768232849593528666e+00	-1.211703218865678722e-01	3.295233913547666038e+00	-1.002327728851502897e+00	-1.133808265263915732e-01	-2.057193963051213714e-01
-6.507315237254422957e-01	6.808162930500718524e-01	3.228919877408583883e+00	-1.357531921060053937e-01	2.270358100120014821e+00	-1.008256048325811394e+00	1.475166419276591423e+00	3.548328409285321228e-01
-1.774111655270675492e+00	4.500069897600066926e-01	-3.669625871238644255e-01	-1.131480073874986170e+00	6.045820076046892755e-01	2.192793318820113857e+00	1.284596655363039241e+00	1.087520237216420688e-01
-1.563766033961027979e+00	1.229044527652666474e+00	2.249238832284202072e+00	4.665495230970999052e-01	3.377058885077069750e+00	-7.466669301045295581e-01	-1.251416558478436469e-01	-6.538932007116832201e-01
-1.158236951793923941e+00	8.199384774238560603e-01	3.335849251978896923e+00	6.851981678354018834e-02	3.297800474331952003e+00	-1.108604820256607226e+00	7.023067454969306178e-03	-3.665534140725171808e-01
4.202986522062193142e-01	7.061384093675834306e-01	-1.242363743639693263e+00	-6.101583018712701811e-01	-7.866562763889208831e-01	2.134165285276620416e+00	-1.534176339092970132e+00	-5.818946799211690557e-01
-8.315451176331578598e-01	-1.407845878013301189e+00	1.075482317679854471e+00	-1.335344291436488806e+00	5.114791601041259739e-01	1.967375289101296998e+00	8.173735193767316387e-01	-1.704179363280153181e+00
1.146760510110079068e+00	-8.093556359516351772e-01	-9.197225627143825744e-01	-8.762877727392454075e-01	-1.218578961712092068e-01	3.153971535425427408e+00	-1.080559205744368700e+00	2.686381148309153200e-01
-1.572087805994817789e+00	-1.607073514170510364e+00	6.570087396047918915e-03	-1.936072700791027668e+00	-2.402658301752930992e-01	2.622529255504233880e+00	6.277069069528594669e-01	-4.344068496890357012e-01
-1.794249470014836589e+00	7.777659761628864521e-01	3.597820385339523530e-01	8.726198482135874013e-01	-6.239501269809772932e-01	1.640512949546597099e+00	-7.499496435695512941e-01	2.049304368907548302e+00
-1.414598376156063653e+00	1.872479482044843602e+00	1.838670119689223004e+00	1.061119716988492279e+00	2.217080636769122037e+00	-6.855807593516770604e-01	3.691638160403691860e-01	-8.582184032304109866e-01
-1.595219588809347666e+00	1.515759614680759926e+00	2.657025205899838927e+00	3.511976039462620380e-01	1.884476125088380138e+00	-1.539051332215594980e+00	-8.115282314320820811e-01	-4.639477822939048757e-01
-8.628056693660951515e-01	-1.515838611855466089e+00	-4.089093712137001901e-01	-7.595934294049969671e-01	1.548708458621919748e+00	1.367494246280070991e+00	6.819007356952301313e-01	-2.092555576406370577e+00
-1.456173369007961238e+00	8.010785841386399708e-01	4.437674339152722913e-01	1.024957828477476851e-01	-5.586434554969557653e-02	1.977666873391479951e+00	-1.490811234220937032e-01	2.452165654485564783e+00
-1.976057625415541752e+00	-1.680409539009975139e+00	-9.013445033117455374e-01	1.030791838663702276e+00	9.920866230917599893e-01	1.692484779005336559e+00	1.254730217502215028e+00	1.567285094333408013e+00
1.136349491043053828e+00	-7.431087727797465181e-01	-9.186735862185293477e-01	-1.098245027402511953e+00	-1.153873387305237364e+00	2.526063902137197115e+00	4.601277312274653086e-01	-1.448369848362734691e-01
6.468565592903233741e-01	-6.855039280170051041e-01	-1.163899208922258621e+00	-9.791563975131574171e-01	-2.776763739462517755e-02	3.137669008824857553e+00	-7.555174896153092901e-01	-5.548245067074372358e-03
-1.207056565961820427e+00	4.387616409035495768e-01	3.915533110640985748e-01	-9.421147633003296162e-02	-1.162811432597761624e-01	1.887253132261439870e+00	-8.667187774732498448e-03	3.172379551739364700e+00
-2.894363624360284382e-01	1.333302994509321104e-01	2.799569556564485584e+00	1.954698436189375776e+00	9.187464003799237222e-01	9.343408595941720129e-01	2.976861391996964423e-01	-1.002832303172396911e+00
-1.551654607074227366e-01	-1.676505216658484398e+00	6.399480304495331895e-01	2.901189159892302305e-01	5.707458838271044499e-01	-4.065816595201607320e-01	9.942746710309364744e-01	-2.035586085917682642e+00
8.091410668200295087e-01	-1.161003564591379877e+00	-8.997910264100106303e-01	-1.013255524834248300e+00	-1.555738296962564937e-01	2.931026408369608038e+00	-1.881412562809664513e-01	1.790112039754364615e-01
-6.446586247062828789e-01	-9.365820940666587102e-01	-6.212717929444723231e-01	5.490949162496197022e-01	-4.714382044972815211e-01	1.311092921442959192e+00	2.005552407350458921e+00	-1.169011410103198978e+00
-4.903788010578177259e-01	5.768014641247152241e-01	1.017840185504084172e+00	-3.975971192051787617e-01	-4.043311964951858961e-01	1.424939318868624571e+00	9.142474807203626597e-01	2.831884916218468717e+00
-1.572803188368032956e-01	-1.722930989661006329e+00	3.977139173086954860e-01	2.880792841585155251e-01	2.509932077010100793e-01	-2.250878822876390406e-01	9.948521235743883473e-01	-1.791934902208217828e+00
-1.156722170538986516e+00	-1.510753148175620675e+00	1.561526008897969220e+00	-1.295698529368799201e-01	8.443761364283697279e-02	3.574909200327731629e-01	-3.478851354976208454e-01	-1.736157421930532685e+00
8.026981125935487293e-01	9.381381179496770528e-01	-1.325278668978758567e+00	-1.191496149772676372e+00	1.037922734685007287e-01	3.005373667198812271e+00	-1.159414190735819083e+00	1.900451858917038273e-01
7.656206344109320883e-01	-9.904602078136064414e-01	-8.347368338255711784e-01	-1.174761696357811802e+00	-2.547757664875859862e-01	3.232630803658182117e+00	-6.729204053770475591e-01	-2.002382026571905838e-01
4.094132742829339477e-01	-1.461004824786862555e+00	-1.146944166950733646e+00	-5.887645393145947148e-01	-1.481665718257517139e-01	3.326573059595968385e+00	-3.984862747759518875e-01	1.484182838583008590e-01
1.329825520284093177e+00	-3.537165991974369206e-01	-8.366632460698960605e-01	-1.277982007988266444e-01	-1.837624905833398214e+00	2.439933806288129503e+00	-1.204204316747188031e-01	-5.585034363822896086e-01
-1.266610277651230243e+00	-1.642535909453308296e+00	1.972119532840174383e+00	3.021449029784352702e-01	6.619797460801157829e-01	3.117962710663383930e-01	-7.070220541633008560e-02	-1.893033393915900531e+00
1.167830860698578110e+00	-6.335713154860196372e-01	-8.235428783876946879e-01	-8.000114435179045413e-01	-1.998266694429760501e-02	2.968702364449548270e+00	-6.178759899970414082e-01	9.758693834861155436e-02
-4.823316153021325325e-01	1.574355517977616969e+00	3.263534122375684632e+00	-7.851534853213852916e-01	2.061323568896164193e+00	-1.312201436808173138e+00	9.202821779262897461e-01	8.875821025243975371e-02
-8.268789106905506392e-01	1.227915779101419025e+00	3.574762505670027402e+00	7.685084109425646126e-01	1.368304315912128200e+00	-1.634911651291513390e+00	6.692703184050674547e-01	-5.236635612594121580e-01
1.082349920134018983e+00	-4.369976909320281711e-01	-1.092519095868412560e+00	-9.283964764786065693e-01	-7.424152638736374044e-02	3.385400069513241572e+00	-8.896662010814623267e-01	2.716297659625543370e-01
-1.402932172808045053e+00	7.249141743042231134e-01	2.947821309325283856e+00	-3.216103748487018632e-01	3.389305116534744311e+00	-6.462081567379889258e-01	2.302896229294935371e-01	-1.090131343160619277e-02
-1.197619641789520406e+00	-1.886023778048656618e+00	1.689462830903148749e+00	-6.505089855508683350e-01	1.572245404083258746e+00	1.280647116351196324e+00	1.478856347223896084e-02	-7.553503756156799698e-01
-1.349248748619130689e+00	-1.067991240443232570e+00	1.772850819397795430e+00	6.549956153801361758e-01	6.604116194062188416e-01	6.316078059950338552e-01	3.114301239109251718e-01	-1.680337134052994008e+00
-1.320465088605914605e+00	1.520433739299131837e-01	2.375326308590269164e+00	1.221970825832486618e+00	8.025694546757931036e-01	8.303389620061061294e-01	1.089555470919069347e+00	-1.270279252194240982e+00
-1.949836377254080322e+00	-1.416344867408697805e+00	-9.576935514236882829e-01	-1.606048961469644487e+00	1.689760348192131945e-02	2.503996589677376594e+00	1.412730338028089117e+00	-3.091374294705706571e-01
4.982841090675286244e-01	-7.266839028108694754e-01	-1.119173573394668386e+00	-8.859687624575920406e-01	-3.951542561446315660e-01	3.164710014668556060e+00	-1.985526675520170592e-01	-4.690438848919694093e-01
-7.400168169961057751e-01	-1.590564445075401290e+00	2.474683509587052299e+00	-7.171122563389279447e-01	1.410416522067544864e+00	9.765948458124524834e-01	6.355020986360192525e-01	-9.680605844248494352e-01
1.936195856663252446e+00	-8.421157389708231467e-01	-2.704675645004805951e-01	-8.407781914655768629e-01	-5.994287691001851659e-01	2.139766830485058335e+00	8.518900196490628018e-02	4.378087239571115674e-01
-1.147341959817086643e+00	-8.995033748246129557e-01	8.854642956719454006e-01	2.209454540311560855e+00	2.372776917252982454e+00	-1.264079459341412980e-03	5.663103146460192194e-01	-1.255257149208848011e+00
8.434302384120236917e-01	-1.076424459842612036e+00	-9.072904210755854404e-01	-1.132158121081906499e+00	-8.270986557929947969e-01	2.562453766052791071e+00	9.587172637884440185e-01	2.228178548916397994e-01
-6.049902399952424847e-01	-9.806949701729149593e-01	-8.660882173675190643e-01	-3.121192186580232231e-01	7.488802763714322297e-02	1.870438514620630377e+00	2.480041569795812251e+00	-6.920358730982259510e-02
-2.159307521228556848e+00	-1.120845201347141051e+00	-5.091998081161960288e-01	-6.827338134411776727e-01	-3.239157244827117199e-01	2.698150619352718049e+00	1.743176238846722237e+00	3.964814359533335719e-01
-1.803580356981570265e+00	-1.885643517546748294e-03	1.761039026009400543e-01	-2.823790551734889909e-01	-1.977077101604380882e-01	3.212608603891613068e+00	2.772519875601553441e-01	2.378393860105270097e+00
-1.253846616701132621e+00	-8.834987779379414041e-01	2.032002201245963757e+00	-1.636822927439000874e-01	2.083558319947120374e+00	1.236267644093429707e+00	1.300672882599660740e+00	-7.471444758686025533e-01
-1.853510510407240908e+00	1.241364598773042838e+00	2.652008688338300946e+00	1.020999617303017137e+00	2.026610865644844939e+00	-7.336919751873156592e-01	-2.338377107443334324e-01	-5.605330792400943229e-01
-6.368492221425288424e-02	7.100113437484973922e-01	-3.220657205307000948e-01	1.352381087036244489e+00	-9.218848325848071346e-01	7.682009616260037088e-01	6.514217578465081315e-02	2.465097253334661787e+00
-1.104350175691269698e+00	-7.917446299297884460e-01	1.865216354189290993e+00	1.005150838427991022e+00	2.121754092056594487e+00	1.301269343408465451e+00	8.837103214671396811e-01	-1.185732928350520465e+00
-1.360121456447422661e+00	-3.538762330865322103e-01	2.406343525257700122e+00	1.224243061357411566e+00	9.396387618266461850e-01	8.293890064009044050e-01	1.072436225850899261e+00	-1.458905360403287554e+00
3.923768741027856555e-01	-8.958019587989887178e-01	-5.047142520763872042e-01	-1.065507318687181959e+00	-9.093081753084502061e-01	3.330092129050891803e+00	-2.012014374599253586e-01	-4.405604521195876505e-02
-1.537982320161059402e+00	9.425128477653138548e-01	2.409747490897096167e+00	-1.762568765581385699e-01	3.258161532552441120e+00	-7.486171101912856285e-01	7.004735808931554786e-01	-8.723756755854014666e-02
-1.586341961574280202e+00	4.754576935621807610e-01	1.702077590040601829e-01	-5.899965711297944226e-01	2.945660942520528791e-01	2.655070309544655949e+00	8.697726247419771406e-01	1.749172109386919249e+00
-1.311284123681641267e+00	-1.208782073805714896e+00	1.103448520061058313e-01	-4.668998581244667573e-02	1.633621648794762182e-01	1.685605599123486620e+00	1.955516229031860398e+00	3.221074439567690462e-01
2.518210461058821847e-01	-1.181534191858840233e+00	-1.315699402710925892e+00	-8.103660419370222190e-01	-2.827460569039180194e-01	3.145929170735490388e+00	-5.667254202449537592e-01	5.031190098381764508e-02
-1.655476791370749379e-01	-1.617659109941889550e+00	2.059580046466397807e+00	-8.849645780502090053e-01	3.197629395866294910e-01	6.445861555207851312e-01	1.401225188662201138e+00	-1.055636950529001084e+00
8.129367343699410720e-01	-6.594330421584915225e-01	-1.357745058031038399e+00	-6.479204878523788791e-01	-6.414521339688594725e-01	3.090439907251317564e+00	-6.972533514865850712e-01	2.681776486137488757e-01
-5.397624135455004746e-01	-1.943294359631682733e+00	1.316028775372465598e-01	-4.904978786897828402e-01	2.082740153940679573e+00	6.283660268507090807e-01	4.078644153158443864e-01	-1.199942604505867871e+00
1.162719402181217276e+00	-7.132981254682173589e-01	-7.954709803061541518e-01	-6.099317310369143375e-01	2.797862317760204665e-01	3.624953896314394353e+00	-9.051950334418127353e-01	-7.869424138914719868e-02
-2.179467072778740189e+00	-4.817142920893096036e-01	-9.815408710143262994e-01	-1.127388098323295784e+00	-2.959883399508285717e-01	2.821556676938252739e+00	1.540984364448042987e+00	4.495514542934708757e-01
-5.762998095693472322e-01	-4.172823567909830222e-01	1.076222147224040526e+00	-1.893040105784275839e+00	6.366969360740800665e-01	5.415434570305749373e-01	1.316375658253035263e+00	-1.108853670370122391e+00
-1.284443039483096571e+00	-1.096102695730513332e+00	8.959610968848921164e-01	-1.528733544027004232e+00	1.896079638185365068e-01	1.717112736350113744e+00	4.242351305254585814e-01	-1.847447807683209708e+00
-5.093539708823777712e-01	-1.600060127595530401e+00	-8.293872913022513060e-01	-6.148461718821935929e-01	8.698374608106840267e-01	2.576812369189095620e+00	5.800825513728677940e-01	-1.420579144643153491e+00
-9.176888522086263933e-01	-2.412403864745530924e-01	2.316777510198009260e+00	4.530505939486547118e-01	1.614891266363053912e+00	1.425788590450288496e+00	9.338217769110745969e-01	-1.226619652639546310e+00
-1.233158954390533024e+00	1.289211612914915817e+00	2.483872150934697043e+00	5.186949990296512158e-01	3.226522319532596050e+00	-8.263188168852156901e-01	7.917563227078175947e-01	-9.658116355521979834e-02
-1.078756838926004047e+00	-6.627025530328610747e-01	-1.371378358405452413e+00	-4.741224016620536053e-01	-1.399611782757156087e-01	1.971637506220769609e+00	4.885113388729876993e-01	-1.777209156320291639e+00
-1.264763343438509269e+00	-5.623946919165252467e-01	2.082519351208623082e+00	8.939121554804887460e-01	2.221587711601602511e+00	1.176481863619112334e+00	8.735737259096896246e-01	-7.886554951571890237e-01
2.681439363716262569e-01	-1.307946615232539633e+00	-7.828569713377793171e-01	-6.641073332278178976e-01	8.925166412690364037e-01	2.540659389297964754e+00	-1.635264260941885622e-02	-7.032118548960950011e-02
-1.219214649478944423e+00	1.466587999248354146e+00	2.846372649586988768e+00	-3.334734747867942328e-01	2.986534388915547122e+00	-7.197386417596870478e-01	5.510306678513738898e-01	1.364357176482204614e-02
-5.597389742596808881e-01	3.444636389854516811e-01	2.845494975760482159e+00	2.496700265583066680e-01	2.408472358641253752e+00	-1.452201185097080405e+00	1.272118154914804178e+00	8.269562369197665241e-02
-5.733488522528280562e-01	-2.076222340674836186e-01	3.223256168076013561e-01	7.151328879179372766e-01	-8.398983202896294076e-01	3.989273303059827080e-01	-9.859303594865034270e-01	1.626568275768812466e+00
-9.654336695178422634e-01	-8.032840868143428237e-01	2.339870255062003856e+00	3.891015146155786808e-01	1.903827577071156574e+00	1.504851697603938332e+00	1.054018264384587011e+00	-7.399208976575503138e-01
1.848859758336026893e+00	-5.847336120066584098e-01	-6.099883595254540491e-01	-7.517599434303173789e-01	-8.047781126180800770e-01	2.798186303508452433e+00	4.541104141631747693e-01	4.027727541811919609e-01
4.954611415794161200e-01	-1.094671347977661746e+00	-1.362875282302315805e+00	-8.524914987976279779e-01	-3.309719363769412781e-01	3.684165230142720571e+00	-7.966632666256414641e-01	2.527176612535478317e-01
-1.568741589645181955e+00	8.645106371646340548e-01	3.040215736115275291e+00	1.139071897524274180e-01	3.253832947306926737e+00	-9.813983554490521843e-01	9.589271879148611455e-02	7.377692510008067306e-02
-1.133926405221865608e+00	-6.446160683894515131e-01	3.917378096786300889e-01	-4.440766912932800348e-01	-1.160425737194354934e+00	3.003221213185000238e+00	-6.624526329521425172e-01	-1.254320885480271208e+00
-1.279720928549765713e+00	-7.314865760913821235e-01	8.322404446317803739e-01	-1.082121497773387286e+00	2.026345633305527416e-01	2.072192160232532387e+00	9.553899563611674139e-01	-1.862611183330731057e+00
-1.536269826380587400e+00	9.415301197075430784e-01	-6.074191066661047134e-02	-1.277942313634678195e-01	-1.473955512387650213e+00	1.395166938213106222e+00	1.461728047021491061e+00	5.649700968680920754e-01
-1.411523504755076264e+00	6.188451911550288953e-01	2.701522445424530350e+00	4.943391822465445506e-01	3.455770215010028679e+00	-8.822530913093472593e-01	4.081365241042134162e-01	-4.410667181493613254e-02
-1.632290689471278311e+00	-4.384807871446604888e-01	3.069375868399459861e-02	3.104313169467122768e-01	-2.676595790725031510e-01	3.064810544766416456e+00	6.632826704736316525e-01	1.248060255442504207e+00
-2.075481131030404214e+00	9.688081808161211894e-01	2.812740847072706440e+00	8.179049571854934975e-01	2.198449193965315906e+00	-1.016970296356872749e+00	-4.615063102001824014e-01	-4.091853055103040204e-01
-1.295596768142613486e+00	9.416347534938718233e-02	3.099756546455434969e-01	-1.846648344954543886e+00	7.015006549255401458e-01	1.660868035891944983e+00	6.323817988579260030e-01	-1.741339921874049956e+00
5.865856681902626990e-01	-4.848887144324943721e-01	-1.274209562240240956e+00	-8.126524134978939662e-01	-3.349288619587451055e-02	3.508306666755901748e+00	-5.968042259602356348e-01	-4.057814310086626380e-02
-1.120545928120536550e+00	5.777109783592055958e-01	2.740145321998348926e+00	2.785988371715071854e-01	2.932793300068361919e+00	-5.203845220072500499e-01	4.380916584870444552e-01	1.113685159503927796e-01
-5.483526057648234753e-01	1.113387042706202257e+00	3.527671903155709110e+00	6.950056329433504931e-01	1.263660300478329557e+00	-1.463392974558703319e+00	5.725746176274444377e-01	-8.886587580687953514e-01
-1.363923411801296171e+00	1.262205745860814021e+00	2.639083051513496425e+00	-1.651846607768933939e-01	3.195669224496455296e+00	-9.866616319136303215e-01	2.060160808790184872e-01	-1.780042782859280470e-01
-2.299910295895932322e+00	-2.721596929014165056e-01	-3.713543441530083866e-01	-2.828438901086147150e-01	-1.123168352679085658e+00	1.450708246833061210e+00	-3.427968926833960261e-01	1.094578514305636796e+00
-1.438073323542291115e+00	5.908610003852260428e-01	5.101778629891976502e-01	5.327693424413471046e-02	8.190519198562790093e-02	2.113525109937649749e+00	-4.071015748211839064e-02	2.731664936369073260e+00
1.619129628184332148e+00	-3.194743577572932147e-01	-5.551156969542586639e-01	-5.842665235907337773e-02	-1.782220405478630809e+00	2.104251759093882512e+00	-4.587192806603282436e-01	-4.455299340561183485e-01
-1.119979490321353799e+00	1.006666521676779613e+00	2.329153229238374312e+00	4.911874776203818960e-01	3.387340016835010292e+00	-1.178211299644449372e+00	6.170865141013655020e-01	-1.647634264822558370e-01
-5.955568281661420826e-01	-6.534494848967388192e-01	2.392133393033666344e+00	-1.920815551686210279e-02	9.483987195466447861e-01	6.471423700976370874e-01	2.138743558965811253e+00	-6.549959400337669324e-01
9.024519941964167513e-01	-5.814587045995093240e-01	-1.183961151867054085e+00	-7.420942814088256068e-01	-1.329609752342890416e-01	3.446028142705779729e+00	-9.065638377438591800e-01	2.600253061777571539e-01
1.389829241687564831e+00	-1.004779187612635072e+00	-6.079816774148136815e-01	-8.943231573682524083e-01	-1.432235211804950559e-01	3.351162475177557720e+00	-4.130540182874381516e-01	3.260034366208149070e-02
-2.039334240403783305e+00	-1.725065806739795482e+00	-4.630284543367424455e-01	-9.415205532010282319e-01	-2.023604009969003137e+00	1.232840019480954341e+00	1.300980053528686620e+00	1.762788306806705174e-01
1.119548011612453209e+00	-7.822364688313009351e-01	-9.726417769076938225e-01	-4.991168045043524737e-01	-2.632492283747314143e-01	3.335199467016142005e+00	-5.679182983620916225e-01	1.317132595711776322e-01
-5.536271896697461115e-01	6.434082505205744873e-01	7.299568482341406428e-01	-2.951674525741805610e-02	-6.341759795820020029e-01	1.483885285814614985e+00	7.698204942583523058e-01	3.229787254738875291e+00
1.412415579749117356e+00	-4.564007266158345844e-01	-8.353750847324106221e-01	-9.303367041482223099e-02	-1.915506037233857262e+00	2.340626042478125335e+00	-2.474863801599020696e-01	-4.031180236085162849e-01
-1.455965255468487651e+00	6.306425080179505205e-01	5.821213870116872524e-01	8.744577763912591006e-01	-1.054129729659904147e+00	1.453504814187092986e+00	-3.561443977814151007e-01	1.981213035498429198e+00
-1.422713911799439179e+00	9.575045435547316908e-01	5.489925976814491460e-01	8.632023542566302776e-01	-9.755584171928219916e-01	1.580201500425798544e+00	-5.354022070842118231e-01	2.217664984862300237e+00
3.064208027033625825e-01	6.188644751169157798e-01	7.981420202636758665e-01	5.401587218224772613e-01	-7.699622484819828028e-01	1.067876909315508716e+00	-2.445220279038391037e-03	2.639895636240606080e+00
-1.727084473293756250e-01	9.199231748566657485e-01	8.876737899149752531e-01	2.472390431921908105e-01	-7.182978382717316590e-01	1.297751738180322523e+00	5.635719644470034151e-01	2.555637346532560361e+00
-7.341178172792935941e-01	-1.579987558793372493e+00	1.391906236537785890e+00	-1.140530631743859269e+00	1.168583963352500144e+00	1.680653104581334434e+00	6.535598550642265359e-01	-1.429152586721032847e+00
-5.899890844040929228e-01	9.911365849793626337e-01	1.479006235405485814e+00	5.862087211598143721e-01	4.346218699050702128e+00	-8.015570770263191758e-01	2.118000979648466398e-01	-5.020068835931763562e-01
-4.805209459414466755e-01	5.348724393478584416e-01	-1.589566729453818716e+00	-1.067400415639779165e+00	-1.132976093753722102e+00	2.243916242459641275e+00	-1.041083655140891739e+00	-4.389706200396762958e-01
-1.207345648572073271e+00	1.582940257378252502e+00	3.180108659368353408e+00	7.233058569153543171e-01	2.047845990267913141e+00	-1.434067734641784941e+00	-2.470637771348514200e-01	-7.801714454781932817e-01
-1.876581892035246835e+00	6.945886553890515680e-01	4.567911834642101598e-01	6.833820956692633342e-01	-7.179500397543243650e-01	1.636682623795089775e+00	-7.909652373829869632e-01	1.966803279862777698e+00
-1.104125795980763325e+00	-1.456914900227956444e+00	1.656074307002148416e+00	-3.822437359007669899e-01	1.641770470717941910e+00	1.371181313889084263e+00	4.889380151766156146e-01	-1.044316249902017546e+00
4.548788641045488079e-01	-2.423400042223680662e-01	-1.436235279598763181e+00	-3.456152460551391581e-01	-1.555072959338179350e+00	2.954766881066949846e+00	-3.422532803607967189e-01	-6.274319408544138943e-01
-1.173874417420654348e+00	7.925139182377000102e-01	9.545712990953590937e-01	-1.448382391343478182e-01	-8.804119486922934446e-02	2.004173136532598765e+00	-1.125686429732061372e-01	2.572299601123900104e+00
-2.448724295310542032e-02	9.060077646693769360e-01	1.619910217121770302e+00	1.483668902556991576e-01	3.148078250333118167e+00	-1.703100603310134131e+00	1.237588280825337783e+00	-7.979615828587922899e-02
-1.041660808131557703e+00	-4.884862193080707904e-01	2.623116873863733378e+00	3.313884054474230956e-01	1.830034955978119493e+00	1.383508328268946874e+00	1.373215235543027157e+00	-9.631886677307567313e-01
-7.356498539367507528e-01	-9.921117708211042441e-01	1.683847990240808112e+00	-7.599261627745100833e-01	1.440625788532153173e+00	1.443071714546787510e+00	2.571054737983866634e-01	-1.359547623559384188e+00
6.528416169345706566e-01	-6.923885331729829895e-01	-1.330892043224423560e+00	-7.040272112306833474e-01	-6.480411352864307029e-01	3.270641653291737949e+00	-4.669376176402903478e-01	-2.742653727229515948e-02
-2.627115946831324322e+00	1.159037884923589667e-01	-1.236959859182622967e+00	-9.055944945056473294e-01	-9.261690781543338025e-01	1.679602136187346328e+00	1.107853929847061769e+00	-1.207353017542242557e-01
1.433801508640449640e+00	-1.167212098645114216e+00	-6.005909778606516314e-01	-5.759284257846041255e-01	-2.626132813289419263e-02	3.558042429051194500e+00	-8.858815106104726000e-01	7.743214131284024970e-02
-7.116363322089471755e-01	-4.902198403750250288e-01	-9.248567859135168323e-01	1.756520189716875846e-01	4.352883017333231130e-02	2.099849163755441062e+00	2.683309042136862388e+00	6.379651542689497301e-01
-1.476583667392087129e+00	-9.675707655494447668e-01	1.968826373116769002e+00	3.623805650307280746e-01	2.049869922098434660e+00	1.270667859466934724e+00	8.408943876070812395e-01	-1.028852162425651029e+00
-8.180811703897290788e-02	-1.450186635579105321e+00	2.528666104170552709e-01	-5.156008192945157331e-01	-2.102012084639469425e+00	1.908110948239950311e+00	5.647908030227681841e-01	-8.275726720279900084e-01
-6.182528082234243216e-01	-5.582030392950338982e-01	2.389198384667206021e+00	1.030283631136292399e+00	7.431769863963760825e-02	2.785384284545332489e-01	1.628205546010647486e+00	-1.328461956949868350e+00
-9.750761745804549241e-01	-1.453557467423793659e+00	1.937272486553171635e+00	-4.330101666659110782e-01	1.981609947655437631e+00	9.788021979393359828e-01	1.008889567872774728e+00	-9.396994877173692196e-01
-5.839995791988383811e-01	5.930422370759994566e-01	1.778258782431621388e+00	7.645614665430513490e-01	3.154223906916752362e+00	-1.622302710894284017e+00	1.684298519882425182e+00	-4.760267378445721953e-02
-1.503478605945888502e-01	-1.478332820084736987e+00	1.476791090891945935e+00	-1.328115224491341007e+00	-2.366035585782374773e-01	1.452862148849001223e+00	1.509656922715353122e+00	-1.420397585319212119e+00
-8.124941376600357534e-01	9.637810832836575248e-01	4.330679417993348879e-01	8.220988287837798225e-01	-1.441696475069934369e+00	1.022665135410267379e+00	4.311334453190832638e-01	2.279651124034863141e+00
-1.800615306563890794e+00	6.613059891659445189e-01	2.657821619993155249e+00	-6.029234735801412004e-01	2.825664330637465582e+00	-5.857934903685154682e-01	2.402905516516896378e-01	-5.964957437453649591e-02
-1.678754185399230936e+00	1.229757511182718810e+00	2.544157255342325730e+00	7.720041225671849805e-01	2.214901479366548465e+00	-1.189644260548680332e+00	-3.656531925125202642e-01	-7.025966458243088075e-01
-1.374205299260237156e+00	1.065345692709781522e+00	2.812621777682564606e+00	1.074662061969167581e+00	2.402312893792954096e+00	-1.261461021235178004e+00	-1.795190753148714902e-01	-8.379119249049145068e-01
-1.275266567925534389e+00	-1.302463676235652602e-02	3.315554268706623287e+00	6.727673760106795964e-01	2.567982819183757481e+00	-3.658973062441410184e-01	7.773536680855217540e-01	-3.317619399497243049e-01
-1.144086896266377940e+00	1.070680499700888522e+00	3.045055398924537915e+00	-3.063222597450143692e-01	3.257097260133156702e+00	-7.901187500370385752e-01	1.352382820114858275e-01	-6.222605020718513513e-01
5.122349499137409667e-01	-9.659126313800583397e-01	-1.140605156387903163e+00	-9.800860020670416617e-01	-3.455596895789141421e-01	3.053185638082040576e+00	-4.530763207483696209e-01	-5.984109249851115447e-02
7.969358159971372535e-01	-7.430399551633920519e-01	-9.553911751337124114e-01	-6.589253731456495844e-01	2.018277946201672002e-01	3.116146657079005067e+00	-7.652616593892314079e-01	1.576075131014926800e-01
-1.314513204632075327e+00	5.516038944838671521e-01	2.432691246644532956e+00	-1.649876461712694586e-01	2.033167862850035590e+00	5.741645854047294772e-01	7.340885237533337770e-01	-6.432614476735242226e-01
-1.546840634651645674e+00	-4.698433573679744457e-02	5.798156430341185885e-01	-2.722145235754951931e-01	3.990444432618953097e-01	2.110249389998416270e+00	2.255996813352237063e-01	2.795319474118351355e+00
-1.602145930768305471e+00	8.123219600973364818e-01	-6.311033221228704582e-01	-8.086932170454285140e-01	5.225735936312392305e-02	2.401032645299332913e+00	1.632518246721412547e+00	1.128821109450751647e+00
7.071634735916175751e-01	-9.220811030776420170e-01	-6.601904806673406512e-01	-9.788546130879069995e-01	-5.896416905052481727e-01	3.426371623753559525e+00	-3.671098406735948672e-01	1.878822888775348865e-01
-1.294030545170111735e+00	6.508148026955398180e-01	2.737119704212132909e+00	2.173692697939459961e-01	3.474950315677503454e+00	-7.979921784695218623e-01	-1.466158357673157109e-01	-1.708983077458255673e-01
-1.260549017285168105e+00	7.444336319958080317e-01	8.798192529405948203e-01	9.649873079927877573e-01	3.062682135433262953e+00	-1.480280472053047580e+00	1.504581860766406043e-02	-1.255858464096832661e+00
-1.411872367168280462e+00	8.769649489774192785e-01	3.091411864365800177e+00	-1.996672042988946287e-03	3.086473858759117395e+00	-9.315418186103420206e-01	6.789322382134457268e-01	-3.450334501784394492e-01
2.703284162698876836e-01	-1.409467294796528769e+00	-8.754060143836904784e-01	-9.468916913505808219e-01	-6.381019573212286522e-01	2.178062752745077990e+00	1.362222541658544506e+00	1.580929463012324676e-02
-2.060789512230184750e-01	7.269607550668583107e-01	-8.665925975054368235e-01	2.925115678327045443e-01	-2.162323930098908331e-01	1.918957733341028593e+00	1.553048880422466915e+00	2.296378710688494085e+00
-7.801244682312249434e-01	3.913314934353079311e-01	3.210234718696790002e-01	-1.457556606456948955e+00	1.525639661533868097e+00	1.758243869135458270e+00	5.733032348265800771e-01	-1.683196322761676189e+00
-1.266375443832651104e+00	8.807837869967138911e-01	1.018970856174822082e+00	1.290800623904653444e+00	3.154718717091329339e+00	-1.509166991472767005e+00	-1.443646505945627989e-01	-9.870950261228239597e-01
1.150586589327965648e+00	-6.615546255607446247e-01	-8.808691549649108055e-01	-4.692551824730517018e-01	-1.970284463244955653e+00	2.141369942749268063e+00	-2.739458646126557428e-01	-5.007482964092335731e-01
-5.126958231085377848e-01	-1.621238361445282994e-01	-8.022188827246830300e-02	-9.086232818632917763e-01	-1.402627883164934364e+00	2.661682620981149938e+00	1.874356978884266001e+00	1.313101390147833336e-01
6.157427799117728417e-01	-6.609764250070413460e-01	-1.162417111000857206e+00	-5.710632916895509448e-01	1.792006758920429155e-01	3.540875787892371118e+00	-9.843962720253707221e-01	-1.343062154527116352e-02
-1.656758454147647663e+00	6.783147611287148049e-01	3.292959544919633164e+00	-2.887844260444590305e-01	2.794322870965945782e+00	-9.412591213936077894e-01	1.687320903427873275e-01	-1.231555645949621580e-01
-2.778322288960310082e+00	2.121783822516377649e-01	-4.739979739769526468e-01	-5.001644074438732490e-01	-6.249459708642636224e-01	1.572155528279519432e+00	6.228353886155330033e-01	2.470935117913358736e-02
-1.087723610156937637e+00	-9.633754902655919938e-01	2.362864153040998616e+00	6.561597569242136885e-01	1.919433941865747340e+00	1.442419555665731545e+00	9.365142925671838814e-01	-1.122895202886722954e+00
-2.306097484751233662e+00	-1.230313939140532664e+00	-7.617325420679785797e-01	-3.448958196110072372e-01	-1.184079518620355209e+00	2.312495643728837535e+00	4.729845786087714110e-01	-2.774661423701083596e-01
-9.302752878101463452e-01	-1.380539021567182445e+00	-9.802010352168169516e-03	-1.850981704899402169e+00	5.341030145123489836e-01	2.295764268903274008e+00	6.839163557350519396e-01	-9.732648226377255130e-01
7.712384624380489440e-01	5.620398213712712865e-01	-1.239110228318445417e+00	-1.447903062938836305e+00	1.355623608343946851e-01	2.692756539842507735e+00	-1.009044335635860046e+00	1.164104322292093957e-01
9.365543381708812953e-01	-1.404802856457812332e+00	-7.787157501133199489e-01	-4.806408283404227655e-01	-7.585224525449688060e-02	3.017000250464342059e+00	-5.194415119935648084e-01	3.003793693238430706e-01
-2.714126530731572728e+00	-7.475412618046971547e-01	-4.160751844524077092e-01	3.258993576021098071e-01	-6.969050788859749712e-01	1.926535724773756231e+00	1.164881330972396878e+00	7.117952210558027570e-02
-4.565059437455757374e-01	-1.484351788169046227e+00	2.406482165171696330e+00	-8.609926536440524192e-01	1.655128266873302056e+00	1.322183266965461623e+00	3.834070440050740824e-01	-9.429360108033439936e-01
1.335443231431309830e+00	-4.285259598779368462e-01	-8.250785953444876863e-01	-2.330147883675761089e-01	-1.866464791541883050e+00	2.194965354878293251e+00	-2.762199466595445796e-01	-4.732377739444321163e-01
-1.829866387955067397e+00	6.031659987442973270e-01	2.766460502004152389e+00	9.962773119533769872e-01	2.560815282251355463e+00	-1.301878324951664556e+00	-4.448750803958618216e-01	-7.175987146286053608e-01
-1.368561747660921979e+00	1.141634714472643086e+00	2.828204523549072702e-01	1.075799299930457753e+00	-6.832108834457139013e-01	1.617034146795627070e+00	-3.759407984515798495e-01	1.936669151106430009e+00
-1.485328900248028106e+00	1.563277470688071658e+00	2.537511933998515268e+00	8.608074363075370883e-01	2.324555266364561668e+00	-1.322319762758251471e+00	-2.375253801648591345e-01	-7.019310894478527629e-01
-2.369817690087912876e+00	-1.208217992924355944e+00	-1.521305969695694982e+00	1.089974125752147582e+00	-4.952346007917664966e-02	1.824654419171577002e+00	1.318335638876524163e+00	2.062413923091570012e-01
-1.384248854555380159e+00	6.657523166864616204e-01	2.971965459558850942e+00	4.566776914888515115e-02	3.654567383199522901e+00	-8.647349216632002067e-01	-1.015164744399371238e-01	1.013998344903627169e-02
-2.281886625102271360e+00	-7.387305830149891728e-01	-7.308013677175131950e-02	-2.867955512119742534e-01	-4.536480242990249823e-02	2.451188720551850331e+00	1.634011313894284889e+00	1.156369483850287816e+00
5.837971069910092847e-01	-5.547795820357827035e-01	-1.188677254121557558e+00	-7.763007396104079083e-01	-3.036403431880135492e-02	3.305442076694566911e+00	-6.592828068813344489e-01	-3.751678183688042251e-03
