5.377238250077613912e-01	1.720899406523666852e-01	-1.736950229201495444e-01	-1.651324598653752584e+00	-1.005157511923731040e+00	1.697352410302340520e+00	1.124069548725530776e+00	-1.200426631045707015e+00
1.577395409192195563e+00	-7.256400082209247815e-01	1.327923231605903642e-01	2.447446936423048225e+00	4.947943136477104265e-01	-1.643333426684077114e-01	4.317002519881841804e-01	1.802166930525689326e-02
2.385006209052645820e-01	-9.412686196559314489e-01	-6.587589208921361683e-01	3.855614736772564610e-01	9.564673881701858393e-01	-4.854438462344930483e-01	-8.569502026335610312e-01	1.775027537164604929e+00
5.560395759679086503e-01	-1.473839967258807837e+00	-4.602690009612934730e-01	-1.664415442945856027e-01	1.172028517612636822e+00	-8.324375568493377342e-01	-9.885725117380981253e-01	9.450863498851738154e-01
1.905427394264396446e+00	1.348806044191290798e+00	7.681378565175702722e-01	-5.312345678343559641e-01	-1.226743352477095428e+00	1.299702959286895387e+00	1.741093788166297340e+00	-1.479039706954934363e+00
1.053215463330988977e-01	9.476794930805418904e-01	-4.294282021673862526e-01	-1.728874872331601642e+00	-5.835919475231140519e-01	1.480134683306558507e+00	8.733336369696264034e-01	4.065554710951674311e-01
6.296242309526346448e-01	-3.186758471720388952e-01	-3.302803753868522318e-01	-1.095497799362744828e+00	5.715723182668128732e-01	-8.886769455228867853e-01	-8.564985629020559488e-01	1.549529826907482422e+00
4.413603200141476002e-01	-1.306161838959424726e+00	-6.693611338790159682e-01	9.330385580031133053e-01	1.166679123178576916e+00	-2.990613949409631211e-01	-8.767493364939097367e-01	7.028165718036666343e-01
1.560561730674585368e+00	-5.753173980460294379e-01	3.793526704476040678e-01	2.476959103158712594e+00	6.360116921096139464e-01	-4.092495841497410802e-02	6.733471185535078174e-01	1.853634685197525778e-01
2.728806756194115946e-02	9.294703562022024190e-01	-6.498110338933836827e-01	4.412485092958553512e-01	-2.781290520867268912e-01	2.877306919974765176e+00	7.091719126912414684e-01	-7.742997764074950329e-01
1.949466381353758049e+00	1.186641307411536506e+00	9.804956842360114111e-01	-7.219590802433623056e-01	-1.371150263835104743e+00	1.175436097535614177e+00	1.906988987896126808e+00	-1.746610574168606655e+00
3.006882153928382984e-01	-9.664507226228247205e-02	-4.039501496127955171e-01	-9.303927586417960471e-01	4.473711830545654689e-01	-8.892688128072705478e-01	-7.641137644831171860e-01	2.625247536204058374e+00
6.212720263678186416e-01	1.128546003814087761e+00	-1.903118201473868731e-01	-1.733732434718508353e+00	-9.478721942147859680e-01	1.762904403723750235e+00	9.066515856897947589e-01	-1.313108422398876041e+00
1.568754885163332169e+00	-3.410649299492841124e-01	5.771222801579434236e-01	1.947238447664748406e+00	6.946121424818185730e-01	-8.996996046747383902e-02	7.009882406926468690e-01	1.993306384820816013e-01
2.757247945327938043e-01	-1.324442844312746059e+00	-6.334523259079766211e-01	5.795459221352496915e-01	1.055286704695503897e+00	-4.764586331148892295e-01	-7.969408400804213199e-01	1.662063693032373113e+00
2.163022112464505764e-01	9.050668798594612152e-01	-5.357464409841008468e-01	-7.752419613963279499e-01	-7.008469688799017216e-01	2.562761216980339984e+00	1.053469072705959020e+00	-7.443827370128424104e-01
5.553371063379123340e-01	-2.366797266583300086e-01	-3.596235506329667486e-01	-1.021839393905406457e+00	5.659813070405556035e-01	-8.469460815766080009e-01	-8.571427054605125218e-01	1.689244576827711786e+00
4.750170036504349769e-01	-4.631962922626189222e-02	-4.377488952846478876e-01	-8.267711167634678171e-01	3.672689777841619541e-01	-7.360533239100975900e-01	-7.535601170326289289e-01	2.089657055069217506e+00
3.118821086505677020e-01	-1.229136739983468729e+00	-7.069350445324388277e-01	9.047408015358501254e-01	1.119145873486883769e+00	-2.939875341984099499e-01	-8.543223558167459819e-01	1.111389297288904787e+00
1.651144902723457708e+00	-3.582526927586518473e-01	3.031224697065609819e-01	-7.095956159472699420e-01	-1.342153802975063204e-01	-4.466907806310537188e-01	-1.862053742845681814e-02	-8.602664644426594176e-01
1.802312279576060439e+00	-3.437204559113857805e-01	5.380558934503542057e-01	2.181920188064435884e+00	3.104963808401068337e-01	-2.802100182835354780e-01	8.292213821546468022e-01	3.284963132487124793e-01
1.618826847045720774e+00	-5.372009141458314874e-01	1.805298421530198150e-01	2.085846069160945948e+00	4.003947112298087974e-01	-2.469464143155752911e-01	4.183415037833062566e-01	2.293492871113064768e-02
8.899039374950556969e-02	4.074598650056843185e-01	-3.402170490036651174e-01	-1.696329446363856741e+00	-5.702873782067174879e-01	1.461245368397062094e+00	9.588889369435632526e-01	9.088009336676919347e-02
9.416309140572026726e-01	-7.515624260232016685e-01	-1.444197747701894408e-01	-1.348246469651859014e+00	6.636069760605609602e-01	-7.675671029628829967e-01	-7.591261626052469014e-01	1.267884427227643773e-01
1.808412539562602506e+00	3.652692965889917653e-01	5.240662082943446931e-01	2.292990819095501731e-01	-2.825132870404981761e-02	-5.681121788366623182e-01	4.934443590113601341e-01	3.780029601347980051e-01
8.616200428894389418e-01	-1.067640250859171580e+00	-2.753162269829476094e-02	-7.854141664097236131e-01	5.965366652744585885e-02	6.125749098334275500e-01	-1.676496196770384597e-02	-1.476168273749916660e+00
4.594273901033094631e-01	-3.223060454656727081e-01	-3.938729479043912018e-01	-1.066640215155180593e+00	4.303678732938456264e-01	-9.909170068112241880e-01	-8.228923901382890760e-01	2.351467391310955168e+00
1.774845097265518978e+00	3.580105026135729229e-01	5.566823635971458462e-01	1.680127357061557136e-01	2.904804581988124079e-02	-5.686843307420740290e-01	4.823542295392805879e-01	3.495952774224672654e-01
6.013222814561777207e-01	-2.440060646196831329e-01	-3.231641904177073310e-01	-1.109325085782898013e+00	5.978231403324243409e-01	-8.501503922862188034e-01	-8.680266495550204020e-01	1.455357951954615592e+00
1.420367538638242499e-01	-1.037154177630653651e+00	-7.639956694652205726e-01	9.822719428384393270e-01	9.851650796414527234e-01	-3.211648203447747263e-01	-8.174663462877259645e-01	1.867289773703565636e+00
3.065751652443681197e-01	1.325740781466506479e-01	-4.530084450143657682e-01	-6.375858038791278881e-01	4.404927316377666990e-01	-6.183177026186394976e-01	-6.789320226283250825e-01	2.392259592386359657e+00
2.723414982676211626e-01	2.615819457435891726e-01	-7.447081757669398172e-01	5.083003262939547184e-01	-7.562136973012814067e-01	2.881506191062678024e+00	9.913814294598668475e-01	-9.752707360266402725e-01
6.328832030742993497e-01	-2.925334650379738943e-01	-3.402124837201976337e-01	-1.057915379971543501e+00	5.892254136870309633e-01	-8.088866625327952864e-01	-8.689751389849602603e-01	1.320775972821071731e+00
1.620347644740528503e+00	-5.346994004035097170e-01	2.848982757845178182e-01	2.227207295471051118e+00	4.876119900253385042e-01	-1.798563220933770135e-01	5.321528356004789906e-01	9.418269073221463561e-02
1.419018340129286182e+00	-8.496504402229252406e-01	1.001656924417135275e-02	2.764814511867966118e+00	6.258542599999971090e-01	-2.008797006313025810e-02	3.738028461690860449e-01	-3.685941005055126674e-02
8.081469608297395801e-01	-5.318396359845649624e-01	4.366731711230469326e-01	1.945047911721023093e+00	1.663636031706297480e+00	5.598766554749733393e-01	3.216419271382955913e-01	2.201511982133966261e-02
3.305409427528459010e-01	-1.248889613834256229e+00	-6.332069449225657953e-01	3.504546912560341232e-01	1.047911720325223062e+00	-5.786352977073488946e-01	-9.024366018397723677e-01	1.498822800007199696e+00
2.000566195588425966e+00	-1.510472989520174891e-01	7.556790018260758357e-01	-3.999462545880412556e-02	1.042932247564772041e-02	-9.815606842905042484e-01	4.862134208808203129e-01	7.446461672066118087e-01
6.033286183881494402e-01	-4.731393305613845746e-01	-2.993582696404726295e-01	-1.270456285029206045e+00	6.201436214867717123e-01	-1.056647232917382828e+00	-9.104441008945129976e-01	1.672309537374509825e+00
6.608136009803777799e-02	1.045016148908333831e+00	-4.317685442240275506e-01	-1.749210528311277102e+00	-7.024723974841435847e-01	1.679129792553059275e+00	1.044128573478342314e+00	3.574638687453368657e-01
9.670071345611959412e-02	6.415598286516435156e-01	-3.668702609377218482e-01	-1.821334407866184391e+00	-7.762212479615268057e-01	1.552207353192091244e+00	1.098188661256382481e+00	1.508937524796713503e-01
8.432229986888517548e-01	-1.495741239218566943e+00	-3.476178103108538697e-01	-3.544899899416051325e-01	1.016267372662141177e+00	-7.595154746824211989e-01	-8.815219959486122470e-01	1.382320939442691632e-01
1.128836620198149232e+00	-6.425482588400367456e-01	-1.735638200148557631e-01	-9.603820022863860384e-01	1.658109946845831573e-01	-4.931359607995655647e-01	-5.281239579640203408e-01	-3.948272935136690753e-01
2.943491196245869301e-01	-1.240870373727630982e+00	-7.189121135275614582e-01	1.124995827057171827e+00	1.138678108953470325e+00	-2.203307725735815514e-01	-8.539466152857568826e-01	1.035662357693831082e+00
5.087443376434782616e-01	-1.447488704741293764e-01	-3.745577839255412878e-01	-9.456473050975867656e-01	5.393666572555163574e-01	-8.009119998762171955e-01	-8.352414474138527556e-01	1.812857734438769075e+00
1.823448507483408809e+00	4.381671473776208581e-01	7.758551141314425914e-01	2.997418717440695213e-01	1.056092255358636045e-01	-5.530934526485232761e-01	6.896706738553690652e-01	5.117255765458567085e-01
1.442512657112864582e+00	-1.202357719462450403e+00	-8.326269001654618140e-01	2.275019950648825784e+00	-2.263142436077040243e-01	-4.461529626222644485e-01	-4.035311956690249557e-01	-5.152429335926649312e-01
5.816572609625855206e-01	1.489086003899248833e+00	1.678738488363010206e-01	-1.686114202652563732e+00	-5.948543351240518362e-01	1.966061823602065495e+00	8.819288203811680438e-01	-1.972423902852838529e+00
3.343657541898663599e-01	-1.312007452565366883e-02	-4.417780043083311958e-01	-7.551829033400551117e-01	4.497412995288704307e-01	-7.230865236688674980e-01	-7.427558359072152783e-01	2.381209631716991293e+00
1.189983809084537603e+00	-1.206408104919344026e+00	-8.225843480533622243e-01	2.133870836511285063e+00	1.244527459072067299e-01	-2.146545740883864239e-01	-4.879480347663536777e-01	-5.620877137396826928e-01
1.287333771531450788e+00	-1.086358801803403162e+00	-7.913631455966519956e-01	1.883679183709240146e+00	-3.018254502308345688e-02	-3.197174112137863289e-01	-4.727690634938255809e-01	-5.173111695119390063e-01
2.652113467672549407e-01	-3.255088365970528613e-02	-6.561074362484439204e-01	7.564412129361454129e-01	-6.359976308205189666e-01	2.949013095044312305e+00	1.071311916620835802e+00	-1.072795034306923689e+00
8.076408384430353027e-02	-1.254610713129290733e+00	-7.644642030651001008e-01	1.250662869125220178e+00	1.069580066796437023e+00	-3.110250684216484540e-01	-7.962168225534879129e-01	1.935355373424361591e+00
1.501557065806640834e+00	-6.941904181912336158e-01	2.715605400842994732e-01	2.718373159841206643e+00	6.857630829633624137e-01	1.538418718223182047e-02	5.931326662152447415e-01	7.375422351845550839e-02
1.730000002817148941e+00	-7.582467864012247816e-01	1.933899802618110897e-02	2.602849551294159181e+00	1.825616988964325893e-01	-2.694391308882722602e-01	4.434285191620496169e-01	-4.479916715482124001e-02
9.227308609495036285e-01	-8.477758219482230961e-01	5.731777181518560305e-02	-7.724024439690637678e-01	3.669475644544450965e-01	2.832342443044379987e-01	-1.084595057134514068e-01	-9.518080761496009456e-01
1.734279357358401663e+00	3.873312957294379189e-01	7.605947579418994575e-01	2.046505673703468697e-01	2.302363719907710160e-01	-4.725226821321063531e-01	6.371284521118314448e-01	4.502914463338806295e-01
6.919167432984335564e-02	6.812030433396694118e-01	-6.620296255194886292e-01	8.101119354780604853e-01	-3.751616960338564621e-01	3.067426146918716512e+00	8.395998135532588558e-01	-1.010541972400101018e+00
1.743433128660904385e+00	-3.359869866349154410e-01	5.086472804650551405e-01	2.019674191635003613e+00	3.828115314928795532e-01	-2.687036895897925715e-01	7.330997722870973288e-01	2.669270529827089122e-01
1.779823150414489019e+00	2.987380277821871655e-01	4.356371160279030041e-01	2.047262224617269477e-01	-3.291454658002235245e-02	-5.768808730941346052e-01	3.842622674519444170e-01	2.693793839441913085e-01
4.525261867311173303e-01	-1.807449521047210239e-01	-3.826235244415215342e-01	-9.481752763569263331e-01	5.085501604195332703e-01	-8.530512916538489643e-01	-8.135526790859863855e-01	2.098539114594232036e+00
3.066607097059789178e-01	-1.316036991018633362e+00	-6.817038924629960084e-01	7.571065605250697494e-01	1.122502076189620723e+00	-4.039218982861878526e-01	-8.689439536652565632e-01	1.226789553980311975e+00
9.464472645849545396e-01	-8.181050579769034714e-01	-6.629216830682583828e-01	1.152877155234385942e+00	3.643489436502996837e-01	-9.254612603282216798e-02	-5.325321977551413788e-01	-4.329795151737040881e-01
1.988090015588583892e-01	-1.242378172798971336e+00	-7.473359186484370698e-01	1.136019555887572530e+00	1.115889685383216534e+00	-2.632327949605525186e-01	-8.128542761812028727e-01	1.482546653162608585e+00
1.715611808493115120e+00	-5.861222265433897460e-01	4.729923564212316078e-01	2.536525413394874473e+00	4.408227203064923883e-01	-1.271663417923903638e-01	8.332736191205071252e-01	1.898768902628661381e-01
1.404831015445764608e+00	-8.913023766189632768e-01	8.396786906179787291e-03	2.652121833741820645e+00	6.926607076260029583e-01	-1.092208022336586815e-02	3.097865206612365752e-01	-1.348284529779507912e-01
1.528475535501847282e-01	-1.126427979975100913e+00	-7.234833717844428858e-01	8.227899302343548715e-01	1.091555030035459506e+00	-3.581549698622404354e-01	-8.400849285020108859e-01	1.725578948212843189e+00
5.889665282715382810e-01	-5.456064280760980489e-01	-2.963925710231049004e-01	-1.307975554088867343e+00	6.250925856662138402e-01	-1.116171507595070889e+00	-9.286811422001678418e-01	1.780408440639055678e+00
7.478756780216810895e-02	5.948758386163065515e-01	-3.871113229531462085e-01	-1.566944001275757614e+00	-4.650574329491755088e-01	1.562870485097811235e+00	8.633345798064649967e-01	1.100234982531560768e-01
7.036953971578413514e-01	-5.751633919708998288e-01	-3.765019152947141068e-01	-9.557538988391049706e-02	7.379964056424762608e-01	1.196922138642801670e-02	-6.278040277557775939e-01	-5.096249337782992050e-01
5.410604093291454531e-01	4.303084024639080019e-01	-9.296840863557868095e-01	7.682532511645223661e-01	-1.110223009557038454e+00	2.787767099920972491e+00	9.703457508460220371e-01	-8.675446466349588936e-01
1.804213342613662840e+00	4.122271379758016829e-01	7.715986607753926307e-01	2.510840314414230501e-01	1.541464431334121643e-01	-5.196095757875270893e-01	6.553248636350277323e-01	4.174752847472190664e-01
2.467756932481242338e-01	-1.042800022859217135e+00	-6.553667328255243785e-01	4.177682744605913379e-01	9.655827507904527485e-01	-5.232137574362920596e-01	-8.465796128242155660e-01	1.842547715600310720e+00
1.599132224772731758e+00	-6.038104476164992684e-01	2.875097820976972307e-01	2.403011771730563684e+00	5.303687259175601243e-01	-1.325041667603227280e-01	5.754981447958315011e-01	1.074633154276331548e-01
7.460527560961598414e-01	-1.799174302373134429e-02	-3.544503219936543936e-01	-5.975533028582995509e-01	4.167077194934301065e-01	-3.111420862772283288e-02	-5.724763119863124361e-01	-2.976035070782618308e-01
8.227049878314082187e-01	-3.278585798056076195e-01	5.102257667166203436e-01	1.420805204076595052e+00	1.596711496334087599e+00	4.444345585919855512e-01	3.014588400235517773e-01	8.215484312827661673e-02
1.352262182203239238e+00	-6.865471176938329201e-01	1.782252526847144525e-01	2.259595946389315380e+00	8.320947868476523679e-01	1.518410197520533855e-02	3.578701805465220320e-01	-1.264832217205707696e-02
1.782989106765980658e+00	4.453250630697458412e-01	8.314501376476317596e-01	2.368321843204704846e-01	1.926965827237913098e-01	-5.045131275913923297e-01	7.175713537679649923e-01	4.962569268890330010e-01
2.834133932021393187e-01	-1.177381594888487593e+00	-6.875300872506564520e-01	7.014434832406480913e-01	1.064854824395060628e+00	-3.905482551218512066e-01	-8.561036628374276702e-01	1.377441777028861836e+00
4.514195023241190929e-01	-3.760284817178274896e-01	-3.521147203557301597e-01	-1.156622583627213263e+00	5.611499150497623045e-01	-1.055516654736348370e+00	-8.842243148198815073e-01	2.247582192025758374e+00
3.465078168079774867e-01	4.858544674243699957e-01	-7.802663778537730632e-01	-7.545921491612695986e-01	-1.102392390950455603e+00	2.271350530235670462e+00	1.111852601950352293e+00	-1.609387962489117752e-01
4.892584111685700510e-01	-3.075520559737172088e-01	-3.605944425750748916e-01	-1.076458404102256017e+00	5.615806771492622973e-01	-9.434190789202593352e-01	-8.552676627327423509e-01	2.004760727421420086e+00
4.268836064476827508e-02	-7.999445927751245300e-01	-7.330622719644361851e-01	6.910884284400069522e-01	8.644176803538333731e-01	-3.950527463733258804e-01	-7.656707590677916953e-01	2.396096002240629907e+00
1.479621663792163755e+00	-6.507828269126797460e-01	4.186125453045270728e-01	2.695332985388664060e+00	7.994309495642376584e-01	8.494664280395258782e-02	7.175693028609637647e-01	1.657870748650319692e-01
1.217908314007915827e-01	7.451444387203449704e-01	-5.948723532624855537e-01	-1.235719227821043403e-01	3.901249784702192636e-01	6.870104263330996386e-02	-5.860833954350364028e-01	1.742677904929490706e+00
4.396748134550780285e-01	-6.062040571379311016e-02	-4.206190097614941337e-01	-8.204876068147222146e-01	4.612144549140495542e-01	-7.367785101369752621e-01	-7.710617814917613000e-01	2.057501755118042119e+00
1.844228716715574368e-01	-1.310872089371383886e+00	-7.615031422720222043e-01	1.210846514268290042e+00	1.142831567324277930e+00	-2.734045803251366480e-01	-8.332100783073196348e-01	1.455979819958493016e+00
8.708481381222215045e-01	-5.445168706474807774e-01	6.459471422075636626e-01	1.780757423735551459e+00	1.704902020853850342e+00	4.527365083313192873e-01	4.634638894967270106e-01	2.308842044533080395e-01
3.199648022418448701e-01	2.953709541162305441e-02	-4.407698767101179138e-01	-7.294895945597152931e-01	3.999819787874225874e-01	-7.442451357090867914e-01	-7.300863182625572101e-01	2.511339139595774483e+00
1.079770276766334414e+00	4.109383557672661169e-01	6.301895373291915847e-01	-1.990457891482833863e-01	1.041746001442783065e+00	4.480217646280597321e-02	2.488694111340061799e-01	2.863029129879215984e-01
1.338525519066976255e+00	-8.401911955868459625e-01	-1.256821938748387824e-01	-1.059602632239101005e+00	-1.467286397724392767e-02	-7.692573240808652235e-01	-5.168876420919085168e-01	-3.217176578259580699e-01
1.747516736928985015e+00	-3.085221949765604710e-01	3.708853739098096347e-01	1.797893396034072389e+00	2.817955264462317921e-01	-3.425451749869495299e-01	5.614891791310052671e-01	1.826419923296669634e-01
1.198546920148228390e+00	5.549919756991804620e-01	9.676124311334081129e-01	-8.494823131033851782e-02	1.178455500347508345e+00	4.258267842442002571e-02	5.474944834063455446e-01	4.387134842776095889e-01
1.495934411101426109e+00	-4.600076409059339344e-01	3.933767890110686505e-01	2.043398047432180231e+00	6.705215170895421073e-01	-1.178235365799589762e-01	5.719409174610756708e-01	1.917866049789938021e-01
1.708144968618914961e+00	-6.128968700844563688e-01	3.155100998385509392e-01	2.621279399731426540e+00	4.047864223951092022e-01	-1.640097649644526590e-01	6.767986176019578082e-01	1.265728098962592418e-01
7.141123132450691857e-01	-3.624183063118756043e-01	-3.602590580645290697e-01	-4.122476961702001841e-01	6.184586048232652011e-01	-1.117784400779426868e-01	-6.330169857807240730e-01	-2.396390457443846322e-01
1.547522123886990730e-02	5.996840536836981483e-01	-4.915310490244843566e-01	-1.509521823902199911e+00	-7.568723075917647147e-01	1.849594345761977676e+00	1.197843157658441404e+00	3.877999826839658715e-01
1.942119074307973037e-01	-9.651574692065740813e-01	-6.991151684880594352e-01	5.674460664583673708e-01	9.312380404137857726e-01	-4.464297749683452388e-01	-8.262237748063741005e-01	1.936245912350040843e+00
2.236720780366725503e-01	-2.459107119978024281e-01	-4.636629948108854649e-01	-1.081420529177204326e+00	-8.314619653544221833e-01	1.811404182764309256e+00	1.222558594190058745e+00	-6.347855092623211348e-02
1.997699967692757594e+00	2.632659967699693127e-01	3.892674076385057580e-01	4.424692700193312844e-01	-3.118709799034097285e-01	-7.461057257090453199e-01	4.839460531008791810e-01	3.197086046044930741e-01
5.238873729893397391e-01	-1.531306042420922109e-01	-3.494722000485532831e-01	-9.629586690363579615e-01	6.058718675248577767e-01	-7.789095482297391237e-01	-8.178398776078984467e-01	1.730907094644096977e+00
1.237396018148668730e+00	6.698793801076791121e-01	1.154652556458603208e+00	6.065748589430228210e-02	1.232452553645705162e+00	6.942325760337586527e-02	7.398172431262234339e-01	6.047368836585496066e-01
2.944497206956970814e-01	-4.032319538075505860e-02	-4.079618584070225928e-01	-8.671652196403603075e-01	5.377491234251734475e-01	-7.726662674418569576e-01	-7.518808435072722451e-01	2.464072874061199681e+00
1.063272434123912147e+00	3.731132898149931432e-01	7.011319210674212821e-01	-1.667906149338541921e-01	1.086324997661409775e+00	1.493999129046091889e-01	3.696724396013945646e-01	2.748426395915600784e-01
7.950683498700379381e-01	-5.562335992408712348e-01	-2.257704729081783657e-01	-3.908200366100332834e-01	6.066736935671618314e-01	9.136579246088362416e-02	-5.315361665465768715e-01	-8.633144459833503870e-01
1.121031809947962810e+00	1.338713657423511449e+00	1.925574284033599870e-01	-1.882483031782302918e+00	-9.164985469670529072e-01	1.208588216508996727e+00	5.677203889352302468e-01	-2.199929723072270527e+00
4.994999559471495765e-01	-3.214479716079751692e-01	-3.403412015346936603e-01	-1.113903475372964191e+00	6.345863052480622546e-01	-9.260777664482406912e-01	-8.569758529322853979e-01	1.889021921100403789e+00
1.784600400509054052e-01	-1.064063240514230735e+00	-7.611461027052487394e-01	1.024688773796483821e+00	9.901334665801541091e-01	-2.982613461553533241e-01	-8.044877475871754502e-01	1.707783860470116988e+00
1.335105567784449221e-01	-1.075173288915962866e+00	-7.568739119353308231e-01	8.863485554388854659e-01	9.674610411233038887e-01	-3.724853225049352123e-01	-8.092962245876537120e-01	1.982982210953824653e+00
9.598338261478879530e-02	-1.142034250059627665e+00	-8.055764771463411744e-01	1.406358467232877274e+00	1.082294081513875739e+00	-1.677044828542254007e-01	-7.801965375414920967e-01	1.705871933917081584e+00
3.467438027186395821e-01	-5.935545038924310013e-02	-8.098090311556769283e-01	3.405177432014548922e-01	-7.735870737476339132e-01	2.600980572108402278e+00	8.950812286775244875e-01	-7.759492119550193134e-01
1.381914078230518372e-01	-1.045168427287926027e+00	-7.028570868823597051e-01	6.853484388606946309e-01	9.796951846561269273e-01	-4.307958237105148358e-01	-8.067360783864008233e-01	1.930692404342194246e+00
-2.212291614543967777e-01	1.055880564582128700e-01	-7.257260399168344311e-02	-1.494771432042411696e+00	-1.357541008789688586e-01	2.050986745936668854e+00	1.443497984596640027e+00	6.384830702157637261e-02
-6.416212463292839119e-02	5.076445986523017151e-01	-6.023385868323823944e-01	2.734679758789126391e-01	-2.323476268397171307e-01	2.915961203222038112e+00	8.602633692786217923e-01	-7.129878450079835117e-01
1.028784693543244755e+00	-9.775497364010495849e-01	-1.110049243363493005e-01	-1.578496315275246031e+00	6.226815324569064947e-01	-1.024700089843021633e+00	-7.968603389281602167e-01	3.091593472520674513e-01
8.167011770002358118e-01	2.947344272437854573e-02	-7.726663175723157140e-02	-4.902562606435286185e-01	6.599887160699392519e-01	6.450135962842024062e-02	-3.117592982551007919e-01	-1.972672822424096362e-01
8.803906223714996759e-01	-4.233500552778255988e-01	-2.186457793671384431e-01	-9.394646991499949751e-01	4.859874597436825150e-01	-3.383276415775518520e-01	-6.243642264555580024e-01	-2.354679803312321740e-01
1.199659946014872247e+00	-1.143655558866168098e+00	-8.042789037133805108e-01	2.036828010142543999e+00	1.056441476809754365e-01	-2.226029246822608387e-01	-4.784256498745049213e-01	-5.429944959810690808e-01
8.560719002634880059e-01	-9.766235465186747788e-01	-4.359824385223082938e-02	-7.788541040192358267e-01	1.378100125057550585e-02	6.478974212709781577e-01	-7.455330106196928451e-03	-1.488776830282658947e+00
1.845600189793712653e+00	3.072869492018679427e-01	5.829062039783236004e-01	2.666821274556573917e-01	-6.060508418450355483e-02	-5.725428863689865366e-01	5.815319211210782102e-01	3.541300042863128050e-01
-5.634573302350095320e-02	-6.989720930279495759e-02	-2.061486294796110730e-01	-1.519129948341312319e+00	-5.324456591321422572e-01	1.914725371868367665e+00	1.429910390911491636e+00	-4.392185643972749270e-02
7.766946213887053752e-01	-1.861054924909294916e+00	-4.488037231001036353e-01	3.577212907168775269e-01	1.241402912281854398e+00	-5.412486599006112176e-01	-8.701498262148993357e-01	-1.476972926365904271e-01
5.515518113699494074e-02	-5.423583292773145326e-01	-8.548422086830477218e-01	1.947319576784683814e+00	1.095903771962613682e+00	4.972170956191763747e-01	-6.870652717545034927e-01	7.157056017385508007e-01
1.030607456879861994e+00	-8.006934567933648994e-01	1.175658069751024382e-01	-9.840467092966754814e-01	1.377953833915347148e-01	4.044722418039840006e-01	-1.623546592923710008e-01	-1.758369839579419613e+00
1.700080714178416885e+00	-5.315524302394570855e-01	1.892484704664645356e-01	2.313405718159271540e+00	2.609663798471297258e-01	-3.109234621793989795e-01	5.176850514256479130e-01	2.786809624643178385e-01
7.607073350368375175e-01	-6.167129176610524066e-01	3.644288327647086656e-01	2.134161275699503424e+00	1.716054265498588638e+00	6.057744503829075589e-01	2.708378533978196279e-01	-1.180222539186434258e-02
9.870431495078383355e-01	-7.873837333629865043e-01	2.743011298586772728e-01	-1.069978052276558955e+00	-3.127067854690525339e-02	8.345092451709190673e-01	1.488623830582345153e-01	-2.151748292788532080e+00
2.536920199804337805e-03	5.185460516261642949e-01	-2.095108942475326641e-01	-2.092543944968071834e+00	-7.795602591319248376e-01	1.443799156182658194e+00	1.299306492368450971e+00	2.194780097196294133e-01
-1.892597750510663646e-01	1.041647409876032437e+00	-3.572125564204345904e-01	-1.592521433972916567e+00	-2.919482693139574536e-01	1.943805586219268022e+00	1.148320322059648291e+00	6.177180962294025468e-01
2.472701558812351041e-01	6.516778581542810311e-01	-5.650261666789360149e-01	-1.942652958843092970e-01	3.879288392311937006e-01	-3.466743297985984407e-02	-6.419474625327277195e-01	1.448809829856857689e+00
1.341310292493970380e+00	-1.111589987913816469e+00	-8.472400500865610029e-01	2.091078862611895683e+00	-1.088934725101716738e-01	-3.066270802708541687e-01	-4.570263788944954886e-01	-5.333427121540267324e-01
1.501922331315837411e+00	-6.803238830251158165e-01	2.363719030608865679e-01	2.520413373662584000e+00	6.527843430856055118e-01	-5.084206358517700391e-02	5.262624903398793741e-01	8.428016537203633640e-02
1.079468958585044991e+00	-1.935791324207789266e-01	-3.312640572286304486e-01	-4.896146534232190817e-01	-1.359591448721592793e-02	-2.799534311153825117e-01	-4.557804283478975038e-01	-4.249124888020466839e-01
3.724013289664566129e-01	6.586219030307128852e-01	-7.981548337844615038e-01	7.787336953485483049e-01	-6.717078645820134808e-01	2.786160699096296156e+00	7.071244845460663564e-01	-1.060370411604771412e+00
2.423166204036552307e-01	1.702135434593729235e-01	-7.247243640760393513e-01	1.088587802811891575e-01	-4.842911569121305382e-01	2.460865585171497560e+00	6.671229638307369925e-01	-7.642232839167844016e-01
2.344998450108941590e-01	-1.100960557144267549e+00	-6.530213993080878909e-01	5.017369426016752287e-01	1.003435316040246494e+00	-5.276194729792273996e-01	-8.740057841552775209e-01	1.775296531413724344e+00
1.329014925505447087e+00	-3.482543759559104668e-01	1.005091483712735378e+00	-5.892750076084000144e-01	6.961331239583051778e-01	5.390047294171458336e-01	6.570473499624707170e-01	-1.230810433024824402e+00
4.628825104352926600e-02	1.932264584350316394e-01	-1.836856732734268027e-01	-1.813838560105171416e+00	-5.993449496644926988e-01	1.571582794020975005e+00	1.233319757067309341e+00	-6.618459803943574360e-02
1.622903970733608148e+00	-2.841253803077061213e-01	7.186095255319169262e-01	2.020280920756476473e+00	6.765261556396222620e-01	-1.079716098691261422e-01	8.668799888593177183e-01	3.219352699047468569e-01
2.403982072991154850e-01	-1.415723441995408782e+00	-6.904339703408318707e-01	7.428341327516939652e-01	1.092828673499295355e+00	-5.242963116010769253e-01	-8.695836822386857623e-01	1.672957135253702710e+00
4.322660057687299773e-01	-1.811661364026475041e-01	-3.503077451634690198e-01	-9.613598079413347985e-01	5.765152858540184555e-01	-8.589792551847561519e-01	-7.820330026016940606e-01	2.200055380333232335e+00
7.622030640908179500e-01	-1.722452746527772360e+00	-4.463646046734814354e-01	3.713888270769111211e-01	1.214561303357324373e+00	-4.756354646745765136e-01	-8.568850480443497286e-01	-1.875882011299804808e-01
5.517773109144020749e-01	-4.393408133053782194e-01	-3.109566963611404278e-01	-1.228871521052746107e+00	6.215235705808122013e-01	-1.047712954425092713e+00	-9.004178127721669256e-01	1.850975125566467927e+00
1.610594302751763740e+00	-6.807903275929401143e-01	1.282136582777923250e-01	2.486051244588301401e+00	4.211804216128473000e-01	-1.835957136765508091e-01	4.599772020866075839e-01	5.332028262262050733e-02
1.943207752100636565e+00	3.484672874219153504e-01	6.197631498865023847e-01	4.428195684262606346e-01	-1.041946933268376035e-01	-6.411503372090370245e-01	6.200842571215472443e-01	3.825057338128527995e-01
6.080325620126855735e-02	-6.322293321165727287e-01	-6.938139783382125669e-01	5.473442859897726942e-01	8.255834437913457391e-01	-3.978409233969498748e-01	-7.617702069624818773e-01	2.395248388490605063e+00
5.266269973825441486e-01	-2.115872252032120759e-01	-3.059304151801518490e-01	-1.027268062431283102e+00	6.816833650706916048e-01	-8.164194128404053119e-01	-8.020287673215719115e-01	1.759172365727500242e+00
-3.370190680559706498e-02	3.579673755627942322e-01	-6.419388500711420420e-01	3.870438541141325017e-01	-4.312418382575593512e-01	3.065319165388572742e+00	1.076182726305220605e+00	-6.842086554989083025e-01
3.069066451439024790e-01	-1.246588441443698292e+00	-7.151019025818101671e-01	9.140568970866933540e-01	1.126530850500482739e+00	-3.063524179946935933e-01	-8.723472638924032463e-01	1.134314578981557631e+00
1.784277826459460981e+00	3.712042065225775733e-01	7.833811044903310483e-01	2.855862027343127885e-01	1.606864200448953617e-01	-4.790592195882427129e-01	7.024477809502213121e-01	4.388601129100522247e-01
1.753511648799940925e+00	2.717793783288315890e-01	4.654232989279419863e-01	2.396977967102688067e-01	-3.335185289521335611e-02	-5.568206820586044659e-01	4.544157067354592239e-01	3.868150288626532873e-01
1.576616620506174904e+00	-6.872577563664705735e-01	2.954392321989226522e-01	2.705720239493099477e+00	5.935719065487894408e-01	-5.174508259308722991e-02	6.397817917100169227e-01	1.124592666676091646e-01
1.568060554852699129e+00	-2.423220353595634813e-01	-4.598065834677691477e-01	-2.745505567713385497e-02	-5.596144854523418255e-01	-6.551368467368490212e-01	-3.162956643502990994e-01	-2.929142544390572200e-01
1.312744640415469233e+00	-1.086991901208761879e+00	-7.864061927737592272e-01	1.974128793888974220e+00	-5.057411211343779828e-02	-3.428151462781384162e-01	-4.514161853805165325e-01	-5.110322028742259048e-01
1.839252459939600293e+00	2.625427147388880167e-01	4.435876179494208094e-01	2.639160869399756471e-01	-1.059305817604664773e-01	-6.317259079819323997e-01	4.394044074209666473e-01	3.021858559344191564e-01
1.046122678246815541e-01	-1.098651606758756838e+00	-7.674607648879055999e-01	1.298856093202104933e+00	1.227485479600649132e+00	-9.123275259314067576e-02	-7.894102869987013049e-01	1.406299955879972252e+00
1.587015313457631693e+00	-8.097356808873182876e-01	1.550433932474046261e-01	2.776294949582486904e+00	4.851210536279083607e-01	-8.773313218610838404e-02	5.643575183756034397e-01	3.324814283780128110e-02
7.673051073902337205e-01	-3.889009855825572570e-01	-8.237816466981316699e-02	-4.029643880938180850e-02	7.840467991650434953e-01	2.924948976991800231e-01	-2.425476414606752007e-01	-5.042607089489944405e-01
1.145090644642376421e-01	-1.261823602699255531e+00	-7.708456883032906992e-01	1.201409628657794659e+00	1.091591350995297915e+00	-2.970545119270016632e-01	-8.061963098008105844e-01	1.788413626081740704e+00
1.563418666409912117e+00	-5.481095409933828266e-01	3.455847223955115788e-01	2.338556136941935204e+00	6.052366514452868218e-01	-9.642195628985822387e-02	5.974986012963534598e-01	1.489744758919245848e-01
9.777849918727506973e-01	4.881473950419726870e-01	6.518718212033870474e-01	-2.544476484488799595e-01	1.155232838225244141e+00	1.249430284994858253e-01	2.444764388931023880e-01	2.810742617164000978e-01
7.567289938440047159e-01	-1.795861208059103209e+00	-4.437059239508102104e-01	3.730436000438431265e-01	1.211215224477542485e+00	-4.751187261289180341e-01	-8.351203766130077533e-01	-1.858358485784449288e-01
2.035339479883004621e-01	-1.130837091601740285e+00	-7.349769684752677223e-01	1.023423140960362687e+00	1.071013276413232962e+00	-2.635472275829268129e-01	-8.280507104254500872e-01	1.412633860414655551e+00
1.006503759713980539e+00	1.328105261748480925e-01	3.390616733284546602e-01	-4.220857447522718409e-01	8.006424310918857090e-01	1.191146049899675929e-01	1.887300080590409435e-02	-1.459237274072928414e-01
5.569947690336354285e-01	-5.495488470004114001e-01	-5.413021744301632632e-01	5.949450263052981080e-01	8.515764731516082264e-01	2.140480209394110267e-01	-6.294972996808150256e-01	-3.936269708182289495e-01
1.029255676448956880e-01	-1.398991224675674161e+00	-7.044123802422974645e-01	8.857055489439217277e-01	1.033137525374054011e+00	-5.472150683238820035e-01	-8.058364628602511237e-01	2.236471542732044071e+00
1.489729450399619015e+00	-8.219197927526827874e-01	-3.931755574560881483e-02	2.570388107732283434e+00	5.241507445632298534e-01	-9.151546512413551160e-02	2.767370500818900902e-01	-1.272050478112331795e-01
1.151748255647563057e-01	-1.249177426391176349e+00	-7.315718343580265293e-01	9.318173188487842706e-01	1.076650126153046116e+00	-4.061503584924904819e-01	-8.189055780879457291e-01	1.943658996941239225e+00
1.525477395435830941e+00	-7.880702522331622939e-01	-3.472057896000535493e-02	2.517553384346949308e+00	4.559033580551569154e-01	-1.417375953326926730e-01	2.939507193275343599e-01	-9.621488486694529385e-02
3.063606504671178010e-01	7.589778207026426360e-02	-4.536246153222225352e-01	-6.878026365135494480e-01	4.232580333592346200e-01	-6.697462153235497206e-01	-7.164810209994700863e-01	2.429942005555325579e+00
1.825946298014593960e+00	2.064373142505765701e-01	4.229087518838829940e-01	2.674838197242954685e-01	-1.202263539345000271e-01	-6.071446168218099793e-01	4.459010094709827676e-01	2.715335891711757044e-01
6.628974657423780670e-01	-5.571527458348188855e-01	-5.136197882115556279e-01	4.831231160980455352e-01	7.400764564280104540e-01	1.283945838781088422e-01	-6.186130927269952728e-01	-4.913715704876769896e-01
2.271493690226178419e-02	-9.811629154133424402e-01	-7.543509755346068379e-01	9.044183838376718132e-01	9.315048933118187380e-01	-3.996467732092357505e-01	-7.846609361212857348e-01	2.400855590763803171e+00
4.718568940257975020e-02	-9.830399389363418949e-01	-7.712258171376599192e-01	1.094469665082200782e+00	1.081441668120122657e+00	-1.956014814749610364e-01	-7.793620905315614689e-01	1.852623153103257092e+00
1.728717572251802226e-01	-1.127355737276708014e+00	-7.291557515019149172e-01	8.169534421543663827e-01	1.020348957645889953e+00	-3.999522074185064002e-01	-8.375890839881073857e-01	1.812964179286267408e+00
1.507196467345869317e+00	-8.363704722297519156e-01	1.808063341249256384e-01	2.915654784538413757e+00	6.461865003319625655e-01	1.194131690452772399e-02	5.706577058612376518e-01	2.669552363419999685e-02
7.826105442448870742e-01	-1.776816887501262876e+00	-4.263994674678901475e-01	2.032399401698079533e-01	1.212608520146510216e+00	-5.576756564290213936e-01	-8.713115814489089672e-01	-1.353512545574964143e-01
1.659730052416775070e+00	-7.227692419398125123e-01	2.936194108673541303e-02	2.459108909690363109e+00	2.937866405581171514e-01	-2.516097863634155773e-01	3.867619755952230731e-01	-3.230795820651547606e-02
1.885380237750085008e+00	-6.238668582285444852e-01	2.744585070633184243e-01	2.701356024360033192e+00	9.842965269196596312e-02	-3.182739602951040192e-01	7.333546140146854908e-01	1.463974338223243132e-01
7.781769237537841111e-01	-4.611561960141900007e-01	3.724517579883499518e-01	1.657008178514450591e+00	1.623549503419384976e+00	4.848331763137861961e-01	2.060244116200991571e-01	7.577565879992309572e-03
1.356701497104325860e+00	2.039254533282070236e-01	2.050505377771609794e-01	-3.286387388875051108e-01	1.797252648960960264e-01	-4.302716161442647902e-01	1.769709653352533052e-02	1.671773098582935435e-01
4.588949832827943220e-01	-4.167798340230486898e-01	-3.565133515744292048e-01	-1.129878479576787331e+00	5.360269864993668643e-01	-1.028659315072627756e+00	-8.528993557495700983e-01	2.203841949937718425e+00
1.804653960720310035e+00	2.152200170375358212e-01	3.260046905926425320e-01	8.729393262262200026e-02	-1.617686229234740480e-01	-6.583144460695856681e-01	2.836709253640748996e-01	1.305864451167645379e-01
1.199431163095605379e+00	-1.137059657194331885e+00	1.225120851588103466e-01	-9.089410093833092397e-01	-2.521081865115825660e-01	3.596308284987261850e-01	8.654856143933813140e-02	-1.863466578142267238e+00
1.371535956650068000e+00	-8.069076741804953601e-01	7.743014745470416793e-02	-7.133664627585590834e-01	-2.610260324412566613e-01	-4.695376378443907178e-02	2.909195112485413182e-02	-1.284129107457133712e+00
7.674232347451935832e-01	-5.881544274714249898e-01	1.341481312188761710e-01	-1.015173205891495956e+00	-1.631941627940647066e-01	1.109631872184801082e+00	3.743717942388824493e-01	-1.866263491374007710e+00
1.878218606469697349e-01	1.920370237740119113e-01	-4.413741574372475052e-01	-1.612422338506078745e+00	-9.494477676167097924e-01	1.555150416956453618e+00	1.158828465206672265e+00	7.474701044169118624e-02
6.705735191223078928e-01	8.303199759353800946e-01	7.367106914801413442e-01	-9.232668150780926064e-01	-9.157556133548140631e-02	1.897279236124827184e+00	2.009168078372729038e+00	2.631942762738916919e-01
3.731333305768787523e-01	-1.274216536492929430e+00	-6.965844236626027586e-01	8.323352725730355228e-01	1.101424166471591803e+00	-3.432224986246862897e-01	-8.733892695444926968e-01	1.043014052830871785e+00
-1.771140444021219659e-02	3.416159279691970418e-01	-4.453358090550482706e-01	-1.362705101483891346e+00	-5.491989367610797812e-01	1.857444072563704029e+00	1.113225616191357403e+00	2.588609640773161247e-01
7.959546344728519740e-01	-1.096704107560747987e+00	-3.764595804809326429e-01	-8.717567575625580212e-02	8.213225556837928654e-01	-2.097181189818080604e-01	-6.996825510971527162e-01	-3.907909873681565949e-01
1.825170665680583060e+00	3.836914551129725348e-01	6.927295037490811547e-01	3.074739011688099599e-01	6.648573038535560142e-02	-5.615760032779488764e-01	6.284323918019748545e-01	4.446800894454944197e-01
5.454626293160041994e-02	4.245834765261498056e-01	-4.471896970050771580e-01	-1.394439422781146076e+00	-5.222233189029835687e-01	1.730128517551873246e+00	9.528901410922010484e-01	1.075394523289134041e-01
1.017696824682350343e+00	-5.336840836813011579e-01	9.178093228397868342e-02	2.088573464498920451e+00	3.921549428279813010e-01	-4.695404349368749175e-01	3.906207859370561808e-01	2.610768046952247179e+00
4.011851882613817200e-01	-1.635332807980388325e-01	-3.840770180539724299e-01	-9.683616271375636853e-01	4.911909972077190822e-01	-9.060565522083872114e-01	-8.231499154820941522e-01	2.326566060919332823e+00
1.823478101968633025e+00	3.936197318157805825e-01	7.127100772174260745e-01	2.998685676876915451e-01	8.686371614370341776e-02	-5.457884300205886330e-01	6.378637633737229695e-01	4.439324766060908090e-01
1.981816679393134661e+00	3.112854208995174954e-02	5.803985565733130736e-01	1.641476955416580896e-01	-7.402171703452237184e-02	-8.276042909904329781e-01	3.975248739131593823e-01	4.130564331472065254e-01
-2.394001434137485729e-01	8.525348686917947338e-01	-2.465480335239385035e-01	-1.608155973032766806e+00	-1.694345902393402381e-01	2.017638075884912841e+00	1.226493049618080811e+00	4.282467600304447064e-01
2.481136881398813554e-01	-9.692048049921256903e-01	-6.707172447220806077e-01	4.438941511479946311e-01	9.594253530743520608e-01	-4.727355464301505328e-01	-8.615233505490799137e-01	1.731754824298868956e+00
1.609369967566755655e+00	9.473215170900328719e-02	1.294372919473102124e-01	8.139942260976945620e-04	-8.071814565197889257e-02	-5.494114189180213659e-01	7.900840188713054157e-02	9.017783629658721045e-02
7.197176026688480999e-01	-3.078136940157569570e-02	-3.720120485290007162e-01	-5.608513587423099578e-01	4.302369755948187713e-01	-2.720557348329724276e-02	-5.685848421877197634e-01	-2.435534253848556374e-01
1.740479301431341108e+00	-4.724497017580612246e-01	2.865167942782457788e-01	2.099709089771166326e+00	3.170406895640123235e-01	-2.909442456507884689e-01	5.166358219468557555e-01	3.099878530858413139e-02
7.708325009875487410e-01	-6.071890212816590804e-01	2.754910533686729668e-01	1.911742466382259753e+00	1.605439560978206170e+00	5.520756016976872127e-01	1.972238989156984423e-01	-1.246880491000661000e-02
-8.730431912745761219e-03	-4.706361936894546960e-01	-8.912076687067000957e-01	2.044653602625837507e+00	1.035725777481538934e+00	5.253956101876077200e-01	-6.555949177101243475e-01	1.028857958187525679e+00
1.885264365109217799e+00	3.147281907236894050e-01	5.418531161615695035e-01	3.097018728550278155e-01	-1.022684297294950417e-01	-6.514803615651291180e-01	5.332290753678501360e-01	3.611999999350849477e-01
1.405345819154973475e+00	-7.496288840048231927e-01	1.318236605705057074e-01	2.477512549011443355e+00	7.394881569464958337e-01	-6.855358143060971904e-04	3.918413048932153364e-01	-2.660462917630924615e-02
1.924467394241584084e-01	7.191853864005885999e-01	-5.955800700052099605e-01	-1.377356821159734790e-01	3.375624570460487028e-01	-7.306587032494631789e-03	-6.080064859827133406e-01	1.683478645712073174e+00
1.352838611941130087e-01	-1.237398846772786554e+00	-7.531014696216412618e-01	1.132391194183874017e+00	1.092654199208350718e+00	-3.065196419270647676e-01	-8.047524350288478567e-01	1.755630158519903450e+00
-1.506536919235451633e-02	8.176632402393628762e-01	-4.382278646766695207e-01	-1.706810653637199193e+00	-8.477071429440369288e-01	1.889870647270242898e+00	1.345970460064660701e+00	4.478981620272654562e-01
3.195015595084855220e-01	-1.014711195230543345e-01	-4.324446253003673135e-01	-8.523923034037181878e-01	4.297281867896666219e-01	-8.349322319227406863e-01	-7.551113351033276189e-01	2.575889133417589516e+00
8.972205490010187745e-01	-1.156720318983317064e+00	1.868032335160863533e-01	-8.332121075186973425e-01	-7.593829490703077334e-02	9.497862507627867767e-01	3.298872114631947738e-01	-1.947962576802962475e+00
1.506161225646349133e-02	5.651720731095183359e-01	-6.569936860239228293e-01	5.048096205839379680e-01	-3.812360815461972585e-01	3.005939499277248128e+00	9.441796580493108104e-01	-6.890194927692775417e-01
1.234198053328496636e+00	-2.940876407975632212e-01	-6.684564892179667428e-02	2.837722685199109751e+00	4.957298519166955519e-02	-2.779562975813110737e-01	5.687059092035712249e-01	1.785185890869273484e+00
1.035364936325839785e-01	1.864046832711667434e-01	-4.111870210922297653e-01	-1.607162382641224019e+00	-9.238435816779516641e-01	1.709011685484068011e+00	1.303411502486957696e+00	1.224725582644795030e-01
2.541270116167966275e-01	-1.389032077303527402e+00	-7.494782515148945556e-01	1.313316152085994837e+00	1.206183242221464003e+00	-2.172466910718072741e-01	-8.275630111314117299e-01	1.106358188408269383e+00
1.715633751126142692e-01	5.885406303471905076e-01	-7.745685175888921137e-01	3.959835870256974699e-01	-6.008036456124784541e-01	2.839258765136654983e+00	8.816754801351698312e-01	-6.195243548316148319e-01
4.043606247896699424e-01	-9.319223162833865926e-02	-4.161098762516330374e-01	-8.504905777860287674e-01	4.995598780742726008e-01	-7.699201988707906619e-01	-7.851283100055501674e-01	2.163709463803698441e+00
1.469023748228065473e-01	-1.105616591798433079e+00	-7.178944687218256071e-01	6.817705321952974851e-01	9.765645810721786946e-01	-4.760804368037181988e-01	-8.313660764505845790e-01	2.048970414737028900e+00
1.991694872746631040e+00	2.677579120793294187e-01	5.200298364483935121e-01	4.529255786799649686e-01	-2.203548052361451737e-01	-7.357116322389389840e-01	5.655362321047439078e-01	3.788115426835211852e-01
1.526016956001049252e+00	-6.101924070410491563e-01	1.545927945654819724e-01	2.202167416362656560e+00	5.400278348923095439e-01	-1.453168663229106039e-01	3.959849538906328181e-01	5.535627264640297085e-03
1.959715381593056804e+00	4.028919746468881957e-01	7.094990380799044427e-01	4.681474185210549588e-01	-8.414635577867804472e-02	-6.031658759460131192e-01	7.145433184275080674e-01	4.359933564735913314e-01
-3.942971047269050455e-02	7.083519294184615900e-01	-4.580337316735706432e-01	-1.603053442640407500e+00	-7.953824203993420383e-01	1.921693450352986998e+00	1.346504010514346428e+00	5.295606358973083960e-01
1.712266315778125936e+00	-5.378477721705142711e-01	4.248017211526047276e-01	2.504040895957261981e+00	4.354647023043791698e-01	-1.704761849868356438e-01	7.622513579562736341e-01	2.342478100306273903e-01
9.415498619681436088e-01	-7.536310690268386292e-01	-1.447500073769280859e-01	-1.346601125640712882e+00	6.631328288625505385e-01	-7.660742685988048972e-01	-7.584481708626771290e-01	1.255154821423558054e-01
2.979018956637680127e-01	-1.361621132826734026e+00	-7.114389120361116481e-01	9.530047435956356949e-01	1.163563305026718453e+00	-3.508038003101727753e-01	-8.823491915661392238e-01	1.145435136725222680e+00
3.111198350152371561e-01	7.506785180094256438e-01	-4.738124004806990031e-01	-1.406256734775028328e+00	-5.556754464215678535e-01	1.530018609667555429e+00	6.715163636337473374e-01	-6.879489451928326449e-02
2.660772787216870716e-01	5.199300969505299408e-01	-7.936780750063291423e-01	7.025920568188744886e-01	-7.038341993907630822e-01	2.922721551206542756e+00	8.969358961668245644e-01	-8.906002982296757908e-01
7.534844690655986832e-02	-1.102123718543282394e+00	-8.119683080548060206e-01	1.462524508869521567e+00	1.093588157864412658e+00	-1.225128063178698851e-01	-7.675998232947519595e-01	1.702809983834105756e+00
1.520199159341916406e+00	-7.085951644453052367e-01	2.463594744406740200e-01	2.637038293284923007e+00	6.375947774892094522e-01	-4.159851325223480611e-02	5.709061815267364448e-01	1.023040271473031892e-01
1.951458045013066300e+00	2.793408062833894201e-01	5.477861506488409526e-01	3.979444821419577116e-01	-1.573761425401906389e-01	-7.045603825053178282e-01	5.604462394564508898e-01	3.935794985582932171e-01
1.374456481058183188e+00	-6.365647831349742214e-01	1.009055525547636056e-01	2.150083514528093431e+00	7.147627101232116864e-01	-3.305296974040579372e-02	2.974374318671425543e-01	-4.198319414203022931e-02
-1.424565840600708344e-01	1.986414008192563529e-03	-5.381358306795942514e-01	2.400390659888023137e-01	-1.349213526330166613e-01	2.994887656339139781e+00	1.080296355889460269e+00	-5.645524880384882316e-01
3.062279937173289501e-01	-3.282484003079414459e-01	-7.487085495020736614e-01	3.712011548500276925e-01	-8.545727494825751114e-01	2.712742534933349603e+00	1.126836168548985162e+00	-7.945994529608992885e-01
1.767094068916023497e+00	-6.407191784857865224e-01	2.025936919478562026e-01	2.562926249753239460e+00	2.598953693737690029e-01	-2.477194584642225250e-01	5.718029828212998211e-01	2.054902575870121151e-02
4.480648587659942783e-01	-1.080612522442055967e-01	-4.073339676387708330e-01	-8.631922677842116531e-01	5.164028751578456644e-01	-7.521946440105753418e-01	-7.947213805782394891e-01	1.981485845445269511e+00
1.435352327805634876e-01	8.975084558112644828e-01	-6.600240986337287952e-01	-1.427498182742120481e+00	-1.094461440481345527e+00	1.885096353949050618e+00	1.253858089130269082e+00	6.560395210761704732e-01
2.386054107719200734e-01	-1.276260120912375617e+00	-6.397687906091591437e-01	5.355941667324248812e-01	1.086555053230990886e+00	-5.529595117695011997e-01	-8.472339859359315772e-01	1.800435551268712464e+00
1.868487759390133673e+00	2.452678266504565163e-01	3.378459132592318559e-01	9.880244688835408684e-02	-2.690068126096334389e-01	-7.461300214196638914e-01	3.432710050422840831e-01	2.167131672355032679e-01
1.993566919439105356e-01	-9.309499318011794644e-01	-7.442412492074921282e-01	9.429730521486200390e-01	1.028456987421725977e+00	-2.320147997103332860e-01	-8.325331303351807266e-01	1.521477551484923696e+00
5.280394630886459106e-01	5.634842297165542080e-01	-7.062365207541321244e-01	-3.833621906007154273e-02	-6.554110063322410307e-01	2.274695750796767335e+00	5.236634870838314804e-01	-1.016388613657957851e+00
1.268579201216692320e+00	-1.226801477322739142e+00	-8.042806564840679906e-01	2.140350399199519860e+00	6.679733357174971742e-02	-2.441996675508774084e-01	-4.859345966559823760e-01	-6.723137008071289333e-01
1.508820729211067135e+00	-7.052657188847171188e-01	2.085399231006291876e-01	2.432281898218958016e+00	6.286933876907585539e-01	-7.393358418531979781e-02	4.865267985623799585e-01	6.319037814788153185e-02
9.627579255869625485e-02	1.041730903464799685e+00	-5.366694761756002352e-01	-1.664249767738623209e+00	-1.002087808579509964e+00	1.818393374881372315e+00	1.280344458463514634e+00	6.177727921537750078e-01
1.040861555457955223e+00	-2.649663107308841692e-01	3.339119970403960080e-02	-9.606204466786202323e-01	5.389988928964256631e-01	-2.094446016891740869e-01	-4.650023252793533124e-01	-6.396728513648376468e-01
1.337615328131920744e+00	-1.212730656091534964e+00	-8.250868919498055565e-01	2.209952556468569362e+00	-6.191785724931445772e-02	-3.150184746441080930e-01	-4.433879026177249272e-01	-5.942396506856185701e-01
1.876852837389689999e+00	2.553404202141372759e-01	4.037352154323267661e-01	2.985558922620554223e-01	-1.642526604934748946e-01	-6.799181353302331532e-01	4.183353899015203048e-01	3.007355271652407680e-01
1.510564700089966905e+00	-6.772994995391377060e-01	2.721184818247274206e-01	2.536888905443531073e+00	6.667905439741231843e-01	-4.130197276605196421e-02	5.623220156695936112e-01	8.767652681380197488e-02
3.292792331551216423e-01	7.394324871464621474e-01	-4.546878592084417359e-01	-1.984942847040256586e+00	-1.182858649595726286e+00	1.248433211071373838e+00	1.087342669352005631e+00	3.244437859499083032e-01
8.397910276717226452e-01	-4.031924463453652741e-01	4.796866363514049603e-01	1.764642120449847473e+00	1.611417719905373414e+00	5.436195838151975934e-01	3.296610508979369580e-01	8.697881821680353287e-03
1.145999591242905957e+00	-1.196569052989152393e+00	-8.227342651547153718e-01	2.127589538276776437e+00	1.838371772111209168e-01	-1.658812579508664731e-01	-5.024233846041938900e-01	-5.934776036054546511e-01
1.851525715057996235e+00	3.286048833390425861e-01	5.493132439578342074e-01	2.905606553015142035e-01	-5.067953271183885805e-02	-6.136463159004396095e-01	5.201617885308496003e-01	3.699745734852997736e-01
-5.041478359685522964e-02	8.642072480781626265e-01	-3.609761426069860168e-01	-1.735257326675632150e+00	-4.960010641852072300e-01	1.663282251246455568e+00	1.043661143780898026e+00	4.098083989977878705e-01
5.166858613831457059e-02	-1.259583010072876874e+00	-6.957006783808246109e-01	8.995286025054668455e-01	1.194061902334226044e+00	-3.912448693065059824e-01	-8.139130017422798735e-01	2.018348383605534480e+00
2.915447458022192295e-01	-1.273037832625725230e+00	-6.847721858954827212e-01	7.919344279526758790e-01	1.147060980726244850e+00	-3.473709197417434447e-01	-8.572314483199263702e-01	1.190515388580857259e+00
1.805641448222258250e+00	3.325062985770906865e-01	5.412929966984066921e-01	2.394752274917342216e-01	-9.968100537736663928e-04	-5.816227288053643640e-01	4.844370119828892984e-01	3.449719627397930810e-01
4.406726060684873492e-01	4.896282324587331036e-02	-7.429768422040616827e-01	4.975953559346507071e-01	-7.501205630121772217e-01	2.581650877363006025e+00	7.703929790439913994e-01	-1.218143311366836734e+00
3.399207218471548275e-01	-1.325461182374697344e+00	-5.718409850272254680e-01	-1.447735330963782589e-02	1.022981610291442411e+00	-7.849892204829880260e-01	-9.343569638886588535e-01	1.717652178280237640e+00
3.928119679375018380e-01	-1.487081166681346323e-01	-3.829738741388277190e-01	-9.495764514385746091e-01	6.103458096275115041e-01	-7.930509410966158912e-01	-7.925683669669220111e-01	2.120593827390982344e+00
-8.854793509842858595e-03	-1.200233071288898223e+00	-7.885368971156632156e-01	1.534845556283416457e+00	1.125862403184452631e+00	-1.845036224551343251e-01	-7.560416931189811729e-01	2.023940772078024253e+00
1.539207589288876799e+00	-2.084793719275035706e-01	-4.412736253445808665e-01	-1.004978777283192098e-01	-5.079700674928933068e-01	-6.541389594639587246e-01	-3.541700998864149574e-01	-3.168609252488089889e-01
1.017813147151269471e+00	-8.078433365548030043e-01	-1.167217382278084858e-01	-1.400097972549007697e+00	6.068515758832768725e-01	-8.300684657388267551e-01	-7.673748029119425995e-01	4.437616166503036141e-02
1.201960476017589208e-01	-1.134716678972656156e+00	-7.538206029860461399e-01	1.030328368186558263e+00	1.029651887068273375e+00	-3.220763940331957675e-01	-7.919282653845537423e-01	1.925221628681791808e+00
-1.196151247777556097e-02	7.879856096510676200e-02	-2.408925647762797106e-01	-1.634827502552935741e+00	-5.794894860265145109e-01	1.740699596488290979e+00	1.296852511017506204e+00	-1.129046032197492859e-04
-4.212879855638589077e-02	4.631433932764266181e-01	-6.208080668067293972e-01	8.780253929876701280e-01	-3.985969019532394908e-01	3.294379518681068486e+00	1.108927215253837417e+00	-9.243682872351067781e-01
1.578318698317663804e+00	-7.325276325210737793e-01	3.777050861363731582e-02	2.482996594986591088e+00	3.960838835963972904e-01	-1.515406575511208109e-01	3.908624660933306405e-01	-3.339492604290943134e-02
3.397562082818581519e-01	-1.309229446715676870e+00	-6.837410666238651347e-01	7.736523280468432517e-01	1.121736989397355000e+00	-3.885187415116635457e-01	-8.749178155136708712e-01	1.148717527002582672e+00
4.744178377083586584e-01	-1.899471626295204940e-01	-3.776077812553939594e-01	-9.765621686698858772e-01	5.730174602293941488e-01	-8.207233773388773468e-01	-8.268516762989308599e-01	1.909398004614809574e+00
8.323478271989716015e-01	-1.030698110495150255e+00	-5.881488666429864065e-02	-7.314650323361714390e-01	-3.951564482517216231e-02	7.420204820952374103e-01	6.812489886833283936e-02	-1.466446124740866885e+00
1.757619250125971755e+00	-3.420093534206622987e-01	6.459299698643550247e-01	2.190448580899434283e+00	4.752504650377218365e-01	-2.005166711654712830e-01	8.700547304715902097e-01	2.899264183943288664e-01
1.679616538001093673e+00	-5.290194965740876443e-01	4.810433324198175598e-01	2.521761835310937894e+00	5.157641373273013086e-01	-1.280755780043632275e-01	8.036006267218921417e-01	2.628721199448498247e-01
1.102378605472308148e+00	4.181533396657776125e-01	6.952554215671689075e-01	-1.754667744493782489e-01	1.068188499844352712e+00	5.784639178809625193e-02	3.165439289505375675e-01	2.997305376521527398e-01
1.638142125708496266e+00	-5.332279950550607994e-01	4.223751248476275144e-01	2.537028240740532237e+00	5.380531525774787660e-01	-1.050803623861679831e-01	7.409149903934033610e-01	2.442423428929951512e-01
3.123472415938638447e-01	-1.533742130350481236e+00	-7.066745959997746684e-01	1.049656158889690216e+00	1.193305213662477104e+00	-3.955289476634271106e-01	-8.753905816748952518e-01	1.188618197012455857e+00
5.915890194907613697e-01	-5.047403665360699065e-01	-5.437919847047073540e-01	5.072565447625011492e-01	8.054593301845732745e-01	2.573970484505473388e-01	-6.636336043201314094e-01	-5.346470482276904912e-01
1.724039746781951932e+00	-5.644085982517216271e-01	1.073965609929962151e-01	2.583429747172532043e+00	1.381998321135410324e-01	-3.265984513605345585e-01	5.399685163405152366e-01	3.507263568395483366e-01
1.187496970685975262e+00	-1.157669786129358336e+00	-8.050424376957734385e-01	1.991153722420991867e+00	1.204015785019880436e-01	-2.253135174845106725e-01	-4.965808497195821070e-01	-5.461583697424188255e-01
2.090682205086978052e-01	-1.188005644695734109e+00	-6.934620326990231787e-01	5.454503563269821331e-01	9.567824636968221830e-01	-5.584547685032992259e-01	-8.481981270829030972e-01	1.972169257129202657e+00
6.140964580153865926e-01	-6.610404444586562844e-01	-2.573602321155936679e-01	-1.427388070703107026e+00	6.562624747205143549e-01	-1.222295210764387852e+00	-9.448531450882603488e-01	1.771655853168471628e+00
3.895955095905156984e-01	-8.600459361236950651e-02	-4.164412668117696836e-01	-8.578609571184684368e-01	4.879329178926483657e-01	-7.767568984493881112e-01	-7.784746057231262117e-01	2.210801433817924266e+00
3.250977169229042896e-01	-1.149751962256342130e+00	-6.457845174665853838e-01	4.907138412931945637e-01	1.032422573038648039e+00	-4.981629531755712992e-01	-8.934575663747740260e-01	1.446528578836054901e+00
5.084660988442454288e-01	-1.094762433329590889e+00	-6.792372551546479453e-01	1.811802443688947273e+00	1.233834460784905662e+00	3.540575469143967258e-01	-7.165413937619066198e-01	-5.945646704465219479e-01
1.015182292433222999e+00	-7.899392738408783643e-01	-4.471763311480995151e-01	5.081987467478479292e-01	4.525852565425682039e-01	-7.361023978530407963e-02	-5.801965242168856118e-01	-8.729500535573926356e-01
1.737271549634795242e+00	-3.844690801007007441e-01	-4.301265367699015907e-01	-9.540896148167998803e-02	-6.061776215609394614e-01	-9.238785152201358652e-01	-3.716530214376007057e-01	-1.343916970623556528e-01
2.460341253503005587e-01	-1.368076671783843068e+00	-6.140443902820176270e-01	2.318868248834913270e-01	1.047329692187624950e+00	-7.226635812893664745e-01	-9.031261122755316340e-01	1.844869377980558722e+00
9.844768593172349425e-01	-8.425924834725285750e-01	-1.502756041482360971e-01	-1.389390241739633547e+00	6.150143093103126457e-01	-8.552112270414389261e-01	-7.728562472298593500e-01	1.895122532204995824e-01
3.173600955355750930e-01	-8.843658704492338152e-02	-4.331810207389551470e-01	-8.247109693883626358e-01	4.538302469412204276e-01	-8.084482326745068281e-01	-7.575191056235092146e-01	2.525579303152443167e+00
3.767417013659041247e-01	-1.874384964238911822e-01	-3.919274895906071365e-01	-9.613602324718805159e-01	5.555850925651608652e-01	-8.582647446889081211e-01	-7.997622678406601793e-01	2.291708216739066994e+00
1.782658439792156324e+00	3.041262446771790806e-01	4.809449120102061714e-01	1.509894281550180350e-01	-4.119865274157841900e-02	-6.103490003107593376e-01	4.285483996319706668e-01	3.279874873855391781e-01
6.484354617349510352e-01	-6.279332111533452165e-01	2.578847654897491459e-01	2.014692559521765514e+00	1.759215528536147044e+00	6.234128250679673577e-01	1.569446555201263194e-01	-2.509904438201591634e-02
1.688285413905617482e-01	-1.052015851991561224e+00	-6.877019141654521217e-01	8.028781497946818613e-01	1.020987122498823396e+00	-3.785065468653167065e-01	-7.818082443623797229e-01	1.868158123141828719e+00
1.827573493485513012e+00	3.616495323564942188e-01	6.053084788775197067e-01	2.172343502372000579e-01	-1.195969041883463736e-02	-6.072050964494788428e-01	5.471220058750666526e-01	3.915895691010829460e-01
1.604073435993329966e+00	-6.448881756582558467e-01	2.140991864081790985e-01	2.104423003113927049e+00	4.054554982390395357e-01	-1.464461776339692489e-01	5.002587945452917628e-01	-6.425842119025577948e-02
1.772654789885953486e+00	-7.546805033714646394e-01	-9.278257452823773094e-03	2.594127278745736120e+00	8.939337958115919913e-02	-3.418177960243468094e-01	4.334617504938554911e-01	-1.863905506040985233e-02
1.656866703683217201e+00	-7.106697948044226054e-01	1.038515843559686957e-02	2.391829866647345870e+00	2.826871138212143086e-01	-2.657490123187684627e-01	3.522930106600510314e-01	-4.738218705059460412e-02
2.817613968906710897e-01	-1.124071628234065423e-01	-4.374925083349179289e-01	-8.244790314236236650e-01	4.374592629031716084e-01	-8.261445991058239402e-01	-7.441408823338030443e-01	2.662172436372976403e+00
1.525750777677628456e+00	-6.205128441650474835e-01	2.235805484126954790e-01	2.252316431155514831e+00	5.779316624815147296e-01	-9.681880438804159328e-02	4.765064412697326279e-01	2.195279536779790042e-02
1.910446100308783590e-01	-9.924403740631978499e-01	-6.664783852221750626e-01	4.642393395923599675e-01	9.513755426668840665e-01	-4.821753570367946495e-01	-8.290215705388013223e-01	1.872753659162916140e+00
1.427873541819746794e+00	-6.111265373809324775e-01	6.459739473900522055e-02	1.971994676582909500e+00	6.091122245417819325e-01	-1.365068402009139981e-01	2.307787188557518521e-01	-7.815288947652887508e-02
8.144600390852271277e-01	-1.716452814126560922e+00	-4.046628075711078965e-01	-5.816327788297875369e-03	1.141776695947835929e+00	-6.137384492318428419e-01	-8.703988260595065807e-01	-8.834240575915650040e-02
1.702097435312789564e+00	-6.487987811120048409e-01	2.042047086378381282e-01	2.543054659740692891e+00	3.292428725194438965e-01	-1.927782936920973966e-01	5.781045661751165188e-01	4.520551766466282539e-02
9.370647319419769250e-01	-1.052626600710266924e+00	9.383914976255833262e-02	-8.821663686582988939e-01	2.686908028254927916e-03	6.476417742086023610e-01	4.646401061703997470e-02	-1.767044789453275033e+00
1.511004219215433375e+00	-1.628039900104120419e-01	-5.008107781426949234e-01	-4.151387539392375342e-02	-5.111723753634815903e-01	-6.113905728615265378e-01	-3.738001517018871289e-01	-2.428454912472522154e-01
1.057750829191575342e-01	2.306792601576054536e-01	-3.852276575775127609e-01	-1.141359817233691176e+00	-7.676345349890467684e-01	2.160655500715362276e+00	1.195000862616303117e+00	-6.939614308310572133e-01
1.627393665209357909e+00	-1.889036449827232733e-01	-4.810345142460990542e-01	4.700968759470340597e-02	-6.117175400940457752e-01	-7.251804266137283905e-01	-3.161373105535851824e-01	-2.157533265748664275e-01
3.343236633947188619e-02	-1.109855080455306231e+00	-8.143495287602838806e-01	1.457873148474326808e+00	1.063567834010472168e+00	-1.589068885048228186e-01	-7.560942166787797403e-01	1.910985114314104338e+00
3.019397221110455831e-01	-1.532924697264148817e+00	-5.595115788172490001e-01	4.676455460029411981e-02	1.056490105967256454e+00	-8.752034787214864053e-01	-9.275781694466918026e-01	1.897055695583089729e+00
2.632747891469941481e-01	-1.438275195166528020e+00	-7.088126396843960064e-01	8.787871074915206693e-01	1.116117665645826040e+00	-4.418143943298667442e-01	-8.619911983537127398e-01	1.457234176350809207e+00
1.363086624266062419e+00	-7.757966308975225989e-01	1.344842146536306515e+00	-4.675312556223724103e-01	4.680860814534432146e-01	1.059126499214604333e+00	1.319346501527449256e+00	-1.710099001552482401e+00
1.485814202816647001e+00	-1.927102844052800967e-01	-4.570449279331116887e-01	-8.344083979334561418e-02	-4.594660836185109343e-01	-6.353129611097576568e-01	-3.627623370212356146e-01	-2.295164321140246155e-01
1.477593656082219598e+00	-9.934170795551112709e-01	-7.767177318437510358e-01	1.809241717048940545e+00	-2.716977801902171197e-01	-4.891681792034958121e-01	-4.137042207793457660e-01	-4.729023052299871632e-01
1.737856814207707323e+00	-1.838086191027998306e-01	-4.793251180435977865e-01	1.202821672593989005e-01	-7.225522659160442673e-01	-8.009461417907672853e-01	-2.722956637040602756e-01	-2.147569994240579871e-01
9.254114060215228310e-01	-1.676622569965185550e+00	-3.443143042298245637e-01	3.209287415357477968e-01	1.108690382715664668e+00	-5.874354633321404728e-01	-7.415820910466635052e-01	-9.079405884633920398e-02
1.613912976097416685e+00	-5.576798862986699357e-01	4.056672848735703996e-01	2.370888063184314554e+00	5.974997749511478107e-01	-1.127880635277429683e-01	6.446583221490778115e-01	1.065923633937405635e-01
1.308326542607746834e+00	-5.213141298580891148e-01	-9.756778650585774815e-02	-9.491273595466999113e-01	-1.622896324784472988e-02	-4.761065904174343055e-01	-4.750155523074524044e-01	-7.779338948904078732e-01
5.093131910160506037e-02	1.807979276535299495e-01	-5.563900241541915870e-01	-1.222135522476641034e+00	-8.942399988760618701e-01	2.040117331883393170e+00	1.328677411075592563e+00	2.182354749683500794e-01
1.664748362826046213e-02	5.248954298762402715e-01	-5.804886001358623426e-01	2.354233400094453144e-01	-1.192837615640413573e-01	2.670593093154599362e+00	5.882773539288130848e-01	-9.176428657844883929e-01
1.541714388653727230e+00	-6.822212561269110909e-01	1.332510024232782531e-01	2.431596311287702594e+00	5.426797694916634107e-01	-8.897584753013655645e-02	4.152324909890404703e-01	-6.058799914758467714e-02
6.998900588048456717e-01	-2.610627072394997028e-02	-3.491142186588605534e-01	-5.906715179951449457e-01	4.748013344020436399e-01	-2.781739158879511717e-02	-5.661445905475069873e-01	-2.444379529064840129e-01
3.230851991822856206e-01	-1.020653737234867992e-01	-4.030627138168323964e-01	-9.098472714475290823e-01	5.572921372791822536e-01	-8.023509745180590347e-01	-7.710601630968623166e-01	2.389161190413671587e+00
1.684600353212358348e+00	-3.401021658342274212e-01	3.811874621550365161e-01	1.869790307954363184e+00	3.977304339162965885e-01	-2.642392812268300473e-01	5.568024711446500907e-01	1.323893113759346263e-01
6.406877489678965976e-01	-1.458238802482127561e+00	-5.273992961389255552e-01	6.567923272568184645e-01	1.191990471684675423e+00	-3.601582091448926048e-01	-8.565303419881897806e-01	9.643663156626253175e-02
1.462184410440426019e+00	-8.803037637924711056e-01	-5.395339368125422197e-02	2.606230640130563270e+00	5.104614698621454671e-01	-1.181498696250443681e-01	2.929264566540970005e-01	-1.095632091232411343e-01
1.100933362693699152e-01	-1.070962239469846811e+00	-7.591217118286147647e-01	9.418667449526256785e-01	1.017289788818184437e+00	-3.409354915248192786e-01	-8.226396931639624599e-01	1.910084104758634549e+00
6.643191522793784332e-01	1.041863873697589149e+00	2.326002273737097226e-01	-1.346540869895035852e+00	-5.590177402136123908e-01	1.945261692201834647e+00	8.233624076300927186e-01	-2.323181690191472359e+00
1.906395972932708016e+00	-7.854637386723145598e-02	6.786238763321358336e-01	-7.220289482303779427e-02	-9.486380247150751066e-02	-6.096237099263012160e-01	5.714448131869471759e-01	-2.999662265776905853e-03
1.029511639148602997e+00	-2.354568424182840181e-02	-3.363083976269522213e-02	-1.024412033547356549e+00	4.522480282649338212e-01	-1.680250611823166096e-01	-6.072584686408627475e-01	-1.000233367070866075e+00
1.439773825199512025e+00	-5.577635009081020057e-01	-1.928737287723528981e-01	-5.539862295389846869e-01	-4.158008553236562377e-01	-3.034076990687101238e-01	-2.204016119762325643e-01	-1.056096061609468117e+00
2.611520993492038034e-01	8.442148611015489745e-01	-8.341848445017661096e-01	4.446876278645557345e-01	-7.477918252035082869e-01	2.794309248387779387e+00	8.522533233589666413e-01	-5.627944006806286925e-01
4.392755042257533438e-01	-3.223921255106477202e-01	-3.668757691694189416e-01	-1.079972356475487505e+00	5.467536853241957706e-01	-9.830553434048695527e-01	-8.464038103639688337e-01	2.229264307377737619e+00
1.687822993741956712e-01	-1.115413830506769122e+00	-7.182602739603610731e-01	7.838333782201108990e-01	1.062812543462305914e+00	-3.724936676746699038e-01	-8.327181693324842149e-01	1.744679290455277920e+00
6.069664692643847448e-02	3.567334614303721008e-01	-6.210611642209464822e-01	-4.858616504549762016e-01	-7.753509424520733662e-01	2.794584438563004092e+00	1.302014258362043764e+00	-5.976841073276646377e-01
1.516335904775977239e+00	-6.929543067147004853e-01	2.302606522700740843e-01	2.611528937652074944e+00	6.309892992661043642e-01	-4.093557529282025598e-02	5.498991757022611004e-01	6.842609373717700727e-02
8.384691369197880273e-02	-9.925344787818461967e-01	-7.231660810640556658e-01	6.426415192277246113e-01	8.620720905630641084e-01	-5.087338792117042097e-01	-7.847549848160096930e-01	2.452512206185344379e+00
1.585599285446667395e+00	-8.241189394455360473e-01	1.507321324713642163e-01	2.101441804250780532e+00	5.416426263244311645e-01	-2.854290328882118644e-01	3.124167169272158429e-01	6.773172280836223247e-02
1.256026969834311169e+00	-1.986604445277922459e-01	-4.391771638050354087e-01	-2.692228636694973809e-01	-2.515595050531832522e-01	-5.039095206568805496e-01	-4.307423975051050680e-01	-1.988082017395758072e-01
8.702900777502746710e-01	-4.109069889866296954e-01	-1.633914537187872995e-01	-7.454637509186374800e-01	2.862090704179262590e-01	1.673389619799025840e-01	-3.802394684977956074e-01	-9.596578310362979813e-01
4.399980009935631209e-01	-1.230333756358899633e+00	-5.190061099333274086e-01	-1.659209663559882142e-01	1.023587896360135030e+00	-7.755412134378479871e-01	-9.488817378570888472e-01	1.398050705358114820e+00
1.272180399161935593e+00	-3.522900851046432691e-01	6.867034896853567716e-01	-9.230557037045253876e-01	1.059291283451579524e+00	-6.301904815560822604e-01	-5.262439463205124957e-02	5.929597189590556372e-01
9.347961506190220760e-02	2.407402779498699352e-01	-4.392714448626697243e-01	-1.512310789416580592e+00	-8.106165262410615080e-01	1.731064450746389483e+00	1.195898285309547004e+00	1.327975760735235766e-01
3.036516711993469952e-01	-1.300073177526306800e+00	-6.028250362632151527e-01	1.248056025485250325e-01	1.011187863048748969e+00	-7.397655681530496130e-01	-9.166215713057058734e-01	1.807515151599653258e+00
1.875446896776000738e+00	2.895195849416472011e-01	4.466785553952389298e-01	3.096881197099990435e-01	-1.298126724376678365e-01	-6.521046873304735536e-01	4.452858245283526917e-01	2.995202587084273005e-01
1.447665236584574355e+00	-1.556267256721981296e+00	1.003633687764813320e-01	2.304513750461212318e+00	8.688418016359353846e-01	-3.565315750475932521e-01	1.344676362137282311e-01	2.041783311484441921e-01
1.897288078766268926e+00	3.201053288245115924e-01	5.448345037856684447e-01	3.180759754956225538e-01	-1.102320633998182531e-01	-6.585283495682693333e-01	5.347182751959504987e-01	3.574370582383225581e-01
1.161837051688291655e+00	-7.677288370479600221e-01	-2.012630010612116160e-01	-8.152867359190864027e-01	-2.720936493637418629e-02	-3.876370258736777097e-01	-3.979710243609155818e-01	-5.213847850779177451e-01
3.192319780657563166e-01	-2.256540471456098540e-01	-4.344911760957976266e-01	-9.069901335638305140e-01	3.942475287605331502e-01	-8.906948073381900643e-01	-7.547048178906776705e-01	2.667403169959314368e+00
3.986983060103186371e-01	8.037807079705777680e-03	-4.323499607706509096e-01	-7.634004473494412357e-01	4.691650026909126581e-01	-6.724096639309075085e-01	-7.510391108873732957e-01	2.086427964942989544e+00
7.218032254708455220e-01	-2.074710952718339663e-01	-3.122487917638514521e-01	-5.987922201856881177e-01	4.061658688151033036e-01	1.110468364217131326e-01	-4.843519142659436505e-01	-4.954427696237704848e-01
2.274384180103068975e-01	-1.167324380686473706e+00	-7.125181654333789805e-01	6.876393091863319817e-01	9.952641176447757365e-01	-4.565973644942017962e-01	-8.457132301508440975e-01	1.773757087401599541e+00
6.497639894705233843e-01	-4.373425333969648277e-01	-2.945271431887759306e-01	-1.269435894490055450e+00	5.993551306486495367e-01	-1.017145784279231746e+00	-9.056124801421945314e-01	1.526618995688824310e+00
5.044001235675796835e-01	-8.129603254649580002e-01	-6.315207823284029187e-01	1.242221929494012000e+00	1.074361380135478328e+00	3.112347239067898563e-01	-6.959188897091399539e-01	-4.805169880278064576e-01
1.565045716457602376e+00	-6.281757065532080908e-01	1.158895282098161283e-01	2.185162753535142333e+00	4.786005662044915399e-01	-1.949642519423096521e-01	3.473764850939604631e-01	-5.158546543119469502e-02
1.436497112025717060e+00	-9.746512542862172390e-01	-7.642081885381154516e-01	1.725187155424275920e+00	-2.334955095331053831e-01	-4.683901753789341815e-01	-4.235300882045795468e-01	-4.690825798775896671e-01
1.464913712446803906e+00	-7.147795155574064863e-01	1.261932053959568534e-01	2.369711314438422978e+00	6.550403943328735323e-01	-7.028182758813913966e-02	3.635350893394788674e-01	-6.007444791043246163e-02
1.270165382035241874e+00	-1.058854117655881888e+00	-7.728557947837146891e-01	1.803023306383068958e+00	8.578980748173009596e-04	-2.900702836548789687e-01	-4.886542589263598857e-01	-5.789862903818577822e-01
7.577591440853930216e-01	-1.702869353649531847e+00	-4.690886998644616113e-01	5.551616315668116419e-01	1.217330642469342639e+00	-4.168045940602778665e-01	-8.350368704356806449e-01	-2.228541271379317346e-01
5.074973682654851936e-01	-2.887130821030471917e-01	-3.535917231447835984e-01	-1.088575144114650284e+00	5.670032418872096303e-01	-9.219366902393407726e-01	-8.549739436058279018e-01	1.889714079894318166e+00
2.409882029786298840e-01	-7.196691321570800604e-01	-6.108805488485318236e-01	2.496689189900927475e-02	7.989800946222820333e-01	-5.888027682755565539e-01	-8.246994231709571244e-01	2.117533198852993959e+00
2.827320914400506813e-01	-1.214958702413768687e+00	-7.420434013423491404e-01	1.095163518486658605e+00	1.136910923995281486e+00	-2.242927016392082806e-01	-8.520785810152993189e-01	1.109231781792600735e+00
4.123405314382772580e-01	-1.755847078621935453e-01	-4.158331135080176044e-01	-9.247631197325347774e-01	4.482521142947403225e-01	-8.623691846392396165e-01	-7.911579127129420019e-01	2.323033947346385464e+00
4.563368796630350444e-01	-2.386211155124943750e-01	-3.950391713274816752e-01	-9.893943404022108590e-01	4.707494650393775348e-01	-9.123579756099936544e-01	-8.139632711345845539e-01	2.218116599580409964e+00
1.691270175258375308e-01	-1.017484944496745092e+00	-7.340281779327724188e-01	8.081088870069169650e-01	9.799698364778287596e-01	-3.500298081546004969e-01	-8.165493569843277344e-01	1.819407108527806072e+00
8.598462854167929770e-01	-3.015863479415195059e-01	7.151978086954904335e-01	1.640753251031465298e+00	1.660307185655442996e+00	5.088594520365160578e-01	5.470568081826934215e-01	2.530567685644114495e-01
8.126109086533902515e-01	-8.163318607494548518e-01	4.919276728121840803e-04	-7.970613090905777076e-01	2.205667351018468780e-01	6.477077457257337523e-01	-7.870529026545276807e-02	-1.487542615759607667e+00
3.934299497974717563e-01	-1.597856708715804375e-01	-4.050722272060508500e-01	-9.206921185787848572e-01	5.008933130006989476e-01	-8.462759140282277714e-01	-7.975775721219968695e-01	2.270746254939493003e+00
-3.476935119830261156e-01	7.167425224164251096e-01	-4.003897908219275492e-01	3.979938161108651506e-01	4.286749224167122896e-01	3.049763279680258954e+00	7.507355752377976588e-01	-6.933023544398740912e-01
9.269965202526921910e-01	-3.630891004535734545e-01	8.575991525751575084e-02	-1.119745290149979589e+00	-1.977987429531903874e-01	8.430246391939761885e-01	1.258299473212043662e-01	-1.828461348541568610e+00
1.565703911674416915e+00	-6.783524913370074794e-01	4.086501363373414852e-01	2.390200020068157016e+00	5.866717428747786345e-01	-3.592466552648627964e-02	7.382713083843872592e-01	1.546397131003464653e-01
1.560122711607534240e+00	-7.008563947199597521e-01	2.068635374405811134e-01	2.567333799380355774e+00	5.656172949801426819e-01	-6.428311633590268193e-02	5.287576993642393308e-01	2.495650366592006009e-02
1.519269539686294301e+00	-8.708271587624550891e-01	9.923581210836029953e-03	2.915884328894739141e+00	5.349980999937007375e-01	-9.719296660897382492e-03	4.231721748554579943e-01	-9.060689712154859632e-02
1.596494496443489952e+00	-6.462961446457272663e-01	1.982829944933340860e-01	2.419657041194639202e+00	4.829278491186805855e-01	-1.586306497170408836e-01	5.020188085470850270e-01	5.515199722314875763e-02
1.662898128281625754e+00	-1.273007261461943207e+00	2.325250455910813363e-01	1.761041270460391495e+00	6.154415438439823083e-01	-5.751142325181427539e-01	1.822529092936025497e-01	3.173028719802473696e-01
5.992712314111964256e-02	3.298342640300575557e-01	-4.997181050603465291e-01	-1.206328921608967653e+00	-5.354318983245749397e-01	1.893476254966290462e+00	9.976953512259613133e-01	8.052502859771329402e-02
8.388097677014230147e-01	-1.049311381331769155e+00	-2.810784902762036297e-01	1.804514785700553903e-01	1.016672076018220849e+00	-2.366410574240908060e-01	-6.219245224910746606e-01	-1.881618761866570289e-01
1.867983681767136028e+00	3.549154894908694846e-01	6.213957196806743077e-01	3.075566725462229312e-01	-2.013745467387398000e-02	-5.954605006321692651e-01	5.661166531154419035e-01	3.458090762375705118e-01
6.816937549445978295e-01	-6.468871442070855959e-01	-3.609601254154629069e-01	1.137475321127355693e-01	7.705639352033405443e-01	2.327730930384120100e-01	-5.774765376653767657e-01	-8.269464184143865415e-01
3.727489215385195176e-01	-1.098963588205029984e-01	-4.230395142191982205e-01	-8.406752643794768165e-01	4.324965239064320066e-01	-8.365207280558114578e-01	-7.632159046413162784e-01	2.421453934172770328e+00
1.705376632343359178e-01	5.738043087338571269e-01	-5.443075960558365622e-01	-1.594685454282200432e+00	-1.130433256432565869e+00	1.784681738433684384e+00	1.322219424287378819e+00	3.595050339059463473e-01
5.957661209042963701e-02	-7.563675642003042654e-01	-7.096408670245684114e-01	5.951260226867007841e-01	8.427241190463310438e-01	-4.203937575691674144e-01	-7.583814357201004164e-01	2.418697817880957945e+00
9.999285283684433701e-01	-7.183547600637322228e-01	-1.614487983878038213e-01	-1.348613666857892079e+00	5.411391465321812033e-01	-7.737402319858446287e-01	-7.585616562561683374e-01	7.823640705903789350e-02
8.819289265145663359e-01	-6.186734790463819245e-01	-2.176836128912809643e-01	-1.215323378316815139e+00	5.917697452945585024e-01	-7.530198427607787126e-01	-7.814677745234053230e-01	3.911081524432142853e-01
-1.305595023946632023e-02	1.166297665826059982e+00	-3.395161387007696874e-01	-1.974240804470529742e+00	-6.073146467909985580e-01	1.526987723369109151e+00	1.071821164879477539e+00	5.866500176718698611e-01
2.986523878133287568e-01	-1.204020448398842813e+00	-7.038290700910667663e-01	6.690890052744347116e-01	9.999344969933398053e-01	-4.455541347676827968e-01	-8.586340108996860510e-01	1.542012425415602683e+00
1.687974056423699798e+00	-5.424738595966360766e-01	4.260576945762357681e-01	2.370776678589580744e+00	4.996034678193868039e-01	-1.737670498618111570e-01	6.832600537503721316e-01	1.248854596586148058e-01
7.854878427841746058e-01	-8.626053787175292920e-01	-2.836642158975298811e-01	-2.457670362607778936e-01	7.076454227616763015e-01	-1.655027895517915265e-02	-5.841742406465980642e-01	-7.098518963493338774e-01
1.957447772582980861e+00	2.857837466401578208e-01	4.664125111875327967e-01	4.258563300950429231e-01	-2.177702385047771139e-01	-7.156125906948702653e-01	5.129290975254804374e-01	3.595268837710475784e-01
1.974700579023440872e+00	-3.337996020760056193e-01	8.651452802341882409e-01	-2.846504048108264295e-01	1.688666788388459572e-01	-1.078895828171166249e+00	4.280558122829700718e-01	8.087609629546255174e-01
5.511619678278820711e-01	-7.798025696067209522e-02	-4.205369847194878608e-01	-8.499408038142127753e-01	4.199272492227374975e-01	-6.956353515723839864e-01	-7.901350610452696488e-01	1.715296644074520760e+00
1.848825341173218506e+00	3.951194157572555099e-01	7.183205682877006337e-01	3.568232957122307591e-01	6.150507775929384136e-02	-5.337080142547239170e-01	6.529125274882457974e-01	4.016199478859152627e-01
2.041415186029814421e+00	2.806525079755591845e-01	6.096946694040494830e-01	5.324326280347361218e-01	-2.261744110997957746e-01	-7.658893018518271312e-01	6.547329056698185656e-01	4.714436179514667757e-01
7.145540707215247700e-01	-4.265951934256451139e-01	3.631500089786592889e-01	1.822005641745586546e+00	1.651665100048813173e+00	5.281782309625429050e-01	2.403354193344575118e-01	2.167655232840153268e-01
2.065447371928049169e-01	-1.102530861281884933e+00	-7.774838123185049410e-01	1.095662482606788224e+00	9.955823991338440537e-01	-2.477948403190170512e-01	-8.120656913966584067e-01	1.574766572911918017e+00
4.875276832137530603e-01	-8.130351143115198687e-01	-6.097778053959709288e-01	1.209102890236502414e+00	1.101847886743456240e+00	3.278487932154550144e-01	-6.774975768834582412e-01	-4.980600386523497125e-01
1.694989488604789818e+00	-3.966595683278477669e-01	2.453644884640536206e-01	1.910342827258845189e+00	2.827024262421871104e-01	-3.333561272806545017e-01	4.673525065904985398e-01	1.492399940070547326e-01
5.308664811353515089e-01	-2.873148767193272612e-01	-3.724635988358602212e-01	-1.016858544615330429e+00	5.611820870724059107e-01	-8.316475315613742758e-01	-8.586589267134073777e-01	1.705920830653327336e+00
1.499137228829782398e+00	-7.169699344701311317e-01	1.793117877224381096e-01	2.451627629320598967e+00	6.209767930977414530e-01	-8.825061973146461347e-02	4.515501346525847004e-01	-2.019108739889275556e-02
1.838424472860688219e+00	-6.473116610528047987e-01	2.317373081880942376e-01	2.441940717618668710e+00	1.577546717833002710e-01	-3.676289922740769156e-01	5.997578297274253067e-01	1.395752656435524930e-01
5.037803450234293878e-01	-1.899356243628610996e-01	-3.704371748393275321e-01	-9.550039520311456309e-01	5.563894540896258123e-01	-8.165087810673938851e-01	-8.194064473765946266e-01	1.863409668606760938e+00
8.007484486598301920e-01	-1.765629598991061755e+00	-4.646567911684551522e-01	4.004783652859557064e-01	1.172538212552864501e+00	-4.854176663487905219e-01	-8.610556548126930831e-01	-2.003379970031691215e-01
4.150285754701108498e-01	-1.337621974872327535e-01	-4.174841252039904749e-01	-8.177374546940224809e-01	4.707934330712677529e-01	-7.180243037711658838e-01	-7.515441563644033041e-01	2.081247785763173486e+00
1.642592866516509931e+00	-7.733397873467133810e-01	2.250208989433400419e-01	2.698493333749234946e+00	4.724040886906613057e-01	-1.597200136251326341e-01	5.865884243164141143e-01	1.170914014960781346e-01
-5.958963351517920781e-02	8.402230152523891826e-01	-6.785255126060796282e-01	4.217000831924120341e-01	-3.674874205558165130e-01	3.046415606897622030e+00	9.636275680603950677e-01	-4.627710396565096196e-01
1.476974306539596382e+00	-7.051768131315928612e-01	3.293403492490200035e-01	2.685802205121576858e+00	7.505221359852991547e-01	3.243858641848196278e-02	6.420705513435593925e-01	1.378868820931140327e-01
3.244050833407766121e-01	-1.176178875140927893e+00	-6.567833936640449233e-01	6.077478245951001279e-01	1.107515729518881553e+00	-3.908606756195459608e-01	-8.620612044535300722e-01	1.246488024235574477e+00
1.668701427584253549e+00	-7.922242056841470870e-01	-3.426250803697594022e-02	2.607507935224874007e+00	2.476760760399946970e-01	-2.432656254197156642e-01	3.629542523355736572e-01	-7.652596638363377834e-02
-1.359354734467770054e-01	5.394027882006006136e-01	-2.929485881046068885e-01	-1.477165893975331601e+00	-2.266238978487510602e-01	1.908357553408231100e+00	1.105164452251572005e+00	2.242541625472013467e-01
3.668253668623352448e-01	-1.268413401362865178e+00	-4.515724913214459457e-01	-4.435808773213097966e-01	1.052532729284448632e+00	-9.240636794935811471e-01	-9.399677481561317105e-01	1.681089761608587363e+00
1.888753472103159803e+00	3.617568966849706857e-01	6.703726912120889780e-01	3.611119656433024461e-01	-1.406705683135677475e-02	-5.995831126008199785e-01	6.233703455384276282e-01	4.183462469144058615e-01
1.340260441671024871e+00	-1.251229745719057984e-01	1.323753544858900510e-01	-5.179461645577042583e-01	6.924849635711421980e-02	-1.595505904825929022e-01	-5.395770253331901717e-02	-6.099101397729883578e-01
1.539993954346451921e-01	2.455000232933554349e-01	-6.613646813031895944e-01	9.464588989792019902e-01	-3.311677718875162824e-01	2.913437880096994892e+00	7.264388107228080260e-01	-1.250470972089303467e+00
1.425119525259755715e+00	-8.307560280418733178e-01	3.542214961584294608e-02	2.652568701455159772e+00	6.710456034721193896e-01	-6.642586033613890120e-03	3.503018865207302435e-01	-7.794619706432324990e-02
-5.530726615658646678e-02	-9.045923125801622611e-01	-8.037709838863169587e-01	1.208802980465131682e+00	9.618957445757500002e-01	-2.094031690951826952e-01	-7.261370150107400168e-01	2.289409322238966205e+00
1.016024872453542144e-01	8.866054237813997263e-02	-4.738999845193315186e-01	-1.214144502104702150e+00	-5.938621543453462825e-01	1.799418967352088838e+00	1.022437411138000574e+00	4.698543617998041100e-03
2.030883512828013160e+00	2.581041647554623841e-01	4.891603828837998158e-01	5.002173785246981641e-01	-2.886653482119029834e-01	-7.703253400373051285e-01	5.693698218120309962e-01	3.679620336870961794e-01
4.126827076255852322e-01	3.485890386349503878e-01	-7.335076357106421474e-01	9.485187720617813678e-01	-5.677925973770590051e-01	2.712478497773009867e+00	6.094010176927048272e-01	-1.407901146382892543e+00
1.147208547274774920e-01	-8.674973626009324645e-01	-6.838472458133345588e-01	6.680108432264505458e-01	9.404673376740831925e-01	-4.083214725999004813e-01	-7.842596241658744693e-01	2.122210001719730954e+00
7.829229849223466875e-01	-6.829847421366068705e-01	-1.520688935020363952e-01	2.300700336204172802e-01	9.441017016533094219e-01	2.730390058843521484e-01	-4.434627836424272496e-01	-9.269220202180833423e-01
7.143867381132907868e-01	-4.470975845975966659e-03	-3.225126233498324391e-01	-5.957949084398285189e-01	4.913282492700939974e-01	-2.702899335707270589e-02	-5.598964190941745356e-01	-2.590513546151037572e-01
4.042851399618428987e-01	6.783750324227442174e-01	-6.405248988341092353e-01	4.038144640573977651e-02	-8.574059690965282199e-01	2.742502358886629743e+00	1.048777073155171990e+00	-8.769507290907621044e-01
6.621099505404216545e-01	-4.725155053618698697e-01	-2.931268706945985847e-01	-1.218233657694557381e+00	6.735784076358725114e-01	-9.205789686716291387e-01	-8.835361608791453270e-01	1.296006280995268156e+00
7.638435530681623176e-01	-1.958188912832880268e-01	-3.210101599997065014e-01	-5.683869679881995429e-01	2.991890918863924220e-01	2.311026304874785331e-01	-4.640271748203892987e-01	-6.587444165884788205e-01
1.670290785694863445e+00	-3.925977962347000361e-01	4.315958613515312736e-01	2.168072201233308238e+00	4.528256243422640326e-01	-1.883067804948321822e-01	6.871793812899311682e-01	2.855155776882607466e-01
1.570172479630942641e+00	-7.041636019499949439e-01	1.472198323030679268e-01	2.457051604265523714e+00	5.001076585697276089e-01	-1.420011257653220615e-01	4.541667514187535115e-01	-3.807451310768930012e-03
8.051437465910088465e-01	-9.435815796676257916e-01	-8.798200562843978834e-02	-6.977334942097060955e-01	8.643361474920085996e-02	6.464375494397840427e-01	-4.277527093008443027e-02	-1.367425213685817154e+00
3.433407117066519243e-01	-1.421445518674030505e-03	-4.398802515927994206e-01	-7.416977999488560958e-01	4.425986560660079006e-01	-7.184470063419732266e-01	-7.364729171464095003e-01	2.373417398565625724e+00
1.088945783196635819e+00	-6.703329719132933295e-01	1.404872585309265010e-01	-1.057649603456297882e+00	1.764162934059323729e-01	2.666403920919608872e-01	-2.450538676374018343e-01	-1.736593650415939827e+00
1.599534744672432396e+00	-3.562264110445432785e-01	5.624705592674557053e-01	2.170038486059709726e+00	6.172180506100616304e-01	-9.289141016688734487e-02	7.933900578741689413e-01	3.090958852025165737e-01
8.890356316749301602e-01	-3.193932275400627741e-01	-2.064864080063218491e-02	-4.718111961466949777e-01	5.590887980449810168e-01	2.904540568637767883e-01	-2.891964883901370631e-01	-9.143277800519081788e-01
7.488644946960200111e-01	1.154228361488600196e+00	3.842198254017182846e-01	-2.050563594722256688e+00	-8.053842499168939462e-01	1.582864755161110804e+00	1.034333252635826872e+00	-2.128244372224849634e+00
4.465607794125684982e-01	-9.240771701759331602e-02	-4.017783603721925556e-01	-9.072203041611666130e-01	4.889007178714410706e-01	-7.928153593445053104e-01	-8.084444820816047983e-01	2.066416575274230727e+00
4.435299695869401315e-01	-2.586984852409102142e-01	-3.761237405458954242e-01	-9.971187818900607569e-01	4.962714126289970995e-01	-8.817588846053714402e-01	-8.028011872875618904e-01	2.127243644381780818e+00
1.748663919019950441e+00	-9.533024426944547436e-02	-5.099286772118787336e-01	1.705356775429719418e-01	-7.679350414716558104e-01	-7.593340411786204669e-01	-2.522571524854669289e-01	-2.041925853188970852e-01
8.372979005784140227e-01	-8.895471512061051689e-01	-4.986715403067334268e-02	-7.368208493642552925e-01	6.929147091835125005e-02	7.025158533054260968e-01	-2.904008454385179766e-02	-1.485393190248778472e+00
1.146169955014812780e+00	-1.261810076682434500e+00	-7.770028007215609156e-01	1.986347842014979159e+00	2.242779067397770998e-01	-2.222995184014505687e-01	-4.907670195982636319e-01	-4.998316403118661100e-01
4.949958470824151746e-01	-1.133387772427674467e-01	-3.960478513824977065e-01	-8.732580882426642654e-01	5.351466635050815546e-01	-7.281666905864758732e-01	-8.047664188240172267e-01	1.772863750889324574e+00
1.875973525636664752e+00	2.976145019896310195e-01	5.280660346530350324e-01	2.748481964473641903e-01	-8.559150722940704614e-02	-6.483696863115836484e-01	4.956190629713650431e-01	3.310961525012628415e-01
4.002104972067354050e-01	-1.806858519335862723e-01	-3.812457958423842164e-01	-9.856709395291418652e-01	5.113893592778702146e-01	-8.926650784494452040e-01	-8.001153642514877706e-01	2.285666519540793917e+00
1.579378337172289815e+00	-6.778683955141800999e-01	1.321031576444751665e-01	2.364191447026145809e+00	4.590278466201046514e-01	-1.536599631105763364e-01	4.350142917091520678e-01	-1.903532896970391158e-02
7.933595426317224808e-02	8.050600411838111370e-01	-6.143768470536409287e-01	-7.911969755443903907e-02	3.520002225046450772e-01	8.559393605634686708e-02	-5.575104535999801936e-01	1.942910565789006672e+00
1.408983283691096489e+00	-7.532905104241434113e-01	1.133034585437563413e-01	2.463865746971875215e+00	7.234595464315455304e-01	-1.386595888424407841e-02	3.731329037459790721e-01	-3.347498876789870015e-02
1.676754974544763799e-01	-1.008061615442310099e+00	-7.501044129765190860e-01	9.781627499819206539e-01	1.029670339562425152e+00	-2.455702132293718087e-01	-8.089139026216211059e-01	1.605212012059097582e+00
1.028923211430053941e-01	-1.020442445672389731e+00	-7.998851811412428514e-01	1.167497492198608988e+00	9.826691935099235442e-01	-2.149758746466338133e-01	-7.796728884617807331e-01	1.847716807996000909e+00
1.614930517373585284e+00	-5.415727859432315494e-01	4.736545063746618878e-01	2.534483905626380373e+00	5.936604623226005018e-01	-7.000569919758337090e-02	7.956521204280780912e-01	2.668367354763939159e-01
2.939644930094944542e-01	8.369986514810748290e-02	-4.596665972297999114e-01	-7.070580264600588860e-01	4.070468937016175626e-01	-6.886554146323712322e-01	-7.229693294150344451e-01	2.494232017268957158e+00
1.518274301295287287e+00	-6.844789376765948452e-01	2.434666747371319051e-01	2.528513911697641614e+00	6.382516612601845107e-01	-5.787581326435377316e-02	5.386282040557561768e-01	7.201951675796033903e-02
1.746359251796555379e+00	3.217206038196087636e-01	6.384263404214943760e-01	1.323817999821567670e-01	7.550147803015921921e-02	-5.155860210007442435e-01	5.773433898822557531e-01	3.660740048887609621e-01
2.090074421861273790e-01	-1.138394383509130137e+00	-7.270058847697054016e-01	8.403668798083571145e-01	1.045454263506922388e+00	-3.590584270030895420e-01	-8.402678784203986284e-01	1.619673899844593867e+00
1.747304774791842430e+00	4.639046720482445929e-01	7.924919594507662257e-01	2.700400565918966711e-01	2.354355895303091861e-01	-4.721487178635270232e-01	6.621195609699057627e-01	5.079619233614678375e-01
5.854242021572921839e-01	-2.479187215391532306e-01	-3.421390438943262002e-01	-1.013776727408786105e+00	5.960666837660726358e-01	-8.164497108922358359e-01	-8.454973037662595337e-01	1.533557773058610074e+00
3.868398397477856854e-01	-1.684708726936001155e-01	-3.998031407609837218e-01	-9.754469326845406352e-01	4.763889170675856821e-01	-8.765389045810294544e-01	-7.997321216329940086e-01	2.310863548204955986e+00
1.538320411194488146e+00	-6.150885944139747874e-01	1.692019868646908454e-01	2.284095058739295858e+00	5.370522913972383128e-01	-1.329220953324397880e-01	4.339886189309333231e-01	3.551534995436428366e-02
5.629586574716498593e-01	-2.226255317931800093e-01	-3.334374798256551919e-01	-1.062822507588058407e+00	5.779163676614877954e-01	-8.650607015756083262e-01	-8.541211099373231530e-01	1.658603484645778003e+00
3.961746621570644278e-01	1.505596887280691076e+00	3.335640159530804394e-01	-2.020734252056835434e+00	-3.446169913001723706e-01	1.753293054223682201e+00	8.518407424164804453e-01	-1.769685052191479535e+00
1.696402507453340647e+00	-4.496027069968990819e-01	6.089747328730051867e-01	2.483175719048574592e+00	5.420216294728921191e-01	-1.178584313597065836e-01	9.194521812630112034e-01	3.810292258646422736e-01
4.185505972868466817e-02	2.491230397566321086e-01	-2.940529209420717494e-01	-1.163070895961853424e+00	-2.458763785520554079e-01	2.192066691535202505e+00	1.053121017968847939e+00	-4.445700673535416536e-01
6.823389086803804959e-02	-1.025158632891332466e+00	-7.378338365652056252e-01	8.742364601239216437e-01	9.902067478865707040e-01	-3.745405620394847701e-01	-7.854352739499309566e-01	2.158366109000822153e+00
1.583283786040588836e+00	-7.609752963829635730e-01	1.203533243278726017e-01	2.554153313207908838e+00	4.796804583127564081e-01	-1.459627252213429593e-01	4.562872689951077421e-01	7.153713570335895611e-03
7.214693008182581080e-01	-1.564146901687928359e+00	-5.488260739827434120e-01	1.048140656150226668e+00	1.188146493211988286e+00	-2.028957308753759348e-01	-7.975592930312389583e-01	-3.008304999501198451e-01
5.088635007465000526e-02	1.070362301406416528e+00	-2.059119914112919336e-01	-2.251587401487002094e+00	-6.692704902997675953e-01	1.332442031040101948e+00	1.097962361768799022e+00	3.207099096572555985e-01
7.410715591409330338e-01	-9.051604262064490147e-02	-3.052098577403046797e-01	-7.195141595190156503e-01	4.711416852485381668e-01	-1.204286669386867431e-01	-5.810466205850153276e-01	-2.447023131883607483e-01
2.841701507032016738e-01	-1.176026644914336172e+00	-7.017355611779599878e-01	8.345329123964165818e-01	1.106914867730882435e+00	-3.123173889575170392e-01	-8.612701606958491629e-01	1.203222630346043820e+00
3.281271104702096486e-02	-8.720322600460921336e-01	-7.951419144990281573e-01	1.105723178400299433e+00	9.641079144011593938e-01	-2.146188462704265443e-01	-7.750587421391584853e-01	2.058716742159898860e+00
1.760929740282401124e+00	-6.846035927899145612e-01	2.129568318409985062e-01	2.631689615556165762e+00	2.654432814267191354e-01	-2.541714127138602342e-01	6.100504363341976433e-01	6.941923600534474770e-02
-1.336795516278706519e-01	-3.027541550726732256e-01	-9.329579876333822241e-01	2.134058450188576650e+00	9.144062532457605252e-01	5.511025623502372461e-01	-5.695582736854633010e-01	1.707034120830492663e+00
1.600451340102922559e+00	-5.782920383890670646e-01	1.595112781928108014e-01	2.140256573751646574e+00	4.354421329598062718e-01	-2.076766458553804262e-01	4.013441870478972051e-01	-7.210541175079018122e-03
-2.758453639875023747e-02	4.512474740201880552e-01	-5.435598484483622483e-01	4.394458193320895933e-01	-2.606614259338911888e-01	3.029440215110540624e+00	9.475897452051545988e-01	-9.178992064905244774e-01
1.377632646726738297e-01	4.662668436150703144e-01	-6.179123209433129427e-01	7.686458139038961912e-01	-2.550522133627206034e-01	2.846610793142892337e+00	6.350262008409544023e-01	-1.257455696319164318e+00
3.284362916925932518e-01	3.555114263610195668e-02	-6.350538664892177998e-01	-1.164988506944591551e+00	-1.045077344966917954e+00	1.684989445426735344e+00	1.037853480437481490e+00	1.583187102501598664e-02
8.930187183403129891e-01	-2.790560630846271040e-01	1.034632073837997435e-02	-6.392628492777275850e-01	4.939056292880634746e-01	2.333419053054972825e-01	-2.175823455533397177e-01	-7.639414997441351662e-01
5.126713508559334054e-01	-8.507944952690649210e-01	-6.352379926890143746e-01	1.302465852935640767e+00	1.092527638754582586e+00	3.214227807807781834e-01	-6.948563442702511139e-01	-5.156715609189144178e-01
7.664537808665816687e-01	-1.719842968111046533e+00	-5.005093834323661728e-01	7.470286436741416791e-01	1.218578826912193769e+00	-3.619678497571428566e-01	-8.353808033166266744e-01	-2.701308152804701157e-01
2.595130887753396287e-01	-1.425467768172982153e+00	-6.989451947880845895e-01	9.544534775400891347e-01	1.159397456599376763e+00	-4.060335453074445100e-01	-8.697219254210318828e-01	1.375438310574192302e+00
1.777064464297414714e+00	2.912725919976250077e-01	4.736552293094226096e-01	1.872931294027668225e-01	-2.348091645863199795e-02	-5.835963582353300705e-01	4.240707247542890856e-01	3.081595818631751582e-01
8.976723152307246600e-01	8.108004306761532609e-01	3.670346732903033427e-02	-1.009679495531367266e+00	-8.529657530893844930e-01	1.937181853147607047e+00	8.196060745351504417e-01	-2.348363957344799413e+00
1.591951807025324683e+00	-7.596646802583100211e-01	1.057775086691127020e-01	2.692155663493510875e+00	4.300580924636466795e-01	-1.407208127015920074e-01	5.061871537147930589e-01	6.746867817098001208e-02
6.476664051668636901e-01	1.237922215470005360e+00	1.105921128538980835e-02	-1.725624355196831550e+00	-8.851881560729708553e-01	1.855144950041794250e+00	9.732861830539552006e-01	-1.821510505495961940e+00
1.743896224599356115e-02	-9.023098889065270800e-01	-7.470387699764595713e-01	7.897403453836279175e-01	8.884521082096835665e-01	-4.111783903048375488e-01	-7.668122465109786789e-01	2.466419228933353303e+00
1.912552937757473481e+00	3.157694438916824886e-01	7.074869884712111645e-01	3.594701577831769801e-01	-1.998460637026628142e-02	-6.514793009391259826e-01	6.537038784679889414e-01	4.825126069009472163e-01
-1.049715294742119796e-02	-5.007625566655760085e-01	-8.710494386639719977e-01	2.066461285995988106e+00	1.104851209879252227e+00	5.470706063144461506e-01	-6.666374850389562567e-01	9.011140252679796792e-01
2.842948265628779114e-01	-1.287404349404404513e+00	-7.258863232504594309e-01	1.090226355088458998e+00	1.107365313082500080e+00	-2.856522451362505932e-01	-8.139649120575548347e-01	1.320379188732012210e+00
1.011769105232460886e+00	-8.169909074204234622e-01	-1.342343143132717909e-01	-1.334870695497951676e+00	5.491732712873594879e-01	-7.467375728857372774e-01	-7.262260236574316075e-01	-1.250577481934493987e-02
2.990536687489859236e-01	-1.321980895720600957e+00	-6.747176564832779722e-01	6.311482668746398739e-01	1.079131813059629241e+00	-5.034015816789815245e-01	-8.802135329136382413e-01	1.484792390441352916e+00
3.060292354204275367e-01	-9.896398996152347416e-02	-4.247296951414415433e-01	-8.155095295163807823e-01	4.055973870778870061e-01	-8.589412218194510951e-01	-7.293030337619675896e-01	2.705714136025657801e+00
8.734147211447086390e-01	-9.411796356838105782e-01	-2.511921410312710837e-02	-7.846976444150433050e-01	9.688120070502181935e-02	5.903361665863996466e-01	-6.663055814110904751e-02	-1.514321021476225049e+00
1.347311908553962656e+00	-9.943457905856663004e-01	-1.059158393814195881e-01	2.876230087960515824e+00	6.624154354549924850e-01	3.400952806402786355e-02	2.672871047738168415e-01	-9.143639048321040852e-02
1.034188722273255978e-01	-1.030746465449000393e+00	-7.688429769174751627e-01	1.065150954504270331e+00	9.980616029612326967e-01	-2.578992811904922688e-01	-7.902109075593167775e-01	1.828532408018166633e+00
7.277924719399148090e-01	9.022733564565954545e-03	-2.840351876034420964e-01	-5.872103533046793000e-01	5.097128213454958923e-01	-1.217917545663237296e-02	-5.102757074575358098e-01	-2.342435259622358545e-01
8.669556781495406650e-01	-4.946570369292166425e-01	2.434470244321254584e-02	-1.782657371149306835e-01	8.385285360173767577e-01	2.280563213302041758e-01	-3.133711955787666925e-01	-8.859410105955060066e-01
-1.078540116624496920e-01	2.958687826926886810e-01	-2.301942065700639251e-01	-1.566392364790559766e+00	-3.154929045668267706e-01	1.836841679715625952e+00	1.213854554211033276e+00	1.434336691122737317e-01
5.949075796781477798e-01	-2.663636860638238790e-01	-3.390164165921742967e-01	-1.092221080793551957e+00	5.880990147329697715e-01	-8.515577767458870628e-01	-8.572610602053639672e-01	1.516792054246197896e+00
2.209623064352337074e-01	-1.405096446042900737e+00	-7.676464072748049317e-01	1.333048002124582743e+00	1.143007216155297545e+00	-2.554059691583389080e-01	-8.165089866313292033e-01	1.385971801058624386e+00
3.951777638931866510e-01	-2.121803485819136748e-01	-3.870418494908649532e-01	-1.024576229863270793e+00	5.014920919439890268e-01	-9.309315668003822486e-01	-8.245509906434742575e-01	2.325556573047955045e+00
1.935853074037226396e+00	2.804079327176962622e-01	4.839523755207152389e-01	3.871833214543929369e-01	-1.852752697781357982e-01	-7.014569917448979508e-01	5.176976100896644173e-01	3.555644720856357965e-01
2.552256865417709686e-01	1.340476545267047792e-01	-7.118053262349041121e-01	7.172849561853557043e-01	-6.199847429142263389e-01	2.890903515863702200e+00	9.010677206244310788e-01	-1.163074449662059306e+00
2.064279295436393102e-01	-1.415669353429252597e+00	-7.465160263568431098e-01	1.208827248815230071e+00	1.155752166831434558e+00	-3.249713291437027474e-01	-8.397876207804170212e-01	1.472566149760135001e+00
1.574824251855835855e-01	-9.480192094042123596e-01	-6.482625177111437376e-01	2.085829806414344900e-01	8.536025817548864580e-01	-6.420633853039333649e-01	-8.285613265088757062e-01	2.350836630630554147e+00
9.205065300192230016e-01	-2.676531599444693099e-01	-3.312177818486068959e-01	-5.165426841354973098e-01	1.081815955023638642e-01	-9.365865090279565375e-02	-4.242450767821153712e-01	-4.579385018623257642e-01
-6.434914451215216491e-02	5.826930582604694653e-01	-3.674620800485858818e-01	-1.530498303596719678e+00	-4.134648101145952936e-01	1.807993503052670370e+00	1.086216957968166863e+00	3.010025718951195861e-01
7.151369401236699064e-01	-3.587658083190000541e-02	-3.442075150470308986e-01	-5.888174776849942615e-01	4.743286453196159380e-01	-2.617994833875444266e-02	-5.750042604443771355e-01	-2.913920628185825423e-01
4.612272496134999233e-01	-1.606823546160695282e-01	-3.867998470764207886e-01	-9.375971268233217470e-01	5.502936905498125864e-01	-8.028207226518550010e-01	-8.095951711070589196e-01	1.962077275901405793e+00
2.110915704969036633e-01	-1.094939079536938031e+00	-7.657267651332574365e-01	1.257839304627587973e+00	1.130515333619521279e+00	-1.067856509174945207e-01	-7.990956892316054549e-01	1.202599422684992536e+00
-1.405002048102010903e-01	-2.571500958902961931e-01	-8.697054766628548039e-01	1.921633546679106130e+00	1.032645878071949852e+00	5.767249752634429072e-01	-6.025022728817445161e-01	1.498943716577354035e+00
1.086958720516167265e+00	-1.134615138557069525e+00	2.886100112568969478e-01	-1.009110491226339779e+00	-7.988400630945080572e-02	6.658111744452814840e-01	1.507006328349739244e-01	-2.186409336794750580e+00
3.875162705339462166e-01	9.859267056460998546e-01	1.017888463966298285e-01	-1.694747843936635023e+00	-5.031613976826948553e-01	1.821852883210629770e+00	1.433119546149785206e+00	-1.824428821583389537e-01
1.377850303603346038e+00	-2.138770787376424176e-01	-4.638857934882820167e-01	-1.257676498599687720e-01	-3.530125742593078209e-01	-5.668646773217745904e-01	-4.093751598295787275e-01	-2.157579242415096910e-01
1.208272888689182922e+00	-1.148900885571519925e+00	-7.985434156029368458e-01	1.986858920381578519e+00	7.692472631490046564e-02	-2.537891299472793682e-01	-4.809406490126544309e-01	-5.457071740885509614e-01
1.406083280840556005e-01	-1.154966652914330094e+00	-7.947243325583427387e-01	1.311595908269090005e+00	1.091430003823556927e+00	-1.698513601947759522e-01	-7.954756427651368256e-01	1.540734513506875736e+00
7.056301086682303936e-01	-3.532357070299216306e-02	-3.519214498167572702e-01	-5.822476024807855532e-01	4.741832727483171750e-01	-2.410616475268498315e-02	-5.739327819807248376e-01	-2.699043928401566039e-01
-1.025267896914495852e-01	-1.067583174579386784e-01	-2.941459688178586496e-01	-1.137363451368301748e+00	-3.925878056015131290e-01	2.173655215360813742e+00	1.425090345184494289e+00	6.989160712029141020e-02
1.764187592212726474e-01	-1.202733444859066081e+00	-7.123635666312366777e-01	7.100433242089284613e-01	9.882973704090319833e-01	-5.065419128662645987e-01	-8.360837633491791099e-01	1.984020139422796536e+00
1.122478733731167716e-01	7.245215827922552032e-02	-6.894950229931051666e-01	4.748261467786905055e-01	-5.063637593360535982e-01	2.896750352760170788e+00	9.752101551795004930e-01	-8.297769400577414967e-01
-8.138951187253029226e-03	-1.344940455880150043e-01	-8.107898964639124184e-01	1.322989962998931457e+00	8.406006064127860000e-01	3.721519228850137528e-01	-6.553749746570238788e-01	1.317495182851613267e+00
3.433689487239511839e-01	5.990478973249555583e-01	-5.338505489804303838e-01	-2.842102225178498309e-01	3.708082942158223982e-01	-9.110593037000241923e-02	-6.607849394269484922e-01	1.210719809653978629e+00
8.248350149362919659e-01	-5.724380092718641677e-01	5.549797688456198363e-01	1.912538073732761967e+00	1.735800769469183269e+00	5.188694376330693636e-01	3.833936564522809620e-01	9.939863033826634720e-02
5.599899833457772091e-01	-2.179785340561455620e-01	-3.453657034147297189e-01	-9.999242771671584817e-01	5.835043377718881485e-01	-8.350991020887873484e-01	-8.418739443691795055e-01	1.710272752451851508e+00
1.490933094975884221e-01	-1.118990352441672442e+00	-7.388903641869775107e-01	8.281401070203184833e-01	9.418218015466038873e-01	-4.353089337922358970e-01	-8.110733041750186612e-01	2.073465104605224152e+00
1.627155213489156482e+00	-4.326939955950480088e-01	2.547522800619628769e-01	1.797719070537825425e+00	4.390633708340150321e-01	-2.661656195621566190e-01	3.783263319618641596e-01	-4.099326444591590984e-02
1.773396383614412652e+00	-6.704760648190827288e-01	8.114721604779234765e-02	2.451267229232087619e+00	1.219199910533954878e-01	-3.253710861467634108e-01	4.933624083241907043e-01	2.317073776819528197e-02
4.609352978672792700e-01	7.499978790733610734e-02	-4.283370914530821305e-01	-6.810949997773847464e-01	4.551075550147106741e-01	-5.636631974447975368e-01	-7.406577666213138844e-01	1.731002777482742339e+00
-6.871656964699832115e-02	8.000984983876782142e-01	-4.769604725255056632e-01	-1.490467883430664164e+00	-6.473592114283228671e-01	1.999676586846849347e+00	1.256353333295630259e+00	5.143270964819649516e-01
1.480010586461530497e+00	-7.182353646459822549e-01	3.222753080325780339e-01	2.719768723301545066e+00	7.424914876595044566e-01	3.335805241866177107e-02	6.475842402675846543e-01	1.363114683561915952e-01
2.115794992252832962e+00	2.630405498376995332e-01	3.903315148833869097e-01	5.535891356676978514e-01	-4.518740108873463557e-01	-8.154996422383774535e-01	5.482234558949357073e-01	3.002342681143814196e-01
4.316796706174785836e-01	-1.953475208426463938e-01	-3.687006454198430427e-01	-9.941756239688973595e-01	5.769956141591922050e-01	-8.558910556292670391e-01	-8.083039426550381323e-01	2.105028661494489306e+00
1.077447785127553015e+00	4.207900204809961187e-01	6.256447415540276058e-01	-2.116691882297104810e-01	1.037195474559869712e+00	3.578055992077050496e-02	2.382882594724627379e-01	2.905564733793699617e-01
1.647199717683127895e+00	-7.974841973977323528e-01	5.851950205984390863e-03	2.649647963843185572e+00	3.122020005961179123e-01	-2.130073407482053482e-01	4.083835064103845669e-01	-4.152007105574296447e-02
1.325783327170151793e+00	-1.155424382680840356e+00	-8.170228417847832381e-01	2.088279173625719576e+00	-6.190881143855242463e-02	-3.345040544363561685e-01	-4.544494856020605544e-01	-5.344488413651410363e-01
6.619133288354209776e-01	1.027161096573522503e+00	2.248768178596673994e-01	-1.627708587374739446e+00	-5.097868319584999419e-01	1.703175609426369475e+00	7.318689373639604145e-01	-2.145523540506329319e+00
7.701283424901803620e-01	-4.888615474759547830e-01	-8.963931057216520393e-02	-8.680152805224856660e-01	1.588006545810630998e-01	5.530716527259231796e-01	-1.511881974680779894e-01	-1.217432430287166856e+00
1.897933810790876308e+00	3.644840699804519080e-01	6.417381828402349830e-01	3.343639450288992121e-01	-5.406027582910305496e-02	-6.300195762726282789e-01	5.979303806042226554e-01	3.780073334463708301e-01
5.140151896508253770e-01	-7.402164335548003793e-01	-5.971592585220352190e-01	1.028632129003103080e+00	1.027150725982657775e+00	2.898468599296525339e-01	-6.777518489276324054e-01	-4.830187930783589878e-01
3.529823068377238582e-01	-2.978321781312696648e-01	-3.909154281123743968e-01	-1.060252919195236787e+00	4.455144496310983193e-01	-1.031785568024986999e+00	-8.038052016524741550e-01	2.667571377517634179e+00
2.738330751740267743e-01	-1.290467098469060936e+00	-7.291176486026237358e-01	8.684457156759555208e-01	1.006656234979395048e+00	-4.175195853280350700e-01	-8.477044415965161450e-01	1.583860616596942661e+00
5.230729910842653041e-01	-4.085686380126480888e-01	-3.454154962794402928e-01	-1.160878033502740214e+00	5.219818653433945244e-01	-1.051928628134238153e+00	-8.647575608859339180e-01	2.101959013344022242e+00
1.454332795287313740e+00	-7.370061927591678996e-01	3.674508159864445234e-02	2.360434067331550256e+00	6.012351150880181905e-01	-9.288511333681635784e-02	2.997434831417873924e-01	-6.644360004613858450e-02
1.295100043588446881e-01	7.902283335806765674e-01	-6.081558282977059804e-01	-1.332349803230627738e-01	3.035948481167851654e-01	1.473775387639691958e-02	-5.731527931436370960e-01	1.897196738192297838e+00
1.401907773786964739e+00	-1.080720117780868517e+00	-8.008944715738708364e-01	1.970905848260081861e+00	-1.657212910131482531e-01	-4.086654213278080316e-01	-4.341720374251381021e-01	-5.078895238508132071e-01
2.046040707623671295e+00	3.271947258802426761e-01	6.519201027494444523e-01	5.769061902215426585e-01	-2.101568858254639072e-01	-7.200132445072019438e-01	7.114415283564624604e-01	4.359690946846364046e-01
4.995908387971358389e-01	1.051518598677238847e+00	7.116449879273500922e-02	-2.408576273217165831e+00	-6.750902533098935843e-01	1.343152848801077104e+00	9.786640142304957601e-01	-7.961856099330796299e-01
2.294748145402067674e-01	-1.271286437518469592e+00	-7.044504135636480147e-01	6.951100014530244842e-01	1.047825516866901285e+00	-4.733419064104874563e-01	-8.671420091302877164e-01	1.673860092483705264e+00
1.887350295931386202e-01	-1.264049169241505233e+00	-7.289398418959002202e-01	8.558210637396508336e-01	1.058788594087212154e+00	-4.138574328694408222e-01	-8.422060620002292941e-01	1.726644149325121669e+00
2.765991223303692625e-01	-8.945460664602873369e-01	-6.638866851484120923e-01	3.383597123444725963e-01	8.696577959104582201e-01	-4.894882917506702125e-01	-8.322654008234835477e-01	1.841402668304735091e+00
1.785259236245669623e+00	4.767896995877709543e-01	7.935762047461623059e-01	2.927943857666782113e-01	1.783999779354008830e-01	-4.727054300424053390e-01	6.967348394723145155e-01	4.605433627237229266e-01
1.094787728612632405e+00	-4.005768333134976378e-01	3.865804204160006030e-02	-1.124032241096778018e+00	3.575962762189335287e-01	-1.171843652002777791e-01	-4.975829084053327578e-01	-1.209206747924558956e+00
4.229505958402458021e-01	-2.056994398275472369e-01	-3.847836458712228791e-01	-9.987083289826433896e-01	5.201777597106183038e-01	-8.924054218180381692e-01	-8.188231385990540900e-01	2.187114177709038376e+00
1.361266884879912320e+00	-1.120838918051755062e+00	-8.186325848386545312e-01	2.057549769510717219e+00	-1.260406273513162700e-01	-3.632737275813346933e-01	-4.383346011027707823e-01	-5.241179216745130987e-01
1.039856464716551465e-01	-1.281290872544497583e+00	-8.059458427264921676e-01	1.591421224836450987e+00	1.139899678932078331e+00	-1.489852807098668019e-01	-7.713902531561265263e-01	1.627257467864309470e+00
1.788354724155310160e+00	2.031532233414393429e-01	4.305370203094869286e-01	2.307393167877636042e-01	-8.044600069509506846e-02	-5.740397626841281520e-01	4.390700542447646404e-01	2.686838932369448596e-01
1.723952453212309610e-01	7.595400761585149318e-01	-6.027396456831807248e-01	-1.201927796576454516e-01	3.375636575264430173e-01	1.404628750530338699e-02	-6.127463713014810187e-01	1.712533402129005733e+00
1.881742814895606131e+00	2.374936903957395040e-01	4.650013147654353807e-01	2.577883574789818777e-01	-1.544640749338067331e-01	-6.468391203230866582e-01	4.762209759292653222e-01	2.412373757268003460e-01
1.621552366694395397e+00	-5.370100973877922623e-01	1.249211833616330480e-01	1.990605352120266458e+00	3.838803876789191882e-01	-2.644372427877749177e-01	3.269331744714211174e-01	-3.433925343765151239e-02
1.547950057051468820e+00	-4.861116002110872913e-01	5.030969096622586179e-01	2.340573717751353477e+00	7.067936478666947409e-01	-3.899900019097780196e-02	7.401665178657957922e-01	2.474649325401032385e-01
-1.327078889369209293e-02	-1.164781366324017409e+00	-8.199117660999858392e-01	1.688610297614553613e+00	1.040358270773444893e+00	-1.413308409317429459e-01	-7.073439039771594050e-01	2.148839853609192829e+00
8.869671300343909270e-02	-1.064960873258406604e+00	-7.644529411247944495e-01	1.034741624177611063e+00	1.032416397432109445e+00	-2.261084607062285035e-01	-7.783509602642558756e-01	1.795884808180359782e+00
5.915438356407914933e-01	6.667492562925690924e-01	-2.326946532602586215e-01	-1.622954850243613745e+00	-8.145023004212188500e-01	1.538478553367828905e+00	7.483748560405329986e-01	-1.129073368071534578e+00
7.121620906587263766e-01	-2.469992868227545157e-01	-3.091750284080688194e-01	-1.129243288260787237e+00	5.460245076421813559e-01	-8.338413939355674431e-01	-9.098038446227211251e-01	1.183195760621627901e+00
-2.770426615552345484e-01	3.437797461940869104e-01	-5.041914480607074811e-01	3.795149044466808452e-01	-5.908320199713885945e-02	3.257207644447483119e+00	1.188501981922370776e+00	-4.856853259510253151e-01
1.903093461649830731e-01	2.424607351354275131e-01	-4.145501745667622973e-01	-1.632874161589740192e+00	-8.124144843986883524e-01	1.457936083493952761e+00	1.015306828920959692e+00	2.800454841752259005e-02
-6.429026259840031621e-02	-7.348159337586459561e-01	-7.301682430836444748e-01	1.088130483490154843e+00	8.360965224027853138e-01	-2.859762781671004728e-01	-6.392547466746211215e-01	2.791545942016351312e+00
1.454340186211425134e+00	-7.917838243891819339e-01	1.314361732243329861e-01	2.618626414157882110e+00	6.723288099259774331e-01	-2.720030887768618011e-02	4.427172937459097346e-01	-1.728024963504658576e-02
7.068511263668805222e-01	-6.359809287159814417e-01	-2.596954459175597196e-01	-1.368132394378068994e+00	6.500083000744033557e-01	-1.119096631293966970e+00	-9.272239728289475291e-01	1.406780239044300718e+00
6.237371494743567668e-01	9.957127374657606111e-01	2.584737243783548355e-02	-1.428879377846895338e+00	-7.573569345180154455e-01	2.045257020943401560e+00	9.750486283051803538e-01	-2.023514256126108357e+00
-4.934066427668273164e-02	-1.546414113786711286e-01	-8.258903883265097390e-01	1.598840853185028665e+00	9.078565269107308211e-01	4.259619620813929197e-01	-6.522343557881314924e-01	1.424932261979436454e+00
4.469295588956712084e-01	-5.795928060603666720e-03	-4.201144549244356097e-01	-7.652701695494436018e-01	4.952673380350927079e-01	-6.444792149487656996e-01	-7.656283287727905229e-01	1.850841056097718207e+00
8.190472209005684734e-01	-4.416684908456936509e-01	4.513592515364182045e-01	1.750962080861639736e+00	1.613193613059389353e+00	5.188838406187350483e-01	3.227411421243823186e-01	7.717256678903930411e-02
-9.670459904613623592e-02	-2.599955051875926237e-01	-8.993053151873517947e-01	1.916579608737974949e+00	9.269955460097603073e-01	5.172895143984872490e-01	-6.115782243381373551e-01	1.544473536417263926e+00
4.327322879867775973e-01	-1.253407577385253768e-01	-3.963986016134114498e-01	-9.241914733462025522e-01	4.981196930384524935e-01	-8.181520434517877138e-01	-7.981451658941154381e-01	2.097033221052771346e+00
1.644397360404626363e-01	8.449037453476665460e-03	-4.295504907595651400e-01	-1.493781339215644488e+00	-8.053717943426168535e-01	1.581928382333826821e+00	1.113000693538988228e+00	7.918465526586027092e-02
4.351913332877326290e-01	-8.782568820372176066e-02	-4.044693669526469582e-01	-8.655175110705713992e-01	5.024857122074867233e-01	-7.680921134743881051e-01	-7.983465840988109852e-01	2.054710109015079222e+00
1.600480800205774101e-01	-1.207181531008537423e+00	-7.698868691991808122e-01	1.192647801933519824e+00	1.050710257070101683e+00	-2.014796851568640967e-01	-7.880518461747503256e-01	1.511298459646420733e+00
1.495352612374555967e+00	-5.480168140809578148e-01	4.793866432490975216e-01	2.418812645210241197e+00	7.891643685362671468e-01	1.182266732895978500e-02	7.083811700914891540e-01	1.942390352713617152e-01
1.767145152155319976e-01	1.072553266388307946e+00	-3.405366151109520678e-01	-2.090684070295593777e+00	-7.563866375439601830e-01	1.232926521985750812e+00	9.244258049251268261e-01	4.052226670333769487e-01
1.869718694553467175e+00	3.288483680484900473e-01	5.760885526696326586e-01	2.361040818045317957e-01	-5.332773952482717378e-02	-6.230329774959828537e-01	5.138670759566618118e-01	2.789015458971664252e-01
-1.764642871088130671e-01	4.493738423855526687e-01	-4.644403353839375304e-01	-1.155398741404877194e+00	-5.484774738146502848e-01	2.390457707480972083e+00	1.501226737973540004e+00	4.888510601755740592e-01
1.470303523485485320e+00	-5.219083337373597864e-01	4.370343522660006252e-01	2.315547767006518320e+00	7.788405975489819388e-01	1.862390255786064430e-03	6.570739332097277341e-01	1.984549058229402863e-01
-2.361309532372476150e-01	1.261621919737755393e+00	-2.695864278186332896e-01	-1.843872763802359538e+00	-3.634481172642731739e-01	1.928933213503566613e+00	1.303079489761147736e+00	7.334668127890504596e-01
2.965334949737844505e-01	-1.001524330345598957e+00	-6.075508998300050978e-01	6.810804656313955430e-02	9.282122776193858504e-01	-6.565734470009340074e-01	-9.016418350195501974e-01	1.836597423731113565e+00
1.722989531377325800e+00	-3.317680775432547691e-01	5.690036170325538656e-01	2.070268395539337281e+00	4.539273918750329484e-01	-2.297747465994918192e-01	7.869554127568156865e-01	3.442469905150946086e-01
3.523888930587059098e-01	-1.028195633688368416e+00	-6.815941921913090118e-01	6.171308587402635215e-01	8.979648537301120337e-01	-3.752234353060329153e-01	-8.276536175051918409e-01	1.363572755821756521e+00
2.331546243256116535e-01	-1.219739704806353853e+00	-6.695812607640408975e-01	5.414132965506426309e-01	1.054203831896286303e+00	-5.117965610450549985e-01	-8.643850021676983131e-01	1.685618434874002647e+00
9.210185898538746363e-01	-1.221411086514567534e+00	1.027292581250071890e-01	-7.868827975137776543e-01	-7.955246431002871432e-02	8.138990478682397445e-01	2.095998793571469954e-01	-1.851672080362157358e+00
-6.568429971455576333e-02	2.265675858116743269e-01	-4.308050016382479752e-01	-1.270103381683286070e+00	-5.466564233319637367e-01	2.054871290179254295e+00	1.281499156592230459e+00	2.548952842306840827e-01
5.597599761128611018e-01	-7.016559437981353398e-01	-5.706231066337017488e-01	8.697618814363357043e-01	9.635427438186366933e-01	2.608730513143814322e-01	-6.763809888479200838e-01	-5.313561827416152239e-01
7.590444156359225092e-01	-1.651503571101063939e+00	-4.789939411721718110e-01	5.846480212588195391e-01	1.177753171098850693e+00	-3.533307235593322604e-01	-8.210561709015050669e-01	-2.642572126393787912e-01
1.010341063044999099e-01	-1.050361377810896890e+00	-7.769303477379744249e-01	1.021682216569776536e+00	9.517148316231766048e-01	-3.245936187090827652e-01	-7.857321656604929760e-01	2.049854757851880649e+00
1.442698322321926685e-01	-1.106162550175410875e+00	-7.155359162595466005e-01	7.937082663914846181e-01	1.023157446682132488e+00	-4.094817184536732602e-01	-8.354570034938130219e-01	1.848442076144933166e+00
1.091460525581941232e-01	-1.162925012206702968e+00	-7.011574163308890162e-01	6.513213687536880681e-01	9.634532196048016806e-01	-5.564585670129209571e-01	-8.283001261691789185e-01	2.281440022613354657e+00
6.972169622352226703e-01	-3.909620861681415566e-02	-3.615994363063640971e-01	-5.647484599175541797e-01	4.757911610362932642e-01	-1.847871433142151895e-02	-5.736106441527814015e-01	-2.513414059990954907e-01
1.579685821471330520e+00	-7.730930159498861087e-01	1.880242793618814301e-01	2.758540002906133548e+00	5.293268083427253856e-01	-8.661625693023905503e-02	5.683419022921469832e-01	6.132183387642473060e-02
5.090181825453994335e-01	-9.116493950925355083e-01	-6.497111781587854296e-01	1.442497338496642190e+00	1.133031576955428221e+00	3.340035093157517898e-01	-7.038018378367755234e-01	-5.378541897777736613e-01
4.434387876194761935e-02	5.618435155431515948e-01	-7.188871738720098437e-01	8.001406012416910629e-01	-6.078601097324574098e-01	3.243091282560121691e+00	1.145702710738246921e+00	-7.671786099821759075e-01
8.786289088730434016e-02	-1.195351583660627215e+00	-7.543176282918409026e-01	1.018710651840565751e+00	1.039157142248795740e+00	-3.761131965002124655e-01	-8.147865487092742498e-01	2.004292290526977105e+00
1.218025810611404802e+00	-1.105283272928325733e+00	-7.863012627287266909e-01	1.838259550765876993e+00	7.121119853594559679e-02	-2.283935761558684718e-01	-4.991468114615891238e-01	-5.913720627620741022e-01
4.177552393893016469e-02	4.097209083010280306e-01	-3.456172198982377930e-01	-1.678991047192872177e+00	-6.513454446761566263e-01	1.640429544463955835e+00	1.113970314849284993e+00	7.527210349540977563e-02
7.651138938506817366e-01	-1.673990478971713936e+00	-4.537374268343706829e-01	3.845933784730930505e-01	1.188662186084661787e+00	-4.400799465472515770e-01	-8.462523955591599867e-01	-2.069274056708750031e-01
1.250646845183603917e+00	-1.050614420906274660e+00	-3.546861289692433417e-01	1.356171974286794812e+00	-2.913036712029342112e-01	-1.295150930731903349e+00	-2.705155170744060200e-01	2.472543051962219351e+00
1.914582622666599176e+00	2.570022338337555334e-01	5.765758633179254300e-01	3.986453089548743778e-01	-1.403062728065622156e-01	-6.284212809855140858e-01	6.248920286593929729e-01	3.623580522866992060e-01
6.673863695777159100e-01	9.584050235690009245e-01	-5.028373573994370238e-01	-3.444841415237249738e-01	-9.830256388455747008e-01	2.483518708437788103e+00	9.399393126678767807e-01	-1.253220537204646323e+00
-1.212560229179382582e-01	9.492542511819530571e-01	-3.597131789877489605e-01	-1.722781600612957931e+00	-4.790276173705744767e-01	1.796003938926633792e+00	1.167511354372372079e+00	5.818376927275672461e-01
3.186591127074971941e-01	-1.012817910470847904e+00	-6.518802550356289638e-01	3.763007774096814861e-01	9.442740327447675108e-01	-4.806536326170404161e-01	-8.594541600655378755e-01	1.582501523827897438e+00
-1.405876907787041996e-01	-4.401317328150648051e-02	-8.717924484094234927e-01	1.630076408347643779e+00	8.279623522967584082e-01	4.954240326665686478e-01	-5.871981136621997610e-01	1.824058400473641095e+00
7.944572336070487850e-02	-8.299987796034606902e-01	-7.632523795450634196e-01	1.013075528044405038e+00	9.601300370623698788e-01	-2.212220501233278236e-01	-7.826966450674366360e-01	1.926040710213334117e+00
1.224642114416389038e+00	-1.228276093736473840e+00	-8.205243727176989577e-01	2.188457475856277590e+00	9.758233848597716587e-02	-2.302982821809230196e-01	-4.784652718296971696e-01	-5.954176800828028249e-01
1.860166478369004617e+00	5.074593773046610634e-01	1.046220794282516575e+00	4.656889370934151895e-01	2.511225352095291519e-01	-4.688232355202589519e-01	9.393176698150154103e-01	5.981913182089018122e-01
1.612893596548889530e+00	-2.005723211222701086e-01	-4.736932660651581029e-01	1.620183836491920909e-02	-5.912131564653057003e-01	-7.211884284161417247e-01	-3.241469236881885374e-01	-2.196124888023452681e-01
4.601565088677003201e-01	-2.774120490459560107e-01	-3.693924432422633908e-01	-1.042345300889758519e+00	5.465508285863812654e-01	-9.369172947759177861e-01	-8.446377658375263664e-01	2.126458733040620608e+00
1.899737825990599260e+00	2.148987392943357000e-01	4.217640945880773984e-01	3.484726931343213874e-01	-2.010622702369903037e-01	-6.539244139534889921e-01	4.867515876452823687e-01	2.893455013949969290e-01
2.919581425611547654e-01	-1.505939650937173635e+00	-7.081174642544317832e-01	1.002594122838833979e+00	1.183286971092803341e+00	-4.042512383223853534e-01	-8.793562747547863934e-01	1.255817732749046511e+00
9.432707837838096021e-02	8.308794992505494914e-01	-6.257473509668687317e-01	-6.742017997636444437e-02	2.993505911510763173e-01	5.014304350295271939e-02	-5.605237412625974081e-01	2.013909309699961625e+00
-1.317346235591230763e-01	7.141677535650451381e-01	-4.127716521262546068e-01	-1.481356440731357083e+00	-4.883504962385419312e-01	2.015820105733592715e+00	1.277354561207896921e+00	5.725583719039457620e-01
-1.155290574303776633e-03	-6.414865990747599112e-01	-9.057456256032970776e-01	2.300501999968136868e+00	1.130491734421957162e+00	5.722031780415208768e-01	-6.517263039821917792e-01	8.321228405208462853e-01
7.223941477336688344e-01	8.667764225848302306e-01	-1.939572135175467865e-02	-1.671505570820694508e+00	-7.150425574980656673e-01	1.472744563314331900e+00	6.555743555978230663e-01	-1.715190319435342170e+00
1.458528639420072492e+00	-6.282583403361737817e-01	1.951137168571939196e-01	2.140762607517750382e+00	6.755979868756603057e-01	-8.971472877871707052e-02	3.796739224973629812e-01	-2.102661208854738218e-03
-1.247326623791692422e-02	-9.366198485430028697e-02	-2.199659073924431218e-01	-1.404480007081187365e+00	-2.879471695463209913e-01	1.682826879779198093e+00	1.082552426426544701e+00	-7.945920719859565773e-02
7.256252282995085956e-01	-1.271184842317191865e+00	-5.065063273371048780e-01	6.126882138064201344e-01	1.040743027456735526e+00	-1.560759589507637324e-01	-7.685563964839855489e-01	-3.453329473161819152e-01
1.198300676847208202e-01	4.044256142933523313e-01	-3.314385342388075917e-01	-1.754998117082972264e+00	-6.409594149287161091e-01	1.434296279600977275e+00	9.773014496033305409e-01	3.896088320689913842e-02
3.794124272908316886e-01	-1.811830693234072753e-01	-3.923618602523196164e-01	-9.130198596603495975e-01	4.510676053620961135e-01	-9.222425825517334141e-01	-7.705545000909789222e-01	2.522754278787223470e+00
1.585759499573255127e+00	-7.259765493353740329e-01	1.910906127118746634e-01	2.075128996010254134e+00	5.288020246999105556e-01	-2.535882157307646212e-01	3.681777604537564974e-01	9.110127058130038091e-02
1.944278500921463815e+00	2.729092547152430770e-01	3.292943230909073371e-01	2.758117856693027004e-01	-3.249713480566018275e-01	-7.529478032907207519e-01	4.004737235033232201e-01	2.656564033082608467e-01
2.020208822152715022e+00	3.227526740518018578e-01	5.951350724478235987e-01	5.098240582683880584e-01	-2.261393260182883169e-01	-6.994919905594446652e-01	6.652463511248221106e-01	4.076880557015208906e-01
8.398870167950720500e-01	-1.976316585310216034e-01	-1.894947757271497057e-01	-7.582097155905145325e-01	3.998585480454133756e-01	4.991545541929228585e-02	-4.876591133321693250e-01	-7.688580459163473213e-01
2.036952906659295515e+00	-2.368101568089182596e-01	6.835923761047744129e-01	2.292383444606445608e-01	-3.262629645871498174e-01	-5.459468555813611346e-01	8.122365836888856272e-01	-1.540883400572213013e-01
2.158494459160534007e-01	-1.100988799263250328e+00	-7.303547072975636878e-01	8.774196265373589432e-01	1.047457479312376094e+00	-3.158094199083982812e-01	-8.345874802456407782e-01	1.539697977181359478e+00
4.525782292740299639e-01	-1.447705908061596380e+00	-5.998541222668237749e-01	7.009560823026389498e-01	1.229146366969819049e+00	-4.335140573758565208e-01	-8.606321423048884922e-01	8.905530011031241866e-01
3.388632435167296397e-01	-9.503023820315809056e-01	-6.247666275974259609e-01	2.361355564183054145e-01	9.472756891029204818e-01	-5.181253950015624055e-01	-8.799007444829273217e-01	1.548375583356973673e+00
1.630986744231879948e+00	-6.268896117024560510e-01	1.754511093642028841e-01	2.379961796295846810e+00	4.210482724229362983e-01	-1.828382576449406327e-01	4.828840531747679576e-01	4.211889022875953126e-02
1.905013538258527372e+00	-2.447949601879625403e-01	7.997458181071734895e-01	-1.490939069145718054e-01	-1.790571082286552540e-01	-2.388256415190768145e-01	7.877612937577396224e-01	-7.328943964729695004e-01
2.465046859946807556e-01	-1.330867891220424815e+00	-7.090291401471116028e-01	7.878394660649107317e-01	1.074380882990357833e+00	-4.658405482777537299e-01	-8.635035298543570770e-01	1.605857985451224490e+00
2.609118029225995228e-01	1.003022506062293928e+00	-6.682559606820982490e-01	2.825709508522768476e-01	-3.847532323218987305e-01	2.583812788180958719e+00	5.071392636354633554e-01	-9.599608606119026666e-01
1.640520228383454349e+00	3.471415504655824824e-01	6.286302139385906429e-01	6.059670285847572335e-02	2.150609698552646276e-01	-4.458586658911397604e-01	5.207244851403052266e-01	3.853893733960123691e-01
1.110769609463072127e+00	4.365666710332068989e-01	7.058180187049217791e-01	-1.722397039057438073e-01	1.070662932320872951e+00	4.907380884427302997e-02	3.204829933176804868e-01	3.118502444313810407e-01
4.580540225054425818e-01	6.410130527856556792e-01	-6.202287317470730477e-01	-1.649585145916171669e+00	-1.455743864116605168e+00	1.498213908208017919e+00	1.197790071183027827e+00	2.629061043957409693e-01
7.982017590004258922e-02	-1.146647483114822563e+00	-7.448718956771617217e-01	9.133496348298131284e-01	9.906912197697396172e-01	-4.168788854349845807e-01	-7.989109682097732534e-01	2.170087613080053046e+00
1.449707771186602656e+00	-1.937425924636761443e-01	-4.577673136184419733e-01	-1.140838218052102754e-01	-4.384359860120487506e-01	-6.328627199696424954e-01	-3.756697503918776659e-01	-1.927383408871447268e-01
3.303192290371035900e-01	-1.237334820937238566e+00	-7.238121692687629061e-01	1.165956592569655559e+00	1.167773659632371785e+00	-1.939692404699188966e-01	-8.376376163904010186e-01	9.124777524764322578e-01
2.147419410902748016e+00	2.986879121000604043e-01	5.340846930722699115e-01	6.481651618431302220e-01	-4.012842559274940601e-01	-7.971348048075329595e-01	6.869346582146250713e-01	4.044348401049360220e-01
1.470525046649715284e+00	-8.043658410938542280e-01	1.048123820172369991e-01	2.559039282676499827e+00	6.464915698768438634e-01	-6.134345795561683967e-02	4.003354014248358128e-01	-1.607987835009552779e-02
4.942728303861320116e-01	-1.800634649620016514e-01	-3.772986170641254855e-01	-9.559400544223285445e-01	5.825771874729045452e-01	-7.842789643434810998e-01	-8.234062459920312715e-01	1.797384942698156740e+00
4.003385766255811440e-01	-3.200674993445348782e-01	-3.772339185605442236e-01	-1.080277184004278634e+00	4.507982428742555170e-01	-1.053312183708188021e+00	-8.268018331643830487e-01	2.558286780436500152e+00
3.652512283076073674e-01	-6.737788552245521645e-02	-4.150274635771440401e-01	-8.813060859549332049e-01	4.786934682460949331e-01	-7.947595850720262645e-01	-7.765348744917835999e-01	2.299531910649661004e+00
9.531684602085264135e-01	-7.298259607738831756e-01	-1.591038997062709237e-01	-1.337386437656900462e+00	6.035422639759397967e-01	-7.692887052203148945e-01	-7.549428842305402343e-01	1.236730461835683359e-01
1.524105248424904913e+00	-7.978282845848099214e-01	4.657793092785073030e-02	2.577920250109830391e+00	5.245100967004495685e-01	-1.121842350880100647e-01	3.798120120790172694e-01	-4.312173834667209354e-02
1.648542294036189126e+00	-5.912340623785411475e-01	3.008838779993804335e-01	2.381405417240128664e+00	4.539047469663682888e-01	-1.656793306150096401e-01	6.054888406050653593e-01	1.030408262355860249e-01
7.031717322302321049e-01	6.729879691643875228e-03	-2.918477258852208434e-01	-6.437581802257124064e-01	5.473155204930413298e-01	5.116208216938006315e-04	-5.652801132428015851e-01	-3.541777214906664528e-01
1.625324172317814453e+00	-4.348542317072796037e-01	4.192040251867933387e-01	2.144222087165892354e+00	5.357337329474913812e-01	-1.507760641606880059e-01	6.441095104665213178e-01	1.976927585549742572e-01
3.370791822532456239e-01	5.372104353530603449e-01	-8.568358484508448170e-01	6.619232124687105534e-01	-9.368421299192005725e-01	2.944995531685168366e+00	1.069825020260400272e+00	-6.912483933893901478e-01
5.450391388908363277e-01	8.335084952683360360e-01	-4.072539393780649775e-02	-1.490704957395918795e+00	-8.790419563849979356e-01	2.048154883295777662e+00	1.099261037127364560e+00	-1.833947659232865846e+00
4.702275001891088602e-01	-1.158539031053806845e+00	-5.402162676794338703e-01	1.193828358828595421e-01	1.070741834226673905e+00	-5.840789875812816279e-01	-9.161187800587645702e-01	1.031854839563194126e+00
-1.909820166375438277e-01	8.896040784911674049e-01	-3.922484544864178746e-01	-1.486552186812808651e+00	-4.168932989381600729e-01	2.122799989184812386e+00	1.290777430725169372e+00	5.299272182654521934e-01
9.779369972072248229e-01	-6.547392962663199922e-01	-1.001567219406317294e-01	-1.208749413619367497e+00	6.464566691818881550e-01	-7.055406969316526666e-01	-6.726915815180916081e-01	1.772026535638585032e-01
3.120733904809129822e-01	-1.351023009556594934e+00	-6.722532249140761307e-01	5.164571561630434404e-01	1.026232760115799447e+00	-5.639667812833534244e-01	-8.863251037731255666e-01	1.556649512070013008e+00
9.284963081238073457e-01	-1.475469054130815749e-01	5.021665032500993719e-02	-1.420338043923472737e+00	-8.571137001685801282e-01	1.285552823373455000e+00	7.439696649127264250e-01	-2.008194966603521703e+00
-7.024807783008969742e-02	5.540466604298530662e-01	-6.507761380188865630e-01	4.951664967818872332e-01	-3.779495801217317430e-01	3.128846106712728226e+00	1.054108944077318144e+00	-5.980728747271466528e-01
1.902963636789314350e-01	-1.285362668756600435e+00	-7.309043795193167492e-01	8.340421747220980730e-01	1.014224910055957718e+00	-3.935813628199765213e-01	-8.193762047868339282e-01	1.716257551900892686e+00
1.382281895723640741e-01	1.445388464796742711e-01	-3.914974217738641515e-01	-1.480961384826722460e+00	-6.133592102766141085e-01	1.540484454982721463e+00	9.704672925442930920e-01	-7.667610870052428808e-04
6.327576253201492307e-01	-7.129166464933872627e-01	-4.469189268107945368e-01	4.919904259761155862e-01	8.884730057593044350e-01	2.536482501963337466e-01	-6.344119503939330551e-01	-7.462049076458647789e-01
1.810607729606645400e+00	3.048486255112066168e-01	4.392003936030968170e-01	2.492551396425367605e-01	-7.027971952557096613e-02	-5.992072709957254606e-01	4.173342444836374288e-01	2.826701487540089208e-01
1.518144314529747296e+00	-7.269113907952299281e-01	2.182977294676081703e-01	2.623886198489974841e+00	6.295032590648916848e-01	-5.044538530892102302e-02	5.400425956002343764e-01	6.918288262276597878e-02
1.560046663480786133e+00	-7.482978101593198428e-01	8.617128768885379264e-02	2.373927564951173963e+00	5.180874727125951429e-01	-1.608701905914026176e-01	3.261340539253287374e-01	-1.399663098752640111e-01
2.973692052985751344e-01	-2.781743085020095714e-03	-4.521159714692734033e-01	-7.319698230263843586e-01	4.298310447838927795e-01	-7.260843042832334504e-01	-7.263666433298667791e-01	2.522784848963508075e+00
5.287441106719200645e-01	-4.061420142919648923e-01	-3.167149268049534450e-01	-1.208438411272144686e+00	5.661011075857207420e-01	-1.078096319264724601e+00	-8.955436441723220176e-01	2.020864330184904301e+00
4.623088564942282042e-02	7.007320940779832030e-01	-5.493970930002142206e-01	-1.315638949739333707e+00	-5.758814310780004941e-01	1.830010077746296426e+00	9.703779415916035100e-01	4.047714687066940042e-01
-3.643443493527159099e-02	-1.161671145558668350e+00	-8.357601186589747044e-01	1.765087679623687844e+00	1.075256930507248132e+00	-1.052936548218185581e-01	-7.129505407529974637e-01	2.111154394616527874e+00
1.745023581038948057e-01	-1.214515026159039168e+00	-7.671620358363225867e-01	1.106857021499940252e+00	1.028935942410885485e+00	-3.164662673347203858e-01	-8.151223530123683503e-01	1.718244343796040186e+00
2.509186969257689026e-01	-2.680502998422700234e-01	-7.019675823222109035e-01	7.811236389232687483e-01	-8.424744414641978096e-01	3.066336075931861416e+00	1.321040305912272395e+00	-9.567842475575382144e-01
1.438819152876996021e+00	-6.852252288978516459e-01	3.810367630079615209e-01	-6.564797493943101969e-01	1.508252924084091395e-01	-2.068075553706130720e-01	1.327591171279600413e-01	-6.685115411240447614e-01
2.697370814193079114e-01	2.046614776091816579e-01	-7.439805845388486327e-01	5.198505824070888126e-01	-6.238264261185584303e-01	2.770950939588151751e+00	8.396816978831573852e-01	-9.917494822546795152e-01
1.371963612398831023e-01	9.041886016748104660e-02	-7.589117240462061043e-01	1.455239523790427536e-01	-9.107244264154287228e-01	3.000631967203360784e+00	1.396431170361957408e+00	-4.382694212929195698e-01
1.894425238598639094e+00	3.879685420812030161e-01	4.671710770427088821e-01	2.163003799149633144e-01	-2.037607983213977625e-01	-6.792907051261103391e-01	4.801179076191329775e-01	2.775838052788616728e-01
1.796485559483172345e+00	-4.874725556988432351e-01	2.306061586141447961e-01	2.184928981460904307e+00	1.810079946907876547e-01	-3.434552374032610600e-01	5.337843963464315999e-01	7.727423210314768309e-02
8.299968493090178479e-01	-5.277817290360442559e-01	5.659509607455119884e-01	2.159599729534216639e+00	1.699717613080271583e+00	6.168477033506849505e-01	5.111943828046263683e-01	1.943110609076330597e-01
1.871418823342758220e+00	4.138705152930525211e-01	7.973759545841910823e-01	3.899464519019261721e-01	8.176586243428449197e-02	-5.541556655570443191e-01	7.307985001797675517e-01	4.814026166403546081e-01
1.309577154171286950e-01	1.055619541683241236e+00	-6.577479568843992430e-01	-1.412171866738209935e+00	-9.988778058623072331e-01	1.868632290938262885e+00	1.183182237924890856e+00	7.304973570549246897e-01
4.010759810897165378e-01	-6.495026094593950305e-02	-4.181057765412076743e-01	-8.292250387513584453e-01	4.867522790663622034e-01	-7.492594867090043298e-01	-7.761567229278396596e-01	2.164805064720539907e+00
1.576032561460370518e+00	-6.933406128284212988e-01	9.368606857907299523e-02	2.268975658897701475e+00	4.765245313846050434e-01	-1.929034926781433568e-01	3.274973118306225839e-01	-1.183694050851755858e-01
1.748290258421585586e+00	-7.255817968840939658e-01	1.518709362978893918e-01	2.725895264583399147e+00	2.349089660792342271e-01	-2.494541806842024700e-01	5.976932390447555754e-01	8.562942598795947324e-02
1.096074446115343992e+00	4.087095388245745031e-01	6.407034892420981897e-01	-2.190483004544541701e-01	1.036178830365745984e+00	4.213980685832227624e-02	2.466815183278543988e-01	2.355132303468858990e-01
-1.515475050722798755e-01	8.944263752068630779e-01	-3.136814098434775877e-01	-1.611229870641553985e+00	-2.586652594025385943e-01	1.891934686836336477e+00	1.093576052775199869e+00	4.080000301969153309e-01
2.402106206028945534e-01	2.352570821919024724e-01	-4.394332592885902278e-01	-7.509409988242669032e-01	3.688670007651280169e-01	-7.084055873383731106e-01	-7.127641149141873411e-01	2.635002450463363566e+00
2.095349257207356208e-01	-1.242263522711436696e+00	-7.351155465208421003e-01	8.526738249146319504e-01	1.025100832715971855e+00	-4.188879594326067601e-01	-8.400817090003689369e-01	1.741388095581046569e+00
5.005544204600671510e-01	-3.566366200698299627e-02	-3.969179844336884200e-01	-8.069026070617307811e-01	5.131309490978597232e-01	-6.590182299251962084e-01	-7.921556861242015080e-01	1.656278639166795408e+00
6.740440607784036198e-01	-4.061959960776897471e-01	-3.175923930981255916e-01	-1.135701871706114252e+00	5.992461648118173612e-01	-8.887844680541805431e-01	-8.708488606934851051e-01	1.299087078044977028e+00
8.091037075241037657e-01	-2.058684492867446647e-01	-2.159138505440997557e-01	-7.179554796582124920e-01	4.001672792152278779e-01	7.456749915863700173e-02	-4.802462658579699784e-01	-7.144358716910720331e-01
1.604503899323955984e+00	-6.539233624174610737e-01	2.066072015889518498e-01	2.382315857730964215e+00	5.187314713828578006e-01	-1.480051132697665084e-01	4.525849095219181550e-01	-6.064273933093992930e-02
4.433014725061297234e-01	-1.870930480613812452e-01	-3.859876478482888174e-01	-9.074268550618583840e-01	4.463311050811440417e-01	-9.068176674713593899e-01	-7.752287536935981160e-01	2.333070149191470488e+00
2.487377773404270132e-01	-9.832068170393739592e-01	-6.968646472653697854e-01	7.179840451817677272e-01	9.663638617591777669e-01	-3.737334683545011638e-01	-8.134668117749851435e-01	1.676923204967887715e+00
4.390963333397898127e-01	-1.440014916009955959e-01	-4.107691819668574107e-01	-9.413707404815738755e-01	4.429174409475788998e-01	-8.233451951866794793e-01	-7.855462889301273455e-01	2.167533475185517755e+00
2.343200308361394479e-01	-1.035878323787962740e+00	-6.468014981111401829e-01	2.663209347115124137e-01	9.201753505756511409e-01	-6.075119246809934648e-01	-8.618813944382179848e-01	2.012013468076289335e+00
1.714646905555138989e+00	-3.995490361866346762e-01	4.333692124607239071e-01	2.072669988210007030e+00	3.944130552801856093e-01	-2.413055774489641647e-01	6.733215512894139554e-01	2.071107107097355238e-01
1.695608149520690056e+00	-6.975880601581173623e-01	9.443405200318652493e-02	2.566075167356321796e+00	2.554275822876992397e-01	-2.225728413707316056e-01	5.074525062711872092e-01	4.640339453213998544e-02
1.737562876507566800e+00	-3.729534532408524394e-01	6.615994683144809096e-01	2.359599941105052778e+00	4.962284632851828858e-01	-1.550450523148448889e-01	9.515728624071215780e-01	3.901985824371931866e-01
1.070305863629230858e+00	3.821886653374114706e-01	5.888984720596497358e-01	-2.234021040994977336e-01	1.021697801091723701e+00	4.368823860134281312e-02	2.109703274471694812e-01	2.400342733487511870e-01
1.610313412176149983e+00	-4.224566906984580372e-01	3.907713173632397785e-01	2.056714451397461119e+00	5.268899004737643832e-01	-1.829598857251323318e-01	5.907857969806986631e-01	1.866128697174190276e-01
1.526605986392324532e-01	9.891432782629683285e-01	-6.577929851199386668e-01	1.453828784444987643e-01	-3.299474026959365869e-01	2.614419412719893199e+00	5.926850511407307787e-01	-7.024323986091509653e-01
1.619330022371418265e-01	-7.283699459250786434e-01	-7.610510151264424650e-01	1.180440807789139512e+00	9.906812348684118641e-01	-1.896466448179327455e-02	-7.580240158994120403e-01	1.339853789245067039e+00
5.055488011399461579e-01	4.037308576866497356e-01	-5.831095986508525453e-01	-8.242194127606223830e-01	-1.246288514591482377e+00	2.338738185609332110e+00	1.175466433834946978e+00	-1.113579850087471623e+00
1.856966425732288872e+00	4.169615510314392814e-01	7.831108422820016735e-01	3.734907471406185842e-01	9.300518513795799636e-02	-5.450400355719041690e-01	7.100100895882847096e-01	4.719097894824049177e-01
4.624996735816759852e-01	-1.634109966153683313e+00	-5.521571514563448080e-01	1.776427114818886488e-01	1.113368520078222623e+00	-8.284215343446803548e-01	-9.755705168166743935e-01	1.306611127212450763e+00
1.973593405757228858e+00	3.785141055187424275e-01	7.500158798020296613e-01	5.054480024258544146e-01	-7.426980524965605401e-02	-6.371475284427380315e-01	7.510938914347089490e-01	4.744164512813094370e-01
7.859228319788810202e-01	-4.601630190307210433e-01	3.368397629398305893e-01	1.415592596888031851e+00	1.505325255408004992e+00	5.053423770356747502e-01	2.147128579366077150e-01	-4.229785087768067608e-02
1.286093774203991569e-01	-1.029335232022756230e+00	-6.483931923396364372e-01	2.439936621557566299e-01	8.626046386499536256e-01	-5.588746507357686966e-01	-7.951555160362250296e-01	2.195206079094518703e+00
8.923619053178221128e-01	-1.966363364837786232e-01	-1.458909778042574157e-01	-8.265155387621111460e-01	3.966990501704201200e-01	1.265974756176388438e-02	-4.981894036138539983e-01	-8.650588817780131556e-01
2.052870057699034856e+00	-4.497881058090468231e-01	9.807383622524984412e-01	-8.572069553137935671e-02	-3.681977418973029770e-01	-1.400886652374836450e-01	1.107333684492940673e+00	-1.019933836513759795e+00
3.453091201125053078e-01	-1.309541951008756921e+00	-6.473865070188266069e-01	4.974796311878733612e-01	1.080708245813348789e+00	-5.229408120542755611e-01	-9.000109365226818259e-01	1.330147401456194034e+00
4.188233548813425910e-01	8.510187404903661879e-01	-4.568382080402111356e-01	-5.349452427966098211e-01	-5.497292847893716639e-01	2.309127986084154927e+00	6.475751446337618678e-01	-1.273361924338090256e+00
-6.323220785744118611e-02	7.659780238002240615e-01	-4.002350632764346550e-01	-1.598070026181066527e+00	-5.101990198857022651e-01	1.810866606755269448e+00	1.126439006657685038e+00	4.279576636001106715e-01
9.963698007157683056e-01	-1.364726396189369466e-02	-6.351055984764127083e-02	-9.818616778132885914e-01	4.571660544055405895e-01	-1.482598533002102148e-01	-6.004883973059975677e-01	-9.271806431718233599e-01
2.085221260988017467e-01	1.253143658923764336e-01	-4.766442497915653331e-01	-6.233968413103649908e-01	4.028963561599703258e-01	-6.482238015849930424e-01	-6.692523119379937269e-01	2.739186828123953976e+00
1.711234571627009649e+00	-1.517178384088322673e-01	-4.835308276605067013e-01	1.154990734467562091e-01	-7.071643491135856108e-01	-7.802078104928902302e-01	-2.759396515330290733e-01	-1.957296225935019618e-01
1.907266271698522475e+00	4.424831735834139357e-01	7.421929505812828731e-01	3.713519661988357590e-01	-2.397354213538167161e-02	-5.784701649855243932e-01	7.165970247425237361e-01	4.844819042907563267e-01
1.853488305954171800e-01	-1.147729510509116979e+00	-7.989852126150306377e-01	1.326499824778746062e+00	1.025228364316389307e+00	-1.732926769551648705e-01	-7.738570989243794829e-01	1.568229023405851796e+00
2.573992234464192452e-01	-8.651007167064119763e-01	-6.728254429325923880e-01	3.062778355302873123e-01	7.937567821059404727e-01	-5.411366715547817341e-01	-8.199837521756417891e-01	2.064855577858151214e+00
6.635313192963234741e-01	-3.963969061546041561e-01	-3.216122779834711953e-01	-1.175591284416322324e+00	5.712095622304045328e-01	-9.428817239996143407e-01	-8.890910965884689654e-01	1.461720040494554285e+00
3.212898036690228221e-01	-1.308346993235760980e+00	-6.760815283824210820e-01	6.517809049764848872e-01	1.088087146587176424e+00	-4.669110099705014449e-01	-8.832280607173859099e-01	1.345191062380323599e+00
1.541088939493151289e+00	-7.022800962469563091e-01	7.378713336528994193e-02	2.301252019550720895e+00	4.749567216860051122e-01	-1.473771910834756338e-01	3.626903400809651234e-01	-5.349812857084833978e-02
1.825429719803453033e-01	-1.280827272894149438e+00	-7.488714913301244280e-01	1.030436393348439061e+00	1.093433731110847962e+00	-3.458893040526923035e-01	-8.363161261645470912e-01	1.620230484794151549e+00
5.308503360374162705e-01	-3.644673744089148015e-01	-3.303803988298261163e-01	-1.162198793789070539e+00	5.814057380193394797e-01	-1.004929695053202066e+00	-8.844971017518682421e-01	1.910212109134965530e+00
1.166340551012218674e+00	5.153269524140912106e-01	9.060669655795986488e-01	-8.487182491650122063e-02	1.162026879351235831e+00	5.915347099343378628e-02	5.122235519930281589e-01	4.408090090906192082e-01
1.603175590212254198e+00	-7.376371221706398140e-01	2.745846406962894060e-01	2.186465580607788617e+00	5.818608013136905566e-01	-2.401881137498814711e-01	4.517099805090027953e-01	1.459477365394896697e-01
7.187266988308864679e-01	-7.946687406970374956e-02	-3.283620765209703807e-01	-6.359631214052920978e-01	4.256951932609399636e-01	1.513314416371669413e-02	-5.327548004871924814e-01	-3.598918488915363589e-01
7.058912191597027652e-01	-1.822454440479550145e-02	-3.324157452782237065e-01	-6.001234961247243760e-01	4.974596549267928935e-01	-1.734053552176808774e-02	-5.730359380424553395e-01	-2.933582656305361858e-01
1.206181718860744462e-01	-1.112203367564081891e+00	-7.983403793846404195e-01	1.302966464667415947e+00	1.096010366865399099e+00	-1.853437958455476653e-01	-8.272880791144334722e-01	1.612597382151796710e+00
1.561284254136473315e+00	-6.091494911380096466e-01	2.025642212025948186e-01	2.206557533309556618e+00	5.281735624462036149e-01	-1.723419735505520856e-01	4.275794187714266892e-01	-1.717246913767563402e-02
1.120550958814096720e+00	-1.370288706581979543e+00	-8.413048923980388505e-01	2.472356127078329191e+00	3.101536067191771884e-01	-1.125264158644398299e-01	-5.015018177252211773e-01	-6.569350371923575738e-01
1.561859614163146670e+00	-1.770146754124595767e-01	-4.598227728262536673e-01	-6.262535968578358814e-02	-5.596787291009549525e-01	-7.037583253262715832e-01	-3.294752513074430400e-01	-2.025984703529741804e-01
9.927946424087196187e-01	-3.453647183789907982e-01	-3.008125046200627387e-02	-9.848150547075340544e-01	3.303991275557155438e-01	3.992026069622217621e-02	-4.363174271778987867e-01	-1.188046893195081166e+00
1.915350743085051599e+00	3.276483466055758464e-01	5.682286957415602080e-01	3.568187348484907484e-01	-1.132323403750316593e-01	-6.617735088346216044e-01	5.577406099626478486e-01	3.624600225153015165e-01
1.585910097928441509e+00	-6.223797089460928467e-01	3.395119125372034197e-01	2.539106182570562531e+00	5.910872837450552586e-01	-8.126929940719508638e-02	6.460355299865474521e-01	1.427119210628505774e-01
1.765137808140126330e+00	3.213394598279268877e-01	5.713876239646218380e-01	1.606060579882195305e-01	3.927270116538118805e-02	-5.588379123040186913e-01	5.049024970049857952e-01	3.617320845413943831e-01
1.086236533597643383e+00	2.879959146705187711e-01	5.849602215687341733e-01	-3.005434927257267796e-01	9.774929596845033375e-01	8.164642965315431489e-02	1.959082689683667167e-01	2.221029234686883180e-02
6.806723467507747038e-02	2.323318326323513261e-01	-2.745644141565002916e-01	-1.686968855373039755e+00	-5.440665492307382722e-01	1.503608885817267815e+00	1.038527566688840054e+00	-3.134491296289107498e-02
1.670469489002739172e+00	-1.622385698751384886e-01	-4.741845525855204468e-01	1.563768860713869030e-02	-6.848069287940170558e-01	-7.571705421856017582e-01	-2.829649129866180779e-01	-2.086880892216681216e-01
3.232053920245256950e-01	-1.390770570018793784e+00	-6.819295498237238906e-01	8.149861855062129345e-01	1.146229836905500399e+00	-4.225730275070877506e-01	-8.891124478378757967e-01	1.217265398750340344e+00
1.547535197758850956e+00	-8.027757616172078725e-01	7.037882714312304611e-02	2.663572353120875480e+00	5.056030547260416119e-01	-1.070024402922494650e-01	4.325138630948420215e-01	-2.168094530069718598e-02
7.768614629942248717e-01	-5.530088187404287314e-01	4.776330077743686786e-01	2.150665778569683440e+00	1.727706777737911814e+00	5.939721557301842481e-01	3.797817229917369031e-01	1.439764175239412469e-01
1.532323121447527026e+00	-8.813244838072521459e-01	1.429672945244364057e-01	2.943556738862242117e+00	5.676841103734613370e-01	-1.178678760760180563e-02	5.778607775922164347e-01	1.535270149171624743e-02
1.851912862203284771e+00	4.923975434573411025e-01	9.795037822457862697e-01	4.510544580123456160e-01	2.029050637214566133e-01	-4.979579411832164015e-01	8.992573852921232902e-01	6.053817989574968861e-01
2.009522410653267865e+00	2.805245581105142438e-01	5.102322736548372539e-01	4.918601224212187373e-01	-2.497882892156399748e-01	-7.375757175382392505e-01	5.773184693144400859e-01	3.661796686388588684e-01
1.214080937967975948e-01	-1.123445872175201865e+00	-7.609390392859111119e-01	9.704217786994587813e-01	1.002165478271481724e+00	-2.897527593362341780e-01	-7.907495512570867913e-01	1.817522294575755648e+00
5.121636296698220958e-01	-2.260769324268247227e-01	-3.626940590068138959e-01	-1.024432563655961470e+00	5.504262230008236667e-01	-8.825601494192070184e-01	-8.562375289078025808e-01	1.878944132439816395e+00
1.647608313836937066e+00	-6.011807331308317570e-01	2.400523251275565317e-01	2.509459124117429329e+00	4.481278760406330886e-01	-1.458649661394431363e-01	5.547064166849067224e-01	5.008668652638748053e-02
2.113650161268362915e+00	1.566239573392849360e+00	9.017103967792793329e-01	-8.013786225621595261e-01	-1.507153235262373991e+00	1.049089634833318296e+00	1.832690926206562709e+00	-1.566099001246556099e+00
9.597821630142888694e-01	4.411626405942771223e-01	5.543753348361155631e-01	-3.410402682958865173e-01	1.077470819810264935e+00	9.433457992495529465e-02	1.641336523648102286e-01	2.266971997424994112e-01
1.468067127570162667e+00	-4.428162498453777074e-01	-1.850147298553827813e-01	-5.761463883201978220e-01	-3.712222278498106820e-01	-3.409960654080151365e-01	-2.921415787570171840e-01	-1.083409031585514049e+00
-2.965985327808684513e-02	-9.556255545163016007e-01	-7.943751669850721564e-01	1.215324387252837202e+00	9.484961794625764719e-01	-2.496633240901157957e-01	-7.212359253808745541e-01	2.377728256352623415e+00
-5.536431982002502916e-02	3.004825509238904235e-01	-3.167498583578549631e-01	-1.460483118666891622e+00	-4.752241777495208042e-01	1.924845449156809440e+00	1.202189675042044881e+00	-8.922325263565301576e-03
1.108182044576501601e+00	4.934461040297084544e-01	7.913700356630022359e-01	-1.479291014373521340e-01	1.139388637317018116e+00	6.515045969408456150e-02	3.922319037555735965e-01	3.748815866745413006e-01
4.455914079859059074e-01	-8.173428650798840456e-02	-4.000457068108973502e-01	-8.697335620837330916e-01	4.948091080578171930e-01	-7.684440426288369208e-01	-7.970621494884019276e-01	2.036118170370348590e+00
1.383885224194288943e-01	-1.234329235358691657e+00	-7.411182234262423396e-01	1.044156149447015736e+00	1.105085960074437157e+00	-3.844984346553141918e-01	-8.761622560043978991e-01	1.850152788225976286e+00
3.546707391440196977e-01	-4.490193088363776397e-01	-7.037702657162898667e-01	1.103048338763134684e+00	9.312404256686038773e-01	2.651106992648515348e-01	-7.349784165568516991e-01	7.012817386478303883e-02
2.697969569732829309e-01	-1.244367923475853344e+00	-6.630467312936878521e-01	6.503863177922233341e-01	1.113513470424713603e+00	-4.577436594132449077e-01	-8.803090095575456520e-01	1.455835197341222464e+00
4.908087352663823566e-01	-2.638930536719071296e-01	-3.834903294541155416e-01	-1.017349492955871293e+00	4.962694448394336932e-01	-9.058829851923563270e-01	-8.280168175062498914e-01	2.070035436678976382e+00
1.152107759819658850e-01	8.000800443342913626e-01	-6.856039485391601795e-01	5.048197989302850575e-01	-3.324784864451629240e-01	2.811989669503815570e+00	6.614992804626526057e-01	-8.590051680273831369e-01
1.902512440150763817e+00	-2.766901362353013649e-01	7.690837486444245252e-01	-3.887318937780824823e-01	1.848259596399334792e-01	-9.873635646462765036e-01	3.151561749909868593e-01	5.910156428880033452e-01
7.249261327538705224e-01	-5.656141221331160152e-01	-2.238533952120282111e-02	-8.518189109928064884e-01	2.633779010216381056e-01	6.689225010287848106e-01	-9.775089840782018313e-02	-1.352010550605231565e+00
1.249064838695658652e+00	-5.227180715009640544e-01	6.458833834699860832e-01	-1.097608477613944311e+00	1.091178374474583102e+00	-7.497730184727092739e-01	-1.516669249223364102e-01	5.884521151491852731e-01
4.484756608049758619e-01	-1.558561588507358653e-01	-3.897688889864471262e-01	-9.448008284808423474e-01	5.317497198239167222e-01	-7.920923670977366715e-01	-8.031517971892920826e-01	1.963605736762168430e+00
4.626672148563577558e-01	-1.653136026536201064e-01	-3.987948074392108078e-01	-9.227090111043557696e-01	5.167643768564921247e-01	-8.068335166946620785e-01	-8.144339844037270515e-01	1.997622255013716375e+00
8.966921434406482927e-01	-4.843340128118506227e-01	5.519800148196799539e-01	1.082614036452003603e+00	1.544347266283176534e+00	2.462383277392403702e-01	2.633670012263554239e-01	1.564286174660974305e-01
5.112659354825966895e-01	-7.414395890222914842e-02	-3.196333873512303136e-01	-8.813018968528146813e-01	5.767385582306683300e-01	-7.566251238996891670e-01	-7.409913197397166584e-01	1.925158012024333454e+00
1.359155641184070840e+00	-9.583388766041297524e-01	-4.634260142734455967e-02	2.802440480531804834e+00	7.126841472003399014e-01	4.221584858699159448e-02	2.990283390640481320e-01	-1.112996343760871143e-01
1.562371191872693021e+00	-2.577640409003906785e-01	1.252674929524752456e-01	-3.162534185658974484e-01	-1.911663871191275343e-01	-2.944192315511632296e-01	7.596975361199258259e-02	-6.755745785930039604e-01
8.206087075867746217e-01	-2.026623444301215438e-01	-2.339752130576241429e-01	-7.099270405653929084e-01	3.521189869080633694e-01	8.951058174539830437e-02	-4.703918942817434945e-01	-7.048249368700011397e-01
-7.823766625677530673e-02	2.864013962905878063e-01	-3.631686087608089197e-01	-1.453295573522637385e+00	-5.928420656256385701e-01	2.004203411695997250e+00	1.367762209360819714e+00	2.627257897274187792e-01
8.747898424585246469e-01	-1.521860242723362511e+00	-7.133527343292164202e-01	1.504177412253195678e+00	2.044176277917946205e-01	-9.314853846279669281e-01	-6.692656010305285674e-01	1.598313070086944343e+00
1.528512561002930426e+00	-1.077622797048078063e+00	-8.010196639979876299e-01	2.069670022504956464e+00	-3.546174380313242835e-01	-5.547510496337251240e-01	-3.824039973371272105e-01	-4.431242037926752531e-01
3.195824680082463010e-01	-9.592649590510041735e-01	-5.712490258626342632e-01	-1.032001877265415896e-01	8.820349369636454329e-01	-7.103845696319334158e-01	-8.843391424236232146e-01	1.910730414030633817e+00
1.756708687941341607e+00	3.445608077532451574e-01	5.125111002656324022e-01	7.916666146492078171e-02	-1.730768515773839153e-02	-5.892284917617537365e-01	4.439984927776035595e-01	3.508382892304872658e-01
7.055140424753838513e-01	-1.760322403899302390e+00	-4.411536803879041457e-01	3.965785275979175073e-01	1.326820885028012320e+00	-4.702616138099800502e-01	-8.571806320724696393e-01	-1.237949156452915339e-01
1.881203952643986543e+00	4.454026506055600576e-01	8.864624487172549916e-01	4.162516782140107119e-01	1.183472357893254334e-01	-5.418444361469070270e-01	8.124587569035670587e-01	5.312439759141890372e-01
5.104728054857301522e-01	-1.015188655174496413e+00	-6.714874837200607294e-01	1.626534925708798873e+00	1.153805215923670691e+00	3.739213212614629356e-01	-6.906836328088437060e-01	-5.712725413123771467e-01
4.596808131890474103e-01	-1.854504855563641474e-01	-3.985198510745845968e-01	-9.502225312799146284e-01	5.022964778696107357e-01	-8.460221212589104089e-01	-8.208414835314582492e-01	2.078789275892325872e+00
3.575568464612358111e-01	-1.383759156392532441e+00	-6.220861797968996187e-01	6.508918823168660106e-01	1.156824731087188862e+00	-4.878632231772935257e-01	-8.583559429260796403e-01	1.290921375717857034e+00
5.074582128431761596e-01	-9.295693119072121480e-01	-6.519540075239823596e-01	1.475081238099580361e+00	1.141514750661654976e+00	3.368335965942507171e-01	-7.022623650259036676e-01	-5.408033085964640829e-01
2.234748439422122868e-01	8.953157743826547499e-01	-6.832891536836354085e-01	-1.394116723623119170e-01	-5.901491215765457543e-01	2.542829458822866151e+00	7.242447955625109790e-01	-7.011518724744616460e-01
1.117110299002919693e-01	-9.807001583515871923e-01	-7.291223014677519210e-01	7.269857106712319661e-01	9.526769780926959141e-01	-4.101444918775740134e-01	-8.080711420423004610e-01	2.102828700215781499e+00
1.746984916353360173e+00	-6.077898211646763915e-01	2.444531112590797584e-01	2.368234021806440381e+00	3.126207563455375427e-01	-2.705230555643050039e-01	5.403586736869427920e-01	-2.365990851451020040e-03
3.227304553580536139e-01	-1.276893752907898083e+00	-7.504231335743745124e-01	1.030369662542584663e+00	1.068954746529539257e+00	-2.460202532451611079e-01	-8.524270175235303393e-01	1.091599887515070755e+00
-1.308868339925371195e-02	4.422258582079530154e-01	-6.826068379225881388e-01	4.953695216448487648e-01	-4.520283616327872012e-01	3.072194175386359305e+00	1.042453561337336021e+00	-6.479947665285157310e-01
2.781623176599338221e-01	-1.109499647327711225e+00	-7.761147418728687741e-01	1.274864183289250441e+00	1.031724262214932519e+00	-1.621270607424668553e-01	-7.877517573649586158e-01	1.226365791435726660e+00
9.396993973428108271e-01	-2.300961140180824982e-01	2.205324120683460620e-02	-1.011171675052802144e+00	-5.488924201288483129e-01	1.377640419654015735e+00	5.002895125423515443e-01	-2.171157780037699325e+00
1.124716552541821651e-01	2.318797735370699831e-01	-6.658855674062101881e-01	6.451557761683477388e-01	-4.381293335690972790e-01	2.957772785420360151e+00	9.100904100089934889e-01	-9.783957956360654906e-01
7.308858478028181782e-01	-1.695185607668075356e+00	-4.982473266831498604e-01	7.576899307390407845e-01	1.263333093931858109e+00	-3.374050730030705436e-01	-8.300113300642973924e-01	-2.417625545824032274e-01
4.264133089393457032e-01	-2.458436628636219701e-01	-3.853649589584704493e-01	-1.006855679266191572e+00	5.162244384923456719e-01	-9.194174470752760620e-01	-8.252225173818984461e-01	2.234976302764001943e+00
4.901405272097294485e-01	-1.022160271069427973e+00	-6.710294187803657051e-01	1.706266831127890571e+00	1.210203807881359062e+00	3.556330163384328058e-01	-7.067171344593768945e-01	-5.577300256880438623e-01
1.976735619399815569e+00	-4.878246516015191658e-01	7.856274267165809233e-01	7.633177560282193852e-01	-3.812128041507870796e-02	-2.410339468461131507e-01	8.629852443769621129e-01	-5.792407527486679308e-01
4.112264332931296895e-01	1.833396372942069086e-01	-7.902659663960331926e-01	7.550118701467700699e-01	-7.477510130768566521e-01	2.750409140349952430e+00	8.076764358615230455e-01	-1.152914891364674066e+00
1.700982720103134449e+00	-5.276460119887063094e-01	2.431317288957721701e-01	2.208738976680932442e+00	3.355975473321921032e-01	-2.637549626916802503e-01	5.239654846221990514e-01	9.195902707804670673e-02
7.196865435405283007e-01	-1.434722231896572442e+00	-4.299367112470431351e-01	-1.296653094431441666e-01	1.115184465942039793e+00	-6.615663155157496256e-01	-9.297737694010119736e-01	3.000408640165673213e-01
1.662419866835677107e+00	-4.554532645874332375e-01	5.931533311555132748e-01	2.480360886179392210e+00	5.801998345115864097e-01	-9.237041419085481597e-02	8.993671741196548330e-01	3.476695329416190638e-01
5.735525440468708380e-01	-3.114458363616255943e-01	-3.394428986588952646e-01	-1.078847037075334026e+00	5.987967290375680873e-01	-8.937091743984395542e-01	-8.646447091061051360e-01	1.656692347008095645e+00
4.992618728593500865e-01	-1.858106335967160405e-01	-3.691803445017926011e-01	-9.910272278157227221e-01	5.371174314295970031e-01	-8.573667351685806404e-01	-8.473238075669623504e-01	1.910976040614695171e+00
7.803640538142726513e-01	-5.200250759498545872e-01	4.312581342223607006e-01	1.883227134733520325e+00	1.689193252618095720e+00	5.461898451824525047e-01	2.928682318004103280e-01	2.964905991705490962e-02
1.546591049002912666e+00	-6.219746143417465012e-01	3.196071610807902919e-01	2.474434403514608416e+00	6.332478371979307630e-01	-6.550039325845403992e-02	6.024682789488255974e-01	1.253279282092887859e-01
8.189421153632584494e-01	-6.488972503903727151e-01	-2.202435181072205650e-01	-1.361470488938429035e+00	6.508856462888504835e-01	-9.469653482067109662e-01	-8.591215676822913094e-01	8.217930779948234843e-01
2.938787930206011589e-01	5.987263983146772217e-01	-5.799488796563873061e-01	-1.606467939889951069e+00	-1.263913623868875291e+00	1.681132939446524865e+00	1.253557408450414412e+00	2.692961947974266690e-01
1.522526575366241142e+00	-1.804256883405988554e-01	-4.825481884020552670e-01	-1.980941156839534020e-02	-5.105752737878864744e-01	-6.676154597494310394e-01	-3.627318165878520295e-01	-1.832355457425752232e-01
4.502166746264671948e-01	-3.543319370089591247e-02	-3.969031273033897800e-01	-8.279480575166801026e-01	5.274083215367511013e-01	-6.765388972115703448e-01	-7.680368648572275525e-01	1.859106371632594623e+00
1.097884809966644060e+00	1.234154125234031563e+00	-1.257998396233637184e-01	-1.419586831608609989e+00	-1.248946426818799527e+00	1.651235344437780750e+00	7.966348290158796752e-01	-2.016611338034739465e+00
2.165291415385563467e-01	7.148463632843484739e-01	-3.908631523877834080e-01	-1.901938246738460681e+00	-9.166463282881451846e-01	1.386208193387192589e+00	1.029523524113350241e+00	1.449428250780017136e-01
8.341359378051588225e-01	1.257868167107438317e+00	9.059585275739909238e-02	-1.534578173043915639e+00	-9.308621072055938139e-01	1.790497688389596442e+00	8.878511609817288930e-01	-2.170510167604659646e+00
1.351331883690962465e+00	-1.153558352620562388e+00	-8.169498860851022171e-01	2.072432487928376865e+00	-1.115140160937765357e-01	-3.438136439161031399e-01	-4.331946817884234635e-01	-5.394880719067842723e-01
1.697607646580994167e-01	-1.228734376806361217e+00	-6.517702922243115982e-01	4.123104265025835935e-01	9.656208520396775130e-01	-6.699934036102793700e-01	-8.573587551025514397e-01	2.231444052038887182e+00
1.553583385465116262e-01	6.984163254735088477e-01	-3.466850456468570374e-01	-1.949388470732033030e+00	-7.698394699083672688e-01	1.328045338787422924e+00	9.984820872340657294e-01	2.406951283512390738e-01
7.324637593836447191e-01	-1.663308404952899666e+00	-4.374727715911928549e-01	4.435654702855140186e-01	1.265278322252899379e+00	-4.034302966166657956e-01	-8.298959082055352710e-01	-2.172919119555767054e-01
1.786318034729280413e+00	-6.272609621695141024e-01	1.505864594888678965e-01	2.447613390935294841e+00	1.713371430539627760e-01	-3.206932520933218900e-01	5.212884891413440691e-01	2.981723405214675715e-02
1.078065196832652450e+00	1.467424086631228697e+00	1.202156327320585305e+00	-7.508239086882354529e-01	-2.629413010202563683e-01	2.257803320134408320e+00	1.826229230714770724e+00	-1.752816745764035344e+00
1.659795719246660584e+00	-3.150530706588717256e-01	5.543052862391261160e-01	2.083514737548154194e+00	5.165172250892106076e-01	-1.776909747782300097e-01	7.743078759852843884e-01	3.558901880441706078e-01
1.459655294043178841e+00	-6.586075237901914958e-01	1.654127384796955647e-01	2.264457992693756694e+00	6.247906798474698320e-01	-1.091325709089818186e-01	4.080590000108776927e-01	-1.662024901164356689e-03
3.809351027124606714e-01	-1.250782235227292594e+00	-6.810203899647587766e-01	6.944913175047042753e-01	1.063838699138518251e+00	-3.953622217216766210e-01	-8.743318282311204337e-01	1.132459564228895044e+00
4.377247048310998756e-01	-1.376648703616464520e+00	-6.671564813017150097e-01	8.723695923446741496e-01	1.173880428417705346e+00	-3.469883984893092910e-01	-8.797576649035876439e-01	8.006837847149697041e-01
1.583200711799863880e+00	-7.063297928830397643e-01	1.721992381655466642e-01	2.570320283336164024e+00	4.970111469710509766e-01	-1.292649437502730037e-01	5.135564887040729998e-01	5.753979104945872169e-02
5.883708479818470227e-01	-2.488474164014389534e-01	-3.431763098063252415e-01	-1.066442285900174980e+00	5.949260502353277413e-01	-8.439283679445959141e-01	-8.698591972867162347e-01	1.509694322282726819e+00
1.501853072855010351e+00	-4.668961900945997057e-01	3.889700483210765114e-01	1.871632959824023779e+00	5.591672615304367211e-01	2.144685571564441950e-03	6.442828690389461599e-01	7.864779926310946911e-02
1.127380117055853254e-01	-1.110693575040213377e+00	-7.720635086550433623e-01	1.092879729779639764e+00	1.062581675308493789e+00	-2.614239280407592569e-01	-8.091684634947680088e-01	1.735183389645056584e+00
8.976168338925147316e-02	4.622617839848418564e-01	-4.426736105491997364e-01	-1.564950455370180293e+00	-7.445831352748369936e-01	1.678573920134420749e+00	1.084437409276459263e+00	1.718528029698698223e-01
2.481397275645144951e-01	-1.088327705894846842e+00	-6.904793197043841424e-01	5.999894178543295764e-01	9.930697748604576658e-01	-4.495303751325282482e-01	-8.523116187078103589e-01	1.692517527919337628e+00
8.791014007515496331e-01	-2.642005954227787945e-01	-1.841853249410509430e-01	-7.627396259085128527e-01	2.993625146035968632e-01	1.436003060794500130e-01	-4.433951916687632888e-01	-9.163390266053086375e-01
2.042425177114842949e+00	-6.730623607899314242e-01	8.228577656539645124e-01	-5.005641913704806933e-01	1.639808242637470770e-02	-1.382033344677585651e+00	2.638617081732198555e-01	9.107156348657683420e-01
1.614253344541833612e-01	-1.082170015384446238e+00	-7.619854469412123965e-01	1.104593111504578840e+00	1.088769314732252358e+00	-2.067595252555592400e-01	-8.098278153624584030e-01	1.511215412997063634e+00
4.380948554893157043e-01	-1.738688070739564662e-01	-3.834910702252840586e-01	-9.648251839809818264e-01	5.210202218105920435e-01	-8.662517213243343672e-01	-8.256221558490185464e-01	2.135176809319448310e+00
9.833116765760343547e-01	-8.214382516192404449e-01	-1.456918240602828873e-01	-1.386171781787481461e+00	6.232077957664798884e-01	-8.423743392883802361e-01	-7.804116684078409305e-01	1.557105670382143703e-01
1.424388167414600170e+00	-1.806520999826916052e+00	-6.590831545350268605e-01	1.562023908019335883e+00	2.484082085579854271e-02	-8.227359492378092387e-01	-5.878725098278253514e-01	-2.149882395793931145e-01
1.842798887348995773e+00	2.280674071205161801e-01	4.619954209501402342e-01	2.099855329050530073e-01	-8.290369624184286412e-02	-6.778951351993414143e-01	4.182387441857797761e-01	3.575831777579854820e-01
1.311617353450608814e+00	-9.665246681585462074e-01	3.477901859193245349e-01	1.358828384937400546e+00	5.646432155940790398e-01	-8.848453050448835677e-01	2.056415117347589749e-01	2.142780087289523294e+00
1.472206603047315543e+00	-7.889733944102528262e-01	2.091663893082219561e-01	2.751180437105718024e+00	7.443315779681027866e-01	4.751534596698003821e-02	5.018501945158433397e-01	-2.280630257968652846e-02
-1.401019575038470015e-02	2.352779520299651261e-01	-5.065252350832650796e-01	-1.186121176738436311e+00	-6.821961886812905052e-01	2.087386991799776492e+00	1.296739832573617912e+00	2.769963930631836879e-01
1.613535265439479671e+00	-4.105031968897591144e-01	2.079287490280723461e-01	1.637440203993171473e+00	3.748966427588286687e-01	-3.170246820301058643e-01	3.313654529994008446e-01	-3.692274690436181395e-02
3.519657642499587902e-02	-1.130911146979225013e+00	-7.278932150126117273e-01	7.885196375419972759e-01	9.563333988125340968e-01	-4.213905271150602538e-01	-7.628632905502036321e-01	2.318751259205478643e+00
1.275654996631698235e-01	-9.860498393602712408e-01	-7.533858494806772166e-01	1.011965194317497874e+00	1.026895833658039159e+00	-2.337135446262481320e-01	-7.963806865964218051e-01	1.677035526060566495e+00
5.299583736356462405e-01	-1.998634141359975080e-01	-3.710080366418511688e-01	-9.737782326858683835e-01	5.509896257001202224e-01	-8.196279767522314241e-01	-8.356745675650016913e-01	1.753200942175150212e+00
3.717034074348841699e-01	-1.350767189529204382e+00	-6.151216834751693785e-01	4.513371849988928597e-01	1.084094572138222468e+00	-5.734125170657841108e-01	-8.777332758309724925e-01	1.424440958192336737e+00
1.542525580579374500e+00	-7.614886704330433576e-01	1.988039612058487005e-01	2.170057294641100754e+00	6.290865411705631738e-01	-2.013333981772252868e-01	3.587481173793481415e-01	6.137954005365162113e-02
1.557964568129913463e+00	-6.309785116637426361e-01	1.468265148867693992e-01	2.404020970006132796e+00	4.810308671911358580e-01	-1.461283705809586775e-01	4.481711401063223632e-01	1.129357302576872168e-02
1.748276262775598555e+00	-4.946364878942698384e-01	3.640751762011510961e-01	2.265648534367808331e+00	3.381702185410760397e-01	-2.670606006159700341e-01	6.556398354912245097e-01	1.880503957239739732e-01
1.678573072927021403e+00	-5.795654335905615628e-01	3.066301836555006544e-01	2.429057068152342680e+00	4.134494467921123739e-01	-1.982091659360928071e-01	6.271448790341660473e-01	1.315865315773670774e-01
1.192348885317818935e-01	-9.649128055117375258e-01	-7.519740824144007796e-01	9.191502240905888854e-01	9.850198086255778085e-01	-2.948365791933223456e-01	-7.984907987671200358e-01	1.873528701976287625e+00
4.292029488698729245e-01	-1.283465119009882693e+00	-6.145225492570849379e-01	4.283454192585373632e-01	1.108214215145727710e+00	-5.113778652085509968e-01	-9.151646267515226585e-01	1.045393232615164480e+00
1.859597090464323310e+00	3.713154689428486144e-01	6.828480519898869616e-01	3.392688771427755379e-01	1.916092311015230032e-02	-5.852331206183571943e-01	6.312766939889059570e-01	4.324421242953833122e-01
4.427970431455363620e-01	-9.016749216469939487e-02	-4.087438929411312816e-01	-8.483573011541037934e-01	5.096592184706615347e-01	-7.441190112306743654e-01	-7.898196537618871194e-01	2.001762667914354310e+00
3.489807341514933881e-01	-1.387248975073573698e+00	-5.990723621947677824e-01	6.385831857878263018e-02	9.595500558325701368e-01	-8.084207528805047449e-01	-9.194139840456758694e-01	1.827938857322465305e+00
1.572511471732279897e+00	-5.289565175572074063e-01	3.276631131007406439e-01	1.912914092395749055e+00	5.955406112266404817e-01	-2.123403790058982776e-01	4.394891021928187258e-01	5.362398717774713441e-02
1.309745891224159520e+00	-1.147781293379590339e+00	-8.174432285825674604e-01	2.087643895867746568e+00	-4.724336873824109412e-02	-3.243385517143512753e-01	-4.587613346445283402e-01	-5.273988620707263930e-01
1.729582690290633273e+00	-5.280309782003977936e-01	3.411761782531468334e-01	2.279756422739122712e+00	3.781856118431199953e-01	-2.465986701551860227e-01	6.081748109088023213e-01	1.000263413624435382e-01
3.435091819909609212e-01	7.809285211157396267e-03	-4.459759539250791605e-01	-7.305951529223072560e-01	4.521266377906814071e-01	-6.898927825858974794e-01	-7.373204392824114217e-01	2.312663045665038108e+00
1.793821143163600029e-01	-1.069375841018349593e+00	-7.101189339540744383e-01	9.675788948288955860e-01	1.197192217081771037e+00	-1.789591718494229766e-01	-8.053409830332681762e-01	1.324762762843522568e+00
1.942473493927135753e+00	5.124922960557769525e-01	1.058125323276155161e+00	5.698841619325297758e-01	1.498069777129732993e-01	-5.114101146157187250e-01	9.888741371888281062e-01	5.941222603845628392e-01
1.008329661117292275e+00	-9.854861638582075312e-01	-8.723519527795575712e-02	-1.620761129246017784e+00	6.720459559086453538e-01	-1.039227541620400208e+00	-8.029513999743883579e-01	2.835213380480156031e-01
1.636544247664571516e+00	-6.570726544266678459e-01	1.035879697186395110e-01	2.273679077763170131e+00	3.647716463538545062e-01	-2.451222118330582678e-01	3.842551752326555103e-01	-5.858717250921779973e-02
4.389865426750561017e-01	-6.453954148271300040e-02	-3.808263500885518682e-01	-9.133458994949108511e-01	4.865120918929017879e-01	-8.264730302115630423e-01	-8.262035760754131708e-01	2.122980403400741345e+00
2.810752072465972362e-01	-1.519815918420750922e+00	-6.793870868882849745e-01	7.729486095181766769e-01	1.132110648691049271e+00	-5.319146628570993185e-01	-8.807984467879264034e-01	1.497931261002952485e+00
1.072192633512744964e+00	-4.956685197454326897e-01	-1.767978126640577102e-02	-1.151484192038502163e+00	3.982369432380541974e-01	-2.480433597604973783e-01	-5.515566257812638540e-01	-9.224933562797373865e-01
9.327915500328571863e-01	-1.007175509492082677e+00	4.952557970992615965e-03	-8.217036480994799330e-01	-3.403209831422047138e-01	9.520220772355466599e-01	3.397711746922925657e-01	-1.843037292467299082e+00
1.859310159014261776e+00	4.137181264886863330e-01	8.494441433683573850e-01	3.888929292575507568e-01	1.237699878411718246e-01	-5.278459181345508400e-01	7.766063065114510167e-01	5.002505845359774828e-01
1.900780039294472479e+00	2.465655063124717883e-01	4.422826608409546889e-01	3.000654829979209626e-01	-1.544459067460660362e-01	-6.946211727456174101e-01	4.357202651589464626e-01	3.128132556493949945e-01
3.637237570702217537e-01	-7.351046157444521278e-02	-4.482324009204788906e-01	-7.937863625333386741e-01	4.035773975654761148e-01	-7.526636315084722639e-01	-7.423355402238989154e-01	2.391436228288505994e+00
3.454997842058673552e-01	-9.529556227477282704e-01	-6.028606211009979177e-01	7.258733815984751148e-02	9.239372446171532083e-01	-5.833390407553165069e-01	-8.900517360316408944e-01	1.618769310296901853e+00
1.758349086392885230e+00	-3.059268109147733963e-02	1.057167978980348089e+00	-1.736253929633051474e-01	5.856395155450480061e-01	-6.949030339286268454e-01	5.806844503001618030e-01	7.673693042810392217e-01
1.610686625470509448e+00	-1.860707268865372244e-01	-4.587286274100872974e-01	-1.176311721794873547e-02	-5.822958774757654998e-01	-7.277184174986960352e-01	-3.122084514991402826e-01	-2.014856690621356083e-01
4.060951559401203559e-01	-1.342272805807670222e-01	-4.102649915989269869e-01	-8.862047398923922348e-01	5.013608983628830007e-01	-8.070055330214376266e-01	-7.931144090026703841e-01	2.192992235277098523e+00
-2.255448524560840773e-01	9.051449886220419572e-01	-6.258146991056635910e-02	-2.058919617996548990e+00	-7.724138885440708091e-02	1.564522409768755562e+00	1.115825890791267039e+00	3.881453049614309592e-01
-4.991206998330743189e-02	4.339354774305156370e-01	-2.732859203717886709e-01	-1.461393380430036748e+00	-1.728150090728966803e-01	1.744324186768018148e+00	9.351400805589223930e-01	2.842293193561201692e-02
1.229367615574854966e+00	-2.480300378400745187e-01	7.253593248058368137e-03	-3.756844832725787509e-01	9.199573362965021706e-02	-1.442791925452116542e-01	-6.637232086038895307e-02	-4.314449551710142772e-01
1.643232269209801144e+00	-6.267274718721044247e-01	2.089384342764178948e-01	2.327628832040089968e+00	4.164366036942269145e-01	-2.200085406771047636e-01	4.904658957538222674e-01	5.142633007126806710e-03
1.050336442824115313e+00	-9.717497879343217626e-01	-2.182583754005728086e-02	-1.542631430676358884e+00	7.416114176943499059e-01	-1.014975500857922874e+00	-7.447427052224785404e-01	3.264012450817537769e-01
9.710841832803009943e-01	-7.217508389381713796e-01	-1.535697954357712613e-01	-1.282949226589120695e+00	5.948420100557139101e-01	-7.745617977397181164e-01	-7.452261578295528155e-01	1.743503488492210707e-01
1.757455686548013762e+00	-4.758344859027119900e-01	4.508061534939480364e-01	2.298976979116908126e+00	3.990120731589738012e-01	-2.279775109575226111e-01	7.141605765818234142e-01	1.487889290584090141e-01
1.429051519882554577e-01	-1.093842769162489903e+00	-7.331521382644697882e-01	7.919191758776965573e-01	9.969879852884072635e-01	-4.111661504226824526e-01	-8.257558391936143938e-01	1.949240037324606156e+00
1.824501752983231695e+00	-5.731604766066822343e-01	3.750926906613261114e-01	2.524690844474143159e+00	2.726453284799290055e-01	-2.542643109282842762e-01	7.271886355896790555e-01	1.069914310962330195e-01
1.691454113503720658e+00	-2.065576207854288304e-01	-4.833517163722056420e-01	1.259253452271123508e-01	-6.995795760880212377e-01	-7.376085476641881522e-01	-2.533807800330203919e-01	-2.263695086423034575e-01
1.819959423638298990e+00	3.111829987391661057e-01	4.945199559156766567e-01	2.105176722760547792e-01	-6.127345213889672654e-02	-6.245027086807796168e-01	4.572320349523608662e-01	3.358774420704976893e-01
1.530736663637895179e+00	-6.010639764387729622e-01	2.622299225739554429e-01	2.333561626098779929e+00	6.112924264980429401e-01	-9.750560689500165079e-02	5.151487298740695664e-01	8.237901363334326765e-02
4.055828070934511809e-01	-2.407829630331280446e-01	-4.094741155255185450e-01	-9.096467458081337609e-01	4.904167460593501504e-01	-7.908248314475323504e-01	-7.858332573779392982e-01	2.119091052248662344e+00
1.690773046105761068e+00	-7.561761887987068498e-01	2.167684098804340542e-01	2.836513082247403172e+00	3.767745477292090972e-01	-1.598285079766730010e-01	6.536261066398157960e-01	1.103915133129906301e-01
1.841957847461593856e+00	2.203815155343658294e-01	3.579833300233759563e-01	2.492490924724071188e-01	-1.554331139402211626e-01	-6.733222885065173191e-01	3.600510681017615733e-01	2.780578495467761480e-01
6.207677660822847887e-01	-1.549192013536974388e-01	-3.811488000842799817e-01	-9.979853473041064849e-01	4.428158002107153157e-01	-7.695033230504533250e-01	-8.225951638495256901e-01	1.511382591561740707e+00
2.032448473829359337e+00	1.467159959695109872e-01	4.946434543564434128e-01	3.721703876739546057e-01	-2.625831258245694411e-01	-8.353901398904688413e-01	5.056361599563419240e-01	3.966430345828546034e-01
2.002437894050121070e+00	4.315161301022736318e-01	8.688443048611448338e-01	5.935074487337095306e-01	-3.514785796687826952e-02	-6.044242969039349545e-01	8.585670908515687927e-01	5.049111231439783465e-01
3.118609802943194120e-01	6.247123982474551696e-01	-5.092454739248761797e-01	-2.940401486159099909e-01	4.486711639315220657e-01	-5.561620968138060450e-02	-6.732113295061804559e-01	1.143295958753167030e+00
1.921293861824183491e+00	3.978078625090263332e-01	7.640223018845379022e-01	4.531319435265951379e-01	-1.117119388297146444e-02	-6.052283000224433218e-01	7.353962901159778465e-01	4.943205821876058281e-01
1.282732226608280790e-01	-9.561939516838514619e-01	-7.290652878585452967e-01	9.193547069025816976e-01	1.009058227542582564e+00	-2.977898233764402769e-01	-8.113772532419041283e-01	1.811595209923782646e+00
1.533877628839378282e+00	-6.034819677537530680e-01	1.278612093204984090e-01	2.133945003441070742e+00	5.143466324447865112e-01	-1.804691879203468574e-01	3.479998019920274577e-01	-3.083006672109823206e-03
8.593227623912718105e-01	-3.232263355765179202e-01	-1.739079025333767070e-01	-7.868727803076052130e-01	2.990288308932855244e-01	1.492153534599361675e-01	-4.106876666479509219e-01	-9.074147874326928820e-01
1.689658907607272997e+00	-5.958356739913310829e-01	2.119943585033104427e-01	2.476179068977291120e+00	3.604742791834164017e-01	-1.936506535595579059e-01	5.431556448821790450e-01	5.113649950734910909e-02
1.972267363964176567e+00	3.372483012456023443e-01	6.698075149158999597e-01	4.430667410136788775e-01	-1.163320488787858292e-01	-6.588213555163738855e-01	6.698556039647198812e-01	3.830119987250185098e-01
9.665205154153285738e-01	-6.279499128825035692e-01	-1.631322010949681767e-01	-1.252631390783703003e+00	5.492791393204377037e-01	-6.729984694921540278e-01	-7.294424667210480662e-01	-8.532005380518375981e-03
4.550741546518669578e-01	-1.948868762823607881e-01	-3.867576024585352434e-01	-9.629487622032741889e-01	5.406347438307683717e-01	-8.421669088631190681e-01	-8.207412781850831340e-01	2.030562222653977233e+00
1.824231043824205312e+00	-3.571206085297605748e-01	2.095030054870157810e-01	1.796500342257316030e+00	7.580511152821067800e-02	-4.420961451463997771e-01	4.429066671553094636e-01	5.685294133280827111e-02
9.139399076205097228e-02	-1.135111106924923785e+00	-7.410696600720108052e-01	1.051745289885592571e+00	1.111028997098786775e+00	-2.888309759589346992e-01	-8.061121597175952003e-01	1.825175814580145772e+00
1.568818530306616554e-01	7.669347666736634483e-01	-3.862680499708361359e-01	-1.889049655856688270e+00	-8.587883291677006481e-01	1.529298334512096069e+00	1.115497227752719533e+00	2.245235273407841237e-01
7.373176505034403361e-01	-2.094659379330427590e-02	-3.442647822570203409e-01	-6.017646850423944427e-01	4.415959042839391335e-01	-3.308965349260951927e-02	-5.758046134153363971e-01	-3.029468665349276391e-01
1.093139439356146436e+00	4.663595044862823835e-01	7.311266432730696430e-01	-1.768660900450585993e-01	1.108976106163997333e+00	9.144301412255184669e-02	3.217585056617681127e-01	2.603819839510529421e-01
7.726358284003534971e-01	-6.111303243922669992e-01	2.712373707688536806e-01	2.176411899439691933e+00	1.682617126368870064e+00	6.509749361856381755e-01	1.410820465989404693e-01	-2.157223820797906089e-01
1.841725579586357853e+00	2.957044599823279718e-01	4.465541051496569880e-01	2.467749150245253653e-01	-1.046932334121397357e-01	-6.356570998273423090e-01	4.325102639424649453e-01	3.133360177291057980e-01
8.040676337016988695e-01	-4.957325160945594833e-01	5.319590826180824461e-01	1.987719782196959661e+00	1.706152572301530501e+00	5.733543670659955183e-01	4.221505401590920359e-01	1.348831628337310018e-01
1.705049268858110034e+00	-5.373261282541158534e-01	3.959037109925475084e-01	2.400432745787894007e+00	4.448589629413286506e-01	-1.865819497671526439e-01	6.869189710735172927e-01	1.501676341379774571e-01
1.531492538980205209e+00	-8.563834172628513874e-01	-3.251235079914110288e-02	2.582948607325686208e+00	4.986924861509501872e-01	-1.226332972797019305e-01	2.630517009527941208e-01	-2.061323484957849617e-01
2.187738119923935132e-01	-1.199508418095972084e+00	-7.490761017521254672e-01	9.701827194458548798e-01	1.047142819553013471e+00	-3.047606063971666224e-01	-8.239338166435709043e-01	1.519141468388981897e+00
1.126961944963537077e+00	9.750332372157850536e-01	-6.482056579522701978e-02	-8.530621309968478005e-01	-8.866017624624401572e-01	1.804698393393184830e+00	5.794436796810473744e-01	-2.183388334744598147e+00
1.559173419548077755e+00	-5.638022803221238721e-01	4.961278405533497970e-01	2.497342272683905406e+00	7.209035832704164815e-01	-2.322134245468875091e-02	7.508083868038967212e-01	1.905645427707739481e-01
9.056604609127124617e-01	-5.508459452881333540e-01	1.086047724782255031e-01	-5.447409724213398974e-01	4.436561496907955870e-01	4.686403095653269846e-01	-2.447628736313535100e-02	-9.784960388194861025e-01
6.879152668089434375e-01	-1.554391167806852714e+00	-5.172806220985439740e-01	5.416669031363683384e-01	1.186515190062119807e+00	-4.227691966514758315e-01	-8.777537760163875991e-01	-1.839080843928118188e-04
1.779844253467012694e+00	-7.375855756487947890e-01	1.613824493106034430e-01	2.810039533458993155e+00	2.261265741828555886e-01	-2.059544404751506019e-01	6.093102872675969506e-01	-9.899539058969801866e-03
1.556628232245521604e+00	-6.547556691637773651e-01	1.176940211183672702e-01	2.367095387047653876e+00	4.797920799497086275e-01	-1.626653765469699697e-01	4.149534749367829178e-01	3.393026325284154154e-02
8.264180189854208880e-01	-4.653413152676709741e-01	5.825763346244499097e-01	1.891481007567048511e+00	1.703321611163771454e+00	5.486161840878758245e-01	4.380925030311368928e-01	1.060982517168586048e-01
1.672855235686617537e+00	-6.067051877822402517e-01	1.770165813492386442e-01	2.111674763860083903e+00	3.532868133094247964e-01	-3.059483339532333424e-01	4.163746468390778777e-01	5.299585574835952162e-02
5.420405006325413888e-01	-3.202211504091099781e-01	-3.643778093638996851e-01	-1.021062874471277748e+00	5.550230218450875608e-01	-8.103965367023764355e-01	-8.488051085206731461e-01	1.620028689624780860e+00
2.276330765114463750e-01	-9.921249446347522039e-01	-7.439297154610103879e-01	1.032117758560104015e+00	1.061951521354215888e+00	-1.725823820548144094e-01	-8.183094504500008082e-01	1.288355646618776662e+00
4.134428866160136939e-01	1.193856361914773789e-01	-7.763766844210354678e-01	7.051716455020099472e-01	-7.745745398211564270e-01	2.739850065447115401e+00	8.365631902825989563e-01	-1.193678045539026344e+00
-9.139519089648233396e-02	-3.003741444890360990e-01	-9.469992032657960079e-01	2.084594124017914663e+00	8.705220458051572407e-01	5.566554999846866636e-01	-5.835915857948222873e-01	1.602069912025525511e+00
1.693120209951020749e+00	-6.443692146834925083e-01	2.942337545084465766e-01	2.602286067563230887e+00	4.172281377147090686e-01	-1.729109274133695529e-01	6.483882650270209602e-01	1.254491680397091247e-01
1.460909447570055919e+00	-8.790901197509607412e-01	1.038952445054943108e-01	2.573241435996241222e+00	6.742302830193790397e-01	-7.987418644884218544e-02	3.879560302895007640e-01	-2.341991978503865472e-03
1.472342130824142004e+00	3.381598717858913528e-01	-6.519440654320414197e-01	3.257750874867494928e-01	-7.717927262328992954e-01	-8.759929929729807219e-01	-4.201081206590344674e-01	8.812880665780287170e-01
-1.114829659502369757e-01	5.607948713938558649e-01	-4.880701502670184433e-01	-1.379196232408751666e+00	-7.972320115911036842e-01	2.208721745821715654e+00	1.529852054413368023e+00	5.495799646379240233e-01
8.211212929677444983e-01	-7.240471201958986747e-02	-3.677238557478026970e-01	-5.249136228355120171e-01	3.004211598365315039e-01	-1.291759664850099243e-01	-5.401832129330195187e-01	-2.438867899757949653e-01
1.534920028461936647e+00	1.502149132372418094e+00	1.777777973371259090e+00	-1.216570926063102132e+00	-1.354649385944347584e-01	1.375910245298880730e+00	2.102518607504385351e+00	-1.067622261972096531e+00
1.522521886808661518e-01	5.771667536046686253e-01	-6.662884288317330039e-01	6.739382783537609667e-01	-2.845098699013050014e-01	2.801439793630959851e+00	6.094304093678244438e-01	-1.084750094453654334e+00
6.458558913789719247e-01	1.154165128965488618e+00	9.417649339435602007e-01	1.186435438993061142e+00	5.238461043680671114e-01	2.645956560968158122e+00	1.940645873952415057e+00	2.127229367208494093e-03
5.364934131399293760e-01	-8.220420574881723286e-02	-8.209038703627208333e-01	6.291911101605773826e-01	-8.472570358379082345e-01	2.517428723329644402e+00	7.655204598660865223e-01	-1.143874359648387351e+00
9.631749766157604586e-01	-8.144956760587385158e-01	-1.633335474865885706e-01	-1.317976948268539727e+00	5.933806533519465631e-01	-7.699433163112016087e-01	-7.419300843941458723e-01	1.312542933333665229e-01
4.140864075120233023e-01	5.949817830651304984e-01	-7.929493319614001612e-01	4.133203712234340133e-01	-5.792293464091663457e-01	2.474841982910189753e+00	5.105138128723208935e-01	-9.609740712010979014e-01
3.562019066636440412e-01	-1.347365419811001219e+00	-6.697669303204818458e-01	6.858730056425145216e-01	1.131510090499614485e+00	-4.483409516822389196e-01	-9.017392746390534564e-01	1.151775508410716187e+00
1.091531640373075263e+00	-8.668673766478972587e-01	-4.942524171998642982e-03	-1.371503170903632718e+00	5.867425757789435092e-01	-7.245216116668489192e-01	-6.397811218198755645e-01	-1.420225525787255361e-01
7.436429239519024570e-01	-2.904245599275076875e-02	-3.151229526190930663e-01	-6.316691017931138630e-01	4.711190404268555953e-01	-3.991895201282234795e-02	-5.766035410503178582e-01	-3.550113969954090676e-01
4.187240783624249785e-01	-1.639950431914259932e-01	-3.340427589247226825e-01	-1.067942119470050688e+00	5.328003749791090371e-01	-9.292623542776435874e-01	-7.863607685519593549e-01	2.252998663769821164e+00
1.726272320486238243e+00	-5.698943128212999865e-01	2.703241134333543294e-01	2.302807787348960744e+00	3.332864883619979790e-01	-2.648839520362289424e-01	5.676139522041687702e-01	1.058026922442562578e-01
4.002943220057065821e-01	-1.472629055063234604e+00	-6.615916886341901559e-01	6.612056164247680501e-01	1.137104955839231657e+00	-5.376215382889202310e-01	-9.343330183427359659e-01	1.139662928274565390e+00
2.404013249192526180e-01	-1.284611981649205426e+00	-6.879646956271963099e-01	6.378735031351091544e-01	1.051215989852386290e+00	-5.188233785126274977e-01	-8.684635146629839930e-01	1.692299324561532536e+00
3.491081509883013911e-01	-1.395400765294572704e-03	-4.253549800035872908e-01	-7.782785150918781758e-01	5.234734168710487578e-01	-6.800789541705781760e-01	-7.436963759723038692e-01	2.219594056237870205e+00
8.095793024681358085e-01	-3.347033132383307463e-01	-2.183929591260933556e-01	-8.271206023523762774e-01	4.777788428721601033e-01	-1.166119446245155455e-01	-5.384785410076715628e-01	-4.343691744375665076e-01
1.608563383612595876e+00	-6.145460044204692496e-01	3.389501041601410969e-01	2.410028403309976142e+00	5.146230193209876402e-01	-1.208170418165707971e-01	6.537339741322327757e-01	1.333475039666811301e-01
7.770169681455985078e-02	8.290940765523674427e-01	-6.270073961426091413e-01	-6.086806594048928265e-02	3.152063986315096211e-01	6.904612244530924925e-02	-5.549149354421831770e-01	2.026099210116024008e+00
5.593176647292534831e-01	4.578217784853870764e-01	-7.990597722286266746e-01	6.961783662947435003e-01	-8.635716250460299115e-01	2.647710970460963154e+00	7.324161089439013006e-01	-1.234390677521012503e+00
1.536933117211724653e+00	-1.913734058660410409e-01	-4.594590980190943474e-01	-6.717487600470173348e-02	-5.291791420510764121e-01	-6.822979551353638428e-01	-3.394610200173506787e-01	-2.114686010741844702e-01
2.132149047975171019e+00	1.245390301082194506e+00	9.812236632223453325e-01	-1.179992754363327734e+00	-1.527578750430900190e+00	5.482868992660143714e-01	1.775097784253133248e+00	-1.542849081409632062e+00
3.724464504134442633e-01	-2.294649743179746348e-01	-7.357609739194833631e-01	6.556182978025077990e-01	-7.938173768758945981e-01	2.773407996456139113e+00	1.019731635572184825e+00	-1.110020812834803028e+00
-1.742956347174084986e-02	-6.643684185426215194e-01	-9.272365925413873500e-01	2.430528016257950341e+00	1.136115114519688607e+00	5.990417222555736165e-01	-6.401638745533798636e-01	9.055766350536300635e-01
5.216901870749556247e-01	-9.186077265819465598e-01	-6.387553947954832667e-01	1.420967245048562200e+00	1.128545508892709659e+00	3.239097855082084809e-01	-7.038374756614245165e-01	-5.650171422364247409e-01
9.581721304880446155e-01	2.115540432027844531e-01	2.494344370850036241e-01	-3.798122685607567828e-01	8.480503781664074925e-01	4.428688651819119582e-02	-8.061434304094521053e-02	-2.002535351320472792e-02
9.154030419100087634e-01	-1.822828088178310157e-01	-1.338136110124597267e-01	-8.496118286023307542e-01	3.896491182161940237e-01	-4.004932647865652728e-03	-5.067221820294534051e-01	-8.941971359576899037e-01
5.420497687910701412e-01	-8.232774620599522253e-01	-5.713609618043805627e-01	9.706143260299008313e-01	9.663756013188463667e-01	3.329949775732594652e-01	-6.261288511116056554e-01	-5.740406831456090764e-01
1.915685237689201292e+00	3.048965384914040788e-01	5.362746874947548203e-01	3.772337489785023146e-01	-1.329466758314974406e-01	-6.738681079597869106e-01	5.494444243669740491e-01	3.836453488650656274e-01
1.690507022377680801e+00	-4.424666820079316554e-01	4.192379434237131219e-01	2.037304339799445696e+00	4.614676561208708172e-01	-2.451891287838670885e-01	6.014545345876323168e-01	1.311893435253954077e-01
1.241882640876606630e-01	3.349648985269677581e-01	-6.336257796565265554e-01	6.684519181202147609e-01	-4.072213836595501291e-01	2.961414192657750188e+00	8.520732955424071831e-01	-1.138710441902159420e+00
9.930238726317189846e-01	-2.589449927847079502e-01	-4.998170257623391066e-02	-9.524708045419782998e-01	3.608723078772423376e-01	4.335405863329727660e-03	-4.810507809509884103e-01	-1.128413195742832276e+00
1.012124749995817030e+00	-7.598945118528358522e-01	2.368444026020338766e-01	-1.088622768041947353e+00	-1.897445780164564721e-01	8.408560094772074001e-01	2.133268478041225324e-01	-2.178042340162714030e+00
-2.037822723807515557e-02	1.663258973097298810e-01	-5.973097163125157261e-01	4.710104707337183783e-01	-3.237437721689804815e-01	3.002667436916076404e+00	9.879504695935699132e-01	-8.639945746830114404e-01
4.620596185438087811e-01	-1.205547855576720728e-01	-4.045037671561150239e-01	-8.692129333875094899e-01	5.164863292810603079e-01	-7.526947277702125128e-01	-7.970950838812638217e-01	1.934909108797711053e+00
1.128672099705444243e+00	-1.476404078612661541e+00	-8.581346821031391459e-01	2.683174492176203518e+00	2.956282794456222551e-01	-1.064974001064743908e-01	-4.644263050572437490e-01	-6.313745203895156921e-01
6.989963198122592924e-01	-3.818419265599157786e-01	-2.886562664486774787e-01	-1.171813624271266674e+00	6.128374068272829378e-01	-8.738803057598650836e-01	-8.824423380666756023e-01	1.175273742014713907e+00
9.516075546015346776e-01	-7.230415712504637549e-01	-6.004224416175942686e-02	-1.340380814325228709e+00	7.640419439130433643e-01	-7.688778992122372591e-01	-6.872074732493564930e-01	2.358418231681106425e-01
-1.177996481450760968e-01	7.749526771986653406e-02	-4.626944112776301132e-01	5.557006274538403012e-01	-1.069552259504534114e-01	3.095017862628502314e+00	1.017397999419008991e+00	-9.980823794926394488e-01
6.218756180999522876e-01	-9.158424546102536534e-02	-3.589774578431463303e-01	-8.069373582742007667e-01	5.044080263894679117e-01	-5.307041144201715133e-01	-7.682000669377525570e-01	9.773102396518216217e-01
4.400783226355967082e-02	9.325017426985664493e-01	-3.863698795036923928e-01	-1.846043206261618552e+00	-6.937583292030311544e-01	1.599082220405332766e+00	1.090199028251125357e+00	4.097445149602925163e-01
1.628404868719506515e+00	-7.065377843625275656e-01	-3.055155082940673728e-01	-5.794569081001686994e-01	-3.715488832573279332e-01	-1.081456892918854606e+00	-4.874954640499919445e-01	8.743907503743542087e-03
7.105666403627741712e-01	1.302413263468028548e+00	-8.890755754967472058e-02	-1.839186114546332629e+00	-6.918041168754796022e-01	1.358111710323082644e+00	5.513374241173536472e-01	-1.328408238086773885e+00
1.324359668462302686e+00	-2.200223083424045212e-01	1.086113100922110775e+00	-4.718306579984286042e-01	8.113458601720489050e-01	5.258972088826775471e-01	7.572387687724912997e-01	-9.802848919838816899e-01
1.520848339752316758e-01	1.063014053728040142e+00	-4.173140188729930755e-01	-1.846628281234331981e+00	-6.520634240646621116e-01	1.380954617362873948e+00	8.562651405286222372e-01	4.229720208135374637e-01
-1.481154412143698418e-01	-6.262805925830468301e-02	-4.394323697104932092e-02	-1.777625121072093695e+00	-6.009577221723055862e-01	1.897151088326328727e+00	1.717345566330637618e+00	3.040419948542891215e-02
1.930595977373818606e+00	4.088868932821059232e-01	8.103184535639111896e-01	4.681010350936305464e-01	1.485737934647317349e-02	-5.875442163995217015e-01	7.686718155722541690e-01	4.871464828899888522e-01
1.006600776849001511e-01	5.732624978570773910e-01	-3.309598424253715199e-01	-1.865607967548949420e+00	-6.990639559455266161e-01	1.430995994625540835e+00	1.043347227718582015e+00	1.851450913014190958e-01
1.649870210139525506e+00	-9.107362080578296215e-02	5.633171030305360594e-01	1.946311498571031556e-02	-1.780909704241204899e-02	-1.999775470938684185e-01	6.567292790449017481e-01	-1.478622316979140150e-01
1.865958226218383142e+00	-4.146522288016639135e-01	1.580847745815119054e-01	1.965211857366444770e+00	-1.597429691227955986e-02	-4.615393008578775325e-01	4.713050512046012552e-01	1.028565362773083969e-01
1.845096789218376720e+00	3.402905846449041372e-01	5.724552120092677443e-01	2.941471335004127163e-01	-2.817460372257526297e-02	-6.009501168691865347e-01	5.314946608332280498e-01	3.659376938457417072e-01
1.019224620664692438e+00	-7.618306277644592006e-01	-1.197350907820596971e-01	-1.317126580377405931e+00	5.964651234637716737e-01	-7.987303902952224144e-01	-7.148035926865220491e-01	1.874318754524537944e-01
9.958123889039464105e-01	7.159282475573575111e-01	9.343526940748436704e-02	-1.453886051950136649e+00	-9.770096554085799800e-01	1.564475242296107904e+00	7.886103159680520891e-01	-2.363460197103218530e+00
5.090800262731068893e-01	-9.511608525767667466e-01	-6.396118964622115044e-01	1.554247911534847537e+00	1.176310620970169474e+00	3.448725766079701049e-01	-6.879172883690859441e-01	-5.382002783382414668e-01
1.797076081286530735e+00	2.626525903166322395e-01	7.153660258581481246e-01	3.100229810490585658e-01	6.743989610291004078e-02	-4.650458122903088354e-01	7.040543180726075434e-01	3.556286267845666371e-01
1.939805924443993801e+00	2.255639937195928202e-01	3.905849789509582282e-01	3.271902755910566230e-01	-2.393779816020408513e-01	-7.458984795630585474e-01	4.235259271563542871e-01	3.042800013924857883e-01
1.741641331110064694e+00	1.740741460138142405e-01	7.576336665859877417e-01	-6.814142183575609690e-02	2.368949044334286436e-01	-6.721331090793528640e-01	5.211038507525305175e-01	6.053725640418796683e-01
6.142831725419081734e-02	-9.853122929030495580e-01	-7.392808019282418597e-01	1.157183514744001052e+00	1.052261109659391014e+00	-2.219754648261182683e-01	-7.382989631926247798e-01	1.967629752148691624e+00
1.007172610890953779e+00	-8.865755097239365057e-01	-6.321073347020929323e-02	-1.042805785226595727e+00	2.754148257923945131e-01	-1.151781857833119455e-01	-3.733535764611338736e-01	-7.466410725944343518e-01
1.692759470357128482e+00	-4.587483782872762705e-01	2.958436980884235346e-01	2.070848658600547676e+00	3.511225696712954036e-01	-2.774830623777671534e-01	5.390438570293809573e-01	1.120803986279066966e-01
9.942621626165765170e-01	-2.505582943630810799e-01	-3.487865858255851520e-02	-9.974910523392542805e-01	3.573994686398127008e-01	-1.569008003016406430e-02	-4.743068199544945851e-01	-1.125852164113543497e+00
3.638833259568946543e-01	-1.190925255985208486e-01	-3.963537195984563333e-01	-9.578748520677681233e-01	4.762177559369472624e-01	-8.822696288398838016e-01	-7.994937842935151417e-01	2.417286369074564067e+00
1.869432444549893990e+00	3.799775024974181292e-01	6.147935347488537872e-01	2.669618047561428398e-01	-3.734182875232426591e-02	-5.850636544460525723e-01	5.680946995880751249e-01	3.559857633555085221e-01
5.747166470243202374e-01	-6.366624823207500672e-01	-5.733160026618595584e-01	7.987585076386076732e-01	8.866076643764564391e-01	2.408357723818590479e-01	-6.515252495271051103e-01	-4.734500987651032999e-01
1.538064320622468117e-01	-1.166502212831022955e+00	-7.335958039401367925e-01	8.244093368292730872e-01	1.024264614749436308e+00	-4.193816212370957142e-01	-8.339028808808375270e-01	1.890283466184662586e+00
9.763888849937322201e-01	-1.084350260245954489e+00	-7.184083508734573353e-02	1.623055949532349995e+00	8.338279446043305176e-01	-5.339172446934576932e-01	-1.167934202652919917e-01	1.725914280839936588e+00
-8.039096009607051008e-02	1.954587457005197149e-01	-5.910716500780114346e-01	2.664236000015112182e-01	-3.407868669787719740e-01	3.067534243942318994e+00	1.140896490661549079e+00	-6.256717446724356924e-01
1.469934395676181893e+00	-8.541442101156572209e-01	1.451591599155487022e-01	2.755102633031849102e+00	6.690213804764718608e-01	-6.879323846042898621e-03	4.971021888415272927e-01	1.055641757016062554e-02
8.477522807782177372e-01	-1.375223098217326079e-01	-1.911184593289607381e-01	-7.677667318351774073e-01	4.187774572435609688e-01	-5.572237258144731135e-04	-5.172794759537776565e-01	-7.245824148840857015e-01
7.719605448930577651e-02	-1.183159474183091753e+00	-7.568373785921478358e-01	1.114595251111185181e+00	1.046891719673199717e+00	-3.364825065188615794e-01	-7.951472155011346521e-01	2.013891231596265818e+00
1.651667625321570965e+00	-1.832155315826556330e-01	-4.841752816293957151e-01	7.163743202796916953e-02	-6.391312975457470458e-01	-7.413050577353557102e-01	-3.066590155176455168e-01	-2.098887277723380795e-01
4.228858190220085023e-01	3.822802162872377396e-01	-8.640307526088059076e-01	1.556750415711875002e-01	-1.076368794468972823e+00	2.644282553568521266e+00	1.032508453418975680e+00	-6.206587019983379472e-01
1.405367515677803603e+00	-7.220009546173100645e-01	2.624230759057080697e-01	2.627632050793839102e+00	8.166758228965970146e-01	7.920728147312577905e-02	5.443364856029613286e-01	6.291240768041705955e-02
3.508210714310079914e-01	-1.180111885187834719e+00	-6.429734246927091279e-01	6.196759977015176002e-01	1.085448318397911116e+00	-4.304131196116455782e-01	-9.035587788549642729e-01	1.179441936269147950e+00
4.395786831261966343e-02	6.404776760161150495e-01	-4.521609432204157786e-01	-1.568474115204488761e+00	-7.518146138280351609e-01	1.807783732921947495e+00	1.182153380020937838e+00	3.182261691294118178e-01
-1.339962926322341430e-01	3.445221756300265170e-01	-6.162158874896228600e-01	4.194718996623129637e-01	-3.116191685242339360e-01	3.164996369823546374e+00	1.147101708779092899e+00	-5.278561260602598892e-01
8.629018593275714633e-01	-6.955425213523244166e-01	-1.338921434386561582e-01	-8.419111685812328272e-01	2.986267722082982523e-01	1.601882844615790391e-01	-3.455660470523261862e-01	-9.615578997457482346e-01
3.392748211015686466e-01	1.751053092637264164e-02	-7.610327870730324573e-01	-9.208393777936930702e-01	-1.271599461246377905e+00	1.980711354781221845e+00	1.255778315880658580e+00	1.605467088909672824e-01
2.006636446697910081e+00	2.670391727625055500e-01	4.334045144070003408e-01	4.094595403079294704e-01	-3.123112955725104722e-01	-7.759592500324132835e-01	5.128825047200195053e-01	3.224995124778276545e-01
5.090196993733173692e-01	8.924501971304250603e-01	1.583577622788310824e-01	-1.173363981888408958e+00	-3.826327436708497620e-01	1.856592472075866196e+00	1.612269775490879908e+00	3.699269918732099316e-01
1.524994625256118619e-01	4.373359190715908618e-01	-7.180477943328038570e-01	6.275238532361067101e-01	-5.127125144714379523e-01	2.937093219933451405e+00	8.759719463188305744e-01	-8.992483497916659019e-01
1.801133657571876823e+00	2.959704107227649761e-01	4.943833731993158009e-01	2.145617716310552203e-01	-2.700064664327992553e-02	-6.056107728898164622e-01	4.450227132076628456e-01	3.396575027920729073e-01
1.010724087256625436e+00	1.219012747903549798e-01	3.208639656272712082e-01	-4.751320942617983656e-01	8.055748605002236440e-01	9.642907937553565900e-02	-5.145355329157017682e-02	-2.621700709504031779e-01
1.837992926491931467e+00	3.018126859563731168e-01	4.456515376124041694e-01	2.282452578819137989e-01	-9.902971235354181279e-02	-6.240758078117502050e-01	4.238075308963658028e-01	2.987025489146906132e-01
2.922388582893398201e-03	2.838243806044290496e-01	-6.607237908818400784e-01	-1.028612821485572759e+00	-9.283379743416314556e-01	2.213386213206566477e+00	1.379893156179959668e+00	4.332440920021284336e-01
3.005990476663089606e-01	9.956065126238062835e-01	-4.736753567845183865e-01	-1.846963059541605778e+00	-8.771356313754795631e-01	1.305294956783917160e+00	8.577455831924128971e-01	3.446521023403210648e-01
2.074373543575231071e+00	-7.510302243276434364e-02	1.211240892145010850e+00	1.242868710283459160e-01	-5.174828813602182498e-01	3.849649220011857054e-01	1.632086722061170336e+00	-1.102279947722144549e+00
1.623423938093550234e+00	-1.701568466903740640e-01	-4.941978773103376521e-01	4.607793020308403875e-02	-6.164086144942693135e-01	-7.017993591418374422e-01	-3.251374369864292180e-01	-2.330825204578717003e-01
1.692488747147517181e+00	-4.398300358817180955e-01	4.970068133592078219e-01	2.312563425081163526e+00	4.838204756670840823e-01	-1.727584820765831197e-01	7.728376101061378289e-01	2.804831413458594991e-01
7.766992238662373538e-01	-4.101383853887308750e-01	3.266818096993497900e-01	1.259447724681598491e+00	1.487879796796548693e+00	4.622740501238140620e-01	1.711753333221532336e-01	-3.843774560000801782e-02
3.806120361056505308e-01	2.116573176693947733e-02	-4.221768026248977068e-01	-7.976453423722681402e-01	5.180099422863967407e-01	-6.756898478480058978e-01	-7.697697941696047819e-01	2.089599539211383750e+00
8.800237193179454298e-01	8.725547839889549184e-01	2.736821896092246353e-01	-1.925809956102218612e+00	-6.521570395451842250e-01	1.212793346638650682e+00	6.206803753046703509e-01	-2.039222626596893129e+00
1.990586845645330616e+00	1.906874987851379377e-01	3.732715601476190859e-01	4.378804772222834041e-01	-3.231719501119330040e-01	-7.489512017376448449e-01	4.777346149666199526e-01	2.628859398891527088e-01
3.854215187650203434e-02	1.044861660542723003e+00	-3.564375516422856327e-01	-1.725079010898811882e+00	-3.192098239476787724e-01	1.445939538449204420e+00	7.477291554553190389e-01	3.722496476701179224e-01
1.552826960238010257e+00	-6.446288766141240467e-01	1.688019113417715267e-01	2.515096900391902146e+00	5.283513148138127002e-01	-1.067925416559697277e-01	4.778996714980988103e-01	8.305263837114695846e-02
1.279355683138354571e-01	-8.480036126865986290e-01	-7.269175083259862280e-01	6.930819307147021435e-01	8.953809766131725079e-01	-3.712665912660230161e-01	-7.932645903123957121e-01	2.082890178495205635e+00
5.004509001114398892e-01	-4.071130247378489941e-01	-3.437559769595307513e-01	-1.158617518957980819e+00	5.293520582486259674e-01	-1.066690921012554361e+00	-8.651189444420983587e-01	2.167672961039066593e+00
5.882836451942988765e-01	-3.110114059169881151e-01	-3.314052039278884698e-01	-1.098746268982315533e+00	6.308470822939886702e-01	-8.751259698036050194e-01	-8.701545732770543662e-01	1.553592660741685227e+00
1.681321822530059684e+00	3.101994365004103749e-01	4.878724835614229871e-01	9.376237319655952862e-02	1.076783413056433270e-01	-5.075479259773401086e-01	3.866542114595596935e-01	3.187397326839610523e-01
2.409704666222131919e-01	5.751125866973243461e-01	-7.085097587889411797e-01	-9.932929359954052739e-02	-6.194937268509137507e-01	2.543645409308402439e+00	7.812569923595219512e-01	-7.153768687067885157e-01
-9.344499027530855928e-02	-3.205557122060587738e-01	-9.152190818125488514e-01	2.042440665376221265e+00	9.671174223597126529e-01	5.456964397617919404e-01	-6.238386516357955491e-01	1.450951049618370403e+00
1.649033122637000970e+00	-5.650561557952142877e-01	3.801395766044154412e-01	2.513628846575466369e+00	5.242280734294580968e-01	-1.143339252330766581e-01	6.851195277431787467e-01	1.469920543202185570e-01
1.568991798408630123e+00	-6.728219919365989732e-01	3.074140580460898997e-02	2.335539786836036580e+00	4.119984646444657117e-01	-1.975996813893156068e-01	3.241870632566540844e-01	-3.603673155590860627e-02
1.103010131192757370e+00	4.289141961512132895e-01	6.893846779714003503e-01	-1.816436391203887502e-01	1.067842358500464162e+00	4.397200084154312405e-02	3.020801299221482772e-01	3.049987334580492870e-01
5.166008388340037616e-01	-9.403576811128750990e-01	-6.436993154391011940e-01	1.475711983060444155e+00	1.149429044321005122e+00	3.363155778010269437e-01	-7.075540645232114567e-01	-5.760943828850852988e-01
1.873275908870160267e+00	2.831476754409681940e-01	4.290939436746080693e-01	2.687805504408526946e-01	-1.452487513274758058e-01	-6.583312138722999807e-01	4.293910195121132256e-01	2.912452022967758625e-01
1.272557328095206053e+00	-9.343895605141799843e-01	-7.426927460887268184e-01	1.511199237336230849e+00	-4.764468010230270278e-02	-3.380315507341959957e-01	-4.834437476560270452e-01	-4.717136584620630346e-01
1.705396140233911284e+00	-3.430856956282580250e-01	4.449265728743855286e-01	2.054056836164015909e+00	3.998166970845583590e-01	-2.396617318868663193e-01	6.766307672531053363e-01	2.776813154838190800e-01
1.927099759603717821e+00	4.374790617087084277e-01	8.229520531188136978e-01	3.793437607147524537e-01	-1.532095754362216081e-02	-6.214114216256702017e-01	7.828730267662865616e-01	5.169630507049441936e-01
1.871174104665616067e-01	3.471693287690114094e-01	-5.827478700434306491e-01	-1.347732195826765622e+00	-9.135101673849017612e-01	1.747620211670083634e+00	1.082854439796684609e+00	2.036602687309612136e-01
1.596220089823408683e+00	-7.278608398196976248e-01	1.177197117594070419e-01	2.536421652511435809e+00	4.720953687723077330e-01	-1.441955605059090095e-01	4.323106598142261725e-01	-5.234252732594086438e-02
1.642222449809426665e+00	-5.304129837534753422e-01	3.641387801537959157e-01	2.341975068146400663e+00	4.885628067202985036e-01	-1.532682048486642967e-01	6.519501461384569208e-01	1.605110749852305951e-01
1.736422114273714401e+00	3.344879092435537604e-01	5.527712243760635191e-01	1.654054931904549997e-01	7.936412646826287998e-02	-5.415566373408945422e-01	4.757457815457598049e-01	3.684496981566222074e-01
1.745500760050918476e+00	-4.234326724907183093e-01	3.533870704151608755e-01	2.178337745232995282e+00	3.102562461347995182e-01	-2.690977463521668778e-01	6.305204787742786365e-01	2.048298060182964786e-01
2.521044734248949482e-01	6.847477729325058826e-01	-8.446018638509688037e-01	3.386893532182816968e-01	-8.102057144558661994e-01	2.805657383192350363e+00	9.808518126093520584e-01	-3.970711667436790937e-01
1.385165521825121759e+00	-6.092224439788193058e-01	2.409937180919285438e-01	2.196928477897735377e+00	8.041948140687991131e-01	-4.062269878067144464e-03	4.145582140308189389e-01	2.336745644645871200e-02
1.986390480524293123e+00	2.622240696131424853e-01	4.198207898515436964e-01	4.301818307371918504e-01	-2.780812851253909868e-01	-7.389224120985062871e-01	4.932158624232900190e-01	3.178368750856704894e-01
3.012955890481705534e-02	-1.010920876772466448e+00	-7.582919049218397323e-01	1.011159187899485223e+00	9.939948976241351764e-01	-3.083867622326763591e-01	-7.594046900453530480e-01	2.188326017039629257e+00
9.453871365856991726e-01	-1.450656267947668443e+00	-6.901251147255639262e-01	1.520431619765434617e+00	-1.344012987491776667e-01	-1.169869785583789179e+00	-5.936842408552172046e-01	2.198990315716719213e+00
1.703963303404195218e+00	-3.624337380317284030e-01	5.676668902846953024e-01	2.057046635477407293e+00	4.987002461155610744e-01	-2.156688144366175341e-01	7.667502187984037709e-01	3.089277281760922644e-01
1.502113795125156415e+00	-6.734281665434558306e-01	3.420772213823036756e-01	2.551451084407892367e+00	7.153719191976317671e-01	-2.364079991122513061e-02	6.172957474903041364e-01	8.506413710047108778e-02
2.310033823248875684e-01	9.435783977349025964e-01	-6.066028895139058408e-01	-1.480914754259963440e+00	-8.610673722241301009e-01	1.605938914417458285e+00	9.151014961207902809e-01	4.711875654850614659e-01
7.896295259827071922e-01	-1.821263984438072470e+00	-3.870353301642605603e-01	-2.632647726071297642e-02	1.242933070446750055e+00	-6.475961943466410631e-01	-8.904799030789704029e-01	-7.748252070297666216e-02
2.724886552500437320e-01	-1.290465659456948355e+00	-6.821497087953238836e-01	5.874569747819748944e-01	1.051616623680390550e+00	-4.985990981006296896e-01	-8.792925191605940327e-01	1.566492728441627236e+00
1.929776030095310624e+00	2.898004737693660182e-01	4.700555482969659415e-01	2.155317385341100622e-01	-1.747070547325522138e-01	-6.614585124847385256e-01	4.273022853030973289e-01	1.067854224975572086e-01
1.578407389623503354e+00	-6.409420376535585051e-01	2.364740066117098638e-01	2.404794264063073950e+00	5.262554790716560404e-01	-1.194514351404207114e-01	5.343088461923168886e-01	6.606237026965641745e-02
7.965466954510304065e-01	-1.621214298073393456e+00	-4.016334240615562767e-01	3.793113422183858052e-01	1.201943801957991109e+00	-4.131183484200834366e-01	-8.111387974913674137e-01	-2.495837800296345776e-01
4.533067960999912493e-01	-2.967070153382279640e-01	-3.612893869804334468e-01	-1.131930878785806449e+00	4.405792755808446426e-01	-1.054014647642959712e+00	-8.256769016769139879e-01	2.348171546706899537e+00
3.651343707023345653e-01	-9.485330140871232052e-01	-6.500521228977936827e-01	3.800550262848243488e-01	9.255602873722436064e-01	-4.232514411015991795e-01	-8.496263207140312135e-01	1.391900961815194515e+00
1.048563640687593335e+00	7.636267812422505852e-01	1.136345926467323408e-01	-1.701050609315972517e+00	-1.149785068744277883e+00	1.571509426307758028e+00	9.582639159784180904e-01	-2.266395356471345490e+00
1.620354807875959535e+00	-4.497212041332481758e-01	5.175202338998542428e-01	2.174006745246013228e+00	6.470421984216406797e-01	-1.035796761345604555e-01	6.808516002139957113e-01	1.041042889115734726e-01
1.136136601719854727e-01	-9.136577919034113426e-01	-7.549472435849307050e-01	9.661007716039775595e-01	9.823373705108143783e-01	-2.573313451527197704e-01	-7.984684045324197399e-01	1.846559571670007172e+00
1.971180648739119246e+00	4.280923497870862127e-01	9.011193707466914615e-01	5.027060029079055692e-01	1.619298058461057788e-02	-5.951795484566996253e-01	8.530157899714978509e-01	4.997980340888877882e-01
3.837443655312451352e-01	-9.453040599885768891e-02	-4.157674646288607168e-01	-8.550871557329835504e-01	5.113016456287030609e-01	-7.676675297684932842e-01	-7.762138651826767655e-01	2.216654479992187454e+00
-5.344727230366583520e-04	-9.116989532376099659e-01	-7.664366813431137126e-01	9.255846128298228503e-01	9.112389012813094658e-01	-3.471765363909460334e-01	-7.570256516284675774e-01	2.390893162447744746e+00
8.716125283756364084e-01	-9.802972675694446858e-01	-5.651602293823754231e-02	-7.237904634263986337e-01	-7.352201599597961434e-02	7.476902164734500200e-01	6.887926461813470569e-02	-1.556594499243716401e+00
1.763674702830439811e+00	4.058987310483800348e-01	7.012245541605187649e-01	2.542570825927497058e-01	1.397541800482972885e-01	-5.245827898390489352e-01	6.207548128006568078e-01	4.698356352470691721e-01
-8.242937346889371575e-02	3.775024165754524708e-01	-2.628523269193435707e-01	-1.638302649333787997e+00	-4.404997691635507695e-01	1.808907643032998891e+00	1.224432280379633919e+00	1.519770357115539650e-01
2.398550667459176389e-01	5.117184996471182412e-01	-7.584680950283960721e-01	1.006393023015446225e-01	-4.521300707891866555e-01	2.455547312216436406e+00	5.862140392537792399e-01	-6.157540546336532916e-01
2.784214255460207843e-01	-1.192975732021202662e+00	-6.214301061284444039e-01	1.997645587697169378e-01	9.926661473992391960e-01	-6.653179541739371317e-01	-8.970719851872515083e-01	1.824681701790281219e+00
9.217910368610937599e-01	-7.566083594278014690e-01	-1.599472666332294457e-01	-1.338218154805547400e+00	6.640368217268943773e-01	-7.907017753036261754e-01	-7.647860952970009230e-01	2.314110861061799418e-01
5.240366994178048410e-01	-1.212449560364778023e+00	-4.955528460596270168e-01	-1.899043341638735338e-01	9.930300102979187082e-01	-6.798200178788371684e-01	-9.243476250591466936e-01	1.018446657352741758e+00
8.767463996658398928e-01	-6.211518611784846433e-01	-2.111702679997510268e-01	-9.218679726989134071e-01	3.684253453436894254e-01	-1.758240859915335963e-01	-5.060435093467302581e-01	-4.442629315634813447e-01
2.573798012356673937e-01	-9.417225594043571180e-01	-6.579393494709162571e-01	3.781499991932714133e-01	9.149783870305722155e-01	-5.052034633460735780e-01	-8.459503421498139053e-01	1.832849437903242729e+00
4.476626605888193167e-01	-1.233422585355718137e+00	-6.405454680503877007e-01	7.169328489122879233e-01	1.120687519336308835e+00	-3.523202648549047522e-01	-8.707864867298390488e-01	8.234955704475923621e-01
1.576028194190606024e+00	-5.606421724428711784e-01	4.125279554274699501e-01	2.435852427256413932e+00	6.567615288373345184e-01	-4.680908062823028321e-02	6.592034060225958614e-01	1.198549501747342427e-01
1.101498779125894334e+00	9.052892353502262068e-01	8.873299575884177615e-02	-1.218045663896220931e+00	-9.681584069220006139e-01	1.782031860474891038e+00	8.177066079762818074e-01	-2.358721097136935896e+00
-1.197080226052946034e-01	-2.702316185504675672e-01	-8.831911102429966798e-01	1.920730767457487609e+00	9.830214384217078605e-01	5.466603593669613348e-01	-6.006940659585864317e-01	1.520526081000785457e+00
1.199603987555259293e-01	-1.013035682463840903e+00	-7.812995020232211818e-01	1.113416831348317704e+00	8.545189389401234292e-01	-3.445224474161586725e-01	-7.499120982927589552e-01	2.133582717960452069e+00
1.605197024214144452e+00	-5.720660329741539263e-01	3.407822427139048371e-01	2.374849817573961186e+00	5.690715914241246676e-01	-1.054737801460212676e-01	5.938684974603902766e-01	6.406841373665797534e-02
7.665815197707741557e-01	-1.776415695097955494e+00	-4.364185958217910999e-01	2.741730509238541336e-01	1.184899608609215171e+00	-4.851277653584259997e-01	-8.370283449152592370e-01	-1.736646928188922689e-01
4.964394175869473180e-01	-1.068516731905281958e+00	-6.890224267835187710e-01	1.829855141968798504e+00	1.234424013155521749e+00	3.783722124026952516e-01	-7.169208995213792734e-01	-5.873615553256363864e-01
1.339748511374995621e+00	-1.853136018362753212e-01	-2.080676060630052560e-01	-6.450469830384016889e-01	-1.532012031464410895e-01	-4.477808625688025623e-01	-4.466777477155317588e-01	-7.351608275251145797e-01
1.079433068024697739e+00	-1.279523618956929010e+00	6.171354129515271847e-01	4.180377016128029588e-01	1.631128179483483986e+00	-4.095754923507393119e-01	-4.692408737156868875e-03	4.480537256756589315e-01
1.565375190809925821e+00	-5.930525213712487531e-01	2.835339637476989028e-01	2.319061337529946254e+00	5.743903525010225497e-01	-1.195124302831404861e-01	5.392729849565706113e-01	9.188759529263484938e-02
4.711492005615495193e-01	-1.065490872111535675e-01	-3.797359627338681709e-01	-9.637833583654591418e-01	5.291965934486526635e-01	-7.882573781436927884e-01	-8.096800790491791577e-01	1.866191221227718966e+00
1.028288303172194135e-01	-1.432181162298802990e+00	-8.143772871836119087e-01	1.851280816998472023e+00	1.175581533608085927e+00	-1.313100619252476342e-01	-7.640628936568591989e-01	1.620751114812415627e+00
4.590385789407754880e-01	-2.604779173124541769e-01	-3.817158907551788105e-01	-1.014585042285625960e+00	5.266304428801532600e-01	-9.067697785879970107e-01	-8.324860941040405082e-01	2.110642337634706323e+00
3.637758497064917385e-01	-1.368917055680831218e+00	-6.320782238040986156e-01	4.385732448536755479e-01	1.106213602694042564e+00	-5.679432665580662620e-01	-9.153927891376298920e-01	1.303323148986653912e+00
3.055277973134537528e-01	5.314973922685690688e-01	-7.767549299665901241e-01	6.706040271030253574e-01	-6.236289660302557492e-01	2.796986552642158230e+00	7.479218755028573806e-01	-9.892956002176434005e-01
-3.070240048009280076e-01	2.286438940352535087e-01	-3.640628205983732490e-01	6.183701847717455458e-01	1.151724267205703756e-01	3.332965024085316585e+00	1.169198175896694725e+00	-8.458873163806694961e-01
1.791776521456659887e+00	3.925459474611907584e-01	5.890595111893619507e-01	1.786438267906471089e-01	2.225633243159040597e-02	-5.520834674180317148e-01	5.274584151070633720e-01	3.957301060262590209e-01
4.510621948114781898e-02	3.524595274928957744e-01	-6.381591813026348259e-01	8.945668476706434280e-01	-4.001399860850887724e-01	3.152760353352568323e+00	9.645472722625830775e-01	-1.101078376874982778e+00
1.435274820883254199e+00	-2.003251675251134512e-01	-4.622997854754466451e-01	-8.713518488901202119e-02	-4.165316228860019843e-01	-6.043465442367913498e-01	-3.678179298001983399e-01	-1.918327346899971753e-01
-3.097670932622640164e-02	6.340316915417126831e-01	-6.407161911930054909e-01	6.760612412169182406e-01	-3.938172321880984428e-01	3.176801860779928877e+00	1.010733345616648293e+00	-8.404193304023578337e-01
1.157155620597312556e-01	-1.222790964254326207e+00	-7.804759198218177429e-01	1.249003042273467923e+00	1.086344234096916050e+00	-2.612977081718632077e-01	-8.005903922173881471e-01	1.748927001962070849e+00
6.223386575759373152e-01	-6.421781593222065654e-01	-3.050600600288038144e-01	-2.062308809434801049e-01	4.433046810930174608e-01	5.257149974648323010e-01	-2.827049103399390528e-01	-7.989495210135226788e-01
1.818664228389521798e+00	3.315714755462900731e-01	5.387074652165040334e-01	2.286455304984988945e-01	-1.417951235115528889e-02	-5.870379145736647208e-01	4.756549674354207391e-01	3.058913178889697271e-01
1.689504161418305728e+00	-6.871240058547184448e-01	7.263589297123024258e-02	2.472322327346661019e+00	2.714868114307413260e-01	-2.434359055801277316e-01	4.460974375080329346e-01	7.119280758171642187e-03
1.616260538249954248e-01	9.338220707544262478e-01	-7.107346902885977036e-01	3.257947681593328926e-01	-3.819138948114558785e-01	2.686417910324858216e+00	6.061698994018802633e-01	-7.469551396528192333e-01
1.249240962919546005e+00	-1.188460656002454652e+00	-8.216407380270378535e-01	2.099239987684383024e+00	3.525252288055133465e-02	-2.530699778804694211e-01	-4.770210856803818733e-01	-5.700074707460615064e-01
6.526871275445388365e-01	-3.528291514679967600e-01	-3.231637026250635536e-01	-1.150397370568863709e+00	5.908374026607079443e-01	-8.735237917815177333e-01	-8.748383323362928232e-01	1.343113476978346155e+00
1.639124073868200471e+00	-4.528348133691147970e-01	1.294205530834362239e-01	1.796867681288294438e+00	3.221309369415922275e-01	-3.113292962549004672e-01	3.105219433081736202e-01	-1.285059248263307162e-02
5.378879973419544713e-01	-2.277533869726848237e-01	-3.723796059357802335e-01	-9.900017651242205563e-01	5.420771725849017342e-01	-8.470676395335027253e-01	-8.431088033263093307e-01	1.779468074473486316e+00
1.063374161116113381e+00	4.762679271139048653e-01	7.347899910273476554e-01	-2.356688674812409678e-01	1.146417983412840069e+00	8.561043298561799020e-02	2.946107676326875091e-01	2.316874142548381588e-01
-1.721187624374168057e-02	-1.000437542980332273e+00	-7.575758546171609265e-01	1.010520359814787605e+00	9.796458409209426454e-01	-3.281609165531242933e-01	-7.560735125077182595e-01	2.330927996189706697e+00
2.391231354620625693e-01	-8.004893214277043478e-01	-6.322626415634987618e-01	2.639460085447070670e-01	8.877274426913634997e-01	-4.920337736811927765e-01	-8.276156328125520156e-01	1.916762170452641190e+00
9.246944251918814972e-02	-1.131546551138882695e+00	-7.258937241698062426e-01	7.889419798486992930e-01	9.745222388908311162e-01	-4.785440366224851250e-01	-8.150578686193112876e-01	2.235821383448056476e+00
2.682822904268514219e-02	8.524224584875345068e-01	-2.972165333782684216e-01	-1.919458643565863598e+00	-5.754265439656762737e-01	1.542634729578646002e+00	1.053831514259775393e+00	2.435097709511033215e-01
8.626764697272609750e-01	-1.142093561996249562e+00	-9.538192764957100292e-03	-8.000845336826970522e-01	4.719841171283400971e-02	6.276880630071717260e-01	2.501531953378602346e-02	-1.477933615038044657e+00
3.429750280331502754e-01	-1.217906080869529450e+00	-6.874307077350499950e-01	8.255145934808157948e-01	1.078128542145060376e+00	-3.620584603894274056e-01	-8.707139631027971394e-01	1.214449176714263778e+00
6.975335798352203520e-01	-5.338773169099821914e-01	-2.817155328752934951e-01	-1.275724393165497572e+00	6.583390692705610725e-01	-9.943992227502083114e-01	-9.058883654380798234e-01	1.296511890270961365e+00
-1.988082645166134102e-02	4.057261582361373908e-02	-2.809601372297100830e-01	-1.396442219722815015e+00	-3.529647251789891915e-01	1.763677937945747676e+00	1.102637243982522719e+00	-1.490334876842742788e-02
6.554732120808736129e-01	-8.251750011552737574e-01	3.290250514004859628e-02	2.268357707336901452e+00	1.698846669565589274e+00	6.270926859229776218e-01	-2.044183463145728477e-02	-1.992154097694088521e-01
-8.800851120924482740e-02	4.772422679553239844e-02	-6.367534713136994151e-01	3.108870031318988203e-01	-3.827750396387440412e-01	3.046351886911725870e+00	1.200541513924047621e+00	-4.196288434824126390e-01
4.976442326793381055e-01	-4.485920245278188778e-01	-3.225803721492217502e-01	-1.245568119939550300e+00	5.865127806329619720e-01	-1.101411533057002901e+00	-8.958916434284658337e-01	2.098519810087770665e+00
4.824024020570536475e-01	-2.652979481274658213e-01	-3.368225747954949334e-01	-1.048175742939195576e+00	5.665354019169943633e-01	-9.282006860313729568e-01	-8.046353105823633722e-01	2.152947760858734849e+00
1.767447040738342912e+00	3.206071670351009484e-01	5.286429915731551965e-01	1.087506641963156967e-01	1.866105925907046714e-02	-5.755377386861988409e-01	4.340988745296305851e-01	2.804665851011628463e-01
1.322887461659108865e+00	-1.225498484525907150e+00	-8.475729795275326328e-01	2.295767034937330475e+00	-5.078228805169789778e-02	-3.010821324110766750e-01	-4.474118205388040170e-01	-5.667664325941406123e-01
1.899886539853963940e+00	3.681705195819665599e-01	6.464380344086829711e-01	3.792552138437907394e-01	-5.061106130858349789e-02	-6.122258206166838468e-01	6.265909257408381894e-01	4.296960544831401885e-01
3.649427961617207061e-01	1.661995962438948260e-01	-6.639175565234255449e-01	-4.461016335349620165e-01	-5.968164294987757801e-01	2.200193403377206813e+00	7.180804045138677871e-01	-6.734873842764166341e-01
6.985408856768571262e-01	-3.227603356110246569e-02	-3.612050401134988542e-01	-5.665853924904277195e-01	4.728704600798480095e-01	-1.503447103606951260e-02	-5.750691050865691656e-01	-2.592650567653297378e-01
8.450247860531659994e-01	9.973769333452309205e-01	-1.153911304356100981e-01	-1.262437974017105669e+00	-7.198670593735385648e-01	1.758486833609704147e+00	5.919997605615097136e-01	-1.904062409668727973e+00
1.795946891081831254e+00	4.193121912341341018e-01	7.430291298658340260e-01	2.488357961481844627e-01	1.477091052200207033e-01	-5.048929087793425641e-01	6.290033156199208442e-01	3.763821657100802631e-01
3.105918012828173258e-01	6.576513043715677131e-01	-6.635432270090723117e-01	4.994946216477319512e-02	-1.808371880342321825e-01	2.156547170355421983e+00	1.990454755214535187e-01	-9.301511321176907376e-01
2.043159684831435674e-01	1.004632557752901167e+00	-7.766565546077192073e-01	8.212741373985044113e-02	-4.633851110975531484e-01	2.504875184058382498e+00	5.857695605401080918e-01	-3.994886249283818302e-01
8.182252375943026568e-01	-4.697326641486921361e-01	-2.651109758466564936e-01	-8.644213919192522688e-01	4.803668675660308640e-01	-2.959438717825315646e-01	-5.972965160560747000e-01	-1.313722803032271180e-01
1.887093672314599679e+00	2.695705708325737415e-01	4.257733792001402451e-01	3.110643035704891979e-01	-1.666380775898614330e-01	-6.631927246333021442e-01	4.502232154164230726e-01	3.061786286717502747e-01
8.920991958235295893e-01	-1.351408645559653676e+00	-6.924730466048484301e-01	1.223077191072223346e+00	-6.389260991366714493e-02	-1.143731765032652836e+00	-6.427411478674694978e-01	2.179901380022216895e+00
8.973580995117548254e-01	-3.170116442217609243e-01	9.408836631514572169e-02	-5.729740565110875705e-01	5.802967991939170789e-01	2.133055113961730975e-01	-1.166992502202262999e-01	-4.973988962219541010e-01
7.727757423845771356e-01	-5.794788612615171530e-01	3.294236293929230786e-01	1.836362133540087038e+00	1.654173881339731977e+00	5.083253322624123882e-01	1.897535304546230928e-01	-1.729480985795219319e-02
7.398610526568115686e-01	-2.062983517832499974e-02	-3.343340037696570510e-01	-6.159384188326607612e-01	4.493797577810293431e-01	-3.300441043579240702e-02	-5.734562411589279041e-01	-3.213500990197354357e-01
9.025853603635769495e-01	-6.088648258509473665e-01	-1.543217337316356019e-01	-1.044830689187195460e+00	4.120668533904848219e-01	-2.626830799531443272e-01	-5.313030705997300318e-01	-4.532328215756873391e-01
1.870541041713134955e+00	3.024795066996434079e-01	5.474722930780629992e-01	2.973901849183322454e-01	-6.183923151669935142e-02	-6.362069822944135256e-01	5.086497033715809968e-01	3.580489927217523904e-01
1.751579746514898561e+00	-6.107913792957567756e-01	5.291234705712540842e-01	1.965503716988505900e+00	4.576894028875247988e-01	-3.276753057236302946e-01	6.987457526482947490e-01	3.360300005017876068e-01
6.756917466986045451e-02	4.470981671713623040e-01	-5.480663787431808709e-01	-1.293687214145274211e+00	-1.045528149869719092e+00	2.190484592718642265e+00	1.441663602789458265e+00	7.280360921366377247e-02
1.534639486087266746e+00	-6.428603172145790356e-01	1.427927520223413183e-01	2.247238580844735711e+00	5.548435995391128861e-01	-1.287026815579105921e-01	3.687330872898906819e-01	-6.754564499185798654e-02
1.107898738801272431e+00	4.214662667697672838e-01	7.060115686977292970e-01	-1.730610703201901079e-01	1.070993611253768574e+00	5.479772613536815218e-02	3.255809762045051015e-01	3.050404506313436070e-01
1.451009276655825353e+00	-6.733243294619527530e-01	7.154869847810163552e-02	-1.047574319705842499e-01	6.960653289711127290e-03	-1.406903273918376218e-01	7.507040753068794370e-03	-8.739474143633719772e-01
4.151254602732867838e-01	-1.613829392545094443e-01	-4.353343073097344362e-01	-9.063870267282855275e-01	3.680848508162471444e-01	-8.650855646866492110e-01	-7.691832374132067107e-01	2.441962743150898785e+00
2.018708173408667594e+00	-8.438546690000335582e-02	5.626697798775870396e-01	-6.965819330379662694e-03	-1.771364946191567313e-01	-8.559206060362997137e-01	4.191620773457479521e-01	2.832474642885642324e-01
1.343403408315148706e+00	-1.152566793137278944e+00	-8.281389609517093575e-01	2.171271315590189932e+00	-8.963241843506733475e-02	-3.393375746440306373e-01	-4.458356296641449168e-01	-5.465309303798904228e-01
2.182867352314212250e-01	-1.359391396985226264e+00	-7.167626161404588858e-01	8.724330692807980014e-01	1.098028814721940805e+00	-4.409483652569780587e-01	-8.560527048923247673e-01	1.630668528467511758e+00
1.608618506706415818e+00	-1.263928013939016048e-01	-5.146220132419967452e-01	-3.386818108506523851e-03	-6.384534999020230472e-01	-6.661764967945862370e-01	-3.170539886365595916e-01	-2.011150726518219911e-01
7.827249641467931562e-01	1.150900342428879730e+00	1.717150553330421547e-01	-1.754550334882917895e+00	-4.566611666049805174e-01	1.588069745567406654e+00	5.889448030922166399e-01	-1.960054627860012832e+00
1.639863469649215588e+00	-5.060272514813137779e-01	2.924441968140125137e-01	2.122428831528148763e+00	3.917486557571379646e-01	-1.918275691951374373e-01	5.766532345851500541e-01	1.441396810864719047e-01
4.252035778071604488e-01	-1.125884453093853182e-01	-4.110175037498620676e-01	-8.670532460896914762e-01	5.065711974667558293e-01	-7.737095194312796353e-01	-7.934051379430002715e-01	2.089639500275490835e+00
1.806798139033910289e+00	-4.125986301087235519e-01	4.462633025589064495e-01	2.238420330473880782e+00	2.762251848723675796e-01	-2.913301950971813326e-01	7.517180723713244861e-01	2.517943583614650205e-01
1.883793375057966957e+00	-2.950452391375603112e-01	2.396206627776280573e-01	1.609181336831180031e+00	-2.913073393932179289e-02	-5.442479369894583918e-01	4.580413213904185321e-01	1.291510791693698257e-01
6.268632933445952293e-01	-4.311702383253449566e-01	-3.174075550278819269e-01	-1.172418464133796689e+00	6.259357438786170569e-01	-9.320918512682386803e-01	-8.880400537393497995e-01	1.459439103616882782e+00
4.815418866759133554e-01	-8.935665499244721532e-01	-6.422395511921189515e-01	1.436943267819834391e+00	1.142970821588458197e+00	3.155308583227420804e-01	-7.023066070689660823e-01	-4.880111609015670981e-01
1.955545466935424859e+00	-4.302961783634283721e-01	8.032489982299200193e-01	-4.135701602099027818e-01	1.444268365560586742e-01	-1.103782561636428960e+00	3.308499954049112790e-01	7.025888257715429130e-01
2.210283072061421383e-01	4.169642583170306560e-01	-6.115698356856670292e-01	-5.434380919084729200e-01	-7.690753068200080200e-01	2.580880847905278497e+00	1.082324693238953195e+00	-7.443456919984984266e-01
1.620280110190784606e-01	-1.064086404133017361e+00	-7.127789902973999947e-01	7.891660931314163907e-01	1.025669324687387363e+00	-3.781768935535983478e-01	-8.122274361319712366e-01	1.854840297453384856e+00
2.138385909268573914e-01	8.796424512874678747e-01	-7.725697138858450552e-01	1.441542548624215603e-01	-5.142306174685603581e-01	2.585847535819411291e+00	6.715999870232289837e-01	-4.641680563720528285e-01
1.129543416794289934e+00	4.324825505314816576e-01	7.751607496904008299e-01	-1.428653220790425671e-01	1.095160525492020032e+00	7.190264732287786342e-02	3.985282814465234136e-01	3.289617552100757014e-01
1.112997417590783633e-01	8.498526671544659461e-02	-3.086062917271312767e-01	-1.673194435614144604e+00	-8.943206389678132195e-01	1.663203703523707722e+00	1.315600817446550330e+00	-1.135710691917017207e-01
2.031189312407453706e-01	-7.866076364022434042e-01	-6.745507245519827277e-01	4.097485102730991091e-01	8.594079571187619448e-01	-4.480073989015001534e-01	-8.078190708293778721e-01	2.001278168704095695e+00
1.525805048069494463e+00	-9.071793286531116829e-01	3.573315173979922654e-02	2.868938964216793952e+00	5.384420228508461914e-01	-6.469196357015193077e-02	4.341589847180217232e-01	-6.823002170884022444e-02
1.932386885766842755e-01	-1.406981283818355521e+00	-7.311239239252856903e-01	1.039852202064657227e+00	1.127812421882503191e+00	-4.032104160682935534e-01	-8.538242879370098182e-01	1.629917269290015902e+00
1.553304616871752364e+00	-5.924891937562142274e-01	2.695080151899668097e-01	2.236485894212598691e+00	5.607290710991734706e-01	-1.563889378393718832e-01	5.009886182895757489e-01	2.376811392722921745e-02
3.328961984905774996e-01	-2.507553172535373354e-02	-4.155753255696014170e-01	-8.500420369291398215e-01	5.093916753678576770e-01	-7.445178702396816339e-01	-7.515250447870762684e-01	2.312813359609740882e+00
1.583205352635761454e+00	-5.896670812044136900e-01	6.972532550849158683e-02	2.142600612122527615e+00	3.883337046008763505e-01	-2.392834672202130142e-01	3.260878063821239792e-01	1.799729235924299453e-02
9.074975136653918861e-01	-4.510109552380152098e-01	4.374575582650372385e-02	-7.133379055657116385e-01	4.178710443814612763e-01	3.095808797920898137e-01	-1.802304734271710784e-01	-1.017760969378405544e+00
1.260342657408565215e-01	8.056161892180446760e-03	-6.673597750495769976e-01	4.699272756708638976e-01	-5.831362068435681500e-01	2.944244410329524442e+00	1.073417995280462556e+00	-8.877292103314037286e-01
4.478081466590413395e-01	-6.325823500817892575e-02	-3.983158913571329118e-01	-8.369151045088973895e-01	5.010374880313592794e-01	-7.140555355431198459e-01	-7.611080577494470090e-01	1.978180031734898980e+00
1.501191092116246351e+00	-6.542149657373951266e-01	3.656606106351471541e-01	2.565053673185072824e+00	7.301151976259114829e-01	-1.033997083882963290e-02	6.496311005087844759e-01	1.696874234367395373e-01
-9.363463563472751439e-02	3.375785594745595031e-01	-6.204818194053404179e-01	3.418159045013181019e-01	-2.618838096517831504e-01	3.012228777492733212e+00	9.929100433367773482e-01	-5.955056611456209792e-01
9.939341193791159101e-01	-7.187499681028908238e-01	-1.756181039875230887e-01	-1.279763929086916718e+00	5.277585393020173266e-01	-7.439510652133930479e-01	-7.423074430005476287e-01	1.019251055373475157e-01
-7.686862253992426952e-02	1.002722244648886818e+00	-4.108217748219912258e-01	-1.703488927760217653e+00	-5.925351177058001406e-01	1.827280453008391925e+00	1.191773713022733272e+00	5.940169876735402754e-01
7.574876416918698840e-01	-2.480061521972747873e-01	8.299346640019511501e-02	-1.275984596235868462e+00	-4.302950219609794624e-01	1.257987204299336081e+00	5.492463509693996659e-01	-1.841127410006339282e+00
1.568829980809220315e+00	-5.243496429997038799e-01	4.123889996094223798e-01	2.297490342080870551e+00	6.466841607654174595e-01	-8.136581233709473671e-02	6.365250856449151673e-01	1.402455348386320577e-01
3.679551130285835248e-01	-9.600117673397544349e-02	-4.238624872978063451e-01	-8.863936187952419221e-01	4.759169431808353279e-01	-8.438112333288046996e-01	-8.249505535007893853e-01	2.375965875685209561e+00
2.072544354235641151e-01	1.395037884153507990e-01	-7.345710929728942462e-01	3.519282650890168118e-01	-7.781568495866262314e-01	2.890224144082595092e+00	1.113065106368871460e+00	-7.936374363119872433e-01
1.461450377406214418e+00	-7.262754738890933037e-01	1.186778669986877643e-01	2.446829583445492950e+00	6.389178994948808699e-01	-5.044017340852903486e-02	4.006395875711404875e-01	-1.168318026616032082e-02
1.021577265590939643e+00	-5.361182812606986037e-01	2.244081768670777577e-02	-1.102380319303688960e+00	7.128757096846043417e-01	-6.170010409384872885e-01	-5.299776177067565541e-01	1.835599471213958389e-01
2.685327505742827192e-01	-1.374909049093090418e+00	-6.537732591785160308e-01	4.485797224382070958e-01	1.065222880179173881e+00	-6.201474075838759870e-01	-8.974378199941355216e-01	1.708289000367163579e+00
1.535071531325215011e+00	-6.325733046674540949e-01	1.873767160624808525e-01	2.289025238673974005e+00	5.498318960790896659e-01	-1.430994774072794906e-01	4.442191215046369379e-01	2.324468147910094262e-02
1.833806188101186230e+00	3.600969409922482045e-01	6.548822967580536503e-01	1.420730311251131583e-01	4.302020816175966544e-02	-5.708049756473642100e-01	5.260131617097971723e-01	2.284734982736146280e-01
-5.234643365179966062e-02	6.716894098919682365e-01	-2.565870366593444030e-01	-1.865053427294756760e+00	-4.497450783326248369e-01	1.560326716766018196e+00	1.079749332592082611e+00	2.690541679887077930e-01
1.721916186151478678e+00	-6.839482698629489876e-01	5.347618313954941027e-02	2.449560833800673798e+00	2.046965931545297601e-01	-3.031985069522788456e-01	4.273029460347513298e-01	6.448372696479298671e-03
1.949303624111295319e+00	-1.441307366334335649e-01	-5.016600665747802390e-01	3.081017040243198002e-01	-1.003924650191532209e+00	-9.291800125878396654e-01	-1.823062655970551227e-01	-2.273033873447450059e-01
1.583083183727315157e+00	-6.886410563050809897e-01	1.878390668314087741e-01	2.558322816138081990e+00	5.040064633254522919e-01	-1.161128284165632296e-01	5.269991312172483955e-01	7.566244407078170919e-02
1.568495647030994311e+00	-4.610408388683266412e-01	5.053680338862428512e-01	2.400975600914442953e+00	6.575894330459060022e-01	-6.261486319146845891e-02	7.686142184283532020e-01	3.405507395864351139e-01
5.390845694705034274e-01	-2.860599325335135834e-01	-3.076655506181683042e-01	-1.059861876099295497e+00	6.018712781351167607e-01	-9.279174123715495659e-01	-8.190814737376880261e-01	1.937628241380932925e+00
3.696673127246890012e-01	-5.885409696767974347e-02	-4.204303267486626527e-01	-8.211332477704548216e-01	5.001953137297967533e-01	-7.501812083864686231e-01	-7.684783106528149110e-01	2.263912210727760943e+00
1.523734590136074374e+00	-7.122421017020779122e-01	1.297044429996964954e-01	2.452772248603773964e+00	5.637627354721096440e-01	-1.072450538912366608e-01	4.208950667549121727e-01	-7.112496784365855522e-03
1.662012916966829623e+00	-3.995905387474074644e-01	3.086393829028462044e-01	1.819671333742795438e+00	3.619019914974379581e-01	-2.379926771261044460e-01	5.076888236712464586e-01	4.830875309778959181e-02
1.667878557187207234e+00	-5.815481804493697338e-01	3.566587511944543931e-01	2.534406560140204601e+00	4.729192006253614133e-01	-1.582987683861579176e-01	6.730688529382081731e-01	1.685572752737797553e-01
5.399075285140830793e-03	3.590939249499647268e-01	-7.389667120084220109e-01	1.663050180182193416e-01	-5.423575543342190608e-01	2.916577162826067493e+00	1.084884549676428778e+00	-3.650699447871191827e-01
1.630787378946342292e+00	-3.079488707874766251e-01	4.857657861719218984e-01	1.929702040355986137e+00	5.430354934608538908e-01	-1.608673302046308151e-01	6.470882702314706414e-01	2.111298722135592498e-01
1.111645510984148766e+00	-1.284036158215722923e+00	-8.368225762556131819e-01	2.270107303691458078e+00	2.509955473640796964e-01	-1.323897925399774578e-01	-4.997257975130229291e-01	-5.913282158865574845e-01
1.960726715831538625e-01	4.161741500137475791e-01	-7.345087880406260261e-01	5.916558925976265204e-01	-5.017443464157171906e-01	2.821586751833394580e+00	7.727083845756245184e-01	-9.204470621242124562e-01
1.752824320205771391e+00	1.106088052805885846e-01	6.959102114537284445e-01	-3.059790395856267983e-02	2.003140458237521182e-01	-7.109413264130572951e-01	4.758164234691363847e-01	6.223482669688725766e-01
1.836977592964744055e+00	2.931007988384753959e-01	5.141203274118529842e-01	2.473410230227385265e-01	-5.212397647371534715e-02	-6.325886652683051503e-01	4.743052273558323595e-01	3.586783373262076857e-01
5.686208418813718524e-01	-7.705427133115626548e-01	-5.518318698866755412e-01	8.242061586656754812e-01	9.006149813320650788e-01	3.783557931895591420e-01	-6.212890830318330559e-01	-6.681570513683628976e-01
1.056491385579028774e+00	-8.483433409252917334e-01	-6.962675321493932978e-01	1.190303388111642491e+00	2.002465397329047936e-01	-1.730078043452998870e-01	-5.318606987931283614e-01	-4.428234476377094220e-01
4.254971972465716457e-01	4.828077848254170856e-01	-8.432384128445726823e-01	1.991649789204371634e-01	-6.699266210444193570e-01	2.367231466213937097e+00	5.632346904098117779e-01	-7.047947469608643045e-01
4.944859075978957907e-01	-9.856281082098299340e-01	-6.899781741913144639e-01	1.729865401225175736e+00	1.201232326426522778e+00	4.042828142579982797e-01	-7.312811316108950299e-01	-6.144938426518277153e-01
5.421942119381105707e-01	-3.361888819384947769e-01	-3.462360158603896565e-01	-1.102357322671960294e+00	5.876142192745446025e-01	-9.362291720435151898e-01	-8.710333044727772700e-01	1.800738875375910597e+00
5.841527663773694590e-01	-7.047335606198782409e-01	-6.205626047756671593e-01	9.552256182298344278e-01	8.832657832843104906e-01	2.513783342383874575e-01	-6.627041353805528390e-01	-4.640968749733966336e-01
1.998360266793076434e+00	2.982038895338272599e-01	5.269124009298838951e-01	4.880876239992451571e-01	-2.212382991069787863e-01	-7.099114836218537450e-01	5.780136391494947734e-01	3.459559523719593077e-01
1.166947036126222415e+00	-1.891422461059462767e+00	-4.974938856635060525e-01	6.485855823369984785e-01	6.061058012320754695e-01	-8.321991641975966525e-01	-7.667715921524586031e-01	-1.223326540225828235e-01
4.755226903975142694e-01	-1.252869812851581388e+00	-5.961877299152746890e-01	2.734109673251781114e-01	1.029950092841802611e+00	-5.998653571508324456e-01	-9.237920610117185127e-01	1.116388126188756491e+00
1.488053526423292583e+00	-2.415293019443908729e-01	2.829452490278411281e-01	1.137175390431953703e+00	4.953631749347076063e-01	-2.281942771162995265e-01	3.189266488458721849e-01	6.807453120607456776e-02
2.738669284132456694e-01	7.228136719412084910e-01	-4.818923993460144661e-01	-1.760570537802482294e+00	-9.119482018180027350e-01	1.373993820427948487e+00	9.237370240112868780e-01	2.422535524659067130e-01
3.327157921580478628e-01	5.908000487746071228e-01	-5.158822360648205319e-01	-2.963445541974309982e-01	4.286428111451609513e-01	-6.487221758862837806e-02	-6.854628984174794271e-01	1.088717899159464153e+00
2.033496490435451054e-01	-1.121019160948501181e+00	-7.380870992795817154e-01	9.010054259178211788e-01	1.030659139630661691e+00	-3.399118908184327048e-01	-8.309177607632530771e-01	1.635587429621910394e+00
1.420819125378967041e+00	-9.043111132858078216e-01	-7.428284917854881542e-01	1.539013939337338988e+00	-2.268954502301152309e-01	-4.626428660010570848e-01	-4.361173434669674553e-01	-4.499452044902507719e-01
8.768742540969908239e-01	-2.974295909098630397e-01	3.403471733008717748e-01	-1.030062829891735809e+00	3.880775700352387392e-02	9.867208120176998998e-01	3.348766469747468388e-01	-1.768204659016107350e+00
5.770203934273615554e-01	4.307484069969464979e-01	-9.018303977249497727e-01	5.714729049833652264e-01	-9.325722476131208527e-01	2.520887051917465094e+00	6.943649437054655316e-01	-9.444901323700560791e-01
7.297049197673899368e-01	-2.476029318435784762e-02	-3.930495846458214593e-01	-5.838565554521227829e-01	-1.118526203016922071e+00	2.327119724139068424e+00	1.129185767301882137e+00	-1.702894177229095751e+00
1.380675230449947666e+00	-9.775635758807288411e-01	-7.165873199607794009e-01	1.436951056926107917e+00	-1.481489100739792342e-01	-4.846299804075221984e-01	-4.642325425474772005e-01	-4.198730822372860882e-01
4.816495613762351580e-01	-7.576851587318940429e-02	-3.994064491299647579e-01	-8.485916449145782803e-01	5.215742319576490704e-01	-7.151705602745758172e-01	-7.976173941599782324e-01	1.824050254434927520e+00
1.963848313463076034e-01	1.321951086722901458e-01	-7.239364454161841822e-01	8.332186465871869174e-01	-6.341870350599118078e-01	3.039467685196425961e+00	1.012620627351378477e+00	-1.078060053431013410e+00
2.799483560254441006e-01	-1.021258695228657087e+00	-6.846792741410335781e-01	6.270778327051156342e-01	1.019161643951851381e+00	-4.053315980525400430e-01	-8.947893235819297519e-01	1.480807565283305260e+00
1.585996697467167094e+00	-7.640946050432469994e-01	2.524467590558567009e-02	2.533933584047774357e+00	4.103503729897486907e-01	-1.803731208546661413e-01	3.699974730076478480e-01	-3.736822074845896902e-02
1.014421703414928988e+00	-1.109001939837495898e-01	3.568119086875102819e-01	-1.347319524972313554e+00	-3.918646321983809133e-01	1.224464710986251204e+00	5.003796007806353696e-01	-2.454685207968836380e+00
-5.315782199670684993e-02	4.473701033560164575e-01	-5.558124749591797364e-01	-1.145150282879834558e+00	-7.152718115510815489e-01	2.247591020041279197e+00	1.327297168819709938e+00	2.946701296273471771e-01
1.183317745143999344e+00	5.395567669641082587e-01	9.247993155535919607e-01	-8.617969903529931752e-02	1.150230238887644862e+00	1.126330528889237653e-01	5.148256296602021775e-01	3.077413946163052860e-01
7.824776384955299813e-01	-4.034702585939440311e-01	-1.019761047933481907e-01	-7.846392493954373881e-01	4.184933010733480341e-01	3.300910615051346753e-01	-3.258711506901625365e-01	-1.043489877557208567e+00
3.011101831264090256e-02	5.776927026489332428e-01	-6.686784230518261207e-01	3.938535239455090986e-01	-3.354142609988640666e-01	2.881865879028189692e+00	8.166191206485896581e-01	-6.851559016351057574e-01
4.556345149012377416e-01	-4.601887777100023835e-01	-3.027846166269870798e-01	-1.338361799176811973e+00	5.656740103606906489e-01	-1.171342879728087816e+00	-8.817841592424663366e-01	2.250224615446165366e+00
-6.282686455897386335e-02	-1.849636554809344080e-01	-8.471188454479711138e-01	1.597171911460676830e+00	9.126550427654928077e-01	4.581938723499425770e-01	-6.370607458854972149e-01	1.419594874631312953e+00
-2.805100803762442668e-02	2.881913596875114170e-01	-3.489200916409330722e-01	-1.502842941895387918e+00	-5.218968529338957607e-01	1.806219035864796707e+00	1.179297475067372813e+00	1.647098614376667491e-01
9.729805878146516873e-01	-7.971613335263533218e-01	-1.608143597445388928e-01	-1.337321706690443923e+00	6.024444668157553640e-01	-8.039854972021336366e-01	-7.601471098362387879e-01	1.565576078499329449e-01
1.212122100702845318e+00	-5.665340073226572404e-01	-2.945980117353055872e-01	-2.657958291172782261e-01	-6.806103964477498713e-02	-2.240399516060345708e-01	-3.846090225294113707e-01	-8.676363961997395347e-01
7.735551487001330884e-01	3.247985193061325715e-02	-2.207499904292433701e-01	-5.269640139680550339e-01	5.651845035323859179e-01	1.930182535602148475e-03	-4.629246186211870562e-01	-2.289979132354739155e-01
1.562066803680885185e-01	-1.118076026031297632e+00	-7.400358943714284710e-01	8.455297660099350132e-01	1.024645804357046330e+00	-3.555588294030155305e-01	-8.092771382472303543e-01	1.851829039518831932e+00
1.503567744932489791e+00	-8.895123103502281525e-01	-3.868256763417010635e-02	2.604525860302084883e+00	5.071304062817630909e-01	-1.224267888915780145e-01	2.804596915619839703e-01	-1.722813535628477388e-01
2.115611360707895239e-01	-1.172387834023145947e+00	-6.509546065729522324e-01	4.446997243143624989e-01	1.088444750692698193e+00	-5.153682182547314472e-01	-8.563732468363922656e-01	1.774259120109928700e+00
1.960497867681170181e-01	7.980388480799878170e-01	-5.837458984306596044e-01	-1.600409325422958329e+00	-1.131528373484592453e+00	1.746833505028361655e+00	1.224176054990758544e+00	4.161896623584007693e-01
1.691238928323891555e-01	6.925640982369551946e-01	-5.820747083118449350e-01	-1.534820711989848263e-01	3.957803327999887544e-01	3.334966209888177990e-02	-6.062997037902221331e-01	1.608868233725877284e+00
1.164191430363941349e+00	-8.866463140202675008e-01	-1.456579198555715826e-01	-1.215861036128486727e+00	2.950639212709955106e-01	-8.639872004955683193e-01	-6.405560790680661087e-01	4.233832690323530157e-02
3.532460547025667585e-01	2.968680306063017915e-02	-4.524201738858619204e-01	-6.957829975045275450e-01	4.081023578841774802e-01	-6.912732227649551753e-01	-7.220994803942517581e-01	2.346125125657568145e+00
1.433034236585223331e+00	-3.859351555448568005e-01	-4.393980964310542081e-01	-2.552487603613136646e-01	-7.779378173816977604e-01	-1.643531479245885718e+00	-5.285019384491543848e-01	2.159276341840332680e+00
1.934648633882651569e-01	6.138106019705874550e-02	-7.279123180048777675e-01	1.499802355940326598e-02	-4.171877495125084212e-01	2.420210907173689474e+00	6.831626261262805366e-01	-5.976394782038425557e-01
1.872747034197009830e+00	2.425440815638470748e-01	4.356589434012878570e-01	3.061159668130721823e-01	-1.520173074765319154e-01	-6.504452536681825103e-01	4.630983169880846795e-01	3.011273496757885249e-01
3.464493684070105717e-01	-5.341417210374710053e-03	-4.450021156138762590e-01	-7.413866241454225570e-01	4.491164812851446975e-01	-7.010702732146891769e-01	-7.396695489708647875e-01	2.321347033110845448e+00
-2.240183199355199051e-01	7.878996064285165302e-01	-2.474498532700918074e-01	-1.632936420403608091e+00	-3.912379531618791484e-01	2.099371918291737416e+00	1.487635422379726569e+00	5.969075667647987249e-01
1.899331530688326275e+00	1.856421744852430888e-01	4.400012966459895258e-01	3.562876871758601793e-01	-1.943754503822122670e-01	-6.505561128167355323e-01	5.081238124117798405e-01	2.858256302585533426e-01
9.116055702451593135e-01	-7.009469409448877419e-01	-1.960054626651641096e-01	-1.374886571497917709e+00	5.864269284101895074e-01	-8.867274243665794753e-01	-8.079541365792868302e-01	5.011836621723749774e-01
1.731552279404736105e-01	-1.229264824149331137e+00	-7.387090648589116348e-01	9.140004693818850612e-01	1.042134351045164387e+00	-4.032030589039002355e-01	-8.318204020399783127e-01	1.770266019805891267e+00
2.548728449868804535e-01	-1.302342900276711291e+00	-6.965158201895907952e-01	6.716814900133248889e-01	1.066649091606736377e+00	-4.942547020346214071e-01	-8.801915625636854701e-01	1.616061352643669569e+00
1.637691443670823199e+00	-5.127540748612809951e-01	2.453237134672024422e-01	1.661909176289280810e+00	4.381263042935807928e-01	-3.531428138171571196e-01	3.326732442726426653e-01	9.356260957736864392e-02
1.399056102899608023e+00	-1.136132898296684512e+00	-7.915648422949584928e-01	2.025875359491502437e+00	-1.228468390016133616e-01	-3.821983624945322067e-01	-4.442970358291384314e-01	-5.965345918124224101e-01
1.486000772707004591e+00	-7.914013969191555642e-01	8.859149819944728277e-02	2.635553717967409781e+00	6.030087212540621300e-01	-5.564153922317117973e-02	4.198177937712233021e-01	-2.615052382662921143e-02
1.903331667992156639e-01	-1.584318013968237238e-01	-8.541366933865166544e-01	-2.629075714623445026e-01	-1.107258525082201350e+00	2.581709418664085653e+00	1.377756419865149962e+00	-1.864391877737666889e-02
3.048505644518037516e-02	5.901665627486707422e-01	-4.296659621385481298e-01	-1.646794351262271139e+00	-7.374806584949969990e-01	1.729304079657681958e+00	1.162426355846114312e+00	3.117587215885892493e-01
2.471402158735101495e-01	-1.157993179954792673e+00	-7.162494836436181789e-01	8.151570966908240345e-01	1.040415866703808145e+00	-3.681368707635630511e-01	-8.387317249421607501e-01	1.551240560648303735e+00
8.122446762442218082e-01	-2.721389404892924357e-01	-1.651970867390965825e-01	-7.733844281693998957e-01	3.644300020863815992e-01	1.960395762016541588e-01	-4.056810026947317849e-01	-8.865529549890104333e-01
1.088337208850208709e-01	-1.300641402929580970e+00	-7.719376931256942687e-01	1.279015553911818426e+00	1.116357321827900595e+00	-2.809194840023364614e-01	-8.004608518859946953e-01	1.736430898482734575e+00
1.734489043753375093e+00	-8.467050232058261905e-01	-5.733300136014585213e-02	2.851771843538121853e+00	8.563880194767453657e-02	-2.561143330177180211e-01	4.773698979919382412e-01	-2.453444832392168845e-02
1.123765407752559176e+00	4.604788725241635294e-01	7.544068150371610049e-01	-1.605865653718649699e-01	1.094442637451002565e+00	4.185606745987992261e-02	3.614312246411957030e-01	3.472397520128078230e-01
1.274881623126838504e+00	6.447363358891171625e-01	1.155639965295343075e+00	9.022275546444645522e-02	1.197101203722303442e+00	7.403468834789367348e-02	7.733236117872165361e-01	5.989182386291651561e-01
1.513055848098051159e+00	-4.356387754315251271e-01	2.314579804712140199e-01	1.880811261713432714e+00	5.454264458357906964e-01	-1.772106710122145490e-01	4.047555990918050295e-01	8.302315306252600058e-02
9.314557819994502275e-01	-8.767767137210563666e-01	5.610081777507455736e-02	-9.049962426317018638e-01	-6.660503150441747511e-02	7.194659882163602083e-01	4.483515746875305075e-02	-1.799918490824349071e+00
8.839247915723256188e-01	7.843416959640377994e-01	1.149125573534526268e-01	-1.643775339182068640e+00	-8.507489065360983593e-01	1.629929627459075103e+00	8.341188059119825082e-01	-2.150604401606394767e+00
1.567915674590736552e+00	-5.036222453174633573e-01	3.382144327331434441e-01	2.122253132562113453e+00	5.610827139772124328e-01	-1.646921368500636473e-01	5.513541191106916539e-01	1.226199034305522628e-01
3.996920255902641772e-01	-2.420319067794157730e-01	-4.217942745962697804e-01	-9.805826410232698631e-01	3.699503145824797889e-01	-9.549145203381810276e-01	-7.789285994017531856e-01	2.587519587286529088e+00
1.644453135165810709e+00	-5.299110930096496697e-01	2.824952110482212286e-01	2.213265712955336806e+00	4.404115430092985228e-01	-2.115571896348918401e-01	5.407304432844268760e-01	1.037341169956277342e-01
4.081244835501980917e-01	-1.280773200169007808e-01	-4.120092800402447297e-01	-8.761937711491286640e-01	4.943912248729001035e-01	-8.031094257473889719e-01	-7.900299154564917048e-01	2.192895910592160380e+00
1.490589208434333512e+00	-6.804181193307968778e-01	1.462105706340298683e-01	2.417577784000135122e+00	5.926147824044767365e-01	-9.798716031468404641e-02	4.326735465147788506e-01	-3.066834594209778223e-03
3.708034401941229241e-01	-2.443535404359703511e-01	-3.919378274797517547e-01	-9.512357949171260652e-01	4.686694337811787570e-01	-8.813377471089072213e-01	-7.812080956030692525e-01	2.385473283236354547e+00
4.791966068740256546e-01	-3.880920457844569404e-01	-3.235474143663193414e-01	-1.194795674843200706e+00	6.206442352037702115e-01	-1.029352486631232244e+00	-8.774785926786150547e-01	2.067875812058318274e+00
-1.521054710480575500e-01	4.286492606699604524e-01	-1.385059816913105368e-01	-1.762782850430437698e+00	-3.368931365831213109e-01	1.924696953737647709e+00	1.378261270905712932e+00	1.232564468526352597e-01
-1.838013663859076607e-01	-1.754962726327095879e-01	-9.373168613925454418e-01	2.100899286317189141e+00	8.466688237058904720e-01	5.811509578880167393e-01	-5.263400426394284626e-01	2.008318176533503419e+00
5.579394241857707493e-02	-9.952325998900508619e-01	-7.597863866253309340e-01	9.554792423302798099e-01	9.831794729214718975e-01	-3.366786421107859639e-01	-8.006681215186625122e-01	2.100056643500233911e+00
9.709524076700234430e-01	-7.314943314658606255e-01	-1.671254344726066932e-01	-1.283393138095963559e+00	5.851307769964900762e-01	-7.445075380046468627e-01	-7.497413674837730690e-01	9.612285412037982479e-02
1.574524112466370696e+00	-6.291715441745366899e-01	3.303878805624460568e-01	2.466956395969146065e+00	6.004982185129994487e-01	-9.910269420432450682e-02	6.115924734352701231e-01	1.178619767312427957e-01
1.955134778021841713e-01	-1.368321854050670749e+00	-7.289151531328342815e-01	9.685438503198157134e-01	1.107483231208544971e+00	-4.089409844173720887e-01	-8.452680238503088583e-01	1.649834243948691492e+00
-7.534656271784398625e-04	-1.040347277935767201e+00	-7.871260627598912762e-01	1.169832192414434591e+00	9.388046518984599631e-01	-3.139162465808236213e-01	-7.423177590897094280e-01	2.364512484665045378e+00
1.854885544928390084e+00	1.948555654496263723e-01	2.676529568535255810e-01	2.692361227352815800e-01	-2.288483103683975894e-01	-6.925231470003861967e-01	3.011545568636873060e-01	2.147428986525342087e-01
1.429243749485041182e+00	-8.482650298126839239e-01	1.403903560681341312e-01	2.890213622155874962e+00	6.978777464052186019e-01	3.394336760017896415e-02	5.302991407449800798e-01	7.921575620108103899e-02
4.239202933268051421e-01	-2.918082649031947251e-01	-3.582338251914444216e-01	-1.125283126555395530e+00	5.323365437969371783e-01	-1.005887705027125545e+00	-8.468047965897185225e-01	2.266098005749824118e+00
2.704997170999483003e-01	-1.172995314685439050e+00	-6.957323430242257079e-01	7.379800260591012906e-01	1.047432034547282953e+00	-4.042817485762583707e-01	-8.582640270362994483e-01	1.460514805086681633e+00
1.699473103056766021e+00	-4.351634424136766044e-01	1.964938077672383487e-01	1.904529632950135110e+00	2.856344487591379044e-01	-3.170522537360128124e-01	4.041473035326360597e-01	1.556999237643658107e-02
1.645928755471497862e+00	-5.921450129962988473e-01	1.751032972822545442e-01	2.189007475567583239e+00	3.586771264391770964e-01	-2.181719729488157122e-01	4.664731913949500264e-01	1.492687571219591947e-02
1.857176546160219877e+00	3.234882744547120659e-01	4.769844308489719076e-01	2.838750993722420346e-01	-1.058992463052798594e-01	-6.275882507995975690e-01	4.779172745556271584e-01	3.548986306432997395e-01
-9.209551104795903054e-02	5.016805813261927538e-01	-6.563182732006371811e-01	5.231200808263017921e-01	-4.558550033787153177e-01	3.218006877598757143e+00	1.200966241289066483e+00	-5.038138717319973203e-01
5.559548736684150061e-01	-2.736620037141248574e-01	-3.592541320461096199e-01	-1.007272308512324965e+00	4.981898191659286379e-01	-9.345705005466479198e-01	-8.236330626235082164e-01	1.913092810691879198e+00
1.568798489710796495e+00	-9.497578563597260937e-01	7.629414487455007388e-01	-1.402861104590992676e-02	-1.377571908918048538e-01	4.985034217519503930e-01	1.118415761715004120e+00	-1.239011970443785637e+00
1.158777506261530865e+00	5.173392461690969890e-01	8.254071944338858824e-01	-2.588371561462065595e-01	1.069038525661821115e+00	-1.360096966270612183e-02	4.162552377774905166e-01	4.007836472567366526e-01
1.510651124464180484e+00	-6.707964480575350219e-01	1.560957561020515916e-01	2.405293697121017704e+00	5.853363933367661254e-01	-8.073075594123942100e-02	4.417000048888768959e-01	2.282287296918994457e-02
1.221256008161033746e+00	4.822082304619754178e-02	1.134410161436072428e+00	-5.381342676777617351e-03	1.055281063375515416e+00	4.818438459298436394e-01	9.557706372568043340e-01	-7.549569444055437284e-02
4.669558939887910043e-01	4.820407934496456770e-01	-8.203374795205243819e-01	-1.058200601977086208e+00	-1.275287469692887310e+00	1.685780542096564583e+00	9.682757019943909471e-01	3.410289834590218838e-01
1.810466114835289630e+00	2.859967563401346613e-01	4.213026097461836095e-01	2.282380018515277609e-01	-8.968677242530458116e-02	-6.253279789809550460e-01	4.054593338387824653e-01	3.064065353637753786e-01
1.470416010114226513e+00	-5.752170987398178559e-01	3.558251488329668422e-01	2.330869568274212433e+00	7.509866026962107588e-01	-2.120756320200456110e-02	5.748377733102775222e-01	1.189720494636987425e-01
5.074011413696717376e-01	-1.345239057230338320e+00	-5.949395260232263061e-01	5.642894391171124902e-01	1.165472956641217195e+00	-4.582637485638745845e-01	-9.082813114740025950e-01	7.249639003728074460e-01
2.499137202904789801e-01	7.009766482986630187e-01	-5.335983355169268139e-01	-1.435845457882780341e-01	3.850918734421704959e-01	-2.535264323963367858e-02	-5.812927406755769022e-01	1.600116793524471115e+00
8.605256666406826405e-01	-4.422433014641300453e-01	-2.283774647157466586e-01	-9.725425532869266254e-01	5.447272353703023207e-01	-4.379755231923608827e-01	-6.588795412806646157e-01	-2.831202936528214725e-02
1.885232713792061254e+00	3.854730307427840508e-01	6.954254609362360284e-01	3.781918914543372923e-01	9.832098304563968716e-04	-5.822686418201162839e-01	6.471590001342255594e-01	4.075608380118947438e-01
1.739157378123182829e-01	7.786147633190650952e-01	-7.636881895106925056e-01	2.815808539751395445e-01	-4.930297393759234814e-01	2.697808711553507877e+00	7.203633433350286053e-01	-5.626495005492035961e-01
1.084861099306215326e+00	5.259279763702318089e-01	8.268922386954601356e-01	-1.282781579411189921e-01	1.193030313518220531e+00	9.594916822535518031e-02	4.253135119619960158e-01	4.110092358230797993e-01
1.130342070525350184e+00	-9.262219842630780020e-01	2.820739435818779284e-01	-1.063647206970415704e+00	-2.552174743287936517e-02	5.398663865571196041e-01	1.846247056576044709e-03	-2.155943063745133781e+00
1.597839247368280091e+00	-8.465316647133251937e-01	4.961211427895950710e-02	2.782993382012473926e+00	4.238860132628919364e-01	-1.419748885640934044e-01	4.603618648796421464e-01	-1.063445077919647833e-02
5.416282832322806273e-01	-1.575551404435210134e+00	-6.628094100568214797e-01	1.059730422141345274e+00	1.138401001471819107e+00	-4.322929949365968416e-01	-8.692918417242085916e-01	6.218231718670522712e-01
1.762551615533054505e+00	-4.240794374393980770e-01	3.222141603221866935e-01	2.203310431303296735e+00	2.894629289041075193e-01	-2.474121793834731242e-01	6.064449845000936534e-01	1.147924390698454589e-01
7.114601000543756548e-01	4.888669975849528893e-01	3.183380828126715079e-01	-1.510533182501157423e+00	-6.326685416637567450e-01	1.833365911257816894e+00	1.048718700596266817e+00	-2.301425312854715965e+00
9.555888859527297274e-01	-2.929849084367539339e-02	-2.901259059361032538e-02	-7.975379201259672479e-01	5.166844672432880925e-01	-4.784384222967506817e-02	-4.463704930301771734e-01	-7.121703417709471795e-01
1.111795897608028438e+00	-1.509019311489961102e-01	-4.300433539316575460e-01	-3.274200015674578190e-01	-7.884569003378656682e-02	-3.502429097975959804e-01	-4.840265865695470016e-01	-2.466713982367383373e-01
-2.059876805984856563e-01	9.721505400128063190e-01	-2.381935536975557099e-01	-1.887319090534493649e+00	-4.119556969099741894e-01	1.851349668505697155e+00	1.331428591079729884e+00	5.781206191645664738e-01
3.536591881249475100e-01	4.799480754342201339e-01	-8.479354783568533449e-01	7.857203477754277632e-01	-9.613786751013960741e-01	3.006677050470372592e+00	1.085828029689651419e+00	-8.562734538526726169e-01
5.329684427978007011e-02	4.541571601161685789e-01	-5.881569685134593328e-01	-1.377036582591645519e+00	-1.042890137550121166e+00	2.014988805242442282e+00	1.393480515088270533e+00	4.059339126218445282e-01
4.158298725865841039e-01	6.399661091105814936e-01	-8.750888916269021767e-01	7.624341681081203692e-01	-9.370480610209882544e-01	2.876926457259155523e+00	9.405862403489625434e-01	-8.281608795926087563e-01
-6.052665044880218420e-02	5.068115215338147017e-01	-5.783462726425276923e-01	4.927219921491065580e-01	-1.655546471949065623e-01	2.975098149108093448e+00	8.074926552105577970e-01	-9.095177596333043901e-01
1.157735355421539936e+00	-1.282090189819496295e+00	-8.335633134542097533e-01	2.208473198823229122e+00	1.438985504040356522e-01	-1.572369179276958129e-01	-4.666873924255874329e-01	-5.971465558157521558e-01
1.783936457681833954e+00	2.802630400301103775e-01	4.438519530130111690e-01	1.993295636337850674e-01	-4.461983926922765548e-02	-6.039756995752307844e-01	4.026902582450518908e-01	3.080858909074469243e-01
1.932749908694393559e+00	3.072403639824959898e-01	7.634690074732777276e-01	3.934811203573085336e-01	-6.358375868211733895e-02	-5.719538996648542151e-01	7.695566623480352142e-01	3.470533016190441300e-01
2.266734549249714847e-01	-1.358215647656816571e+00	-6.712207030681396347e-01	6.757682753083085192e-01	1.054511302851010246e+00	-5.547488872411788785e-01	-8.602646627309771254e-01	1.816035546444966453e+00
1.937503993675369962e+00	3.359771155311094271e-01	6.255376537242413049e-01	4.207841480615041596e-01	-1.010870007334667836e-01	-6.545769883189146432e-01	6.255331661873275717e-01	4.085257623400913030e-01
1.392512755502953059e+00	-5.783959672716976197e-01	-4.161831022653782880e-02	2.810132724982703945e+00	4.415223068484577240e-01	-8.554906424835807821e-02	4.033949185965757245e-01	6.164395184723800991e-01
8.177148881539986203e-01	-4.171835434825999500e-01	5.004388933470584888e-01	1.748956222461633292e+00	1.649789206943160558e+00	5.285310342399851535e-01	3.394027777437113036e-01	4.995833779114283724e-02
7.200549565093670168e-01	-5.532343936749207769e-01	1.347520785246599517e-01	-9.128725684378973249e-01	-7.403714063962631153e-02	1.211564457746564072e+00	3.631679554462176052e-01	-1.894282417932343199e+00
1.485375434526350902e-01	1.835719338121470090e-01	-5.071521714502291722e-01	-1.411721411246952274e+00	-9.006946655785849076e-01	1.747358699715416241e+00	1.167270632198484481e+00	9.056787781014194461e-02
8.311705996329147306e-01	-5.442617793232745749e-01	-1.908518061081118100e-01	-1.523524562719207887e-01	8.394696826895063912e-01	4.561894721830397903e-02	-6.248488967576693032e-01	-9.744052568071711606e-01
1.914192697023793022e+00	2.061573650238202327e-01	3.174861676868210303e-01	3.047361714001144417e-01	-2.581766299195075165e-01	-7.312703404254838890e-01	3.664058869479480673e-01	2.849459778642341456e-01
1.525914033469872200e+00	-6.459554370872739870e-01	1.380149822330372922e-01	2.180242638556730839e+00	5.723806412502749907e-01	-1.471356211981718343e-01	3.290243852822751225e-01	-9.571504427369317836e-02
5.294983368049424599e-02	-1.096756470297143071e+00	-7.888693478789079450e-01	1.222263348533660032e+00	1.057955496823369312e+00	-2.300765570709973895e-01	-7.801815984675789517e-01	1.919903435677145609e+00
8.008697406262041962e-01	-1.996405775608331712e-01	4.571537907165970083e-01	9.590183739596310764e-01	1.489966711221089923e+00	3.798613709036108288e-01	2.137323929667181988e-01	8.572107581864626957e-02
1.346029168083237693e+00	-8.904782735232675828e-01	7.407874005104966852e-03	1.373807359456503674e-01	2.600462911459011650e-02	1.222043170087554892e-01	6.137443112463886186e-02	-1.215050932303110232e+00
1.462602066438732695e+00	-5.748628551749547233e-01	8.024477962303824818e-02	2.416313832350330149e+00	5.469668046445741449e-01	-1.012429342853460312e-01	3.648337026069468081e-01	1.918426142138463519e-01
9.420793059427750027e-01	-1.462097865225419513e+00	7.217085748011836666e-02	1.292119230764612769e+00	1.538740755874404176e+00	-1.198966173923199652e-01	-2.372253359373825699e-01	-1.555306051712069745e-02
8.302367545536884497e-02	-1.401871962357017720e+00	-7.161197115085290443e-01	1.051043551528781039e+00	1.058868902746001872e+00	-4.857614910554780008e-01	-8.069101674965905024e-01	2.183616472088572902e+00
-9.442724328290792724e-02	9.636267671105445132e-01	-5.833188876824862978e-01	7.794896828077452211e-01	-1.139795685357307964e-01	3.095003814972943967e+00	7.584949837593248922e-01	-8.636719006055348924e-01
2.645648582652386782e-01	-1.336202266532855454e+00	-6.657044197229188276e-01	4.931530356625369316e-01	1.055454810033578550e+00	-5.885056980744464150e-01	-8.882761424913355741e-01	1.715331923896058042e+00
1.640547851457409223e+00	-8.928766158343867110e-01	1.716383719884266301e-01	2.121224337293824203e+00	5.097426662504757067e-01	-3.558340633477575232e-01	3.227950814321841611e-01	1.230213412306020437e-01
1.460884403157890032e+00	-8.623191205101680135e-01	1.048174726625411279e-01	2.765523495772321816e+00	6.615579867304602901e-01	-6.488625725643921288e-03	4.531290529930812605e-01	-4.574061547974479086e-02
4.141464230236676647e-01	-1.963561907954855801e-01	-3.946485747325054194e-01	-9.602815593169161668e-01	4.962026966100714365e-01	-8.860803097539410311e-01	-8.069091769323936125e-01	2.251263995276845620e+00
1.740331448292026462e+00	-6.943373049250964879e-01	3.843928988402769420e-01	2.889530620454562104e+00	4.007401617505536029e-01	-1.441779919152642031e-01	8.215862989769577851e-01	1.997291053572075037e-01
1.703703574201754778e-01	7.245981636485386845e-01	-5.823631793659818090e-01	-1.543368336191179302e-01	3.923346021545131568e-01	1.710540778911370796e-02	-6.118272762723957481e-01	1.642440437173851242e+00
1.498158252150268988e+00	-7.563366621298659442e-01	1.544649538607374417e-01	2.608223334166768215e+00	6.296621648858465869e-01	-3.444171751809942811e-02	4.713986576389795902e-01	-4.142543705435079542e-03
1.918442207127205035e-02	-1.163850112156041394e+00	-7.680117733396643054e-01	1.238530672847311109e+00	1.129235584474593157e+00	-2.385980432180178357e-01	-7.739831826768932554e-01	1.968500623441391983e+00
1.318848607438128651e-01	-1.081840773970826897e+00	-7.390248148049511911e-01	9.234452550810577920e-01	1.065814182398720167e+00	-2.828960206024768720e-01	-8.040337259480027088e-01	1.736148074015319898e+00
-1.276037419707375976e-02	-1.067038195157546276e+00	-8.594764329024702221e-01	1.928055995041421777e+00	1.087908532607045231e+00	3.712040050407119929e-02	-6.946960523871643645e-01	1.836454402435016453e+00
1.703874015077569304e+00	-5.291094424192374079e-01	3.015590549415943511e-01	2.250555006353529119e+00	3.689387847305714008e-01	-2.531776830384758759e-01	5.844176789692433482e-01	1.465309622489910923e-01
4.896871461816767468e-01	-3.373449689628475467e-01	-3.562207950686483993e-01	-1.098433944766785686e+00	5.577082382202239730e-01	-9.775721466449818209e-01	-8.593964442369803614e-01	2.050694129140173239e+00
2.811381871148482814e-01	-1.296128200669922848e+00	-6.779120545522744345e-01	7.590954663980062911e-01	1.166946370103251418e+00	-3.720949205857609354e-01	-8.623701451451178945e-01	1.230756324247315403e+00
-1.590647683389073974e-01	5.183544042707086685e-01	-1.706753807630710940e-01	-1.546561381923275968e+00	5.526615938545045847e-02	1.735717013269263642e+00	9.594587833883210237e-01	1.633712429619220696e-01
1.080843537405738575e+00	4.643020330566181020e-01	7.064106706580188799e-01	-1.770415438582043921e-01	1.101076410314890008e+00	8.671532289906612456e-02	3.176377514627620191e-01	3.074225072058279218e-01
4.720660119173714087e-01	-3.202597409925366789e-01	-3.523452939731960276e-01	-1.128692796312960933e+00	5.499629894803601537e-01	-9.899053751301154502e-01	-8.559063993599385078e-01	2.097412136372993174e+00
2.283766693492003952e-01	-1.086193928417504395e+00	-6.792908394025167773e-01	5.247720148104089155e-01	9.706427190569547614e-01	-4.987485888078219687e-01	-8.531331942512123678e-01	1.831166428187281259e+00
9.558638682045828006e-01	-1.866656444634751943e-01	1.634505472807087911e-02	-7.753955816537633217e-01	5.761909454339985137e-01	-8.921443170757779872e-02	-3.707795518757956987e-01	-4.746455591252448647e-01
7.248780987783616236e-01	-1.820260104109638205e-02	-3.005834499887322098e-01	-5.532089590034365845e-01	5.145914021314739184e-01	-1.023839539003735741e-02	-5.200786164813205881e-01	-2.312621754530702345e-01
4.888479892638145641e-01	-8.802598114762159864e-02	-3.653550788077927214e-01	-9.301235790194034569e-01	5.489931966602957791e-01	-7.729636561411084017e-01	-8.230651563558656347e-01	1.836614243258304136e+00
1.349470584903302572e-01	-1.125046676853131311e+00	-7.263637641943866408e-01	1.092905451596986932e+00	1.250249456117494606e+00	-1.559901591437334034e-01	-8.028738419738572496e-01	1.368252857240401354e+00
1.674341151511712145e+00	-3.054693799022271117e-01	4.511505427619643127e-01	1.788927791334997464e+00	4.287058689912943699e-01	-2.501626490558312987e-01	6.153297112232429811e-01	2.019221731603365599e-01
6.069198107324723646e-01	-5.270725508305353912e-01	-2.814487175022410970e-01	-1.319501008231332762e+00	6.261906179928756755e-01	-1.124380969536732611e+00	-9.302317796435962682e-01	1.741860910074067847e+00
1.547802580750609613e-01	2.243369831749718879e-01	-5.169850389720364037e-01	-1.522879658259023827e+00	-1.208031438864355378e+00	1.843124260426204364e+00	1.468152587951577104e+00	2.526900130506465336e-01
8.212438430137850576e-01	-1.506507303564270372e-01	9.321035613149064591e-02	-1.099073507611459055e+00	-2.968081585819463686e-01	1.342768801049053051e+00	4.179212348801264465e-01	-2.037776251595176280e+00
1.594393562687714538e-01	-1.140693315390063134e+00	-7.406032349405732296e-01	9.105793972541003090e-01	1.041267191898143096e+00	-3.573983229835432929e-01	-8.247360971304901200e-01	1.784634944643780585e+00
2.909941911199534492e-01	-1.382598064248333092e+00	-6.492541030364861188e-01	5.322448583420650303e-01	1.148941325184986262e+00	-5.299816781979233005e-01	-8.920935538819171340e-01	1.439128604895270724e+00
1.741922997003470641e+00	3.146263105962997519e-01	4.973934220634910197e-01	1.580209947310693974e-01	3.980629252166610621e-02	-5.516120956780820039e-01	4.243453613156459303e-01	3.338825799900142499e-01
9.734841896339315737e-01	-8.618740505464302926e-01	-1.373652962060632476e-01	-1.419425254739691278e+00	6.520853924490350728e-01	-8.758202977477456130e-01	-7.762722964959061223e-01	2.111229690937390102e-01
1.475305180532690219e+00	-1.903821040221237437e-01	-4.791558357689173486e-01	-7.705549983381618229e-02	-4.659670894731124946e-01	-6.172003362189151243e-01	-3.726330345347459438e-01	-2.129369407390462043e-01
1.993809796755093178e+00	4.644243043803070181e-01	9.860831244498727832e-01	6.138629648782075732e-01	2.806141110980708842e-02	-5.833014002727447966e-01	9.655697211308115202e-01	5.974898820120935206e-01
1.633523370817645537e+00	-6.977470278998066933e-01	1.832187101983838162e-01	2.667135473260758172e+00	4.514295719449141764e-01	-9.902447873130117151e-02	5.516294723090074958e-01	1.401147906714633740e-02
1.219573415240493147e-01	-1.024927164209387342e+00	-7.565383245536185797e-01	9.810261309880387026e-01	1.036854803759245769e+00	-2.714633125861472540e-01	-8.070124618463908606e-01	1.772481315191088536e+00
1.956209689104564386e+00	4.079172917731983539e-01	7.053450613547569414e-01	4.166492199052462264e-01	-8.641302605564255002e-02	-6.210059897091563252e-01	6.969060303228034048e-01	4.491145278099088478e-01
9.964617968382032398e-01	-6.223213469884578686e-01	1.538367851337688053e-01	-9.180456231872379247e-01	2.496674627356423315e-01	4.963052298254018169e-01	-1.387908151891220632e-01	-1.683219875929018672e+00
-1.282112650506530005e-01	-2.147519854303616693e-01	-9.052995156952290401e-01	1.904081942531275606e+00	8.892568705389156669e-01	5.218321141657095152e-01	-5.878370178352400055e-01	1.707928025937909489e+00
1.514833816474100647e+00	-6.477364433394213750e-01	2.481134186718446100e-01	2.479743273504070089e+00	6.127443852704318461e-01	-5.711657496960375474e-02	5.562838509730514414e-01	1.051956391289104453e-01
1.588953620359802255e+00	-6.835947029751311410e-01	1.099676554376529669e-01	2.368335817788120412e+00	4.539071812963313413e-01	-1.831886766324103688e-01	3.964296144256469479e-01	-3.300966071754055098e-02
1.671510893757243155e+00	-3.561602077678845957e-01	5.218477490639890082e-01	2.083473259230615326e+00	5.072993980778074397e-01	-1.872293658057194998e-01	7.349165667213464204e-01	2.779791256885748574e-01
1.396552633852331970e+00	-7.131066536550113577e-01	8.221134691595194388e-02	2.289853712882099934e+00	2.429655847906683763e-01	-5.943391775477003813e-01	3.849623053194473066e-01	1.752230258951544828e+00
2.955581200320736013e-01	-1.332279331857305849e+00	-6.488903068249314288e-01	4.481788153242046713e-01	1.068209535878558381e+00	-5.945404945518709683e-01	-9.036046335561701559e-01	1.596417160618780029e+00
4.770486281001653506e-01	9.289372024385809112e-01	-6.592238573189865836e-01	-1.309523748825900391e+00	-1.025784064204150914e+00	1.572228865956674770e+00	7.089046438021261443e-01	-1.461234592905562846e-01
1.666431828134659066e+00	-2.843683071071603785e-01	-4.497459784810274308e-01	2.101065480383427359e-02	-6.781863045374217913e-01	-7.515718453543897004e-01	-2.387727297009293592e-01	-2.021376160474702699e-01
1.654567504990196003e+00	-4.381986058641276771e-01	4.117662486640248920e-01	2.091342623073084273e+00	4.900325418500476315e-01	-2.119924364431337305e-01	6.088367994352547052e-01	1.372396001281130096e-01
2.097817936307110054e-01	8.685073867838649653e-01	-2.522278190416673560e-01	-2.252922425091785641e+00	-9.772290870530545570e-01	1.289265920466091897e+00	1.171419402384292319e+00	1.218250713141080799e-01
4.134598492596911479e-01	5.735573086739420567e-01	-8.476621940785812326e-01	2.958544271602701059e-01	-8.000712462079895282e-01	2.564295358635157562e+00	7.454165981903090321e-01	-6.942667446782484486e-01
1.024107844994494476e+00	9.408398775348052467e-01	9.951888231817168640e-02	-1.434459600574137905e+00	-9.067697574181287079e-01	1.459753419862446888e+00	6.388539268663593340e-01	-2.357540026756492324e+00
8.893052117681553570e-01	-9.099995702095811101e-01	2.929906861602073476e-01	1.174544723506614208e+00	1.564045905444454210e+00	1.064417341757342289e-01	-3.885432175959820794e-02	-1.735742623856906947e-02
-1.566265974318537257e-01	8.379487962575947746e-01	-3.082439547926503209e-01	-1.716225144651846168e+00	-4.272839730034892480e-01	1.899296296523613981e+00	1.252439820764148726e+00	4.568334296522584270e-01
3.483968938688305483e-01	-2.102953670697874644e-01	-4.048708873414478271e-01	-9.522329450051730815e-01	4.859493706403612556e-01	-9.189796534887989532e-01	-7.958338958347938030e-01	2.514137204365405776e+00
6.814733254199581980e-01	-2.851094301592585478e-01	-3.438645253451244610e-01	-1.047938880829178521e+00	5.189296213205790709e-01	-7.826479860229016428e-01	-8.487197968325058683e-01	1.226754486777295483e+00
9.076013995325227235e-01	-5.573294855106767365e-01	-7.122127380172345312e-02	-8.454371894044730995e-01	2.692778767506241455e-01	2.726916342931898218e-01	-3.163320112181919330e-01	-1.246399364620510264e+00
3.711901750085250251e-01	1.053696376775653976e+00	-8.552819655671232146e-01	4.882264839258481648e-01	-7.742504342754676916e-01	2.687912983697681835e+00	7.441316518818386072e-01	-5.893259387180992404e-01
1.571195446780997429e+00	-6.196068320991289236e-01	2.671928826394072143e-01	2.318317537829408970e+00	5.637468527411646502e-01	-1.428244700484243568e-01	5.066740779938021522e-01	1.154829178009175727e-02
1.534816641620101230e+00	-5.483180290516541655e-01	4.392428158637324831e-01	2.273927062012718103e+00	6.834042365470470726e-01	-9.380549894429311697e-02	6.568147058560255269e-01	1.744496338077222153e-01
7.126010826041656587e-01	-2.714186937027478555e-02	-3.536741609229474559e-01	-5.715324902430604093e-01	4.562117054458791898e-01	7.064071841193231283e-03	-5.735022489700432047e-01	-3.186586762025402364e-01
1.285634778469106343e-01	-1.106363459564111196e+00	-7.538776381733602872e-01	9.348330528248511850e-01	1.023282253758996507e+00	-3.472202759321086352e-01	-8.186770144366654067e-01	1.874606693324110340e+00
1.526656420459128416e+00	-5.226038021643388820e-01	5.206334992112993110e-01	2.419048191383009527e+00	7.623778240926369909e-01	-3.262346877307385328e-03	7.576852202895002497e-01	2.333697069396311885e-01
1.153780501654466883e+00	-7.127723420271244725e-01	-5.917937477452728245e-01	7.993544500958764676e-01	1.224354965548726248e-01	-2.816657265330843596e-01	-5.408413757037815461e-01	-5.274312217852581419e-01
7.732951774271324963e-01	1.025643127968512314e+00	1.743358347200416048e-01	-1.643753912710785192e+00	-8.295871902373903595e-01	1.863089444347615808e+00	9.914515909179559827e-01	-2.192189224355966637e+00
1.981567047576886953e+00	-7.736630533507979912e-01	7.886011085967581380e-01	-2.522606876603497583e-01	-2.632234154852967078e-01	-4.855280478439290559e-01	7.854362919347217531e-01	-4.507731046100188488e-01
1.982338513111038258e+00	3.908162747428713946e-01	7.371025899545562421e-01	5.066814503224998933e-01	-9.232940640743693417e-02	-6.351770742454683205e-01	7.475532445265292703e-01	4.759999886137965541e-01
1.787733125358951680e+00	-9.263955858651725661e-01	3.251053672526985072e-01	6.158072544933472781e-01	3.171962161754112719e-01	-7.444551281159041967e-01	8.011279589891703856e-02	-3.216024978064070325e-03
1.625391911947039691e+00	-5.543004495692389622e-01	2.136788839683751440e-01	2.287336270809094962e+00	4.401344841926572160e-01	-2.028999252120724239e-01	4.689356630289363559e-01	1.083625252187303267e-01
1.181230868248665411e+00	-3.466591629912600392e-01	1.198335130630122869e+00	-2.632517975767594276e-01	8.051588907123783390e-01	9.465740831955887780e-01	1.172465740443322524e+00	-9.359171991823488357e-01
2.676619682592080163e-01	-9.440890720674450787e-01	-7.015704884219257087e-01	6.767074780305489812e-01	9.964894033894043934e-01	-3.294084874860434553e-01	-8.503766262654222086e-01	1.469840693353188454e+00
1.577485025739394642e+00	-4.138062055077631474e-01	4.123321921444988436e-01	2.004818641542091662e+00	5.959217559746167181e-01	-1.488037588069230088e-01	5.807843394939113946e-01	1.637034530404394006e-01
1.815908646409043481e+00	3.346629302811693352e-01	5.550518785665742305e-01	2.623990507249809867e-01	-1.454888566681503126e-02	-5.985945216123990109e-01	5.148329817152310639e-01	3.837492336528750547e-01
9.996502678857419055e-02	-2.411626470139994760e-01	-7.921223962001622265e-01	1.287432049403834933e+00	8.877391442825136592e-01	3.505161070493859610e-01	-7.007576296694740803e-01	9.057135710337920198e-01
3.444461868676926830e-01	2.133110437587062980e-02	-4.063199537453837107e-01	-7.992788413930803637e-01	6.161419455342739271e-01	-6.218796158234589644e-01	-7.429031384729578580e-01	2.047686038306781420e+00
8.651651087078090496e-01	-2.238150466773055070e-01	6.779389737606441591e-01	1.348609627458074112e+00	1.599215028112549231e+00	4.411478476251172731e-01	4.569272240999006640e-01	2.111063384690346767e-01
6.029337176766166317e-01	-5.685783761436321582e-01	-4.495705412908407861e-01	2.284068382199099800e-01	7.403171420275564962e-01	2.796056456952282776e-01	-5.644280259024386792e-01	-6.034550404051529648e-01
1.798210542378391397e+00	4.274113823454679384e-01	8.377471726210369285e-01	2.916692532869057386e-01	1.800824832032444922e-01	-4.802198806283197730e-01	7.415978820298927410e-01	4.639403815825822730e-01
7.594922477597141341e-01	-8.584666694758167141e-03	-3.664614993386384745e-01	-5.948807145932620832e-01	3.812900371608407002e-01	-3.206613556074774940e-02	-5.705360626927249434e-01	-2.885454986841817782e-01
4.252064295766833091e-01	-1.153843329184090383e+00	-6.197395043333263631e-01	3.946608009255496152e-01	1.050846134971833656e+00	-4.685911352676569441e-01	-8.937485628058022824e-01	1.085116376360745649e+00
1.016789454327068576e+00	-5.463953659863337586e-01	2.394852033142463865e-02	-9.723414706795773244e-01	2.489172293935076330e-01	2.072124542055513441e-01	-3.273185385567293770e-01	-1.455564662415691268e+00
1.547241726682786755e-01	1.889387415962544281e-01	-7.843721480934452428e-01	2.965416299067673012e-01	-7.537623413744001244e-01	2.873775172889177831e+00	1.158775395387142026e+00	-3.827394319824292124e-01
5.888855066645097835e-01	-2.593090822727544542e-01	-3.427074079604119916e-01	-1.025705352102814549e+00	5.978274238975154198e-01	-8.267419563952181916e-01	-8.516444414357576820e-01	1.527244176467982717e+00
5.700267206267306541e-02	-1.087150203867471632e+00	-7.857855453784814426e-01	1.191696951770348623e+00	1.038412201214094832e+00	-2.554490439379606403e-01	-7.915355996785722326e-01	1.953751877467400533e+00
5.062066057325069757e-01	-3.400216210506877834e-01	-3.525244285242837283e-01	-1.122359704532894353e+00	5.715237423676549078e-01	-9.868926888794983254e-01	-8.873426749764511401e-01	1.987763377927539210e+00
3.297630845560597934e-01	-7.237557875370921601e-02	-4.329628224392232383e-01	-8.126846031305438034e-01	4.636067035407683834e-01	-7.814177917618324587e-01	-7.561984475574548004e-01	2.447586573589320302e+00
-9.435417143187638245e-02	9.334545906681006588e-01	-5.667099479618582514e-01	3.012506077908027602e-01	-2.080976757208830019e-01	3.004496137321696292e+00	9.414418690306609605e-01	-4.532609989665611905e-01
1.662477453307815711e+00	-6.580391160852796517e-01	2.640329451334056388e-01	2.509299616748507322e+00	4.422144632232716255e-01	-1.840667838589964134e-01	5.916780003575713431e-01	1.188407519848808658e-01
9.167868840453767820e-01	-8.489067175135221743e-02	-1.755726079397154915e-01	-7.817107078578785506e-01	3.552582802758998959e-01	1.459569191252785281e-04	-5.113033452998581030e-01	-7.749519098462378519e-01
2.969512196486751576e-01	-1.342354853419631011e+00	-7.432212130846300724e-01	1.038894747832210363e+00	1.072535620077244012e+00	-3.457168447579297421e-01	-8.458654040432808108e-01	1.330393155413185591e+00
-1.558161195816991362e-01	7.433613493051460797e-01	-1.054883994249856544e-01	-1.934650894077198924e+00	-8.495568799018871076e-02	1.501616701128154929e+00	9.948591063639203869e-01	2.955265013867688362e-01
9.569083957659045847e-01	-1.068819846280197217e+00	-7.791222797211895257e-01	1.797968744309301536e+00	4.535382465230060056e-01	-1.450695227826955501e-02	-5.846116329930522992e-01	-5.743009774785420296e-01
1.015050281286896894e+00	-1.744972419182789780e+00	-5.120896129772354310e-01	7.399619741866789724e-01	8.461870116292498079e-01	-5.561735524463032876e-01	-7.755338369915794061e-01	-2.549604748348799355e-01
1.709899658498423847e-01	7.469048887417383265e-01	-5.911585853195610030e-01	-1.386850589177271720e-01	3.671588954050130638e-01	1.641984430181366028e-02	-6.117988280727164607e-01	1.676287858739805570e+00
4.374305840148799973e-01	1.209730946791869544e+00	-3.475970667570728589e-01	-9.647401188169533182e-01	-7.322310071359549033e-01	2.185734479576245004e+00	7.491324477779305324e-01	-1.461796317104890441e+00
-1.553013855204411070e-02	-4.075743046182154217e-01	-8.720666230841951361e-01	1.887895877583814164e+00	1.011620597534953259e+00	4.881591582331950008e-01	-6.596275127937570870e-01	1.089546840170495301e+00
1.556941614591978995e-01	8.024770212362984934e-01	-3.060034830832807362e-01	-1.666546139796791115e+00	-3.678751437733659979e-01	1.522558736592994899e+00	7.333993890532103377e-01	-1.621943088218299467e-01
1.944693186130752149e+00	4.577614170918937742e-01	8.398681743934343080e-01	4.407827571312302184e-01	-7.675967562514150397e-03	-5.908762427892567670e-01	7.985073171040133477e-01	4.828100067987165511e-01
1.795074924923463655e+00	4.133397590319243253e-01	7.472624372696344830e-01	2.541125187581141365e-01	1.498081659685221168e-01	-5.119018918746895963e-01	6.404889632312695813e-01	4.243324073752707815e-01
1.446025179166885166e-01	7.631000611519309640e-01	-6.053247181634423546e-01	-1.123019994439327512e-01	3.402437505803116435e-01	2.336769586822141920e-02	-5.898652050086875542e-01	1.808784649559606716e+00
1.678683256753010777e+00	-2.005977098915958934e-01	3.920209780907082386e-01	-2.840234427588376742e-01	-1.442059368269080488e-01	-2.606396007050131303e-01	3.192771394793871287e-01	-7.017562279295775918e-01
1.873624627713541768e+00	2.583423286854942269e-01	3.958859515956905106e-01	2.904542266065572864e-01	-1.587451536043099076e-01	-6.861804071974317853e-01	3.958293781712571846e-01	3.147427061093319711e-01
4.335887495842156714e-01	3.961209624822206177e-01	-8.360973555296589144e-01	8.278509832144418379e-01	-8.516402330999827130e-01	2.831321261160232972e+00	8.614133588698001942e-01	-1.066196033407475818e+00
2.935638737611194760e-01	6.482209711504403060e-01	-6.876948706772236797e-01	-1.380312631491129816e+00	-1.245562496106331851e+00	1.706508921346850283e+00	1.164631077006072601e+00	5.043139188394952788e-01
1.532241211710059670e+00	-8.197107459265275953e-01	6.047199969160652055e-02	2.585420314165823630e+00	4.897299131628478630e-01	-9.010348799158869604e-02	4.310745783100765616e-01	-4.961750257109449197e-02
5.287431662595873383e-02	-9.755007183375237201e-01	-7.545994694833757510e-01	9.590576536392748652e-01	9.912981202969520789e-01	-2.949021585350643515e-01	-7.781368377563464556e-01	1.993327286155383238e+00
8.556372722555160015e-01	5.834914870232928985e-01	1.840605325533280490e-01	-1.225635102711389424e+00	-9.179407739141772771e-01	1.998443674559390759e+00	1.158244199171943434e+00	-2.273042699051663451e+00
9.461752745606195891e-02	4.583651878185064366e-01	-7.131928350833963703e-01	8.892494250497230412e-01	-5.887377646755748151e-01	3.202469877796690234e+00	1.074361914323546774e+00	-9.420364334097978132e-01
1.500636351266595447e+00	-5.203754514796505859e-01	3.838110278518209184e-01	2.199425900724574223e+00	7.022840261554380570e-01	-5.337578613478853595e-02	5.811958508504614374e-01	9.864534696561333416e-02
8.388878720777057652e-01	-1.897413402085408540e+00	-3.545947771522950376e-01	-8.394555154008166709e-02	1.150091533569586488e+00	-6.718331353139115336e-01	-8.517486136075307357e-01	-1.332367673156756027e-01
2.166958076675195299e-01	5.143357052430380660e-01	-7.054043265492173642e-01	6.983596509239348160e-01	-4.260215619568117340e-01	2.814632263164563053e+00	6.785793245643492178e-01	-1.090940860491385944e+00
1.169416501861691549e+00	4.628350087507960842e-01	8.130828441350220759e-01	-2.394793500236661044e-01	1.098683224212961385e+00	2.517439806880461539e-02	3.452312483068309956e-01	1.728216786640899283e-01
1.826057339267884716e+00	-1.442482783589525086e+00	4.575007019845781508e-01	1.068302878213636342e+00	4.178344471718096198e-01	-1.036242057936836325e+00	1.676307307778541755e-01	6.285784798356909286e-01
1.559054830118913104e+00	-5.727451321661314321e-01	3.782556325699361066e-01	2.491997556713147155e+00	6.204041575902486949e-01	-4.217626640805188093e-02	6.905643075296522548e-01	2.023482648950229446e-01
1.836459483847742602e+00	3.682642985271800118e-01	6.521760498042894483e-01	3.065078486011463821e-01	2.287037183832926757e-02	-5.821867001423958188e-01	6.006556672776769412e-01	4.249240805308770463e-01
1.985014445842222530e+00	3.118945157822690106e-01	5.836975693623359662e-01	4.762929903163131140e-01	-1.786600041869454147e-01	-6.995519460648109700e-01	6.204816303156968083e-01	3.971847069661868512e-01
-6.693831060874759487e-02	1.032548123470587109e+00	-2.889164095811150856e-01	-1.921909166902576516e+00	-4.740613316090965257e-01	1.602244540922041383e+00	1.090083891525625237e+00	4.696335996706048066e-01
1.692740398546781488e+00	-5.344044296260392901e-01	4.037145336408187735e-01	2.421882305114134937e+00	4.491871705893051292e-01	-1.823227485799606695e-01	7.119107775065707244e-01	1.933401884935559145e-01
7.197919008234091587e-01	-5.525260935137286111e-01	-2.734804586275911276e-01	-1.289593671023129495e+00	6.641489118198331543e-01	-9.958686632427992125e-01	-9.057925892513305488e-01	1.231592166280595979e+00
1.604977817305521359e+00	-7.816643177776253504e-01	2.611106558395012711e-01	2.283017528753999770e+00	5.747640550794723691e-01	-2.303968471725231504e-01	4.720267767521693081e-01	1.733052118869374270e-01
-1.789022001876942099e-03	-5.291044426054596350e-01	-8.676750413113217819e-01	2.064655038350875493e+00	1.098145457937223846e+00	5.134526584172885988e-01	-6.691517227294598857e-01	8.876719791976988017e-01
9.461060752691178299e-01	-8.471230331566540483e-01	-1.361357315580818683e-01	-1.437127067476959841e+00	6.874907400264558266e-01	-8.820212408894966272e-01	-7.853856105636746188e-01	2.725289843103950171e-01
1.623785533219866128e-01	-1.087358218939060261e+00	-7.228154277739675670e-01	7.394052555919298220e-01	9.729375907812937152e-01	-4.445962688816287312e-01	-8.245074690315855603e-01	1.979929417334514108e+00
1.994747142532194095e+00	2.425697615476798685e-01	4.076025569919110580e-01	4.511914693767647422e-01	-2.937599937221487267e-01	-7.589168625510698263e-01	4.883999385022925188e-01	3.146819497672377342e-01
1.553491420942398671e+00	-6.069759605945671543e-01	3.591201166917803445e-01	2.383878583979600840e+00	6.512453000126818825e-01	-8.875553197993077403e-02	6.060125323188518820e-01	1.543213700160217250e-01
1.638683835367019226e+00	-7.033795833080727089e-01	2.363381563382055406e-02	2.481669597140454098e+00	2.955486433426806059e-01	-2.269464466363276811e-01	4.096919997316201822e-01	4.285300820669024624e-03
2.442705097137496117e-01	-1.302764521015217447e+00	-7.018087535364212481e-01	7.314961570419128423e-01	1.082507826346607693e+00	-4.678997350985441006e-01	-8.747154424732929145e-01	1.575460257904673700e+00
4.540961445754475578e-01	-2.578552637913960055e-01	-3.565657628626192621e-01	-1.061469703679022603e+00	5.919733752880987909e-01	-9.125942882249423738e-01	-8.426531815271870451e-01	2.063768995438889586e+00
1.638173786618810857e+00	-7.338506152016448514e-01	-8.213824800039412621e-02	2.136919554139295130e+00	1.929202583206691135e-01	-2.919335195134593608e-01	2.204707218767306687e-01	-1.752036677653634189e-01
3.658114733589318268e-01	-1.255708046567098890e+00	-7.001355468161966078e-01	1.031370933972710624e+00	1.159743933854559206e+00	-2.496933937616715171e-01	-8.556720975428800946e-01	8.938753521595563800e-01
4.609611210249014435e-01	-1.324219570162040449e-01	-3.698971918912977719e-01	-9.508119974841873212e-01	5.896572272159912309e-01	-7.745832816264681675e-01	-8.003081430900484960e-01	1.897388729920205019e+00
1.908888084560989684e+00	2.960051515153943047e-01	5.021020923880362696e-01	2.862837227600624201e-01	-1.378760969614967469e-01	-6.737874774792343979e-01	4.763952435276567754e-01	2.842147110232776108e-01
1.497942287750589463e+00	-2.038742384158261645e-01	-4.644688875218012103e-01	-6.793817980577605831e-02	-4.723971545265939209e-01	-6.438436598698420443e-01	-3.678189481633051261e-01	-2.331983936866721951e-01
-1.059106108080152819e-01	3.956111753177965484e-01	-2.889572996195428622e-01	-1.595869859630160814e+00	-5.888341326746562299e-01	1.970221132802031150e+00	1.443157404282453538e+00	3.361795649971514588e-01
4.361674470628866818e-01	-2.126806860156770229e-01	-3.923784760112137282e-01	-9.587906830578206696e-01	5.043819854793191171e-01	-8.856233560148170092e-01	-8.131358456088167985e-01	2.190158562244418405e+00
-5.524774403381210036e-02	3.650087736928665505e-01	-6.903373684455945680e-01	3.683687799907459093e-01	-4.475354589129135752e-01	3.063082796599398527e+00	1.109305159313581646e+00	-4.714883502601106002e-01
1.527151663744215737e+00	-2.045284198491208183e-01	-4.519038858033505579e-01	-7.671837926693378384e-02	-4.867910937990536646e-01	-6.944219775336427647e-01	-3.500209547342762462e-01	-1.602878155528297266e-01
1.209729157884289474e+00	-1.155623703327652185e+00	-7.997703260892364829e-01	1.999525890946977080e+00	9.863867829794148445e-02	-2.388420580726501041e-01	-4.890476754505683754e-01	-5.594587386091143255e-01
-1.719867086440195550e-02	5.095877044919356891e-01	-3.359883674662867414e-01	-1.660789526211086997e+00	-7.063766078399092985e-01	1.894480322157819474e+00	1.285764511321941139e+00	2.087988402742491090e-03
6.184033996534485933e-01	-4.175363382730769568e-01	-3.303134621075735078e-01	-1.194632538782754327e+00	5.645044423663104771e-01	-9.993432955099520454e-01	-8.987109324656744613e-01	1.675918579330538671e+00
2.538168671823196054e-01	-7.205275035767890746e-01	-6.336640308611251049e-01	2.229449828291230062e-01	8.452254213509281522e-01	-4.738407140538144491e-01	-8.130990267436123409e-01	1.902949240006735598e+00
1.692611160232701195e+00	-6.056750679889726374e-01	2.533471247082711986e-01	2.450121742116622148e+00	3.761814542405778061e-01	-2.123449774392092981e-01	5.845665048939376884e-01	1.025433292372469885e-01
1.132391186919558201e+00	-3.309283372837272252e-01	-4.782949500615722438e-01	-3.576291676421221588e-01	-5.726235252981871637e-01	-1.489070665973292407e+00	-5.836920017601013866e-01	2.517868739973345704e+00
9.559630860592197577e-01	-5.473264739896046560e-01	4.780807676455478550e-02	-9.173462219113357463e-01	5.810795512381952133e-01	-1.607267451508640477e-01	-3.272939469158875347e-01	-3.886212601724023386e-01
4.526284881124025272e-01	-1.760576889608665985e-01	-3.862552700332979594e-01	-9.599015730292597137e-01	5.630503675222821025e-01	-8.084473667448757173e-01	-8.091090168385465242e-01	2.000373618039783974e+00
4.501580893414091067e-01	-2.911525391211547964e-01	-3.836396678437558050e-01	-1.039580072824623613e+00	4.496846853700087188e-01	-9.912655638309788575e-01	-8.174200446162597222e-01	2.363675689194028706e+00
1.850053865634596895e-01	-1.099810059282708030e+00	-7.391363341082934912e-01	9.853178655449862378e-01	1.062950313005993408e+00	-2.863165415929503355e-01	-8.252242321351797028e-01	1.585403498133087563e+00
6.649856364001447417e-01	-5.770484210753287213e-01	-2.714631179514092607e-01	-1.329307303867699241e+00	6.629297737076582653e-01	-1.077544899760606745e+00	-9.216505246724224776e-01	1.474604098731709723e+00
1.578299625274493856e+00	-5.498073130165658240e-01	6.937436746528997666e-01	2.453615041573585565e+00	8.014774163352844649e-01	-3.140181696482938212e-02	9.196149899312487941e-01	4.204312514282860791e-01
5.222208780075620060e-01	2.674521058436289955e-01	-9.092448988121638598e-01	1.076829476432610733e+00	-1.224203979750783988e+00	3.001278943932640608e+00	1.177988906321973950e+00	-1.002349088815437161e+00
1.838122835706523128e+00	3.567589664898922486e-01	6.302372131003302069e-01	2.993595545699674343e-01	1.479315042355314191e-02	-5.822755943616705343e-01	5.750381756345426254e-01	3.984290560750944898e-01
8.696777200213694492e-01	-5.634662604644078421e-01	-1.054516136655572339e-01	-7.774094903173255355e-01	2.552360347896088233e-01	3.448312654303108959e-01	-2.999648684011484989e-01	-1.223105433649071649e+00
3.220287578725833377e-03	1.438368814942430907e-01	-3.753656853816871863e-01	-1.444874621329697462e+00	-6.230233258588036005e-01	1.818765798330023165e+00	1.222234549695781824e+00	1.294765125515770776e-01
3.178843995548150669e-01	-1.242026068855180965e+00	-7.037552882306034041e-01	8.693236334112491859e-01	1.147108145665044709e+00	-3.102216560494850395e-01	-8.793102530645977577e-01	1.086472712711511468e+00
1.265777158256089718e+00	-2.643588081011531976e-01	-1.450981057413620601e-01	-8.302345961174579791e-01	8.279639479639999688e-04	-4.481381962238732974e-01	-5.023947255696571412e-01	-7.075171342649161366e-01
2.013651097748097030e+00	3.701532289920121954e-01	5.857656297983551141e-01	4.564981392578541519e-01	-2.151738871599699066e-01	-6.681984054605417667e-01	6.356475674532200415e-01	3.761170528523747336e-01
4.846394409049582519e-01	-3.820373541928248629e-01	-3.310270826309281156e-01	-1.198137837539583250e+00	5.901153142037814936e-01	-1.035926640821144273e+00	-8.728235631480707468e-01	2.059911081188691817e+00
7.173372359681610133e-01	-2.148974565983157239e-02	-3.602241585716701722e-01	-5.605283039427517711e-01	4.493515423542060461e-01	-1.675844060260039611e-02	-5.604885735546636383e-01	-2.383585018576457049e-01
-1.200333400072427746e-02	-1.010224455249358666e+00	-7.788881869720905016e-01	1.136890320472404126e+00	9.624930028260015868e-01	-3.057890175024863266e-01	-7.530859097464031038e-01	2.345523032983529266e+00
2.028323998197912648e+00	3.383047782980356244e-01	5.828231553678898669e-01	5.286734184848129736e-01	-2.315210157081515618e-01	-7.035872888717197293e-01	6.506306673934895146e-01	4.099142064635608040e-01
1.519084185186578395e+00	-6.316723814598116382e-01	2.260828534867312944e-01	2.587834856076660195e+00	5.508616135396628977e-01	-8.258213780671591620e-02	6.009326273583301958e-01	2.369001316097263665e-01
1.290711639306716618e+00	-1.206632174808932145e+00	-8.273072771824254712e-01	2.201538335887218256e+00	-1.916106888584004006e-02	-3.008509138259569116e-01	-4.519056096411670498e-01	-5.535593237119815768e-01
1.891877055762828386e+00	4.401369892799645855e-01	8.588662251460515984e-01	4.473876835771997684e-01	8.850242948656722453e-02	-5.500796807043611958e-01	8.012232109258762280e-01	5.221638120050422494e-01
1.968148519196709079e-01	-8.018768403521269184e-01	-6.786572133026230746e-01	5.316304798699370560e-01	9.068338674009708278e-01	-4.032322265599859179e-01	-8.280458404883438428e-01	1.881700512988618623e+00
1.581343088058326130e+00	-5.714289288109978271e-01	3.300673048716952218e-01	2.353310042295162052e+00	5.811224860264518899e-01	-1.150565689964352933e-01	5.893952636043789939e-01	1.238049697453184328e-01
1.324026626982486299e+00	-9.219541045913268729e-01	8.273363932708291402e-02	2.907157021532776220e+00	8.071672469609340039e-01	1.171288906495665388e-01	4.665689580444087325e-01	-7.641926425254559271e-03
9.270477897883782070e-01	-3.190280503815988156e-01	-1.196295644808035297e-01	-8.984358849567969374e-01	3.873642145746992171e-01	-3.146501403529784052e-02	-4.948977726732444182e-01	-8.866004319971323433e-01
2.288098190701993440e-01	5.686736275427247689e-01	-8.564621675143678781e-01	3.541337253045889200e-01	-9.987364863301531059e-01	2.953451681488060476e+00	1.257025483981967229e+00	-2.790383793981883187e-01
4.004791302682652043e-01	7.274289507487777806e-01	-7.902253147668115707e-01	7.330094018443412685e-01	-8.740585578062551875e-01	2.925763769496074751e+00	9.507329471333476612e-01	-9.857446755834985419e-01
7.443830324210838345e-01	-5.469125722515427723e-01	2.434904420028900507e-01	1.581188414833019973e+00	1.583034528036153965e+00	4.633957123772952658e-01	8.118613960233062032e-02	-1.026938627735386189e-01
5.512471729442039448e-02	-6.682485015668637729e-01	-7.617448623601222879e-01	9.619917985692980622e-01	9.203976638744434391e-01	-1.558023995531703787e-01	-7.392658084510029814e-01	1.976048912556270354e+00
7.269838777174542077e-01	-3.247572811532790094e-01	-2.267420331439209125e-01	-4.696153942711114304e-01	5.046032636482388201e-01	2.425093846885096049e-01	-3.945918432218985528e-01	-6.539327638877053817e-01
6.510198234961401820e-01	-3.470951364412884210e-01	-3.294195906518455064e-01	-1.087620193540285607e+00	6.058401632921386337e-01	-8.143663882571728907e-01	-8.684211092680876876e-01	1.234649451617622296e+00
7.422290003097815614e-01	-6.198726476434992527e-01	-7.209655044211819679e-04	1.759229291117868188e+00	1.461356467282359795e+00	4.827089044363300774e-01	-5.415659270734472786e-02	-1.245812822103999629e-01
1.077175377552166968e-02	4.454401929926745662e-01	-4.890814570939236439e-01	-1.578083691689000423e+00	-1.023160872074676764e+00	1.924953893500619184e+00	1.461856550677162803e+00	4.032471399936162770e-01
2.402017639477831423e-01	8.507933454838749743e-01	-6.963014894556440737e-01	8.652861605786905663e-01	-3.834152844569099217e-01	2.818237618580093695e+00	5.695168347470664916e-01	-1.171468623096001860e+00
7.138066478339157861e-01	-1.589893422151108959e+00	-4.585981257839739089e-01	2.748482328413981990e-01	1.184253528846665127e+00	-5.444533603772976349e-01	-8.950006123714070450e-01	4.175487232959373962e-02
1.114157005411448687e+00	4.259467661971292340e-01	6.436227163330310308e-01	-1.970724630925578813e-01	1.013340849703248114e+00	3.819491693651205777e-02	2.746628672035394958e-01	2.898058149692477881e-01
8.083091649087034147e-01	-4.772217553801179069e-01	3.992674061700503541e-01	1.749375413676382607e+00	1.613533624817586443e+00	5.097966390723227548e-01	2.601972017220874900e-01	1.748346803110578662e-02
1.469314754032898573e+00	-1.110466760541659159e+00	-2.753558111947359763e-02	-7.278789875928138864e-01	-2.708576449957825760e-01	-3.050992009545051009e-01	-2.050505511643012924e-01	-1.341687168572577082e+00
1.214568469209523993e+00	-1.459285611202504107e+00	-8.601352324646631686e-01	2.414365652038525489e+00	1.604797873624463078e-01	-1.940606552228951176e-01	-4.960866548830684120e-01	-6.057629066971328413e-01
1.361042380396832119e+00	-3.906040707987218918e-01	9.471108079312454686e-01	-8.416685050891083986e-01	1.090967155880062656e+00	-4.456742376889539226e-01	2.213240770099474952e-01	2.765748370524089839e-01
9.572936043448244670e-01	-6.772526421813318542e-01	7.073552041117106559e-03	-8.990810484723873452e-01	2.174123879847273955e-01	3.544548879600429303e-01	-2.390088893048403218e-01	-1.468598131312902400e+00
1.625326111060342971e+00	-6.753669459113161855e-01	1.763879440944685073e-01	2.456988876132584654e+00	4.451902211240649221e-01	-1.777449737942029262e-01	4.874101503368850064e-01	1.555390577179899259e-02
9.216786097684219747e-01	-4.746701003119152551e-01	5.860124510271650378e-01	3.811015763404209666e-01	1.113380431047104935e+00	6.008118593818388975e-01	4.918244017985897165e-01	-4.075777137232588498e-01
3.286237492029663310e-01	6.783560650383047008e-03	-4.369874366573164304e-01	-7.310018527407785571e-01	4.510059746192041086e-01	-7.099183191350194599e-01	-7.255584206455507612e-01	2.418883410228955366e+00
1.753204905576488448e+00	2.634690122132653523e-01	4.475313071392967856e-01	9.555695859897761490e-02	-1.475189594837702373e-02	-5.920238271717918055e-01	3.620838198545157649e-01	2.566192443369502696e-01
5.196453251269942397e-01	-3.496089239268022203e-02	-3.779079196797057172e-01	-8.887796051040575129e-01	4.984254523957616367e-01	-7.054820766326167503e-01	-8.014266414827568852e-01	1.658044538986517047e+00
8.455322843892137952e-02	9.986424271781511042e-01	-2.668247136584043222e-01	-2.218683084523798588e+00	-8.566838850737122923e-01	1.347892173091425727e+00	1.205077322984254851e+00	4.409071054767526032e-01
1.594052839996779047e+00	-8.952223133084493689e-01	-9.824698019120073345e-02	2.418805480468771307e+00	3.480274496789210192e-01	-2.646540568699852214e-01	1.819907116764156729e-01	-1.639401798901748419e-01
2.971263321819895831e-01	-1.363424938539858911e+00	-6.875587056394336649e-01	7.964898479139661536e-01	1.140998069206254684e+00	-4.079761789555215179e-01	-8.707851367690511157e-01	1.243307551920574516e+00
1.614154819537701568e+00	-7.475000656979565727e-01	8.069217247610396826e-02	2.267074424225421492e+00	4.299915025986464912e-01	-2.521637421581403582e-01	3.251404470458232332e-01	-4.225718009594345986e-02
1.518442638645558285e+00	-5.286988620471854139e-01	5.631486132361330776e-01	2.456548107520993174e+00	7.897350583038373895e-01	1.955644492963785896e-02	8.154225665079518626e-01	3.154458868407798433e-01
8.549530460825611744e-01	-3.948465168427480187e-01	-1.501712540196902534e-01	-8.030593465664711550e-01	3.431840118451418564e-01	1.352050037741644450e-01	-4.143365619905533537e-01	-9.226720376163347614e-01
1.444258818285409030e+00	-6.297426946852351382e-01	4.002656906908121370e-01	2.551749474316178823e+00	8.178063607867284146e-01	6.079652312382418516e-02	6.703019321355243587e-01	1.778014179560472308e-01
9.201788568257911471e-01	-9.773746696021393676e-01	4.080458356793634223e-02	-8.439149304938448060e-01	7.345125962445672729e-02	5.995332884322390754e-01	-3.825759895851478520e-02	-1.660566888977304645e+00
5.373637815965573994e-01	7.203740641623969099e-01	-9.044592179410102517e-01	5.579235316200313877e-01	-9.067634764068874809e-01	2.562289078683723353e+00	6.835794743486056646e-01	-8.293898597421938135e-01
7.909812572023673383e-01	-4.731497168917469520e-01	4.170570980995333965e-01	1.708284145421852473e+00	1.643243512593751898e+00	4.959034107626012489e-01	2.555863132027458295e-01	2.996235226261592666e-02
1.813743225621191169e+00	4.457142498873990499e-01	8.568576671676702006e-01	3.358320136198567618e-01	1.925331768983900571e-01	-4.985112182849409934e-01	7.545196209029917389e-01	5.131217661121136864e-01
5.962047814191683281e-01	-1.043530668761132318e+00	-5.771918304146107515e-01	1.939403251373454928e-01	9.038369123781737624e-01	-4.992150674840328817e-01	-8.785069641145393238e-01	9.045141669375100779e-01
1.147995591234124285e-01	7.303692541673201255e-02	-6.568749116701383395e-01	6.912741147640496520e-01	-4.913639643095239484e-01	3.007460153824590421e+00	9.929097816956533595e-01	-1.030983319694107392e+00
5.951807251374588437e-02	-1.037580095663119595e+00	-8.095748600102850023e-01	1.399635314902769601e+00	1.057448364769550064e+00	-1.355103415889579999e-01	-7.700423376873360981e-01	1.785219120350718169e+00
7.439414589249101484e-01	-4.851599053647367987e-01	3.766664203531932542e-01	1.758390694057284653e+00	1.673133373685546044e+00	5.382915396926958307e-01	2.301376779819560570e-01	1.761881327884984305e-02
9.489005202976624753e-02	8.140372888533472517e-01	-6.261603529604580221e-01	-6.815040021408051707e-02	3.091531083924792256e-01	5.362131477725803202e-02	-5.630776837823193715e-01	1.991404255428613768e+00
3.518222807003749120e-01	-1.556183613634259055e+00	-6.754811262522488757e-01	8.664672736851526391e-01	1.199673275418755569e+00	-4.656786983062535246e-01	-8.948853477449288940e-01	1.121543118804914752e+00
1.607821723514429646e+00	-7.254368574486125265e-01	4.899100401445857789e-02	2.509115783651735487e+00	3.824155705271732320e-01	-1.799187898602812030e-01	4.060695851140703194e-01	-5.782793154299096551e-03
3.312990618218100147e-01	5.825769283000957754e-01	-5.229605063863769221e-01	-2.432565241722386973e-01	4.169083110953163418e-01	-7.103448107229025366e-02	-6.564542717267189964e-01	1.208274459933898815e+00
1.472185921862064761e+00	-6.808280558550241501e-01	2.096989271099405916e-01	2.461672102743015067e+00	6.747858507285984242e-01	-4.343996024762074304e-02	4.852068337647961749e-01	5.075968041419937071e-02
1.830579125570538590e+00	-7.351134603053474104e-01	-4.416389498338785247e-02	2.499361591811291028e+00	-3.978426937213277309e-02	-4.181465482078127183e-01	4.034803532751979338e-01	-3.594809818938757978e-02
5.084487662583900836e-01	-9.222276353735849863e-01	-6.517429544159527577e-01	1.464510685170457016e+00	1.139208899535727681e+00	3.350176735683434437e-01	-7.040488436521730176e-01	-5.388220902523381817e-01
3.304788315488992878e-01	-1.390087217717308254e+00	-5.898580260357373373e-01	8.866563215825778999e-02	1.051298403043414265e+00	-7.734328661339021638e-01	-9.417762965686280463e-01	1.700077147222319729e+00
-1.883734771457376000e-01	6.820898227396541280e-01	-4.441524497600075616e-01	-1.331993569722899950e+00	-5.117080451369773186e-01	2.255869232040243588e+00	1.419133150342011707e+00	5.845171393257906356e-01
7.136084591801105104e-01	-3.615126700184131264e-02	-3.456957690076958301e-01	-5.867666183007680392e-01	4.744566575602271463e-01	-2.552363088690589449e-02	-5.748917988731145901e-01	-2.879743644971297090e-01
1.641596255517365099e+00	-8.253839313406743372e-01	-9.094033172490283146e-02	2.629594615359903909e+00	2.509674653824251478e-01	-2.266120307644329257e-01	2.922981781363501175e-01	-1.275696702326020171e-01
4.114553187053971994e-01	-3.133807348349795241e-01	-4.343619118102358678e-01	-8.976803060972065040e-01	4.152394363872415339e-01	-7.564347762686934873e-01	-7.531669423306214251e-01	2.121138047579028019e+00
3.119207519352339419e-01	-1.356285180187222217e+00	-6.947117603717923862e-01	8.468150243398394617e-01	1.139440824532273577e+00	-3.828540785803891122e-01	-8.700151096332787715e-01	1.185015832527420487e+00
2.018492204738080442e-01	-1.554198824988276828e-01	-6.569311718665119537e-01	2.819252555084252876e-01	-6.980124470639631484e-01	2.848096416568054234e+00	1.170032788421823344e+00	-7.974412186351336196e-01
2.600578431087130493e-01	-1.364537205169859657e+00	-6.995411805450408860e-01	6.726602861471269179e-01	9.868913056853499954e-01	-5.624082570820088112e-01	-8.563754316409654122e-01	1.836018899966622486e+00
1.382118570077056852e+00	-8.934781456567386648e-01	8.352525325223236763e-02	2.859824942287616079e+00	7.538187209135921441e-01	8.116705645537250491e-02	4.499313065665491163e-01	-1.098599484739483205e-02
8.155816249950347263e-01	-5.337706445291734436e-01	6.005078402068386723e-01	2.245845317235847016e+00	1.752817013640658672e+00	6.494015754501392124e-01	5.346769191834701562e-01	1.670831233508592861e-01
7.739203759696112739e-01	-1.777850661731081194e+00	-3.157783001978290427e-01	1.256550016199788344e-01	1.347303228538486053e+00	-5.945604936110366889e-01	-8.039779791603789416e-01	-2.522340472813602158e-02
1.901126112631788267e-01	-1.275883011766543840e+00	-7.607794843706465748e-01	1.153676835282273272e+00	1.128253994628442225e+00	-2.845181410295674618e-01	-8.456210236742164321e-01	1.465267935293108836e+00
-2.809915715676638073e-02	-4.559743168631452126e-01	-9.235368167626599734e-01	2.186061950755648020e+00	1.029146515206019075e+00	5.699954897767550710e-01	-6.624489771688162332e-01	1.076969560712846663e+00
1.152131415307842133e+00	4.679215313039228885e-01	8.301882950411515472e-01	-1.564472062235549299e-01	1.127658892352355835e+00	1.556050468292460853e-02	4.206002722034380970e-01	4.117797067359632024e-01
1.807241135912742269e+00	4.708867789386954605e-01	9.231476762904212707e-01	3.546528528108324751e-01	2.451556605745216499e-01	-4.720736579620873896e-01	8.056606440754732201e-01	5.364959157692336111e-01
4.897816570947689518e-01	-3.167007720530841675e-01	-3.611340225947953786e-01	-1.036874375498253231e+00	6.178533485844333040e-01	-8.121090655776953549e-01	-8.254385324024958726e-01	1.756099503419276120e+00
6.827133144296700928e-01	-8.037288192687663813e-01	-3.208973144238498887e-01	1.929194393067478197e-01	7.997514697326595368e-01	3.465914637538990428e-01	-5.176976438656801793e-01	-9.855967380184131876e-01
2.666557368132024819e-01	6.123536987901887496e-01	-6.201570857643440293e-01	-8.207235616463969263e-01	-8.273609428404848920e-01	2.244136127459021690e+00	9.490287871585088020e-01	-5.753126517785419614e-01
1.272010000236722949e-01	9.088001672754875138e-02	-6.692527371411834958e-01	8.086045118874876092e-01	-5.382298414855971602e-01	3.078802271379894151e+00	1.034532443966542203e+00	-1.092968990036544907e+00
-8.854636955980289825e-02	3.878136084474635981e-01	-6.369726118105838442e-01	1.573794896271720201e-01	-1.704463535783944106e-01	2.825346587760959594e+00	8.380135055172148739e-01	-4.926672071447510959e-01
9.766669047239966428e-01	-8.433087267301875301e-01	4.928942270919875468e-02	-8.986064518070520091e-01	1.250391922995696403e-01	4.483504596864599234e-01	-1.438014788131583288e-01	-1.649856233171799191e+00
4.805335714078381448e-01	-2.742849083093368834e-01	-3.610310828814773942e-01	-1.074983629600372748e+00	5.545118076148090047e-01	-9.309581042795314065e-01	-8.492824551209319228e-01	2.005984943190300740e+00
1.610205475579687073e+00	1.530236749150399200e+00	1.112028538083095430e+00	-6.568700343360541760e-01	-9.303086457984938162e-01	1.745392112041310728e+00	2.234658207164680110e+00	-1.223794706569259594e+00
-2.322095121779095203e-02	9.887672614953353367e-01	-4.526544915699810545e-01	-1.706746639117082465e+00	-7.270213268571384946e-01	1.796646175365605336e+00	1.207174343664355387e+00	5.966818097293716816e-01
4.676191691088310565e-01	-1.487436163931369570e+00	-5.541084540290044380e-01	1.900939183919850839e-01	1.163172060539921837e+00	-6.995488472082946885e-01	-9.526582602149274992e-01	1.085294213389072171e+00
1.232097463813526472e+00	-2.677389995476853191e-01	-4.533867834554442533e-01	-2.226171293650384964e-01	-2.715840439717021604e-01	-4.434819934355624937e-01	-3.955907065477212714e-01	-2.075261100450078999e-01
3.884022198125693381e-01	6.152936402881034050e-01	6.912913519931973561e-02	-1.760899600715159163e+00	-4.759445290404634155e-01	1.224114667075643981e+00	1.214011988109808149e+00	2.660201155147600693e-01
1.934943546697758476e+00	4.211249360278777054e-01	9.735996650408101916e-01	5.469817612926994865e-01	8.130576618372609143e-02	-5.259075125616049506e-01	9.498626035363255671e-01	5.555201261545656966e-01
2.058323806520263144e+00	3.758946322424978614e-01	6.104075486990011568e-01	6.004199514294562556e-01	-2.755336354053248282e-01	-7.551419886471157916e-01	6.919647594104034738e-01	4.880308034778271242e-01
-2.011396924285576704e-01	6.180168681863489333e-01	-5.592126521744276157e-01	5.197090659178648098e-01	-1.412452890649780468e-01	3.207546082592507286e+00	1.028250921764316317e+00	-6.261080616915973840e-01
1.720791048016426794e+00	-6.442404383324084050e-01	2.045552910214115117e-01	2.491154415265018685e+00	2.779899062204921889e-01	-2.623722410704824037e-01	5.817756706250882814e-01	8.522708287493893642e-02
9.536534475269201616e-01	-6.516447259792674807e-01	-1.911001848249308799e-01	-1.168587785873401952e+00	5.391103627278387433e-01	-6.632108183412197544e-01	-7.139794110775724567e-01	6.327154802889259355e-02
1.715362802490750793e+00	-6.804334202085741135e-01	2.039300262385552731e-01	2.654259453761533827e+00	3.271135653349530603e-01	-1.969638934030732702e-01	5.980028299401719538e-01	6.272985466855787728e-02
7.216438059681585804e-01	-5.819045474513280247e-01	1.845375810160866381e-01	1.668703757591367021e+00	1.602977215442414671e+00	4.665707279089115200e-01	3.019685987536502303e-02	-1.225597697465106301e-01
6.852460749275002261e-02	-1.084678457236784244e+00	-7.679895193858924385e-01	1.027206463051313134e+00	1.005319299555977874e+00	-3.308328987423810319e-01	-7.932369958946239308e-01	2.065607353611312202e+00
2.111980240853639668e+00	3.074789422103315628e-01	5.105494076648493529e-01	6.277293282984405254e-01	-3.650644546433119420e-01	-7.685293970005105946e-01	6.382184156861215873e-01	3.464006220733999997e-01
-1.980544132894609399e-01	5.982676028264140022e-01	-3.152433688007247881e-01	-1.435320571174740989e+00	-3.120631874710051989e-01	2.154748259859676551e+00	1.330603764173048154e+00	3.617212385657379015e-01
1.597358562864418907e+00	-3.430401238550240817e-01	-4.659586030242522936e-01	-7.874556767227638195e-04	-6.604046085622353734e-01	-5.471733051781825230e-01	-2.337219389270682179e-01	-4.527785782038996065e-01
-8.632809856474672403e-03	-4.048963841045070122e-01	-8.939729607429081071e-01	1.967274365140019521e+00	9.729209852832113592e-01	5.135980812394977946e-01	-6.408341101974398546e-01	1.145163617964203073e+00
1.674837857490315995e+00	-7.474039390542243089e-01	2.931369648112348569e-01	2.628108445202856025e+00	4.445571607246175949e-01	-2.055590988665447483e-01	6.500381082557293855e-01	1.798620945935227589e-01
1.428814247769254475e-01	3.534192802365118125e-01	-7.544289837744857508e-01	7.822457594505977108e-01	-7.070938756238126510e-01	3.150883069789335078e+00	1.132114367907841146e+00	-8.413099529986377556e-01
1.659778163201845125e+00	-6.103135204152903004e-01	4.816436442146543317e-01	2.784657847516198270e+00	5.581876086689928629e-01	-3.807605919671823436e-02	8.637308614905879756e-01	2.299118955625968352e-01
8.703526307625308878e-01	-2.341325960028124431e-01	6.778024177830748176e-01	1.326835801034378148e+00	1.605392460342790262e+00	4.403621036325192639e-01	4.337454454519261704e-01	1.325314086136339109e-01
1.819977822714109905e+00	2.600691112544155636e-01	3.789229895567274853e-01	2.220559066667584514e-01	-1.571329526654008657e-01	-6.667987294631918527e-01	3.854199533600012328e-01	3.364031188744450174e-01
3.456350431065928763e-01	-1.341489690192263939e+00	-6.491160199810621645e-01	4.808823148653415536e-01	1.062174976254967262e+00	-5.735740350276022914e-01	-9.023716104580897790e-01	1.430606255211345657e+00
1.975146044044489457e+00	2.209828340648721523e-01	8.267610765761865821e-01	-7.659513632745473810e-02	-5.968148409231635587e-02	-5.244344553551628652e-01	6.132940456340181257e-01	-3.032349749477660783e-01
1.854127149964754695e+00	2.734174399566779989e-01	3.963108012676809788e-01	2.871470856492625567e-01	-1.615675732802413223e-01	-6.802668547760977180e-01	4.242878607072583241e-01	3.339380802623161948e-01
1.699355149929544950e+00	-1.775457745163938894e-01	-4.840654499864095461e-01	1.039327577113024342e-01	-6.915186991846135056e-01	-7.702408244890778244e-01	-2.846088112403208359e-01	-2.149826247894951192e-01
1.301920229844818921e+00	-1.050962071121461783e+00	-7.838558004239133403e-01	1.819760634331213378e+00	-5.491831830203958847e-02	-3.426158983097917776e-01	-4.720894025157899021e-01	-4.950324978359781358e-01
1.601128866684812246e-01	-1.201755420246316541e+00	-7.793012882178091960e-01	1.253912184381062778e+00	1.111352298403653016e+00	-2.175326438165178511e-01	-8.118297184145030210e-01	1.526613986805523737e+00
3.279548346950982851e-01	7.322572730601066837e-01	-8.149899910548003001e-01	6.467935445024105556e-01	-6.895544196953080629e-01	2.797843635099464432e+00	7.610716946648905523e-01	-8.595397452847869380e-01
1.433440623699602678e+00	-1.693365882907644782e+00	-4.854755945987710430e-01	4.748488539799344266e-01	8.552510826429046698e-02	-1.035423122051509326e+00	-6.725201745473565751e-01	-5.729701151708346124e-02
1.088614854441022350e+00	-1.291163015862974772e+00	-8.412247652595039593e-01	2.402847992802338073e+00	3.131197050641628676e-01	-9.144068725661333441e-02	-4.935997389702283522e-01	-6.038094708857301152e-01
6.986494630099508996e-01	-1.715277010902004073e-02	-3.633782453506193555e-01	-5.851182363799268815e-01	4.564615312320675633e-01	-2.885804829224104806e-02	-5.749311202279926425e-01	-2.297777314347586863e-01
1.881505498151174294e+00	3.343499450048282862e-01	5.402518719388224033e-01	3.266320159877083018e-01	-9.210728253735005200e-02	-6.283774620714930315e-01	5.349569513647618457e-01	3.773123181295139350e-01
5.652660517093424097e-01	-2.291482277342909990e-01	-3.826587384257503222e-01	-9.947058153521163293e-01	5.000011217052723334e-01	-8.309445018097630919e-01	-8.321964463230233644e-01	1.750807225143875101e+00
1.828505359240947925e+00	3.135772607776941001e-01	5.205805444201551113e-01	2.571888007163474765e-01	-4.094102207993323417e-02	-6.125183754351385401e-01	4.829892789195818215e-01	3.508882719562276264e-01
1.309960571521446571e-01	1.794789588255541746e-01	-5.358845549964673660e-01	-1.278122416051255650e+00	-7.839744278116621556e-01	1.797378036022669212e+00	1.094379141946786316e+00	1.275028927340085827e-01
1.989578583563642145e+00	3.867598196857120474e-01	6.711898488327795453e-01	4.212389793378514824e-01	-1.652289650829934231e-01	-6.873674536345798503e-01	6.980095347727313104e-01	4.525608855188206769e-01
2.391498387979390516e-03	6.839261185123356457e-01	-3.610623666232594675e-01	-1.696531470493280347e+00	-4.800683813913128040e-01	1.551475467004161723e+00	9.537913379609983533e-01	2.890228529604781937e-01
9.325992427182842048e-01	-4.397238720953940971e-01	-1.513274516511594336e-01	-9.544781226931576823e-01	4.158982499353617857e-01	-1.744479255431439779e-01	-5.556161967678752145e-01	-6.410353340220430463e-01
1.581124154780356950e+00	-5.489039549240668503e-01	4.048410692033725944e-01	2.383587892654571494e+00	6.211815413188965795e-01	-8.580667686861612187e-02	6.670233940781518100e-01	1.893804750963475336e-01
2.202147102643586263e-01	6.142662780581668036e-01	-7.774337705638625362e-01	-4.522598203190315858e-02	-6.796260877798333544e-01	2.591462311115333872e+00	8.473916723049371713e-01	-4.647312756114397314e-01
1.394440444684360847e-01	7.448221561287324821e-01	-7.008056569071242636e-01	4.401802400881026367e-01	-4.723596723284235188e-01	2.879809844402644980e+00	8.254376595695654961e-01	-7.470909959567341163e-01
2.068677096778982261e+00	-4.142568551840723479e-01	6.377019550536584536e-01	-1.466159483201434077e-01	-1.716007331792564206e-01	-1.305382618841020026e+00	2.995481187711167004e-01	9.271967782805361491e-01
2.569027244745761829e-01	-1.116324740580095565e+00	-7.193044540071739101e-01	5.805625839116452802e-01	8.732869304138444200e-01	-5.015757763146898585e-01	-8.318423425313161701e-01	1.907217957332907554e+00
2.257652735811965794e-02	-1.120868327011822263e+00	-7.468627113350478908e-01	9.628291151939042392e-01	9.647762600699208990e-01	-4.322487451201382780e-01	-7.795198836125807329e-01	2.412043097739209774e+00
2.561468575777084422e-02	-1.164470909583237512e+00	-7.948005895348609906e-01	1.332325400740640209e+00	1.056479996418788314e+00	-2.414270550584082242e-01	-7.648479724092448473e-01	2.024483372019894922e+00
6.407053228942365397e-01	-5.168319213787714306e-01	-2.906192881233404246e-01	-1.309673935986453097e+00	5.944522420996598555e-01	-1.108391290592638301e+00	-9.288354579742900130e-01	1.692214006088607281e+00
2.560421819053746439e-01	-9.518513724169640478e-01	-6.271706980339004645e-01	7.972154728795310952e-02	8.401190014951678275e-01	-6.610136695774651017e-01	-8.550190058702641371e-01	2.119727655566029600e+00
2.040183468039820536e+00	3.164182476231431895e-01	6.361589343032285626e-01	5.613509483198915184e-01	-2.121356852236812029e-01	-7.227353589790982413e-01	6.943115122882016488e-01	4.293336872114964509e-01
1.502013941162872568e+00	-7.790297961311679620e-01	1.241884120211884657e-01	2.723169043832633029e+00	6.180465178084014743e-01	-2.100137880459725798e-02	4.599198256255171424e-01	-4.836109589396703212e-02
1.884312958037883012e+00	-6.108512425480021601e-01	1.097634738420834477e+00	-3.303814972353436574e-01	-1.269265686573633201e-01	1.790912325628448709e-01	1.076333704038171968e+00	-1.441051892958027603e+00
1.559778708889362431e+00	-4.516733571406724712e-01	1.680256606133749275e-01	-4.300451905392430607e-01	-3.029675916915021694e-01	-2.285686258868419030e-01	1.928077816073691386e-01	-8.749040191511030518e-01
5.374587538760645655e-01	6.248522725838631664e-02	1.308090342513988924e-01	-1.373752681984476531e+00	-4.856446980888210613e-02	1.342689365203956875e+00	4.369802303638062879e-01	-1.585077888845969118e+00
9.303438503190427644e-01	-4.798215945640029179e-01	7.227891639443678740e-02	-9.490537795482432148e-01	4.795402151997428530e-02	7.241016669267300587e-01	-7.631181539817778747e-02	-1.805285962454215687e+00
1.026842984197581465e+00	-1.522722676322042501e-01	-1.740358933551481024e-01	-7.526444333142939813e-01	1.771903581077353129e-01	-1.670099391258459687e-01	-4.537762285311339183e-01	-7.151664888410477205e-01
1.806633593685191275e-01	-8.871842142536517928e-01	-6.786757227286513983e-01	3.983332895637135551e-01	8.665319922844487710e-01	-5.148798955456259652e-01	-8.163470830604115935e-01	2.148417187131040240e+00
3.892554496019524635e-01	6.647545922246325123e-01	-8.268023577144146818e-01	4.663930979326880166e-01	-7.336355554523943390e-01	2.659504382706777026e+00	7.194908677060990465e-01	-8.251708108442527001e-01
2.473569922872665972e-01	-1.227547621440092440e+00	-7.460501897628007972e-01	8.983790973164764715e-01	9.756070948741407678e-01	-4.120204393700450107e-01	-8.296092689779921425e-01	1.693506265314923542e+00
7.213273050002220188e-01	-9.091572670587658167e-02	-2.863782505260846767e-01	-6.487543481096312847e-01	4.831447127757351190e-01	4.589402206511349058e-02	-5.255485993245937459e-01	-4.464698531568200845e-01
1.661184916911195852e-01	-9.071023533064119793e-01	-6.891792562746292816e-01	5.303768140934942421e-01	9.031038800355815077e-01	-4.546764976177715689e-01	-8.217063671009036119e-01	2.042984375209850878e+00
1.328358537414711105e-01	-1.045194206192657571e+00	-7.202153847698123945e-01	8.759729844591596093e-01	1.011177386883164608e+00	-3.643956662201541241e-01	-7.896645222165896705e-01	1.979838955825020674e+00
1.528936325301316623e+00	-7.028140434581886531e-01	3.571407201226228234e-01	2.765652975286604587e+00	6.920409903332495061e-01	2.430780595872233940e-03	7.000910237710440409e-01	1.730258821298639171e-01
8.355516461523290195e-01	-6.138777486837714292e-01	-1.894548650346703500e-01	-2.210988232525459840e-01	7.462470737525039866e-01	1.218472948069600076e-01	-6.035483859294450415e-01	-1.158323559831481164e+00
7.698698166771038576e-01	-4.767566554297600900e-01	4.722523159806768511e-01	1.933820358889875912e+00	1.707957624769534721e+00	5.846291361994719882e-01	3.451301658232920344e-01	8.333778265006558383e-02
1.704894725698723912e+00	-5.489819668055149204e-01	3.696318471994951005e-01	2.451791954596568068e+00	4.073026267964694469e-01	-1.868808581667506796e-01	7.047432043051573558e-01	1.949173102835154991e-01
1.813823276268033080e+00	-1.538004672310799847e-01	-4.980798415709793425e-01	2.246012691842362297e-01	-8.139659390566584829e-01	-8.249935766377159974e-01	-2.415357622441851870e-01	-2.340431745808843611e-01
1.278771647127352917e+00	-2.667119209203501207e-01	-2.452612067100682358e-01	-5.746960972602115358e-01	-1.543508706963117039e-01	-3.647473079043360156e-01	-4.109047791203043198e-01	-7.027591794176187845e-01
1.750735000569730193e+00	-4.077186088314315171e-01	1.984631905088844461e-01	1.850374468475596723e+00	1.992786433060101947e-01	-3.760705035831069520e-01	4.136591391062379719e-01	3.698244612878823223e-02
8.463330984161757664e-01	6.085050207084091722e-01	-5.137621094106885611e-01	-9.023310024423100151e-01	-1.050327718772241958e+00	1.767021549652146195e+00	6.065095582261155194e-01	-1.355183880930982632e+00
1.351550983555357965e-01	5.227139916760842331e-01	-4.917591590277657909e-01	-1.491566450241728736e+00	-6.868379660184985580e-01	1.617781648095589775e+00	9.529335092366622018e-01	2.267702801078288199e-01
-4.558660244340825840e-02	3.878522934499780694e-01	-3.961533234337341614e-01	-1.535311433228613298e+00	-6.815579635419314330e-01	1.916244714784292036e+00	1.321640025775312699e+00	2.909216191466535983e-01
1.959445481561109537e+00	-4.445087245319078173e-01	7.391629877563218320e-01	-4.122681266349406681e-01	8.041288913978530961e-02	-1.176847292820939694e+00	2.811324109413680938e-01	7.842364091344791177e-01
1.020221555358720611e+00	-7.488588182266553428e-01	2.387664903361174096e-01	-3.827927285219621112e-01	9.218662447215576483e-01	-7.136058818604140708e-02	-2.431344799570266113e-01	-5.933522427518057585e-01
8.639277861708720696e-01	1.336511274143947992e+00	-2.249452890300040753e-01	-8.765530199704644199e-01	-1.118406894495376003e+00	2.189907605278961888e+00	9.573499315953852840e-01	-1.789691648455386863e+00
1.370192552701869459e+00	-1.096116287694874902e+00	-8.070064156271781197e-01	2.070665186386066559e+00	-1.230906070297809185e-01	-3.835886551518243315e-01	-4.323065829199834176e-01	-4.878152876245753777e-01
1.739708077498486549e+00	-4.744160180060707499e-01	3.702602782562727235e-01	2.147333778512653613e+00	2.782281911134613650e-01	-2.291492443419915759e-01	7.014958686417792633e-01	1.714686568190615934e-01
5.992937055265709079e-01	4.193462767387577950e-01	-8.856078968301205334e-01	4.174212058708213768e-01	-9.160582546549306260e-01	2.399433174367823884e+00	6.272595821810302841e-01	-9.631399465792491732e-01
3.186486937555531584e-01	2.486035622055898786e-02	-4.500962150613789792e-01	-6.969809631255194926e-01	3.519772708565895858e-01	-7.146614355411042840e-01	-6.866690768641002807e-01	2.501509607189768225e+00
1.091751825612684357e+00	-2.209893520182833193e-01	3.476199499304851170e-01	-7.816424491324068802e-01	7.371481026541049086e-01	-1.292882466286497667e-01	-1.428591589934459505e-01	-3.189735346170513020e-01
5.123977192733095709e-01	-1.269894144653996304e-01	-3.578046121510577438e-01	-9.215415793168154623e-01	5.677305877534366552e-01	-7.731769357987613445e-01	-8.061389234228693024e-01	1.809928846779622402e+00
8.994862558410280373e-01	-9.146022459348220890e-01	-8.061970436218840463e-02	-7.441282614941067131e-01	-1.154577365210395987e-02	6.256698053668102721e-01	-6.461071750148315862e-02	-1.504941327546404084e+00
1.722461148105139284e+00	3.899650802337634170e-01	5.685922075412910281e-01	7.627024184104330695e-02	8.495181330040857404e-02	-5.157931146129263178e-01	4.748198436322079719e-01	3.731780669062336186e-01
1.208531255784432989e+00	-1.197128332029478104e+00	-8.240681740643057696e-01	2.136137525697839656e+00	9.608967052872782744e-02	-2.320422539673152318e-01	-4.846778307300687039e-01	-5.520778668523157462e-01
1.734429384463174184e+00	2.581433413326230664e-01	5.276445469372104125e-01	1.773599242947633270e-01	4.532853210899603913e-02	-5.135527416934606570e-01	4.832697926673539812e-01	3.114699964251556596e-01
9.778661719890001658e-01	-3.368884411843792726e-01	9.876477021207324958e-02	-7.492095000585889952e-01	6.232602654671278719e-01	-8.059411531168944598e-02	-2.632011506084652730e-01	-3.861361809361546493e-01
1.153391050154254138e+00	5.364297420961452456e-01	8.535775648862499176e-01	-1.004567452037439107e-01	1.144207388068620102e+00	7.026645996601363353e-02	4.402879839597296785e-01	3.728119590362340419e-01
5.177711436579010562e-02	2.343967188205361152e-01	-7.480115954646998633e-01	-2.523646422683396007e-01	-5.556344849562599997e-01	2.614261894250546447e+00	1.025777449977991918e+00	-2.013742764052286471e-01
1.698039040739806049e+00	-4.748926717764338501e-01	3.782160294149973234e-01	2.239746577008296935e+00	4.089987853009065533e-01	-2.236008796644764762e-01	6.496218896335288484e-01	1.705729058969978063e-01
1.123733501700363291e-01	2.853434551110543005e-01	-6.545688753632391554e-01	6.368802557500568007e-01	-3.570581253317586801e-01	2.889762939110613882e+00	7.925065943644555855e-01	-1.050925761641937850e+00
7.560541591306795262e-01	-8.689760606150167752e-03	-2.731852614496577680e-01	-6.768580648482317441e-01	5.046801140489720616e-01	-3.166000752387056888e-02	-5.710235170495937540e-01	-4.251919909331124403e-01
-1.703020174133011710e-01	8.572025136246471666e-01	-1.235676131371029607e-01	-2.066364658147881617e+00	-3.517271906366521983e-01	1.638402261574386509e+00	1.256380199186895474e+00	3.754272564277940649e-01
1.725893776390490464e+00	-3.905581457651368105e-01	2.588117000915569066e-01	1.887842336153606970e+00	2.647208301929181440e-01	-3.278146208086643032e-01	4.802430945104968485e-01	1.117503710469657519e-01
2.796875966422653348e-01	-1.468657083639441641e-01	-4.155867462804485601e-01	-9.013447831618593975e-01	4.935568580368977498e-01	-8.745240636979757509e-01	-7.607207890345842882e-01	2.676441926105406655e+00
-7.955027577467917166e-02	5.633450290504207203e-01	-6.593006433198048827e-03	-2.126370675288292933e+00	-2.555959071832119012e-01	1.342019489540309918e+00	1.073453546618777121e+00	6.448610528561549149e-03
4.283634857902741677e-01	-6.241075423773954911e-02	-3.974314919588117223e-01	-8.694976753577270401e-01	4.906000800495237124e-01	-7.757882625469069149e-01	-7.969340135419478166e-01	2.091626935078876759e+00
5.498567526165704100e-02	-9.144931779594595023e-01	-7.359907169358241852e-01	7.762128388259951217e-01	9.585425877366685610e-01	-3.669217217800299080e-01	-7.816954309496303432e-01	2.225100797849871803e+00
6.777110575044210661e-01	-2.019876832279762432e-02	-3.487984457821438622e-01	-5.626452087721519613e-01	5.133507262629287693e-01	9.105879480147224814e-03	-5.612168153401786430e-01	-2.437667163298821993e-01
1.279715371767934151e+00	-5.622085373992670165e-01	-1.477470074366968311e-01	1.986370376092097545e-01	3.543695289331755260e-01	-1.813988906452524419e-01	-3.549334997824620253e-01	-8.799501535921382400e-01
4.372052293715252835e-01	-7.819068618768434398e-01	-6.810988755317527454e-01	1.436934608405327385e+00	1.115857168342857975e+00	3.216573449097060999e-01	-7.318711211108361869e-01	-3.352222454065419965e-01
1.512620139490782112e+00	-7.548631586335549093e-01	-2.990384207583627815e-02	2.318782334356885411e+00	4.441362996296283061e-01	-1.437756250271418623e-01	2.749431557331766252e-01	-9.919877967256601758e-02
2.062006426551563187e+00	-3.117341879001125915e-01	6.359628513049855325e-01	-3.267155632962310818e-01	-9.489996988335366868e-02	-1.074293724340104061e+00	2.570960966348541099e-01	3.605992098526036860e-01
1.489161653472485858e+00	-2.062023182123188803e-01	-4.706794006991132373e-01	-5.559819216756853311e-02	-4.666964417206654892e-01	-6.414301235392448897e-01	-3.684302644307493324e-01	-2.110105462732633497e-01
2.885485376459029361e-01	-1.390850182312346695e+00	-7.247748603599677431e-01	9.274813911246875264e-01	1.035911989128698973e+00	-4.315406511762512332e-01	-8.501649755553384313e-01	1.531500672783314032e+00
1.585236897668859779e+00	-3.957073347146983222e-01	2.407493440944493690e-01	1.755925270869961974e+00	4.474775800059209718e-01	-2.559925839547599336e-01	3.895920207118707124e-01	6.158832241847506106e-02
1.444235485588250656e+00	-7.639247491922073197e-01	3.235090317177846120e-01	2.826078964228067036e+00	7.962084855161425390e-01	9.296081810554367164e-02	6.616342048550325483e-01	1.363618398923092112e-01
1.116843754096554120e+00	4.545099532521966745e-01	7.419582258428608634e-01	-1.565765647764587598e-01	1.089583404699526969e+00	4.699756414228015156e-02	3.518563907862157780e-01	3.478713440378479183e-01
5.791437756620168575e-02	3.102755084440315114e-01	-3.978974051092648012e-01	-1.517698323811066619e+00	-6.258870304865263856e-01	1.665239717643636208e+00	1.071465775418667388e+00	1.461645269816088388e-01
1.664315927810785523e-01	-1.297191302076321273e+00	-7.569041620676207893e-01	1.153845249358271374e+00	1.120645126955334803e+00	-3.268955446783980978e-01	-8.554766742340091934e-01	1.637968585206412531e+00
6.919689399992537959e-01	-2.252622929681488695e-02	-3.523530757904902444e-01	-6.017465039868375998e-01	4.758601550641543554e-01	-2.707068159295609663e-02	-5.701510401577317699e-01	-2.445201182842575149e-01
3.626876479285041643e-01	6.969166949086793572e-01	-6.702179286337102138e-01	-1.508963799881110512e+00	-1.282020148434893425e+00	1.549420337644992873e+00	1.074652944846164804e+00	4.145661112601993770e-01
1.029731518385221589e+00	-9.876381411199468552e-01	1.445558533475370389e-01	-9.629537059186877856e-01	6.236521883331247462e-02	4.930528155134035195e-01	-6.567918230851721439e-02	-1.843258102733212667e+00
3.536709084499435329e-01	7.438878282001593067e-01	-2.356877163625195060e-01	-1.533260845842296050e+00	-6.454588727612597943e-01	1.886705205325629020e+00	9.120783448204737853e-01	-9.964922897543889713e-01
4.525183306873513112e-01	-4.204638615891982401e-01	-3.160907781109797976e-01	-1.207068233543696634e+00	5.474330068261823445e-01	-1.134061106260387808e+00	-8.551472584847208402e-01	2.392887124790475717e+00
1.708247015779900346e+00	-6.981486965717033089e-01	2.677080882482267277e-01	2.820288628183566182e+00	4.068403704597750026e-01	-1.268944505225632902e-01	6.630760410784156678e-01	4.237844294079648466e-02
4.868971912234270061e-01	-1.666783339321667445e-01	-3.895459427146825138e-01	-9.357082029002284917e-01	5.407292914935242223e-01	-8.020568805548754510e-01	-8.283636198324165756e-01	1.884455539105311939e+00
-1.909810297713154803e-02	1.168289067791631552e+00	-5.495088884878854829e-01	-3.819418706662752738e-01	-2.968341880247284958e-01	2.627230683769608888e+00	7.387429725368561684e-01	-6.656811507389519544e-01
9.264711058851787806e-01	-1.575424994480158380e+00	-3.449423525417044112e-01	4.419145959555725311e-01	1.096401092027463609e+00	-4.810907638225059291e-01	-7.163840255628796116e-01	-1.642633559727685599e-01
7.708847702002269431e-02	1.216276888733410333e+00	-4.613449943728522018e-01	-1.851250355495594357e+00	-8.650855439103405375e-01	1.623915273832675199e+00	1.167280141252243997e+00	6.977912537278325722e-01
9.294740433006840608e-01	-4.950459325269903066e-01	-2.379082758885112392e-01	-1.020481525743348383e+00	4.598349306825864069e-01	-5.069142679077511815e-01	-6.743603230367448687e-01	-9.865401108521066470e-03
1.146635898254847241e+00	-9.921916700225303920e-01	-7.680344653206911953e-01	1.621280261320490856e+00	1.259748019652168483e-01	-2.105745937283292346e-01	-5.193882006196940404e-01	-4.913943518113588760e-01
1.442890834027810820e+00	-5.827526000786954485e-01	3.110613930022780305e-01	2.259533246380269311e+00	7.659781403574469349e-01	-2.050558398850630196e-02	5.073488946253266185e-01	8.367070934508291646e-02
2.403274695945841755e-01	1.454781337334638103e+00	3.812532023164989514e-01	-1.546300474320180252e+00	-1.186766049225920078e-01	2.281123053691632041e+00	9.550315249604011125e-01	-1.975294515774058457e+00
3.949571486152443356e-01	1.274374634373160564e+00	-1.943986807458345512e-01	-5.662196501444405339e-01	-2.239269445043317319e-01	2.356086208425027362e+00	5.753303521149080169e-01	-1.448510335300013940e+00
1.310242888827173768e+00	-1.071853297029490282e+00	-7.845501176107190222e-01	1.859214280135458530e+00	-5.025828020725000428e-02	-3.308218991722067237e-01	-4.730461149905818563e-01	-5.400963018930891035e-01
1.681280517153954934e-01	-1.041742043258352179e+00	-6.268779782362529085e-01	2.852622958769886474e-01	9.507606508515821231e-01	-5.917765778541251853e-01	-8.456213917211612419e-01	2.000374965412481831e+00
5.229989975334552454e-01	-1.722893195909584174e-01	-3.663966019608739244e-01	-9.938285848876616813e-01	5.599956445353173606e-01	-8.138966528347696405e-01	-8.396676957603419478e-01	1.737018005457757308e+00
1.580202280488036681e+00	-4.227256851411059779e-01	3.330431612648458994e-01	1.515647295293795827e+00	4.649937147031278917e-01	-1.166249134688892436e-01	4.501575548765310852e-01	-1.366670596274529026e-01
1.289531717537093281e+00	-9.062887152738329233e-01	-7.099952891552389067e-01	1.298968159967763381e+00	-8.127526709720418741e-02	-3.005082395102274262e-01	-4.766192022588851551e-01	-5.717115310185785226e-01
-1.336080110807143784e-01	1.231466699861742398e-01	-2.944892555939890855e-01	-1.451350603842809228e+00	-5.847473356661401223e-01	2.114110099771413953e+00	1.542558763824531498e+00	2.321439503267295479e-01
-9.179877119467853494e-03	5.006820074708765445e-01	-5.270269821109371255e-01	-1.336441003542765849e+00	-7.145967402995135886e-01	1.992147044085851526e+00	1.215998813528696543e+00	3.505791029553257943e-01
2.617016465578134166e-01	6.623792723953421113e-01	-7.885028811140953886e-01	4.316196193150494964e-01	-6.732131558150973305e-01	2.802220820628942288e+00	8.646275421413638362e-01	-6.569993394447605217e-01
5.124087098704878107e-01	-9.895073246285819302e-01	-6.189332615676254035e-01	1.691416175629878227e+00	1.234212016107846921e+00	3.705502180925966949e-01	-6.619766051476650981e-01	-5.420235773105136490e-01
-5.010666069184432914e-02	3.873849414626341359e-01	-3.194273891359157291e-01	-1.642325959831208548e+00	-5.826444410903487414e-01	1.787943549652016850e+00	1.259355951238514626e+00	2.376724093187460585e-01
7.541574969912870907e-01	-4.727148860156961674e-01	-2.763082307375606117e-01	-2.400032250173329829e-01	6.462179307998238142e-01	1.715530992918282982e-01	-5.613694782952050044e-01	-8.801505572392209764e-01
1.651981642465936151e+00	-6.253068487904872574e-01	1.977356860249769865e-01	2.404746626169476986e+00	4.043867773456040204e-01	-1.920711780434208316e-01	5.143158177892445115e-01	5.580838077789854190e-02
1.261870552856776406e-01	-1.085849141958484587e+00	-7.556204599213198758e-01	1.103376495008290492e+00	1.055957372015638551e+00	-2.588165180881771832e-01	-7.862200719960594775e-01	1.784903524170651679e+00
-7.724347686656606038e-02	8.310226308870105605e-02	-2.290922206616617662e-01	-1.597292789855752293e+00	-5.569083614230833090e-01	1.871275111730782426e+00	1.419847284316982483e+00	1.101879144799402799e-01
1.521833869922116111e+00	-6.808053084793895815e-01	9.648760211784004892e-02	2.278567379684534711e+00	5.250205910547590671e-01	-1.601459307612891625e-01	3.554074611949309404e-01	-1.691804713234059884e-02
6.045578859575148067e-01	-3.069143426758282334e-01	-3.368792346272510563e-01	-1.084850711823016400e+00	6.055167901371785177e-01	-8.668681614822951742e-01	-8.715234344427449376e-01	1.492206669516598527e+00
-8.178022186921049541e-02	5.153104082192515589e-01	-2.281052612398224433e-01	-1.829673383287439892e+00	-6.383560112329182967e-01	1.823645194644644141e+00	1.436201680794750635e+00	2.820431476604797205e-01
4.686593707606723225e-01	-4.894454183145441895e-01	-3.273667153229248283e-01	-1.231578166344503122e+00	5.587214797866254523e-01	-1.117854377153593370e+00	-8.805999176449361698e-01	2.237958651437062851e+00
3.153484672697310920e-01	-1.177032297854244458e+00	-6.584715497750847080e-01	4.979612843541184053e-01	1.045109692828148251e+00	-4.819615210393068949e-01	-8.788119242318724877e-01	1.447548000002882862e+00
1.190854106735974582e-01	-1.140382912996060316e+00	-7.835864091552455779e-01	1.187808050240458213e+00	1.072932533155780188e+00	-2.349243040648150704e-01	-8.043243132827497810e-01	1.699805382981335100e+00
1.727708944386221468e+00	-5.513337411715123482e-01	1.155277095869228221e-01	2.151728413525219263e+00	2.300145288300445290e-01	-3.134410746311512286e-01	3.927582552337983701e-01	-3.481363886435547006e-02
3.361771523217064739e-01	-1.312973630453382334e+00	-6.562809484835420148e-01	5.439165638993705976e-01	1.092067193957257931e+00	-5.048747247086144974e-01	-8.966492445860834160e-01	1.335163116395899685e+00
1.008733057981889003e-01	-6.812725068035643261e-01	-7.293176849383371518e-01	7.477642192888754868e-01	8.720514078964770599e-01	-2.736196497564816199e-01	-7.568571792871047199e-01	2.069840887540747243e+00
-1.384229201975384071e-01	1.215685411246127279e+00	-3.085655413544431958e-01	-1.855723817805604359e+00	-3.889706526353547411e-01	1.734674705414100515e+00	1.128518560752131084e+00	6.580169287950377033e-01
8.635751993176106200e-01	-2.273041479828673550e-01	5.052524218459855110e-01	1.659817844441069390e+00	1.549531442158813554e+00	5.827853990288115460e-01	3.255215270969340491e-01	-1.600903573306614730e-02
3.097616942808217866e-01	4.675122932458927183e-01	-8.075867085006314117e-01	6.450874616394550731e-01	-7.984237557948068442e-01	2.915399679288632750e+00	9.660528885902909257e-01	-8.514705923579867219e-01
2.307175028869630218e-01	6.980682740554930987e-01	-5.869464294001945914e-01	-1.705290795436991969e-01	3.463278355567767641e-01	-1.151607044399982106e-02	-6.293852190357267506e-01	1.533863095020161049e+00
5.410507906581583093e-01	-4.195265693118522821e-01	-3.224944024891473471e-01	-1.199037703018918100e+00	6.260094926942626481e-01	-1.015693526806878966e+00	-8.916618143316008549e-01	1.848381940113292377e+00
1.803615745708220475e+00	-3.385611545886609286e-01	4.228557427492029008e-01	1.948321785239968795e+00	2.035523109121372132e-01	-3.798185583247412622e-01	6.822466067279709945e-01	2.267092082416019005e-01
1.150283327694841679e-01	3.834394409033111684e-01	-7.155092422567601584e-01	7.086460445278631726e-01	-5.643154835506604128e-01	3.070044761908794495e+00	1.011094562923676721e+00	-8.771265573622710754e-01
1.844439789566886478e+00	3.477860138821262659e-01	5.805006971907310520e-01	1.919643145033976817e-01	-6.003768406536963420e-02	-6.393437135002081328e-01	5.397926900082834489e-01	3.929249789871811505e-01
2.057977436607055510e-01	5.957195100306993396e-01	-7.378570999900917471e-01	2.273951036069616349e-01	-5.153582348230849597e-01	2.659948885861329604e+00	7.205742083396281528e-01	-7.324344591244446034e-01
1.880732711924255618e+00	3.781174227350191375e-01	6.030795404700651785e-01	3.317814647597732702e-01	-5.834522815593837924e-02	-5.939064185608717850e-01	5.882704519989080394e-01	4.114524666673046727e-01
5.408711282291968070e-01	-3.508302114564381680e-01	-3.298064819596192021e-01	-1.188484316573862998e+00	5.682121881615116443e-01	-9.972894543289675395e-01	-8.756860331243728757e-01	1.857173895937455299e+00
7.908397335889536528e-01	-4.538728640396135217e-01	4.561999311090272347e-01	1.697012592794476360e+00	1.666812430567918391e+00	5.072591636944295823e-01	2.740485155400362305e-01	8.139296521474270740e-03
3.779739032847607150e-01	-2.717711892536632812e-01	-4.185890185668664776e-01	-8.928371290844003827e-01	4.569135760952841574e-01	-7.901751328570683075e-01	-7.670697216065116564e-01	2.216423764733362223e+00
1.857372373530912446e+00	2.448793823376742840e-01	6.514639675143936159e-01	3.788944735885368398e-01	-3.972936609659175056e-02	-5.279497325622612980e-01	6.802071536303202492e-01	3.483195012272273239e-01
7.443657852894600691e-01	-4.302462781626086863e-01	3.984705972991998135e-01	1.674955539368780499e+00	1.661425348628297272e+00	5.221883709161079246e-01	2.346213395947130964e-01	4.813622722686727862e-02
2.254607417768147992e-01	-1.101880765889952318e+00	-7.136876547596064935e-01	8.586667607298495986e-01	1.123421401281499588e+00	-2.763805960251459748e-01	-8.442642014306859233e-01	1.364157919929447127e+00
7.257457381448685352e-01	-2.576572395620834940e-02	-3.314474056785798872e-01	-6.104882775397947325e-01	4.720385430335760635e-01	-3.486933641640204556e-02	-5.778898977932184211e-01	-3.109698630996902691e-01
5.194054894640611764e-01	-9.127401741819707315e-01	-6.374076828489025903e-01	1.410700770192859776e+00	1.132584214493383978e+00	3.262280499096603670e-01	-7.059627628368384533e-01	-5.635407214936141163e-01
2.666054545938706388e-01	-1.311732950258300168e+00	-6.869338283050276939e-01	5.950458761759233051e-01	1.028251974866447593e+00	-5.456039636759398848e-01	-8.739258480073217594e-01	1.712388032374325020e+00
3.720306465011902763e-01	-1.059942312245123336e-01	-4.195321924897997823e-01	-8.528997940032273517e-01	4.826066433702357328e-01	-7.998159780479278114e-01	-7.742640466538789346e-01	2.319413405311065990e+00
-1.074007468978371155e-01	7.281658191940142411e-01	-6.027959588836069305e-01	3.283960398096975042e-01	-2.227909459118082580e-01	3.016151446986086615e+00	9.146118802325189368e-01	-5.664898888554713574e-01
5.481531740755278825e-01	-1.354889572849286850e-01	-3.787215855132952669e-01	-9.095195071781277951e-01	5.496219045885540888e-01	-7.327193584931662729e-01	-8.338241799579614311e-01	1.558585718250841357e+00
1.795274229917530162e+00	2.771664106439569730e-01	5.606863180558345761e-01	1.777419979815461626e-01	-4.719354154841089860e-02	-5.532991022550169946e-01	5.589197692471380430e-01	3.337767958483633945e-01
3.863782367392673001e-01	-2.621001836109064786e-01	-3.842968391580944831e-01	-1.030142779818501664e+00	5.085812520820709448e-01	-9.695789637020019169e-01	-8.244884175730756715e-01	2.427800535211392052e+00
-3.812003158260722502e-02	6.141685219612466051e-01	-4.347159007651995033e-01	-1.702095790485255833e+00	-9.472913043311287362e-01	1.914247146634567187e+00	1.467443982713541484e+00	4.612855487662846921e-01
5.061097110717496239e-01	6.197564271779508749e-01	-8.607278824360783398e-01	3.931735644952323305e-01	-9.431269758934937020e-01	2.602017030614526938e+00	7.918773234301431652e-01	-8.540838474913722278e-01
1.674885162991214038e+00	4.187613719034580795e-01	5.942409264023217341e-01	1.257627474844730808e-01	1.807703905252565635e-01	-4.887873187638486216e-01	4.736672972554129557e-01	4.674033629825486980e-01
1.000823799353364407e+00	-7.277484080685084900e-01	4.747316066747453434e-02	-9.287641662040786450e-01	1.770300794788590704e-01	3.487292768467301629e-01	-2.225782925732782969e-01	-1.595184375254490527e+00
8.817915087066057200e-01	-1.185891058722726266e+00	-7.622365413596200456e-01	1.551456396872160859e+00	-1.257458819175527043e-01	-9.540968797200063412e-01	-5.830089621423689694e-01	2.082989367690904370e+00
1.684077947948836806e+00	-6.130665847654144240e-01	4.181978638487801603e-02	2.083414045181479324e+00	2.512420831454942327e-01	-3.375964140222174614e-01	2.932567076297619146e-01	-6.230323523826417076e-02
1.718394169535509608e+00	-4.976246390376368178e-01	5.156936720754978776e-01	2.614018389056933955e+00	4.795263239243500175e-01	-1.173968013719149245e-01	8.651310249010197850e-01	2.705929420030894206e-01
1.994630516824282829e-01	-1.003528593414382275e+00	-6.693510656468377729e-01	4.655989009500645648e-01	9.751007384959863300e-01	-4.749989246402208098e-01	-8.325375626732700596e-01	1.867134195513182382e+00
7.684736981364328479e-01	-1.836422513723785288e+00	-4.729103220800556784e-01	7.175564441128620130e-01	1.253689137091580363e+00	-3.901777892540808090e-01	-8.134748427058037246e-01	-2.416201875871099303e-01
4.372829252871391903e-01	-1.323353382407341239e-01	-3.885763362496634232e-01	-9.229167059698969444e-01	5.030507076549741718e-01	-8.265876849761965017e-01	-8.130119717623498499e-01	2.108237747466683132e+00
1.314147382177197176e+00	-2.993449972985514074e-01	-4.700053824464324737e-01	-2.367010521997788830e-01	-7.151882696882880808e-01	-1.523914379366036576e+00	-5.104303912664215348e-01	2.268379129808526518e+00
1.409662253228717521e+00	-8.123660294878809474e-01	1.501172559244590143e-01	2.583601463520537767e+00	7.431013147799981899e-01	-8.369757804499174114e-03	4.404323590973462377e-01	1.722819122074953357e-02
3.790974216032816368e-01	-1.333860469346251909e-01	-4.113665730816550847e-01	-8.895998013443636721e-01	5.062190453879181762e-01	-8.170514896607439237e-01	-7.878102804686908378e-01	2.287472581081614997e+00
7.687809989665862487e-01	-9.021750076325342482e-02	-2.980308225961227353e-01	-6.365639263623337207e-01	4.299348649224130625e-01	-1.778713980516646170e-02	-5.445043043427362228e-01	-4.402324177393991955e-01
1.467941520804021849e+00	-8.287315065267182312e-01	1.163054486456093217e-01	2.773185080552560855e+00	6.564517459467174021e-01	-1.603396367379979551e-02	4.587738253801031396e-01	-2.594469742337050626e-03
1.578812426057255802e+00	-7.348580368542977359e-01	3.671592694485288633e-02	2.454851352794633179e+00	4.281859197929044347e-01	-1.606397426500523751e-01	3.625173052111341221e-01	-5.585327339150252673e-02
1.616835540207684385e+00	-5.670209341289177418e-01	1.850455017867747021e-01	1.932426073829316193e+00	4.273588772611833231e-01	-2.707432841466959061e-01	3.653674571000411486e-01	1.921665451790441348e-02
-2.548260761785735642e-02	8.184350888059628293e-01	-6.472214831448771521e-01	4.128602284800471089e-01	-1.936644597867238082e-01	2.843437783132672259e+00	6.828503851233218569e-01	-6.604047937824339964e-01
8.861191022967440656e-01	-2.981634658031244722e-01	6.244114188016972600e-01	1.689502139200236508e+00	1.575382268886496462e+00	5.376209370484962280e-01	5.054177937625621286e-01	1.980188655719968827e-01
2.018281392456475198e-01	-1.501958161981451045e+00	-7.690154372449946596e-01	1.366317200455344993e+00	1.099151419172051725e+00	-2.860035565054888651e-01	-7.858308425970338407e-01	1.548949945330313716e+00
1.140280983937818959e+00	4.921394828361513873e-01	8.060262273100007313e-01	-1.674650239903471005e-01	1.106032926084485002e+00	3.179160776831697899e-02	4.071851575002042312e-01	3.792236008431631999e-01
1.353365692146640376e+00	-1.196139811951072218e+00	-8.183225298869259978e-01	2.185474711459649111e+00	-6.942039118637310935e-02	-3.350954665532878685e-01	-4.491344153116889615e-01	-5.936010907552113913e-01
6.800782120954004806e-02	-6.642619256723240051e-01	-6.716037471049285390e-01	4.669017493399462149e-01	9.262665174775840393e-01	-3.642820747455460251e-01	-7.600713140413959401e-01	2.242579614002969457e+00
7.156935811711483408e-01	-1.695893838938263176e+00	-4.563688592673859623e-01	4.489047335499967706e-01	1.291609562694228774e+00	-4.128585896670281530e-01	-8.504072338147147248e-01	-1.818036415724187949e-01
1.495670878178333885e+00	-9.660249233880352504e-01	4.372106600798758569e-02	3.033075753924037166e+00	5.733927279560132595e-01	-2.304238644143748529e-02	4.891870718633236637e-01	-4.274574798019589034e-02
1.795512955150798007e+00	2.745743193968250839e-01	4.236028239118527772e-01	1.972886359614369201e-01	-7.384267477463261897e-02	-5.914378175821923822e-01	3.996957489452850343e-01	2.845768822092465400e-01
1.157282795354471205e-01	8.019486607653378840e-01	-6.132407425565287173e-01	-7.243705136103080477e-02	3.152455251613264231e-01	4.182487197987502792e-02	-5.617891960458414324e-01	1.957059076449340296e+00
4.556704913317700667e-01	6.811406528719505804e-01	-5.230676670955399787e-01	1.991778532853657468e-01	-6.782593263829900243e-01	2.742593297880182135e+00	8.593849646462641267e-01	-1.406926994909491579e+00
6.266964220920965278e-01	9.635362164168530530e-01	-3.736983176115518668e-01	-1.581289762015831268e+00	-1.337293041619340928e+00	1.815876278756312523e+00	1.088814438294897435e+00	-1.123242745461551673e+00
2.071870814754839696e+00	3.034295903370671788e-01	5.161730069551797584e-01	5.083074459633682984e-01	-3.341713112792404350e-01	-7.741344740982090133e-01	6.155010102513951420e-01	3.567320039687125188e-01
9.182401856288041619e-01	-4.648027051916545638e-01	-2.202288719677200357e-01	-1.012779928865847001e+00	4.627681865580289822e-01	-5.159775086434058577e-01	-6.500844926282092207e-01	-1.308525729142271873e-02
9.525276286035246898e-01	-9.907978702593001064e-01	4.933088636132398896e-01	1.466885840038003819e+00	1.639661206452458497e+00	1.470232443059514560e-01	1.972907822990367654e-01	1.751848784085422439e-01
1.941223726551791096e+00	3.838774684879615595e-01	7.786381643458121227e-01	4.377866292427853301e-01	-5.132262914095929440e-02	-6.183211020259868906e-01	7.750890508594100448e-01	4.838551357376872364e-01
5.146287248823460114e-01	-2.048091415409551141e-01	-3.769474394822514007e-01	-9.748763682955271515e-01	5.579144969125762188e-01	-8.228042715688436148e-01	-8.412005176240976434e-01	1.798630678869592048e+00
3.815054129697298402e-01	7.886872859407517700e-01	-8.626917040436106188e-01	6.768873552067870003e-01	-9.594147149572715971e-01	2.922445918886024341e+00	1.018932110660172752e+00	-6.754075771974826781e-01
1.753385991409373013e-01	-9.505449160601353586e-01	-6.957886682297954595e-01	5.144182496650797631e-01	9.062383397733771995e-01	-4.805753373719314769e-01	-8.200266489253191793e-01	2.072580945223569948e+00
1.816119110134341463e+00	2.622594059709594250e-01	3.563500579903504661e-01	2.034913654228163726e-01	-1.599776879426966503e-01	-6.596192928307950121e-01	3.699004478197341350e-01	3.009568973911855294e-01
1.654856987271710878e-01	-9.095898978301688587e-01	-6.749853673107371055e-01	4.545743661750156206e-01	9.552322929710613808e-01	-4.563502474953204380e-01	-8.193302882950523891e-01	2.006530318634038412e+00
1.088398676659442899e+00	-8.467430106996330919e-01	1.091728062614833183e-01	-1.422067017520816323e+00	8.154962711932592923e-01	-9.274693685279621347e-01	-6.119203818332229483e-01	3.614116057346413724e-01
1.542208175146411619e+00	-7.301483092745201242e-01	-4.632244209487990788e-02	2.271629228802140688e+00	4.067636968682507015e-01	-2.093272898360857559e-01	2.270969231388169640e-01	-1.065466295132211638e-01
1.577938147055254925e+00	-6.147632006755940903e-01	2.124195440632383747e-01	2.338813378638743501e+00	5.218424933902948704e-01	-1.442913591070570378e-01	4.804338543513287929e-01	4.168851320829411455e-02
1.398033965382687649e+00	-9.737816177432125908e-01	-7.671484006229943864e-01	1.720108049750483481e+00	-1.864488677027147934e-01	-4.363551609443748203e-01	-4.416851571572235069e-01	-4.653407544256707995e-01
1.075177586788805595e+00	3.437691202357069375e-01	6.126924926481046585e-01	-2.025630194922166116e-01	1.019277760209131412e+00	8.072379339807128629e-02	2.639593342938815201e-01	2.303282495867834678e-01
1.510606072862544336e+00	-5.284370545555314713e-01	4.492801776173879214e-01	2.272619769145565627e+00	7.397483696080391358e-01	-5.180570912293832458e-02	6.556721457364840244e-01	2.208353594108822260e-01
1.037438634086683548e-01	4.040578780801823422e-01	-7.517924175510498630e-01	3.972097955037284245e-01	-5.971823102028384067e-01	2.930004145351485789e+00	1.009549665729216006e+00	-5.741942722181369030e-01
1.521607559414661082e-01	7.711381103492620515e-01	-6.059280359969464458e-01	-1.172438129141022412e-01	3.344067594328561932e-01	1.944740516554402388e-02	-6.009497821959366437e-01	1.782344908064568356e+00
1.635863486152699275e+00	-6.087513903871463183e-01	3.087003844763120952e-01	2.353118720970567956e+00	4.925824031160513927e-01	-1.490450613553546966e-01	5.842150499883369541e-01	4.211057517457045263e-02
9.083314439436777077e-01	-9.104381810851481793e-01	-1.550015602734023390e-01	-5.717996207223030591e-01	6.560408034671862954e-01	-1.588733582067977934e-01	-5.890856853286133843e-01	-8.096491254761134515e-01
4.869934746840609563e-01	-1.585076070870534426e-01	-3.943473233399894529e-01	-9.170828225099300068e-01	5.314846406482478525e-01	-7.786147834430103831e-01	-8.166595936259214428e-01	1.868357231884005376e+00
-6.107115706550274303e-02	5.908307721747831920e-01	-3.936290456240056912e-01	-1.507783041576413519e+00	-5.575145862406724051e-01	1.966496114367491499e+00	1.209073931698570137e+00	1.970823092852383440e-01
-4.617252747516798622e-02	-3.344653940951449744e-01	-8.794896616378363730e-01	1.844945566918400504e+00	9.642704440106885100e-01	5.005134729042396424e-01	-6.403189350175849670e-01	1.271375782272945232e+00
-4.143425229933460352e-02	-1.114614559637297164e+00	-7.300595986130168358e-01	9.783380121532404550e-01	1.045679723129803840e+00	-3.816988799441926594e-01	-7.463206413433980391e-01	2.474178068778784656e+00
4.453663042376717063e-01	-2.621288200006171021e-01	-3.553424517765380597e-01	-1.037484696848407273e+00	5.841268708364141249e-01	-9.155914358368179018e-01	-8.216565562361693997e-01	2.148779848043256724e+00
1.965578734311740905e-01	-1.105320891848872389e+00	-7.016900855793311020e-01	8.853748218744094123e-01	1.048080523617174631e+00	-3.425973110601967520e-01	-7.928680055954347994e-01	1.735032256521331417e+00
-4.089089501035774593e-02	6.038577808382473711e-01	-4.349285843156169284e-01	-1.680739094826447122e+00	-9.390192751355206369e-01	1.955718651330302427e+00	1.491131424700415486e+00	4.489124060237011382e-01
1.813344298447171932e+00	4.298068842055650096e-01	8.112677877729240761e-01	3.240580846648057900e-01	1.678583652141187044e-01	-5.088951613170050736e-01	7.121456055833669252e-01	4.805455954021843334e-01
7.001896947546215610e-01	7.048986683851916624e-01	-1.127077449022845651e-01	-1.466365758154245302e+00	-4.744576069767237891e-01	1.420999573928328763e+00	4.334056825237880273e-01	-1.483803826492775979e+00
1.793977656954493405e+00	3.435994484754096856e-01	5.803252235383148383e-01	2.149540804038444497e-01	3.575508650612804762e-02	-5.716761458031516252e-01	5.082627805417834210e-01	3.635217230142324119e-01
9.708741415598571844e-01	-7.324652127017388104e-01	-1.740433362987022781e-01	-1.250938101854025541e+00	5.642021273846969942e-01	-6.983752445851482138e-01	-7.421125776163205456e-01	2.474105546342589279e-02
7.250648827864398793e-01	-7.485407504230698894e-01	-3.208733989413608545e-01	1.851462941244278460e-01	8.350608873538833965e-01	2.248509864598921548e-01	-6.019494501460902480e-01	-1.004156880657695705e+00
7.955161880069426816e-01	-6.094372506776001286e-01	1.002468480154678487e-01	-9.139208866501966622e-01	-1.897457338695087148e-01	1.175302178603872427e+00	3.666933848221939352e-01	-1.940652265846139146e+00
1.445733898872307854e+00	-7.281680356820388056e-01	2.439300323603135201e-01	2.540793437495002305e+00	7.322500302474259648e-01	1.246776374223823591e-05	5.333148909132449100e-01	8.554755966859592387e-02
1.785775662519016649e+00	-5.268971514818610036e-01	3.490683341009890861e-01	2.467217325475521861e+00	2.882616185408974352e-01	-2.491795361646719220e-01	6.989640634843188316e-01	1.619009322981698196e-01
9.290531934720120955e-01	-1.554156750790186281e-01	-1.195922868567198677e-01	-8.730280177405032038e-01	3.963152206352356655e-01	-2.451269092662330604e-02	-5.219772055844597025e-01	-9.028159919483499385e-01
1.215548772815885914e-02	4.769178824128323946e-01	-5.378973554859075579e-01	-1.332270361972187622e+00	-7.259202971409646210e-01	1.944222652695795528e+00	1.180318492813319242e+00	3.470950094298971278e-01
9.466755019201407439e-02	-1.123560378783495128e+00	-7.757124164524540344e-01	1.203279885541214123e+00	9.955773503133608093e-01	-2.707824891890363017e-01	-7.557884849822250617e-01	2.006492366625391099e+00
1.585869085132055323e-01	8.448652781929554267e-01	-7.607830085623490390e-01	3.788536214091731691e-01	-6.842800998132014811e-01	2.927237190839424574e+00	9.681458645914811090e-01	-5.986412056265213444e-01
1.465233429422983402e+00	-5.938561267816806488e-01	2.266337679680788253e-01	2.206089722625599325e+00	6.744892685717716052e-01	-7.945761291118666469e-02	4.338844532268996135e-01	4.514272914939035375e-02
4.688220667430434974e-01	-1.655329406108956014e-01	-3.932278484072634916e-01	-9.249243436901628534e-01	5.332183609284468773e-01	-8.025639540828479745e-01	-8.156640076150212249e-01	1.952740811597052595e+00
1.860637468890850577e-01	-1.107117694224050819e+00	-7.162143358271438887e-01	7.446735226360751136e-01	1.016092794049952008e+00	-4.128444866224968424e-01	-8.369499698032472068e-01	1.800973713342117088e+00
8.404714242819208425e-02	-1.059737370806852708e+00	-7.451504522506893213e-01	9.660287427248568370e-01	1.027578305370837608e+00	-3.184437198712470329e-01	-8.039615100158065131e-01	1.879471212390634527e+00
3.766415573520020543e-01	-9.785087630230285272e-02	-4.114563967163341607e-01	-8.610052000474589518e-01	5.076521031306664433e-01	-7.893474154986249713e-01	-7.784286494594028216e-01	2.282134088972755048e+00
1.729918527241746662e-01	5.553267042513588825e-01	-3.413155165779224731e-01	-1.642325628549180738e+00	-6.110600295355406164e-01	1.736276649960089680e+00	1.022671183432877218e+00	-1.802106612452745449e-01
1.620818807840054498e+00	-2.597517239822516033e-01	-4.659954278693091423e-01	-8.593671159064905640e-02	-5.761354001917119438e-01	-8.701429722301555758e-01	-3.831973203514107418e-01	4.934643472855793078e-02
1.697165594756022022e+00	-1.802727745497703649e-01	-4.861924427478711563e-01	1.102638425251529636e-01	-6.869856774160404411e-01	-7.664469998965884878e-01	-2.868200764899653810e-01	-2.165637409573234473e-01
2.067985361657694310e-01	-1.413846898451041501e+00	-7.434773467028368277e-01	1.630085737103215582e+00	1.216979868793432118e+00	-1.549690830008622344e-01	-7.510821339134581276e-01	1.353727127099817906e+00
1.791611661248359688e+00	4.350112834332704459e-01	7.353378226747161461e-01	1.772245016384800254e-01	9.670131977818327562e-02	-5.638837083385224158e-01	6.383429145842949293e-01	4.783778079143088946e-01
1.630676581455178686e+00	-6.361079288113369312e-01	1.962764690371152088e-01	2.390117997902573510e+00	4.308036518917878199e-01	-1.865390168246381097e-01	5.040897736799920814e-01	5.132574810088152972e-02
1.379905719189251867e+00	-1.171490470811746620e+00	-8.510462248827350695e-01	2.306149679393934449e+00	-1.213959291249752381e-01	-3.346654558018569148e-01	-4.448585224290541040e-01	-5.876179356105053486e-01
4.250710775163846211e-01	-7.997019661352040149e-03	-4.285528137623708100e-01	-7.568523756504641486e-01	4.886171282537306038e-01	-6.586416590207692101e-01	-7.596734847704647020e-01	1.977324699639695371e+00
-6.621913323244650595e-02	-5.675426733513233568e-01	-9.359350090095707175e-01	2.419861694836044741e+00	1.099135591336250162e+00	6.166353522540718446e-01	-6.157002906819926125e-01	1.149023480791192986e+00
4.009809492182259127e-01	1.376503030640716385e-01	-8.356560321956064685e-01	7.819244970093127689e-01	-9.144895938620328790e-01	2.882266387354668780e+00	1.009456053103608753e+00	-1.000251490307047630e+00
5.349383441985301468e-01	-3.199049952460876756e-01	-3.512296198724501051e-01	-1.086042990975950140e+00	5.804040246767560030e-01	-9.265410251175768552e-01	-8.670088298088618473e-01	1.822538292822646344e+00
1.150051931641245667e-01	8.026017587146678789e-01	-4.395724964825697967e-01	-1.872419397220779436e+00	-9.832215503296741765e-01	1.576252053452741997e+00	1.231364913371092218e+00	4.495174932669907530e-01
1.628869929521067350e+00	-5.133647630994835342e-01	5.164717813291108683e-01	2.489937727341424267e+00	6.072401181566741135e-01	-7.887050494917213772e-02	8.115382347759892978e-01	2.757409658510237005e-01
-3.827326314284864878e-03	-1.051962101310220943e+00	-8.265050375261471238e-01	1.499451281649524459e+00	1.027586629787385686e+00	-1.193423480100337802e-01	-7.280177238648618543e-01	2.009923850213997110e+00
-6.583736230955818114e-02	5.946961838495349317e-01	-1.803938562733905515e-01	-2.117932894647559738e+00	-6.931498754948096641e-01	1.538757310280885804e+00	1.361825332586558357e+00	3.304791344673679854e-01
1.507770024193741398e-02	6.893704210647872976e-01	-5.208426941583749192e-01	-1.525778240409207509e+00	-8.896152881027871162e-01	1.937707516451227852e+00	1.302068646170967625e+00	4.299592177151707606e-01
1.094425437361451925e+00	-6.929537485635769434e-01	1.787630142688976798e-01	-6.525749573419679095e-01	1.719693960356862839e-01	4.032201240661068553e-01	9.236829224379858316e-02	-1.186978985422356248e+00
8.072369377099417598e-01	-4.978865798257867681e-01	3.980230012850433652e-01	1.676479402209640313e+00	1.644785370425520199e+00	4.897391066777019297e-01	1.859521716868970109e-01	-1.044220410645996661e-01
1.865994170702403032e+00	2.922400783838036142e-01	5.383859664119706734e-01	2.957156076623224661e-01	-8.478799490897005742e-02	-6.220502952538822239e-01	5.270769494382605558e-01	3.344382197094656894e-01
2.725997944345987523e-01	1.296437881044996576e+00	-4.536340262814566593e-01	-1.586868191584599019e+00	-7.341755006383187121e-01	1.724380105445601385e+00	8.048336835795959487e-01	-1.675267889128994880e-01
1.828556398960847096e+00	3.012409143982793802e-01	5.283619678511319862e-01	2.446422988633406570e-01	-3.443470566248971881e-02	-6.205448089582431548e-01	4.824662524212960935e-01	3.637291218853538899e-01
1.057382856310179475e-02	-2.107656080418938982e-01	-8.519205201212420864e-01	1.521881502797634234e+00	8.541171631662392016e-01	4.196175274898295005e-01	-6.603399671666828619e-01	1.239203658457121326e+00
1.481890476831607684e-01	-1.291823471054424077e+00	-7.610685661644674971e-01	1.121713802732137832e+00	1.033867597826147122e+00	-3.245290260880635547e-01	-7.925580106658617341e-01	1.735894050492787777e+00
9.674240260036429673e-01	-4.616864468394443061e-03	-1.222967303536989375e-01	-9.120016256344233296e-01	4.207880313983112797e-01	-1.308714592651489816e-01	-5.901758174899410792e-01	-8.094669622440786583e-01
4.869930875018168015e-01	-1.387407269991546843e-01	-3.834006051809610849e-01	-8.905844619930407546e-01	5.663798351774018691e-01	-6.971638381733580303e-01	-7.987530402716815914e-01	1.685698042623567705e+00
5.921435325393912263e-01	-1.344330450658538512e+00	-5.222236360055436677e-01	3.365051977239084668e-01	1.177585272140752259e+00	-4.776533074824832470e-01	-9.086629023258505633e-01	3.851152846240995520e-01
1.890887330185903048e+00	3.019940468592313687e-01	4.959285543451289469e-01	3.283863715285561535e-01	-1.247726494528591940e-01	-6.563365741563400579e-01	4.993762686193586875e-01	3.491061505721033686e-01
1.526607725262237425e+00	-7.229270201599885537e-01	1.811974688734659389e-01	2.558063566614397377e+00	5.952190775227609310e-01	-7.714979701269397694e-02	4.928973922654595885e-01	3.215605633147611275e-02
1.729876035743505291e-01	-1.193569658316272264e+00	-7.608892669998185143e-01	1.070404426012920851e+00	1.086478414628148759e+00	-2.843331750186939288e-01	-8.280834523618733067e-01	1.574941760411686209e+00
1.294720824744045373e+00	-1.104327732349291713e+00	-8.027210443710127707e-01	1.979825159491075626e+00	-3.693706670849184609e-02	-3.215648654251150873e-01	-4.643483264668567534e-01	-5.113096451769878481e-01
1.944780607569281505e+00	4.151699389012514230e-01	8.217349849155209940e-01	4.917196551355393352e-01	4.037049713809082174e-03	-5.893878170726394305e-01	7.851636016800662699e-01	4.861888930486910620e-01
1.707923669548477574e-01	-9.498259937623300120e-01	-7.352064210985984616e-01	8.349521578808720701e-01	9.795773473110748197e-01	-2.937922185422292554e-01	-8.066305483555732403e-01	1.734200548063087099e+00
7.512671690320760209e-01	-4.896815594262127758e-01	2.809337681573714218e-01	1.703653969346496933e+00	1.617660012458805419e+00	5.013833738222478464e-01	1.140327004761494678e-01	-5.163513623953099735e-02
7.430322777911719800e-01	1.791342781234669945e-02	-3.591507837139796822e-01	-6.110128244603418857e-01	3.982850498890010416e-01	-2.069980448695194625e-02	-5.757212529666457801e-01	-3.035083002304199695e-01
1.722905793796393858e+00	-1.537653180386002183e-01	-4.973120430093351252e-01	1.473272006015545199e-01	-7.423627122480183083e-01	-7.925531836536087171e-01	-2.698633106352942290e-01	-1.620118666472498137e-01
1.881428896682103280e-01	7.307070461068239098e-01	-6.008362182660641482e-01	-1.399056824519195052e-01	3.300725266878432596e-01	1.299521588412552719e-03	-6.051561486531289447e-01	1.698256454525455927e+00
1.832746254676194342e+00	3.562941337422750321e-01	6.345022855531500250e-01	2.484756045347169540e-01	2.521411051412622562e-02	-5.790097372149913824e-01	5.586102446879519512e-01	3.555277643100215879e-01
1.711070195428917806e+00	-6.385821418095403157e-01	1.869001970721333450e-01	2.406768858290936564e+00	3.338655654910114290e-01	-2.474919018582576458e-01	4.915625944006295489e-01	-1.675606601838712864e-02
1.829675717251083800e+00	2.092345026437712752e-01	6.588623322309394847e-01	1.101095523231190171e-01	8.457535152646850074e-02	-6.615865479493857615e-01	5.030053245498820047e-01	5.098715048358015700e-01
5.316177795222317704e-01	-1.277496332135177548e+00	-5.877130563229602256e-01	5.166399437733376621e-01	1.155809382126952389e+00	-4.314161326676838604e-01	-9.241935240624871151e-01	5.623166457631888493e-01
1.730893619470109224e+00	-6.134477437579940462e-01	4.559389238430294755e-02	2.246771787942206888e+00	1.811497691654094244e-01	-3.315060555617099780e-01	3.670129414774733201e-01	-4.052021930078106987e-02
7.536071446485856917e-01	-5.408669836522652652e-01	2.819627056370495044e-01	1.739023888639493531e+00	1.631593574396350999e+00	4.990442679915649826e-01	1.292312168412550200e-01	-5.885994221379245439e-02
3.878406724876485301e-01	-1.311702413923089727e+00	-6.863071500672652814e-01	1.006420490200613527e+00	1.247125800554139463e+00	-2.595275385130163537e-01	-8.960389962104334804e-01	7.179751051794085459e-01
1.625440503518650992e+00	-1.657939408694664163e-01	-4.500113809155312783e-01	-4.831532030198324584e-02	-6.146086459013384573e-01	-7.338954481854574885e-01	-3.111515716691327094e-01	-2.516583532846911608e-01
5.064559105497589142e-01	-1.822315164702797974e-01	-3.824015877956121190e-01	-9.451551386415212308e-01	5.515475611827339586e-01	-7.958563906631656026e-01	-8.260066835889525727e-01	1.802279439102427272e+00
8.276920674337456818e-01	-1.290433142776157838e-01	-2.145359177205042323e-01	-7.387613284708623995e-01	4.194494565761189842e-01	4.945782528431794112e-03	-5.196789000155289662e-01	-6.686185286010868367e-01
-2.155536957159386729e-02	6.124479453953446395e-01	-6.762669180008106240e-01	-4.685223075473694647e-03	-3.924199365199539935e-01	2.818576815976778338e+00	9.152138150401536443e-01	-4.733844337099191724e-01
1.589219939217061173e+00	-3.254153632354603864e-01	9.934311199675405213e-02	1.513568560362301474e+00	3.307725448461635298e-01	-2.711137874094479705e-01	2.212944972630880858e-01	-5.492619735326465663e-02
5.680786310049176224e-01	-4.308768790680245209e-01	-3.136933128931532200e-01	-1.196757537270795035e+00	6.145684594192373229e-01	-1.022957284590718663e+00	-8.885409866518712008e-01	1.804516783523952395e+00
1.474701997895953909e+00	-8.602958031321250587e-01	1.410660731929013756e-01	2.406658966129812782e+00	7.201249819652515427e-01	-9.612045524763614124e-02	3.262810547473186107e-01	-9.205123477011656341e-02
1.753958087669448052e+00	-7.111372579967696339e-01	1.807005452668271062e-01	2.609328008327533865e+00	1.993323701994162422e-01	-2.588948242377847042e-01	6.276327399194202572e-01	7.870805642010089698e-02
8.213262204260228794e-01	-3.799527841718274290e-01	5.666396790027936614e-01	1.644637589686327450e+00	1.645973056234490972e+00	5.165573977222321922e-01	4.042996571708928899e-01	1.207348692099317888e-01
6.835783725366361141e-01	-3.913782770900752217e-01	-3.196962645585104124e-01	-1.171321204914204328e+00	5.753419262231941333e-01	-9.307121455162077339e-01	-8.922157427433652366e-01	1.409898421547168157e+00
1.864921237953111932e+00	2.702724527191318060e-01	5.039419245681419079e-01	2.733923844042503437e-01	-9.143266923163745341e-02	-6.756679593533875261e-01	4.788772087934637933e-01	3.938103590650270380e-01
-1.531973652934428068e-02	2.851825240628256264e-01	-4.324363610030369509e-01	-1.541099348446863138e+00	-9.398496213275303601e-01	1.979173071990674160e+00	1.504173745686228525e+00	2.964297750297887890e-01
1.539641243774460433e+00	-6.691974319487926648e-01	1.981701959930753931e-01	2.473548564824505913e+00	5.668824531613311235e-01	-1.022924775302548744e-01	4.987435641065740555e-01	7.141410278648013810e-02
8.741511117047542911e-02	-8.961287299037115073e-01	-8.113324497301463989e-01	1.351858503678047052e+00	1.020998230589537314e+00	-6.966400807290763775e-02	-7.509396523730339501e-01	1.704636772541677781e+00
6.555984859374266449e-01	-3.782950806104787289e-01	4.181650016258495750e-01	1.702028870743357514e+00	1.727204270935331909e+00	5.622864348988398930e-01	2.551992238410872305e-01	1.908092390123518334e-01
7.203099564124240128e-01	-3.687357606562420842e-01	-3.067305015461413986e-01	-9.761789628737925772e-01	5.455156387470501134e-01	-6.069270466032581357e-01	-7.689574716012241851e-01	7.168745050798025487e-01
1.635527111047277771e+00	-6.008400347117164308e-01	1.763798111930502954e-01	2.266777467446023042e+00	4.112092269663790156e-01	-2.179872945767324932e-01	4.491430045461228815e-01	2.579723591343266453e-02
4.095859435406765670e-01	5.923349999534635590e-02	-4.391874616727022285e-01	-6.926097542985356625e-01	4.705908101412652478e-01	-6.019249960212955664e-01	-7.399346843321074063e-01	1.959281618777442668e+00
2.687045366679688962e-01	6.311855269559418780e-01	-7.640604333441565199e-01	7.749693042105425533e-01	-6.095274726120163411e-01	2.900403418045480297e+00	7.955672654468369798e-01	-9.968002083015096160e-01
1.747879313046855732e+00	1.199625586426135815e+00	1.259283839561385676e+00	1.267750796676801045e-02	-8.445303811015633100e-01	1.755597120468393557e+00	2.222245491173751475e+00	-1.494275765903970266e+00
1.751600255335048484e+00	-6.611751552500688689e-01	3.282786150608552611e-01	2.808728274616571596e+00	3.331700851769193172e-01	-1.635385302296357424e-01	7.799632619543638290e-01	2.144459754507409555e-01
1.781298687385237445e+00	-4.905328998506208737e-01	3.024259620111217628e-01	2.144569386027842750e+00	2.574040032189304772e-01	-3.331714072120220971e-01	5.711270105591734758e-01	1.382521192963934442e-01
1.285472706468835935e-01	-1.100022664751099333e+00	-7.671494082051739660e-01	1.091171681858110531e+00	1.063124047433704700e+00	-2.479821590084383132e-01	-8.067015400836092809e-01	1.665259987368532979e+00
1.780479262263347406e+00	3.319357684912224160e-01	4.217043297604400331e-01	1.849704071718727971e-01	-5.781182694118956744e-02	-5.539824754663907891e-01	3.979077261917581820e-01	3.028264811218717711e-01
5.803472899259901618e-01	-2.212730794971697612e-01	-3.338351143887044459e-01	-1.045607122862993954e+00	5.772068042279666633e-01	-8.711556644098684687e-01	-8.737568667886111973e-01	1.648669502652166274e+00
1.096465223459650584e+00	3.935088260314585362e-01	4.139164063725014886e-01	-2.928207374925695383e-01	8.225463648668934757e-01	4.319610494304436388e-02	8.996746735660131333e-02	1.402920840412045234e-01
7.747116223126898626e-02	-1.100067997942065112e+00	-7.577938224415237123e-01	9.921036561938728626e-01	1.009541736639504972e+00	-3.528122496737482461e-01	-8.013000976794052432e-01	2.052526656757114765e+00
2.760735299753749317e-01	2.883113201315913310e-01	-8.222364682325482566e-01	4.403727027522902904e-01	-9.116982260984098918e-01	2.914745346180552144e+00	1.143243080003798262e+00	-6.233206048138421052e-01
1.628825838830080697e+00	-4.413191485418636595e-01	3.656054098463643043e-01	2.035370041911676253e+00	5.252436685176129494e-01	-1.696739153139870393e-01	5.313929724923447395e-01	2.918551316701803455e-02
1.660741988706919414e-01	4.075654356573250592e-01	-2.939334120719831467e-01	-2.010892956274664023e+00	-9.185692060829598882e-01	1.298206503853497118e+00	1.170804001453225940e+00	1.561092331882541762e-01
1.565029365996077337e-01	-1.057903336704973496e+00	-7.563004878849469703e-01	1.014611425251252363e+00	1.032832684595313744e+00	-2.352019804641947709e-01	-8.001869859046146782e-01	1.603230574934557895e+00
-5.331857427111854481e-02	8.763441033438560401e-01	-4.368026839800303596e-01	-1.618262701134464798e+00	-6.409632516386637446e-01	1.896089315440900869e+00	1.212442779242046687e+00	4.772951832732631461e-01
7.341429907613884476e-01	2.577022895504320621e-01	6.965659115472280782e-02	-1.294777503410316388e+00	-4.584900144070778172e-01	1.580075016940573285e+00	6.074683158606071220e-01	-2.013614317463121584e+00
1.821577158370895066e+00	-1.088281791769133200e+00	6.958764523547171787e-01	1.264646504997183118e+00	6.218793781268102672e-01	-7.671724126589184456e-01	4.662128488255080638e-01	6.758829546717364245e-01
1.501380545326534310e+00	-9.284012387336004757e-01	-1.162152508686679388e-02	2.882114528127158071e+00	5.206457110939244348e-01	-6.459064787025664556e-02	4.098247109628272988e-01	-6.046777370378135508e-02
5.056542217011675833e-01	-1.608953796251947899e-01	-3.961251279775412915e-01	-8.799004543507599196e-01	5.289578075439859139e-01	-7.125003550752898596e-01	-8.010237998761102762e-01	1.695223210492709409e+00
1.672093731407132911e+00	4.940241601877349842e-01	9.337006334167085031e-01	2.316055315735678355e-01	4.606185267076627898e-01	-3.601599555055887136e-01	7.430220303133334703e-01	5.213769227819617935e-01
6.538270611475003324e-01	4.669119705686278765e-01	-9.219767457904608499e-01	1.098727214933505669e+00	-1.150908124695437573e+00	2.799086377720703567e+00	9.001887768259707601e-01	-1.185696755954401160e+00
5.498918239941145147e-01	-6.523520965970820429e-01	-4.734485003955861693e-01	3.888236466517362988e-01	7.846827244311465055e-01	3.543048037699906838e-01	-5.207726182002583304e-01	-5.477534105373322859e-01
1.946088267433331853e-01	-1.186334094491506841e+00	-6.846310196354709054e-01	5.137569035803026818e-01	9.884182734907732693e-01	-5.681256782399135563e-01	-8.585964841486738441e-01	1.997804921628726804e+00
1.632804437269089970e+00	-1.598636290615511046e-01	-5.032467461554297472e-01	3.464149405894648842e-02	-6.424417404152839017e-01	-7.030053556824330530e-01	-3.165439959208570242e-01	-2.127438978567724459e-01
8.592763679346879790e-01	-6.361664121324085430e-01	-1.373817138546515604e-01	-7.455412147400904965e-01	1.716372310447007721e-01	4.017224862041772759e-01	-2.507081486182779484e-01	-1.196112923331356992e+00
7.859582073307938010e-01	-5.716841453249577043e-01	4.424481159659796603e-01	2.032510968689691833e+00	1.703133105298956895e+00	5.780986258727196514e-01	3.412042846980841704e-01	5.195601277768402415e-02
7.416930705320012862e-01	-5.920918195762961966e-01	2.571265691681882126e-01	1.848119254299199321e+00	1.651022880357710498e+00	5.213057664491447252e-01	1.224008866528784323e-01	-7.095278349597097800e-02
1.638575186737568357e-01	3.132989494341827941e-01	-4.612957551702731585e-01	-1.453980381896650131e+00	-8.743625939206022268e-01	1.769714644805889581e+00	1.105075681267411625e+00	-1.513033522194838221e-01
1.497724978493288894e+00	-9.014760761991746918e-01	1.800712171318163968e-07	2.808500501825393680e+00	5.473531563838291980e-01	-6.351137752936054925e-02	3.895615063386726473e-01	-6.836117566475277685e-02
1.522941374111610013e+00	-8.305021780519371566e-01	-1.061166302254224758e-01	2.445675478058531471e+00	4.015220660340694803e-01	-1.786206489746620385e-01	2.048541029079040954e-01	-1.413686025108190081e-01
1.997005422041287226e-01	-1.156141464501018845e+00	-7.489421011245589455e-01	1.012361594784028540e+00	1.078383939762370680e+00	-2.735925630922316221e-01	-8.292919911447721448e-01	1.486600126775864172e+00
1.759331766063473745e+00	-3.521297776206779861e-01	3.412413651456325248e-01	1.872419398201363716e+00	2.525869832114490121e-01	-3.507597164866960160e-01	5.578571809597937525e-01	1.458816255173584486e-01
1.176331317804691773e-01	-3.584905832074197773e-01	-7.865057027575971249e-01	1.442422611176179759e+00	9.868906319610940558e-01	3.716576452537635467e-01	-7.196189859855123272e-01	6.994620727413386474e-01
2.608794877334911777e-01	1.242783683919477022e+00	-8.034093227095525647e-01	1.940415644757072511e-01	-6.199283464278834144e-01	2.581986199582059438e+00	6.490787886796450801e-01	-4.434319728484515943e-01
5.269894517432643921e-01	-9.569910848859105590e-01	-5.933488644514016697e-01	1.614804203019827078e+00	1.232564325735649557e+00	3.636611936847762294e-01	-6.563844981409379109e-01	-5.496106200543999787e-01
-1.148774449055840197e-01	4.218214971149720771e-01	-1.727780326183164239e-01	-1.963845201552105957e+00	-5.997946966891638532e-01	1.705767796736615605e+00	1.439964569130820937e+00	3.345703979053299415e-01
-1.313839038422998443e-02	7.939645731805448081e-01	-4.722858128070107631e-01	-1.459041539918811470e+00	-9.976764883163971032e-01	2.258377834980733745e+00	1.473280404730043180e+00	-4.252472164681678213e-02
1.502123788072019295e+00	-7.018623858457549991e-01	2.410023978726321126e-01	2.465575971428510371e+00	6.703504077308866105e-01	-6.470667429071931542e-02	5.052589816394310596e-01	6.994052106926490486e-02
8.154833610009798450e-02	4.069426715469095512e-01	-6.961806279955209398e-01	5.143999352811006176e-01	-4.481804391500564533e-01	2.941208615670261484e+00	8.942978920186346325e-01	-8.158367010988638590e-01
5.867311002982792401e-01	-5.825375722455987670e-01	-4.202169738605352478e-01	2.674700333701263699e-01	8.221490711885337532e-01	2.879536077711971620e-01	-5.918692384815202878e-01	-6.569663383586437089e-01
1.183354727993795319e-01	1.635149605285425578e-01	-6.774600223580705682e-01	-1.061471322780762172e+00	-1.128308523377641537e+00	2.162851309198456917e+00	1.430133896978010188e+00	3.095700037986474640e-01
1.098678625744515663e-01	-1.146972434538838348e+00	-7.217276776790770842e-01	7.554747471832378158e-01	9.733987142901076028e-01	-4.884855545284749190e-01	-8.150846646377816196e-01	2.193902495654295404e+00
2.981228291576496492e-01	-1.183264168642001346e+00	-5.719192936056523013e-01	3.397140775487950820e-02	9.914968829391986871e-01	-7.315490821666212895e-01	-8.902505825310053078e-01	1.867565373174458365e+00
8.720127711608692822e-01	-6.471053076963486639e-01	-1.087116976326324841e-01	-4.399254475044759860e-01	6.059108794988938840e-01	1.670599870463030934e-01	-4.984577896969821231e-01	-1.251485116124596342e+00
9.770125452948283384e-02	-1.064527179032988657e+00	-7.460829194768467953e-01	8.526618984526519451e-01	8.710800545794401550e-01	-4.416353137892227720e-01	-7.748622245832404998e-01	2.339312941686214842e+00
1.001278143806795917e+00	-9.116862052196117450e-01	1.371816493271677262e-01	-9.775141726443472567e-01	7.145329966166463764e-02	5.059494442826351079e-01	-6.978913061799052464e-02	-1.829844626414287356e+00
7.673834185465340241e-01	-1.626797286799400055e+00	-5.472517551763215193e-01	9.916844134828169954e-01	1.158008722378253808e+00	-2.385016161582513006e-01	-8.028975611198125861e-01	-3.271331992322485949e-01
1.179236891331767012e+00	-1.319493935453662115e+00	-8.538688757232518745e-01	2.421412984327191875e+00	1.635271865237967748e-01	-1.810641330795222381e-01	-4.732326294021052537e-01	-5.925192555876831468e-01
1.749815740338235059e+00	4.267484490315863743e-01	8.511683056542103110e-01	2.606784758931046109e-01	2.637618314556096077e-01	-4.487106816132615528e-01	7.282630786910688769e-01	4.875067377360269849e-01
1.317487889320817507e-01	1.093726581139346510e-01	-4.140617661220247214e-01	-1.539509039076262464e+00	-8.501260126092871072e-01	1.662562795631060908e+00	1.200580815265077650e+00	3.918672829870747942e-02
1.627638144847403101e+00	-5.553115355812110465e-01	3.933228221204758124e-01	2.467253295751124398e+00	5.419020405574839216e-01	-1.216054763537203764e-01	6.948622798984527282e-01	2.122866815344684188e-01
1.674393483955389783e+00	-6.534707499748785287e-01	1.876444444171183057e-01	2.356615162693358911e+00	3.978171855983196337e-01	-2.271927495908802608e-01	4.567707007489624216e-01	-5.429361216702078413e-02
1.180882090747282787e+00	1.203551557896734181e+00	-1.736736960850013001e-01	-1.397207910293239763e+00	-1.486564096969013704e+00	1.546886028611986097e+00	8.304613279172337048e-01	-2.070599693076154768e+00
1.574629629223621263e+00	-6.743829323781980190e-01	8.844729178270382963e-02	2.312630033591695167e+00	4.554407915514774308e-01	-1.856623616547033173e-01	3.651609526708656794e-01	-3.366046321139447989e-02
7.991557502961270654e-01	-5.735179511793575546e-01	4.348810241775231678e-01	2.107106175074725751e+00	1.685294977291722951e+00	5.963702126680625604e-01	3.620510874980484850e-01	7.342111972164355738e-02
1.819472471455455986e+00	2.394389599800035573e-01	3.401558811405895333e-01	2.410328400548799599e-01	-1.541110236914122189e-01	-6.654084583015709153e-01	3.459542337057411876e-01	2.932496384115765298e-01
9.390717454568476841e-01	-4.833287356425465808e-01	-2.168744382802507975e-01	-1.036908762273917262e+00	4.741087829832463241e-01	-5.000130786915136794e-01	-6.755766898612969307e-01	-7.182224275472672004e-02
6.117540958714111632e-01	-1.409621117852334349e+00	-5.488993191447210096e-01	5.628991543680783582e-01	1.175495977015927895e+00	-3.999482881641154286e-01	-9.044955845337909750e-01	1.841740363626741261e-01
1.496321042338617513e+00	-1.279464174104798735e+00	-3.753171826705294090e-02	-4.042144211630790407e-01	-8.948726336797305780e-01	1.208394998713111929e-01	4.763679598960197659e-01	-1.646959023944537304e+00
2.352250960872219188e-01	-1.431653944990518568e+00	-7.280626871881166196e-01	1.037291398292742528e+00	1.143111448638076233e+00	-3.820989305114612100e-01	-8.516683142774651438e-01	1.455458887625195041e+00
8.994854744178653050e-01	-1.905383054022034006e-01	4.693409443522759128e-01	-1.472262401924951947e+00	-2.562855086921699832e-01	1.138796755984735620e+00	5.361320847710808746e-01	-2.354923816650082546e+00
2.358708695091273067e-01	-1.318045373160132039e+00	-6.937342459359676639e-01	7.834981492206944953e-01	1.116873595672944308e+00	-4.465419831813728924e-01	-8.621354224793442711e-01	1.565551004341179775e+00
3.257178526720668765e-01	2.868777604930810021e-01	-7.010944621449913816e-01	3.680444996202021368e-01	-3.960797840950821547e-01	2.446885080581816752e+00	5.071642504407727348e-01	-1.039095079831762414e+00
1.396757470695950132e-01	-1.065446531092974158e+00	-7.028486029021920878e-01	7.086075396146237493e-01	1.065657215950378767e+00	-3.916111319687883841e-01	-8.320998252070194168e-01	1.824196219536705410e+00
1.511256297869337517e-01	-1.096684080995852240e+00	-7.528582669617589485e-01	9.273944616522536988e-01	1.000685661037858498e+00	-3.534420909236077879e-01	-8.139991234578919377e-01	1.858725505895142849e+00
1.333905220860527541e+00	-2.271421600329178170e-01	-4.574548651506936126e-01	-1.689669161570825362e-01	-3.082453706667798166e-01	-5.486413953303298507e-01	-4.215184427322062333e-01	-1.995050354269886361e-01
2.220352379767418505e-01	1.325372973878330862e+00	-5.785314073346178310e-01	-6.519322799648819000e-01	-7.135432803356452913e-01	2.451142929583894237e+00	8.135389393316039275e-01	-8.371681575384176677e-01
4.133238316880836760e-01	-3.927945754665785882e-01	-1.657952178526626019e-01	-1.336681940552402637e+00	-7.916559879612394823e-01	1.827505955443844643e+00	1.239487189530877664e+00	-1.011971750896247357e+00
4.170201090094253216e-01	-4.579006802341156757e-01	-3.395504102091976839e-01	-1.222327583311141774e+00	5.367539886505258151e-01	-1.145899098778835556e+00	-8.677773427941494200e-01	2.461903488136799378e+00
8.416924737624996711e-01	-3.282474657418329445e-01	-1.893192260254014103e-01	-7.869812671125103742e-01	3.894957843772112183e-01	3.017769963044786286e-02	-4.734842776120366525e-01	-7.410715677480215202e-01
-9.384223886460178743e-02	5.550919947392679576e-01	-4.350863233865687740e-01	-1.513563679627431213e+00	-8.094999966571986283e-01	2.143609512017700336e+00	1.520755157630696575e+00	4.182439476972683035e-01
7.615172788349198196e-01	-5.619073446159723595e-01	3.470528349629687370e-01	1.904778231674286060e+00	1.668814173999699335e+00	5.316935158705646813e-01	2.224379026543721882e-01	2.105033759876914767e-02
1.618493406520232991e+00	-2.156421458443211758e-01	-4.710581573804139000e-01	1.205518581552941088e-02	-5.897017455409049314e-01	-7.416177951549992597e-01	-3.261404983969334870e-01	-1.936367131398127051e-01
2.158326792149587170e-01	6.495194634618566276e-01	-7.354757406524568830e-02	-2.148981449614720596e+00	-6.470263360336775404e-01	1.500978321429174311e+00	1.113170156626057450e+00	-4.660358534261599961e-01
1.656820844060202524e-01	-1.195073305932636609e+00	-7.447695991042464492e-01	9.371163024605774217e-01	1.014194030708810867e+00	-4.079085458978121692e-01	-8.285972613381197283e-01	1.872851784777318729e+00
1.597578552053134482e+00	-6.083173150805712970e-01	2.231862347905270161e-01	2.331720604605493019e+00	4.959707002032972545e-01	-1.632202834008094350e-01	4.973067113982869158e-01	6.051212659478000244e-02
1.631118230603217478e+00	-6.906048578442401942e-01	6.677066647650295450e-02	2.373703421409172787e+00	3.436847417686581529e-01	-2.414449662003209374e-01	3.925111151950347876e-01	-2.399115443903937842e-02
5.196581443912091647e-01	-9.720292116924336145e-01	-6.651746820613119171e-01	1.626122128464853711e+00	1.180705671357838771e+00	3.803403703259786717e-01	-7.319718342263865640e-01	-6.501889283606839820e-01
1.679183324425520540e-01	5.864831273494862662e-01	-4.835893171696281634e-01	-1.562318320053423415e+00	-7.195855102665548175e-01	1.556322298629249756e+00	9.317937104693019279e-01	2.180591510909175301e-01
8.546347073371388658e-01	-8.200613499182936028e-01	4.811407592285497081e-01	7.454024645198780163e-01	1.461950395562536809e+00	-3.458607563830044529e-01	9.730479857414828238e-02	1.620978976268292460e+00
1.047625211078938356e+00	-5.706717886335364864e-02	1.457273396816825828e-02	-9.404242170662409084e-01	4.629577695519713210e-01	-1.017611673280548606e-01	-4.922728713472395712e-01	-9.365226330665251675e-01
8.408155134183059598e-02	1.020556663070739889e+00	-2.130917943294110828e-01	-1.860528202994151670e+00	-3.416467409325985027e-01	1.536782690143544183e+00	7.990454368723013401e-01	-1.969726234711339785e-01
8.338987815448204444e-01	-3.590942807315396501e-01	-2.593318129950042406e-01	-8.880091081768081152e-01	5.157331069900283893e-01	-3.603576458105514635e-01	-6.427882376587368274e-01	-7.098998948110443741e-02
7.651044439543270848e-01	-4.186431259078928213e-01	4.313143275373111374e-01	1.519960878049557929e+00	1.652871313294118849e+00	4.756387805090446230e-01	2.239110510626978190e-01	1.600080156247035701e-02
9.528525534095819705e-01	-1.323960477874668307e-01	-1.035434812991627984e-01	-9.041900491021616082e-01	4.129880562243917752e-01	-6.315480246348258164e-02	-5.389339121244389741e-01	-9.141687883315037233e-01
2.639679434983203676e-01	-1.514676653895348002e+00	-6.530359536392119635e-01	8.348747797506508306e-01	1.159443233295677445e+00	-5.122477391576086836e-01	-8.416507820821361729e-01	1.574621741710542366e+00
1.155926154520170890e+00	-8.427511038923516384e-01	-5.745116145554037823e-01	8.297792681350284472e-01	1.323806034067891990e-01	-1.981761781819955937e-01	-5.086594253603022864e-01	-6.910184708996195413e-01
1.708432786189148234e-01	-1.313903706424115470e+00	-7.478257769312952608e-01	1.068594015235290628e+00	1.113046575569955010e+00	-3.416661219010423411e-01	-8.324200202051250663e-01	1.611043821017484001e+00
2.566169569576494669e-01	-1.416002049244193151e+00	-7.543795095506469206e-01	1.311368087641619162e+00	1.193764666200522129e+00	-2.501083531565581053e-01	-8.486481860569495828e-01	1.190061412048352585e+00
3.712454542335008600e-01	-8.683887702526979502e-02	-4.261147691709972207e-01	-8.275200310864664344e-01	4.603096703966532699e-01	-7.933170822124374633e-01	-7.689308184466427942e-01	2.341791342699264700e+00
4.855457959207754026e-01	-1.521008590247935610e-01	-3.956473655497800279e-01	-8.909353125725526512e-01	5.258191817502082532e-01	-7.588182563594247920e-01	-8.006186020502135126e-01	1.854206954659396889e+00
6.474531377724251913e-01	-3.886534503365661197e-01	-3.199110626629656506e-01	-1.150410987798258677e+00	6.211277082778103864e-01	-8.755752075695841796e-01	-8.816718355852014577e-01	1.318537619419333229e+00
5.749816834378210784e-01	-3.012353684302603862e-01	-8.970921975937559134e-01	8.075060334058188349e-01	-1.104965659388242427e+00	2.621257578815370248e+00	9.673455338074851140e-01	-1.090778458060024603e+00
3.130781189679266996e-01	5.206675721430883419e-01	-7.999768012235302095e-01	7.392232833004738213e-01	-7.124753964858567823e-01	2.886337308545395608e+00	8.616052368826530028e-01	-9.302140823916935641e-01
9.393252763280093842e-02	-1.287989563953300554e+00	-7.733119808516580873e-01	1.340682643740268132e+00	1.128851418290497399e+00	-2.478159995996791209e-01	-7.880474358255352696e-01	1.719301128093279285e+00
1.806917568690093123e+00	3.291352421483850765e-01	5.681525336454630315e-01	1.277170895346513846e-01	-1.987141720776414849e-02	-6.259059776933851849e-01	4.947065643290378123e-01	3.702082476105806874e-01
3.206370619770859132e-01	-7.643626637800812751e-02	-4.194998051543443740e-01	-8.550512742791531728e-01	4.459318265525342717e-01	-8.229574901039891088e-01	-7.627805049699932782e-01	2.514377726373986377e+00
4.689887170263816740e-01	6.348622470477277568e-01	-1.246460889152566781e-01	-1.121127567878893005e+00	-3.822502940325822052e-01	2.020112890296156039e+00	6.733350867335706758e-01	-1.713635811876335735e+00
1.703958830525494461e+00	-5.571543586148448579e-01	1.750662067084839402e-01	2.210408880589810998e+00	2.914768775499699260e-01	-2.830328902069643160e-01	4.683565776089636534e-01	5.343966231689520341e-02
4.187600096838109964e-01	-1.007491032272839621e-01	-4.014816213745414641e-01	-8.871204601395676903e-01	5.352279039410914319e-01	-7.591906588695400693e-01	-7.867964494574651857e-01	2.078577861834268070e+00
3.812255783875374560e-01	2.172757299961729782e-01	-8.061017836247111878e-01	1.006501722781342867e+00	-9.309293579905379978e-01	3.056691407559590790e+00	1.115823240633799340e+00	-1.079550348825086825e+00
2.047284496613984983e-01	4.641848795331641186e-01	-6.287947762845149668e-01	6.699702267475006190e-01	-3.182729338112030848e-01	2.749791661949263055e+00	5.996083240445013729e-01	-1.285052193990704250e+00
3.194921058445984730e-01	-1.268743372539271608e-01	-4.289308288609986475e-01	-8.507973635405480239e-01	4.573738808312429738e-01	-8.285059006933199743e-01	-7.621400372064145445e-01	2.528478477949079206e+00
-2.536663636148845935e-01	8.408420505731755146e-01	-6.166098831563447680e-02	-1.947868624344424759e+00	3.241165866596396050e-03	1.700732319421909944e+00	1.145419580852965247e+00	3.482354322851037298e-01
9.554794427568390203e-02	-1.297435701472802627e+00	-7.861142659243027797e-01	1.395132155349884995e+00	1.113124230607306586e+00	-2.451337654351370132e-01	-7.859371366704929196e-01	1.785439510366449767e+00
1.798708163721552511e+00	3.678636777130069868e-01	7.580568379992238537e-01	2.359628662671306998e-01	1.577230440866009276e-01	-5.433695043446975514e-01	6.389027377471871993e-01	4.639530588615455864e-01
1.877488252421302684e-02	6.992851351397768589e-01	-4.721461605920500570e-01	-1.663817466517941712e+00	-9.861984309014457661e-01	1.880917605573411366e+00	1.401860946720090428e+00	4.377517806667312050e-01
3.787267522977668666e-01	-1.167536456011931678e+00	-6.424439756062142459e-01	5.268487720697212495e-01	1.111081949294821403e+00	-4.114191858190640039e-01	-8.925423582356674101e-01	1.095014851598896666e+00
1.822419035072326388e+00	-2.786407622418475838e-01	6.913617326184130496e-01	3.104746523173259609e-01	1.510240926357422353e-01	-2.472961642728287168e-01	5.428505016026692331e-01	-6.740039664368945305e-01
7.176794560543368062e-01	9.812527464009339617e-01	7.515177861747213139e-01	-3.992545548298781499e-02	3.068934048605620468e-02	2.115656743351155278e+00	2.267990778699978449e+00	1.118715685905796065e+00
2.775989163689771000e-01	-1.534184427253198590e+00	-7.314274563876136392e-01	1.257864344824547898e+00	1.208197828413866581e+00	-3.220796756274139638e-01	-8.514694450403370585e-01	1.208283378745117931e+00
9.994753221213819039e-01	-8.864450579034770517e-01	1.107309370358594836e-01	-9.326761052484602299e-01	7.306255585709756084e-02	5.278974282530149997e-01	-8.620954193810712041e-02	-1.827714537749402623e+00
2.387151337199858170e-01	7.110931644836405718e-01	-3.991043287051050936e-01	-1.896499740329525840e+00	-9.492249123605608352e-01	1.364005558547848995e+00	1.031377269493585436e+00	1.490747861260774132e-01
4.237135441906964006e-01	4.898117083120138160e-01	-8.437726877626918753e-01	8.445090691057018928e-01	-9.579967853168532832e-01	2.934967703172957965e+00	9.873612412010247530e-01	-1.022757215985021118e+00
2.086338275541370635e-01	-1.233262172798829770e+00	-7.054677807371585452e-01	7.333292942302872541e-01	1.057039382655452275e+00	-4.363387769017362250e-01	-8.466948761546984059e-01	1.676100154019376731e+00
5.334600908308788636e-01	-6.150616841279368252e-01	-2.711771257372228017e-01	-1.356820681691489172e+00	6.077350296453086775e-01	-1.229547696310194560e+00	-8.933665126020305935e-01	2.173696858567364387e+00
2.813619234865619712e-01	-4.569577259074798954e-03	-4.643333518609114030e-01	-7.514861790672430208e-01	3.387935775623112655e-01	-7.659902890617330540e-01	-7.009706455304285377e-01	2.724462268794984876e+00
9.790561180378851702e-01	-4.395959619436554666e-01	4.078486871661716751e-01	-1.252090753354455632e+00	-2.974452164438737833e-01	1.117433964708771432e+00	4.803331260699909011e-01	-2.463343470016739367e+00
5.259090532468770895e-01	-6.833003445418426303e-01	-5.883348647465213022e-01	9.000074805988221849e-01	9.740203338103220476e-01	2.710255602505680095e-01	-6.721684800890097566e-01	-4.563885921104189336e-01
1.447283226188992966e+00	-6.640475946244589478e-01	2.201211549721874827e-01	2.382633417795009478e+00	7.277125746174119003e-01	-2.846235281425931948e-02	4.419341456609943153e-01	-2.972220861059206645e-02
1.619840030952363952e+00	-4.317026584255670985e-01	1.341754307314124706e-01	1.851210624323102572e+00	3.292044124322535126e-01	-3.091410855157593618e-01	3.301836168937824501e-01	8.947620408948955828e-02
5.868951194305550567e-01	-2.802481550177913783e-01	-3.428193788179215717e-01	-1.046091642998966398e+00	5.758103628481989755e-01	-8.809966597797816990e-01	-8.591619539945539730e-01	1.643772507238795422e+00
9.155042546299967110e-02	-9.097564419758457088e-01	-7.577699855841018017e-01	9.111207387471237373e-01	9.346688959286381104e-01	-3.167729735583771911e-01	-7.904131393144110396e-01	2.063832854500970537e+00
9.189269671914922499e-01	-1.016903725838435024e+00	3.914118015078560386e-02	-8.195780028474519696e-01	4.111207522181592466e-02	6.234318132685587877e-01	-1.641050180086837604e-02	-1.668955623632961682e+00
6.125089676545211193e-01	-4.049234901075371984e-01	-3.166291073330472217e-01	-1.173728208166845866e+00	6.255039107978594970e-01	-9.612131943738659867e-01	-8.958883418318156489e-01	1.555077567712966680e+00
1.018147867082019653e+00	2.427146194125741896e-01	3.717470607691903406e-01	-3.526491267888799963e-01	9.008036686694498307e-01	-5.607815881609697940e-04	-3.981534776575577396e-03	1.026174704646705960e-01
1.473838929321805158e-01	1.149402763049857779e+00	-4.207403848620686615e-01	-1.778753891391696040e+00	-5.159899830986754976e-01	1.354452735640273131e+00	7.376227533816290816e-01	4.525584814462506045e-01
1.825234713858314484e+00	2.632642048967018811e-01	5.703180575670855346e-01	1.991715222268093943e-01	2.601955731055580201e-03	-6.407311333854152080e-01	4.879127605402581724e-01	4.122138645595589956e-01
1.881059821808802157e+00	2.761579464174264142e-01	4.812529803124548922e-01	2.718680121173789876e-01	-1.533982017049650426e-01	-6.622618109242904838e-01	5.018143085233666145e-01	3.288277754878302650e-01
1.485335543268760938e+00	-7.256760529105302782e-01	2.898175778569242467e-01	2.673075120111152003e+00	7.096610664838715055e-01	4.428389488777673133e-02	6.155966489035877842e-01	6.241969343957409766e-02
9.016908645433398262e-02	-1.051185650530970461e+00	-7.590220908530656008e-01	9.278353069638984874e-01	9.924025558204138120e-01	-3.513049933130538705e-01	-8.040200216317232584e-01	2.033513284564695933e+00
4.419478878203944583e-01	7.049888385973649418e-01	-2.960608159986514720e-01	-2.027716446281461860e+00	-9.327905635557802722e-01	1.286365284739465542e+00	9.298928391234769775e-01	-2.851812052718702972e-01
3.002724110223158327e-01	-2.067918237130866865e-01	-4.137040301574166912e-01	-9.393290642034162197e-01	4.549959631741929966e-01	-9.072052538667977339e-01	-7.696885501647244832e-01	2.636853317070272151e+00
9.395294090446213442e-01	-1.159601173669837726e+00	2.245878331706494535e-01	-9.931000055606252763e-01	-1.158453756760206288e-01	7.747017611519132485e-01	2.849521216279374825e-01	-1.955615474213909133e+00
1.842712495186962229e+00	5.002751294143854555e-01	8.195087148818054334e-01	3.855447472978580370e-01	1.146102188623312756e-01	-5.026659193534042114e-01	7.500765565522594658e-01	5.716913177701713478e-01
8.921981485566085057e-01	-8.725832229902639181e-01	7.336895725719036476e-03	-8.628214754103006312e-01	1.287468128073636364e-01	5.233806174110301468e-01	-1.025950406948206994e-01	-1.541933265880638393e+00
-8.528401432128836224e-02	-2.152513918486206879e-01	-8.639499823735341533e-01	1.696542828395856350e+00	8.917699939611504201e-01	4.569255506132987588e-01	-6.115905840017034079e-01	1.526648615960152222e+00
-1.895461274455941814e-01	4.205021778136955879e-01	-2.501885452606840143e-01	-1.420951075677439501e+00	-1.429741625990759157e-01	2.010912479588299551e+00	1.207685817114187765e+00	2.704564980187756928e-01
3.794165320165861499e-01	-4.330507606903508666e-01	-3.491282723966329660e-01	-1.184113932190357321e+00	5.345433316198927587e-01	-1.135379707523514581e+00	-8.559649754408220623e-01	2.585624526401090861e+00
8.926974000977147550e-02	-1.103969543453289015e+00	-7.574627803153651806e-01	9.854302531851685254e-01	1.015398899701649427e+00	-3.454128182047934148e-01	-7.994021250413774204e-01	2.003548807067152548e+00
2.488313545587839681e-01	4.656916812172990916e-01	-7.235742810695808824e-01	3.769297772317933282e-01	-5.182971718698488051e-01	2.691697206804615217e+00	7.162766717657602644e-01	-9.188737897002796640e-01
4.901664485792199821e-01	-1.467128102802551792e-01	-3.954193500248759929e-01	-9.018256751737480093e-01	5.203300329917832645e-01	-7.778444123698172730e-01	-8.089418423923799839e-01	1.878632964809439088e+00
-3.946258347702424896e-02	8.710794571034484735e-01	-4.598208604935293820e-01	2.750486878646101196e-01	2.971308390332651206e-02	2.787443705655836990e+00	5.905384187853395250e-01	-1.023980642875408797e+00
7.702491862026143998e-01	-4.852311883427823380e-01	2.818430996682172451e-01	1.641312072855239501e+00	1.583803970099346259e+00	5.041671513190737475e-01	1.236845602061470428e-01	-8.021289645876998609e-02
1.723368389859929184e-01	-1.066418412201563637e+00	-7.295945366983198621e-01	8.751823221925590923e-01	1.027496674415735445e+00	-3.361888508549684129e-01	-8.156947836213450653e-01	1.753923475260015463e+00
4.066253198628784760e-01	-5.947806504967358826e-02	-4.266302381445174485e-01	-7.830977796377761591e-01	5.038089388202333652e-01	-6.655818433898583741e-01	-7.570413260741043482e-01	2.008445391458371532e+00
2.681079759819238184e-03	6.317717321261400176e-01	-6.613606146509920514e-01	6.352177422508029636e-01	-3.567450607690277886e-01	3.062460079037348848e+00	8.969270977773947662e-01	-8.257508955931396333e-01
3.336428988143101959e-01	-1.260875510860172355e+00	-6.582198101175368299e-01	5.710555494838674973e-01	1.083299166031184146e+00	-4.898281688146139401e-01	-9.055563138099145259e-01	1.329262052601304145e+00
7.037768645177234772e-01	-4.638006682515729423e-02	-3.550761022743889050e-01	-5.759144078808022815e-01	4.676465982373844144e-01	-1.487868328229838971e-02	-5.683115511354931426e-01	-2.739317178751485837e-01
1.273693584167417292e+00	-8.877363919761522837e-01	-1.906969127814661658e-01	-4.194471592959933548e-01	9.659286054631202600e-02	-3.156839891102812268e-01	-4.599174747600117685e-01	-1.006585035861744748e+00
8.899297428299868251e-01	5.894510432064092864e-02	-1.091475896120037703e-01	-7.280613374536244464e-01	5.409617625407944219e-01	-5.424120569371444767e-02	-4.981365848654882300e-01	-5.622704225899030073e-01
1.599009090184700499e+00	-6.597432705347385795e-01	1.962277021566852797e-01	2.250599730191562120e+00	5.208335013049821827e-01	-1.864584282526889070e-01	4.050795557225483345e-01	-5.606360460676611951e-02
6.007241862764091112e-01	-1.141497685999021350e+00	-4.904556232740134303e-01	5.449040908326215071e-02	1.066829399062816375e+00	-5.279064187100830363e-01	-9.063849720169501190e-01	5.213938122447674406e-01
7.137004839504524911e-01	-2.924293796482579227e-02	-3.458344967799044656e-01	-5.722095176927882720e-01	4.684729292718095017e-01	-2.519933641901145674e-02	-5.584795506510089602e-01	-2.638387592978703178e-01
4.071279684394896181e-01	-1.951443127896259899e-01	-3.896354809794926877e-01	-9.665245031939213582e-01	4.982429239291604750e-01	-9.020521983233057428e-01	-8.154419256510645475e-01	2.299553111156825480e+00
6.619175882061896221e-01	-2.564242296150129330e-02	-3.573223055316596120e-01	-5.593186738345211628e-01	5.087166000580405356e-01	1.778430722478543946e-02	-5.621941646024934958e-01	-2.260676814303737570e-01
5.860513506708996401e-01	-2.773164890142219008e-01	-3.443413125071069780e-01	-1.092029089789312790e+00	5.504341355265784941e-01	-9.121894504308821761e-01	-8.838534103760474769e-01	1.690802088729714825e+00
1.353833635346328723e+00	-1.176987460837087385e+00	-8.181559298750180620e-01	2.103193790236458582e+00	-1.200478467804514393e-01	-3.419018633403626550e-01	-4.214507832880319271e-01	-5.475495874292847232e-01
9.924275562672807416e-02	-1.297389402779872469e+00	-7.301141736329299636e-01	1.248437637201199157e+00	1.201556220152636190e+00	-2.615389787686360212e-01	-7.973175374297351015e-01	1.724163502711696161e+00
2.269340404503024378e-01	4.005612390081868535e-01	-6.747062331375103250e-01	-1.252070989369184373e+00	-1.106714967030823615e+00	1.844424765524035559e+00	1.185526560794421203e+00	3.372170656527959665e-01
2.945842469290948507e-01	-1.172205957294073508e+00	-4.834950373339197971e-01	-2.289213668583392480e-01	1.115595815498868326e+00	-7.724673152074243987e-01	-8.830697016812146805e-01	1.810537757637319167e+00
1.652796565248021432e+00	-4.908973920216448406e-01	5.148142034077373141e-01	2.386016709717884599e+00	5.811557897265900996e-01	-1.114861659519458675e-01	7.731507987941307336e-01	2.156107388693227489e-01
2.169996589202054071e+00	-5.242155055938483299e-01	1.421910433709849375e+00	1.054213046271958304e-01	-2.293460300308661493e-01	-3.353378970316466673e-02	1.507861582201689643e+00	-1.021883168400119279e+00
6.246575103036640098e-01	1.193360126125140086e+00	-2.690294812085434195e-01	-7.738481060134505540e-01	-7.263276164205770824e-01	2.298059409898661531e+00	7.902440098938315893e-01	-1.589553228093408821e+00
1.205433094238460123e+00	-1.215215605608175986e+00	-8.756106700648621510e-01	2.261039152481505887e+00	7.501354101241830552e-02	-1.664243966195457780e-01	-4.919756045106683517e-01	-5.831844125435330373e-01
