6.641203192356726070e-01	-6.735100678797947271e-01	1.938355949872608841e-01	1.154579646759931855e+00	3.504117624815428211e-01	-2.917803667443358284e-01	6.456280082270315912e-01	-5.100701204560491586e-01
9.130985563082399947e-01	-6.812168231443592736e-01	3.626861099978303526e-01	1.617405668134486607e+00	1.535104155111281232e-01	-2.215165549682868718e-01	9.328525782126975141e-01	-4.963101751493294023e-01
1.367244889634646077e+00	-8.406700670921708474e-01	2.323639238687198738e-01	9.274899205174450545e-01	2.635110446243060789e-01	-5.261732302930069993e-01	9.124841835152266434e-01	-5.314010454926140214e-01
-4.441873037811914227e-01	6.641145487118948587e+00	4.409697696856800242e-01	-2.718258166633459982e+00	-6.926630765081747132e-01	-1.589029755546331746e+00	-2.995115141062635544e+00	5.634823061734130611e+00
1.442897466525036254e+00	-6.747381329671151562e-01	3.952884836631105347e-01	1.394988467587207293e+00	3.716167414578236405e-02	-3.619967929770823711e-01	1.056771877297612683e+00	-5.167459130745779561e-01
1.472274924000464891e+00	-6.760498443518289102e-01	2.477968343168207299e-01	9.261618706000888102e-01	1.908689781073900915e-01	-5.136170355642938334e-01	8.495682024957930123e-01	-4.768711772396021509e-01
-7.305479915598833696e-01	5.026186036253022849e+00	5.000193602571948448e-01	-1.662520590680668375e+00	-2.047884750132643594e-01	-1.148951911600684550e+00	-2.497361875004322496e+00	4.794287162648950940e+00
1.059607996345648839e+00	2.416152466006976085e-01	3.178292714233131311e-01	1.115044741478206092e+00	3.477446599671147887e-01	-2.850533605320634267e-01	2.138578543524674858e-01	3.668124074720346406e-01
8.098772817836655813e-01	-4.828149093871553776e-01	3.221533580367718086e-01	-2.276644455855802995e-01	6.259462753316793471e-01	-5.454476089924789051e-01	5.930152679320217779e-02	-4.347530990061881928e-01
5.145716948023953963e-01	-1.265989928759468641e-01	8.249826626912081240e-01	2.991627783531135565e-01	5.942580740761301827e-01	-3.208423447004870588e-01	9.585782286944455333e-03	-2.068937309199452290e-01
1.582437929786971731e+00	-4.358698802318732302e-01	3.542204548452404511e-01	9.848742786888028400e-01	2.173626390506427641e-01	-5.397462248578158706e-01	7.914875259832598875e-01	-3.005462134159775367e-01
-7.834319488199519288e-01	-6.439117327018815118e-01	-1.712626758585697739e-01	1.321337338845200549e+00	1.201685481870887751e+00	-1.422797869011297456e-01	-6.273784349721492903e-01	1.193709590437625589e+00
-4.959679362605401987e-01	1.167706026445258782e+00	1.650515109496793476e-01	-1.232298337540654182e-02	1.911708355519730340e-01	-2.933003952005584086e-02	-9.487461078990599983e-01	1.147653737871479729e+00
-6.742996473413241931e-01	4.827640348786963465e+00	4.276977967422926907e-01	-1.680312461448428385e+00	-2.083587180661242433e-01	-1.187321281534789552e+00	-2.460766046791455164e+00	4.766108401471946365e+00
1.085736214789136067e+00	-3.804638513795673416e-01	3.458014038995814721e-01	1.505686739153046627e+00	1.763851335064151871e-01	-2.807719460213639606e-01	7.566874569262012074e-01	-3.301733971448242988e-01
9.525584851920880780e-01	-3.640092041836873182e-01	3.572477184280284934e-01	1.396787339953342588e+00	2.216938170162498778e-01	-2.750620405555019854e-01	6.929285668784617158e-01	-3.295426286021633233e-01
1.091777013256752138e+00	-5.539392015423717508e-01	4.589953319811048704e-01	1.620290069013346379e+00	1.546298000045159549e-01	-2.678115628814521920e-01	9.448645749750547163e-01	-4.264116533802718156e-01
-7.455143988785147835e-01	6.102972619219790396e+00	7.552673699426247778e-01	-2.293483656329006415e+00	-3.976951522019931962e-01	-1.397067514267687383e+00	-2.914771433572469483e+00	5.379676043275092745e+00
-3.391828615168138161e-01	5.295502244270296366e+00	-3.265181792925606064e-02	-2.066921785036946790e+00	-6.170425356507422965e-01	-1.297014000561811153e+00	-2.418798841408112743e+00	5.162470890797663081e+00
-8.435580400676209178e-01	4.772620160425619318e+00	8.564888277071772693e-01	-1.873249311176198972e+00	-9.425516950292120444e-02	-1.215935275365381374e+00	-2.710983935624631247e+00	4.326581013504084083e+00
-6.821445217339532352e-01	-6.492590769365041981e-01	4.624359503691566342e-01	8.430539136282043655e-01	9.949969788430814699e-01	-1.529375145763633703e-01	-4.397175550673175781e-01	-3.122767422779800239e-01
-7.296173823232061650e-01	3.614262407890030726e+00	4.065466316904002841e-01	-9.727077999059750013e-01	3.166985677578215697e-02	-7.538005138192160892e-01	-1.990092786795935487e+00	3.665747163971299738e+00
1.656439804405562155e+00	-4.712800719071144617e-01	4.676301648249583387e-01	1.384839452818915184e+00	7.756868943049438636e-02	-4.311862910283925654e-01	1.016624458276005782e+00	-3.542667575044621264e-01
2.774914714160908735e-01	2.196530497406264937e-01	5.221245942830067266e-01	1.476202192404042712e+00	-9.606075936692400896e-01	1.662529419591358915e+00	1.874893077464073299e+00	9.683763333091588432e-01
1.581596720916329746e+00	-5.339746280576962434e-01	3.138969628717002136e-01	1.078044527574435474e+00	1.972563200667130923e-01	-5.084603570077004253e-01	8.558185082067576444e-01	-3.946627180384340017e-01
1.238358711363103826e+00	-3.362490009840634619e-01	2.178790617285407405e-01	1.096911606822607244e+00	1.999777766069441853e-01	-3.686985385729520948e-01	6.202449471103166356e-01	-3.632807871000472422e-01
-2.978632290381246772e-01	-6.482453728886470312e-01	1.318273918096308506e-01	-1.455467270492292409e+00	-7.855454178724290415e-01	1.100518945512307445e+00	1.810239041865697729e+00	1.286575059755516559e+00
1.510657361018617362e+00	-7.152691227044736255e-01	3.768143578067456589e-01	1.166081175355063060e+00	1.720434068833895658e-01	-4.761266714599547423e-01	1.020646819712617503e+00	-5.056571693801933387e-01
-4.781365941515285933e-01	6.422844297258558655e+00	4.441882106027110755e-01	-2.632452525678908639e+00	-6.330182242590629560e-01	-1.579903268226766633e+00	-2.932599797267018804e+00	5.657607980978990092e+00
6.337237452581281349e-01	1.305226113853642511e+00	2.542636246725495375e-01	1.592226035147858987e+00	-1.112813191842644045e+00	1.885350436399602092e+00	1.515861631627132500e+00	6.357293936536589918e-02
9.280939444783548042e-01	-5.008827915085181104e-01	4.618104793089773397e-01	1.748965592800402646e+00	1.498807178401137252e-01	-1.781500374770762229e-01	9.104969330700364294e-01	-4.257971557948730390e-01
1.130262422705201386e+00	-6.079542664652769490e-01	2.688942394315366746e-01	1.229311548351599725e+00	2.430995513555067877e-01	-3.742776514013336775e-01	7.998781108096008063e-01	-4.746652163877519981e-01
-5.214273231609272141e-01	5.321410915014431531e+00	2.998869247673505711e-01	-1.972522465510554213e+00	-3.993759422087639344e-01	-1.278604189374914490e+00	-2.557777350484547796e+00	4.922745339479750903e+00
-3.837204387055297428e-01	-3.847388120167780645e-01	-9.761072760033875917e-02	-5.721440147519566422e-01	-7.107391585182945004e-01	1.414250482909351181e+00	1.600664174893316805e+00	1.051327457463891113e+00
-2.909361797784437709e-01	1.547894619219695400e+00	-4.996367812326528157e-01	-5.666843025470807982e-02	-3.975374329781086180e-01	1.865428147538758630e+00	1.180875353132318617e+00	-7.594462910383941168e-01
-4.455760974349254888e-01	-3.180475690100255104e-01	-2.799833637982101359e-02	-5.275364604847457839e-01	-8.150661163653081243e-01	1.706093678765782107e+00	2.058643950703276992e+00	1.112234926397768220e+00
1.197048946652617962e+00	-7.105863586972815948e-01	6.228857676403310589e-02	4.304866296407880988e-01	4.561000623506930030e-01	-6.036574914464760688e-01	5.908910882506510642e-01	-5.148057689664882197e-01
-6.283709339439386143e-01	1.818895481162916328e+00	2.657793022634906133e-01	-3.989988794827651897e-01	1.549105289960634180e-01	-2.764785264379858165e-01	-1.328364293454075140e+00	1.597129776931882850e+00
1.308253101900062942e+00	-4.773186198478089337e-01	3.843649452104094255e-01	1.467701013250982012e+00	1.398365337408510600e-01	-3.408217952591388045e-01	8.992714523975773311e-01	-3.929680952705807417e-01
1.183592214006230714e+00	5.366763518708166369e-01	5.119544410684649938e-01	1.556158677775667076e+00	3.269312694648496276e-02	-1.459758119400650922e-01	5.102070428836740223e-01	1.578478297675589559e-01
-3.929269218043764111e-02	1.313430815426968046e+00	-5.445562528879831499e-01	-3.622969952704869767e-01	-5.826589439307616747e-01	1.516532775895569785e+00	8.345936835861405001e-01	-6.759878095025252387e-01
1.450918719747732455e+00	-6.653928231707112451e-01	2.781000055988452901e-01	1.053107140561613253e+00	2.048956053340522387e-01	-4.964673953913454341e-01	8.721279398400809679e-01	-4.545579400395540204e-01
1.983810017697023254e+00	1.904413817813369048e-01	2.889395496216220494e-01	2.483071995759969508e-01	2.132561844131130868e-01	-6.693070329777045524e-01	4.824167799973170245e-01	-2.482375202661045097e-02
1.360427802859973001e+00	-9.793971289257541457e-01	2.038903239328800909e-01	9.720235548241017431e-01	1.915330711183520773e-01	-4.949486541943133866e-01	9.743165618916973525e-01	-5.926064157056365467e-01
-4.353675618622516730e-01	-1.939659779265338335e-01	-1.168565989280084955e-01	-4.725000422951298185e-01	-7.289347285416976074e-01	1.668200911197764702e+00	1.951101738350906833e+00	9.846285650934165634e-01
1.743563221043612943e+00	-5.051137433208551242e-01	3.271567026415096446e-01	9.586597180537849150e-01	1.421921431652972967e-01	-5.570006132977571855e-01	8.852445734076018757e-01	-3.767849988344922352e-01
1.918041827626958407e+00	1.345538882734274022e-01	2.921450928575261008e-01	2.774675474852507095e-01	2.117962456333028765e-01	-6.647656045493987031e-01	4.827090796846978948e-01	1.659413044997265496e-02
1.088394550846488507e+00	-4.562864727286161104e-01	5.947290942092980925e-01	1.480693964060666001e+00	5.898794821368431585e-01	-4.882834472324763531e-01	6.551248111155810738e-01	-1.458191657536412889e-01
-4.378897458609038451e-01	5.079650572146110044e+00	3.908839341090157848e-01	-2.097340845092417361e+00	-4.464654576749998993e-01	-1.153575453859243982e+00	-2.531733359636507696e+00	4.259734951081106225e+00
-5.318334286974528702e-01	4.291560568847907042e+00	7.781820564584603084e-02	-1.469771848820228932e+00	-2.251919106074913579e-01	-1.075099924979808330e+00	-2.241378845718112967e+00	4.347513691058451535e+00
1.132656590375180850e+00	-4.075068237589447029e-01	3.590441858152626509e-01	-5.199364035299735010e-01	1.047831247641285712e-01	-4.350619131625700353e-01	1.698555676660247205e-01	-5.849750363678444254e-01
2.792237924887878697e-01	-3.924067885832239755e-01	5.541094056530668777e-01	3.223599643685448046e-01	6.915215557673839442e-01	-3.142941340750681767e-01	-7.590424951598365166e-02	-3.401414965484313435e-01
-6.743764795584912264e-01	4.657334787217581429e+00	3.973152909515941245e-01	-1.500605057295017808e+00	-1.800067660025678751e-01	-1.043451815914908654e+00	-2.358912536453219744e+00	4.438301341126341448e+00
5.891665707122109574e-02	-2.151283411683078683e-01	4.432420745287998232e-01	7.897164102232872018e-01	-1.059332367654492346e+00	1.614156594981346116e+00	1.899091932752821510e+00	1.198458428582350743e+00
-3.701978734099693469e-01	1.032081253830524847e+00	-4.412432052459832055e-01	2.734436704190634781e-01	-5.458936158096959756e-01	2.056627961680293826e+00	1.429886489159431617e+00	-3.484679536917366094e-01
8.044187152179553824e-01	-4.957917865740407160e-01	2.549291459228112400e-01	1.325814052159205225e+00	3.330132686127937891e-01	-2.850601329246840177e-01	6.312980276988995332e-01	-4.065684033331690705e-01
-5.101410620500081983e-01	4.073656952069153014e+00	2.869683692886640936e-01	-1.426489404216567447e+00	-2.140906945862234567e-01	-8.946963943838477373e-01	-2.129821237711857496e+00	3.772186436500021056e+00
1.078219254074471584e-01	5.354557049622743481e-01	1.287403285900046823e+00	-1.658939692076708994e+00	-8.388726350388202579e-01	1.242436344264209458e+00	1.737426753772199461e+00	-7.634169311966679805e-01
-6.507531527522212311e-01	4.820260763040634444e+00	2.777568782644342926e-01	-1.698401861433253002e+00	-2.320478294133904162e-01	-1.212237446040059563e+00	-2.463265898394655817e+00	4.822504672520462776e+00
1.472079863776599051e+00	-5.735862925804162682e-01	1.946197377818094654e-01	8.944135836147141250e-01	2.240603576237442940e-01	-5.178300164831038943e-01	7.547463451077074392e-01	-4.394235393432205372e-01
1.300054044036268897e+00	-4.822228351075921737e-01	3.641267972267880904e-01	1.225413088236001702e+00	2.231157346846001366e-01	-4.101080118023915921e-01	8.007897187961693364e-01	-3.796275637828743221e-01
1.194255399436136900e+00	-6.464514629155545533e-01	3.906797621173873081e-01	1.359384942306258726e+00	1.717358791200822299e-01	-3.545913106886445232e-01	9.248967592551450290e-01	-4.660649793713974587e-01
-6.504304008969763462e-01	4.890367860343652673e+00	4.518989303130205304e-01	-1.721851352979138827e+00	-2.442820484858694852e-01	-1.132607301347279272e+00	-2.459056051783953922e+00	4.608360696624921538e+00
-1.023677470750573304e-01	-1.367482663379091079e+00	2.603826809959526312e-01	-1.275646746295936995e-01	1.434165416606071330e+00	-8.617065356945737831e-01	-4.240176722474559567e-01	-1.663362858832675706e-01
1.073031107451308808e+00	-4.187819231600760639e-01	4.271416433861952022e-01	1.594277604999398967e+00	1.444825624576791256e-01	-2.456246442878054492e-01	8.594181072499148533e-01	-3.684444764533092997e-01
-5.654394778496499852e-01	2.988103789431431068e+00	4.369343736942357115e-01	-9.964561156415625565e-01	-8.564178243106042657e-03	-6.288096755965472129e-01	-1.761393153389704924e+00	2.990287319101194718e+00
1.163167985748787991e+00	-9.007826350052029474e-01	1.424704877541499437e-01	9.724210856693432659e-01	2.326142959949632216e-01	-4.443305928277332950e-01	8.564373387636995405e-01	-5.848454615457286954e-01
-3.750645606297577928e-01	-5.059246157785571851e-01	-9.604295150682497229e-02	-7.420305290025943634e-01	-7.541938794689403425e-01	1.359302908477635796e+00	1.672786590731610623e+00	1.177228965234277558e+00
-5.946346711191284884e-01	1.263836748586710135e+00	-4.106285577275654575e-01	3.034347162160789813e-01	-2.622991393369659141e-01	2.115279752837775362e+00	1.523234242953247053e+00	-4.265756158849829394e-01
-7.288916368239600763e-01	3.934673838562446235e+00	5.953386606241740653e-01	-1.276554426976616252e+00	-4.915982265134673929e-02	-8.411260823866534286e-01	-2.130262939343227746e+00	3.834512761007189852e+00
-3.779173983592948871e-01	2.362747656482139802e-01	6.732511841337246450e-01	2.780279185163660460e-01	1.000599602446481384e+00	-1.863672820913638006e-01	-6.603915210344982745e-01	6.000865727834076013e-02
5.545413831880450228e-01	-7.235614613466428979e-01	5.999576273542226446e-01	1.650008993302376492e+00	6.302744248073360867e-01	-3.474144183027180199e-01	6.800435836941732815e-01	-2.799788588584143367e-01
1.063936223324030816e+00	-6.761777921044772599e-01	2.862064680429586283e-01	1.267024501931433900e+00	2.309500822717758528e-01	-3.495366732298128554e-01	8.480457685331710405e-01	-5.138134696400853407e-01
1.874278496417501050e-01	-4.112522311368680406e-01	2.304424842028754417e-02	7.847496867827338241e-01	4.070216409944040770e-01	-1.186557845630862584e-01	1.827787999277614983e-01	-6.144016741926925373e-01
1.240864466321235815e+00	-5.279932095818775650e-01	5.045635409719932962e-01	1.389350588302158407e+00	5.594146560137464030e-02	-2.847330254960557805e-01	9.506987150704183653e-01	-4.638808614030942024e-01
9.435887598586510938e-01	-8.181347537348284682e-01	2.106378207894459287e-01	1.262850020985727628e+00	2.294159561808732095e-01	-3.244466942361018402e-01	8.428163940200654736e-01	-5.548273117690400991e-01
-3.376498662673531048e-01	-4.090978408000511268e-01	-1.587352927772623379e-01	-6.735111513809497463e-01	-9.763324646273783269e-01	1.624312923887360149e+00	1.851346741235840643e+00	1.105237634639206101e+00
6.533471092177984829e-01	2.568711805244062729e-01	7.779564623012414915e-01	9.195686517058840326e-02	-8.697669942287866718e-01	5.729745644937600524e-01	2.636694282075837670e-01	-4.338082362793673763e-01
8.765283628644445768e-01	-8.041292236891169898e-01	5.996431731945442989e-01	1.745650669647226483e+00	6.815341240846511939e-01	-5.223249981757159821e-01	6.398796216826770911e-01	-3.924952012118408662e-02
8.644433368105540749e-01	-6.865854407269950110e-01	2.401360274768491454e-01	1.239913494271712491e+00	2.814644974439239888e-01	-3.128251554036651783e-01	7.578939505547129807e-01	-5.143603226818274088e-01
1.091665959480838444e+00	-5.107400496415064328e-01	4.473900631431820818e-01	1.641040550102042417e+00	1.610582328551506681e-01	-2.626781902702705618e-01	9.099432516866872156e-01	-4.077721562461851246e-01
-7.017707436515132624e-01	-7.070544970530299178e-01	-2.977083003024094676e-01	1.150380201769133137e+00	1.113026446977825934e+00	-1.329720425853864740e-01	-6.094713806904720199e-01	1.008988755809337778e+00
1.118708372903737924e+00	-6.497919469175491569e-01	3.969788260550772829e-01	1.394910055647273328e+00	1.500112445246466752e-01	-3.086278516968475882e-01	9.382975047603375751e-01	-4.917162405115152457e-01
-5.808712092312792175e-01	4.191405215572551413e+00	-1.043507648943045769e-02	-1.453485564721698875e+00	-1.848803598323601471e-01	-1.137787873803484784e+00	-2.252999157717441303e+00	4.548039461314467680e+00
9.631890218307480600e-01	1.407262180778729443e-01	4.615852308895572742e-01	-1.780032373550554103e-01	6.873000857356109661e-01	-5.586566332998248452e-01	-5.605587380510784062e-02	-5.108274999366606978e-02
2.189311590648415976e-02	-2.096857803638114970e-01	3.909136351324866698e-01	7.312828006050168250e-01	-1.179103621076517561e+00	1.763256187052699486e+00	2.038390074488368509e+00	1.376321491493773586e+00
-2.678821095695053667e-01	-5.087647384536071460e-01	-1.651972956846956830e-01	-7.130901777160411070e-01	-8.670897517534259524e-01	1.326139081322654345e+00	1.385899593925724815e+00	9.588762497886837988e-01
1.141332174856545922e+00	-6.148230461762519417e-01	4.369428201533916978e-01	1.717914158514521006e+00	1.403291959769171482e-01	-2.302486708765214551e-01	1.017789706099589964e+00	-5.558798662979204108e-01
-6.979285672656033723e-01	5.114124046331811613e+00	5.438960283480659408e-01	-1.838142441215118383e+00	-2.479738041461564402e-01	-1.249323363589375901e+00	-2.548280844938019651e+00	4.989503505581017961e+00
-5.825675367120066728e-01	-5.210721270533952287e-01	-5.159735308976315382e-01	9.294620069479492264e-01	9.200206670641313256e-01	-2.482881380464239396e-01	-6.673476944352686457e-01	1.374392357536165399e+00
-5.754793716173552953e-01	3.548568889223842948e+00	3.657195261311927403e-01	-1.145226739375311498e+00	-8.676926655878287875e-02	-6.888952358655994201e-01	-1.954206376380078103e+00	3.187020570994729241e+00
6.071037788758239240e-02	9.418197903311623653e-01	-6.486464067975810099e-01	-2.007225440948895434e-01	-8.038367851985023238e-01	1.570972188652197676e+00	7.502866187704191336e-01	-5.124459218545779349e-01
1.009357817004452373e+00	-5.789969889101904688e-01	5.161939412142091399e-01	1.578274552496032435e+00	3.829028661967881497e-01	-3.573465269311529302e-01	8.260061977427397562e-01	-3.329564095639795385e-01
-6.717626739264287439e-01	-1.048472216390968353e-01	-4.954661435534751246e-01	6.075861309675001376e-01	8.374485145132709585e-01	-4.198748322361012253e-01	-9.052175584923211060e-01	2.063526176079856445e+00
1.021511401029359112e+00	-4.575629332439238306e-01	4.390913897130890309e-01	1.736985913360288070e+00	9.851973409816267013e-02	-1.938597945537225420e-01	9.100800952344443306e-01	-4.063717761710941567e-01
-1.468221418294069214e-01	4.964626012457571957e-01	3.698167374302709920e-01	-6.298507441048118993e-01	-9.299184539188182219e-01	1.914245564716837933e+00	1.956620351300138783e+00	-4.082658221871365289e-01
6.456070006752423485e-01	-2.093350489721726437e-01	1.048382990153075678e+00	1.820154169906706976e-01	2.492929444034584774e-01	-2.737201753453591957e-01	2.340835953098710509e-01	-1.966588356169704510e-01
-4.009742347056568512e-01	-3.531427894312581528e-01	-3.963662654944965363e-02	-5.018888218376774679e-01	-8.343272193328292730e-01	1.693871616884880416e+00	2.097615386835870233e+00	1.127061413019716296e+00
-5.079138707983071876e-01	6.727873454195552050e+00	6.222559829708415036e-01	-2.851093451901630882e+00	-6.551446843361560246e-01	-1.671875032197229327e+00	-3.097659021187461281e+00	5.798860196555843061e+00
2.815457768919198411e-01	1.184244990557643984e+00	2.843637166257096949e-01	1.852438002663901795e+00	-8.515742345063707086e-01	2.000683251848493160e+00	1.717145181160609546e+00	2.297091299322327751e-01
-8.515197203724250707e-02	-1.578255103405696025e-01	-2.983796704490690975e-03	-1.062819173178398691e+00	-1.132088842444034515e+00	1.625095679207544164e+00	1.715334257911618643e+00	2.699109349107317035e-01
-7.115956681113020377e-01	3.107171906429051500e+00	2.861594847281688780e-01	-8.094778123848411777e-01	1.770105346407060687e-01	-8.285669812914511212e-01	-1.896579485292988254e+00	3.692706652752049123e+00
9.072503371088859181e-01	-5.729323493159239611e-01	3.113755400827171727e-01	1.411951834139172135e+00	2.288610679775696932e-01	-2.783509309431337342e-01	7.626041853240754786e-01	-4.213881346968258446e-01
1.417687228743039540e+00	-4.919903094283407108e-01	5.895418488751924535e-01	1.871247651399217560e+00	-2.891319217277175946e-02	-2.394160171468013854e-01	1.149153677407288132e+00	-3.986668270355054333e-01
1.185339876077467602e+00	4.625583914950391895e-01	4.268425472429889789e-01	1.212257094714242811e+00	1.146959263003576590e-01	-2.129895966245822780e-01	4.145186291791232436e-01	6.193464788867164561e-02
-3.772996790515472099e-01	-2.701042642164905305e-01	-2.178274563246535844e-01	-4.187852869621990215e-01	-9.985931599115329682e-01	1.808716181041415849e+00	1.927081918768407620e+00	1.065461133513459391e+00
-9.302479272627030282e-02	3.062645800981516953e+00	-1.075136300950220447e-03	-1.277398663205005169e+00	-2.432381262594521809e-01	-1.221309143780459960e+00	-1.831094889568931405e+00	4.346066809738410086e+00
-6.564288034621248435e-01	1.446734520847457461e-01	-5.429733577102473507e-01	4.409554545328949748e-01	7.403111096283296888e-01	-4.894512609990397944e-01	-9.896198027742075798e-01	2.341978304256136401e+00
-3.259100850359986090e-01	5.875035407671719945e+00	1.528804452219329479e-01	-2.374273902180340290e+00	-6.359182903810510767e-01	-1.424499568561317764e+00	-2.691949741544521491e+00	5.111173270762137122e+00
-3.872221401314691613e-01	-4.199727063814550077e-01	-1.472519103530101625e-01	-6.368229122811817078e-01	-7.558721642084024195e-01	1.411191786920251934e+00	1.547910751499800064e+00	1.112913204509831333e+00
1.207075659596741790e+00	-4.680352849827854045e-01	5.142244708721028790e-01	1.767133750022698901e+00	1.396665661631703859e-01	-2.543588522215934344e-01	9.872479299295353616e-01	-3.797498465470498519e-01
-2.016613822773123121e-01	3.072319685738393868e-01	2.791738598570880914e-01	2.453039082653303837e-01	6.592574634455140581e-01	-1.260838605399670354e-01	-5.389712476213830428e-01	-9.435932134729115017e-02
1.580146518227353525e+00	-6.651761609642635742e-01	1.900173093070230967e-01	6.226708325104949315e-01	2.785977077938608382e-01	-6.197799696105782408e-01	7.933316366752077853e-01	-4.890386631622025138e-01
1.492963685744654656e+00	-8.206298792843005341e-01	3.365583323955727568e-01	1.187034123358094551e+00	1.442382176315975817e-01	-4.724840418146122878e-01	1.066583463366313378e+00	-5.242342998612414817e-01
-9.473665793472793029e-01	-5.780039235193071834e-01	4.434031588534016466e-01	1.045629964099326514e+00	1.099745723161923872e+00	-9.173638003119363726e-02	-6.366515670596262222e-01	6.177207666609846326e-02
-7.658946293671736738e-01	2.919429193780338938e+00	2.632796691605952533e-01	-7.056100394469423387e-01	2.708312978021172324e-01	-7.830342022745747643e-01	-1.874686671608922550e+00	3.536514340475519713e+00
1.675304295766982587e+00	-1.056097021304832184e+00	3.120541407676716283e-01	1.032781494251779897e+00	1.800353306584781266e-01	-5.903471383201845946e-01	1.176519801782251573e+00	-5.412422007838376681e-01
-1.471028790654783647e-01	1.434559133902211236e+00	-5.489936594522308866e-01	-2.527386830733039380e-01	-4.962804559815244265e-01	1.645012365137344279e+00	9.197821861927133469e-01	-7.270963812238065982e-01
-3.438983218715951223e-02	1.271400092709059626e+00	-6.873229573032760831e-01	-1.967367360603167192e-01	-8.216865050531496628e-01	1.791073178684807088e+00	9.621638085488393166e-01	-7.417234525722882221e-01
-7.191456482249308779e-02	6.415958460796366003e-01	1.038445121758463374e+00	-1.489184077053393951e+00	-5.960623185024443993e-01	1.311863526968910065e+00	1.877366228090342481e+00	-5.744396867880720015e-01
1.111336053406629665e+00	3.448755778252195814e+00	3.356915779592092308e-01	-2.970088111774716211e+00	-7.131343094077251255e-02	-2.112869454911968869e+00	-2.056362359070891266e+00	4.244135363517658632e+00
-5.770189443149887909e-01	3.397393871399029486e+00	6.822183799593611875e-02	-1.082198056274948028e+00	-4.115392780434977762e-03	-9.547114860371083145e-01	-2.021690120922116751e+00	3.821853610697878878e+00
1.034720738205709090e+00	-7.286348742559427549e-01	6.962673006060338121e-02	5.072195295307291296e-01	4.425274147225199961e-01	-5.322404285005085667e-01	5.766734512741676921e-01	-5.534945118696857902e-01
-5.898825896799102936e-02	-3.907679795959899671e-01	-2.796498677455114823e-01	-7.083912772503720978e-01	-1.370929248831584291e+00	1.696883847831232695e+00	1.627656234769505383e+00	7.860688318037356570e-01
-2.604193965694187041e-01	-4.162529827568108298e-01	-2.094279118978157050e-01	-6.586547030004036296e-01	-1.055159098386717176e+00	1.602430890192021229e+00	1.660951441215787749e+00	9.673443174615963258e-01
9.922105069852064085e-01	-5.488700000535639001e-01	3.270581600991635529e-01	1.347617371215303894e+00	2.117100499129505875e-01	-2.863846654795415558e-01	7.856101336248139111e-01	-4.608770251993696832e-01
-1.586273092369581694e-01	5.052192695962247349e-02	7.801192728106802754e-01	9.816086833915586007e-01	1.700840840641429097e-01	2.340645510441063948e-01	4.223266064002591247e-02	-3.192313713046236456e-01
1.236677422511384794e+00	-6.161089561508836798e-01	4.054300029117809956e-01	1.487592062333355614e+00	1.093780873066582948e-01	-3.028985312171894040e-01	9.862071767651988674e-01	-4.932507349810423269e-01
1.013899637654022579e+00	-4.604558568344313541e-01	2.405594049092187603e-01	1.209311004156559122e+00	2.832916788916332029e-01	-3.460363428016841048e-01	6.544637331828705440e-01	-3.904261586231988490e-01
-1.354814735240419676e-01	1.780462362280534616e-01	-8.221771786085252387e-02	-7.794051646745623341e-01	-1.003142673132900509e+00	1.798007151382534641e+00	1.818717916061590500e+00	8.261182115668108672e-02
-4.895183672830066834e-01	4.981476531216686432e+00	4.690424610326376920e-01	-2.021516759183808798e+00	-3.974444399065918399e-01	-1.144139048182487350e+00	-2.515452456171940909e+00	4.316896347957224656e+00
-4.327192318934642845e-01	-1.092707179945205942e+00	4.783905828070712518e-01	5.443509850644117076e-01	1.056237922457360368e+00	-3.925704655918926811e-01	-1.081303565583280751e-01	-4.303678835626125743e-01
8.120763402630981620e-02	-1.442752121830690182e-01	4.333067007894770423e-02	-2.457649701499128869e-01	-1.387734501536984355e-01	1.238599274678072321e-01	-2.721155907578070576e-01	-3.935978040778535525e-01
-7.706233896773168057e-02	6.751715400394113775e-01	-1.210341064822139656e-01	-7.250956575499687418e-01	-8.858578636653451355e-01	1.830352135620219922e+00	1.839225373067697511e+00	-2.158222231575638861e-01
-6.319793035757603761e-01	3.945394860739062093e+00	8.390456498183265777e-02	-1.302312118237736849e+00	-1.037442817080030388e-01	-1.060321145439795387e+00	-2.189786565899182413e+00	4.356790355814410098e+00
-4.531321511299916671e-01	6.018898232550768057e+00	3.555662699740482768e-01	-2.442425317807122909e+00	-5.695737581852686748e-01	-1.441884374476013031e+00	-2.829890929347279371e+00	5.163902455289973936e+00
1.332372539344441664e+00	-3.601341697905752204e-01	3.318875207603845245e-01	1.296514846992069092e+00	1.918839648852182778e-01	-3.888263315945530429e-01	7.414809840829058585e-01	-3.162682560776576834e-01
1.291093906413948167e+00	-6.325796019039682250e-01	4.523975959672663638e-01	1.601502536702960722e+00	9.886135252846764421e-02	-3.033912506490781258e-01	1.050684637337439664e+00	-4.948047424217462686e-01
1.424962874299658289e+00	-6.161778694816105739e-01	2.383615635593777926e-01	8.647779539442491670e-01	3.126344853529769985e-01	-5.549181633306115025e-01	7.630266141626139698e-01	-4.272506044454547625e-01
3.952963227685860614e-01	1.397456203693694665e-01	7.584757374879765868e-01	-6.340441226904483529e-02	5.442639591876966554e-01	-2.449063246601139165e-01	-1.402564935709793570e-01	-2.230795735423535542e-01
-5.912250982779817532e-01	5.279370389983147227e+00	4.216685919315678044e-01	-1.840436981546985207e+00	-3.450763338445334005e-01	-1.209730841063370477e+00	-2.547167077427381354e+00	4.851839580209889036e+00
1.757242112728249372e+00	-7.895085350559589710e-01	3.325404465393225761e-01	9.048687616720175741e-01	1.464682299757515127e-01	-5.979164196032287215e-01	1.060960438585515364e+00	-5.001508087162560567e-01
-8.027164632470017436e-01	3.975811225217707356e+00	4.523683565972691500e-01	-1.193635199491824839e+00	3.445405940275850232e-02	-9.407685783813088953e-01	-2.207345541263504796e+00	4.133994118860985445e+00
1.052982869636045482e+00	-4.808165696714382098e-01	2.193734027970563605e-01	1.141368907000813060e+00	3.377134001291498544e-01	-3.885754841704739948e-01	6.304959550591691109e-01	-3.906356109319427672e-01
1.201481315988091270e+00	-6.606882769442398162e-01	3.616809489610136596e-01	1.271620960730827754e+00	1.934714935477409858e-01	-3.669118556237152551e-01	9.066972474897320167e-01	-5.111049705873723648e-01
1.218298774796245043e+00	-4.916922733967167281e-01	4.193704377753824097e-01	1.610429145482045854e+00	3.507825740474992959e-02	-2.400687334158248254e-01	9.467754666149169607e-01	-4.424575316451507812e-01
4.614831884216316626e-01	-4.910550996719054706e-01	4.786168959524319533e-01	1.263712560612713087e-01	5.599827186416189706e-01	-3.346008816420894538e-01	1.356972572094238827e-01	-5.653117416703157261e-01
1.269073054753743879e+00	-5.373396340354422707e-01	4.121875408024653353e-01	1.276470490228269750e+00	1.215803548299122794e-01	-3.381118023146846840e-01	8.865291374154239401e-01	-4.746969852869641349e-01
1.150499729779853597e+00	-5.730817296465130495e-01	2.892811813302593738e-01	1.282943568695605219e+00	1.972788349172215627e-01	-3.537682742991239415e-01	8.160422340154958043e-01	-4.519554588217660207e-01
6.883635110725025985e-01	-4.310247461073586361e-01	2.511933241718748988e-01	1.365806614572471211e+00	2.870743977078940024e-01	-2.125645015910192503e-01	5.866833384729296386e-01	-4.010308000437305398e-01
-8.011186972460326849e-01	3.920599437078486460e+00	6.561322282933809147e-01	-1.460944750842324780e+00	1.646227047261164533e-02	-1.038386987378164594e+00	-2.414742113801016554e+00	3.519864079877454088e+00
-6.415334098244849237e-01	-6.316567098565099014e-01	-4.431450009098605869e-01	1.051971848770132834e+00	1.021470696073167428e+00	-2.104034382829349237e-01	-6.356482318762591843e-01	1.260934995857163177e+00
9.245555743335839294e-01	-6.563995157370027256e-01	2.447382555043591534e-01	1.213783395549528965e+00	3.030615403722614065e-01	-3.419178251331504437e-01	7.443820859692125147e-01	-4.974776869097867205e-01
-5.237777719257250553e-01	3.824231652682130028e-02	1.305884900744993249e-01	3.319210585949188275e-01	8.670770376925547307e-01	-6.531684467604596811e-02	-7.800837720540653164e-01	5.680346603327537380e-01
-2.940777824737521029e-01	-5.455056703193993384e-01	-1.297315775687550854e-01	-7.992317190433253504e-01	-7.814052810603946408e-01	1.221037019124456613e+00	1.406107580095317555e+00	1.039098117162649215e+00
5.251797840608025680e-01	-5.057725300138329327e-01	4.227763476173207469e-01	5.574155742750352971e-01	5.192618225210894334e-01	-3.258956538842731621e-01	2.253570994588900422e-01	-4.372658091717478990e-01
-4.459032465094320274e-02	1.102361539035024096e+00	-6.532396620284490751e-01	-1.398015724331623522e-01	-8.038915126023113977e-01	1.828435889226748712e+00	1.055390127510759557e+00	-6.860438442061116415e-01
1.480711110461418345e+00	-7.147119425385559666e-01	4.290754388363150484e-01	1.251000845141835960e+00	1.909302927123423810e-01	-4.752373991073092219e-01	1.017995118688796552e+00	-4.592992896803224090e-01
-5.753376910182984583e-01	5.124686001477709141e+00	3.750682450610069996e-01	-1.782462506291457860e+00	-3.236636278572729841e-01	-1.219146931823880342e+00	-2.496133853341655051e+00	4.859935573097799555e+00
-6.497192145207406622e-01	9.563114807328895739e-02	-5.509458553248516299e-01	4.971510296019318043e-01	7.357339976811237969e-01	-4.494017236252230152e-01	-9.503223490124349526e-01	2.260983932222460524e+00
1.248086987214869437e+00	-5.455564711827666224e-01	7.310928064515285207e-01	1.293604595610185370e+00	6.939845466459985124e-01	-6.214142142827437931e-01	6.972113281094773907e-01	-1.100054168056057158e-01
-5.893609530773150640e-01	3.985397965029620515e+00	-5.279645849993819945e-02	-1.393149507369269680e+00	-1.511835746216520782e-01	-1.146382387916941026e+00	-2.211904037077784047e+00	4.551477769485772207e+00
1.225812583037378500e+00	-4.892938297167311323e-01	5.190764282883667535e-01	1.872239369997743541e+00	-2.565850537701148265e-02	-1.847273832254861803e-01	1.062178594049443259e+00	-4.120454116233426278e-01
1.355110671172321979e+00	-5.732328452446033840e-01	2.999357197056962132e-01	1.076672009228808680e+00	2.323804526540199367e-01	-4.540821181055952893e-01	8.190671462064504915e-01	-4.547048679418882466e-01
-2.267569941688690749e-01	9.681079641054269880e-01	-5.953695083648355979e-01	3.719559189126861454e-02	-6.989159932681591192e-01	1.957582807845292372e+00	1.250694011590852028e+00	-4.222105514847647734e-01
8.770352471185353938e-02	3.880964089432226150e-01	4.762006650696024579e-01	-1.200449977289681058e+00	-1.241751939869282895e+00	1.877270237048999757e+00	2.144309665103333984e+00	-4.337745160585491089e-01
1.943857171651626858e+00	-7.264718989079055333e-01	2.365970678782508829e-01	4.003761095709018614e-01	2.561847253988727147e-01	-7.750193079189418022e-01	8.867058073649116690e-01	-4.370929869774485277e-01
-5.737707872929290742e-01	2.950454039698402031e+00	-2.503661841999136328e-01	-8.887055186502453852e-01	7.809314781775544834e-03	-9.174903375789418281e-01	-1.849868534492215222e+00	3.888373665179015060e+00
-1.130771433228864448e-01	-4.478660880910962372e-01	-2.269400517653383242e-01	-8.113124877547683855e-01	-1.345223150927762346e+00	1.662057176850034290e+00	1.678450149665696056e+00	9.290905055343617880e-01
-4.295716057936551646e-01	4.580976618946494661e+00	2.554862863152882468e-01	-1.509180618430657317e+00	-3.165120285099186637e-01	-1.041106328033330808e+00	-2.234024605051689871e+00	4.265567650123677446e+00
-6.541200001647390350e-01	4.669295263657216033e+00	-2.332250171684671289e-02	-1.637399602661192333e+00	-2.967607351732661769e-01	-1.251789852579938023e+00	-2.340024771405198045e+00	5.276610388357137360e+00
1.039516590688761788e+00	3.245296367376438451e-01	1.164015353511690387e+00	1.519233833232989550e+00	8.719369208458174203e-01	-5.388686062488804440e-01	3.082756348912640831e-01	7.092163520791010534e-01
-2.478368811111213987e-01	-5.955512621406009455e-01	-1.233916775764882651e-01	-9.508931664751968382e-01	-9.634002839486912606e-01	1.314143190218680424e+00	1.544990882295253831e+00	1.063953967698289205e+00
1.086551039743307134e+00	-8.152721622995400264e-01	3.198130320902706769e-01	1.456016700999383851e+00	1.800013926231154027e-01	-3.205185504969652599e-01	9.809311539622761478e-01	-5.260087345387188806e-01
-2.254276603867261530e-01	1.027166744466370352e+00	-4.199355134498431452e-01	-8.704144794945081753e-02	-4.820599338855460214e-01	1.655925867264411266e+00	1.051270054731942238e+00	-4.065504370440342630e-01
1.117374910744950212e+00	-5.415289237683452717e-01	5.051302425843589017e-01	1.769106051336294616e+00	7.909722793016935039e-02	-2.144125163151266444e-01	1.030295361616945682e+00	-4.465418772519593738e-01
-2.758909863260021189e-01	5.414000830683481702e+00	1.590009723843971989e-01	-2.215297411028657404e+00	-5.853543486102913418e-01	-1.322712709393496056e+00	-2.556252544832501972e+00	4.710691547253270883e+00
9.392039132415792579e-01	-6.583533094814327802e-01	2.264355470887572941e-01	1.128296367841631564e+00	2.818708582895836923e-01	-3.577076674342176132e-01	7.351478017920461960e-01	-4.909407353431378684e-01
-5.113635049852143233e-01	4.613985239517273129e+00	2.101973864756802590e-01	-1.661888834463360887e+00	-2.929484516431360430e-01	-1.124292491282272710e+00	-2.339120906619920337e+00	4.449004282566310309e+00
-4.300907938864025337e-01	1.406910919266997739e+00	-4.378454488513014442e-01	-5.068282005574212962e-02	-3.448118278099553957e-01	1.883621058612347410e+00	1.254496633836303943e+00	-5.673946520331094590e-01
3.248453900518404880e-01	4.950830189776533330e-01	8.391760184629470931e-01	1.138625885934462900e+00	4.149378541569543888e-01	-6.064257002915287437e-02	-1.801597745832282313e-02	2.583225691596983675e-01
1.047572259354399460e+00	-5.860895232490626050e-01	3.851100200246013738e-01	1.553631317240122378e+00	1.271702098314865526e-01	-2.376125195511700483e-01	9.205814674003341969e-01	-5.111378429745669916e-01
1.511943841621647078e+00	-5.927477276918802218e-01	2.479294048207075496e-01	9.204537002980840432e-01	2.420115723738176794e-01	-5.423720035544853380e-01	8.187235897816442787e-01	-4.278020938277404261e-01
1.067069082972855298e+00	-4.007531095603610316e-01	4.303210308136539153e-01	1.714582131307303747e+00	9.496957189336141525e-02	-2.153224447363073502e-01	8.658066286215890806e-01	-3.349599640816429691e-01
-5.979806107901652901e-01	5.804420785380764336e+00	5.772214694404157465e-01	-2.312538639358955095e+00	-4.369042129190101043e-01	-1.455877970243672381e+00	-2.792759178062496517e+00	5.394060219322546423e+00
1.280250568835448854e+00	-5.938196411451012180e-01	3.487667027964926891e-01	1.274825550961626419e+00	1.606506481890737914e-01	-3.805290636877925459e-01	9.028669133012986459e-01	-4.589326050465382112e-01
1.173877215211972525e+00	-6.834959484144388364e-01	2.798703839951489636e-01	1.169672331808469412e+00	2.205021379561020456e-01	-3.950949186832736770e-01	8.617900567544467538e-01	-5.098381021112964318e-01
-6.547327826683032592e-01	-4.750347661015221767e-01	-1.969105053208976830e-01	8.297758396914843848e-01	9.264932462126858059e-01	-8.003414781047069049e-02	-6.604428388662552107e-01	9.052974534932800577e-01
1.137540613917412013e+00	4.089364921497642413e-01	3.991605355751032258e-01	1.125290099391118126e+00	1.544373146834437105e-01	-2.238223334367545614e-01	4.054437993997215828e-01	3.258852013158752836e-02
1.042221903454526366e+00	-5.465916117833889976e-01	3.052667376970627511e-01	1.348851215800255687e+00	2.161174174479634502e-01	-3.147697797188097057e-01	7.936467330883808513e-01	-4.457669007325213428e-01
9.694638140142378679e-01	4.623680680064685133e-01	4.481401818362505951e-01	1.368423252275133617e+00	1.158956509964237658e-01	-1.088048791435653473e-01	4.047378830347087564e-01	3.605433413315617397e-02
-6.170016163106163409e-01	6.543665569244400793e+00	6.578581008765419513e-01	-2.617688926737490096e+00	-5.555022486886344035e-01	-1.562286947559936134e+00	-3.031592479908364002e+00	5.684378141314247124e+00
9.931257474227787041e-01	-5.332304344140013086e-01	2.763256356381975642e-01	1.233273567077172839e+00	2.565390370226114936e-01	-3.423584855848078035e-01	7.292265819449433861e-01	-4.137194032838290014e-01
-4.283092988902172382e-01	2.611105331132838603e-01	7.820379059418226531e-01	1.094762229711544466e-01	1.094702524378613928e+00	-3.022497193411146643e-01	-7.071619342530511831e-01	3.428966228452261511e-01
-2.901237850653823336e-01	-7.607354110307678052e-01	2.176013179927667462e-02	-1.253106130467241286e+00	-8.567893028987991766e-01	1.089948145654071388e+00	1.702769115864828375e+00	1.370607936783616365e+00
1.241601191461818354e+00	-6.131704937603807970e-01	4.400872285980381715e-01	1.340822474082776772e+00	1.305997782046516564e-01	-3.586284986326577773e-01	9.680198399816745125e-01	-4.436479845007283984e-01
1.488364971163819162e+00	-6.673948838380313608e-01	4.476958170950783300e-01	1.283219608936743139e+00	1.035862177733946343e-01	-4.312088552413512188e-01	1.064328135139712472e+00	-4.631851458186045933e-01
1.024895564384377566e+00	-5.211962307496438296e-01	2.309891443804144295e-01	1.182432544027715693e+00	2.697063574326318269e-01	-3.557770512457556489e-01	6.842761826977507011e-01	-4.199388410000798322e-01
-3.886415180325717422e-01	1.120317667884009660e+00	-5.058624779150453499e-01	1.423642297915624910e-01	-4.473889642004671985e-01	2.014881698910902852e+00	1.373731598748201499e+00	-4.902247801372333069e-01
-3.965139257536758333e-01	-3.977902616731567864e-01	-1.294624847766993048e-01	-4.652300259409253846e-01	-6.973205278961167597e-01	1.407290019812005077e+00	1.545873057234409931e+00	1.024720194732113621e+00
1.044498535693112018e+00	-5.599835691587349285e-01	2.271310059597208830e-01	1.043323777201766944e+00	3.086025890822690076e-01	-3.975283652142898028e-01	6.727906409926901476e-01	-4.450229078575665409e-01
4.603918970408428790e-01	7.166159712348886268e-01	3.293715779837569912e-01	1.326579623069154668e+00	-9.718965657238013423e-01	1.952091031160818169e+00	2.151562619734131765e+00	1.968738229765347181e-01
-6.592489417141890184e-01	-1.167569080080191002e+00	4.458290642241026225e-01	1.080633434802969806e+00	1.055526931110939648e+00	-2.767478615599797687e-01	-8.609145934365647346e-02	-2.790606317068183295e-01
1.264503041010945461e+00	5.184160451484797205e-01	4.463572389872942914e-01	1.175968626928723726e+00	1.428903706861765766e-01	-2.481299612649132680e-01	4.299177052847308333e-01	5.469323047218555001e-02
-5.903456587174890080e-01	3.263685644549497056e+00	1.399136662100993189e-01	-1.067622311763511966e+00	-2.765321926780091311e-03	-8.636539735871007206e-01	-1.948927819733142996e+00	3.625302253023446664e+00
6.960599743616359136e-01	-2.418121031007340604e-01	1.198117483191962540e+00	2.258554542398451215e+00	7.464824468101919352e-01	-3.490900945242267905e-01	6.571580552946892917e-01	3.324199943100075716e-01
-4.643665377405488126e-01	1.197790598787922933e+00	-4.625217630576901051e-01	2.711251667814514876e-01	-3.113394920935342314e-01	1.953210519391466615e+00	1.252848538441744708e+00	-3.949702878482522217e-01
-1.663611608088083615e-01	-3.390972463174420914e-01	-2.715863778412180851e-01	-6.028682363125030808e-01	-1.299811827107031581e+00	1.799780851893638012e+00	1.709095951073595021e+00	8.640241110838532412e-01
9.937322866565826418e-01	3.340160418744389514e-01	3.269439092567810179e-01	8.673832708635517141e-01	2.789197260793381261e-01	-2.488825206031774762e-01	2.851637682398613372e-01	-2.053599203046224675e-02
-6.745348261290141645e-01	5.285788670915287035e+00	3.196686194323062891e-01	-1.919057743172423836e+00	-3.448921613983079171e-01	-1.316824968970740750e+00	-2.562783681707933692e+00	5.358364860344988934e+00
-2.337170042358445721e-01	1.269569485873655479e+00	-5.894036547530118186e-01	-3.140328643313781976e-02	-6.038471182330643616e-01	1.966422981537349735e+00	1.245609067285492921e+00	-7.044305556407336466e-01
-6.832841803749469811e-01	3.942326184090020114e+00	4.423967662599002093e-01	-1.213518466247469174e+00	-6.812907372872600842e-02	-8.462057060057075475e-01	-2.104943939196935787e+00	3.866496292389250300e+00
-1.203029829550123220e-01	-5.030472198312618826e-01	-2.563743296441899355e-01	-8.601150814428312197e-01	-1.131508321856986132e+00	1.379814010320139062e+00	1.340541523985376626e+00	8.557803218512780585e-01
1.052834201495256305e+00	-6.947268653008781270e-01	4.855741068973822294e-01	1.205301787622733212e+00	4.833965640862406543e-01	-4.767035880905055034e-01	7.749801757616532338e-01	-3.772461841914674374e-01
1.080127288779857864e+00	-5.097007638679535990e-01	3.328806195689679170e-01	1.131699086530861376e+00	2.339855718803532103e-01	-3.836867809944041197e-01	7.558610846934444849e-01	-3.753997340571132990e-01
-2.915167613472471886e-01	-3.405260138675599846e-01	-2.510044217289587598e-01	-5.148965179252883440e-01	-9.503865563694520180e-01	1.565937655886572966e+00	1.586829300957022459e+00	9.150357206773216401e-01
-6.784179384471430430e-01	5.151743386522216639e+00	5.397913087303018997e-01	-1.882626274302171110e+00	-2.786992521428986458e-01	-1.163017500697448359e+00	-2.585452127914629195e+00	4.644176877367614864e+00
-3.820785021674022452e-01	-6.511666292313300630e-02	6.033437557105116866e-01	-9.697046421230435254e-01	-6.113146959284220250e-01	1.461398790365442180e+00	1.885248713583014268e+00	5.478123563268847418e-01
1.276249824679440925e+00	-5.856192463934325465e-01	2.606167878471524757e-01	1.081181583373497901e+00	2.902763633104270546e-01	-4.561197363720005393e-01	7.564975939687385020e-01	-4.338584667986858379e-01
-5.475531403238391437e-02	6.824275843587990220e-01	9.630824850986757779e-01	-1.611337729072108038e+00	-6.551153714637099057e-01	1.385921152786517174e+00	2.087484534065588093e+00	-4.651970618302787575e-01
1.269126654081165650e+00	-4.437837768025763019e-01	4.268026186971752844e-01	1.534448484602077833e+00	1.583810445937992306e-01	-3.167132124166156526e-01	9.050687677205413451e-01	-3.740464988534685231e-01
8.915433377206062326e-01	3.438266866135820665e-01	8.890855551102553322e-01	1.205751795916214064e+00	7.546348246673367788e-01	-4.271268080532891198e-01	1.876480017303734926e-01	4.033557773501342258e-01
1.245219879692729625e+00	-7.804035695953084328e-01	3.784284167804291554e-01	1.504351554648549527e+00	1.279974676748686091e-01	-3.317003461689096433e-01	1.059066454466878415e+00	-5.211923969229557141e-01
1.288532057142774967e+00	-9.983375979727443505e-01	1.801561642748765735e-01	9.429093475747875042e-01	2.689950267683016705e-01	-5.180472478482114340e-01	9.464984959792920316e-01	-5.623576654073370040e-01
-3.194087332592429052e-01	-7.390041422327169318e-01	1.170963532838454058e-01	-1.191481655352753410e+00	-9.045432792622429830e-01	1.259498840075081061e+00	1.924741667599789485e+00	1.354537686124201556e+00
1.685583893410733891e+00	-9.551459286350875155e-01	2.272921658976538861e-01	7.383950786203281602e-01	2.601191229139193650e-01	-6.529335335997477063e-01	1.019988831934194318e+00	-5.582423279359139956e-01
-9.356691521448149418e-01	3.198986046900158531e+00	5.467888915046040799e-01	-8.573014825868258137e-01	3.215981577098666611e-01	-8.109783160562554771e-01	-1.994062454270450591e+00	3.785161305747278160e+00
-5.546841742059637204e-01	3.845116219973600202e+00	3.757141530670146112e-01	-1.435548084161121896e+00	-2.010338848376665433e-01	-8.237875654938524583e-01	-2.140768394821492393e+00	3.186865603030542893e+00
-2.177830499877065895e-01	-4.574464911733981953e-01	1.592540941279770306e-01	-4.065654377521182306e-01	-1.039433513514617102e+00	1.571080565148148311e+00	1.855929387965743027e+00	1.189279507194938468e+00
1.144754218788484046e+00	-6.290750159088719373e-01	2.657553898330334841e-01	1.161156929657642056e+00	2.475327506564329039e-01	-3.945508126196570209e-01	8.074253208684412098e-01	-4.793121343483631724e-01
-5.876159452178476572e-01	4.834252668613604698e+00	2.953464057120682718e-01	-1.733049395131359915e+00	-2.710009703948541571e-01	-1.188812773958586311e+00	-2.436850861822458914e+00	4.688433108418540662e+00
9.570308935683200513e-01	-6.315643560214927454e-01	3.262257459953543659e-01	1.346081104041220833e+00	2.092630220420702847e-01	-2.894543458673212721e-01	8.186020058240370822e-01	-4.950967568261350760e-01
1.203216209800476832e+00	3.468671039988646676e-01	3.458815415657401360e-01	8.460207670303968586e-01	2.175809692879654145e-01	-3.084910851589453551e-01	3.641209812695650472e-01	-1.573977836190595947e-02
-2.964356253521391871e-01	7.361484063951233558e-01	9.134856119247427575e-01	1.737047207678840355e+00	5.717389717563468032e-01	2.491490160819544442e-01	-1.570775919563405787e-01	3.460870991897348481e-01
7.245863772293402727e-01	-1.880085833245068519e-03	-1.599658280980824354e-01	-4.717428965326005419e-01	4.193539866273453542e-01	-4.050326094753958772e-01	-1.715197895822698770e-01	-3.581106698245987152e-01
7.719959397973771842e-02	5.674776606614645447e-01	1.172898611057104690e+00	-1.629544885785582986e+00	-6.551578999830675043e-01	1.035765588839495654e+00	1.407709775156126719e+00	-7.575306348323821437e-01
-7.709249197315632962e-01	5.471781694648062633e+00	7.365887738300633814e-01	-2.269781926622337576e+00	-2.560628640298732717e-01	-1.442393815668686852e+00	-2.996630985956885596e+00	4.686440062106143500e+00
-3.089023579704162081e-01	1.223900570812539002e+00	-4.931409289183295019e-01	-6.520366987192784125e-02	-4.807218209959426281e-01	1.852661251527758068e+00	1.216310869911114256e+00	-4.893270115156394540e-01
1.464176257656905067e+00	2.458339507392676704e-01	2.664845693325526566e-01	4.983591971436009960e-01	2.403998682728275826e-01	-4.554885333285375038e-01	3.664875693204531215e-01	-5.962511845760012225e-02
-4.266841349396947591e-01	4.626613245288547560e+00	2.405555499040895329e-01	-1.629459381602896828e+00	-3.424975870732130390e-01	-1.066045824193875280e+00	-2.282040764584840176e+00	4.260316657718011157e+00
1.876575654059056575e+00	-4.254929462048634980e-01	2.236529364451453894e-01	5.790280701731181923e-02	2.271355600853428025e-02	-6.478969035888116901e-01	5.943138995525654167e-01	-3.709382939559233150e-01
-4.126483890370978846e-01	1.315125564094267618e+00	-5.235633634668170888e-01	2.621929494931074522e-02	-4.072617519454030388e-01	1.885039903466659394e+00	1.147320836331381821e+00	-4.807640621977224415e-01
-4.919416910714109470e-01	5.297526522053503939e+00	5.558408358788806680e-01	-2.153112671448234927e+00	-4.460986483114575685e-01	-1.202604340036547148e+00	-2.617968695774000487e+00	4.483305069336424253e+00
-4.144876672560994235e-01	-4.292997220892572630e-01	3.971523545808126610e-01	5.119165369679570254e-01	9.248003792562378145e-01	-2.054644324362290553e-01	-4.396026644237996939e-01	-3.639769586363533205e-01
-5.237658471047644815e-01	2.628629189450841785e+00	-7.810484327625180807e-03	-7.586961296894648710e-01	1.056342306734008030e-01	-7.060659859229424518e-01	-1.707389194072987282e+00	3.049799976813180713e+00
1.012233215947087928e+00	-7.440789614228205950e-01	3.434019830649958083e-01	1.524771612864340042e+00	2.047398970492212700e-01	-2.881072365128074519e-01	9.372247551951032873e-01	-5.128838481719467657e-01
-3.900993784302919654e-01	6.220387568555852731e+00	2.237473052841073284e-01	-2.497372065554373854e+00	-6.965353285883413292e-01	-1.487481708312931028e+00	-2.763411342046788288e+00	5.562803181951497145e+00
-2.752452674670884392e-01	-5.574810156862800570e-01	-1.052442659173297573e-01	-9.056165230090090779e-01	-9.715504951441319426e-01	1.412800627765716355e+00	1.705119177965292554e+00	1.143146124211109393e+00
1.395436668606627739e+00	-7.884028911770630810e-01	5.376033101794978064e-01	9.462874713436136842e-01	5.584012139202007008e-01	-6.627156067134870598e-01	8.435928739071811844e-01	-3.466467254444956514e-01
6.931100109693757449e-01	1.464589178166957772e+00	9.270821501021450639e-02	1.042847639431106810e+00	-1.103249321178461750e+00	1.746140387470203725e+00	1.215792998515026202e+00	-3.548365229000164378e-01
3.625336726111909602e-01	-6.839135418602045879e-01	5.086865229017325518e-01	1.393133968262203037e+00	7.888741964106016358e-01	-3.869705388874605800e-01	4.038023131274549038e-01	-2.677183204701778507e-01
9.597323398944348494e-01	-6.539885233454811875e-01	4.481943493184986638e-01	1.884436326900968961e+00	4.180617578546344526e-02	-1.423761049607744633e-01	1.046011023035159360e+00	-4.842774448692650502e-01
-5.279571592035552374e-01	6.800010515660794397e+00	6.933095661810997345e-01	-2.971001498372860095e+00	-6.749265292701445151e-01	-1.621376217779700868e+00	-3.172980677013855555e+00	5.551572704432927274e+00
1.705696734280748084e+00	-6.122032330118054588e-01	2.954724255872319683e-01	9.315663862315549659e-01	1.429751517110939563e-01	-5.546591811181839082e-01	9.215136413148674599e-01	-4.523400119359652916e-01
1.144785719065386065e+00	-4.756061177486150537e-01	4.855106254963090784e-01	1.543784253294792297e+00	8.212834573563362883e-02	-2.424363567477763326e-01	9.166960528859771085e-01	-4.317760107108666312e-01
1.245354536762211195e+00	-6.469639109679305999e-01	1.715340700451564449e-01	7.937250704243565824e-01	3.240339743073773482e-01	-5.100599184430173461e-01	7.101706662890080457e-01	-4.884262261399545113e-01
-1.078071863856121970e+00	1.866797195619749772e+00	8.182285328914409295e-01	-5.291339402625473420e-01	7.645765868912345331e-01	-8.407481173282129738e-01	-1.880175325643504980e+00	2.347991953615251592e+00
2.093196079539179355e-01	-5.253149766791315178e-01	8.934568950649751651e-01	1.582448698776538709e+00	9.849199973788955731e-01	-3.841106328939974945e-01	2.491126251563026694e-01	-4.779942351826454300e-02
-3.379591678117971343e-01	4.639716818580847502e+00	2.169069125558389932e-01	-1.905068739604857786e+00	-4.381463642881189280e-01	-1.077780752431691580e+00	-2.323983799977843656e+00	4.018577630078872254e+00
-4.462610839996635770e-01	-2.066709295334522301e-01	1.445022954123480197e-01	7.544849308075343153e-01	6.956716295320911625e-01	-5.053802555977064681e-02	-4.746887624056526644e-01	-2.257491886108539125e-01
-4.831145593626767210e-01	5.371639581043279321e+00	4.596793412386573907e-01	-1.999547964543305856e+00	-4.352317927115189611e-01	-1.242281036248148895e+00	-2.583104534619913739e+00	4.764284633524338730e+00
-3.850258863098974249e-01	1.034300605877374268e+00	-4.562384374310656798e-01	1.591392517015977615e-01	-3.877830259696805615e-01	1.792787336672049925e+00	1.081155936259069250e+00	-2.551762197770151563e-01
6.888832414542663818e-01	-5.004195428586350608e-02	4.980600012031894952e-01	-1.130494245701034739e+00	-1.028409230350772807e+00	3.946154587966400618e-01	-1.089434219199537368e-01	-6.460291075965228780e-01
-6.169773635570999781e-01	6.037002112405988719e+00	6.253816700902729009e-01	-2.400409909902027294e+00	-4.739362277772946608e-01	-1.392866849296399812e+00	-2.896129701823074942e+00	5.156273954786089853e+00
-4.054355041016409755e-01	2.832942227723986406e+00	-1.078399803365610518e-02	-8.745269384061779006e-01	-6.064647741191108582e-02	-6.616765903742554134e-01	-1.668975083790257719e+00	2.954202864041393539e+00
1.305048144680919009e+00	-8.264443623677700801e-01	3.071250534415641553e-01	1.166593906987956508e+00	1.616438089239108644e-01	-4.231003720610367891e-01	9.735755066047758755e-01	-5.349960508681329552e-01
9.545324485404470538e-01	8.195088400984416044e-01	1.029770822933337326e+00	-6.667612562455681180e-02	-9.082964374689688203e-01	1.506570907413729010e+00	2.541227813818097481e+00	-8.789912210586674213e-02
1.167737300836666048e+00	-3.291460204822367897e-01	2.999835046045880027e-01	1.351822490499955176e+00	1.423690988565056437e-01	-3.117564159989986705e-01	6.673157825853288649e-01	-2.883427281105409579e-01
1.465357922779149558e+00	-7.217990868678710870e-01	3.544563227535628691e-01	1.095421654754243690e+00	1.810512456513888868e-01	-4.814315889438688378e-01	9.858257597633792724e-01	-5.028631477625642443e-01
6.959574683656922778e-01	4.780002111448275470e-02	5.502978013292145754e-01	-4.226492188671235328e-01	2.373546078695543959e-01	-2.723791161233523050e-01	-2.096871826436783048e-02	-3.613138875308138376e-01
1.680292405465670047e+00	7.324201563314965968e-01	1.382676172347396149e+00	-6.159401381860246660e-01	-7.588467774991070058e-01	8.369893245491788480e-01	2.546931058079716870e+00	-5.818512663910743177e-01
1.182303398777656112e+00	3.889276963203247561e-01	3.576514512503109477e-01	1.041631313065261466e+00	1.287641227077934436e-01	-2.373622024988518153e-01	3.767330230872379948e-01	1.546153309167280776e-02
4.907894717084669289e-01	-3.751840074603300379e-01	4.506490556414214366e-01	-2.710500902081448005e-01	3.295352420986021880e-01	-2.779557089986157692e-01	9.685110232767496496e-02	-6.499927756046872673e-01
-5.037884587047590790e-01	1.435729456950269656e+00	-3.900280807555083773e-01	9.956854161332814868e-02	-8.471972724155910073e-02	1.747431721859981746e+00	1.095352428313657311e+00	-4.264982820638825722e-01
1.256280553853121651e+00	-2.427489029444636001e-02	7.052864691773145234e-01	-6.769338489259288383e-02	2.504267154731756317e-01	-4.672634864614723660e-01	1.617801506266539902e-01	-8.700470173292952636e-02
1.665811972581160871e+00	-7.166105025388402883e-01	2.428855666821459480e-01	5.940775388088638254e-01	2.808111832571982269e-01	-6.668742383902209747e-01	8.436032705743976567e-01	-4.560302420055300510e-01
-8.755552313990871971e-01	2.163267396647458263e+00	7.872403607033672257e-01	-4.589620099449681634e-01	4.615392965922497925e-01	-4.180991603323534478e-01	-1.590335941745607995e+00	2.419666422368283776e+00
1.206302371303922039e+00	-7.099737930636473848e-01	3.747255931013995234e-01	1.200584259293174583e+00	1.822314392563394170e-01	-4.040869491521453249e-01	9.444467043325963651e-01	-4.633443790562468689e-01
1.383025941029608408e+00	2.821342182269854226e-01	3.121805218481357724e-01	6.395129373179625487e-01	2.284275520702794549e-01	-4.053960975496773700e-01	3.783657557097552804e-01	-3.555668953346376171e-02
1.002456797968654723e+00	-5.793630688491565595e-01	4.130758258385920367e-01	1.445274854179295687e+00	2.808881664890187091e-01	-3.225490577329516162e-01	8.248538988768303604e-01	-4.178017931726345502e-01
2.102828474860907876e-02	1.035346623748009787e+00	-6.950690234188887651e-01	-2.225434469517802993e-01	-9.920838436507122271e-01	1.842126987232682200e+00	1.053831618503850986e+00	-6.829743192664150531e-01
-1.794914049820345581e-01	1.265481717793818794e-01	-1.175085343317438524e-01	-8.151383388590878187e-01	-7.477013735250040982e-01	1.421823816271168051e+00	1.289200909642554738e+00	2.309014403053739894e-01
1.683071963667073456e+00	-4.468636332260930155e-01	3.965489581867267521e-01	1.114531155078814173e+00	1.347322627641547033e-01	-5.163051728452281441e-01	9.141699460345160677e-01	-3.227221857946129813e-01
4.346565576356957727e-01	4.642730225824365786e-01	2.242460942017845682e-01	6.897581751080651413e-01	-1.297881084087092907e+00	1.828700653143126686e+00	1.667025710864643129e+00	5.169819001845065154e-01
1.451414870248364242e+00	3.797320428169141948e-01	3.958818753183273031e-01	9.750735836430396430e-01	2.306580729224461113e-03	-3.063443289011819060e-01	4.720895940127075585e-01	4.522902600613948332e-02
1.309993698022176467e+00	-5.636406997360383642e-01	3.483229426717274757e-01	6.627278691301131675e-01	6.870627762923898763e-01	-7.194427824597738885e-01	4.753449141371035580e-01	-1.608767759230019523e-01
7.849208737100884514e-01	-5.929453591757360975e-01	3.604180624820102485e-01	1.586905788686053143e+00	1.952465846898272794e-01	-2.021589740649006040e-01	8.024123221308446796e-01	-4.283283943574293651e-01
1.473369205465792531e+00	-7.040550132720616583e-01	3.851146405004637341e-01	1.256545497003595635e+00	1.507497872303795450e-01	-4.449705486472294580e-01	1.027820245729265780e+00	-5.008327727535808460e-01
1.224756641323343054e+00	-6.353637998145397203e-01	3.521811170303246197e-01	1.328119884352403357e+00	1.705902053174580824e-01	-3.556736621953925925e-01	9.289686784090470661e-01	-5.014734230144646254e-01
1.169284945103759465e+00	-6.575709448479221120e-01	3.328496446916819895e-01	1.293468857197119792e+00	1.949281211875969200e-01	-3.591370614679355033e-01	9.048507716687930191e-01	-5.097810094408343762e-01
-4.212496989500211786e-01	5.245770593999199427e+00	-5.767413003736517052e-02	-1.992675858405983824e+00	-5.699334613248642212e-01	-1.292264297763681791e+00	-2.414235766317979426e+00	5.285347473732545431e+00
1.137704146780750936e+00	3.438647750313882923e-01	4.632652580368308293e-01	8.725669911600736350e-01	2.086081538026874627e-01	-2.847418544316535072e-01	3.843262464721304283e-01	1.155759909062475943e-02
-1.173598986620528473e-01	-4.664397837108172906e-01	-1.097932611131878650e-01	-9.949623811705978760e-01	-1.271403916206887086e+00	1.629744250444954856e+00	1.836725422491852333e+00	8.489074490151484742e-01
-1.391272972536117258e-01	1.212425805442117976e+00	-5.944158305197564385e-01	-1.746687339579499343e-01	-6.418129750081311702e-01	1.737611789305628429e+00	9.772971396991639859e-01	-6.175557770579177541e-01
8.364331016567839727e-01	-8.227046542182632205e-01	6.165207811171233843e-01	1.178982960678628622e+00	8.334119829448928263e-01	-5.950407025265005423e-01	6.585161558366753320e-01	-2.654199016298530167e-01
2.906764984814324548e-01	-3.002236734221618852e-01	5.189694718142020546e-01	1.818147655352989611e-01	4.000718626118777710e-01	-1.738566468996745051e-01	1.777193864710549520e-02	-4.834411623795506485e-01
1.051214804855994389e+00	4.693685742113548609e-01	4.538048377484512619e-01	1.351772410711608252e+00	1.056959307585670083e-01	-1.381310998317215322e-01	4.199996886599096646e-01	6.070684367960260674e-02
1.025818526439596701e+00	-5.705537791806697401e-01	4.530201544815192216e-01	1.663654477712804169e+00	1.301105491942205206e-01	-2.250148181518409896e-01	9.528398915838369732e-01	-4.576283555615913712e-01
1.378721620090873401e+00	-7.216974348235498660e-01	3.266320598594039670e-01	1.079831200141355030e+00	2.060843262374479068e-01	-4.678400197627941015e-01	9.399387071273714866e-01	-5.048989332515297912e-01
1.252932476283143970e+00	-4.008696123531464983e-01	3.463633955287640509e-01	1.334110632817863795e+00	2.279999903088517910e-01	-3.779188193059720979e-01	7.549267878237136964e-01	-3.273302843351781899e-01
1.129306369210514305e+00	5.307239449002264520e-01	4.978967396298025205e-01	1.542836503283616434e+00	5.917443417868711864e-02	-1.356711546549993486e-01	4.710445100859756429e-01	1.672525320715947394e-01
-2.620086708788669227e-01	1.192385984356919115e+00	-5.251167517136471341e-01	-1.145909461300766707e-01	-5.641774567435333676e-01	1.823643963903915255e+00	1.156492972186453860e+00	-4.912277860031175614e-01
-3.109163739325146447e-01	5.757275796941611290e+00	1.561222401613824307e-01	-2.379617528567492535e+00	-6.484178317833165783e-01	-1.447187688693104990e+00	-2.637107492354962890e+00	5.269606025235436420e+00
-5.289944525209889781e-01	4.404934559236314051e+00	2.427871058473527466e-01	-1.566298227145647592e+00	-2.296510402583507304e-01	-1.110755815844595151e+00	-2.306851205115209247e+00	4.343990047012558975e+00
-7.387399055834591444e-01	4.924979768968721139e+00	4.740173291900267039e-01	-1.674483622911660197e+00	-1.993453956173423247e-01	-1.176052692309452086e+00	-2.481400245982292141e+00	4.879545000752018247e+00
1.257733705307882976e+00	-6.248868173993168407e-01	2.097625686858266003e-01	1.058696796771848803e+00	2.400224999442213403e-01	-4.296748944436132311e-01	7.691698472975577738e-01	-5.107007382526749240e-01
-6.769780531052103090e-01	5.267949140968042343e+00	3.638444343779143608e-01	-1.775598905573861019e+00	-3.324413500425087431e-01	-1.200644623042099735e+00	-2.520431326181678866e+00	5.118892059271875183e+00
1.354359507386971639e+00	-6.967314956988472918e-01	4.648324113655531997e-01	1.463605206685660409e+00	1.718735323022915484e-01	-3.883569357133452860e-01	1.040562467936682722e+00	-4.695657927676390453e-01
3.419032225573248596e-01	-6.060065474836635602e-01	7.054582944692295854e-01	1.656841909649498401e+00	8.936970624484970038e-01	-3.925271230097820974e-01	4.153180003704152190e-01	-1.387952816332281847e-01
-5.627183972079292662e-01	4.908611087804000128e+00	2.721103379173310244e-01	-1.645017511013732614e+00	-3.323258817110633090e-01	-1.152986091366828614e+00	-2.371651038656818589e+00	4.878180443330480287e+00
-3.674730151493358909e-01	-3.723467929952110067e-01	-1.546935497598199427e-01	-5.938589558345762631e-01	-8.410877963247945788e-01	1.547843071250359692e+00	1.739210279406103288e+00	1.040116805444248005e+00
-5.245504532379990925e-01	3.918696673050134915e+00	1.220904546100620713e-01	-1.250131216487801566e+00	-1.301920768355802061e-01	-1.005875312274272515e+00	-2.126829594042109139e+00	4.073509098925689464e+00
-5.265306274357759442e-01	4.485282420633548206e+00	3.709114537923750010e-01	-1.691343990996335700e+00	-2.696206485017024201e-01	-1.063439412069753898e+00	-2.318190598500498467e+00	4.221344346207467346e+00
1.149572821937899780e+00	-8.781077158613006528e-01	3.993214402994377243e-01	1.593092421221010024e+00	1.424822551659009895e-01	-3.141203060228728861e-01	1.083595056011399382e+00	-5.143275268882666618e-01
1.205638636240439210e+00	-4.238819396330274492e-01	4.988773632900456168e-01	1.721368659073223562e+00	1.211247039606110631e-01	-2.627939091846085984e-01	9.349797896381008000e-01	-3.498796201458743704e-01
-5.095165361771352153e-01	5.593534819824953708e+00	3.015641540971495393e-01	-2.132793450536489832e+00	-5.010009977327598563e-01	-1.316151513740640988e+00	-2.626335587252031534e+00	5.163899603739360522e+00
1.107061930954584161e+00	-9.745655129355926816e-01	1.786224215384999148e-01	1.123506831996293531e+00	2.520227626094960760e-01	-4.305153728221467468e-01	9.175925965615850943e-01	-5.561749049210635842e-01
1.037310149568095419e+00	-5.085445423978091073e-01	3.189079203542477536e-01	1.387627523368018423e+00	2.090581221874746876e-01	-2.993761555172774758e-01	7.887141708228279091e-01	-4.346331886603931327e-01
1.422153285719134574e+00	3.815227618047914993e-01	3.860699984690421083e-01	9.508256432334222241e-01	1.355750952667263698e-01	-3.468962347012327085e-01	4.566928218147594531e-01	3.312361668331331721e-02
2.715008513538965662e-01	6.161256225105614659e-01	8.128296503917785687e-01	-1.626158637343103175e+00	-9.904241995853003688e-01	1.350249880983501960e+00	1.677662062980178170e+00	-8.777947960005922923e-01
-4.408043519558580980e-01	6.842689001388209569e+00	5.394176409564781505e-01	-2.870937576127199353e+00	-7.376670058937578878e-01	-1.570664629231712572e+00	-3.124484895659776829e+00	5.448612616599128877e+00
1.442780644650468069e+00	-3.576741297574487777e-01	4.448323323184438793e-01	1.458076677666186427e+00	1.162782650864191136e-01	-3.716073380235206391e-01	8.841531140110935327e-01	-2.968926324840486797e-01
-6.533825445529380938e-01	3.420912804723020617e+00	3.027231773651442026e-01	-9.961466060529868827e-01	4.685774929935676569e-02	-8.630870568658489672e-01	-1.996625156498187392e+00	3.735639800516681763e+00
1.054999423420465821e+00	-9.178349426711452930e-01	3.434755299061033051e-01	1.192048719256776579e+00	2.960742219959177080e-01	-4.282028222149806274e-01	9.403754126883616671e-01	-4.805664233817412145e-01
-5.716956817951277525e-01	4.875211447351231797e+00	2.576002784956519798e-01	-1.653285147922437304e+00	-3.061776769484627070e-01	-1.121337388866300522e+00	-2.389327333557393462e+00	4.667296730048063225e+00
-3.964518389992134351e-01	-4.013560388974619086e-01	-7.866554790304740308e-02	-6.217287609760094869e-01	-9.155979605353905537e-01	1.683814657576524709e+00	2.023322451545217504e+00	1.149372697795220777e+00
1.702378151724283306e+00	-7.969452490649654441e-01	4.050035551832714686e-01	1.174346564082382915e+00	9.175939795900223128e-02	-5.194451593813368406e-01	1.140451830255581722e+00	-4.973628565910778732e-01
1.788722242338930624e+00	-7.542267162768007127e-01	2.686129613761912283e-01	5.784191872446050597e-01	2.376769014487023768e-01	-6.911817351365231454e-01	9.399090820541095015e-01	-4.799248325408804194e-01
1.151988914563640609e+00	-7.699403776697967272e-01	5.090229326840430835e-01	1.053900939519593738e+00	6.104866429637171299e-01	-5.849310359546172622e-01	7.711793473371023611e-01	-3.921946736144436008e-01
-3.121706608257021620e-01	3.614903295947109463e-01	3.971827612248394201e-01	3.677513605093755134e-01	8.055225506775255395e-01	-1.153887833131976987e-01	-6.232758078976540217e-01	6.589735377172273312e-02
1.144560111535934732e+00	-4.151449154174354783e-01	3.358542851669225060e-01	1.348977132191560901e+00	2.440215550323307780e-01	-3.511616053808931937e-01	7.299296123770417921e-01	-3.411484707288332530e-01
9.998888703087333019e-01	-7.867620045839811282e-02	6.572480723394702462e-01	-7.898651195827252058e-01	-9.430888067686864495e-01	2.203684326005205252e-01	1.356575170368365946e-01	-5.840778862320590292e-01
-2.520339489230277175e-01	-3.035898098979312176e-01	-2.061801921745739785e-01	-5.983914167365311787e-01	-1.117330968812561220e+00	1.776863170786862955e+00	1.873064201622622882e+00	8.904563087151351475e-01
-6.308139163034386376e-01	-2.055783570094847912e-01	-5.358873499614569269e-01	6.760388251726122677e-01	8.334302673531994721e-01	-3.766837734523141856e-01	-8.363960346887935327e-01	1.901247550419673971e+00
-9.027933786254813686e-01	3.411450281032047727e+00	8.228924072034282666e-01	-1.036591556058554353e+00	2.010032184882864781e-01	-7.305187427089073759e-01	-2.004651797640724542e+00	3.601865306765542840e+00
3.425039734141437919e-01	3.244213135293173150e-02	6.104933867512435386e-01	-8.781297996112087390e-01	-6.835651554808425123e-01	3.625607919165186876e-01	-2.081952243755280374e-01	-5.609992177215469278e-01
-3.512336712037817388e-01	1.807615573548294163e+00	-3.811252178206849250e-01	-1.596725078188480085e-01	-1.235624243771475811e-01	1.703855043171057737e+00	1.140842088066697402e+00	-8.719492845755218990e-01
1.398699937257291692e+00	3.342558425067047589e-01	3.352208161029003319e-01	7.660755271121076904e-01	1.865837598284932064e-01	-3.856637443961075107e-01	3.914776178612586754e-01	5.789295682884065819e-02
-3.910665172874441819e-01	-7.182694616792412168e-01	2.816979592465740923e-01	1.368924913941170107e+00	6.591732779979494472e-01	-5.695178872494719574e-02	8.742150437183059120e-02	-5.184685764526784091e-01
-6.214119391155098482e-01	2.636415785834097747e+00	-2.920441586091859776e-01	-7.502033626733460858e-01	1.323730563190892717e-01	-9.006149776941706486e-01	-1.791443539519774308e+00	3.782819899332980906e+00
6.829340035456370472e-01	-8.359660092572787082e-01	3.200676168002128952e-01	1.453361109135379969e+00	4.364241849667858109e-01	-3.136564130793451088e-01	7.758526695050677047e-01	-4.747525506516504512e-01
1.129694943176744015e+00	-4.045429004591212241e-01	3.102035537595272396e-01	1.285643414573563792e+00	2.496978729204174796e-01	-3.536496547170795979e-01	6.949657549811842916e-01	-3.419604932367010797e-01
-3.691770008531882197e-01	4.697549012952158876e+00	5.345393028062005170e-02	-1.826744310064571719e+00	-4.815402126236677516e-01	-9.748059796543230293e-01	-2.370514928667220911e+00	3.449298089803798817e+00
1.345312607769500568e+00	-5.013766367475884778e-01	3.775014597841609421e-01	1.394928443065264645e+00	1.430364130385729238e-01	-3.679710821263219578e-01	9.051132128930906573e-01	-4.052655078910748498e-01
1.148276029610708848e+00	3.436633451561632580e-01	6.610157681448639577e-01	7.485143076354916492e-01	-3.372850812952259969e-01	-1.084223871834881676e-02	3.505318776830356198e-01	-1.005076032088861593e-01
-2.627028597658754849e-01	-5.657865214644060003e-01	-7.202083457540391087e-02	-1.054456709110338508e+00	-1.118922551209286631e+00	1.543938875132592425e+00	1.924543685972947893e+00	1.232547399075138106e+00
1.389064642066728084e+00	-7.395405181020453522e-01	2.885332362283249963e-01	4.809706365114438942e-01	6.022920055433973463e-01	-7.526275451141108963e-01	6.081645119180001391e-01	-3.389290299320789068e-01
-8.044297499638105586e-01	-3.687192862030819196e-01	-3.610038471208465993e-01	1.006083231673786216e+00	9.973111927524405118e-01	-2.253456489767965976e-01	-7.418733750773284230e-01	1.823641184413939076e+00
1.151023777851608365e+00	-7.890896041697074148e-01	1.901815264533384120e-01	1.055038754796121303e+00	2.340524218520430300e-01	-3.983628552091899033e-01	8.294016185415666875e-01	-6.120206986426923734e-01
-6.792795395205066811e-01	5.306787389701653090e+00	1.667808135603373043e-01	-1.954256826739291464e+00	-3.871851699042396788e-01	-1.398141603262917476e+00	-2.579392423850684679e+00	5.634382681965219852e+00
1.289721048137131731e+00	4.377615352405369586e-01	4.001370394384022866e-01	1.173567568930735217e+00	-5.686575033449269533e-03	-2.021428282400722920e-01	4.496348869261596048e-01	2.334553217290641358e-02
1.123971907418134908e+00	-9.075266298099814444e-01	1.596523748122684605e-01	9.743436387719236480e-01	2.980220590870736874e-01	-4.644624164919418652e-01	8.508752979191058774e-01	-5.597996696553160234e-01
2.265596861696880099e-02	7.994405070761760879e-01	6.694561578251617684e-01	-1.406282090958057118e+00	-7.414063142441725818e-01	1.499703207884700129e+00	1.942250808944749663e+00	-6.281091699487859614e-01
-5.640147447005449122e-01	5.401522623299021220e+00	6.395409031409977629e-01	-2.268071837547331882e+00	-4.312238214606316511e-01	-1.262211095691532670e+00	-2.720231780650155695e+00	4.495330883879486095e+00
1.270633797793794484e+00	-5.993411071956761260e-01	3.991290828751420383e-01	1.225234887280432616e+00	2.285200532768072168e-01	-4.157746318655725637e-01	8.807823565630413798e-01	-4.286044709200767522e-01
1.015847142676538750e+00	-6.362295020858859118e-01	1.903140559375168794e-01	9.712251775277712662e-01	3.057301097378719579e-01	-4.233889650033310637e-01	6.865624816814913656e-01	-4.466648333119344061e-01
-4.315943902968086276e-01	-2.395402705260757381e-01	-1.860797635510352543e-01	-3.835891042508861037e-01	-6.933078417343235822e-01	1.557042728628834194e+00	1.658823028994417692e+00	9.681725569415622346e-01
-2.865862562494455035e-01	-2.476697433368548473e-01	-2.199447318201034063e-01	-3.355761336169351128e-01	-1.025760914416203873e+00	1.783280829324657812e+00	1.792431592888016567e+00	8.800327725225427500e-01
-3.900680690621716185e-01	-3.749317339293570805e-01	-1.035810583157802112e-01	-6.236119936151645060e-01	-7.408481148355685608e-01	1.517983842978198439e+00	1.899585093716988249e+00	1.117984229452551714e+00
1.110454586188397874e+00	-6.348606599476728229e-01	4.883792581396994015e-01	1.826493171168877439e+00	3.366591861863685309e-02	-1.970025453364603052e-01	1.096249909797111899e+00	-4.663890081964709999e-01
1.270612734161558066e+00	3.533538130829412816e-01	3.835161019875831245e-01	7.580096946498768862e-01	1.714086960924089131e-01	-3.181321590162056734e-01	3.679277683409135635e-01	-3.981095885804567663e-02
1.365894128306610611e+00	-7.275629781954007225e-01	2.477519510642064160e-01	6.603850189634591361e-01	4.680092775939013183e-01	-6.497218031972246122e-01	7.095055107438600350e-01	-4.245068602397059077e-01
1.035003714058027047e+00	-5.173994433777232560e-01	3.889583780933827395e-01	1.560128819062320371e+00	1.518766705218665691e-01	-2.487224496746791857e-01	8.764674289427683007e-01	-4.378197919121571968e-01
1.209974788934439438e+00	-8.322138948152265625e-01	2.779791888823974211e-01	1.181808498753900150e+00	1.865146558577538694e-01	-4.042846758958098530e-01	9.390945081958768093e-01	-5.459110508475361057e-01
8.114657680758424751e-01	-6.177310393659001253e-01	3.544435986994518561e-01	1.393722233882978223e+00	4.508695603583745548e-01	-3.623395945562016274e-01	6.696239558516784429e-01	-3.518344647089237109e-01
-3.321865060025016581e-01	4.343594335478966784e+00	1.745366488700511032e-01	-1.714481453931187449e+00	-3.698595493197802120e-01	-1.044224296369211658e+00	-2.213747070065610334e+00	3.956036351603378520e+00
5.312094004061375108e-01	-1.029415043082207104e+00	7.642917380687258566e-01	1.389604416553380073e+00	1.045864937748694379e+00	-6.499665563131692414e-01	4.891213958482703572e-01	-1.016386860170974821e-01
9.197220973193990234e-01	-6.672438516962827526e-01	6.017270065414250801e-01	1.645876974509487667e+00	4.204773105317004545e-01	-3.368528548913897191e-01	8.768080431982564482e-01	-3.666971801831600541e-01
1.549903317030876471e+00	-5.486987464404196047e-01	3.578686089198230835e-01	1.074561262932128614e+00	1.969907177581359525e-01	-5.007164563220202202e-01	8.897560772846057064e-01	-3.922123099918848332e-01
1.155768731197647003e+00	-7.754140564560525473e-01	2.309201716321602205e-01	9.700207948991360629e-01	2.781680625604555646e-01	-4.501656350293674613e-01	8.231065679961375725e-01	-5.301772950391522299e-01
-2.896835585112818023e-01	1.045176118909561858e+00	-5.571937574969575424e-01	-2.541701641631158998e-02	-6.482933267069913574e-01	1.881010342248974565e+00	1.150939359843595300e+00	-3.985265310949989148e-01
-7.216034007220706314e-01	4.112608867521436729e+00	1.781239084892980995e-01	-1.368257989287008147e+00	-6.589009451871828682e-02	-1.132084738628715170e+00	-2.272182344510827789e+00	4.638375097367435806e+00
1.188057105965186544e+00	3.576118914327305887e-01	3.233208973699752686e-01	6.869290678705514130e-01	2.682919833277086497e-01	-3.274380601827593940e-01	3.098202064663748700e-01	-4.886161335681269563e-02
1.274293846051986812e+00	5.781054295469746362e-01	1.454921489759778197e+00	-1.102036070953385405e+00	-9.511157741463369675e-01	9.613996386003837991e-01	2.353473788274495604e+00	-5.793858198694475936e-01
1.444388000780033154e+00	-5.902722813398234569e-01	3.213222199755373376e-01	1.122884840396729977e+00	1.820343818652931100e-01	-4.567180571602799666e-01	8.957879488890544417e-01	-4.671980357704294540e-01
4.647933038612288015e-01	-8.621995830848551770e-03	4.369471040040268095e-01	-6.424437566101310892e-01	3.550396768719243923e-01	-3.008284400785358192e-01	-2.487998474802720072e-01	-4.196566811577803757e-01
-4.487566037601779523e-01	2.024887172218853282e-01	5.436219627174873059e-01	4.172545382884561560e-01	1.013863503925511944e+00	-1.697891285592227628e-01	-6.890482520470813110e-01	2.092413610630025622e-01
6.116768010756008511e-01	-7.962259003926479561e-01	1.477350008789204971e-01	6.551260273793538813e-01	6.997390686360808187e-01	-4.898635171081063833e-01	4.087933027584583767e-01	-5.206644333975866124e-01
5.472506813681310422e-01	-5.595078193490566898e-01	6.785733412873313775e-01	7.108451666646963263e-01	8.954754812220417914e-01	-5.091075758113421390e-01	2.100483875927123822e-01	-2.808668486895697369e-01
1.943546489174122982e+00	-7.100932883260701045e-01	3.813339789658496404e-01	8.552078572667096701e-01	8.089223419891616862e-02	-6.217651601681067897e-01	1.084071132983667418e+00	-4.859541841473177803e-01
-1.953163700691174509e-01	1.019929401192285923e+00	-5.992466214347275111e-01	-4.209326280644130197e-02	-7.247499116267052122e-01	1.909782179085548925e+00	1.170027181533657590e+00	-5.116414881159023764e-01
1.331351309015454731e+00	-4.480589059210626224e-01	4.404575195696848189e-01	1.595627527752661035e+00	8.697672821400534438e-02	-3.025890178713314671e-01	9.574207762000647159e-01	-3.931497595721673566e-01
-5.843310390068063853e-01	2.961385438014451310e+00	4.350867824138539008e-01	-9.175695512509730589e-01	2.806590645060225153e-03	-5.543096086468328743e-01	-1.725210953772609468e+00	2.804835874065982004e+00
8.257749732557532196e-01	-5.175546466723021100e-01	2.414087547065744965e-01	1.290085067670312391e+00	2.910860474021713662e-01	-2.728501498040994400e-01	6.460486757458870910e-01	-4.775085134302641809e-01
-7.419331017912775827e-01	1.374286122741979144e+00	-2.966532142204562073e-01	3.777075535896883274e-01	-5.726428706050947295e-03	2.028800374872453460e+00	1.507303079923717037e+00	-2.662768414519131044e-01
-7.339063292292952179e-01	-4.943525175354741563e-01	-3.654731365011849031e-01	9.633965951809556616e-01	1.059720978017279380e+00	-2.817145799022882091e-01	-7.489728584610384488e-01	1.543038304715939502e+00
1.223510666489123100e+00	-4.771208199550310836e-01	4.726706028616116662e-01	1.725145011464619849e+00	5.200467806871741927e-02	-2.377578306297066790e-01	9.963908138825454675e-01	-4.133543028416375442e-01
9.066955140818701020e-01	-4.855644572222314048e-01	2.324260624001509568e-01	1.232509070894150405e+00	2.991126241274870701e-01	-3.197500808716845500e-01	6.318771641974223474e-01	-3.958807615299291816e-01
-3.442193315862114300e-01	4.628281767373168876e+00	3.572236653459500699e-01	-1.608156416541826284e+00	-3.881890524807002918e-01	-1.015607343226689441e+00	-2.243520183157242887e+00	4.044778464722946332e+00
-4.996758835531220910e-01	-6.505320213806429219e-01	4.558790410575941365e-01	7.672432962628127351e-01	1.140405235393536776e+00	-2.790413878324308206e-01	-3.491511391139239806e-01	-4.114167181415180341e-01
-5.694505396088292981e-01	6.010800163569294696e+00	4.706637945798549660e-01	-2.329836899005251816e+00	-4.923734669621182003e-01	-1.402101443289888838e+00	-2.841879513514415923e+00	5.214155766142875237e+00
-7.223624447701205709e-01	5.623632033796067020e+00	6.273254924718438819e-01	-2.081508822700166128e+00	-3.228982321686313939e-01	-1.339672932414217144e+00	-2.734468609808168971e+00	5.236377031797553094e+00
-3.633624843397151305e-01	4.513026116197029203e-01	-1.343129677222208163e-01	-5.281542053373021739e-01	-2.108690407059893024e-01	1.289683772536799111e+00	1.360212595973901539e+00	3.940723619102119990e-01
-6.388652975504667264e-01	5.700936103270919375e+00	5.587181638904592518e-01	-2.160463080928200164e+00	-3.904100123971726011e-01	-1.361845782558949836e+00	-2.748508446174481978e+00	5.205767964600704900e+00
1.181294180348855472e+00	-8.029697116043255090e-01	1.042588174556670910e-01	6.738780557088340784e-01	3.617617140113992269e-01	-5.452515125988268707e-01	7.191656645497145339e-01	-5.377489355225889556e-01
1.339071059328659663e+00	-6.436199587217622531e-01	1.887867892057748798e-01	8.413631795336821151e-01	2.971075005964428639e-01	-5.285649340833777909e-01	7.509196931230044392e-01	-4.597966690603372819e-01
1.438483164562687433e+00	-7.700142681185583315e-01	7.301109330818574827e-01	1.791207789071824763e+00	1.360913885926335609e-01	-3.658200083169204087e-01	1.237895992074490081e+00	-3.927061061684653520e-01
-6.247013836120630659e-01	4.720124324721608922e+00	1.790451866984745510e-01	-1.669204844449278857e+00	-2.517193886382912971e-01	-1.222044491383461162e+00	-2.419895909212682383e+00	4.895626601245822052e+00
1.608277410948241837e+00	1.531243746693345953e-01	3.834705546966644674e-01	3.400467934482903076e-01	4.083307241804813303e-01	-6.314253711323275509e-01	3.470172470716802460e-01	9.997920331863835441e-02
1.080696240975859590e+00	-6.171500469079932438e-01	3.020689885528279328e-01	1.296186425445536639e+00	1.997251330623446008e-01	-3.288358848458362571e-01	8.374951504509429157e-01	-4.928497501494042976e-01
1.753899555741023519e+00	-6.033371228272582654e-01	3.909761712596190320e-01	9.739072361602739702e-01	1.481076509280260523e-01	-5.697977468947418300e-01	9.750236460088125279e-01	-4.179262581663529263e-01
1.213503046468506819e+00	-7.494475754246545662e-01	3.813396029191357117e-01	1.534790025874057662e+00	1.116360297131190615e-01	-3.186719774555093476e-01	1.039824110619018027e+00	-4.967106385553317627e-01
1.476801760060098889e+00	-9.312484866065006139e-01	2.347632814491847075e-01	9.157343982997799836e-01	2.396258042505677033e-01	-5.567965070683693618e-01	9.992768889531534748e-01	-5.504290278682226756e-01
9.968342745288404361e-01	-9.833881892032113603e-01	1.490841170156266826e-01	1.122096773392223135e+00	3.085648358211710018e-01	-4.112701708768266018e-01	8.692398212200294072e-01	-5.763005889298677964e-01
-8.555165318688326970e-01	-4.512096816097984631e-01	-2.836226197045028652e-01	1.018981014604992463e+00	1.159356844997603941e+00	-2.859295884463422532e-01	-7.985186433469255718e-01	1.664569560075981558e+00
-7.029561496707631418e-01	5.581226526673801480e+00	6.033405853769020499e-01	-2.027659105911436832e+00	-3.325718855541236474e-01	-1.345304754151548599e+00	-2.672964000678677010e+00	5.340689890125258188e+00
1.540592598170798633e+00	-8.785670886049362638e-01	2.841080184697954425e-01	1.039155494995428253e+00	1.790149404889375961e-01	-5.245062902611603572e-01	1.044010570587702080e+00	-5.484522324612014499e-01
-3.305474892404563492e-01	1.539642657564217476e+00	-4.543887664314216202e-01	-4.520575975716019379e-02	-2.372318588026691155e-01	1.746017566895968987e+00	1.100699538603429728e+00	-6.220560571746386325e-01
1.093932265339812693e+00	-4.280770669932333905e-01	3.819906876616747660e-01	1.545123489623014823e+00	1.710362416398013841e-01	-2.709578192420969422e-01	8.149618800467334223e-01	-3.655666161939192249e-01
7.933134822986459556e-01	-5.325988942050078334e-01	3.497177130706111692e-01	1.579303357896743698e+00	2.422489049064492084e-01	-2.137544595836559647e-01	7.713228005844335877e-01	-4.258492845869308874e-01
1.328712342975384875e+00	3.207876267274001880e-01	3.117439063835108493e-01	7.049871411610035832e-01	2.183719264095856649e-01	-3.702908785372348022e-01	3.652567451442793045e-01	-3.620095180131619600e-02
-4.516931182586236132e-02	6.378945849181434369e-01	-5.619635361002058849e-01	-2.012475801482758730e-01	-9.893683588254348349e-01	1.796784576545247925e+00	1.193688872099891052e+00	-2.133117445251455080e-01
-3.397733491268444261e-01	4.300899770044632753e+00	1.627794009032108857e-01	-1.648528317870331605e+00	-3.917913863744391656e-01	-9.116393181965054548e-01	-2.170965758783143684e+00	3.607203503472439010e+00
6.725705494785549909e-01	2.547811895412946392e-01	9.756517682524702417e-01	1.221839267240178994e+00	1.031363977965748191e+00	-5.422225252461415623e-01	-1.651800151155026486e-01	1.071733287286013026e+00
3.869617257608043426e-01	-2.108324002202769179e-02	4.794034659099493112e-01	-4.844563144036492242e-01	-7.081635793023220993e-01	4.403797641040990696e-01	-7.935915283350720995e-02	-5.246441474412348871e-01
1.303845575123394829e+00	-6.588120479627821435e-01	3.412181280779888470e-01	1.264106281650160035e+00	1.525851238947885935e-01	-3.867690351282356831e-01	9.233375326730458577e-01	-4.955167493346969709e-01
-1.638535711314621779e-01	-5.799829836365937297e-01	-1.852024505021344636e-01	-1.030729900399635079e+00	-1.117198213821612107e+00	1.358632981393486538e+00	1.472211716127973746e+00	1.020204290397852320e+00
1.697538415590515770e+00	3.832111468941671317e-01	4.105021794351464415e-01	9.828624054909885777e-01	-2.312234239635721847e-02	-3.746902664228208280e-01	5.335987880130761418e-01	6.842141301874926640e-02
-3.226427469592200170e-01	1.148073041156679741e+00	-4.753998549074066049e-01	-2.170112131139809858e-02	-3.780240635165413310e-01	1.714583002221893748e+00	1.012894153908618033e+00	-4.031116357005927187e-01
1.231165109408582037e+00	-5.842662239142905056e-01	4.287670803430886357e-01	1.502302354366794379e+00	1.378493086943243517e-01	-3.135176212369381599e-01	9.748980438170447016e-01	-4.637200020279140245e-01
1.048260002729825890e+00	-5.759298639728820390e-01	3.007661681349326210e-01	1.353243668390385679e+00	2.017983662617449381e-01	-3.129212391628287127e-01	8.115670627141410298e-01	-4.607784747626905153e-01
1.077979215810167979e+00	-5.248572242121566367e-01	3.458321370686264773e-01	1.471645078414330232e+00	1.676173373920427923e-01	-2.885102432572784203e-01	8.355380954834857876e-01	-4.234830439428928228e-01
-3.485554076714956345e-02	1.058733248443906039e+00	-6.781281073071235843e-01	-1.723913410051946260e-01	-9.381795042220167913e-01	1.904687540306007731e+00	1.136846409525881008e+00	-6.975798586660840739e-01
-2.861952024224049262e-01	2.652993114162979893e+00	-3.000280153769698810e-01	-9.572371652830217181e-01	-1.292273347013316587e-01	-8.051089081024096483e-01	-1.656657741853141852e+00	3.166930309343361394e+00
5.132792223686498401e-02	1.262268355534136077e+00	-6.524942698434814670e-01	-3.587134594732468984e-01	-8.796561412827296200e-01	1.730840327752233287e+00	9.946684855390732771e-01	-8.594218282086059091e-01
1.304017272799653737e+00	-5.895665746522130712e-01	1.959327684451565021e-01	9.048065845232627913e-01	3.124827426690718335e-01	-5.073904235567480159e-01	7.134758786383911255e-01	-4.248866505923751813e-01
1.327595851835735363e+00	-6.864474083567658758e-01	2.853667687546917464e-01	9.489660349307974530e-01	2.992930413846138782e-01	-5.088244822916143661e-01	8.226472014506978070e-01	-4.799399537361794810e-01
1.328509890202435706e+00	-6.389734040902699252e-01	3.327596623295494549e-01	1.092724072236944899e+00	3.042124773295721285e-01	-4.905864128211351871e-01	8.322725804131534399e-01	-4.257510560734847904e-01
-7.486649903931659189e-01	4.303307203098190925e+00	5.917245480757200582e-01	-1.441579411675000699e+00	-9.661356911321551666e-02	-9.234136291635409721e-01	-2.279962756413162595e+00	4.063022514700062260e+00
-4.091909629861419928e-01	1.065356309693748393e+00	-4.583327529003473066e-01	1.052821599645236139e-01	-3.523215316479264558e-01	1.760178136483908196e+00	1.017115467785455252e+00	-2.752032781099766900e-01
1.211725100938231714e+00	-5.113550860694411337e-01	3.893549024583808915e-01	1.495076400586384580e+00	6.698808226657815279e-02	-2.794756193351571882e-01	9.104554257561200403e-01	-4.334149718872193358e-01
-8.317478442795869231e-01	4.293782618302749654e+00	4.649909367421193318e-01	-1.353622043607719316e+00	6.765011777346008337e-05	-1.125466362132600429e+00	-2.344096626865180610e+00	4.686610654162094214e+00
1.566554512081717920e+00	-9.064530151563112703e-01	2.070916266535008932e-01	6.794294328715579923e-01	2.593810294956813145e-01	-6.299029983306123626e-01	9.402653402730979382e-01	-5.394250488691612055e-01
1.722341046399061382e+00	2.297445347938771865e-01	3.350333852845705507e-01	6.309499647474818840e-01	1.613370580527081211e-01	-5.151935318470690639e-01	4.888505059535405151e-01	3.605616446742954118e-03
-3.319612059896212553e-01	5.382690742241229565e+00	2.451766695417559039e-01	-2.248471357078261512e+00	-5.594354889358360561e-01	-1.257076860953608932e+00	-2.589632621946642121e+00	4.486779568024941156e+00
-7.823930241387216933e-01	3.252870655626416418e+00	6.902376051233452547e-02	-9.830275940112479516e-01	1.570507350903054544e-01	-9.885383326909001900e-01	-2.033262321276359419e+00	4.180957080719585051e+00
-1.948444880631407528e-01	-3.018706293856143197e-01	-2.420491996891842024e-01	-5.685320121988335362e-01	-1.175098242519461378e+00	1.714027395074696702e+00	1.577709917668527417e+00	7.893388264081691030e-01
-3.562861332415583893e-01	5.090658074722848703e+00	1.390780263591205324e-01	-2.033688973765161556e+00	-5.074770331331741602e-01	-1.255809169063973441e+00	-2.451072329095718150e+00	4.764879664734106512e+00
1.033716459656844444e+00	-6.981196362909076747e-01	3.761368723519011859e-01	1.557228407981428031e+00	2.072973258167444544e-01	-2.875079116766255383e-01	9.442200871128973994e-01	-4.907494118370467340e-01
-3.140233289665282368e-01	-4.805812082312812539e-01	-1.545525381032218648e-01	-7.444046520071383455e-01	-9.135622965376803961e-01	1.451609256427971895e+00	1.663093244506957058e+00	1.077471915045343787e+00
1.368329809827331101e+00	-7.432832110597499264e-01	2.672631508999964711e-01	8.491389870273413631e-01	2.898358663377927913e-01	-5.445688664151203673e-01	8.226869918983299446e-01	-4.820740942776856608e-01
1.467868646260180654e+00	-6.156556696576261922e-01	2.815853403573733704e-01	8.750030248947481271e-01	2.732444447894240014e-01	-5.400247095789025842e-01	8.117886389461930197e-01	-4.494478399280137371e-01
-5.581072935947821723e-01	6.147729023886452815e+00	4.897839085033287576e-01	-2.416711211525416569e+00	-5.266959065951896113e-01	-1.500199728042882930e+00	-2.850183196549214593e+00	5.559447334650013950e+00
9.394535931839108622e-01	3.549166067090551713e-01	5.275199618949452107e-01	8.044057458108513359e-01	1.831076572569785565e-01	-2.076740338336291736e-01	1.920637741422459022e-01	3.405059038170460406e-02
1.471332632470014889e+00	-7.319758127891365929e-01	1.834986086809536898e-01	6.515539790724332869e-01	3.173935087872236105e-01	-6.101931620344710483e-01	7.981710436540048192e-01	-4.987801591548184921e-01
-6.713972206499487783e-01	5.337821283802302474e+00	2.823020970957486053e-01	-1.869459225483912190e+00	-3.250926229963357339e-01	-1.297339903026281993e+00	-2.586682358214083433e+00	5.232380542742568252e+00
-1.550383407350841847e-01	7.525085572075125295e-01	1.128459927967297327e+00	-1.551582961496632995e+00	-4.885208384889558331e-01	1.375054597168391179e+00	2.222469497705132468e+00	-3.503911009879236427e-01
-3.723194955606065615e-02	3.279469690677010441e-01	4.426857281240227371e-01	6.414353331407669501e-01	2.064544896041717037e-01	1.674217555197151097e-01	-1.749305996479842973e-01	-2.577417447791405802e-01
-2.251830783105585321e-01	-4.142385557906690385e-01	-2.284642074122136546e-01	-7.070018114901911455e-01	-1.156232013482659804e+00	1.651041605864613793e+00	1.687601171692764579e+00	9.853661037449115145e-01
5.741442740914256548e-01	-4.560829346540410389e-01	4.003018734514165455e-01	-4.185283657238298427e-01	3.064173653037510769e-01	-3.354585877650826942e-01	1.515392709954074268e-01	-7.260939408448273680e-01
1.202229053424682448e+00	-5.452929197951468243e-01	3.827019365679148466e-01	1.385942151127110389e+00	2.312371041789933190e-01	-3.744669578105981333e-01	8.421881230616906633e-01	-3.817219195003192511e-01
1.124812261800828272e+00	-2.926861171950133622e-01	7.168847609797223130e-01	1.369495424451130927e-01	-1.349983423856224718e-01	-2.321801653211598149e-01	3.718846819152893390e-01	-4.228060475952135633e-01
-2.125154516692630002e-01	-3.776113810969747298e-01	-2.374035007910221817e-01	-6.841317857348756526e-01	-1.029201980994504773e+00	1.546251772938595392e+00	1.621314494357014357e+00	8.756114112054975696e-01
1.148839528879422645e+00	-5.585506651429545943e-01	3.426035657035907400e-01	1.361811289915513257e+00	1.833827965426393092e-01	-3.362381047900275255e-01	8.550052736789440777e-01	-4.371943621529948421e-01
-6.381505143606358565e-01	6.450489471080172343e+00	6.966685878844516289e-01	-2.669168175794611741e+00	-5.360440047454897439e-01	-1.458411642017625853e+00	-3.086253166436235151e+00	5.210402767566145954e+00
6.360834088041257273e-01	-1.019948429980545024e-01	3.799373143111900442e-01	-9.039424586701872988e-01	-9.272646450954417086e-01	4.129928378305163239e-01	-1.047100634064208197e-01	-6.209479112943467882e-01
9.634551471801262590e-01	-3.306771648801472008e-01	2.945062144088427258e-01	1.434150931547957697e+00	1.917331726532652547e-01	-2.468337499301589411e-01	6.528815847131060890e-01	-3.320516067232874846e-01
1.218873757421433890e+00	-4.048724634742263406e-01	5.400595963039385161e-01	1.527275346107943577e+00	6.308361070893295786e-01	-6.155214905275976367e-01	4.962865833165204243e-01	3.460140680647961209e-01
-2.567642317373602934e-01	2.327546249370581743e-01	6.390578128731271290e-01	5.262404489304490784e-01	1.043702456866961281e+00	-2.065866130900151365e-01	-5.191680215005389787e-01	1.302625447697289274e-01
-8.166843155515158825e-01	4.088746079613054363e+00	7.547033959070773568e-01	-1.467427705190531562e+00	-1.404774452527292675e-02	-9.331867182803611493e-01	-2.360106063421997469e+00	3.709627435588001454e+00
-4.276150217877920379e-01	5.159378919860205137e+00	1.230677602434208512e-01	-1.930443357840146756e+00	-4.550257241875093062e-01	-1.246069317506570684e+00	-2.464436945923335287e+00	4.821490845302228045e+00
8.386712137564356073e-01	-6.979815411842056339e-01	5.626108434350826082e-01	1.185512836473841869e+00	7.389865354536442332e-01	-5.456691284000826370e-01	5.154741156660500589e-01	-1.890331909550100331e-01
-1.477639886622799104e-01	1.057328057463790660e+00	-4.833618403045138456e-01	-1.632407805377888710e-01	-5.261733549891594031e-01	1.567945811679377854e+00	9.013253050703732283e-01	-3.597906680141488289e-01
9.459498328852732341e-01	-2.383788853688923182e-01	6.328033428786105086e-01	2.361727592145583365e+00	-1.024215879134280915e-01	6.657316095276751000e-02	1.017942368838252953e+00	-3.383523850911209219e-01
9.550947519238887073e-01	-9.858981072506577403e-01	4.580568611493899267e-01	1.130477852325659338e+00	6.093514608364331009e-01	-5.453241133302692001e-01	8.151145160021169289e-01	-4.096644552346596635e-01
-5.795009553945179581e-01	-6.388771547050619004e-01	-4.687535273674399150e-01	9.027063906649953617e-01	9.803566347826528915e-01	-2.819214000672906617e-01	-6.646408846204832077e-01	1.319846964855593496e+00
-4.355492711090876989e-01	4.299682398493396285e+00	1.323923374349204596e-01	-1.525025353015951213e+00	-2.846893450627643873e-01	-1.018268306774216647e+00	-2.192622564730515311e+00	4.073033756711962994e+00
8.546576310647969743e-01	-5.228369124371586851e-01	4.124600557443097726e-01	1.706774898546226105e+00	1.341282170683753827e-01	-1.643610933861849033e-01	8.789332825362574653e-01	-4.563886538974791796e-01
-3.215230542773742095e-01	-3.527226397907098354e-01	-1.638717906398041435e-01	-5.963041473240817680e-01	-9.518721865302437468e-01	1.616015325816781978e+00	1.714422005098080293e+00	9.748553769236487643e-01
2.162541957717445396e-01	-4.250897693854271409e-01	7.358341647576726041e-01	1.661325195659387965e+00	9.441407856687407119e-01	-3.275353687978440065e-01	2.146643053484066921e-01	-8.579022261206359357e-02
-6.073989418046862321e-01	4.075587085163648204e+00	3.929248272320394753e-01	-1.327159993755443246e+00	-1.414670742319488472e-01	-8.801469885997187381e-01	-2.142556748139290868e+00	3.865514649369335753e+00
-4.069208345314055952e-01	3.689523724550702877e+00	1.575884517199205026e-01	-1.313421188416767915e+00	-2.233435620029088908e-01	-8.076853264975403235e-01	-1.958642167322356631e+00	3.413779202197577245e+00
-5.727047877153094158e-01	-8.945806438273962158e-01	4.474170377378345886e-01	7.974906134273818115e-01	1.102709416054852509e+00	-2.993666140264467646e-01	-2.509618848942601899e-01	-4.134800321954259505e-01
-2.997673303385344212e-01	1.192068496410778333e-01	1.764739550855003447e-01	-9.831866955681506370e-01	-6.290760135857693669e-01	1.549213038150595079e+00	1.994713247405140555e+00	3.619112516467493657e-01
1.042225397607445952e-01	-1.423856508211336636e-01	4.298180480666468073e-01	-6.117761686471322458e-01	-3.141775563665292759e-01	1.836602948214969833e-01	-2.379020658942618549e-01	-4.933424345629132679e-01
-2.217063180790664612e-01	7.349934777458413393e-01	5.488345198804270852e-01	-9.270214469067208363e-01	-5.836287304317960833e-01	1.647857605089773525e+00	1.915374182733533770e+00	-3.100574680367635394e-01
4.003444205332198913e-01	-6.298745563716973139e-01	8.012278216927865016e-01	1.381529389509227101e+00	1.089473149601005719e+00	-5.335924833348072438e-01	2.727270872390879508e-01	-7.408785168954296063e-02
-5.630689346689153885e-01	4.400908118225408394e+00	2.024088603690821775e-01	-1.684053948473903217e+00	-2.441166219745450616e-01	-1.229913507480988599e+00	-2.367864470801177124e+00	4.729262893922107303e+00
1.501059886573710589e+00	2.123407105064054612e-01	2.875437216525912332e-01	3.601159524746836427e-01	2.562271197781039733e-01	-5.015413154462019518e-01	3.659149698476349410e-01	-4.441474942812876497e-02
1.247511499962774772e+00	-6.750252520010221469e-01	4.174191185272194682e-01	1.551444192541175049e+00	1.055903371013953429e-01	-3.076043109318832292e-01	1.038738556284940939e+00	-4.967893888294562244e-01
-6.758940213449889933e-01	4.095029358261153440e+00	1.623611384234134591e-01	-1.308272623190137596e+00	-6.466457515264724398e-02	-1.061395629665893514e+00	-2.255183881864733397e+00	4.307036651283257633e+00
-2.611104309717617866e-01	-3.570017743958714962e-01	1.210663360726157989e-01	-8.639155358365586679e-01	-8.821342758673089701e-01	1.437049606082882791e+00	1.601691600430446227e+00	4.899066737423238838e-01
-3.137443869265065799e-01	1.286574399321312123e+00	-5.483966867057477046e-01	2.964346616208968221e-02	-4.839373772839057342e-01	1.951123364009391459e+00	1.245671412313788418e+00	-6.135162602144829114e-01
1.230738695665185567e+00	-7.419581297711573820e-01	4.134976614301546505e-01	1.492738876561549688e+00	8.449654605914325156e-02	-3.158521008597039437e-01	1.059400352272775292e+00	-4.968141579454921630e-01
5.018663872378149177e-02	1.534327894504713186e+00	-6.403884410852680453e-01	-3.891427734031612240e-01	-7.137802495151931437e-01	1.619778268446085079e+00	8.309770848656645725e-01	-9.837195427020347660e-01
-4.047053095810422829e-01	-8.453537631045701106e-01	1.607120238942040813e-01	9.363351546878312393e-01	7.223955656322407215e-01	-1.630425918051781886e-01	-7.732725422873894250e-02	-5.873548531377597026e-01
-4.131510734048500222e-01	-4.230315783407026520e-01	-2.397105713986981412e-02	-6.430281005174587339e-01	-8.834760995552651819e-01	1.676453008823725499e+00	2.120670556781897087e+00	1.199380894738098835e+00
-7.113309544961760045e-01	4.257195034822545132e+00	6.316790757724356498e-01	-1.491490813255635040e+00	-1.229400970235273310e-01	-8.777027782417855528e-01	-2.281740018122163871e+00	3.803688211459709034e+00
1.198279527055071014e+00	2.434290632546557975e-01	2.564609164800583652e-01	4.763562347153877941e-01	2.915470624046526682e-01	-3.842087357769710665e-01	2.919792760737816018e-01	-6.813915557958208358e-02
-3.943678117400241101e-01	-5.118254065985275991e-01	-7.708041205458513595e-03	-8.011836859228927965e-01	-7.945220049628500814e-01	1.475287090439104887e+00	2.054942803544553165e+00	1.275822882067310982e+00
-4.145773433800891139e-01	4.867330531925590620e+00	3.642862391812830003e-01	-2.025446614571336124e+00	-4.184280749192639259e-01	-1.121617624515325984e+00	-2.465123315035497420e+00	4.115127668531158633e+00
-3.195930418626242164e-01	4.770783472690723670e+00	-8.723803554103269631e-02	-1.882631671578923527e+00	-5.091167427634049059e-01	-1.207588284663123179e+00	-2.300488341906538281e+00	4.702768087715743839e+00
9.201971485690790820e-01	-5.352064690988040940e-01	9.514772044900907666e-01	1.408597940228560663e+00	9.046902402567491563e-01	-5.986666006004266460e-01	5.785693703528073106e-01	-6.398855203896680090e-03
-2.348740139259064275e-01	3.579693035859826677e-01	4.617323335602977474e-01	3.895230670402978213e-01	5.033452761370199591e-01	-7.610545896320080900e-04	-4.676209419215446861e-01	-5.930011030343262241e-02
-8.785118673076480755e-01	2.885607252636007480e+00	6.524062079272797687e-01	-6.365568018381512205e-01	3.081727298750296384e-01	-5.633912555274163125e-01	-1.753322123574029501e+00	3.210271306723061269e+00
1.451543647635848755e+00	-6.975584495226082593e-01	3.145011494838131916e-01	9.251787552101095047e-01	2.340771943124227705e-01	-5.131624352264826383e-01	8.964756057200096162e-01	-5.184638859482488815e-01
1.392714954818528250e+00	4.493328061539875184e-01	4.530658291527479564e-01	1.246014684816422857e+00	6.805699207454465882e-02	-2.753731466569441233e-01	5.127196677293219818e-01	9.920589427034343100e-02
8.808322535452952629e-01	2.361818749190066624e-01	6.200256105910009197e-01	-6.582614224850985574e-01	-4.901460006782459300e-01	1.255681898603951407e-01	1.152598726049374189e-01	-6.244319118931852541e-01
-1.056553507635716427e+00	5.075604209889118756e+00	1.042517654549375061e+00	-1.757722059389409841e+00	-1.011804084700133194e-02	-1.173448266285463726e+00	-2.673274389577283028e+00	4.961313890259344994e+00
1.454838082273600008e+00	-7.131224368552958603e-01	3.498987164888777146e-01	1.060291800963832021e+00	1.348009227612219363e-01	-4.691043610746536419e-01	9.795071594939439574e-01	-5.020651075744444469e-01
-5.042096984834537610e-01	4.069071032511915931e+00	4.373655615659981510e-01	-1.506904697655233827e+00	-2.294917919668862383e-01	-8.788806717230013277e-01	-2.143457545016847376e+00	3.653311036396479583e+00
-1.115463000334656063e-01	-6.005874741091699054e-01	-1.077322959897325239e-01	-1.083307668717708561e+00	-1.287495955478926923e+00	1.553359958451504097e+00	1.880736325347863946e+00	9.954388135096241541e-01
1.116849645590181739e+00	-9.032621115507663001e-01	2.129118991973139585e-01	1.107296735978132052e+00	2.582085407780843056e-01	-4.283437311539234349e-01	9.040352979032737490e-01	-5.477944612140773772e-01
-3.346202077552418719e-01	1.120456018636272866e+00	-5.022510131369793962e-01	-9.081173491979975532e-03	-5.718459336920191927e-01	1.965230958450430165e+00	1.296663821295002572e+00	-5.169284156123932217e-01
1.776040337020074134e+00	3.175658717165647515e-01	4.171178606575278724e-01	9.526816836280248557e-01	5.530423487727606502e-02	-4.562069701876740879e-01	5.747502919487403883e-01	9.355781116554767740e-02
1.709969320663830006e+00	-5.998325024715502884e-01	2.944312412138817558e-01	9.467852609815602394e-01	1.793571578046493087e-01	-5.834589345057408227e-01	9.044941080748563067e-01	-3.852196936893258483e-01
9.541990063014668122e-01	-3.390745827743797958e-01	5.011529931462392895e-01	1.949293624076836373e+00	3.210374616520236812e-02	-1.049751870597876169e-01	9.093699678931612684e-01	-3.408431329491242168e-01
-7.890125241954326629e-02	-4.705205561830451688e-01	-2.781549666461912151e-01	-8.587756824535878186e-01	-1.300493367094406549e+00	1.543969323821941186e+00	1.490882090439070939e+00	8.360705732962300241e-01
1.460490702691889631e+00	-6.114632750574346964e-01	2.507317635564748626e-01	1.071275696452125281e+00	8.322266103477660160e-02	-4.277226961345332867e-01	8.556635369057381535e-01	-4.884825262937264045e-01
1.419778431889178405e+00	-8.596375009925782962e-01	1.918663715758774369e-01	6.512199253307758839e-01	3.342305600973850543e-01	-6.217730389025085680e-01	8.391524033585910924e-01	-5.134892039150319443e-01
1.432526959339816885e+00	-6.428401163523616013e-01	2.095538116791078320e-01	7.754489554828816189e-01	3.194931822727242743e-01	-5.662897428427221547e-01	7.601625132439499000e-01	-4.752290029684857475e-01
1.055838191391129444e+00	-4.594459449596823841e-01	5.287116240780080911e-01	1.921050236328899263e+00	1.899255493674864570e-02	-1.390013650902361675e-01	1.022495147925537307e+00	-4.200191372020888325e-01
1.143420083939703735e+00	-2.896197613740729149e-01	2.697312495524133436e-01	1.257422601016306540e+00	2.739173728954634734e-01	-3.466328214988435574e-01	5.935401401964375268e-01	-3.252865671055616414e-01
-3.101997367525982097e-01	1.352509771140629535e+00	-5.587834561136238998e-01	7.831084297344131917e-02	-5.678317905400378507e-01	2.124801380553225094e+00	1.452828893424083168e+00	-7.802476776409417170e-01
-2.726649643831475234e-01	-5.120382650403447755e-01	-8.068789800393832978e-02	-8.204908809309708895e-01	-1.119466836763284734e+00	1.657935650472745825e+00	2.034506601565987616e+00	1.129468731057356123e+00
5.667864485548842479e-01	-1.927805136858581347e-01	5.446746482146220814e-01	1.680598456476445790e+00	4.920878802651279527e-01	-2.037449999134230139e-01	4.710911625731822872e-01	-1.124479980645630012e-01
1.522694230849112262e+00	-6.733305770869679741e-01	4.465090077833022697e-01	1.253760029071588011e+00	1.293434656880554090e-01	-4.536358532590407111e-01	1.037659884216445949e+00	-4.670428289160619140e-01
8.068979518326805378e-01	1.195159107407750998e+00	1.332800487254784283e+00	-7.137244423975018792e-01	-8.132361012487127061e-01	1.438620857900477557e+00	2.489136207636640563e+00	-6.166232138436844590e-01
7.792918740658074661e-01	1.492587507244982903e-01	2.021994621547084092e-01	-2.015092078535578590e-01	3.756549262716429860e-01	-3.315823849820743185e-01	-8.747499378715457158e-03	-2.936250072226100349e-01
-9.542369504126818613e-02	1.779931388076512744e-01	-8.136787891852703680e-02	3.751148610340274692e-01	4.134911308866863200e-01	5.371417497788896767e-03	-4.535987461055857040e-01	-2.043559371387495827e-01
1.114946577149542817e+00	-6.985525046931040372e-01	3.351606746256718949e-01	1.388531744953913627e+00	2.458658928959557566e-01	-3.446620961861913135e-01	9.101148320362588695e-01	-5.205051321940105113e-01
-1.342787989533072157e-01	1.098150368554569489e+00	-5.382945548866888696e-01	-1.101182540736598270e-01	-7.125727487993679388e-01	1.896632182120464805e+00	1.263508916047228592e+00	-6.607260400241516951e-01
-3.228537490531193099e-01	6.149506995024070832e+00	2.334853088898961593e-01	-2.522008036468676995e+00	-7.018827083893519614e-01	-1.466065021323094575e+00	-2.785052509900069584e+00	5.246466793030874598e+00
-6.704518277884212729e-01	5.153355491009911304e+00	5.187120062358894224e-01	-1.832326508077925631e+00	-2.689317419544050569e-01	-1.191073283944793726e+00	-2.563798709061659853e+00	4.769207613616930352e+00
-5.801963005633344883e-01	4.711186235835079117e+00	1.644152835548671754e-01	-1.567871475205279364e+00	-2.638743010492908270e-01	-1.190758844218253731e+00	-2.368808588088644917e+00	4.853713251313549470e+00
1.527146109708616528e+00	-6.407919345333243921e-01	2.751009577207154666e-01	8.815224631366856967e-01	2.060170047389529302e-01	-5.401690576848432457e-01	8.538222508185139281e-01	-4.532792325259502597e-01
-2.051053182001410236e-01	1.053364301692492511e+00	-5.244256188095750559e-01	-1.624716873144697038e-01	-6.266071794727557931e-01	1.728165959342915281e+00	1.023770674214156351e+00	-4.611020047507335407e-01
9.122653764910814145e-01	5.986954244845451578e-01	5.409150288778147297e-01	1.854274370346402190e+00	-2.592743403658984147e-02	3.239862458561290626e-02	4.827294853626526994e-01	1.883708376372647819e-01
1.356269808794867471e+00	-6.144871687748894029e-01	4.710371059836259144e-01	1.513131310072235891e+00	1.187955934176878336e-01	-3.500183417492591098e-01	1.040449118252893435e+00	-4.608647629869885298e-01
-2.652583450633813622e-01	-3.802566241251841284e-01	-1.190664768966323006e-01	-6.391825651077290837e-01	-1.089557009889802419e+00	1.719946370302838812e+00	1.885403605527482318e+00	9.944148585115584194e-01
-3.926417337018004994e-01	4.229668548071567336e-01	9.323935930026707730e-01	1.042148795544949991e+00	6.917533172824303911e-01	1.293069288502352587e-01	-3.655084671968942267e-01	1.566583346870233373e-01
-3.215165202154894875e-01	-3.453991895689668135e-01	-1.892471210205525223e-01	-5.589216088508865976e-01	-9.799994415764159417e-01	1.653076598733248082e+00	1.696261265105255545e+00	9.619169219300496287e-01
-2.077346572010053405e-01	1.181545872047110590e+00	-5.257541894128515692e-01	-1.531306852289908149e-01	-5.068269020548453740e-01	1.622833221124509118e+00	8.736460001852187629e-01	-4.577704539991971355e-01
1.213791022438551304e+00	-5.786903254399223817e-01	4.852215416957832428e-01	1.493217167826731195e+00	1.228270057814623561e-01	-3.030450507331532428e-01	9.761768060960189786e-01	-4.564782628287630817e-01
-7.493048320682352825e-01	4.550189726341106855e+00	6.449662277361264406e-01	-1.477524486443218432e+00	-1.273209764102906372e-01	-9.750568243217445641e-01	-2.351430058733510631e+00	4.267988801048762326e+00
1.412846974080842477e+00	-7.563065639349584313e-01	1.547001653018625633e-01	4.814411429248033336e-01	2.927962070243048665e-01	-6.145196304092339634e-01	7.387656795058492598e-01	-5.072420620156140592e-01
1.133486291543048363e+00	1.037914405935488754e-01	8.653915223065025142e-01	-3.757941804806235186e-01	-4.396455530028396397e-01	-7.242008636852088899e-02	2.684312136955571138e-01	-3.915795496379283480e-01
-4.632736336376469533e-01	1.486247230418859866e+00	-3.137087205395159839e-01	-7.473407363403837544e-02	-7.041199482263765796e-02	1.554428792871377363e+00	9.284508710038652524e-01	-3.820425672494230929e-01
1.351044261623991494e+00	-7.797846982568514829e-01	3.041282224024374758e-01	1.009046858859412144e+00	2.693565818120399191e-01	-5.062397449681275141e-01	9.074859540259122559e-01	-5.002707932625615195e-01
-3.064560288852927195e-01	1.165764558517821348e+00	-5.229002169481344886e-01	4.873236186130397440e-02	-4.937232548519059350e-01	1.945744731113898451e+00	1.260644857722609480e+00	-5.921965253066436841e-01
1.316080339059017223e+00	-5.483007998925990556e-01	3.185828860347855729e-01	1.244784442113802125e+00	1.995937607544452097e-01	-4.029807057499311673e-01	8.498843245482249342e-01	-4.452469681954061564e-01
-4.693892791532184305e-01	1.233409146229329512e+00	-5.130267778287086466e-01	3.149688973572168926e-01	-4.934808499973558638e-01	2.235629168860703508e+00	1.572452201479649148e+00	-5.658311240161675304e-01
1.235617438947527624e+00	-7.138115485987922559e-01	3.504184546271004175e-01	1.438097623812171655e+00	1.099591716979831657e-01	-3.265940690760194554e-01	9.980444277304217904e-01	-5.228981695838791355e-01
-8.183560940886406287e-01	4.454479159359529206e+00	3.786694821875580264e-01	-1.396605552353352042e+00	-2.448007959028512467e-02	-1.117198565922868037e+00	-2.396640359344106574e+00	4.607229314890308736e+00
1.075735186857563974e+00	-4.861568386368235184e-01	2.196242805675373833e-01	1.114327085756054991e+00	2.990329434219005655e-01	-3.884017699052899064e-01	6.535580209695625031e-01	-3.989498569617848656e-01
1.481455196989305945e+00	-6.627291167951484541e-01	2.737771671362572712e-01	9.884762947448232362e-01	2.160415970111393691e-01	-5.113912493097486633e-01	8.672972056028589449e-01	-4.790474488389907526e-01
1.288011412764881847e+00	-7.167312242209856743e-01	1.779159483780773099e-01	8.483554612621910795e-01	2.057314748925716807e-01	-4.749492281350046752e-01	7.846604765304217022e-01	-5.298857749284117125e-01
-9.642541512866022180e-02	-4.427562489981221594e-01	-2.441821695726102137e-01	-8.554116236920524807e-01	-1.311540494239791022e+00	1.649846759118282602e+00	1.690273280121992627e+00	8.538440913878071470e-01
1.709330842426410202e+00	-7.585285313902664361e-01	2.427661590768178390e-01	4.282948149168321894e-01	3.640073242658969921e-01	-7.397775998969416955e-01	8.382360451168017201e-01	-4.793959988282690543e-01
-4.531338680734752766e-01	5.155250776067586749e+00	4.004695934821111969e-01	-2.265072548030503619e+00	-4.916220760938999068e-01	-1.235812060874410756e+00	-2.651672729190028832e+00	4.145851315361510636e+00
1.342077119276291919e+00	-8.773030112527285818e-01	2.145242773570192329e-01	9.932024405017040314e-01	2.316712859553479442e-01	-4.930873342319330721e-01	9.366276728775246863e-01	-5.563468365725513509e-01
1.055487044014944642e+00	1.297834544281893376e-01	8.003408683798769463e-01	2.501515909322392095e-01	4.390567170846376710e-01	-4.291530049326692242e-01	1.416804076413412106e-01	5.201423965233553659e-02
-3.676379515838117951e-01	-3.392006122652214128e-01	-9.219424034970945259e-02	-4.717614763059573280e-01	-9.066373397684943658e-01	1.668674212010060165e+00	1.813542852803306404e+00	1.035408801887393260e+00
1.337728998635313582e+00	4.342801256472021976e-01	4.151982152323647757e-01	1.013809461427076730e+00	1.280840931446501629e-01	-2.951623470613903844e-01	4.402376402923096066e-01	1.975409678870942987e-02
1.056729754146902511e+00	-3.452707838167508037e-01	4.604203379001674534e-01	1.707155379014869911e+00	1.047935288234372042e-01	-2.054094214990838663e-01	8.528172938556127791e-01	-3.320583371939533901e-01
1.320017738068720803e+00	2.914854069065998532e-01	2.771186168865671373e-01	5.028960286428131310e-01	2.635475130849905812e-01	-4.115229178334696147e-01	3.147874853146842566e-01	-4.269930662415899469e-02
1.149560182060754610e+00	-5.100746609027091427e-01	4.078256399557290690e-01	1.588974800695575507e+00	1.146930185265027380e-01	-2.661151455562985602e-01	9.235808766134260273e-01	-4.276532206063073938e-01
-4.452819028214252683e-01	-3.864791361371898715e-01	-1.248144905996538684e-01	-5.093549073227059409e-01	-6.303263636377237633e-01	1.403755422277023879e+00	1.705895321970910539e+00	1.107191021149479759e+00
-3.975701746886065591e-01	-4.844810896332362726e-01	-2.871598323508573955e-02	-7.598030811985130306e-01	-7.012851664800051621e-01	1.319599043353071766e+00	1.689694630605198977e+00	1.058425649480973174e+00
-3.778661869445745780e-01	-4.701647465822995087e-01	-1.050999090882953624e-01	-7.139490929634216831e-01	-8.034057642269269994e-01	1.407031811926755527e+00	1.622929620656922145e+00	1.181156560901319041e+00
1.131398837513468258e+00	2.152189931596578121e-01	7.808728396836001062e-01	7.663389034429277658e-01	8.822826792806508500e-01	-6.585509136305934819e-01	4.729294819769981617e-02	6.414862768314354424e-01
1.479054774321374666e+00	-1.000211124781005045e+00	2.545833672351514032e-01	9.422347618938328173e-01	1.875089050185337614e-01	-5.494833499347089312e-01	1.053941303231928472e+00	-5.434135616780393363e-01
3.824577850627557396e-01	-1.756145416848919338e-01	4.014699702235475787e-01	-9.027092798720066646e-01	-7.107207194974283215e-01	3.073405707212900073e-01	-1.891011145067758026e-01	-5.849782579999206478e-01
1.812944041594511502e+00	2.662414032955064958e-01	1.141025969990718592e+00	-4.866431198100019118e-01	-8.611520329732701429e-01	1.159278813389797852e-01	9.876852117871900427e-01	-5.682660502764016464e-01
-3.445382365277661063e-01	-5.028011776199506899e-01	-1.178772442937101594e-01	-7.305386078012801043e-01	-8.213040450738118281e-01	1.378513380875990624e+00	1.535649828837599928e+00	1.109029210160801249e+00
-6.713317344472226056e-01	5.009236958029367415e+00	4.954028593274663050e-01	-2.083659892663923596e+00	-3.105841054360080622e-01	-1.338924109579183286e+00	-2.796088929413228730e+00	3.974493049302411762e+00
-5.996889963643204924e-01	3.041076312423399930e+00	9.139880252830274998e-02	-8.646540056175497924e-01	7.100296431990896218e-02	-7.717924670837793544e-01	-1.847838033384063161e+00	3.401249224061287268e+00
8.637898037456097355e-02	-7.981109881503782588e-02	4.565829057326948881e-01	-4.187484682435900218e-01	-1.812243080889605340e-01	1.431459724777254250e-01	-2.270075731131387387e-01	-4.778660561727301470e-01
1.265315334572669093e+00	-8.705416907047965891e-01	3.384009572618026374e-01	1.243380022043425015e+00	9.481613588649359659e-02	-3.861453748912364037e-01	1.042815223088090271e+00	-5.327253421791920962e-01
1.444246588303169432e+00	-5.417415236304483628e-01	4.163407885299891253e-01	1.334275168301964243e+00	1.416004381538000512e-01	-4.065552463562578933e-01	9.569687619012910984e-01	-4.146854791866989576e-01
5.115149433607664164e-01	-6.122870240561031352e-01	5.123658161451829507e-01	-4.775609035280297676e-01	4.024501365173672740e-01	-3.756842773791896350e-01	1.482350859809498378e-01	-7.586262473824872954e-01
8.947125138908473829e-01	-6.067311243515103314e-01	5.383849397762751066e-01	1.706500777485234099e+00	3.263009818197127876e-01	-2.787779113921473040e-01	8.810999871762507096e-01	-3.801354319329939280e-01
-2.910510118096460430e-01	-4.844014674228682704e-01	-1.176035055431250004e-01	-8.070604499543932997e-01	-1.020351028094056645e+00	1.511123824005760286e+00	1.637688143866228963e+00	1.145137603052514885e+00
1.108402127819845040e+00	-9.857173376631966910e-01	2.079340996959938570e-01	1.255591504563835947e+00	2.249320172067171553e-01	-3.915874527212793721e-01	9.771072185912961228e-01	-5.721366527584915707e-01
-3.258208284017462542e-01	1.295255210110551003e+00	-3.743956058366549322e-01	2.802209834595872917e-02	-3.583989446777683385e-01	1.891914014780325060e+00	1.373594970366563528e+00	-6.288557466158783971e-01
1.392212817215289888e+00	-3.305358917750114145e-01	3.960047280597024377e-01	1.465037980050145183e+00	8.641156348388079333e-02	-3.320856806181314846e-01	8.407008749595592523e-01	-3.156666228504451110e-01
-2.031343160527079306e-01	-7.018669873375936730e-01	-1.945659892841208535e-02	-1.209130868626389743e+00	-1.019782316227367369e+00	1.198121291310931147e+00	1.543376456687540976e+00	1.230942929646750228e+00
9.774508644219630504e-01	-6.929817532816229253e-01	4.430873610216805591e-01	1.468686686836180311e+00	1.710157763374990647e-01	-2.635057258838544025e-01	9.609480023627706702e-01	-4.846590105646695346e-01
1.437262929174740522e+00	-6.005076638526376520e-01	3.464066254330084860e-01	9.592366704424307722e-01	4.549370306456090862e-01	-6.276011658846857300e-01	7.069711731025321022e-01	-2.726819406652037370e-01
-3.276457377994707043e-01	-7.555522639066407642e-01	2.040817877319443252e-01	-1.257349886493493329e+00	-8.681281100189758293e-01	1.207007905501619405e+00	1.971918160671069842e+00	1.527905165936345178e+00
-4.968716382132483123e-01	5.427150152047766518e+00	4.171799126193213025e-01	-2.051354088135218579e+00	-4.382228393802137245e-01	-1.246009709997127013e+00	-2.619208742338373419e+00	4.737247255861140260e+00
9.678175192281635725e-03	-4.194388712256252316e-01	-2.898612674853676685e-01	-8.297108305428841923e-01	-1.442494699752934206e+00	1.613544426948910315e+00	1.473328635086769811e+00	8.426432404105640428e-01
1.249732464321707370e+00	-6.578655809982444369e-01	2.003688562674593443e-01	9.467645363113476042e-01	2.730869946060711095e-01	-4.710060372084410307e-01	7.586970952097135124e-01	-4.879566525952867551e-01
1.000805244369991298e+00	-5.673274258645308876e-01	2.779525187449407575e-01	1.165119311685822723e+00	2.967038920194405849e-01	-3.739797569686481027e-01	7.175965899397614978e-01	-4.197191070194658535e-01
1.626107856082775527e+00	1.719458793274295516e-01	1.737886769811887167e-01	-1.890907213928640779e-02	3.113367456955058454e-01	-6.127736084023684970e-01	2.939444062221348020e-01	-6.639809822416017915e-02
-4.744549540651663011e-01	1.106694034151111561e+00	-4.638227752705500473e-01	2.614326844817586593e-01	-4.506671192731570019e-01	2.137818787055150160e+00	1.528569874388432392e+00	-4.390409833149093721e-01
-3.370286702507933607e-01	-3.199814682339199856e-01	-2.341757681746684805e-01	-4.961527290360533415e-01	-8.306832126909019509e-01	1.514525559442789104e+00	1.542588336306560448e+00	9.270405673532162716e-01
1.205262696265952727e+00	3.918932550316562846e-01	3.778021809746557880e-01	1.076310237854895657e+00	1.202473542388331762e-01	-2.416016097993571032e-01	4.130483991208654948e-01	1.788754790756397206e-02
1.123848643168878336e+00	-5.180393382481977005e-01	3.290060047569590140e-01	1.086455665594525222e+00	2.508322184743805305e-01	-4.053668514707159387e-01	7.493034612829981844e-01	-3.812186987533260352e-01
9.416574997166672345e-01	-7.316770182513183673e-01	1.776792145598805606e-01	1.009293952882504009e+00	3.534668631743591583e-01	-4.037716716510322823e-01	7.098343511967939445e-01	-5.323557662788840350e-01
1.211280115937022339e+00	-6.748119487162136387e-01	4.703422701388297877e-01	1.737348809016621587e+00	-1.085168980088939764e-03	-2.329676083485436588e-01	1.114369323649311960e+00	-4.780666482672625284e-01
9.520597613483268162e-01	-6.319455178982232857e-01	1.836889565422592518e-01	1.078610217097852875e+00	2.993244729495273537e-01	-3.783460293871718227e-01	6.641468778517730653e-01	-4.536826472443825642e-01
5.933671947794717516e-01	-5.845935766923415766e-01	5.082417255094460184e-01	3.172672431132482207e-01	5.571295975194681116e-01	-3.940829268492713200e-01	2.378951979893959567e-01	-4.768930729826392767e-01
1.258724954301805754e+00	-1.113551490456756582e-01	9.534600380862008340e-01	1.245741796360460563e-01	1.485631841664588337e-01	-4.358367159055434592e-01	1.747560059242440067e-01	4.695092978075909862e-04
1.349577267259620905e+00	-1.070479927831802902e+00	2.510059556314984119e-01	1.147119195031276462e+00	3.056495339804147227e-01	-5.120482963171044677e-01	1.050879647239825854e+00	-5.924464174785208925e-01
-7.613365617687880560e-01	5.498589362591782326e+00	6.217085099333871101e-01	-1.949308077227080993e+00	-2.711253346969518252e-01	-1.292135649166627154e+00	-2.681151994712013487e+00	5.180920137731498620e+00
1.141019194739115727e+00	-1.762107766769575867e-01	8.923247794562418900e-01	-3.918212323550492732e-02	-1.807549389647923610e-01	-2.117552618365289019e-01	3.107129495597399926e-01	-3.548421754117458971e-01
3.603952225317135216e-01	-1.177258377446095849e+00	-4.474401022276529027e-01	-2.331228234034506963e-01	1.117274415796112530e+00	-8.769799869580510165e-01	-5.103879590145972145e-01	1.041604471337278293e+00
-4.465213010699559115e-01	3.540615174918352981e+00	2.980568150965420826e-02	-1.099972345222860470e+00	-1.250573986161184759e-01	-8.684341360402864085e-01	-1.948670185359312690e+00	3.606988252971965014e+00
-6.466178732762364323e-01	4.449259791676240638e+00	4.146896187344371043e-01	-1.493811354485366394e+00	-1.784306970462563868e-01	-9.791992458103937480e-01	-2.295659988830550891e+00	4.173340133394757956e+00
1.405718844273832646e+00	-7.136486835994005906e-01	3.912817100550127769e-01	1.344314952645985439e+00	1.228235805507711109e-01	-3.970069123622851914e-01	1.042479959507924159e+00	-5.104333835782670636e-01
-4.769169992364826749e-01	4.091795402578516594e+00	4.078111033139697472e-01	-1.576284291087199030e+00	-2.623401660656021206e-01	-8.762067252244071236e-01	-2.161020879981803589e+00	3.568692014741415619e+00
8.725787716980240583e-02	-3.211659741676577973e-01	4.111881190204772496e-01	3.539970301256709639e-01	6.647528070647593657e-01	-2.367194968614745598e-01	-8.613496997441225100e-02	-4.860294449439210851e-01
1.662160316959514939e+00	-7.898154044966957388e-01	3.174651097295381197e-01	9.429390395681488402e-01	1.743367397087715875e-01	-5.703519946569570731e-01	1.026970079479496922e+00	-5.176807549582437273e-01
1.180927396756545678e+00	-7.034797609077597658e-01	2.666221170050427913e-01	1.141729825486108574e+00	2.355113182333304633e-01	-4.065159929011141204e-01	8.617752138813808971e-01	-5.220172607045291402e-01
1.759261129703441506e+00	1.756902863673096005e-01	2.833180298099440275e-01	3.493668451028211219e-01	2.374812148370801512e-01	-5.890608372706765961e-01	4.343460557171577863e-01	-7.354457754324081505e-03
-3.705085131103317275e-01	-4.137078840360264853e-01	-7.345426379650575599e-02	-6.436612043109758430e-01	-9.724043663790219449e-01	1.701180025038350863e+00	2.041059079575393120e+00	1.163593784768170769e+00
-5.439597851163892051e-01	-4.841754840814685990e-01	-7.488915184883365717e-02	-1.023463810526529377e-01	7.614560700512507108e-01	-5.634166130781684823e-01	-9.415414620066191453e-01	2.495056640953890181e-01
-4.054492821291443283e-01	-3.552947627045479062e-01	-1.164759880230769040e-01	-5.467331174475583699e-01	-7.435619898692802376e-01	1.551798208541599999e+00	1.889480133220834190e+00	1.114821464403796814e+00
-6.725177012674229404e-01	3.456029909276245426e+00	2.888636760912948187e-01	-9.593756507499723307e-01	1.920619941588641577e-02	-7.267593639822390594e-01	-1.935131689928134557e+00	3.485668853351877594e+00
-9.885671602933082669e-01	5.152902553831284038e+00	1.085851873782438970e+00	-1.750720608444619630e+00	-2.874253651675828108e-02	-1.188512127616726977e+00	-2.726957942020330705e+00	4.900987396868638157e+00
1.040129674163946527e+00	-2.495476184613832915e-01	5.412347209390414582e-01	2.047266789899721662e+00	-6.749782390207500170e-03	-9.285899743568470921e-02	9.276340897511221595e-01	-2.891550996647483385e-01
-1.186923627308488910e-01	1.166463396528371943e+00	-5.665283566372582014e-01	-2.031421571135639814e-01	-5.333377607758527095e-01	1.601135073824214272e+00	8.864928114158139305e-01	-5.303195233054344149e-01
3.124530016561543611e-01	-7.672180683537294099e-01	8.595263613690060645e-01	9.714637976098224881e-01	1.056522786946765935e+00	-5.539993379715787425e-01	2.668906124943378755e-01	-1.975462924065135295e-01
1.473216081773182307e+00	-7.063040927365068500e-01	2.901392756429697073e-01	9.016701432635431113e-01	2.467976759430787481e-01	-5.415588861252750297e-01	8.913858732085365721e-01	-4.917486607241505769e-01
-1.209565729586087046e-01	1.157709227808702224e+00	-4.638849964596880593e-01	-2.105559762464941365e-01	-4.837566887109496228e-01	1.489617278181791793e+00	7.946404779450411127e-01	-4.400419232914388745e-01
-4.013364334062513028e-01	-5.511758833914702782e-01	-5.495536381129197817e-02	-8.644826726064210876e-01	-7.556298769543499105e-01	1.328839433044223917e+00	1.759780765404550973e+00	1.317987570713406109e+00
1.394809567021291663e+00	-5.808349457248159764e-01	3.775420551680765957e-01	1.103209053951957230e+00	1.750357283969959654e-01	-4.565037646405495919e-01	8.935648477599492656e-01	-4.152973010614470217e-01
1.544303200969650236e+00	-4.369080525015480720e-01	2.082372852297311727e-01	8.569388348398592203e-01	1.013064943698471221e-01	-4.875586894686598782e-01	6.926128411739349566e-01	-3.568972886344577433e-01
-1.943508751688234060e-01	-4.562893653854726006e-01	3.343147938795867219e-02	-5.123848237036426889e-01	-9.311902216176861646e-01	1.342966991608900429e+00	1.479462147741930300e+00	1.095596198786226827e+00
-5.228291162334084419e-01	3.107026182893833255e+00	3.578445925493760615e-01	-1.120775151512656720e+00	-1.380936285388301155e-01	-6.311237330081183039e-01	-1.845411899239454145e+00	2.607638623784231058e+00
-3.328033388520803548e-01	1.390097378482362700e+00	-4.672938160030527532e-01	-3.356468843136935221e-02	-1.703755236416612806e-01	1.606130171252242889e+00	9.178430635342830213e-01	-4.628957169775121949e-01
1.317973789685108921e+00	-5.368338726561369123e-01	3.823806736151083019e-01	1.355415028500784214e+00	1.975715788620952262e-01	-3.891280237568596756e-01	8.883238751864465099e-01	-4.203739929993035029e-01
9.840341821637567099e-01	-4.407137284118130549e-01	6.122701406362103249e-01	1.431657115109277623e+00	6.255944815734240105e-01	-4.723953851205211496e-01	6.163417512857853886e-01	-1.077058309766464606e-01
7.098728266327123393e-01	-5.166314290225302308e-01	9.230297994649826476e-01	1.361574102521129870e+00	6.755805987306074956e-01	-4.182512420605392078e-01	5.183600590481148851e-01	-1.006339139900614688e-01
-3.834412163054367606e-01	8.926648105990859783e-01	-5.074143510450606076e-01	1.984137445137466038e-01	-5.452928689186732347e-01	1.985386909766563956e+00	1.298348201696107873e+00	-3.000002836062309330e-01
1.439031150424041172e+00	-4.685044806931557559e-01	4.944882058420192461e-01	1.648870451468551934e+00	1.361075015937043831e-02	-2.995513048685122803e-01	1.034581451706138022e+00	-3.943512877027405827e-01
-4.745926990162153691e-01	-8.636686188412240339e-01	3.494141836958859493e-01	8.742860558586124098e-01	9.997114271097988780e-01	-2.668418638560957623e-01	-1.674936513828784168e-01	-4.872876543615950462e-01
-4.594422484086344571e-01	-1.987142292736543137e-01	-1.801484563958843377e-01	-3.805023312832158666e-01	-6.773935404276162364e-01	1.605380753491207013e+00	1.730172186282254998e+00	1.005672203340713944e+00
9.358025020470132904e-02	-1.430664098099722337e-01	6.211373647138047627e-01	-5.703096711896580295e-01	-2.955430040914726608e-01	2.197890530986051361e-01	-1.811675133976748397e-01	-5.287621784040966721e-01
7.163360765233058869e-01	1.518870772283170689e-01	1.223918352875115856e+00	7.223594346765362939e-01	7.077835316838408941e-01	-4.122921752106565307e-01	2.234884541561837912e-02	3.561720401305655814e-01
6.205301898539772321e-01	2.421308731601776176e-01	4.854577722142047191e-01	-7.577045495088244320e-02	2.852055554214905086e-01	-2.000552777210012623e-01	-6.473702065729255994e-02	-2.239809666036333968e-01
3.135776866897205806e-01	-3.681462768865951304e-03	3.808330550259177993e-01	-4.805391350811142881e-01	3.985759029513146201e-01	-2.590463809971510489e-01	-3.069495843468371121e-01	-3.823936149065761403e-01
1.282265595051692131e+00	-5.145524992897109184e-01	4.061386628102778840e-01	1.388809857007504700e+00	2.174267160416485656e-01	-3.552228548108601891e-01	9.039568113454862219e-01	-5.035831980526532803e-01
9.283910954014669148e-01	-4.976246675298113820e-01	3.970519368730753840e-01	1.577030312524992262e+00	2.342271863733691728e-01	-2.501288688776641123e-01	7.700596372662965594e-01	-3.871388142372134133e-01
-2.810229132996971968e-02	9.244214477968072385e-01	-6.221036011305577373e-01	-2.130157224715684139e-01	-8.782292835875464831e-01	1.738794404294813578e+00	9.924353251708342150e-01	-5.334875876825971863e-01
-3.505955766694217601e-01	-4.551214464008163652e-01	-1.384536161033576018e-01	-6.972858211720142085e-01	-7.876454508975555546e-01	1.364269815366324856e+00	1.548316447958435704e+00	1.052412178681274124e+00
-8.664549969555700448e-01	5.687168857275946898e+00	8.169354365744325719e-01	-2.067551423672346012e+00	-2.439052001148878379e-01	-1.310633754123216033e+00	-2.804403983429356373e+00	5.240501719825522819e+00
-5.452699626422667922e-01	3.961452991930978218e+00	5.058485109535543200e-01	-1.465963461759845377e+00	-1.913224144899444146e-01	-8.585132329153820629e-01	-2.119841951951051851e+00	3.632613918725260405e+00
-3.975339323012292980e-01	4.386849733894207515e-01	5.368504892541351436e-01	3.165225924184014716e-01	1.020154413273334226e+00	-1.743756854896338082e-01	-7.320992505090729852e-01	2.136832582732003660e-01
5.641812828044452388e-01	2.373746510960968170e-02	8.283446402000665953e-01	1.649477069238313165e-01	9.091342974815017630e-01	-4.899430277757403362e-01	-1.724478081739778956e-01	7.902370579947398666e-02
-5.245996350411916698e-01	4.290755329919480943e+00	2.863179953223901064e-01	-1.526242242594283427e+00	-2.380213601973334703e-01	-1.000089272239266247e+00	-2.206894589887306246e+00	4.128762876401654403e+00
7.031164094428039579e-01	-4.047336967649238851e-03	4.828093890990144965e-01	-8.223153129021377739e-01	1.973405395551371677e-01	-3.110066812523454849e-01	-1.077154915475899213e-02	-5.616523316813221145e-01
-8.052256476473179658e-01	3.929765030982819152e+00	7.323211365503855541e-01	-1.247200136454983399e+00	-4.988227761062673628e-04	-7.943316603839101209e-01	-2.148719480019781969e+00	3.728799797234102265e+00
-5.248236643322229389e-01	3.391487361965185521e+00	3.078118968754549600e-01	-1.085272666918566165e+00	-9.389183692104169365e-02	-7.520320797016335490e-01	-1.868565162546398595e+00	3.444189081904826644e+00
1.353651557018917373e+00	-6.778472750714261696e-01	4.247895531644998446e-01	1.370470352923141455e+00	1.079722450716688320e-01	-3.754560384387716221e-01	1.037745757905211175e+00	-4.815192244623061613e-01
-3.144675546056096005e-01	1.431718182312005316e+00	-4.708531826510397034e-01	-1.337874657293163239e-01	-3.573408422204834012e-01	1.766846293947458069e+00	1.128060852313081286e+00	-6.256662571199722578e-01
8.728468634228929712e-01	4.728569654333250050e-01	9.758217065462312378e-01	1.547139850218714141e+00	5.368013206295390027e-01	-2.971855088921345200e-01	3.165341150337720455e-01	5.302567219678748778e-01
1.166288130559662184e+00	-4.857143784897940963e-01	4.920399758616974539e-01	1.697057832924046217e+00	8.204867739966167917e-02	-2.280253793150011088e-01	9.839208634804891274e-01	-4.335432039890615430e-01
1.720526002308308211e+00	-6.042938254165718392e-01	3.186435375262296477e-01	8.073802666206401080e-01	1.960387144920986147e-01	-6.006554243785963143e-01	9.051307587226584683e-01	-4.361099360344634635e-01
1.620319317601367048e+00	2.597628491646388205e-01	1.389070366443461380e+00	-7.422945576613102503e-01	-9.909630666980921987e-01	4.886952472389766156e-01	1.635999341652730310e+00	-5.033969925236050358e-01
-5.976234726215017279e-01	5.538910815736380222e+00	5.845500125836069483e-01	-2.200669375689971563e+00	-4.097220970090746928e-01	-1.270808953590741641e+00	-2.726513104432668033e+00	4.791642793233830133e+00
1.336394440157890662e+00	-8.755552623160595127e-02	8.329724381786188792e-01	-9.939636615719535384e-02	1.200963185166623148e+00	-1.004309365302240797e+00	-1.083092274882288542e-02	4.742624328248181143e-01
-6.189236276159679750e-01	3.311421848052650052e+00	-5.143015176823039630e-02	-1.093832595077628422e+00	-9.824465817257557743e-03	-9.766221204376225318e-01	-2.015926378102807170e+00	3.999824974405464140e+00
-9.656042913806964223e-02	1.043262987689164367e+00	-5.926267602871582163e-01	-7.329846991762124786e-02	-8.360541914204566716e-01	1.917671444781763546e+00	1.189428347894571081e+00	-6.228194889507566723e-01
1.425254817174868460e+00	-6.398455458134036933e-01	3.318641566347868554e-01	1.298620527004874070e+00	-1.446261243163278129e-02	-3.383741628083575259e-01	9.784069976997727958e-01	-5.329280199224963877e-01
7.411532598674555605e-02	6.037765585001503288e-01	1.032075557169180646e+00	-1.955170850275715688e+00	-6.928461356367136004e-01	1.150961155770094724e+00	1.854952123846631773e+00	-5.496701472519223142e-01
2.536416365799797901e-01	3.888336498996181056e-01	9.145717890446046772e-01	-1.605954695575164459e+00	-9.717391719255895621e-01	1.130177036347328023e+00	1.250623722829835804e+00	-8.116156729828299943e-01
-1.762740856523292710e-01	4.504029722637123534e+00	-1.388954709678560939e-02	-1.786687170937387714e+00	-4.947185927471490219e-01	-1.092440022047296511e+00	-2.186479355167186611e+00	4.005425245518295263e+00
-8.224390575482358745e-01	3.602060222474491091e+00	2.535040027507319826e-01	-1.028954392531630901e+00	1.764280683773744307e-01	-9.808087973075385602e-01	-2.152524979546888595e+00	4.105929159366383807e+00
3.673457997767348715e-01	1.314421394322007330e+00	1.634576413833904729e-02	1.148075959551612346e+00	-8.923489993779729623e-01	1.772487723231195300e+00	1.186487052995318869e+00	-8.026446515381113755e-02
-4.284610895563350508e-01	6.518411980958237706e+00	5.243699480236814203e-01	-2.792624320271056781e+00	-6.872104350548988716e-01	-1.589547920656591673e+00	-3.011178953068522457e+00	5.500459123775219616e+00
7.593659028365277175e-01	9.953799949919710233e-02	7.956849246231988415e-01	1.419921360603494942e-01	6.917439674850811571e-01	-5.050144029903059772e-01	-1.016055405410593582e-01	2.802659381464750465e-01
-6.895360203932685561e-01	5.078579406095447446e+00	2.457151121299414043e-01	-1.766190313834252512e+00	-2.810097540468904920e-01	-1.257631326934491423e+00	-2.516340520000159842e+00	5.154063900331671277e+00
-9.495386249519158772e-01	3.791895550200167442e+00	7.501556629797492270e-01	-9.691210834242077743e-01	1.971761691118071036e-01	-8.119595092197910979e-01	-2.098000481000040551e+00	4.028645621547105371e+00
-1.672618693099933995e-01	1.148245041140435019e+00	-5.562143879299831228e-01	-1.077517049684564021e-01	-6.600357416042286207e-01	1.850593048586937739e+00	1.155274763862301990e+00	-6.084981789983193723e-01
1.543497639825556877e+00	-4.446421272859413243e-01	3.278012679497764870e-01	1.161280695403732910e+00	1.833508901882897890e-01	-4.721981597852927259e-01	8.435667522072766156e-01	-3.768266815326918873e-01
-4.926025103239271008e-01	4.346842928847696186e+00	-1.516431697206215290e-01	-1.543984794565887553e+00	-3.130838410791001447e-01	-1.178848623658394601e+00	-2.228662785788353862e+00	4.775004569331633419e+00
-7.112820317713747231e-01	7.249000433848096225e-02	-5.081426507855008046e-01	6.061399488664837021e-01	7.667275846997030353e-01	-3.914106701345371753e-01	-9.238519572645456090e-01	2.285037671587529129e+00
-5.803234351896526810e-01	5.842537337285837573e+00	6.050902277035561383e-01	-2.363947797107259330e+00	-4.791809798594072189e-01	-1.345659907323438986e+00	-2.830693395355481812e+00	4.979672323273715229e+00
9.379059031789689360e-01	-6.910658126754827268e-01	9.697486090108732304e-01	1.446336326199539890e+00	1.060940344549201830e+00	-6.962022620930207184e-01	6.137158882460229670e-01	8.582852765801118888e-03
-4.371583087753429520e-01	-3.429185497579662067e-01	-1.213333286251610799e-01	-4.846193908699290009e-01	-6.924732114533300731e-01	1.477295973067554336e+00	1.670468223916070860e+00	1.126662067988694282e+00
1.628298981951511182e-01	1.292534020212816381e+00	-8.739301013922801120e-02	9.701931523730390472e-01	-8.495756431959715638e-01	1.895574699713069133e+00	1.287950650770846250e+00	-1.462087897609483100e-01
1.321774526049454224e+00	-5.369245320636402141e-01	3.633481469230205319e-01	1.279112901989243767e+00	1.903657722381733308e-01	-3.960802397217404458e-01	8.864157226295448222e-01	-4.301921286181940585e-01
1.180893565381771371e+00	-5.442883810119135690e-01	4.193827042549147510e-01	1.592166108468979324e+00	1.012881426283524511e-01	-2.720479488438010129e-01	9.626860484265471474e-01	-4.475697155161995622e-01
-5.386696827202127613e-01	4.718640850394448805e+00	1.532690739059988649e-01	-1.599249539664763908e+00	-2.632257830327528469e-01	-1.134508638241640721e+00	-2.370403381312172097e+00	4.496690057717640521e+00
1.144756060827480715e+00	-7.077089331579539122e-01	2.816112412113103147e-01	1.200689268999504566e+00	2.289647506461297277e-01	-3.861137857690106756e-01	8.695771693335940800e-01	-5.130494463725213672e-01
-9.899622231476984391e-02	1.630276718264542124e+00	-4.606102813444760136e-01	-3.382312096017913161e-01	-2.228433171280358449e-01	1.386634968393287259e+00	7.782793522082320781e-01	-8.049735356349491111e-01
-4.056123412588177879e-01	2.428920639069453991e+00	8.028297848687218630e-02	-6.984737216490536360e-01	-1.883281239075032532e-02	-4.681243647337789970e-01	-1.473469880262972209e+00	2.450424280281701783e+00
-4.387977187988324479e-01	8.880187938531100000e-01	-4.769182443819328099e-01	2.972281615602767602e-01	-6.176183783095179347e-01	2.190499494638069589e+00	1.559407374765402254e+00	-3.659877688123227557e-01
1.194942241152439522e+00	-3.424848617561992437e-01	5.224551804344235162e-01	1.906746943518151216e+00	-9.936334533218618356e-03	-1.644825172591072304e-01	9.864100673535892705e-01	-3.466347125061881029e-01
-6.283171448319115893e-01	4.549722871724566353e+00	4.747758215990587338e-01	-1.619097322580200782e+00	-2.192753128841060106e-01	-9.868405940059976622e-01	-2.348713182977122838e+00	4.107422125704627724e+00
1.336637075948055031e-01	5.240562351020411347e-01	1.209493692336976789e+00	-1.275164118286095327e+00	-5.031006775395298058e-01	1.025849788175189126e+00	1.709698406992161246e+00	-6.223578551155792837e-01
-5.870785336888645345e-01	-6.174694749399496640e-02	-5.887101436724253567e-01	5.677766921265877675e-01	7.376936414652599527e-01	-4.083186017577053462e-01	-8.769025472589604409e-01	2.022839984551375370e+00
-7.449025343960796741e-01	-6.107704470040787870e-01	-3.468713167404250397e-01	1.066662117453886172e+00	1.121380357923386084e+00	-2.401679758907338813e-01	-6.970461702753675270e-01	1.377322000246415046e+00
2.265978127917036428e-02	-3.551518069667586874e-01	4.890076846142155098e-01	3.090589026760793834e-01	-1.209431257756279576e+00	1.728213930966514100e+00	2.184242965039874029e+00	1.218865410628554580e+00
1.438852283500074991e+00	-6.485906873886615465e-01	3.056292144809016342e-01	1.048506802733951027e+00	1.991644520787359818e-01	-4.826413958342682387e-01	9.032620354420383135e-01	-4.810743995267580675e-01
8.913168152906729702e-01	3.663350122373161821e-01	4.707770034050016150e-01	9.451658004160942150e-01	3.694357900289549912e-01	-2.567148402111193994e-01	2.347858184827282257e-01	6.972704591019962539e-02
-6.021065492120483142e-01	-5.940248893340710490e-01	-4.431095879100734880e-01	9.355998353884412699e-01	9.729371630928147496e-01	-2.572668047368791289e-01	-6.675870724970656145e-01	1.333678686331357000e+00
1.161322888030417388e+00	-5.562421987665630008e-01	4.467319568598526747e-01	1.706225984305311805e+00	7.311461581068487425e-02	-2.385664961049593913e-01	9.966512047966386012e-01	-4.495471628522293428e-01
1.336248349232027399e+00	2.967476465213927384e-01	2.826765392121545206e-01	5.764820632342984030e-01	2.337331994495071286e-01	-3.983881649354151233e-01	3.296231845484112744e-01	-1.775488915196345857e-02
-7.456575681299977276e-01	-9.750423826584042608e-02	-4.456117631309241545e-01	6.345963651949467765e-01	8.980717318694737550e-01	-4.242828307402574661e-01	-9.371974381592165226e-01	2.132232487040640834e+00
-2.417875791233586591e-01	4.933620429418133391e+00	2.026983046158993829e-01	-2.033106415422190949e+00	-5.426030670235889586e-01	-1.201071898556196782e+00	-2.376804424745137201e+00	4.363380443691851518e+00
-3.593057643354992670e-01	-4.000482872406759816e-01	-1.599125939506253757e-01	-6.491411925822988538e-01	-7.980262921708052293e-01	1.435717809906905895e+00	1.611351879384602892e+00	1.065427495890884257e+00
1.318900066438644547e+00	-7.838890834237988159e-01	1.600315879241541728e-01	6.065798548879792751e-01	3.390630569197806699e-01	-5.882663415239202109e-01	7.459242814796419596e-01	-5.128341997694727539e-01
1.339534117844625838e+00	-8.942827810578760639e-01	2.729118137193045635e-01	1.187662666009980938e+00	1.523033570587308538e-01	-4.340043616276715310e-01	1.016487645472101908e+00	-5.564499931585094039e-01
1.033965250051233298e+00	-1.085136018568499505e+00	1.941803170408993306e-01	1.331862913920396796e+00	2.023197105179458111e-01	-3.575970786738407181e-01	1.013963272728461984e+00	-5.906838840746494457e-01
9.351676941059053894e-01	-8.706716309876981752e-01	2.981225657800646855e-01	1.555236693818094817e+00	1.919388187853206806e-01	-2.683216149047901733e-01	9.791583468874341944e-01	-5.347485809154809422e-01
1.275099162405122666e+00	-8.734076918112835264e-01	3.302962759627974254e-01	1.083749407712724544e+00	3.644501112581434166e-01	-5.139576367667383350e-01	9.170264341024850774e-01	-5.131136420912457696e-01
-4.605903100885704315e-01	3.874564881252510418e+00	2.250776134500348247e-01	-1.309957935470518198e+00	-2.139193655963348706e-01	-8.349760800616381484e-01	-2.024473143016798371e+00	3.598600965255890571e+00
1.047137169649644983e+00	-4.966502738139438877e-01	3.852473917964162053e-01	1.580905334412268992e+00	1.420928381725632683e-01	-2.456465487469427222e-01	8.630427949076875382e-01	-4.212158416361777569e-01
-1.191734087573623063e-01	-5.767866648333285218e-01	9.595954163690503802e-02	1.327570205580065110e+00	2.128211738917822615e-01	6.453959745209986165e-02	3.936774645974732700e-01	-5.896532494864942242e-01
1.689570650179717859e+00	1.481746356402635079e-01	2.516421505988467033e-01	3.069782705672050582e-01	1.997502118789542258e-01	-5.546836265623661388e-01	3.999814258454301164e-01	-6.026366506163825104e-02
7.082986744450213701e-01	3.217724304875781843e-02	9.325514998614305995e-01	-1.356186591768683558e-01	2.456392058890010943e-01	-2.554303423426687036e-01	5.041728577185516924e-02	-1.956416229388528438e-01
1.265137394665277193e-01	4.596899162411483886e+00	4.808910930258852856e-01	-4.122242535549165865e+00	-3.215353847865459747e-01	-2.794086928427194749e+00	-3.338055825191477588e+00	5.368617881971598393e+00
-6.526992068429594562e-01	5.330803648247345983e+00	3.075107376438093731e-01	-1.922304341212951906e+00	-3.510032744426266338e-01	-1.314643523205017761e+00	-2.582161762366832036e+00	5.283555525992252200e+00
-4.519783282418315951e-01	7.338336199259803960e-01	-4.661747074624803533e-01	3.178406649385220328e-01	-5.640059320795008935e-01	2.070205344414536963e+00	1.520441555852835691e+00	1.502472181605823964e-02
1.132351011895046833e+00	-3.410952382821775819e-01	3.234107526080727268e-01	1.061452304050578999e+00	2.344164420991257936e-01	-3.767934766959369353e-01	6.401761323021409877e-01	-3.035255631375057273e-01
-4.229693408197008897e-01	5.719990174161448948e+00	4.508070021644053904e-01	-2.383324728782563628e+00	-5.617180333201504672e-01	-1.310720644881285368e+00	-2.747093006730138232e+00	4.698041075353305729e+00
1.474444196658460049e+00	-5.449479898062815630e-01	4.240874301195424190e-01	1.243460678690258003e+00	4.218919292293457080e-01	-5.943451838313671409e-01	7.418852762935193024e-01	-1.525082599614287771e-01
-1.021531011036482528e-01	7.485841100566397177e-01	-5.964838908023075703e-01	-4.172035741096593447e-02	-9.259681988317718382e-01	1.948600234383805585e+00	1.269154486961245887e+00	-4.388073029978819539e-01
9.467868000506982629e-01	-9.713727555650191192e-01	1.967378941858682340e-01	1.318524846486679891e+00	2.351481426741317271e-01	-3.350052520327265193e-01	9.230214826790122951e-01	-5.757754754424682098e-01
-3.382964191539288290e-01	1.475107065215087943e+00	-4.538995015826646218e-01	-7.527638951116175092e-02	-3.635557280773676903e-01	1.858496801775944229e+00	1.236498868142946961e+00	-6.731358106038883848e-01
1.807820459400756752e+00	4.448017964012257464e-02	4.297240022619479571e-01	2.488908393965733601e-01	4.313500445756495161e-01	-7.318923647401538446e-01	3.890059771541810596e-01	8.829074102317452377e-02
1.037016354141694574e+00	-7.584803580391783484e-01	1.292532273649418528e-01	7.484371864846782740e-01	3.765035797895134317e-01	-4.840708044871263604e-01	6.806053002301499788e-01	-5.375543939668291360e-01
1.507722239751819515e+00	-5.964266717082585822e-01	3.172561303682838729e-01	1.023107958289251496e+00	1.840040795162644904e-01	-5.006820375720204552e-01	8.830765218209767342e-01	-4.349376805211711550e-01
-2.741286766778577300e-01	6.710931262821923093e-01	-5.375711372435928448e-01	1.682321375259788754e-01	-7.294712700804620864e-01	1.913643695837860648e+00	1.177039086583228089e+00	-1.922745095338219135e-01
1.038924173526097228e+00	-4.856186224179438460e-01	2.971331959835515901e-01	1.303474484823630153e+00	2.540331696729768440e-01	-3.333562306784272899e-01	7.272882319890032754e-01	-3.998570938903578398e-01
-7.632400967164401084e-01	-6.835027444064901703e-01	4.019070901279589991e-01	1.373387283273271642e+00	9.475178013444871539e-01	-4.253867897233919171e-02	-3.268146459226356493e-01	-2.510999372429412180e-01
2.250320761038475947e-01	6.490790125125432963e-01	6.660024482036439597e-01	-1.462767667143175299e+00	-9.998157361465196402e-01	1.446376095653431504e+00	1.635660119338258500e+00	-8.008145365860243059e-01
-8.255158399621733700e-01	-3.050503320172412991e-01	-3.187527999722681304e-01	9.362369123085990674e-01	1.047327670588614978e+00	-2.898391691139886039e-01	-8.303748148083016645e-01	1.816164756024140292e+00
-5.723625442223679860e-01	-7.751326570135204097e-01	-3.775489872549417925e-01	1.108262676095988386e+00	1.030550273783504611e+00	-1.447773612935977228e-01	-5.513314916403693200e-01	8.969130963383842303e-01
1.036636653986891199e+00	-5.842838558933904913e-01	4.115769713086480097e-01	1.533580762515205809e+00	2.139323742096457537e-01	-2.803905283189592201e-01	8.835695525202482692e-01	-4.523227342192838729e-01
1.791894653669817705e+00	4.409768636078267856e-01	1.342345642291724372e+00	-1.176375038193004485e+00	-1.058226969669035844e+00	7.210122974848922617e-01	2.432635992978813277e+00	-5.816158289031760908e-01
-4.807029628191039627e-01	3.033930401828758949e+00	2.571415364785403224e-01	-9.900236918770320971e-01	-7.858873815958605791e-02	-5.874518570069140466e-01	-1.730477577137993661e+00	2.823893176904791691e+00
-2.082484099738507455e-01	-3.526930370346152976e-01	-2.063032489944140180e-01	-6.249562801785641941e-01	-1.204179182223392042e+00	1.765856454854780155e+00	1.839701133769337194e+00	9.319360298381273999e-01
-6.877616104507454642e-01	-7.421685877884183213e-01	1.640610338888980335e-01	1.110128764121368850e+00	8.631255420353125540e-01	-6.626357296192657287e-02	-3.649027370094256595e-01	-4.160691513526508234e-01
5.335578144189486727e-01	-8.442118375202210812e-02	6.422374406452066031e-01	-1.072392992174236559e+00	-9.033592542886683674e-01	3.672023134511778197e-01	-9.873260138136816244e-02	-6.023445036412143905e-01
1.209128044938580171e+00	-6.548324518848065434e-01	3.870088056369537233e-01	1.506690144580179691e+00	1.276970609137725032e-01	-3.127576219511899458e-01	9.951912046209683282e-01	-4.908140004717365112e-01
-5.612413427791076437e-01	-8.122543556573507129e-01	2.686374324498498334e-01	9.185582013486991437e-01	9.070312287838617760e-01	-1.846275271977791121e-01	-2.604157332080001552e-01	-4.670494532543241761e-01
-6.720393231270640477e-01	3.905586535833642348e+00	5.864232756789149459e-01	-1.406919515607916615e+00	-1.037620284563963158e-01	-8.715722000223743438e-01	-2.229753823916842403e+00	3.347935165179439565e+00
1.322575356591719764e+00	2.979677330501991905e-01	4.030549276657549029e-01	7.098162375916636790e-01	1.826296119375034610e-01	-3.713484855110961158e-01	4.074601511542661481e-01	1.869416132483225912e-02
1.233310167529505508e-01	3.196593666927355359e-01	1.302232960081722846e+00	-1.512388838990970763e+00	-7.127816682053471631e-01	9.025622058911739742e-01	1.227623065199163310e+00	-8.016479768756016311e-01
-2.930658102770184459e-01	1.762381861706544983e+00	-3.653262426341080671e-01	-2.888625172521936402e-01	-9.969417273366489030e-02	1.423001386421517189e+00	7.777264416205021957e-01	-7.221213310476594094e-01
8.154216938532311831e-02	9.402056566072287680e-01	8.310098268047213521e-01	9.132833019237741601e-01	-6.360661177764936891e-01	1.725971550697635193e+00	1.879525208992844254e+00	-2.451239938584035688e-02
-6.897315492549275229e-01	4.903526189184640671e+00	4.073939468001693820e-01	-1.647668456849305851e+00	-2.002821334539255926e-01	-1.183904227866163783e+00	-2.476678823557487696e+00	4.787332766749583080e+00
1.520482023184215103e+00	1.571991515629820868e-01	8.382359839849649052e-01	6.063527286796366322e-01	3.358055725922819423e-01	-5.308945748870176340e-01	4.009952727855801147e-01	1.442479858981913221e-01
1.499117510752195070e-01	1.227786770838402042e+00	-6.540454901354534334e-01	-3.782960260988068590e-01	-8.150234461101543149e-01	1.578821267596824951e+00	8.237733040163025544e-01	-8.208549868704416719e-01
1.400391302543097849e+00	-3.458123384721092375e-01	4.461943679988410461e-01	1.506932505474960937e+00	8.438484261688711241e-02	-3.318191631725053159e-01	8.938007348873326929e-01	-3.214049131166059614e-01
1.404935463169686205e+00	5.777704541219201850e-01	1.176230666565299066e+00	-1.006287538506264179e+00	-1.249801274309734200e+00	1.198507508352963269e+00	2.348439320776837924e+00	-6.582021826673618570e-01
1.622364066069920785e+00	-7.132841325443876057e-01	3.225682357205987838e-01	8.721986582218504980e-01	1.902321571790486499e-01	-5.682470417694801545e-01	9.748828033934597848e-01	-5.025777478565650602e-01
1.212331421259599695e+00	-4.871742400653705229e-01	3.019732561690898209e-01	1.348447406502449208e+00	1.618071148077529775e-01	-3.370304240421822528e-01	8.001734023743493074e-01	-4.125023420224162018e-01
-4.814838791095290005e-01	6.033903225799576830e+00	3.494573187738228004e-01	-2.368656702953818360e+00	-5.809079092627945640e-01	-1.443058740327075595e+00	-2.768028796656786916e+00	5.426765929627911156e+00
6.201710773432070889e-01	-4.876888532954408162e-01	9.411048795680112544e-01	1.856273797148135341e+00	8.979852026889187933e-01	-4.657711716491381160e-01	4.952628222856132467e-01	1.157410313941432678e-01
-1.827294894020866367e-01	1.253221427091688822e+00	-5.111781847303956683e-01	-1.121147175002419893e-01	-3.842199321320144412e-01	1.624938675518101894e+00	9.512608867362655207e-01	-5.679412212545046357e-01
-4.078082183628014556e-01	2.360500771001562414e-01	6.231733746943047825e-01	4.011677757448703918e-01	1.087841718877938790e+00	-2.151236006222473629e-01	-6.718460410340755251e-01	1.493397165213032896e-01
-3.585509323711235097e-01	5.272212357655568837e+00	3.270166572202765076e-02	-2.010783784985991307e+00	-5.414628001138775959e-01	-1.313816909586901449e+00	-2.463555257777721774e+00	5.048799204111080741e+00
9.648985414820115958e-01	-2.116169176695108511e-01	4.488890300763450636e-01	1.764887494583452732e+00	1.200531907755052197e-01	-1.582662764399203337e-01	7.552679005994906714e-01	-2.719862605991898441e-01
1.262965185581804928e+00	-7.518349001240535179e-01	8.195669883595042837e-02	5.087399705027054742e-01	3.568928155863660967e-01	-5.780646093588742707e-01	6.656552391833360227e-01	-5.491231317022595704e-01
-1.883046340855735468e-01	1.125712130947232881e+00	-5.899541299128250316e-01	-4.974723716053458533e-02	-5.324204920475683611e-01	1.709683105068757758e+00	9.224797576068280991e-01	-4.775236473765795409e-01
1.512021398489771240e+00	-7.010795574285086929e-01	3.096631569453599520e-01	7.505331232703726929e-01	2.150430973756811970e-01	-5.660975817926042764e-01	8.855245181332479509e-01	-4.872834862689163771e-01
-6.166640334384237976e-01	-5.002126578098035070e-01	-4.831092893408459044e-01	9.019100974670858362e-01	9.027311665567436805e-01	-2.460928983052872165e-01	-6.647638169751742820e-01	1.517827265853705088e+00
2.945677716478565245e-01	-1.701290739475800895e-01	7.712197025172246034e-01	-9.855996572071057393e-01	-7.088477555437584510e-01	3.308978123142630179e-01	-1.434752720626095435e-01	-5.647257357434037894e-01
8.294166646032639090e-01	-8.138472911295990819e-01	8.586202455632789832e-01	1.160108630794789875e+00	1.257381160764413197e+00	-8.606619615277165680e-01	2.803300318522320422e-01	2.210637323831229351e-01
-5.009802371434001200e-01	4.594265924674926005e+00	2.961001736204418311e-01	-1.679606412693910311e+00	-2.889291979920024511e-01	-1.068406826652247066e+00	-2.342492903289001394e+00	4.216966846908648314e+00
-2.733396675641480145e-01	1.012834179634064385e-01	1.194934998549576521e+00	7.035818901989093765e-01	1.748336559429963522e-01	2.849483876839701835e-01	-1.171413585472029367e-01	-1.610499809883957079e-01
2.988229540110778348e-01	1.586683749312173930e+00	1.185097630323030532e-01	1.657690952232359294e+00	-8.531008252268841296e-01	2.084486053919375692e+00	1.527530415199695124e+00	-1.610049011807014319e-01
1.280920343855370125e-01	3.378316127167996230e-01	5.311960489125732154e-01	1.403417826405731095e+00	-9.074666767175323390e-01	1.746301318077318365e+00	1.864758152528078305e+00	8.765792366278180037e-01
9.740334587880383754e-01	-5.082480175624750629e-01	2.760585465815383888e-01	1.359645394206614899e+00	2.419089277483616740e-01	-3.041251305617690970e-01	7.146276706651218946e-01	-3.998672701721123213e-01
6.063404969819597978e-01	-7.719261826466053966e-01	6.216113163035701383e-01	1.050879970578098010e+00	1.007808190323557174e+00	-6.194439537188245470e-01	3.919204194293797738e-01	-2.097558226671790982e-01
1.329523111065034957e+00	-4.845992822175982928e-01	2.392381333924006592e-01	4.029388474421037314e-01	5.094688450430776561e-01	-6.355839436553751831e-01	4.990573470077356855e-01	-3.441296135607753159e-01
-4.653827760823021631e-01	5.385984985873713882e+00	3.212550080969734934e-01	-1.960881568606126502e+00	-4.361512513356221588e-01	-1.276712278541260348e+00	-2.554372047494654296e+00	4.895892977486247410e+00
-3.429537666267496454e-01	-4.667159721071098000e-01	-3.564874823682008531e-02	-1.072251261492444208e+00	-9.696762021462738135e-01	1.410964100053781367e+00	1.640573842192560416e+00	1.328367335335353783e+00
-2.222584566838006759e-01	1.217636269114703351e+00	-5.185351201665566734e-01	-1.196983812115559598e-01	-4.905247589214821180e-01	1.686367914646024646e+00	9.359421297318696320e-01	-5.293945511036789453e-01
1.001778633848833255e+00	-5.527045727272800191e-01	1.955749253662968923e-01	1.041856097118159852e+00	3.440168985682477976e-01	-3.984936510000007814e-01	6.356383150817001004e-01	-4.335028346021789769e-01
-4.384159438226808425e-01	1.188523161622430768e+00	-5.014495134802200438e-01	1.692653144847885982e-01	-5.384780628227294752e-01	2.170998283364191650e+00	1.527828780177044266e+00	-5.620367868024619407e-01
6.826358612626993727e-01	-4.153652168452512394e-01	6.530745000109665632e-01	1.578556434640321804e+00	7.704925332536359806e-01	-4.175276031327637138e-01	4.897828795387680900e-01	-9.714607352897038084e-02
-6.141414079884641719e-01	-9.471430268682405895e-01	2.618243258682344532e-01	9.409190729969282296e-01	9.461349499262032836e-01	-2.108258801143329253e-01	-2.301436501526265554e-01	-4.661980409138539727e-01
-3.739936880014731457e-01	3.907513483969871082e+00	1.312881503008115902e-01	-1.438527508515767606e+00	-2.819476933357580872e-01	-8.820524039071497846e-01	-2.035178878134455083e+00	3.596740479027032311e+00
9.758632439135822567e-01	-6.157087083016564710e-01	2.227616617884263239e-01	1.044120343541343310e+00	2.983998529983746817e-01	-3.920436621864372140e-01	6.957249148595373578e-01	-4.480826096426791527e-01
1.393752129509466364e+00	-8.324645248861687330e-01	3.427508947415091045e-01	1.039451219240110191e+00	2.654912703748072422e-01	-5.124243499671590207e-01	9.409011888065033080e-01	-5.167729522699898714e-01
1.346147688280793231e+00	3.782078348162268289e-02	8.362705778473812357e-01	-1.651809597634837645e-01	-2.376473450011934163e-01	-2.406164200378878015e-01	3.014270994972583217e-01	-2.826321395728031982e-01
8.231708774520415384e-01	-3.946671120166153068e-01	4.593751385983879665e-01	1.881070935900277519e+00	1.442210174763180197e-01	-1.190975228824999455e-01	8.429170783809059042e-01	-3.854033863374868862e-01
-6.983981470454706519e-01	3.163869537837493695e+00	1.077556448250339971e-01	-9.000883267202902660e-01	1.631421616591826884e-01	-8.862673090355941419e-01	-1.985577720119414247e+00	3.681264611202829773e+00
-4.110340387201535939e-01	-4.557763455035258038e-01	-4.653589588181340775e-02	-7.160288537359132954e-01	-8.209065509012721806e-01	1.560855082422079043e+00	2.040900218934504018e+00	1.264641706307588542e+00
-6.651734452558905053e-01	4.370581156825878111e+00	2.351709651940741830e-01	-1.493387593560119297e+00	-1.238831863895767660e-01	-1.142038772458643603e+00	-2.346705976180235353e+00	4.524264356282595045e+00
1.132191775909093590e+00	4.644469816554688824e-01	4.474746430514996431e-01	1.321628310016553343e+00	9.952101861068024524e-02	-1.718637033031734096e-01	4.226960865890839747e-01	1.056243266353181220e-01
8.759602903376453309e-01	-5.939932819658324537e-01	3.742337458116087312e-01	1.622079007159991981e+00	8.189483821812640341e-02	-1.712534205501760887e-01	8.947077038556583428e-01	-4.850992958353972373e-01
9.927004234533901572e-01	-7.947535083781415155e-01	5.760425867354308782e-02	5.316318476489358957e-01	4.529210775168742709e-01	-5.415028460318638270e-01	5.947557344851168715e-01	-5.459996602184248315e-01
-3.216427669490280472e-01	4.491342889706669617e+00	-7.301763176860724680e-02	-1.739883353231069352e+00	-4.315060950151783370e-01	-1.156955515547253732e+00	-2.233242905660087096e+00	4.453862666268977755e+00
-5.080865040021302903e-01	1.159231799027562237e+00	-4.226472941763037561e-01	2.305979866658268151e-01	-2.687750632141484575e-01	1.966967590989500358e+00	1.359665789152907811e+00	-3.426944358620798159e-01
1.108308163089138265e+00	-4.583134473286864519e-01	5.711914336309875662e-01	1.825131459729774086e+00	8.536054797129924432e-02	-1.963141584869870782e-01	9.932076684744742812e-01	-3.862949425682465354e-01
1.542718544647609047e+00	7.892296363413667248e-03	6.228360743067690164e-01	-6.126023698119263949e-01	-7.569619456616196729e-01	-8.610600269929664929e-02	2.456924306059212193e-01	-4.328562904807112810e-01
-5.792256075407932192e-01	5.254363611937473699e+00	5.736732068293385334e-01	-1.987082187507754005e+00	-3.530054220535336906e-01	-1.275217983141916367e+00	-2.602838103464440778e+00	4.909047899284204597e+00
1.326239063688526398e+00	3.298271586378166420e-01	3.286138455827237181e-01	7.765631072534645574e-01	1.994636109281815173e-01	-3.574601549334056050e-01	3.836331815610120599e-01	-1.567356003105159490e-02
-4.459867718561838501e-01	6.241701817503283678e+00	3.961392587521344044e-01	-2.541699707183111556e+00	-6.146363163614897429e-01	-1.455910651133377032e+00	-2.909780584225012401e+00	5.163742124063850802e+00
4.907435493679290772e-01	2.530634250669499874e+00	1.001430864147481392e+00	2.558923832553737232e-01	-1.826519183083008258e-01	-8.807901482969734408e-01	-9.842407106501608327e-01	3.818403545693962453e+00
1.513141412541914699e+00	-6.596890376711264103e-01	2.929822555821940400e-01	9.387870997989772315e-01	2.111427049634630737e-01	-5.331775942642764665e-01	8.926278723506004820e-01	-4.614265139303921903e-01
1.828700747734241183e+00	-5.598063694933284040e-01	4.720254223669629878e-01	1.187411904383024464e+00	7.068057435951077827e-02	-5.236792821490168226e-01	1.086173745732089913e+00	-3.939380196474198681e-01
-4.416342692563499650e-01	1.210806315218927676e+00	-4.858586219105179849e-01	1.231574013236488296e-01	-3.754758259535010967e-01	1.938284411418329078e+00	1.251384282697545425e+00	-4.268593708723883440e-01
9.581388888371175083e-01	-6.320500099155714757e-01	3.566678768010643763e-01	1.059254479131028770e+00	4.010333169669696440e-01	-4.092011646900968191e-01	6.936736445322327915e-01	-4.577604468237470581e-01
1.243225519699916015e+00	-8.069843176738014101e-01	3.200645630717100509e-01	1.113291877376348271e+00	3.195661870106573099e-01	-4.773990982312418807e-01	8.671420337614491602e-01	-5.159397801455460897e-01
7.486126357630967787e-01	-5.270044721524407283e-01	2.060693960901540667e-01	1.143114463837708872e+00	3.400418585720231812e-01	-2.958536583274106180e-01	5.831619919158292920e-01	-4.468321621773773678e-01
-7.714596876082551180e-01	-6.769716522684510185e-01	-2.938367296782902760e-01	1.068394933940825631e+00	1.182116233664623151e+00	-2.574019472988525736e-01	-7.026599762301716234e-01	1.358556502181337944e+00
-1.945572024650936149e-01	9.066307006972582627e-01	-6.174386828661946325e-01	7.479436468085237655e-02	-7.939735867836210659e-01	2.010402375404741537e+00	1.253431462279422703e+00	-4.900623538194413542e-01
-5.239319632083202505e-01	4.610381776867224168e+00	5.940850654455744895e-01	-1.673040036470700764e+00	-2.977181363533282221e-01	-1.030754597418277241e+00	-2.326505194637193963e+00	4.198969727147547459e+00
-3.470827890945277772e-01	6.456312626925189146e-01	-1.697521025930305849e-01	-3.105385022744039936e-01	-5.333549424637238356e-01	1.719532614022185824e+00	1.546161216975463493e+00	1.857536701468695539e-01
-2.732170039677383477e-01	6.839902834708984081e-01	5.731764496810656251e-01	1.757715968134568207e+00	4.138895621713492012e-01	3.561799555920238669e-01	-1.690200261241384116e-01	3.176940898206188080e-01
-4.412374652386786278e-01	5.449684636391699755e+00	1.672757285240634439e-01	-1.971238429658528801e+00	-5.022286876395561928e-01	-1.290022693350573180e+00	-2.511780494975805578e+00	5.117452448999856962e+00
-7.316804102791883979e-01	5.061459440076080618e+00	6.186775643251073431e-01	-1.863842345704029846e+00	-2.376124078915858584e-01	-1.120467867998860667e+00	-2.584166799339696396e+00	4.523899609603196481e+00
5.986353821784694551e-01	-1.005737738533950987e+00	6.503544158786084273e-02	9.483197054119786307e-01	5.031340504131533997e-01	-4.118970435179977740e-01	6.364432423919670345e-01	-5.396088644048399052e-01
1.468491732296326902e+00	-6.170781496681018163e-01	2.340302933538264130e-01	9.161917141739169823e-01	2.816387212759159375e-01	-5.585259595664430199e-01	7.806831068348911717e-01	-3.932475219253548371e-01
1.270930063640265617e+00	-4.991511419040409736e-01	3.276405354392720737e-01	1.380401406091206429e+00	1.585192143047960134e-01	-3.500609013639781053e-01	8.438615669621447601e-01	-4.177682608450974389e-01
1.267754496151883181e+00	-5.781165800754789474e-01	4.231934330027593560e-01	1.458127041168972848e+00	1.564967095220840265e-01	-3.350791580033935513e-01	9.757697419366047065e-01	-4.737957228612302840e-01
1.314679065930062674e+00	-7.455337909972400423e-01	1.132693830390683054e-01	6.333621156245087258e-01	3.632250411935590284e-01	-5.825804427668008767e-01	7.004467982355041533e-01	-5.169227899979544905e-01
-4.280466315442973402e-01	5.379006721714389982e+00	2.337770717664184039e-01	-2.084143012615778723e+00	-4.783826609655237871e-01	-1.276842362391650720e+00	-2.582493828439847317e+00	4.756116654698040236e+00
4.276000615541729610e-01	-6.711222323567768155e-01	3.224741235590238286e-01	-2.663960366245144984e-01	4.679846276051199405e-01	-3.787599255255703068e-01	1.599554684933423565e-01	-7.749716861792260714e-01
5.128925165833188027e-01	-4.489905945781623720e-01	5.578403804124284493e-01	2.086151674316684135e-01	2.949625835930060891e-01	-2.318819486641595928e-01	2.747584292664947414e-01	-5.519974153059022948e-01
-3.796643687742679019e-01	-6.409067492633028218e-01	-2.482260869431008980e-03	-1.060612925613862112e+00	-8.217604093105784768e-01	1.279055719280505876e+00	1.804769705463674434e+00	1.382146773909127546e+00
7.436679953562208567e-01	-4.872981892770311130e-01	3.354742787661370018e-01	1.396540772123786578e+00	3.895701145238433805e-01	-2.887084913347193194e-01	6.137167704229633536e-01	-3.597105601077865700e-01
-6.002498849953574744e-01	5.672907044131436649e+00	4.625751267321992488e-01	-2.169563889507067245e+00	-4.162503233200057773e-01	-1.381953838255135070e+00	-2.715448912669803594e+00	5.257393061793973033e+00
7.733195809156168110e-01	-7.972154575112873065e-01	2.234378656393607443e-01	1.346599165333481007e+00	2.705011912214978498e-01	-2.805288138483224003e-01	8.047167906471047738e-01	-5.305493134671563915e-01
1.158031335122390759e+00	-9.193619912068904387e-01	1.426345673171227069e-01	8.094158486099699568e-01	3.559117994855711675e-01	-5.243798188263114612e-01	7.913685567676378430e-01	-5.566345419142938455e-01
-3.047015992104480375e-01	-4.597670394896299362e-01	-1.626971973955811113e-01	-6.492893388756687534e-01	-8.544118212688280867e-01	1.385079489817094389e+00	1.563585564265154604e+00	1.043108481362575279e+00
1.034287041610765678e+00	-1.895212044376684279e-01	5.315929821112092002e-01	1.976604955230212735e+00	1.630799713506214665e-02	-9.885354302088983358e-02	8.590697416017104571e-01	-2.782893737469627204e-01
-7.654940907744381962e-01	5.457126297157056882e+00	5.186509817761913999e-01	-1.830488714641614889e+00	-2.475431287077949627e-01	-1.260222821347326327e+00	-2.645624788363099888e+00	5.138073756259909253e+00
-6.287008932263925542e-01	5.241942546419027238e+00	6.595857701735594047e-02	-1.888406872803498837e+00	-4.018500844312494769e-01	-1.337565585325307227e+00	-2.501410533958652760e+00	5.501036057009619284e+00
1.393304226212526808e+00	-7.011158012750234869e-01	3.559558237808895242e-01	1.206209902155833014e+00	2.094868908599995250e-01	-4.487567101096930910e-01	9.657842805851262202e-01	-5.068238227489026970e-01
1.041809020470175540e+00	-4.946826939154285174e-01	3.894116863666130524e-01	1.583952165239443932e+00	1.551699965170039996e-01	-2.507552700063704343e-01	8.576838699608553274e-01	-4.132561863464490615e-01
1.032078281274014797e+00	-6.809017832896099298e-01	1.967838174522781591e-01	9.822015448828956830e-01	3.313765517317999176e-01	-4.173875103045530111e-01	7.295048935560739523e-01	-5.399109199297287276e-01
1.062041344127873765e+00	-3.751892432641245057e-01	3.533265477439373470e-01	1.362171780829349643e+00	3.485316855573526995e-01	-3.592985826488712675e-01	6.444780947373813795e-01	-3.008700736755322569e-01
1.163614451362337876e+00	-5.615587140527695809e-01	2.809513831748486901e-01	1.118053737929905811e+00	2.692698427754749435e-01	-4.197844403144651571e-01	7.570394360897507724e-01	-4.131010548855016951e-01
9.410015925529943148e-01	-7.706120103807858612e-01	1.421791026661795021e-01	9.296337608415866649e-01	3.608402007013792323e-01	-4.261511284582171766e-01	6.983922437473812916e-01	-5.454742161456391791e-01
1.742861738431906948e+00	2.195272299274610983e-01	3.130210108722819573e-01	4.253361694113318991e-01	2.042458791133316687e-01	-5.702684593039686334e-01	4.510231272656252677e-01	1.842054619904387458e-02
-5.787502107256349282e-01	4.976335154646104542e+00	4.157081395973474258e-01	-1.894213827003075723e+00	-3.262642563350668379e-01	-1.237752496575520889e+00	-2.462886928655765750e+00	4.876501470901525082e+00
9.459891179923508586e-01	-7.816468345921264715e-01	2.850118750110021693e-01	1.437154568106090657e+00	2.176388339194917643e-01	-2.885314731086433548e-01	8.998102887485532886e-01	-5.333380521854631517e-01
2.405352306862222345e-01	-1.764507203700992621e-01	1.178561391632201971e+00	1.423589027241989768e+00	8.952700230455847841e-01	-3.010673170012559963e-01	1.469259752593169988e-01	7.296394375164394486e-02
1.278035987804263085e+00	3.516945246526179680e-01	3.644799308282099526e-01	7.626973736174956775e-01	2.159600748771138556e-01	-3.443616003983845930e-01	3.766173823925675346e-01	-1.568620672548888192e-02
1.626915289588378499e+00	8.143232221516466529e-01	1.490202753695110793e+00	-9.022527867551999314e-01	-9.121504143630952965e-01	8.644339865891893515e-01	2.527169277911631262e+00	-4.937364640293879781e-01
7.824815410364838186e-01	-4.164770751045877156e-02	3.288300259857298569e-01	-6.104447910886099393e-01	-8.516179441566584796e-01	3.413556086595846417e-01	-1.455452348118850547e-02	-5.675040588331469182e-01
1.840549782664164385e-02	-2.838709109389911944e-01	4.036550422753910627e-01	1.209861178085069877e-02	2.011456859540919351e-02	1.060802615944458904e-02	-3.642208732686184891e-02	-6.922511071782339043e-01
1.090058540315752333e+00	4.519896168191522845e-01	4.326754615972873141e-01	1.308256181171199017e+00	1.131836422850112933e-01	-1.674373851861288842e-01	4.233271575823969735e-01	6.148221165801381893e-02
4.852978339809949082e-02	4.325772195247615248e-01	9.527498869693461492e-01	-1.622718402704507401e+00	-7.929127547984199387e-01	1.243065698086988746e+00	1.629416249298060837e+00	-5.870192742277242637e-01
1.182003926427279916e+00	-4.427787048494478683e-01	4.979152258833559053e-01	1.325703243036994383e+00	2.666838812932736946e-01	-3.746951845632894851e-01	7.634630385133518438e-01	-3.103974902209569731e-01
7.179057010721866527e-01	-8.679217379147683431e-01	2.666373909629968231e-01	1.524284381515822240e+00	2.517506528852369030e-01	-2.272667894219861096e-01	8.858907652084816453e-01	-5.358664289109396073e-01
-1.194197926353507966e-01	-3.465898041185396239e-01	4.949351941636562779e-01	8.814721054477053785e-01	1.621395043316774809e-01	1.378097452158268399e-01	1.731289482109770184e-01	-6.133168585236533632e-01
1.361742627154340246e+00	-8.322121673360081129e-01	2.291877848759233116e-01	9.975101836877900974e-01	2.350035228767917983e-01	-4.973171321341433027e-01	9.262736521453549532e-01	-5.460031246384877690e-01
-2.354485070049524564e-01	1.051537698258331988e+00	-5.559052893061159351e-01	6.757752635315972256e-03	-5.195017624964013425e-01	1.773507886396875399e+00	1.025187461255993249e+00	-4.414731292628689130e-01
-4.297696668376450591e-01	-4.872035717066276472e-01	6.320624207062519595e-02	-7.619856753404656846e-01	-8.129861585897120158e-01	1.568995787012855914e+00	2.240068443897420991e+00	1.329138396853492221e+00
1.232464102514898796e+00	-7.228683789634041679e-01	9.879027038614397738e-02	5.089950441359916145e-01	4.371427605304234465e-01	-6.065702426344983245e-01	6.104296321575790607e-01	-4.800681131911548882e-01
-2.706159815342606412e-01	9.393803405549587815e-01	-6.010229337750351286e-01	1.520407683010981947e-01	-6.724257328090841312e-01	2.016566207510976483e+00	1.267483008258731836e+00	-4.479040131843758377e-01
1.317845530501390972e+00	-8.827281485547132656e-01	2.189643074387953581e-01	1.005574564273989946e+00	1.563421018134199258e-01	-4.522933679849256428e-01	9.376026084689564888e-01	-5.800502542354106783e-01
-1.260136294675337498e-01	1.186567560159764056e+00	-5.715994003052952133e-01	-1.797186919076877165e-01	-5.803692494152787873e-01	1.615282768577607886e+00	8.108162186752149170e-01	-5.655803776942752714e-01
7.376795348076397030e-01	5.020233077339083527e-01	1.002854239379896706e+00	1.923346029816873859e+00	4.014568989064395410e-01	-2.969886746286304335e-01	1.196359898444412095e-01	1.413519120409137519e+00
1.304743848132102757e+00	-5.878731931325857918e-01	3.477894713572408092e-01	1.254448076067838702e+00	2.034520331065394483e-01	-4.129033558030612561e-01	8.802699856055107297e-01	-4.325207849354419376e-01
1.583123048825425538e+00	-5.762574069629281537e-01	3.143497834770401234e-01	8.685576122524915066e-01	3.468153771121854634e-01	-6.256575790563636552e-01	7.632080476656045720e-01	-3.280010708053480162e-01
8.320844897750014901e-01	-9.992963871650588636e-01	6.167730817205091531e-02	9.752411333009617378e-01	3.216768009329871170e-01	-3.904041602778133280e-01	7.586508395898819979e-01	-5.984933778569399010e-01
-8.512726185880414853e-01	5.010905496542855886e+00	8.203442846753280504e-01	-1.692969611809185482e+00	-1.414180056369607197e-01	-1.073024002055595894e+00	-2.558569233472418158e+00	4.577978742017696945e+00
1.338226614626534916e+00	-4.791580482469935953e-01	2.689632025270071169e-01	1.131396174015944833e+00	2.546050202125911266e-01	-4.398379667438289120e-01	7.595910489081384442e-01	-4.241245036145993574e-01
1.298512391378202624e+00	-5.434631730014604090e-01	3.250135047504836283e-01	1.206431836820576642e+00	2.759607562509899248e-01	-4.415293026944770438e-01	7.996180292075938389e-01	-3.943187337735509224e-01
1.133291061299015245e+00	-6.122499009064357178e-01	2.345485242686144722e-01	9.600247786343586442e-01	2.790064479800479225e-01	-4.413654835871663185e-01	7.168632208481044987e-01	-4.426728233740360730e-01
1.000735262436886819e+00	-3.846025598097987386e-01	3.419771378950776097e-01	1.394743719082912392e+00	1.827150613119465083e-01	-2.749896296428619435e-01	7.064939924139730376e-01	-3.398495073084443763e-01
-2.947598350880868412e-01	8.195778095160973775e-01	-5.597150106637370781e-01	1.897238920520809558e-01	-6.539723464469521241e-01	1.962510695058527599e+00	1.217231785567891356e+00	-3.167924301715356883e-01
5.113184296224549952e-01	-5.868957635628740954e-01	4.426879277902782128e-01	1.164985680105780297e+00	7.348478156615059209e-01	-3.914143101883270082e-01	2.344802271779377612e-01	-2.643002044556921337e-01
-2.979668476016369416e-01	1.124952026599377986e+00	-5.779233893821832391e-01	1.215235668648554368e-01	-5.987073040271785329e-01	2.025328657763087126e+00	1.275323542226354023e+00	-5.601605078620522926e-01
1.273754379195502162e+00	-4.362224761219082314e-01	3.859713770106696362e-01	1.540662829713367543e+00	9.059768638480311664e-02	-2.956204745906665377e-01	8.843151482130201524e-01	-3.836065881852921411e-01
1.321696674019205098e+00	-6.123573998935838425e-01	1.597819466914127129e-01	7.565929616554437631e-01	3.416545855611601290e-01	-5.499454768969663787e-01	6.838265828297134252e-01	-4.368051862343465541e-01
-7.560384574970515636e-01	3.116370974208766853e+00	6.735472114904059726e-01	-9.524204434520023854e-01	1.118654484723834164e-01	-6.054002432530024569e-01	-1.828099156237875667e+00	3.136587051593554776e+00
1.230521152375099625e+00	-8.257562813058472173e-01	4.111363967090511107e-01	1.700042869216090047e+00	9.721524082714616544e-02	-2.861398073690349375e-01	1.141935335661209860e+00	-5.290891980048951782e-01
-1.693227183589283147e-01	1.457164959292639894e+00	-5.590936218976093608e-01	-1.807600517569927512e-01	-5.639110076179096875e-01	1.827174560307910811e+00	1.130511745761747289e+00	-8.168977753041035683e-01
-6.749511723384972184e-01	5.958581061201564388e+00	8.004238641654326525e-01	-2.507953818938675639e+00	-4.175593279138796188e-01	-1.464801680730787314e+00	-3.038011015940643045e+00	4.990815595258543347e+00
3.853724083610119422e-01	-5.948457745035675565e-02	6.735980002477794937e-01	-9.970594232483814823e-01	-7.900269156685026939e-01	3.859301156240109165e-01	-1.038020700778046340e-01	-5.999569638683616146e-01
-4.719158005700608283e-01	5.151064710518244105e+00	-1.139748422407786954e-01	-2.095178809925142716e+00	-5.367229027594176971e-01	-1.392509919725530843e+00	-2.458298665569588426e+00	5.487025140759184794e+00
-8.549137031260815034e-01	-7.188270917371217816e-01	-2.100070425962450305e-01	1.223047095383642979e+00	1.265713421810044537e+00	-1.759103678679492244e-01	-6.630892207033953767e-01	1.226357829158355450e+00
-4.465279029309904280e-01	4.256636283076902671e+00	1.800496609860824382e-01	-1.553261265606669550e+00	-2.717077874752807931e-01	-1.044468964046123771e+00	-2.196216228797112979e+00	4.140878986904269254e+00
8.076234882301180917e-01	2.546011146147290627e-01	6.752204795146810046e-01	9.868036908006357910e-01	8.378977648686360968e-01	-5.007818195852388188e-01	-1.279307005127277574e-01	8.623128148413399252e-01
1.781582447935034175e+00	2.574345473081132152e-01	4.226067670339412885e-01	6.447279033699698791e-01	1.784918976974244897e-01	-5.462239648636373346e-01	5.122887579188220020e-01	9.591740341397014813e-02
1.278771090063494542e+00	-4.592728073107845144e-01	1.720368260574617336e-01	1.000067843248205079e+00	2.319781338992294717e-01	-4.276902498259782526e-01	6.385747606615430616e-01	-4.055460622472918941e-01
1.758034099504495407e+00	1.051064476996403235e-01	2.097805303595119963e-01	1.271432405253457021e-01	2.509399487225772996e-01	-6.237785297783033922e-01	3.929581576522659381e-01	-7.702419640053892458e-02
-1.246994849894123708e-01	2.798087109127661565e-01	4.339953330071394388e-01	1.489198806722371038e-01	5.364789767161072254e-01	-8.888297170930103963e-02	-4.455613110230391971e-01	-2.231861787613885484e-01
3.649732937151258794e-01	-5.657804883224762937e-01	5.247732833827867260e-01	-5.142898815452212613e-01	4.211079356492326564e-01	-3.654854547669515452e-01	-2.920078342891603562e-02	-6.714096572037357991e-01
1.615527253325616197e+00	1.693997142824787139e-01	2.669294570590066140e-01	2.999786448304301856e-01	2.641637810713336476e-01	-5.607871233384817966e-01	3.932112321199622285e-01	-4.056064466607397362e-02
1.777543248024359701e-01	4.308252780334811405e+00	2.285262044407960491e-01	-3.055250506984730663e+00	-4.834845239065470035e-01	-1.935820900512995824e+00	-2.580563041222794229e+00	4.968533603933364518e+00
-4.773157835163270302e-01	1.019221106044919223e+00	-4.002705861252293662e-01	1.706670788453813481e-01	-3.445502566634304209e-01	1.913406908288317609e+00	1.354924526427719877e+00	-2.073545502693875942e-01
1.251294736270104568e+00	-7.188985237530567396e-01	7.081034189068131646e-01	1.577341065001661491e+00	4.522078820281461020e-01	-4.925278716989998640e-01	9.682709227818016018e-01	-2.727136272118989013e-01
5.079495762342789433e-01	-7.184690083617351064e-01	9.241145077470603875e-01	1.054353905666061575e+00	1.251696244927890778e+00	-7.166512308019665767e-01	2.443931902771045162e-01	1.875097711809564638e-02
1.647891958301666460e+00	-5.346007739071197973e-01	3.844316865747465783e-01	1.201310347516269417e+00	1.495858349586109692e-01	-4.878185890365430155e-01	9.647925601873856838e-01	-4.186799351331804697e-01
-6.254933526577061143e-01	-8.431477972585492697e-01	-3.747130205207698239e-01	1.101407224693300435e+00	1.012988623284306389e+00	-1.331302566341062144e-01	-4.920363035015989372e-01	1.134607641104723896e+00
1.012523540450800619e+00	1.366572976842024556e-02	6.118272503225863357e-01	9.011511591526323306e-01	7.791278013388496237e-01	-5.905831066737589063e-01	-6.522380224941407012e-02	1.223742247038063669e+00
1.235367426541609248e+00	-6.271862169099731155e-01	4.808850440027980788e-01	1.565434920030163823e+00	1.511585199539319524e-01	-3.204958048443521390e-01	1.011017691948201236e+00	-4.572861123849695786e-01
1.244192471777914255e+00	-7.127355320331070221e-01	1.018730353615564937e-01	4.819849755669037839e-01	4.401181927596377053e-01	-6.092323847088881861e-01	6.170890353286042629e-01	-5.044667760639768295e-01
9.380316371166828038e-01	-5.684705473791663577e-01	3.035873072541117601e-01	1.401083954955732125e+00	2.263148989775798092e-01	-2.773976420356326078e-01	7.800916083041774529e-01	-4.670160686608440526e-01
7.740417697397670993e-02	7.613894748778989863e-01	7.681207317882711161e-01	-1.387621114855487781e+00	-8.676681734106304056e-01	1.551133553470402715e+00	1.918851342621156641e+00	-7.174551327259643951e-01
9.486689100122949192e-01	-6.935233025892835190e-01	3.548436381575286180e-01	1.499003467750384289e+00	2.110459640246410140e-01	-2.668764531464160594e-01	9.083801862681127881e-01	-4.962282710464521185e-01
3.820729667346837721e-01	-1.651581092253671113e-01	8.082312318089878156e-01	-1.143788935465400725e+00	-8.260218492262222378e-01	3.844299747218464236e-01	-2.900303831053165776e-02	-6.606618095860788964e-01
1.236080166787803858e+00	-6.000756616782807473e-01	4.728077287497696179e-01	1.681124422369757454e+00	2.114500372527744476e-02	-2.414738871944601128e-01	1.067235641173669869e+00	-4.805172167373651937e-01
-3.561923234799455051e-01	-4.891967849355933207e-01	6.478191269846867995e-01	2.957022276601098953e-01	9.729230098684069628e-01	-3.270741195938942081e-01	-3.533369150460677899e-01	-3.045362729059575280e-01
1.729386221626723286e+00	-1.287139616147176813e-01	5.860866538785882707e-01	-8.727812956169711534e-01	-7.299823010644300725e-01	-2.075080786317967385e-01	3.560649459679635642e-01	-5.346811232666169866e-01
1.544831267382104079e+00	-3.512538266387169039e-01	4.290020122681682535e-01	1.457620832437970915e+00	1.027908564629391452e-01	-3.916261328136816933e-01	9.121874841938052425e-01	-2.962898461470733213e-01
-5.007569489423933096e-01	1.443262849713868201e+00	-4.125458297288177589e-01	5.385241543499233452e-02	-1.687839803876621247e-01	1.832047503125662669e+00	1.188094486968283681e+00	-4.953217031393395420e-01
1.163223677157339653e+00	-5.103365977153078159e-01	4.463814677343085346e-01	1.640589228036611669e+00	1.037381780340674853e-01	-2.568419512395211934e-01	9.525325021231438871e-01	-4.148649229299732899e-01
1.205829116843893045e+00	-6.358280265255448205e-01	1.383716602486479985e-01	8.090704878503256481e-01	3.624542611619225863e-01	-5.224716088463308150e-01	6.478634161427384575e-01	-4.312339476222271095e-01
1.232525638251274147e+00	-5.249108804016544561e-01	3.757343988984088723e-01	1.359180300074338987e+00	1.414410794873834643e-01	-3.412859488287304233e-01	8.775106231573541749e-01	-4.189247085387067249e-01
-6.067819643271697982e-01	5.244898632813628225e+00	4.975663168125434854e-01	-2.040380480435443289e+00	-3.550683599768245102e-01	-1.251643080189774881e+00	-2.618074054142680129e+00	4.819478676706385301e+00
1.369567088787936315e-01	9.732454446741707343e-01	9.885852499583980268e-02	-7.661131553713235176e-01	-6.389943735544507675e-01	1.289317909495999004e+00	8.514699329149812979e-01	-9.217460441801107462e-01
-7.754986972800524958e-01	-5.771654237012503463e-01	-1.692799857404082009e-01	1.046656334527571008e+00	1.110906433221920953e+00	-1.118720890368405108e-01	-6.805440307629717633e-01	1.026750496643892951e+00
1.031118219669808100e+00	-3.702117488516015742e-01	5.937108856852203465e-01	2.137750894013946024e+00	-8.758551186241002318e-02	-3.395737433654202192e-02	1.067763392235102859e+00	-3.908505960892581510e-01
1.024049128483167870e+00	-6.048760265367713052e-01	3.413941686566981382e-01	1.428164729394776788e+00	1.835451553428281979e-01	-2.834007799426462859e-01	8.663380430450171588e-01	-4.972391636357039735e-01
-4.811170035422935309e-01	-9.242691934273511434e-01	2.975360318488322608e-01	8.111413170630983327e-01	9.306604929785624591e-01	-2.688645810022404770e-01	-1.454277319216351894e-01	-5.078170566676029063e-01
1.201560751673544480e+00	-8.786617207232574334e-01	2.505707664719386552e-01	5.118080773068259814e-01	6.199798292547110679e-01	-7.014816124484506421e-01	6.597711719744673298e-01	-4.461477308225909044e-01
1.202381196500430960e+00	-5.335856434172827623e-01	4.333110560910209408e-01	1.360346608320982309e+00	3.185774529693971013e-01	-3.947158246529613446e-01	8.265404334566924804e-01	-4.014530449239571142e-01
-6.894206394458771703e-01	4.555624120465079585e+00	2.418763924811380972e-01	-1.535248884540903802e+00	-1.564576096677681161e-01	-1.154794640393056904e+00	-2.388231130377905131e+00	4.683736608126403134e+00
-3.345008664571003654e-01	1.247964187958665594e+00	-4.908164060731326495e-01	9.560986071237592698e-03	-3.699671638582820443e-01	1.772296061815026080e+00	1.042079364463025737e+00	-4.880540016479992804e-01
1.003181466225157692e+00	-8.457141659621451035e-01	2.521210693197313280e-01	1.106755685559981828e+00	2.451951032059035696e-01	-3.775112772998295840e-01	8.569209614462516278e-01	-5.415357874278090566e-01
1.209467386671608802e+00	4.789264631810158934e-01	4.534949136080089760e-01	1.318355033791730690e+00	9.661063263080565955e-02	-2.034641290978984052e-01	4.498304244289762499e-01	1.264618970290385391e-01
1.933952309287041649e+00	-1.839482446929075754e-01	1.042571183009469271e+00	-4.843873352171786939e-01	-1.045000567732125907e+00	4.125458693502656593e-02	8.547187443671302454e-01	-7.438152550340104696e-01
1.760887096083966874e+00	-7.213646138815259512e-01	2.941523370139191851e-01	6.031081562484327252e-01	3.256789447097410140e-01	-7.163945833165619170e-01	8.764772765593186188e-01	-4.285511493074267153e-01
1.398690484035020054e+00	1.709075306631384628e-01	2.118991433594376028e-01	1.993524815214067214e-01	2.768964786052575677e-01	-4.822443923438967661e-01	2.931134872024097060e-01	-1.187911848883579091e-01
1.388394154240668810e+00	-6.862369169202329200e-01	1.198484913605155633e-01	6.154693931649515282e-01	3.532151006047983266e-01	-6.071657145810532841e-01	6.858332597493311811e-01	-4.505611092301946008e-01
-6.114233087982665626e-01	3.972979882568198118e+00	4.000331977207661760e-01	-1.334276894932684643e+00	-1.305378858334019510e-01	-8.902390524712897601e-01	-2.115477976764036594e+00	3.893957337919258244e+00
1.179995841252363675e+00	-8.222711736688216311e-01	1.653343379711140759e-01	9.172766090622331836e-01	3.471144623390181039e-01	-4.747036784917244012e-01	8.116915140386796734e-01	-6.073483774262116164e-01
1.527623247671784368e+00	2.583897843893918078e-01	3.591227243910489753e-01	5.995296563159290271e-01	1.881040753228574725e-01	-4.623399043320624568e-01	4.243640437143105237e-01	5.998422070472020362e-03
1.352168524092038693e+00	-5.707672207168458245e-01	2.048270157428405125e-01	8.870399199992472505e-01	2.858006244253192829e-01	-5.151979793434262600e-01	7.254364111621629529e-01	-4.190709211079419738e-01
-2.004656899434059392e-01	-4.313673805558165264e-01	-2.153789737327510556e-01	-7.235935236229191769e-01	-1.163586788945693229e+00	1.616792195790689668e+00	1.657645538597473989e+00	9.489283405535309246e-01
1.202029278048888372e+00	-5.542378659393464302e-01	3.985371360085571135e-01	1.490367609183534281e+00	1.312272167098962050e-01	-3.007567402256062783e-01	9.348235565849633000e-01	-4.686795871543392167e-01
1.094140671050877645e+00	-5.625169016426319057e-01	4.427767757154675854e-01	1.647381625036633324e+00	7.355648810768192214e-02	-2.178979521098236005e-01	9.768608134050403846e-01	-4.816647867212339174e-01
1.094169365827109441e+00	-6.612585866485765074e-01	3.434495484293300649e-01	1.428415596383093789e+00	1.747951924911186061e-01	-3.086037541251873684e-01	9.158618781502607664e-01	-5.006363184195904426e-01
-7.876183034509832703e-01	5.951047677078904918e+00	7.322857989481483809e-01	-2.237384381082664575e+00	-3.767989575033667826e-01	-1.436435887979884418e+00	-2.809051370270229331e+00	5.711214588394164515e+00
1.425993897750640338e+00	-8.881375225198800960e-01	3.443184376412377068e-01	1.133463725124878252e+00	1.698708901355643064e-01	-4.702847952987949665e-01	1.049827491537023816e+00	-5.404418173611095222e-01
-6.526324131849963184e-01	4.657519717227577516e+00	4.484936816092823797e-01	-1.633943605033533197e+00	-2.133907178232611057e-01	-1.059893478885320484e+00	-2.383652756344194490e+00	4.392227057016647507e+00
-6.005794745280984559e-01	6.035737559991798840e+00	6.247121665509858257e-01	-2.402247114116038418e+00	-4.949666912246763473e-01	-1.376132371857444747e+00	-2.896864413487607592e+00	5.100133187064758822e+00
1.448147312219116856e+00	-9.100575190748732002e-01	1.868248120331665596e-01	8.092683110197370633e-01	2.636224015577797175e-01	-5.730158596490881884e-01	9.222160597932645976e-01	-5.575309230870062471e-01
-3.789692119930255787e-01	-4.295278672717194879e-01	-1.002212373654474270e-01	-6.721145626438504994e-01	-8.815631984806049370e-01	1.579724574148239080e+00	1.861982220616038353e+00	1.134853848421204292e+00
-4.581311662976634835e-01	4.872806578182735215e+00	1.928249215428046726e-01	-1.768913259161967400e+00	-3.659173660402924577e-01	-1.159202575894547005e+00	-2.384418009846294595e+00	4.532610649564956518e+00
1.556542923595811700e+00	-6.829927148506491630e-01	2.578684870225808057e-01	7.594375336637486651e-01	2.625604885522212495e-01	-5.971254795309144381e-01	8.502503182618132982e-01	-4.578063239205026891e-01
1.396761662821579097e+00	2.366067533782574284e-01	7.176480857266449576e-01	8.770793918442164605e-01	6.011438445829767607e-01	-5.802113746285941787e-01	3.491378674424441830e-01	2.990657029456115223e-01
-5.173334186968386872e-01	5.882415293505520282e+00	4.181258487062891049e-01	-2.235141524996847373e+00	-4.913577157473286161e-01	-1.414898982794918103e+00	-2.755398218665288557e+00	5.284765281382307833e+00
1.365722828775211672e+00	3.588701372744744766e-01	3.434587952338856720e-01	7.454293250430108486e-01	2.204592100853478287e-01	-3.729275017271859727e-01	3.834510341472672224e-01	-2.204377630584634928e-02
5.316759180598086276e-01	-1.612271751487491522e-01	5.887030352621965834e-01	-1.107387760186019365e+00	-8.923932840057444693e-01	3.384303103397197088e-01	-1.171793731835820140e-01	-6.035315285391181783e-01
1.187304297452815183e+00	4.195092446392686414e-01	1.255065595312535143e+00	-7.697442809756198656e-01	-8.162356977882526676e-01	1.155993929875583470e+00	2.804642584231349822e+00	-4.429661394556403953e-01
-9.530592240441737584e-02	9.212138071370317149e-01	1.175973081447710289e+00	-1.503600638773870513e+00	-4.283132276423533003e-01	1.269529340110718829e+00	1.997018509002224995e+00	-6.182022670032465417e-01
-5.120393474214904872e-01	4.582963545033782893e+00	2.022303994631196589e-01	-1.616881263183457262e+00	-2.752776528289212488e-01	-1.107303966090494418e+00	-2.329642916378804163e+00	4.380338975935636370e+00
1.313228061053619555e+00	2.071420413092632529e-01	2.219797494593346299e-01	3.253927138507465289e-01	2.993181981645757217e-01	-4.481395687766928648e-01	2.894832774162227063e-01	-9.216630321684471383e-02
1.646606210226831957e+00	-5.069693868126340375e-01	5.265260597518421903e-01	1.677668377612823392e+00	-4.465798509130382982e-02	-3.374414999400175419e-01	1.153336973997834969e+00	-3.919514565675913387e-01
-5.397726890781274767e-01	4.704406943601000535e+00	3.022662078153466325e-01	-1.620384139502419441e+00	-2.788289401989375027e-01	-1.093074320575075253e+00	-2.344668846849499388e+00	4.443080483544579629e+00
1.456158682732135556e+00	-7.821012960833110261e-01	1.315152271045176291e-01	5.745055053326295624e-01	2.944265399459770061e-01	-6.188449465107981329e-01	7.750202046441895254e-01	-5.099276932431635601e-01
1.299504770037428480e+00	7.310857452823291136e-02	7.767609464791119800e-01	2.773523993552206579e-01	8.062416413299328122e-02	-3.639530048955152419e-01	2.623171299677061197e-01	-5.592497099339831246e-02
-8.195628184983062559e-01	6.024848925162878288e+00	8.320511055607412443e-01	-2.553872409189355874e+00	-3.087026880065372181e-01	-1.603149774694250462e+00	-3.220089944946896932e+00	5.110972827989822775e+00
-6.878506475881012161e-01	-6.783520863589582728e-01	-3.720588315764602472e-01	1.075732844039460012e+00	1.057304779208747991e+00	-1.978800616097322607e-01	-6.168965302890658808e-01	1.307335466940919622e+00
1.314634266171572641e+00	-9.575175180905001193e-01	2.518082855552843946e-01	7.044968708750081188e-01	4.427284668573867599e-01	-6.193144315211788209e-01	8.282303440730379718e-01	-5.404209988963092348e-01
1.270545796134977534e+00	-6.778138171182472860e-01	1.322620281630620120e-01	6.482834635163841064e-01	3.621534009994586967e-01	-5.614709941092750345e-01	6.741103134824155685e-01	-4.905918046709332181e-01
-7.218700134547619829e-01	2.983036802790580033e+00	1.791947785701887286e-01	-7.985698692528605536e-01	2.151654993239995040e-01	-8.092054796607145439e-01	-1.904751029987285404e+00	3.522351264631006007e+00
-4.950273317914399285e-01	-2.086144541555532417e-01	-9.685830595232941542e-02	-2.857598825260407871e-01	-6.729987811639672746e-01	1.681709252668750043e+00	1.972611908310957896e+00	1.108142318591016640e+00
5.235092131344383226e-01	-6.835122161133676544e-01	9.933141555810480749e-01	1.803783366195188531e+00	9.342228111403327873e-01	-4.680275366311894003e-01	6.117377498205158748e-01	-5.210415170426422465e-02
1.214458666802171960e+00	-7.483135970614713806e-01	2.702945464581925084e-01	1.175660648435618683e+00	2.067894418478759266e-01	-3.982607256421181186e-01	9.083490673692996564e-01	-5.487261580500384373e-01
-1.602695901081636620e-01	3.952531191797215016e-01	8.899421900854879164e-01	-1.444313915230822198e+00	-1.303354580134224450e-01	6.647794279905971937e-01	1.081382906235871300e+00	-5.042894220318260290e-01
1.178075997879962644e+00	-6.546806412774232031e-01	2.990485205204189700e-01	1.206912446564456953e+00	2.336702618102609319e-01	-3.867093441478256510e-01	8.628764333459885139e-01	-5.091326719340381057e-01
-3.963568605437701176e-01	-5.458554911016132438e-01	-1.962583174168817252e-02	-8.056148313742006462e-01	-7.806813820164045792e-01	1.429181250686193616e+00	1.958125539776327972e+00	1.230339062303048570e+00
-9.013614530367416444e-01	-3.802633186796945397e-01	-2.499875016820345408e-01	9.853815574755876439e-01	1.179712526592330502e+00	-3.152914770698120317e-01	-8.481127339661784781e-01	1.785237947435127648e+00
-2.930508103055568525e-01	6.464870149672055533e+00	2.607519102498562225e-01	-2.806251706133787494e+00	-8.101481628016939940e-01	-1.597507736235463494e+00	-2.865232898759674907e+00	5.644309252942528055e+00
1.431598357096304008e+00	5.098552949459747019e-01	4.945688675563192360e-01	1.329501575206015751e+00	2.562792429617088974e-02	-2.594226525801970329e-01	5.323347947094225763e-01	1.649645847593044223e-01
-5.556605295674285072e-01	5.255569673627816130e+00	3.440212265048590012e-01	-2.012253388537292853e+00	-4.134362893576492559e-01	-1.272394008069718252e+00	-2.540650579369507778e+00	5.046948606541471705e+00
9.476413510100784032e-01	4.128196891454716244e-01	4.035892931994625732e-01	1.189061831484474308e+00	1.963072480692242550e-01	-1.557592151884324705e-01	3.520006563769205177e-01	1.216352934192455049e-02
5.327240537254549491e-01	8.723951941058680215e-02	7.306445162770819346e-01	6.207641458012527758e-02	5.224525807628064289e-01	-2.986589647082955601e-01	-1.130848987358390734e-01	-7.900517394439782182e-02
1.209654485370329713e+00	-4.815461361583134869e-01	3.428763124202153234e-01	1.294807121609211631e+00	2.036226912674760359e-01	-3.658843737209111491e-01	8.032832120727664282e-01	-3.847859320043153231e-01
-1.440595051016665684e-01	-5.490952622371463310e-01	-1.816180566565423760e-01	-1.031054273498778651e+00	-1.221704812779250027e+00	1.451981832964691410e+00	1.538599144180782696e+00	1.064318452035582174e+00
4.197618797878244212e-02	1.312342914629087975e-01	-1.706135646087901248e-01	3.372460291151591627e-01	2.869551438011753719e-01	-2.573503994696121552e-02	-3.293843062795774324e-01	-2.987671422505614460e-01
-5.119779927197850578e-01	5.662840223910501791e+00	3.865444358014517023e-01	-1.909708979318169852e+00	-4.729237356765159661e-01	-1.297572505161072476e+00	-2.556002099447856946e+00	5.322323609278677203e+00
-2.932009949045754627e-01	-5.051262755342224020e-01	-1.072250757741942673e-01	-8.209494456920607419e-01	-1.006904904944209367e+00	1.558230486049984265e+00	1.886133648335275304e+00	1.057417626564016500e+00
-3.169234530380746206e-01	1.104599048139972561e+00	-5.871412200589025687e-01	2.426423272595040759e-01	-5.877409662468682239e-01	2.045019945425992969e+00	1.195717679076232942e+00	-5.493666380072852462e-01
-6.372962579184598964e-01	3.359243993381149540e+00	5.223076731338912593e-01	-1.122396908845745722e+00	-3.295210785556102612e-02	-7.069324036037778480e-01	-1.898497372903045877e+00	3.341002937311636778e+00
2.968237899944358160e-01	-1.372039220816298755e-01	7.080243965795076644e-01	-1.075015036696389981e+00	-7.307265831379019527e-01	3.084063455758380701e-01	-2.214798922959514416e-01	-5.165646870265946378e-01
-5.331010820056466537e-01	5.237979881433999729e+00	3.831948786292038722e-01	-1.927680399844787340e+00	-3.762209680040371484e-01	-1.224752764286333173e+00	-2.553123548455478176e+00	4.747264393293788132e+00
1.270537095929092253e+00	-6.411335208145958475e-01	4.516384264204352794e-01	1.583650210265446834e+00	8.590245374671540146e-03	-2.712637419994907151e-01	1.062435910086856783e+00	-4.873961355008547547e-01
1.681342219750097788e+00	3.671320106405075445e-01	4.818998463219413830e-01	1.084057822086808009e+00	9.748605325357428963e-02	-4.257490818267555821e-01	5.683004255015238204e-01	1.418131162723971772e-01
1.216472918542395254e+00	-5.915973951053247193e-01	4.439233402679052531e-01	1.642892296801548468e+00	9.093420513439692821e-02	-2.636637130377377236e-01	1.006406495575669968e+00	-4.772233707003972203e-01
1.236999279869914314e+00	-5.376842472379019799e-01	3.997303000508918291e-01	1.476702669943023682e+00	1.371717514484132872e-01	-3.201065390376365838e-01	9.331967591333124590e-01	-4.445457077924143130e-01
-3.385488041094729672e-01	1.287376829596965866e+00	-3.894407869900794461e-01	-2.180402085455677708e-01	-2.779526575608476380e-01	1.652913998834320886e+00	1.247871641631840944e+00	-2.949532225518887718e-01
4.455450385110443223e-01	-7.297558376974573602e-02	6.781780953570683002e-01	-9.160216621164866124e-01	-8.248486944693769196e-01	3.817251351914989210e-01	-8.856678265399017813e-02	-5.902862012565346372e-01
6.972754486313984534e-01	-5.570300583140912476e-01	8.267773866883479927e-01	-7.377964853415904800e-01	1.812891576464331356e-01	-3.847435822918255921e-01	1.937493276652088592e-02	-5.243393880861665357e-01
1.203008482833796577e+00	-8.636361651730967148e-01	2.602982492674338344e-01	1.263294677438277613e+00	2.088375206142899787e-01	-4.010807058702327565e-01	9.734493551317038307e-01	-5.436783833215055317e-01
3.755988510655239865e-01	-4.041666075691497523e-02	5.704791883109124884e-01	-6.452480376819536012e-01	-7.296146435716122092e-01	4.120797249800344231e-01	-9.406110700730821450e-02	-5.542502511627311890e-01
-7.380760869281153269e-01	4.074368791724216621e+00	2.492816612374510465e-01	-1.310301868828207983e+00	-1.480849170495370654e-02	-1.079890644286987778e+00	-2.284628254930836988e+00	4.356443200569445118e+00
-1.369830205192976713e-01	-4.063058674693890149e-01	-3.640254084632642967e-02	5.134330468349838084e-01	3.574285260884851878e-01	-5.727508668398660630e-02	-1.696694914594617243e-01	-6.551526428100243882e-01
6.728269068946096665e-02	4.861660474208421845e-01	-6.136297224828923813e-01	-3.262292218210658956e-01	-1.093448052210370891e+00	1.656023943716600666e+00	1.018305855138794236e+00	-1.490730681221273946e-01
3.582565663592791605e-01	-2.705724771517669103e-01	3.945873712383154430e-01	2.294833062141873103e+00	1.973772717811974886e-01	-3.850872497242870812e-02	4.398717628340835240e-01	1.939092486612367661e-01
1.581006420016111358e+00	2.843936047019460789e-01	3.647871715305636142e-01	7.694179048621857531e-01	1.578287774386572251e-01	-4.400302423913854399e-01	4.741307259023588294e-01	8.384538800562613137e-03
-1.478680277448647662e-01	-4.442137544894649293e-01	-2.754727956207361217e-01	-7.526734841009742327e-01	-1.134981706695779913e+00	1.464497608402306250e+00	1.375986976478047463e+00	8.204799502876418682e-01
5.826499804697983231e-01	-4.492087287717807520e-01	5.922253881962173949e-01	-5.009138442566734017e-01	2.455245502656147327e-01	-3.141368055923410285e-01	1.863491472544673566e-01	-6.930341508242202631e-01
9.076271395694514021e-01	-5.391350797444552922e-01	2.829409887209893282e-01	1.410683925274315964e+00	1.635260869966591868e-01	-2.403403647025246503e-01	7.592029348786528686e-01	-4.608263601573607260e-01
-3.041932867666976015e-01	9.187305555751733577e-01	-5.833298925424519332e-01	1.173435602315391346e-01	-7.509243707856454453e-01	2.046457011003542714e+00	1.299574608601225201e+00	-3.858309810896420333e-01
-3.059375759650064253e-01	-4.796529045978893957e-01	-1.309551210649709807e-01	-7.312103609827063089e-01	-9.858846065525219693e-01	1.553453440334085611e+00	1.777567858727519212e+00	1.099995145991857326e+00
1.357100673404322944e+00	-7.462680141435142911e-01	3.987149902662139311e-01	1.391879619423120662e+00	1.588400892793033481e-01	-3.942372187074141276e-01	1.040564449743912601e+00	-4.985062968461376198e-01
-3.243775614637831595e-01	-5.185078666847450224e-01	-7.686955331929121171e-02	-8.096724431762668539e-01	-9.898728788047762572e-01	1.542092771006597474e+00	1.811327404448155765e+00	1.198328222020864642e+00
-5.624372205319132512e-01	5.427430864137823718e+00	3.148537160725539685e-01	-1.943751757480461695e+00	-4.268543092358488278e-01	-1.266489436516958778e+00	-2.547289167822285982e+00	5.169028491945036663e+00
1.282151219046232971e+00	-6.028302352754262294e-01	3.003997821163399973e-01	1.147646230184709459e+00	2.112116455885954258e-01	-4.223848468889497276e-01	8.460617356351194385e-01	-4.586952497757545988e-01
1.028916586703007674e+00	-8.332943182295019513e-01	5.822273280735708045e-01	1.166651484476481926e+00	6.423414842157514348e-01	-5.549096428847959395e-01	7.574895491232508382e-01	-3.724738759229282992e-01
7.885944315207520441e-03	7.156469390185768997e-01	3.666636226252807385e-01	-1.010160819731934501e+00	-8.860372247434039616e-01	1.671017029753398830e+00	1.722031069995939356e+00	-5.785556600617137724e-01
1.120312265993055334e+00	-4.592677044005222253e-01	4.232132866128872628e-01	1.626367464532613383e+00	1.110795686732969634e-01	-2.527183487900147574e-01	9.002257753582381117e-01	-3.807441859377669324e-01
7.727565460928436103e-01	-8.744517373480539257e-01	9.095335787753862089e-01	1.266788092478539518e+00	9.210945725132282380e-01	-6.195601083918254037e-01	6.764509789985384547e-01	-1.639727103762091687e-01
-3.280435773331616400e-01	-4.148855607243734367e-01	-9.031780036219315411e-02	-6.489313604633772936e-01	-1.052491477588440194e+00	1.766975869267273458e+00	2.062470019938017707e+00	1.066927793698914106e+00
-4.692374064377278775e-01	-1.102101762374514182e+00	9.549240755502075295e-02	8.850803265041798928e-01	7.603565043220651409e-01	-2.331348079332106471e-01	-3.238401302229241413e-02	-5.452352238491433578e-01
-3.963044892368809413e-01	4.163856732596756594e+00	2.378452623506469576e-01	-1.571521759351462100e+00	-3.159394615938850293e-01	-8.997710851237349372e-01	-2.143698084520941016e+00	3.610817996420573550e+00
-9.850134850563769806e-01	-8.877905407363823054e-01	5.205011640568573128e-01	9.796511840691218831e-01	1.242364466252747324e+00	-2.050836771350602883e-01	-5.652678016072018030e-01	-1.830644196956958967e-03
8.222277300899236696e-01	-4.197478675624569805e-02	8.622191386256857770e-01	-1.334025509290229783e-01	7.101318237036823300e-01	-5.407566379478300211e-01	-8.781402131766903596e-02	3.131126911885340203e-02
1.086873076629956802e+00	-5.754337759859109447e-01	1.463572625226378654e-01	8.946386611572511027e-01	2.700604880141651565e-01	-4.135564385283779232e-01	6.113130518304399352e-01	-4.562128020212199986e-01
-4.547854957239064744e-01	1.494454517716587771e+00	-4.762984893666198372e-01	1.491154123870359061e-01	-2.749433474614382811e-01	2.003749492346503569e+00	1.316508911891804301e+00	-6.830926010683399108e-01
3.037793462194134375e-01	9.542344140847399681e-01	-2.072001750848678769e-01	6.861656066084524941e-01	-1.057334432634122079e+00	1.764460572344930700e+00	1.117386789968152438e+00	-7.045388254953426077e-02
2.634599535623549094e-01	-7.183429257801088319e-01	6.206328989786952244e-01	1.357957816171795340e+00	9.524092789186677788e-01	-4.303577421002264813e-01	3.347283852971425500e-01	-2.465580795243595691e-01
-6.417265433253505069e-01	5.363803241172302450e+00	2.112005119967160227e-01	-1.797130234654264136e+00	-3.219564461771747266e-01	-1.255416127966773265e+00	-2.571056639766919005e+00	5.073221603323011308e+00
1.133755452144900921e+00	-4.971045539743189079e-01	3.181267374949336979e-01	1.375334192139041622e+00	2.208871837084176171e-01	-3.305432867587867474e-01	7.916064087320034970e-01	-4.255433818008313440e-01
-4.371899432989676537e-01	-3.860359709588750965e-01	-7.282477210079629781e-02	-5.877001477730097179e-01	-7.948443477389364187e-01	1.606715774456159762e+00	1.968284577838528060e+00	1.162853406078893537e+00
-3.999503243060094082e-01	-3.905125327646162825e-01	-1.308810427710179747e-01	-5.784263723945105573e-01	-8.001223861501552959e-01	1.502989252198100312e+00	1.660993797240091885e+00	1.117430790657615525e+00
-4.498199701402301187e-01	-8.888459939005203259e-01	2.357983714382606566e-01	8.833224009619341510e-01	8.782873009172209589e-01	-2.212625646276945857e-01	-1.379618255046046460e-01	-5.606856154977639672e-01
1.771341770070062882e+00	-5.063364943806782925e-01	5.191842647035835867e-01	1.392991245339242568e+00	6.586259473626859817e-02	-4.688907361454722755e-01	1.094503158518649766e+00	-3.681041376954480304e-01
-5.218751191432206005e-01	4.379554390618293880e+00	-1.421584602197784597e-01	-1.570115231592895899e+00	-3.513457295088291965e-01	-1.180092427036580016e+00	-2.193908669278787471e+00	5.005307420783629446e+00
-5.665829221807830995e-01	3.950463127049803180e+00	9.695934235069257612e-02	-1.358938683737815678e+00	-1.248740143283086079e-01	-1.077116418781393525e+00	-2.200282557115425419e+00	4.225233619175654987e+00
9.945871997832866906e-01	-9.102359698044623082e-01	2.703395666474117109e-01	1.472592463955084696e+00	2.062097574519460574e-01	-3.030264995443581744e-01	9.837396473013569898e-01	-5.635259134143945081e-01
-7.778760568657649976e-02	1.356917205002244220e+00	6.740567674302014867e-01	-1.157789077250522380e+00	-2.337639793756699502e-01	1.186561203887558147e+00	1.401700545082849025e+00	-7.825611450114515755e-01
-5.040185481039143045e-02	4.261261239751467089e-01	7.130420129136247898e-01	-1.204909848171813902e+00	-7.210378988634700281e-01	1.328189181453544698e+00	1.461579742003015436e+00	-5.629468351158675166e-01
-5.658350741970097353e-01	3.958968953100856947e+00	1.936062320478096344e-01	-1.309339190719095214e+00	-1.340840656357692728e-01	-9.435520028038034690e-01	-2.134149668114393883e+00	3.939656344874799210e+00
1.327736025651151008e+00	-6.619670847216981846e-01	1.983711751434017456e-01	7.437766381639372426e-01	3.149239383264976766e-01	-5.334998251263642910e-01	7.417676680956537538e-01	-5.145974192876430209e-01
1.193274640454442759e+00	-5.651476541497620909e-01	2.898870971631474225e-01	1.215312306299768608e+00	2.361657706011483782e-01	-3.879441490585472385e-01	8.041201280323648781e-01	-4.528130309146570220e-01
4.580740735430515742e-01	-8.622571482016302968e-02	4.392252057319347980e-01	-7.484351664029003093e-01	3.362621081723600192e-01	-3.119601584663672655e-01	-2.720165433783064968e-01	-4.190729383172542843e-01
2.382934490048442822e-01	-8.950053992640882861e-01	5.441785329648661795e-01	6.949294369483715039e-01	1.148583911192278872e+00	-6.119628674151049719e-01	1.385036912027733380e-01	-3.111429391190588811e-01
1.716208043483510581e-01	2.283238025593822829e-01	1.415159376702275484e-01	1.795199909041454434e-01	3.499012727069856776e-01	-8.423639035056390556e-02	-2.538521478817629129e-01	-2.656131463909959245e-01
-6.022766708393297863e-01	5.821384884099381374e+00	8.267681581926319412e-01	-2.451045977050385627e+00	-4.659626832060069224e-01	-1.376851627618283613e+00	-2.855413758420762171e+00	5.024136550651682853e+00
1.188950101473869481e+00	-2.926751552229410747e-01	5.564873215442696086e-01	1.929808508668663158e+00	6.939615613736627164e-03	-1.605964138471450142e-01	9.795589923944945099e-01	-3.204997021512362987e-01
1.155799473392983279e+00	-6.068110142018712239e-01	2.852833069176475278e-01	1.280408855746285823e+00	1.964351373338616702e-01	-3.548821440501132018e-01	8.295376165974893690e-01	-4.787502533814513850e-01
1.447435442799870575e+00	-5.586096437786223223e-01	5.328731097866723498e-01	1.569397677615622655e+00	2.334653571986128329e-02	-3.269877327592472516e-01	1.111735208317560453e+00	-4.397361635761317111e-01
1.717523068068595338e+00	-6.949974590071390512e-01	2.867077300524906169e-01	7.004930505448477840e-01	2.051108619434011959e-01	-6.314609166346004665e-01	9.125427572716512392e-01	-4.621236954671094632e-01
-4.371639066865086187e-01	-3.232815313288519010e-01	-1.630701312640495948e-01	-4.540312385956739027e-01	-7.513003979739288907e-01	1.560218720856452856e+00	1.682455174059256819e+00	1.091261798069208977e+00
-2.789490374937289019e-01	-5.626028048895925782e-01	-1.518304264174147600e-01	-8.498509530264569678e-01	-9.033091091595896183e-01	1.316889605954640885e+00	1.525868583750025653e+00	1.072572861213650697e+00
9.278175721717700775e-01	-7.605031334162599688e-01	2.976408276302235922e-01	1.185364740903292358e+00	4.415277857534469774e-01	-4.068394224406138293e-01	7.538273253292427922e-01	-5.179627358210793231e-01
1.023281267296958452e+00	2.780745972063395355e-01	2.738855283873373736e-01	6.691085383049892865e-01	2.853545012923691671e-01	-2.864815397972840239e-01	2.663906479936672955e-01	-7.605004330047489269e-02
1.378689290281982283e+00	-8.702143632113539251e-01	1.936430430130711144e-01	6.868215795896556175e-01	3.348432883484776523e-01	-6.025328638806365378e-01	8.338218440187545877e-01	-5.234636249178907796e-01
1.178360814345611240e+00	-4.475568690700672536e-01	2.051545394806436051e-01	9.442521007082976814e-01	3.319628677193704469e-01	-4.431386293223674167e-01	6.170025394678742003e-01	-4.017743000204745396e-01
-5.379207104295633535e-01	4.706259042482508370e+00	1.347166695205586073e-01	-1.725063483041258561e+00	-2.884727460204061789e-01	-1.233365101389261920e+00	-2.412329874786216966e+00	4.756683343559063637e+00
6.842647711975752278e-01	-5.813075188296871199e-01	8.751971767900145194e-01	1.700716022088683665e+00	8.266269406571721268e-01	-4.656598441869377325e-01	6.187149697736020748e-01	-6.000757799153919048e-02
-6.701316579281781927e-01	-3.190102427750528546e-01	-4.899038707471992105e-01	8.461520925399292903e-01	9.047048333285703237e-01	-2.969384741529993987e-01	-7.763601210230146599e-01	1.722030005075893433e+00
1.512693794971338379e+00	-7.764488761793363336e-01	3.664770912376064116e-01	1.003581914412075449e+00	2.201477497673436645e-01	-5.350367502149773191e-01	9.885209979870259733e-01	-4.914857736341258776e-01
7.789480428320499916e-01	-7.386097586565908424e-01	7.696403892522241108e-01	1.346392242128209737e+00	9.361512662209841018e-01	-6.074743514958536039e-01	5.876848673157459846e-01	-1.289035012144387482e-01
-1.515205315575695599e-01	9.046850822805567738e-01	7.182613037515491738e-01	-7.969365595689514858e-01	-5.506631444759125804e-01	1.645272702965931977e+00	1.829927312341494527e+00	-7.454031085157712955e-01
1.286505293197681699e+00	-7.931052848627653251e-01	2.382858637567236704e-01	1.028395879567536753e+00	2.352086469983235284e-01	-4.699674845393446154e-01	8.890514195563755662e-01	-5.273510518868950170e-01
1.552911743214599127e+00	-9.425552449022032153e-01	2.326063478638759341e-01	9.144463841901183665e-01	1.908363256258303886e-01	-5.757019135231525864e-01	1.014052650562552449e+00	-5.262622827860087282e-01
3.728321983999998701e-01	1.314176358954948776e-01	1.089804615490900019e+00	-3.880405573762629040e-02	2.880162332821165627e-01	-1.317306997179883699e-01	-3.679123983972607675e-02	-2.096320479133879922e-01
1.239893069177843588e+00	-5.017880036140091038e-01	3.556733349038110337e-01	1.435576827129296351e+00	1.629053144406850950e-01	-3.312570513207023781e-01	8.590991283310022153e-01	-4.287759022090882888e-01
-2.964881667401667587e-01	1.036254363047949711e+00	-5.349367099834503314e-01	4.658529134086986101e-02	-5.242549003114724826e-01	1.917173743821771081e+00	1.266924015324720321e+00	-4.391579385985060480e-01
1.468954087538727915e+00	-7.509161522562906033e-01	3.938457625434969023e-01	9.553978872849332449e-01	1.747163306437250208e-01	-4.924376274900160722e-01	9.657402322058661337e-01	-5.154626180388808265e-01
1.344090890353144774e+00	-7.307201306939310470e-01	3.302731474034715786e-01	9.078287823918121946e-01	4.393667997308552398e-01	-5.997299862629391631e-01	7.778590431097159863e-01	-4.021195971236121713e-01
-2.588850622369122667e-01	-3.830618167560025378e-01	-2.220329817282793439e-01	-6.193550994580769853e-01	-1.019297873387167153e+00	1.583799353223351636e+00	1.613764189673170479e+00	9.378368394475855574e-01
1.170054890549142801e+00	-5.686647545058750586e-01	2.391877392791283141e-01	1.165282108878428868e+00	2.619450054412253426e-01	-4.053970069152033617e-01	7.455241175020955735e-01	-4.333191065009123211e-01
-4.230033336967350954e-03	7.561760535147456219e-02	8.746714912525576091e-01	-1.448577765395061001e-01	-4.422213949848153303e-01	4.202244087592746924e-01	-7.624749148006669530e-02	-3.468708101619475404e-01
1.661047555115840124e+00	9.916560362909650206e-02	1.223662106826623353e+00	-7.757563643556389943e-01	-6.196854453922499006e-01	-1.068474458735615001e-01	7.290078938003453635e-01	-5.616494434918583023e-01
3.450398945363983838e-01	-8.040034767497767909e-01	8.363682225660478142e-01	6.411786155985826907e-01	1.287579056622868867e+00	-6.993854343837988541e-01	1.678383215997474032e-02	-1.168236227491763618e-01
-3.831699961110891506e-01	5.199573650068818331e+00	-6.662517946735896368e-02	-2.041702060179161116e+00	-5.820172030276801189e-01	-1.320596932951682456e+00	-2.414116587462944441e+00	5.265321034824389734e+00
1.143162459265870456e+00	-6.732807684582431396e-01	2.678596340658691566e-01	1.028822683365274049e+00	2.173391270560826871e-01	-4.034387271958549404e-01	8.115387314192936685e-01	-5.144735181761072029e-01
1.231428984735105647e+00	-3.923948030316278812e-01	2.766375598984961437e-01	9.738177633868508876e-01	3.324289208087208847e-01	-4.502691304833491559e-01	6.110720565492187006e-01	-3.349676425665910062e-01
1.654691252547482838e+00	2.281354529458792801e-01	3.059132134849124052e-01	5.621636174616110315e-01	2.051361264509018179e-01	-5.118783219325674372e-01	4.488369744831917085e-01	-2.013665423761497320e-02
-9.303137046158249657e-01	2.323805083891620882e+00	6.152630806496571791e-01	-8.071239468529504135e-01	4.938484674036874855e-01	-8.756730494180636759e-01	-2.027057886720812441e+00	2.533954073658280404e+00
1.357505259160504574e+00	4.984295454994417951e-01	4.915083423426955811e-01	1.389695274750041065e+00	5.046729060579721593e-02	-2.402464871494943421e-01	5.087923266971833280e-01	2.250930567267830640e-01
-3.979242510832729507e-01	-5.869028679318848418e-01	1.459921853703174954e-02	-9.745520852431956982e-01	-7.193275798166652857e-01	1.236812441032185905e+00	1.738681412549688110e+00	1.325566379788069904e+00
-3.474314381947098997e-03	6.361076441388118230e-01	-4.862345701664131936e-01	-6.307518121781757747e-01	-1.109492060431677363e+00	1.887753555650744097e+00	1.610362437743600328e+00	-2.119503155998068711e-01
6.731081967045550174e-01	-5.763412647747332418e-01	3.227077247121009629e-01	1.369011186358458865e+00	4.713413567540944982e-01	-3.128289783114562295e-01	5.821196603067183561e-01	-3.878100499328487327e-01
-3.692549654151778271e-01	-4.024713054620124852e-01	-1.146139469894850299e-01	-6.774298428047522691e-01	-8.755466698520393276e-01	1.564896848491369230e+00	1.827769551471125187e+00	1.107099615223862799e+00
-3.312827144654630906e-01	9.507282457642010076e-01	-4.766773515706816955e-01	1.567858416260414778e-02	-5.265335997193435480e-01	1.819291612724780904e+00	1.155336119817843565e+00	-2.886186349343296542e-01
-6.942570898387210310e-01	4.882920600777760356e+00	3.674798069903592035e-01	-1.629017501624498987e+00	-1.910729465567992669e-01	-1.192086204248635539e+00	-2.477205568496740895e+00	4.807439342977867014e+00
1.535331371185355342e+00	1.643800804298756746e-01	4.579117843917051012e-01	3.321952696467488919e-01	-6.736172950926186398e-02	-3.497983368975570162e-01	4.033785092158752583e-01	-1.628076000717707805e-01
9.922825386850692153e-01	-4.350718457506245751e-01	2.397223860801892259e-01	1.206511131088674915e+00	3.089577903802970260e-01	-3.432109889349235776e-01	6.191930608023703542e-01	-3.740090630544776196e-01
-4.143102267965672603e-01	5.754954271163503776e+00	4.439989140203545182e-01	-2.451349347789354649e+00	-5.753200463180980773e-01	-1.369215978279074042e+00	-2.761621136545918898e+00	4.859134569854554719e+00
-2.445316772201273636e-01	-4.314466688820646212e-01	-1.166853739886576508e-01	-8.662837077180406409e-01	-1.096724360686892608e+00	1.643527786507138710e+00	1.926012046956283807e+00	9.991488776454831022e-01
-6.815940001825825378e-01	3.727729353855061767e+00	4.527291379250838466e-01	-1.108729117052529300e+00	-3.428782226503389319e-02	-7.803321797825516493e-01	-2.019448556675261131e+00	3.680142719191232370e+00
-3.003937655604518309e-01	-5.695373508379089067e-01	-8.648603825947102919e-02	-8.525888372892762579e-01	-7.742036198934508784e-01	1.216465839888347666e+00	1.497236074450301491e+00	1.071633685549445048e+00
-1.077649637865845528e-01	-1.992327107730694144e-02	4.324782502320154709e-01	2.253412901865282425e+00	1.974214569050760926e-01	3.436702933422398076e-01	4.201637210859663907e-01	-2.138237653123327420e-01
-5.661431756124766235e-01	5.414612897540274083e+00	5.253725215364692946e-01	-2.106996424880754226e+00	-4.027474890750397662e-01	-1.191054605338786487e+00	-2.678660137219969872e+00	4.508488213199250971e+00
1.293228840696078130e+00	-5.345312488604071488e-01	2.981828561306242298e-01	1.253701589373240832e+00	1.864182412639049102e-01	-3.869131497873605219e-01	8.124106221632111380e-01	-4.410708187072627795e-01
9.818484606235475809e-01	1.814609702311351658e-01	9.378738811000748576e-01	7.679954981666081704e-01	8.888517276025766911e-01	-5.817637293341574312e-01	1.074482551353327375e-01	3.695970683572736837e-01
-4.475985857435054172e-01	5.123949935031138381e+00	1.387308495814603138e-01	-1.963684649872911026e+00	-4.497802287137383503e-01	-1.283905465663812029e+00	-2.469514978379162784e+00	4.956343243505189733e+00
1.372441150066691984e+00	-6.448692880632591606e-01	2.462004861527898325e-01	9.088076954801823648e-01	2.734879046367999500e-01	-5.103628186740566397e-01	8.049604317922707253e-01	-4.793995657615314765e-01
1.774852717548869308e-02	-6.755126701966682190e-02	4.730703123435286983e-01	-4.112844135791094424e-01	-3.773321502613026235e-01	3.100474297742613627e-01	-2.343611256782785202e-01	-4.576050180507106879e-01
-3.489062206070172034e-01	-9.385534683093010866e-01	4.673954065714062134e-01	5.769980484422320144e-01	1.190404422998422085e+00	-4.392783582995560265e-01	-1.483795808496619628e-01	-4.164864975152961502e-01
5.248911143002282786e-01	-2.564590408471476013e-02	2.580690884074811620e-01	-6.566670399115268619e-01	4.696903533942337061e-01	-3.819959754673039609e-01	-2.802144789032065542e-01	-3.780657829629593958e-01
-4.139665458445903057e-01	-3.573280706095038339e-01	-1.212851242430598199e-02	-5.864093809426779158e-01	-9.209041259418755399e-01	1.799008496130625190e+00	2.272052304975034964e+00	1.176723930863412759e+00
-5.451973646068899448e-01	5.475916296299175201e+00	3.955181031407892789e-01	-2.195557487178522393e+00	-4.517847768427102895e-01	-1.305178395460245833e+00	-2.811498068145380724e+00	4.164005773630446328e+00
1.153980458010032129e+00	-5.216325668141260641e-01	5.228692392867151373e-01	4.474464990395330410e-01	8.821360637017627848e-02	-3.803044049927276071e-01	4.854510737930881059e-01	-4.292351682580499705e-01
1.112053424805293789e+00	-4.614437617056759144e-01	3.626755228441123080e-01	1.505431319272136914e+00	1.713109519611271947e-01	-2.857987165272816710e-01	8.306717566533914354e-01	-4.051121869208612614e-01
-1.001548296294448026e-01	1.590077684548336645e-01	-3.344086528514081946e-01	-4.828055242128492797e-01	-1.122161936361084411e+00	1.781559115711443431e+00	1.489640039316455944e+00	3.672935181105024816e-01
1.340639360798407731e+00	3.532096172011444102e-01	3.767354045041720889e-01	8.350482285917865122e-01	1.876945069126459698e-01	-3.595231633608600430e-01	4.072488206877354910e-01	3.710809515921764667e-02
5.099514909970150889e-01	-6.442467296506121377e-01	7.279992018736021198e-01	1.999981605119190764e+00	7.442631303429987355e-01	-3.784499833697687610e-01	5.239800357882733461e-01	9.215803505255304451e-04
6.722276424298577746e-01	-1.635407951870409063e-02	5.982605516711220206e-01	-5.540761720182305616e-01	3.111671681889724983e-01	-3.151664903736279277e-01	-6.887525754792851729e-02	-3.888089823466939765e-01
-1.674074820971047373e-01	8.996580398290969782e-01	-5.663399847856446234e-01	-9.297193852290856764e-02	-8.242744686072418503e-01	1.997123618481746021e+00	1.416694161489282955e+00	-4.780979892355144423e-01
1.517173567776736620e+00	3.321467717816007914e-01	4.026094653531008261e-01	8.778226473050739775e-01	1.761246819647351580e-01	-4.070240939547380421e-01	4.622857193721564562e-01	2.889718859104667414e-02
1.138831907799374710e+00	-7.676549588702511473e-01	3.073164608372452866e-01	1.322978254607821480e+00	1.898763375910130502e-01	-3.549459524056026161e-01	9.420101593884462332e-01	-5.239734188922401392e-01
-1.284090670836693371e-01	-3.312185066568290592e-01	7.424491803930062528e-02	3.927222114344082193e-01	2.377505409562415128e-01	-1.262683292530716872e-02	-1.638654913743403940e-01	-6.278353427783945895e-01
-1.043232417165551595e+00	5.731740236806850852e+00	1.094261373857210229e+00	-2.224098324269296434e+00	-9.406117112661330215e-02	-1.412547496692589499e+00	-3.070919925620338109e+00	5.272680529625475288e+00
-6.267594849837366811e-01	-9.498102635429633844e-01	5.617419686663113199e-01	8.530272813314808689e-01	1.181703072251577558e+00	-3.322479681226720438e-01	-2.176444432525143635e-01	-3.171871455029093290e-01
-5.064220101141460040e-01	4.407057080414774397e+00	9.545360246549680627e-02	-1.474962377589253970e+00	-2.348850873881720425e-01	-1.056875525808534499e+00	-2.257752066057467033e+00	4.235513587632963706e+00
7.529444868470289709e-01	9.314517779232612815e-01	8.260716943265546952e-01	6.391204054087525899e-01	4.146310268079160810e-01	-1.098275790101626015e+00	-7.383515867167846913e-01	2.445593012053050241e+00
1.430981999748716094e+00	-5.025014358196336905e-01	5.042873800714245958e-01	1.249608158103296507e+00	4.205176406746151674e-01	-5.389830754152006298e-01	8.046924192236075690e-01	-2.949887343634693404e-01
1.142563609077557496e+00	-4.743645469140497228e-01	2.769960985532405884e-01	1.238713441357954803e+00	2.961112185394914054e-01	-3.882224076171440497e-01	7.104301510209687365e-01	-3.929385334490503312e-01
1.148377977108690162e+00	-8.267497825976605208e-01	3.230619896168027139e-01	1.329215467375438831e+00	1.973381531793343135e-01	-3.641664439099515094e-01	9.699302597609433807e-01	-5.290808910023511169e-01
1.335475824778430853e+00	-7.409505440086798789e-01	3.281480153090027274e-01	1.232552729289000393e+00	1.591953245142503637e-01	-4.116860847251446742e-01	9.719622493749163761e-01	-5.239745968297592205e-01
1.126157164611258921e+00	-6.134621520451142285e-01	3.124880682492346962e-01	1.250450437563152217e+00	2.070743023617242773e-01	-3.522850118885692550e-01	8.356253137685341059e-01	-4.823803096020016223e-01
1.925917289603035654e+00	-2.311457096968888222e-02	1.367507501327637764e-01	-3.769257421290180821e-01	3.996193379490821096e-01	-8.310152778495116799e-01	3.421063639591578331e-01	-9.188085745329382936e-02
1.177911016936183941e+00	-4.103041584223763305e-01	3.813693736705827675e-01	1.565166549104783034e+00	1.235357641466594825e-01	-2.899360483389549770e-01	8.120886597942602592e-01	-3.036129776040394357e-01
1.502703887015946593e+00	-5.599223305998896061e-01	3.811509134183201919e-01	1.198742389512468698e+00	6.288414668663505624e-02	-4.035699859317725680e-01	9.335015263025221444e-01	-4.626489912674736082e-01
-5.280748625000776242e-01	6.307581978074753515e+00	4.772088188338764470e-01	-2.576857891189362260e+00	-5.734870901742828986e-01	-1.559561293506641189e+00	-2.933089850214709582e+00	5.593032742316505157e+00
1.371858803178700903e+00	-7.346236339202010246e-01	3.947002698428877521e-01	1.118972135153884828e+00	2.607690814121549350e-01	-4.914524805573604604e-01	9.388332509523061864e-01	-4.674682913113059057e-01
5.023841490856667535e-01	1.330914935784724973e+00	1.118789100661442687e-01	1.199596666451761884e+00	-1.080758394350192830e+00	1.935035373436811756e+00	1.508657183985979255e+00	-2.409096236007924330e-01
1.650425045777826449e+00	-8.267007628399885011e-01	3.815605958040947376e-01	1.103972418954201284e+00	1.577923106256576558e-01	-5.418703766806689526e-01	1.099944309075209681e+00	-5.022628316685577854e-01
-3.493278739490777163e-01	1.100614472737146743e+00	-4.615837677290707264e-01	1.652016197896261085e-01	-5.193202395546495653e-01	2.039238653435334836e+00	1.443227892041358817e+00	-4.703692179528122796e-01
-3.597075889065362020e-01	-8.810935918124938038e-01	-7.025541878128088724e-02	9.110205280606010758e-01	5.444254870784109857e-01	-9.224163664625649461e-02	-6.540884723034749715e-02	-6.874447771346915426e-01
1.299183080442890104e+00	-6.322078746195410881e-01	3.383105128998371569e-01	1.246707252792207399e+00	2.016487917689212817e-01	-4.102609274129029315e-01	9.037648416826922215e-01	-4.725270605008587976e-01
-2.226170304499355268e-01	1.328167527358470101e+00	-5.608826176934431640e-01	-1.523190798522737199e-01	-4.936010140515543765e-01	1.652575192163116879e+00	8.624345151490087069e-01	-5.230755802637135909e-01
1.045849793796014282e+00	-4.396466722492301527e-01	2.771567439121204179e-01	1.185516714053060472e+00	3.512780448716248394e-01	-3.767615324317217795e-01	6.302221093293814969e-01	-3.967858794750063756e-01
1.442119924699411415e+00	-7.031335211550764352e-01	4.597329912135799113e-01	1.251327890222440509e+00	1.860405742847536514e-01	-4.342437009932959557e-01	1.045574856741303904e+00	-4.900637587890175895e-01
1.554336946439204503e+00	-4.642378993156650591e-01	4.727945972455922519e-01	1.460315518289652559e+00	1.019829662273278037e-01	-3.894874424755869202e-01	1.010187972133312240e+00	-4.197627033480977876e-01
1.733487760132889299e+00	6.295009157822786250e-01	1.262044931219614030e+00	-6.547444454817957782e-01	-9.250525074115721891e-01	6.420559599049456834e-01	1.798026251013208787e+00	-7.474399669300169080e-01
-3.472314925850394363e-01	5.688877178991625705e+00	2.278398594388897358e-01	-2.303519905177075167e+00	-5.872928415343099395e-01	-1.344470136876251942e+00	-2.676699528099804937e+00	4.812112370854846333e+00
-5.039181051914716214e-01	5.280318857292814805e+00	4.111746127069698664e-01	-2.045951999728107040e+00	-4.086834203398411192e-01	-1.259069565311271122e+00	-2.588978605795205112e+00	4.750024314709340167e+00
1.421583089810164680e+00	-5.609911444761512822e-01	2.059809383088636592e-01	9.217007561176181474e-01	2.315024842293143814e-01	-5.045712720181311228e-01	7.478784022618877314e-01	-4.247900763211082120e-01
1.084343829074368992e+00	-4.688571377388155437e-01	5.062293876229336798e-01	1.679810831054605380e+00	2.488134762680052348e-01	-2.980582807863047523e-01	8.595574269378202237e-01	-3.182333409586703410e-01
7.914933551802699752e-01	2.994342545766774943e-01	2.747942588937523078e-01	4.585838577235323843e-01	3.848913066443200304e-01	-2.581169041644855722e-01	8.387897500533825212e-02	-8.960805178730511800e-02
1.532224432820014082e+00	-1.008995346849013375e+00	2.100195947695285281e-01	8.097182303093741762e-01	2.599082948657406300e-01	-6.115749508827555969e-01	1.002459289578151003e+00	-5.490529334764834291e-01
1.062469013760829029e+00	-6.925178592245067044e-01	2.948720843938069658e-01	1.353721672022397016e+00	2.007036017243252479e-01	-3.141771479237326914e-01	8.753734574497832321e-01	-5.406065298170362743e-01
3.325046553214378031e-01	-8.241160057943123229e-01	3.876519154475223106e-01	-3.939180219097949132e-01	6.866136018003577979e-01	-5.076273423338047985e-01	3.036877598033400905e-02	-6.878571110937996558e-01
-4.289916004044546649e-01	-2.709089075293927285e-01	-1.162926841140791839e-01	-3.852123918614547282e-01	-8.092182833528275276e-01	1.735678064880384674e+00	2.012896769523016882e+00	1.084520752031355784e+00
-2.904407099038857076e-01	-3.097543904889157873e-01	-2.041614756965763888e-01	-5.324166348413902350e-01	-9.624278176608417334e-01	1.614639240459069702e+00	1.629554829332932497e+00	8.796313010595000481e-01
1.210858169791423578e+00	-5.760054229921789393e-01	2.342067919632478956e-01	7.709074995788388618e-01	3.262742632741112425e-01	-4.972121014875376388e-01	6.636700671604552904e-01	-4.460025961415411966e-01
-3.816440879067103387e-01	-4.329263123846207595e-01	-1.021446835713474000e-01	-6.626944820653652979e-01	-7.470484428360407714e-01	1.389145920495731934e+00	1.578603015187420855e+00	1.067589102516582233e+00
8.836727712522620681e-01	-7.229110432316541157e-01	2.332513350085214654e-01	1.219230485751414683e+00	3.016241330722522207e-01	-3.302575883784553690e-01	7.668292988289182599e-01	-5.259176883807417102e-01
1.534096611027912171e+00	2.715343603805041028e-01	3.565045167247012925e-01	6.212499006617718811e-01	2.822995829001825330e-01	-4.936602549040868815e-01	3.980807084691861952e-01	5.745788555528935637e-02
1.244298656947197435e+00	-6.633786983335122622e-01	3.353156201296156325e-01	1.222422434722822082e+00	1.872146121337164570e-01	-3.955184736640904308e-01	9.153832817424434332e-01	-4.936273082531464906e-01
1.174598322056497723e+00	-7.590363800662742744e-01	2.561325802915751515e-01	1.116689732475672603e+00	2.199768459466886761e-01	-4.117122158988670289e-01	8.727980335456578809e-01	-5.242813293975987499e-01
1.291950966503205622e+00	-5.537835149258752976e-01	4.085420767797147690e-01	1.429104460215805616e+00	1.313461020867207341e-01	-3.418166611961833690e-01	9.466321023175869875e-01	-4.421931629373184736e-01
-3.276132574208928672e-01	1.238390430761995953e+00	-5.169146447222794372e-01	2.397759306256302958e-02	-4.457061084332398782e-01	1.851567188240090145e+00	1.085590558737046685e+00	-5.476491293774989888e-01
1.113326904362924807e+00	4.682582060678795455e-01	4.474565191801809227e-01	1.298832531588585582e+00	1.145846405872115448e-01	-1.773373487836809037e-01	4.204634356416931396e-01	6.496658724791781747e-02
-6.720387687750026817e-01	-1.842182893250371989e-01	-4.883008165644633358e-01	7.224545181501733637e-01	8.571856899373544447e-01	-3.522478878076860109e-01	-8.475006381145452350e-01	1.904376908078765140e+00
-7.293147395392080012e-02	3.494930210760305855e-01	5.168854005875297281e-02	2.681225669687972712e-01	4.610609240730906278e-01	-6.888063230698972250e-02	-4.509784930290861027e-01	-1.666636463000774337e-01
1.522841895708624049e+00	-6.029056384878127561e-01	2.627947193563816564e-01	8.327699253787873568e-01	2.612896794782402221e-01	-5.673757776225343274e-01	8.029574150641620722e-01	-4.103081562223844792e-01
5.059568665240923857e-02	9.680524139802915151e-01	-6.619892885350486811e-01	-1.702487005917115159e-01	-9.457866159348496948e-01	1.798242418092895090e+00	1.009295322553343421e+00	-6.611431167896574257e-01
-7.089073457517356402e-01	4.113358258536521816e+00	5.428294576687578976e-01	-1.398156386941013629e+00	-8.874518001335934825e-02	-9.130316780890561645e-01	-2.209407163936185636e+00	3.989170972177572771e+00
-1.030726454048979251e-01	1.055886956452483760e+00	-5.761358182376196124e-01	-1.742339935491417080e-01	-7.434436877876857697e-01	1.765073040297628459e+00	1.016752417072957160e+00	-6.073039455930441255e-01
1.015884831369167518e+00	-4.896342628993521906e-01	3.938700579464676776e-01	1.627411372932799694e+00	1.365776993852159948e-01	-2.242702269188613373e-01	8.704595402812951299e-01	-4.309700405236779885e-01
9.285653907733141255e-01	-5.541466257674759754e-01	5.373519229538648023e-01	1.998825171543649581e+00	6.316384633662874837e-02	-1.206033445634679402e-01	1.041176730701883768e+00	-4.243844998336927521e-01
-6.205124030250659395e-01	5.297315140937360667e+00	2.825521469365324112e-01	-1.917917155610021407e+00	-3.495106783818799912e-01	-1.316904895671946019e+00	-2.584292750843735664e+00	5.189523972836783017e+00
1.189320149540118443e+00	-7.280961047662448671e-01	1.974525673257306879e-01	7.466523165733232048e-01	3.301196757206434906e-01	-5.101420595435095517e-01	7.343813509970050779e-01	-5.217274047864325359e-01
8.514651836242251859e-01	-7.235993466326230417e-01	4.150070563491307096e-01	1.734026798342591658e+00	1.675586931773719590e-01	-1.756237807820332508e-01	9.724452774125449395e-01	-5.047336154853183654e-01
4.215135891068787499e-01	-1.213614439499596520e-01	4.595128095659188894e-01	1.554105975554100461e+00	4.413904771980676767e-01	-1.082605953655150360e-01	3.545738172522880927e-01	-1.952545870470278055e-01
-1.881831921440003663e-01	4.042802769617498626e+00	-9.182047584949745711e-02	-1.548534004397070785e+00	-4.285386145921470935e-01	-9.687047322891304546e-01	-1.989672444982915067e+00	3.765766737622175953e+00
-2.459343771486424690e-01	-4.176328954862671416e-01	-2.214085243506291878e-01	-6.346783039325631925e-01	-1.018076792013261178e+00	1.527397067784712847e+00	1.569786261202687605e+00	9.470685222444359397e-01
-5.288935852327968368e-01	6.051390181866748819e+00	3.276393537716700832e-01	-2.335553523063633286e+00	-5.826958489138580610e-01	-1.430645903368559013e+00	-2.746287159077607676e+00	5.600274019768324507e+00
1.526817227698465951e+00	9.238608952126227403e-02	6.264295530765205955e-01	9.914224697424028898e-02	-2.992272459445605159e-01	-2.625364967153894780e-01	3.067086009446056138e-01	-1.374091014083988205e-01
1.264440822109381912e+00	-5.859264362660274728e-01	3.713529024380841648e-01	1.337991844715114009e+00	1.640351636365500465e-01	-3.656292698320407486e-01	9.223757103381673428e-01	-4.603174684052138144e-01
-5.483699356784420553e-01	5.198870159180340345e+00	2.761426522695006325e-01	-1.888349290152987026e+00	-3.546318767430617913e-01	-1.259069185490983456e+00	-2.532521308324031217e+00	4.882959602258867271e+00
-4.914399277989519588e-01	4.501364042075907790e+00	2.364764644441684494e-01	-1.586083604267168212e+00	-2.839161190899738840e-01	-1.050847782100171601e+00	-2.270674875460508169e+00	4.247346322135639340e+00
4.043702839220381096e-01	-8.733334575758699980e-01	6.427968839945366053e-01	1.113688020684399760e+00	1.024380693274987708e+00	-5.664858786003390545e-01	3.578745287103492489e-01	-2.419656632076936931e-01
-9.603297709926204018e-01	4.375014541265177748e+00	8.920673700699063291e-01	-1.414652974810161501e+00	4.989236873485763946e-02	-9.397634457959385124e-01	-2.394004239023329816e+00	4.242161492466637540e+00
-5.285621806908985532e-01	5.504159954010855671e+00	6.305916548249232978e-01	-2.421689948557365302e+00	-4.849442924073711358e-01	-1.308981512732093844e+00	-2.765259605122488473e+00	4.611600185044957279e+00
-6.191041113311910316e-01	4.192206809845139936e+00	1.831129012740661532e-01	-1.425688077972399048e+00	-1.413822213725265953e-01	-1.087332282038052655e+00	-2.260741628899141542e+00	4.395032445984231373e+00
4.220973370349128673e-01	-5.161500146843100989e-01	1.984266765107101371e-01	1.354591325025806370e+00	4.546202780950648892e-01	-2.110951628721414453e-01	4.166295570666551096e-01	-3.802004992005593720e-01
-8.776362386075717836e-01	4.305575796006802847e+00	4.455035263969820969e-01	-1.348538718035992900e+00	5.525346905856912127e-02	-1.130777267393224594e+00	-2.387038725366447345e+00	4.635209836719555554e+00
-2.244060324674768403e-01	1.120023109570687847e+00	-5.550237969775730917e-01	-7.228319079299028171e-02	-5.430311828453929790e-01	1.747970024758307428e+00	9.982666921163265705e-01	-4.860584346576157233e-01
9.125815784845515699e-01	-6.232901129062146106e-01	5.082612459457183096e-01	2.017140249921538953e+00	3.445971059191560437e-02	-1.017087245545214846e-01	1.071730416720361845e+00	-4.567513047574843221e-01
9.688326503587636473e-01	-6.450593738840519897e-01	2.153805531988731148e-01	1.155448608692090318e+00	2.286584349906287950e-01	-3.273695089696236349e-01	7.389449064974894510e-01	-5.265111841146825622e-01
1.191496342191322444e-01	1.081789707048228522e+00	1.064071061190454692e+00	-1.794468772800125844e+00	-5.019038829284380165e-01	1.113708753270436835e+00	1.831798812787995834e+00	-8.239954566231743049e-01
-2.670198631155318303e-01	9.732252899821929315e-01	-5.734500169870030417e-01	9.582882126233915887e-02	-5.699928842487012037e-01	1.864807491707437315e+00	1.115657168046835235e+00	-3.736302477531844302e-01
-1.295736557489488849e-01	8.554471067926344707e-01	-6.752897075015976691e-01	6.000275754298148301e-02	-8.820972635208861323e-01	1.995122358677818397e+00	1.197824821167242870e+00	-4.798303620424880789e-01
3.820187676766788054e-01	-5.347808358198947731e-01	1.400913803999080387e-01	1.195134583068846013e+00	3.423496032487763907e-01	-1.660601857782690871e-01	4.301915115604381112e-01	-4.548241472679673825e-01
1.335718354844777522e+00	-4.974006628734304325e-01	2.700887946991297195e-01	1.107316715070635560e+00	2.617164609632384176e-01	-4.598186519293038232e-01	7.535046196660518669e-01	-3.767030223419902679e-01
1.031598053382390301e+00	-7.327411427118373233e-01	2.964998938678368723e-01	1.391781551665689509e+00	1.962115217209436102e-01	-3.127387472575845484e-01	9.018606520698438933e-01	-5.166648906797765006e-01
-6.711900806586783563e-01	5.198366312550165347e+00	5.337891035688018260e-01	-1.915090800635045776e+00	-2.929640489419075289e-01	-1.133399493488390419e+00	-2.612832628037805804e+00	4.495991514959774449e+00
1.035066756169432223e+00	-5.404658482716496737e-01	2.113025042505041196e-01	1.050271682979835752e+00	3.062566603782456154e-01	-3.936126641497824652e-01	6.485447453817722030e-01	-4.244799717801359118e-01
-4.967090850389656032e-01	2.011476461575143482e+00	1.926516828317975105e-01	-4.881376351664586388e-01	1.221290968041159053e-01	-3.160186215192521408e-01	-1.321284535489854362e+00	2.093334840810729514e+00
-2.328967391953326027e-01	-9.039933727589708479e-01	-1.221652286387555353e-01	8.192319778345905634e-01	4.722601363589256085e-01	-1.488804334513824101e-01	7.607669142414952290e-02	-7.349014672078022503e-01
1.183524312182998139e+00	-4.503567471615727014e-01	4.091575013492502189e-01	1.451501027231933083e+00	2.026803360324299919e-01	-3.203471929485641190e-01	8.353301793591751956e-01	-4.050549094576239018e-01
-9.329215035907609810e-01	-6.638843365695252796e-01	-1.490443016452994152e-01	1.205060696380015450e+00	1.322685883676366858e+00	-2.182729380889439907e-01	-7.209876030057044138e-01	1.399289926689381458e+00
-8.494826921270414166e-01	4.253817732319574496e+00	8.121586982452970727e-01	-1.584063865605534804e+00	6.535372338264927583e-03	-1.006545666387607341e+00	-2.434151428241990711e+00	4.105417959860063526e+00
8.880956412121748800e-01	-8.202651551307698075e-01	8.067052097163075475e-01	6.102361584725247701e-01	1.273618710980635838e+00	-9.096088091615042170e-01	2.810936744037472179e-01	-1.313840904798590017e-02
-3.725979974260305028e-01	5.752510140916537118e+00	1.895083404558172424e-01	-2.254632316454744156e+00	-5.827610444399592415e-01	-1.371756705540181587e+00	-2.658768098540498670e+00	5.042643627557055197e+00
1.324999250196404299e+00	-6.586496712912235374e-01	2.307677032055342747e-01	9.294106451106264322e-01	2.736864426976320930e-01	-5.002368641613890166e-01	7.902341086269923931e-01	-4.708722979196194869e-01
-4.062712681529473957e-01	-4.063195296740255702e-01	-1.445685110712721100e-01	-5.844472731492259543e-01	-7.475348420809114769e-01	1.430421399201586619e+00	1.620868650050143911e+00	1.073061103231190083e+00
7.744757002933517764e-01	-7.273997763040098707e-01	5.915574587493002134e-01	1.481634565764576195e+00	5.653426973377925213e-01	-3.969836593842814843e-01	7.031861666991643389e-01	-3.183279421309496704e-01
8.976721049028507649e-01	-6.238370951546463594e-01	1.521343680199752080e-01	9.732658753571613586e-01	3.526091915780733554e-01	-3.819582691106858108e-01	6.159572875043883844e-01	-5.037454802378683594e-01
-7.039861255590267319e-01	4.431380325980104118e+00	1.019783515783514727e-01	-1.527635776470502860e+00	-1.480078448973362049e-01	-1.221006919418279768e+00	-2.371718353604257867e+00	4.900518733424556572e+00
-5.657319820542006106e-01	5.464880856485565097e+00	4.695714528398720056e-01	-2.061065879104597265e+00	-4.028533416045654292e-01	-1.289075773579560380e+00	-2.644871453766259428e+00	4.951727742678954769e+00
-4.204273342394492796e-01	1.160139553785749289e+00	-4.493131756223679996e-01	3.142891822640306310e-02	-3.988430719574808103e-01	1.859419535204244855e+00	1.201877839463355802e+00	-3.638625998947637719e-01
-2.690290068778544152e-01	1.412651002182953586e-01	7.012488485811153582e-01	2.929288463958397704e-01	6.928524415822866489e-01	-6.846216712769787049e-02	-4.888887991150851486e-01	-5.933173399088125660e-02
1.419298647502539978e+00	-7.364485766281876344e-01	2.496194388570502354e-01	7.674248676303174754e-01	3.408384863109820140e-01	-5.749636735488443673e-01	8.057198743063626045e-01	-5.294495665832026354e-01
1.155372702883138647e+00	-4.569575027847456727e-01	4.178145385914515675e-01	1.566098068490351380e+00	1.649819321629451274e-01	-2.832867233981050115e-01	8.857833568250208511e-01	-3.926257991990302343e-01
1.211465755262793875e+00	-5.739418380599532465e-01	3.503479290608759733e-01	1.404688626376399352e+00	1.743659212152603721e-01	-3.432524517055911550e-01	8.921884562590836065e-01	-4.508831192592703818e-01
5.118559874958741318e-01	2.570910472964883509e-01	2.675352691365799340e-01	-1.061884999883776048e+00	-8.494761932136566385e-01	5.106299094197117583e-01	-1.498963082820367609e-01	-7.349126411484760979e-01
-6.646843961307343784e-01	-8.026783342911359975e-01	7.148040336922444338e-01	8.432147482446961106e-01	1.331632472249816734e+00	-3.554827551531588581e-01	-3.259316784457306215e-01	-1.945183881674231174e-01
1.439328173341803518e+00	-4.651627965056105984e-01	5.041853564113820685e-01	1.645719101338485313e+00	2.365937848304661140e-02	-3.120890123217908152e-01	1.043080150151432850e+00	-3.700937112896320325e-01
-3.283482782786468213e-01	5.813308313472482780e+00	1.814641837275014491e-01	-2.334585157741821959e+00	-6.514802312803428253e-01	-1.401472816048282111e+00	-2.639256077865598460e+00	5.200537754565073278e+00
1.436974228295482048e+00	-6.800205849368126110e-01	1.793054487784212503e-01	6.018967940007696749e-01	2.301645119236874482e-01	-5.759845087491866078e-01	7.442507597683873932e-01	-4.659043300435453672e-01
-3.558323918229830962e-01	-2.490492776419896137e-01	-2.528141086011336802e-01	-4.051545212062900303e-01	-8.660019612311333770e-01	1.619238730897952339e+00	1.577272859892362877e+00	9.157904245561114820e-01
-4.611327551103524547e-01	4.543426100839422332e+00	-3.902940887237776185e-02	-1.654373609473015261e+00	-3.584204873510193901e-01	-1.159632399192347618e+00	-2.279537848932581934e+00	4.669523298510600995e+00
1.377480853326532362e+00	-5.527726999027680055e-01	2.562153211202328196e-01	8.543636496982287554e-01	3.176853123369473009e-01	-5.442005412354041782e-01	6.958904615651748671e-01	-3.716581496708129539e-01
1.458424260639974879e+00	-6.253433548626686767e-01	3.716726437453226062e-01	1.238632076689603956e+00	1.402100633082385139e-01	-4.335990655025439566e-01	9.760195926237913433e-01	-4.689355482652237117e-01
-2.864004631078884699e-01	1.727307659250668204e+00	-5.458913471218579394e-01	-4.612939194144304728e-02	-4.276346299342579371e-01	2.039583018350961563e+00	1.414024832224891171e+00	-1.027968195145330998e+00
2.433333268688281648e-01	-4.749775310403985817e-01	7.218300802353192491e-01	8.153807499599509123e-01	7.638577264933423816e-01	-3.174063187914288320e-01	1.684272213516915528e-01	-3.582347323199131517e-01
7.682493430934229928e-02	4.567044480432552733e-01	1.570279246743207624e+00	-9.411927423379021773e-01	-6.900018769672540131e-01	1.256595421122816747e+00	1.937220877599631574e+00	-4.516357074401774474e-01
-2.884084946816783956e-01	-4.534962712046767264e-01	-1.772583752538852142e-01	-6.921046188314888825e-01	-8.543157444968783043e-01	1.371858880710744577e+00	1.445521033613115236e+00	9.527507493304741004e-01
-4.557708179720209030e-01	5.416548394277009848e+00	3.406374783022656505e-01	-2.165992841432751614e+00	-4.677295491310630715e-01	-1.305110853410536009e+00	-2.630849420546336859e+00	4.803386051065290374e+00
-2.488895500372949321e-01	4.108400786597634635e+00	4.062593895755947648e-02	-1.644085784735707545e+00	-4.124322777903713932e-01	-9.680710883626294505e-01	-2.079128847428156845e+00	3.710339120099323651e+00
-4.595815793672624050e-01	2.882199901937589015e+00	-1.122649926749278715e-01	-8.684837497036456133e-01	1.237524159006186952e-02	-8.189230338092589045e-01	-1.804124363225864558e+00	3.276342786468130264e+00
-2.149264502779983932e-01	-3.102392846549282823e-01	1.034087261333690583e-01	-8.083637719844265490e-01	-1.074793360271800058e+00	1.689391711131888352e+00	1.839140296983314604e+00	4.525246833025421966e-01
9.740891056586695740e-01	-6.016816538550063820e-01	3.626731523501875998e-01	1.511533458365775129e+00	1.723350525116830456e-01	-2.507258400760910555e-01	8.924251587041021061e-01	-4.950008160616203856e-01
3.662116887349605721e-01	-3.417435804385660636e-01	4.812995232589265537e-01	9.569971301760554772e-01	5.274457027775685258e-01	-2.056820123534320865e-01	2.172468319680535553e-01	-3.586457101215810295e-01
-2.419049470379805444e-02	1.128169686249300030e+00	1.286726917958446625e+00	-1.548873234884190930e+00	-4.272259103563739169e-01	1.197750529229283156e+00	1.861147302059221742e+00	-8.009793777741872622e-01
1.498969034027740843e+00	-8.611255249471919671e-01	2.642540323492776344e-01	9.184275072908582027e-01	2.192262017272259833e-01	-5.453259615024603768e-01	9.855390764171989559e-01	-5.430486996536766364e-01
-6.806582574783178741e-01	4.165161350963849429e+00	1.956782738908470209e-01	-1.393203663077766219e+00	-8.697372315094721584e-02	-1.111129412210604128e+00	-2.292065944617272866e+00	4.468864481433636904e+00
1.281610131720317458e+00	-7.122864524544969544e-01	4.905190530027148110e-01	1.152430855723094894e+00	4.841054180412276420e-01	-5.671406669301961578e-01	7.692592392437486160e-01	-3.147718831188359156e-01
1.303850733405579776e+00	-7.422594203207059094e-01	2.203779360402725596e-01	9.317040119114924357e-01	2.578780362586357011e-01	-4.931885355166306106e-01	8.437667717787190602e-01	-5.221190967111976056e-01
1.213254041878687461e+00	-7.442443794826940628e-01	2.991824806902648737e-01	1.309424805467801711e+00	2.142868532745791643e-01	-3.721665987049156410e-01	9.419099366824403852e-01	-5.627162195713615311e-01
1.379159524575416240e+00	-6.670474200906447715e-01	3.044914298252913154e-01	9.605251697592128712e-01	2.802646031438926766e-01	-5.192788060128908922e-01	8.409597411177660575e-01	-4.523836689088834295e-01
-3.663426000916087388e-01	-4.090505599158954508e-01	-1.150746766978324453e-01	-6.333950475592490248e-01	-7.106035510692810808e-01	1.435295452593930987e+00	1.843858393586954803e+00	1.142117390249463682e+00
-4.170667597395296133e-01	5.118551386669949466e+00	2.076671792864855648e-01	-1.955794471300615678e+00	-4.510848874299728806e-01	-1.257314497794514319e+00	-2.473691513445998247e+00	4.785600162204054264e+00
-5.962215161005582909e-01	3.450506307077789714e+00	-2.733139612654720066e-02	-1.071286909737182658e+00	-4.571996687269009110e-03	-9.735377276856382878e-01	-2.044598979427028063e+00	3.910980975972982332e+00
-3.721613651019213820e-01	1.221460159235728371e+00	-5.098828884958775953e-01	6.266050754347710083e-02	-4.147384163915802668e-01	1.908543889113565983e+00	1.216007062482159951e+00	-4.950510721732047648e-01
9.725184622661841027e-01	-5.467925193244074222e-01	4.307907179364601769e-01	1.698586095961681863e+00	1.231479249621857119e-01	-2.002518739747331800e-01	9.300347367734864701e-01	-4.511672514269946532e-01
1.488303791529793862e+00	-7.598975033145297653e-01	1.859438179449149353e-01	5.601965386742907560e-01	3.046904097168030567e-01	-6.245890957865765092e-01	8.018979261244618684e-01	-5.180198096739263569e-01
1.430593066843099059e+00	-7.713481631090927104e-01	3.183526726515377714e-01	1.044535927243499085e+00	2.026459580997303778e-01	-4.976831570281510242e-01	9.667613496166895803e-01	-5.019393291484715025e-01
1.236828091640864047e+00	-9.573674465081337681e-01	1.549191642029507654e-01	8.133241805009105985e-01	3.276067363997232640e-01	-5.371397037119518547e-01	8.512808029046798897e-01	-5.623267373960464388e-01
1.331004893960920032e+00	-8.614995868288690684e-01	2.662835419891833588e-01	1.073531783773701065e+00	2.222621515844138973e-01	-4.744737684173754855e-01	9.646646694443877790e-01	-5.447082812072417957e-01
-6.005361736304389852e-01	4.761435402552905316e+00	6.230886260289106859e-01	-1.842689731719080015e+00	-2.818727084438708008e-01	-1.118212004129291115e+00	-2.520917137132650421e+00	4.001315088982297929e+00
1.439959645999348670e+00	-8.294466735368217769e-01	3.314912889331614876e-01	1.153734481563413627e+00	1.495772784814478340e-01	-4.643817593622602269e-01	1.034945139239922707e+00	-5.237985826902399333e-01
9.931329691785550917e-01	-6.393536030859344743e-01	2.318868532146082240e-01	1.071486395624841048e+00	3.838019332111334281e-01	-4.262081347373553597e-01	6.362809478489372950e-01	-4.242370112111928382e-01
4.880871800314158238e-01	-5.167946074415096236e-01	5.319498758936405114e-01	-4.290751924467952477e-02	4.431322439303455596e-01	-3.186595506835304126e-01	2.392858986316470093e-01	-6.455847783930852568e-01
-4.113480906705960227e-01	-3.243919124738521287e-01	-1.256302797911535984e-01	-4.702608940603391630e-01	-7.345715271822210735e-01	1.574208732060727201e+00	1.872330872121079626e+00	1.074410533765348674e+00
-8.815462434516134760e-01	-5.176788402944333400e-01	-2.479422610588552234e-01	1.132090577444201163e+00	1.220622759258162660e+00	-2.441780451485120185e-01	-7.655159284606238845e-01	1.533942992060552735e+00
1.361358196154145217e+00	-6.020384020630519251e-01	3.874820243552541399e-01	1.296743802989718919e+00	1.271778020821268951e-01	-3.930945467998993581e-01	9.559854141789247972e-01	-4.485880063276779794e-01
-1.798061888297010080e-01	1.588942632279184197e+00	-5.118121383898373011e-01	-3.125239639230054101e-01	-3.582917876223035147e-01	1.480187455329061486e+00	7.104594705997566706e-01	-7.361494926085300206e-01
-2.385451727816579881e-01	1.031651163952732153e+00	-5.448720310751242746e-01	-6.312851855612593155e-02	-6.453138758560221788e-01	1.856911255988168197e+00	1.146821614107101261e+00	-4.709940684743591510e-01
1.631943168200837180e+00	2.394639024818507878e-01	3.443253197953342060e-01	5.830504367241839958e-01	2.396473939055079605e-01	-5.130268092041873063e-01	4.432916515760230713e-01	2.425237274571334645e-03
-5.851297590406123739e-01	1.383266111184397351e+00	-2.946006141254808863e-01	1.587969144969198498e-01	9.720577726031059962e-02	1.670691164588326449e+00	1.111478644993455500e+00	-2.525229528752687136e-01
-4.513141115474257337e-01	4.179260552189248301e+00	-1.009694902546695999e-01	-1.443165149069736586e+00	-2.804508444385773736e-01	-1.065920625990169457e+00	-2.165739258912121823e+00	4.320903468803939163e+00
2.977322723887188688e-02	1.346858149865590493e+00	-5.517530274434589987e-01	-3.898253526838529881e-01	-6.855927688842535783e-01	1.609852958602782547e+00	1.001383527464445367e+00	-6.932316641351123909e-01
1.236613620247049683e+00	-4.188428209364108423e-01	3.537801713246717661e-01	1.383178313382701141e+00	2.017714259105341246e-01	-3.519023499512398678e-01	8.026899250775898498e-01	-3.547652814797940812e-01
-5.971699348940711083e-01	-9.302888032116938266e-01	4.700406022788878868e-01	9.056115880403633467e-01	1.134305285804757979e+00	-3.006000916478977492e-01	-1.988403278469919877e-01	-4.037176250200162908e-01
-3.454029437620406151e-01	-5.793613207543575339e-01	4.304327125271290022e-03	-9.823896952644234348e-01	-9.063200861357282312e-01	1.439077413971320274e+00	1.975518010977974859e+00	1.273679051518990191e+00
-2.487575603749157538e-01	8.702049172422232637e-01	-2.337120677575618144e-01	-5.037042900343413621e-01	-7.489716792741891727e-01	1.970536229725133204e+00	1.921498648882927984e+00	-9.232158426699119125e-02
-7.952617558694735633e-01	2.618430425452343169e+00	1.681076527051769687e-01	-6.699927806011810594e-01	3.596007538353863664e-01	-7.895191105976351320e-01	-1.846115791585498878e+00	3.420840988306723673e+00
-2.672838082358985345e-01	1.126408617502902443e+00	-4.469980570495019623e-01	-7.514544643858001027e-02	-4.363514409131051264e-01	1.648703473954803878e+00	9.694963844408426290e-01	-3.274360859200542984e-01
-4.913270404473052411e-01	5.201179720418133812e+00	2.874070254889391496e-01	-1.915853664553305524e+00	-4.040276970888221908e-01	-1.202206997025548896e+00	-2.525727795238995377e+00	4.663329156475212400e+00
-5.172069678835183870e-01	5.199248286771962491e+00	4.270236915309548742e-01	-2.078783777035022595e+00	-3.982545649640572560e-01	-1.341397407713735834e+00	-2.564761438702279683e+00	5.042556036017410648e+00
-3.510419733536268017e-01	1.146710526067168390e+00	-4.423595616235458383e-01	4.906910014266655518e-01	-5.439732361872033906e-01	2.121603143475602860e+00	1.392693641480704736e+00	-4.121737801479893881e-01
-2.662499633610067584e-01	1.197365045165146080e+00	-4.328332313229896755e-01	-8.125834447123138349e-02	-3.634362814311052348e-01	1.592268707250482196e+00	8.901399189211102181e-01	-4.008599933434823237e-01
1.255378843328271987e+00	2.792982577175948111e-01	2.735896407857132395e-01	5.838638146693719833e-01	2.640835396228893295e-01	-3.805279856999036481e-01	3.161836565553514111e-01	-5.650539404568297869e-02
-7.474642449657573628e-01	4.840616338900837867e+00	3.241765734219396178e-01	-1.653713335156877573e+00	-1.674302276746738316e-01	-1.235396993563545154e+00	-2.498746114375806293e+00	4.967831345406032106e+00
3.835024886922706600e-01	-7.378600961875764197e-01	-6.449431310050031396e-02	-1.089445355622787187e-01	7.903056048464468519e-01	-5.253544839876790329e-01	1.051221977843180833e-02	-7.009346600095579527e-01
-7.109025047889107052e-01	4.299721993086365046e+00	1.306245604159899376e-01	-1.364224911768381787e+00	-1.477113673466825261e-01	-1.084002570692753409e+00	-2.264704556738436736e+00	4.727334892622145013e+00
-6.990089924340339156e-01	4.324754379891662559e+00	1.893118143581810353e-01	-1.440253061811439528e+00	-9.344997464438228874e-02	-1.148481812282296621e+00	-2.351658820295319252e+00	4.568335748952899067e+00
1.200414748145602228e+00	4.234053408871008006e-01	3.850034674998772388e-01	1.053194899371800997e+00	1.932209684426529905e-01	-2.700211943916749902e-01	3.643283291911348920e-01	9.142075318511488913e-02
-5.834357172039494888e-01	5.742339830187728644e+00	3.598085822725983762e-01	-2.053706876220458444e+00	-4.676398963025374389e-01	-1.314107835838707716e+00	-2.652613584765012522e+00	5.332538545747057768e+00
7.004481413076868446e-01	-5.354500441158256407e-01	6.923745024377340185e-01	1.704424422520364857e+00	7.227659066074639815e-01	-4.102763740052923769e-01	6.141271941555530578e-01	-1.179777508783804857e-01
1.500257846092239333e+00	-5.009565385136003357e-01	4.081077585867932678e-01	1.372003081040068295e+00	5.272829701539480385e-02	-3.808850321847982445e-01	9.539808388666246586e-01	-4.024207724007597964e-01
1.225754296784800967e+00	2.777350961649659444e-01	5.207549236440578433e-01	7.522550986102295445e-01	6.329737664605441516e-01	-5.579604480079137785e-01	1.022221882062571974e-01	6.003046854994499304e-01
2.064391984383426859e+00	2.158887247836077106e-01	4.260998325720685154e-01	7.300767571086915764e-01	9.008503690413904863e-02	-6.123746623560818447e-01	6.375333755541436886e-01	1.135716421026941036e-01
-3.073316182252365247e-01	-6.371182688557370799e-01	-2.867350996335781346e-02	-9.714849132975206247e-01	-9.843847911819395557e-01	1.439251327072350373e+00	1.831544136232447606e+00	1.180208712638336488e+00
1.322051150420938237e+00	-6.166638916310426266e-01	3.826679191126269863e-01	1.272415786967403317e+00	1.800048138385242080e-01	-4.017841040688401866e-01	9.450075414026019027e-01	-4.610644631214078637e-01
-3.509312996365381854e-01	1.288377715095812670e+00	-4.828670098976306502e-01	-1.155158290290410512e-02	-3.976512441859159086e-01	1.896325874065483141e+00	1.264379522948536172e+00	-5.600496855110947969e-01
1.167021853149669885e+00	-7.099754814766151556e-01	2.544069485652978857e-01	1.118920932253141487e+00	2.337612490069072846e-01	-4.082047760549415427e-01	8.458693253226799991e-01	-5.218537890267159751e-01
1.746004440545021463e+00	5.570718093269646370e-02	2.675611495266314588e-01	-9.808759522381474416e-02	3.273852615493446638e-01	-6.881780330465223638e-01	3.650250447601920412e-01	-8.458389341473585010e-02
1.394814431562069856e+00	-9.442097146597318025e-01	1.710064979033411037e-01	7.838546064538671754e-01	2.890085269625990438e-01	-5.727724924511188309e-01	9.063130700610018131e-01	-5.653776138697418352e-01
1.291225556098768212e+00	-5.606385303988408175e-01	2.780663717099490784e-01	1.023449488945137098e+00	2.613597334124604377e-01	-4.408860492147588794e-01	7.919766000209731427e-01	-5.106272582988784503e-01
-3.157029262807062864e-01	6.482977922003667182e+00	3.160992619112527602e-01	-2.790551947366340713e+00	-7.953792943348676481e-01	-1.639081195318522033e+00	-2.867891603522766175e+00	5.854408859592242997e+00
9.018194576811114915e-01	-5.829269329596806770e-01	4.340844173106154225e-01	1.325735989625932643e+00	5.015397315893955765e-01	-4.060048216784135078e-01	6.340714631177850613e-01	-3.372675207368038830e-01
-7.418434015625923195e-01	4.866417872370409015e+00	7.481017474084249441e-01	-1.810798470209695532e+00	-2.080131554544027983e-01	-1.097986701571281865e+00	-2.509097776501836741e+00	4.497178639460827299e+00
-5.726101551601733286e-01	4.443341861649817481e+00	2.411745696061884103e-01	-1.537013391192636691e+00	-2.080518773558972523e-01	-1.085507146858700533e+00	-2.308494128048949268e+00	4.360119284926081917e+00
9.906805363699270339e-01	-7.074657540329569727e-01	1.945540267851083027e-01	9.406774829082352740e-01	3.447229150611843540e-01	-4.315322913780778036e-01	7.040890143047369154e-01	-5.027388849404278437e-01
-1.876249414840168162e-01	1.614094781561903780e+00	-3.506167806197622028e-01	-2.513549785092494271e-01	-1.908234213697323767e-01	1.422228708572417011e+00	8.205085164661992669e-01	-7.066736717891094477e-01
1.077383034902194225e+00	4.269807552667078676e-01	3.752768946598669109e-01	1.146158653261275084e+00	1.863503061498896496e-01	-2.134238473779105916e-01	3.495114027556140424e-01	4.084735441878822870e-02
1.513174512727957888e+00	-7.126253012206335002e-01	2.645001166354201683e-01	7.813176243766080109e-01	2.674471194837408916e-01	-5.755467228227105769e-01	8.789652685406075250e-01	-5.014743203534172133e-01
-1.761464801206245046e-01	1.087880893643029312e+00	-6.146702922277316183e-01	-6.426692321104079952e-02	-8.124126247102527731e-01	2.024336217738722521e+00	1.301847889842007833e+00	-6.673687467741606927e-01
9.618356439236096511e-01	-5.468218200201599988e-01	3.429430225155623013e-01	1.549998396386664368e+00	1.311803136622919086e-01	-2.236543515188649522e-01	8.357410401322340476e-01	-4.551024914070795901e-01
1.972626990698168603e+00	-1.263599349507177616e-01	1.018699901941261476e+00	-2.217571651842405733e-01	-8.143613035075153439e-01	-1.065488930696583680e-01	7.902777209859898067e-01	-5.642869434061751344e-01
1.341920174512045483e+00	-5.544432892288830850e-01	3.648061016591473971e-01	1.304459988787495472e+00	2.019451507516225874e-01	-4.110494853354830780e-01	8.864472354021961653e-01	-4.138908139138481879e-01
6.835983147367957757e-01	-6.117862021471232037e-01	1.201093763849299778e+00	1.690191614562571942e+00	1.095741617652448374e+00	-6.139959263200089890e-01	4.976088638742139358e-01	2.082585753065331891e-01
1.400213034880187557e+00	-7.741615274381724587e-01	2.514948057045234275e-01	6.859891435748782795e-01	3.677572934744449684e-01	-6.057702325490589290e-01	8.043211275955619577e-01	-5.079205715874909322e-01
1.232090962452260685e+00	3.887148566813924955e-01	3.780499532397667561e-01	9.976438862679645192e-01	1.570276086821960904e-01	-2.754697603991255184e-01	4.024529322115041885e-01	9.137227469093955889e-03
-3.983771605977269592e-02	8.038429393972498227e-01	1.054031675872621365e+00	-1.372363208689464820e+00	-6.397357143522365286e-01	1.399228635942090682e+00	1.851034175003809956e+00	-6.895790916283986993e-01
-9.721555458450662490e-01	4.704314424555682272e+00	9.904171480202335065e-01	-1.551707132707111469e+00	2.215609794095541041e-02	-1.053225686082613244e+00	-2.531733485325862620e+00	4.544674532173329062e+00
-4.152528124928471231e-01	5.777147186253863254e+00	2.480974695651516349e-01	-2.292595872670381230e+00	-5.548723012872042171e-01	-1.377820288624299172e+00	-2.715749625667426059e+00	5.005163555073490755e+00
5.582904169762182844e-01	-7.550633786195871597e-03	2.438319152471846163e-01	-6.900083084475611139e-01	8.137730806559904106e-01	-5.774380863851811263e-01	-3.481196371140307111e-01	-2.062763395178295045e-01
-2.578541481012218695e-01	1.158415781694070112e+00	-5.753591515577115567e-01	-8.949350143997289800e-03	-6.325775811464632303e-01	1.969746225162385400e+00	1.250180987654776033e+00	-5.953034441411684252e-01
1.367665300758382108e+00	-6.394708944816248630e-01	5.919203551632408189e-01	1.887630960492359122e+00	-1.547195097179920355e-02	-2.356692766096100677e-01	1.218486824026234538e+00	-4.619080103482035571e-01
-6.790354488679107847e-01	-5.067313421123970096e-01	-3.409617493389242027e-01	8.365795173239201077e-01	1.002992443639114439e+00	-3.216553315347211450e-01	-7.548181259455245540e-01	1.575480129380407490e+00
-1.348689231767756513e-01	3.335531290693250495e-01	1.074570120211236324e+00	-1.432736510322031087e+00	-6.450174441846447948e-01	1.344503557770036162e+00	1.998101543641064737e+00	-4.249617346927425654e-01
-5.635068384896534388e-01	-6.406706641079137343e-01	3.986318138175561909e-01	8.307493784875021881e-01	1.008107092798843807e+00	-2.002141139359608635e-01	-3.727281062195563766e-01	-3.745483598636591971e-01
-1.861137122291206258e-01	6.626011889491084661e-01	1.189378161282018009e+00	-1.557687718883911332e+00	-4.539169459524770578e-01	1.320065573332951825e+00	2.197061878020364567e+00	-3.530517355102038568e-01
-6.845514789260677135e-01	4.917840468693622569e+00	4.565193871238713008e-01	-1.754122049192802235e+00	-2.138462512647651970e-01	-1.229246823067852379e+00	-2.516467065839745665e+00	4.845578803766223963e+00
-2.495645512464650662e-01	1.286256357174491161e+00	-5.068113250626921085e-01	-1.502077414455055271e-01	-4.471554979324438572e-01	1.674744077736165293e+00	9.583081884328447098e-01	-5.466795551215524185e-01
1.239522518297062836e+00	-5.048055985688635339e-01	3.991421344437608987e-01	1.510430614199088861e+00	1.006933970304601800e-01	-2.972751318370012164e-01	9.248130264568783510e-01	-4.301830382453381563e-01
-2.685690137475717498e-01	1.422746043808235328e+00	-5.213173542396993820e-01	-1.392400742138780179e-01	-3.962450230732668111e-01	1.733124905260693849e+00	1.036436746000299891e+00	-6.325788162754861776e-01
-6.971397943603839797e-01	4.850471677000093962e+00	6.821378711065767542e-01	-1.791417135148315465e+00	-2.311205716475956129e-01	-1.037751113414425941e+00	-2.493618472194122582e+00	4.242288549203157011e+00
1.133731743157079253e+00	-7.575899110295722938e-01	2.001908540390549551e-01	9.814850783448857419e-01	2.870613201855032326e-01	-4.451325260617571278e-01	7.995138958592777900e-01	-5.297978540885811549e-01
-3.684812975353282671e-01	-2.275149706098230085e-01	-2.222739693121562332e-01	-4.236639916619252544e-01	-7.793088833334654852e-01	1.533670195254241975e+00	1.430670829111403197e+00	8.549820807375383414e-01
-1.081907345786699420e-01	1.260396710981272816e+00	-5.472624203648096541e-01	-1.865920270532151759e-01	-4.959955861138678479e-01	1.536438818553564678e+00	7.337500875956661783e-01	-5.957148045226422495e-01
2.444466756402126351e-02	1.009917063333559684e+00	-6.862527683604394690e-01	-1.643362508930273080e-01	-8.981487639631409170e-01	1.784225975783843898e+00	9.698278483102903413e-01	-6.540045883947396277e-01
7.675469688325511353e-01	2.698019060701696503e+00	4.563700391694476277e-01	-2.193436551230690590e+00	2.270315327826122331e-02	-1.742794862939170297e+00	-1.831200660183664342e+00	3.860863825665541427e+00
-7.540916856601428409e-01	4.000922957252327272e+00	5.990998001194391964e-01	-1.305877466004759624e+00	-4.628332054077110430e-02	-8.667010778985811958e-01	-2.163544310108253654e+00	3.935885166976386795e+00
3.762153763628176550e-01	-3.711367949147984513e-01	-4.540888863892220129e-01	-7.811931148604940311e-01	9.044925879734402319e-01	-1.332328941841568248e+00	-9.517469312461909192e-01	2.392902272727234436e+00
-5.080952554277077260e-01	-5.753754758077945786e-01	4.769777437807973808e-01	1.048060113680874483e+00	1.041920286970597909e+00	-1.891057796076129061e-01	-2.754086140447755127e-01	-3.582936522907475552e-01
9.442590996452242535e-01	3.722052508617987865e-01	9.779376893112092795e-01	1.307334701464811122e+00	8.412469935124278209e-01	-4.950650024897647050e-01	1.617411623015986011e-01	6.347403823021244840e-01
1.655383052715693193e+00	4.256670249412794482e-01	4.503239541000053636e-01	9.900177186907342941e-01	1.102358256649078327e-01	-4.221131620025707631e-01	5.173409193795110994e-01	1.454176034934905881e-01
-1.599345384368898726e-01	3.572126680636642515e-01	6.062722949681603746e-01	3.415348605696854056e-01	3.809947029152730424e-01	4.503684754530981604e-02	-3.616971945698363444e-01	-1.543851092137004943e-01
1.128632787207450194e+00	-5.157773318486480463e-01	3.172892941573882686e-01	1.179527662347900741e+00	2.810417221169423385e-01	-3.776470034759484840e-01	7.557517370612588659e-01	-4.504705474502367912e-01
-6.254381834343385460e-01	6.194958961468104874e+00	6.959728511426328534e-01	-2.542031103764947897e+00	-5.049235733009110882e-01	-1.435633639902985426e+00	-2.976273726013708210e+00	5.222728667890708110e+00
1.752028763446493720e+00	-7.199670069044371568e-01	2.389397358223098733e-01	6.231688823998637883e-01	2.133899586134181681e-01	-6.534579713091729358e-01	9.037692496163470812e-01	-4.958722639855615011e-01
-3.484708762808580995e-01	2.730344465130071452e+00	9.121042605643933654e-03	-8.121147779516371124e-01	-1.127524904567223790e-01	-5.240148406191513786e-01	-1.544463664629730948e+00	2.621665058314290420e+00
-8.537401657316814330e-01	-1.239833938524632362e-01	3.174768463635630478e-01	9.404609589600237962e-01	8.822772337217834604e-01	4.261085962280829198e-02	-7.293125384807231937e-01	2.966319216537081638e-01
-3.545493536619652164e-01	1.389998035080798333e+00	-4.897033978124862297e-01	-6.197681400182109002e-02	-3.522139142578144533e-01	1.789269572003953090e+00	1.080265691199464584e+00	-5.814916633380534661e-01
1.329229884718206467e+00	-5.477238401901779463e-01	3.223424592119239485e-01	1.207600658942736160e+00	2.439398103235340953e-01	-4.382193154567588511e-01	8.274007103342242431e-01	-4.048053240858123791e-01
1.328953963816135175e-01	-6.520272612720139360e-01	7.079812278338090126e-01	1.088351166252045310e+00	1.157732756046477851e+00	-4.849094970734568188e-01	8.286611971590163161e-02	-1.995417756634353668e-01
-2.602288875440701421e-01	9.931225885992682745e-01	-4.507326805249080026e-01	-8.218928141147793798e-02	-5.687142369359207139e-01	1.783758124472200501e+00	1.197279405062444013e+00	-3.536883923131916574e-01
-6.303790618963660553e-01	6.329601725076214436e+00	6.541374837125280006e-01	-2.508462025587966604e+00	-5.094537113888696345e-01	-1.520920622217339035e+00	-2.963427516914978188e+00	5.600193541409140607e+00
-8.004837466551252279e-01	4.079065915944728893e+00	4.470125648487414116e-01	-1.254934845836262136e+00	1.580429197357627324e-02	-9.994169571490408854e-01	-2.254639979660656657e+00	4.283357869454694544e+00
-7.128957558948959550e-01	-3.602793366307285305e-01	-4.066495045656355889e-01	8.372054076639877662e-01	9.889413421433381757e-01	-3.332519407571356007e-01	-8.156210448261549395e-01	1.704115790586556045e+00
-5.046105881919954461e-01	5.215261308240664917e+00	3.426317198171620615e-01	-2.000744193847091790e+00	-4.054288185140506595e-01	-1.235193388096462286e+00	-2.549071255472844744e+00	4.718021099966656529e+00
8.901846316028678707e-01	-4.877830538346466516e-01	7.388454379081216272e-01	1.776390629245429231e+00	5.836901633099264020e-01	-3.888028898126939525e-01	7.436919195752563772e-01	-1.370777210403164859e-01
1.351119470262360123e+00	-7.161220909589959271e-01	1.817577846509363937e-01	7.383036740056287961e-01	2.961435880224501105e-01	-5.518505009321392762e-01	7.695123978805162857e-01	-5.013326361232750550e-01
1.344679320308133308e+00	-5.941880933484938732e-01	3.607618595923334226e-01	1.258104223504875385e+00	1.921254721509622343e-01	-4.010892375395087583e-01	9.220999789685127013e-01	-4.919123903939682241e-01
5.865328596008956286e-01	1.648444368849977804e-01	6.554588080502324332e-02	1.811046747088654318e-01	2.961526341928617523e-01	-1.555944574509017519e-01	2.429419933763610207e-03	-2.975313528017163867e-01
1.086102367305756378e+00	-6.659546799677935613e-01	1.504654957417825289e-01	8.668816133122522194e-01	3.483507460176890058e-01	-4.674356155238987842e-01	6.698193285048235079e-01	-4.891552633066905686e-01
1.285406348332424953e+00	2.700760374060063862e-01	2.859175672609503560e-01	5.806639992245163917e-01	2.671319779494432112e-01	-3.927597866892634237e-01	3.200919317377610707e-01	-4.689284392552532654e-02
-6.672413737930019684e-01	-4.453107522140073993e-01	-4.589133569927521528e-01	9.453060499896165370e-01	9.665035180628231970e-01	-2.580258264616769881e-01	-7.229254642465388070e-01	1.517422119032331818e+00
1.404819495425589260e+00	-5.338116758481400437e-01	4.271533389201800368e-01	1.339753587357328080e+00	1.388268767756392352e-01	-3.894950737352841919e-01	9.506098043259589847e-01	-4.334430970068408051e-01
-7.317339463584602959e-03	9.480053187028998352e-01	-6.444534821334401142e-01	-1.755709108335414825e-01	-9.600640922428290702e-01	1.851661401292745257e+00	1.097950361296397226e+00	-6.188364177302727587e-01
1.048096214409071081e+00	-4.873566281038765324e-01	3.381767117201654460e-01	1.404827053082599697e+00	1.990150827400911371e-01	-2.885294633366341510e-01	7.859699458724497267e-01	-4.311723650323316948e-01
-4.611522880391286661e-01	5.042129994237726009e+00	2.367341077935763149e-01	-1.891140689899951211e+00	-3.910948224727840428e-01	-1.178913480246879475e+00	-2.478490966664943951e+00	4.502552900188571350e+00
-5.842742309424736602e-01	4.912668318543178536e+00	5.565868348598483895e-01	-1.972816644419504994e+00	-3.542359805078623691e-01	-1.139842576877895031e+00	-2.592223753613681403e+00	3.948520072819923676e+00
-6.033179270208867129e-01	4.605574283213056397e+00	4.085839546448872817e-01	-1.655600279257247731e+00	-2.276816797413159510e-01	-1.081874041613747339e+00	-2.368403402604402075e+00	4.375577537164724085e+00
1.560612684512469484e+00	2.444141368147849103e-01	3.231433533177131001e-01	6.298052852590212414e-01	2.038316171812034894e-01	-4.678432047555049489e-01	4.328125334313160377e-01	-2.353615944492550710e-02
-5.436718444465620248e-01	-5.910171407258839604e-01	4.932300680638433965e-01	7.740439762013043845e-01	1.168490474386871592e+00	-2.763237018275537804e-01	-3.988286565890428736e-01	-3.468997831066861770e-01
9.734257181847035811e-01	-6.230917483727810291e-01	3.050699636798553938e-01	1.333628778313474150e+00	2.346764701311554180e-01	-3.086315332202395068e-01	8.136459520221746011e-01	-4.856833982820345508e-01
-2.014270543757324186e-02	5.273141638882234083e+00	2.434693397525743985e-01	-3.019703891200316459e+00	-6.662980309002061174e-01	-1.877978769770568768e+00	-2.767589070528899686e+00	5.369328394544448990e+00
-6.732643817876350356e-01	5.923872188879226286e+00	5.941775791192949185e-01	-2.339467598127625614e+00	-4.902165530463340470e-01	-1.460645859589695839e+00	-2.742845940521742243e+00	5.820235636195920215e+00
-3.948019505918725081e-01	-4.158772603124352152e-01	-1.362191642243456013e-01	-5.637264471239797903e-01	-6.972729131612117603e-01	1.383413940445363810e+00	1.557541202571786298e+00	1.034459845058029348e+00
8.395359791994113641e-01	-7.339466610083827947e-01	4.208158458700981264e-01	1.844610384743146536e+00	1.628240912892285619e-01	-1.686640978172727900e-01	9.959193805958880263e-01	-4.850491319466859186e-01
1.155587821097566747e+00	-6.669994077907819285e-01	3.418613368650852968e-01	1.431248500943343771e+00	1.158949431515303441e-01	-2.924769478567649239e-01	9.456212873230830374e-01	-5.395468440297209733e-01
1.358267233683013275e+00	-7.748457367680411378e-01	2.234854664678763703e-01	6.706305368087271956e-01	2.750431865874231052e-01	-5.667233384233051341e-01	8.196297606426073967e-01	-5.107466958019859504e-01
1.275969051077377792e+00	-5.152287708905054497e-01	4.000213518604012197e-01	1.449696493262465413e+00	1.347773149146217764e-01	-3.325459533252358435e-01	8.947402264697211782e-01	-4.167412665449628517e-01
1.263636139145081216e+00	-7.883892572222098716e-01	3.899909519134304725e-01	1.315904356994764157e+00	2.462266855851782121e-01	-4.372771081872194876e-01	9.711696980116194533e-01	-4.591961104861225218e-01
1.484808338245181325e+00	2.546106809052274822e-01	2.821963953590279628e-01	5.597286638673470982e-01	2.127287202300740809e-01	-4.457986885813140510e-01	3.869348226353503950e-01	-4.538885511608011653e-02
-8.597283427023842961e-01	2.614995395977722570e+00	7.207875898009055149e-01	-7.023745107417852518e-01	3.652999427037010305e-01	-6.201396180330254193e-01	-1.818490369114962091e+00	2.796933257038936027e+00
-2.849424341133192651e-01	1.226766523750171478e+00	-5.504930002762984387e-01	-1.324421212548760607e-01	-5.015123784371525728e-01	1.729844595371321514e+00	9.998859266929185363e-01	-4.508503269510819589e-01
1.217479537515754107e+00	-6.130513737976507338e-01	4.199418157374459337e-01	1.573215740655306227e+00	9.714806224306407612e-02	-2.831194808611114389e-01	9.983751117725265800e-01	-4.998891049120788299e-01
1.088541111149919027e+00	-3.595497368084301093e-01	3.412385645180817662e-01	1.357059106271216287e+00	3.094740946371087320e-01	-3.597774263782875237e-01	6.586621375360025565e-01	-2.805443303531001686e-01
1.341455321458633332e+00	-7.155631912916222692e-01	3.064777876166393522e-01	1.121258191573062835e+00	1.973154410495847333e-01	-4.490601333472971080e-01	9.350784159568711340e-01	-5.050586983192186796e-01
-1.967754877870555308e-01	-2.811068983947713207e-01	-2.337517221489913422e-01	-6.620653762295594102e-01	-1.175454537379185149e+00	1.732368250689027001e+00	1.685277346565726919e+00	8.025468739121680573e-01
-7.374956875574636417e-01	-7.087690088520331999e-01	-2.525061444077213446e-01	1.139816230463418290e+00	1.142948007793106457e+00	-1.434142054414117295e-01	-6.301077964651092822e-01	1.046589986505084502e+00
-3.413375184428261155e-01	4.736564345898526263e+00	3.026994516814677239e-01	-1.978273136939372678e+00	-4.762126319704435007e-01	-1.061082966813715389e+00	-2.373069405140996402e+00	3.952355965732253562e+00
-5.711189144919924798e-01	5.485803816231687335e+00	3.231837791731414500e-01	-2.024398803898870725e+00	-4.118719622122783974e-01	-1.338391433146313370e+00	-2.610122690633882137e+00	5.238073694906319133e+00
4.403926175729352965e-01	3.872961987043488374e-01	3.792929028337880260e-01	4.772767243563686979e-01	5.528743885921989509e-01	-2.172062304731343652e-01	-1.300604244621849925e-01	-5.689771778984793922e-03
5.762014193249421767e-01	9.474437185475982626e-02	8.338616487962756674e-01	-1.771309523796618657e-01	2.503519045812951926e-01	-2.006583888850685393e-01	-1.258763689150587534e-02	-2.675821665371499458e-01
-7.383222679033502045e-01	-5.708679256539426206e-01	-2.018309586021033719e-01	1.017963111944571786e+00	1.066164307798170396e+00	-1.100641945019290580e-01	-6.685562215341873671e-01	1.026254014441987161e+00
-4.455685504756922710e-01	-4.170066068758000455e-01	-6.506727080767713001e-02	-6.183155915931598523e-01	-8.062572184721956692e-01	1.600637432204774946e+00	1.987233874414855883e+00	1.217043937676176579e+00
-3.427412371726040186e-01	3.678457714357993069e+00	1.606767104343997943e-01	-1.484386996153514326e+00	-2.803936795463866649e-01	-9.600387719880072446e-01	-1.950878932152005252e+00	3.830873385863560632e+00
6.441387812564536297e-01	-4.825365412927672404e-01	4.148000611377711255e-01	1.633860709646322018e+00	3.178375789689575903e-01	-1.985560181764279286e-01	6.981749453913091985e-01	-3.522021755214044814e-01
4.449088603858217250e-01	7.462493814361509381e-01	2.884341690266166158e-01	1.563922503292675348e+00	-1.133675314414465785e+00	1.872826290867748211e+00	1.541323820617414242e+00	1.893124524588102597e-01
1.147597692760278232e+00	-8.999485497009999113e-01	2.774552042587054568e-01	1.338210174021552401e+00	1.855168084204467382e-01	-3.708305260295045036e-01	1.003205318795204803e+00	-5.420189858894628454e-01
1.264252280736099632e+00	2.935461311748929214e-01	2.786595856756206580e-01	6.304823097270990662e-01	2.145240040746724530e-01	-3.558422332061349502e-01	3.299186382880777701e-01	-5.028264187244448763e-02
9.311944958550903706e-02	8.801402222307827539e-02	5.667046718654422666e-01	-2.004662984560732497e-01	2.807883997073554183e-02	7.550791630484170180e-02	-2.281284395679570309e-01	-4.890267040436379609e-01
-3.392247521878844485e-01	6.786836025407558814e+00	4.367362482426954129e-01	-2.955585923347108679e+00	-7.857141487793011247e-01	-1.646074328810005483e+00	-3.068419847869905404e+00	5.527456565768638974e+00
1.290816129002531953e+00	9.821521011945979485e-01	9.597536577608495323e-01	-3.217076037258771448e-01	-9.550869901405174556e-01	1.394673313514420698e+00	2.393664096137804620e+00	-6.723283087248478340e-01
-5.987245575503846728e-01	4.359259572770756819e+00	4.052423822308024448e-01	-1.513128917322083433e+00	-1.970093983169197427e-01	-9.482195515523941243e-01	-2.270595616213692214e+00	3.978589243075591586e+00
-5.187197312258248205e-01	5.098015534438696150e+00	3.592711734401528023e-01	-1.866638721230587716e+00	-3.573566069117464772e-01	-1.244592819317130283e+00	-2.501739954326438475e+00	4.804665617232020125e+00
-2.906759845908241657e-01	-3.248237790788013890e-01	-1.428944918320395607e-01	-6.036792342797656641e-01	-8.722426219536130176e-01	1.476298121169294042e+00	1.491621418813302125e+00	7.629556944057307444e-01
-4.469237078311464884e-01	5.545364468581395201e+00	3.671920750599610983e-01	-2.198489070844385385e+00	-5.010205925441753028e-01	-1.297646092224486347e+00	-2.659152800784766679e+00	4.793643541124120944e+00
-3.211895874286412877e-01	1.211256560481622779e+00	-5.026299156829097114e-01	-3.700348964561347986e-02	-4.878418085570449536e-01	1.870269282398203226e+00	1.177314307872053156e+00	-5.408929653823180139e-01
-7.819406206128314274e-01	3.236861492760553904e+00	1.642945267289732947e-01	-9.296074801379461405e-01	2.245876768363321563e-01	-9.398623707169496688e-01	-2.052933829571243596e+00	3.868179049847038531e+00
1.376820127803642269e+00	2.280258321189236326e-01	2.594738197756343290e-01	4.272430056699378920e-01	2.416204451077176019e-01	-4.379539249784094035e-01	3.237146674594181261e-01	-6.224833715493917341e-02
1.400552348935284686e+00	-4.988063921710336746e-01	4.186305664888801958e-01	1.397033503661142539e+00	1.150791193333554896e-01	-3.664582172254959858e-01	9.413105744997131152e-01	-4.155676132098961584e-01
-1.620206488422010482e-01	1.769500160871891881e-01	-2.150207369566592974e-01	-6.137974282412976823e-01	-9.986249364438717357e-01	1.791089693370857994e+00	1.687772732630908656e+00	3.154476596655130805e-01
-8.368154316474371024e-01	5.028916962019514436e+00	7.771271624967354130e-01	-1.822609553856138431e+00	-1.587513994857049637e-01	-1.206968212943036578e+00	-2.559006588648414127e+00	4.959097741649719282e+00
1.308150890264261568e+00	-3.334880481626378290e-01	4.559497504232805642e-01	1.590334571042835154e+00	9.749795446367892637e-02	-2.932216780747480822e-01	8.828728500437350579e-01	-3.218202265472500101e-01
7.253458328344206674e-01	-5.085839851394059474e-01	4.606787662887713575e-01	1.766776396046224384e+00	1.469626833573292879e-01	-1.089409756755333469e-01	8.616380783417117994e-01	-4.644638829622705356e-01
-4.104053782690371133e-01	1.276727443669832374e+00	-4.399005742819608877e-01	1.419599284614075918e-01	-3.665436919891082446e-01	2.057309700714082368e+00	1.493678436146417932e+00	-6.452536258109403677e-01
4.236524941118250398e-01	-2.677134434508591024e-02	5.555719421106465328e-01	-8.357353438897071607e-01	-7.983794709985712057e-01	3.932900720578983988e-01	-1.600714352743147217e-01	-5.193436605138387341e-01
1.199384867912003161e+00	-5.005913333318274816e-01	2.864781418735505292e-01	1.249860133658983852e+00	2.258516296605400375e-01	-3.860097152502230955e-01	7.689615577434534277e-01	-3.865826129834642466e-01
-1.213478631626402071e-01	1.460689413469718145e+00	-4.471494375653466413e-01	-3.275393620338202250e-01	-3.694199810281225682e-01	1.421201618607552231e+00	7.197551509187188890e-01	-6.906139747471858881e-01
1.237358201070019259e+00	-7.467955593335148246e-01	1.484791581787054671e-01	5.523836915302183792e-01	3.989818103972260221e-01	-5.971038815933458199e-01	6.867330124944357461e-01	-4.941331241736331981e-01
-2.733631549841800124e-01	1.172169436592839897e+00	-5.281013124526151570e-01	-5.476902816352403197e-02	-5.805731859567443420e-01	1.946261666874846918e+00	1.300362512983181063e+00	-5.985138384402284295e-01
1.115360602902117471e+00	-4.670599983105209185e-01	4.666711390045674701e-01	1.596856240914728886e+00	1.387378319180702924e-01	-2.806982056445054274e-01	8.958353991558896112e-01	-3.329023789951970347e-01
1.220962140601894896e+00	-7.360926284294356803e-01	3.313884186903307549e-01	1.302990189378011809e+00	1.859050366344295602e-01	-3.776166415836957335e-01	9.545120424267903303e-01	-5.117461005950114661e-01
-4.765683756391773662e-01	-3.663893890132226550e-01	1.421541236314158296e-02	-5.261715727786224761e-01	-7.591406095542093668e-01	1.620401425593150257e+00	2.007056879976998331e+00	1.177991994124251596e+00
-4.587185083013189391e-01	4.295997160529551273e+00	2.900747269234442149e-01	-1.595237604453710434e+00	-2.799956160137105354e-01	-1.002250247435329200e+00	-2.216689002222466787e+00	4.005184463221448610e+00
-5.149662737568588833e-01	6.017950346187151744e+00	3.842713900909915381e-01	-2.252526202002663513e+00	-5.049439673175567522e-01	-1.406063159441010013e+00	-2.806450731803767695e+00	5.220620331233456035e+00
-3.273711648381406047e-01	9.574514850290440915e-01	-5.126060181092954027e-01	7.449129641499516175e-02	-6.177068736220990841e-01	1.970415112570522709e+00	1.312914094129209008e+00	-3.536633354451719224e-01
-1.951608370916738944e-01	7.270028132810779642e-01	-4.359580236456603308e-01	-8.192353818043743297e-02	-6.262463941558948921e-01	1.666780635079792239e+00	1.055785273654270773e+00	-2.464499931832698776e-01
-3.258586379067452965e-01	2.748821225017764602e-01	3.771214840941101709e-01	2.599053037960057932e-01	8.089325102779980625e-01	-1.546962835036997386e-01	-6.380993321479734304e-01	9.504478783455877489e-02
-9.550838218798818335e-01	3.636870833317801477e+00	7.053025466962484780e-01	-9.591246136267244093e-01	2.243879021496223147e-01	-7.781377577816170898e-01	-2.068732584983755896e+00	3.870230522731116896e+00
-7.458849710743137296e-01	2.082666318565604247e+00	4.572143653416070874e-01	-6.804903042956288450e-01	2.664374342240084514e-01	-5.835240995328258018e-01	-1.704376121998067317e+00	2.078993407011772376e+00
-6.665265195117533459e-01	2.614083037232575735e-01	-5.558024767862160820e-01	3.664575076309243284e-01	7.015079579982467228e-01	-5.135399677813263786e-01	-1.023871166960190537e+00	2.469023889369537983e+00
8.107350040740998187e-01	-1.026201437070532352e+00	8.881586359787364549e-01	9.412185515963870097e-01	1.216283669245335375e+00	-8.775753716660915638e-01	4.153896642860280264e-01	2.328530553322744057e-02
1.295114280233420789e+00	2.595702623007827836e-01	2.439711588852168378e-01	3.966127670946155703e-01	2.823686374577890623e-01	-4.229547871336454823e-01	2.869403279499088133e-01	-6.742628263986523429e-02
1.498644310856528938e-01	4.546926983338995254e-01	9.675081273546352056e-01	-1.543194728116369596e+00	-4.590610057349324702e-01	4.982818397268858890e-01	4.770265674272893275e-01	-8.162282936354142704e-01
8.692227601776777446e-01	-6.409349917050553014e-01	2.134469156978358595e-01	1.110845638049794193e+00	3.234354258333248522e-01	-3.482641211744668119e-01	6.798685892215230453e-01	-4.865104016540522380e-01
-3.558596191167699985e-01	-5.479520981572977290e-01	-2.388934269315825393e-02	-8.702548563943194315e-01	-9.330294374842013072e-01	1.513352735447149877e+00	1.906749632884557011e+00	1.205105259745306245e+00
-7.905146791415688934e-02	-1.427986891306062545e-01	5.755435975547852356e-01	-5.816081238385059082e-01	-2.014993956546805298e-01	1.819245239358275867e-01	-3.468532270264620965e-01	-4.061051023254689807e-01
1.243254732272734975e+00	-1.102728270667819865e+00	1.019591894716163211e-01	8.724389794470036597e-01	4.372303888345873135e-01	-5.867141195962300992e-01	9.063180382526541123e-01	-5.947753735837896238e-01
1.108154331896474165e+00	-6.675633376310904366e-01	2.833686793639205170e-01	1.196117940538401925e+00	2.259062451362773560e-01	-3.730528839593986179e-01	8.403961843407636856e-01	-5.007532963889994582e-01
1.203368274200097288e+00	-1.387346998692506328e-01	3.341767721121576828e-01	7.321954501688083816e-01	7.658160605609609650e-01	-6.452357301261699707e-01	-4.088919036265711154e-02	1.012366836931350100e+00
1.239169710044315087e+00	-7.383559781651322096e-01	3.714134148178835915e-01	1.177367988010262323e+00	2.181329280845931418e-01	-3.990504809776493356e-01	9.348253752972514041e-01	-5.275207189353496862e-01
-2.857995669654385673e-01	-4.376263175200152955e-01	-1.539712780766595290e-01	-7.055595218038728245e-01	-1.058085602841077666e+00	1.640842800066157903e+00	1.778539146543809846e+00	1.042255504526918841e+00
1.136150669920562573e+00	-7.104165720707308340e-01	2.237127568843340908e-01	9.750549869497678879e-01	2.786183925491809710e-01	-4.449965737483736472e-01	7.850472329922569825e-01	-5.049268543145943866e-01
-3.744806668016311679e-01	-4.040777767615383875e-01	-1.288905967195040358e-01	-6.326198355081351643e-01	-8.863387078826960863e-01	1.579294043969926786e+00	1.862353318614387021e+00	1.119962333024663081e+00
1.442734915159330278e+00	-5.882541949251218760e-01	2.312895269959260314e-01	9.760614297378614745e-01	2.429516650516816700e-01	-5.191655572312655620e-01	7.907449523658935941e-01	-4.033186494684991019e-01
1.438257385317566195e-01	-6.128370925725984408e-02	4.462635600238517020e-01	-4.671784080999473177e-01	1.030806702775654671e+00	-5.145858145543120710e-01	-5.286739531609607745e-01	-6.335440167690771507e-02
-2.427234690396542494e-01	5.352807597990232757e+00	1.608552675809230004e-01	-2.265736379291083846e+00	-6.139172675695007131e-01	-1.324124343898523737e+00	-2.526860972315220444e+00	4.680653164772138553e+00
-3.604471365684795980e-01	-2.883446798679520917e-01	-1.616088905293406874e-01	-3.510785182494771117e-01	-8.866851981827306162e-01	1.694564219958551110e+00	1.805872260271115470e+00	9.798977854040200608e-01
-6.913501297762923992e-01	-1.070023398239434265e+00	3.742783125248850817e-01	9.319860672239869137e-01	1.051753336830338004e+00	-2.641307056358441208e-01	-2.099857426975176855e-01	-3.807280082330358195e-01
2.918495996788019742e-01	3.472563294834341563e-01	9.455561598289051739e-01	3.428438462067462944e-01	2.590001016621616969e-01	-1.042786292564378270e-01	-7.048716932945980895e-02	1.244332020512607384e-01
1.447179722403311386e+00	-6.438002766168637869e-01	2.170776526406685003e-01	8.076568245349743380e-01	3.003553580360690534e-01	-5.663860103432770687e-01	7.795054874905157360e-01	-4.532845556701911027e-01
1.431399682039415255e+00	-6.522339220464548060e-01	1.453818381715487051e-01	6.566204397716370877e-01	3.336437885995234831e-01	-6.005057631089260051e-01	7.112487526460349319e-01	-4.549399038822572461e-01
1.252240768561444728e+00	2.434499099846699210e-01	3.392169525937181462e-01	5.443371203157250093e-01	3.613250180661686795e-01	-4.320706506193988106e-01	2.942962101100491945e-01	-1.840125618112669822e-02
3.859575894664180606e-01	-1.644429922002071665e-01	7.054807600578166804e-01	-1.029447346506706218e+00	-7.840054927965844911e-01	3.462572618560452731e-01	-9.172997729561192803e-02	-6.213149314925933142e-01
-9.275254682680816876e-01	-3.429321083833307415e-02	5.126255396698580213e-01	4.616498853861769058e-01	8.623672555893084901e-01	-2.517073172419454635e-02	-8.733666939255209094e-01	5.748797899003886824e-01
-1.368674249636389617e-01	-6.692449941043893125e-01	-1.441929339807249411e-01	-1.188024708527953832e+00	-1.212285928376091615e+00	1.350317882820352589e+00	1.608390769050053404e+00	1.142177671826836161e+00
-1.869184049816597637e-01	1.021451368134679738e+00	-4.860329037928098339e-01	-3.217197446304194408e-02	-5.665183426952877799e-01	1.667323005983095907e+00	9.746756888209422431e-01	-2.582671603513782554e-01
-8.645589120788318427e-01	3.664658827755050474e+00	6.620778367310731216e-01	-1.015908997525738711e+00	1.183117418321424641e-01	-7.145488886725532840e-01	-2.039022471743358711e+00	3.622825397339852316e+00
1.615098596486225890e+00	-9.449013869461188042e-01	2.266367450507199566e-01	6.774552847768403607e-01	2.668083616685599235e-01	-6.480006330837783102e-01	9.548791544164081380e-01	-5.526201295174136829e-01
1.096926969662923579e+00	2.633267573805877504e-01	5.179391802423932711e-01	5.373922120835694649e-01	-2.863940692455751447e-01	-2.292403199230634223e-02	3.215547111320613549e-01	-2.316055486161447408e-01
2.677514251823369384e-02	1.339773586156077556e+00	-6.518273138113865883e-01	-2.969173308066914707e-01	-9.352312427159553687e-01	1.965834463915695274e+00	1.343451620136475455e+00	-8.967239143138336921e-01
-2.816831984226451646e-01	-4.558364412896083184e-01	-1.547126732014716122e-01	-8.063037528218819361e-01	-9.305189536818504470e-01	1.414544912649067232e+00	1.534584970642831614e+00	1.040459998205465419e+00
-5.224301366266406177e-01	4.872926947840292122e+00	1.153846235131724268e-01	-1.819823282433127964e+00	-3.544626911654919499e-01	-1.266638187685473094e+00	-2.437328588857827327e+00	4.949315310711720706e+00
1.171702564929080426e+00	-6.203667719441310346e-01	2.572214077760831552e-01	1.119492813310354773e+00	2.466019516931730882e-01	-4.079937895522943725e-01	7.879190588265508888e-01	-4.713989992415011376e-01
-5.492287520518749355e-01	4.875231074960105104e+00	3.360080868673744892e-01	-1.776007159617668973e+00	-3.005623148736706329e-01	-1.186076962440353100e+00	-2.449998304212772648e+00	4.629757303723841311e+00
-5.701516688233779773e-01	4.876371062968524406e+00	5.426622916267429542e-01	-1.778009776338305814e+00	-3.076751142504348113e-01	-1.120406731792222166e+00	-2.438399156234483112e+00	4.500558880790421767e+00
1.407814231707032127e+00	-6.692069784039934577e-01	2.953422787856552212e-01	1.024034929977784003e+00	2.162866655617040890e-01	-4.902714577352247916e-01	8.941031255487671414e-01	-4.740377142879887984e-01
-3.813974182099974519e-01	-3.233677062472797847e-01	-1.408069932850492534e-01	-4.282597783351623222e-01	-8.305709579684520394e-01	1.598881038263440635e+00	1.704520144879912547e+00	1.021825384287455174e+00
1.142685922011692057e+00	-7.980361431316563836e-01	3.280622021327069815e-01	1.403770393731427646e+00	1.875231367805163252e-01	-3.419399240784908311e-01	9.853291578506997439e-01	-5.282352666792328177e-01
1.280775834225559295e+00	4.675170624945418352e-01	4.953272795581061816e-01	1.255543711932164186e+00	8.769675032023693806e-02	-2.420494483859550461e-01	4.788630704915715075e-01	1.562497052785257190e-01
8.758142229410399437e-01	-7.818761862296577103e-01	3.060201571530027365e-01	1.547213671042793059e+00	1.855370391245571848e-01	-2.408683515929865293e-01	9.161042849819744927e-01	-5.235641338889587271e-01
-3.912850373972528994e-01	-3.518004483045227837e-01	3.434931291371423612e-01	6.805724560832042691e-01	7.553508807701282413e-01	-1.159620429836595579e-01	-3.623737044106948302e-01	-3.818486034966422360e-01
5.946145422641084810e-01	-6.655144548495564027e-01	1.015876893072597653e+00	1.744856899360251123e+00	8.963982303003892316e-01	-4.844424781998809548e-01	6.363050270048162815e-01	-3.389920652391843064e-02
-7.630920931758451431e-01	3.569763637030688663e+00	1.957324894234509227e-02	-1.087837920975470496e+00	7.047596572605099863e-02	-1.049965875658166903e+00	-2.136983705567216063e+00	4.372146470252761041e+00
-3.050968354382820880e-01	1.457114894263338734e+00	-4.355797532359134694e-01	-1.329665633959772053e-01	-2.309275685829835778e-01	1.703798144268370951e+00	1.146782005009712613e+00	-6.379800107054740543e-01
8.194483066262708837e-01	-3.467281761895395498e-01	7.365730318070914384e-01	1.704232432389837015e+00	6.641162375567468690e-01	-3.937532848448903611e-01	5.551948278045752971e-01	-2.728320037673062637e-02
-2.926146623931886737e-01	-5.289552108528305929e-01	-1.431411455150834178e-01	-8.330538890791662210e-01	-8.968463253407200630e-01	1.361993103367317604e+00	1.602057793583240075e+00	1.069677952969742663e+00
-1.694214199926860065e-01	-6.960736068137245436e-01	2.031492302046464249e-02	-1.245716615631937030e+00	-1.242311035470263558e+00	1.479465739413588166e+00	2.021522873341760285e+00	1.266020056522925596e+00
1.535607017690007847e+00	4.322722635404075975e-01	4.881936311080651292e-01	1.238751129314013877e+00	5.221517030573491480e-02	-3.245315537938074923e-01	5.637210694158154567e-01	1.250556749447812033e-01
-4.502312257808744334e-01	5.251023117938354856e-01	9.898172900041318778e-01	1.423757895839398380e+00	8.692716092933956418e-01	1.047931755839439788e-01	-3.440740294868454008e-01	3.460539120532664659e-01
1.206577560353904177e+00	-3.687428561789888315e-01	3.445566310346468430e-01	1.123734141225460448e+00	2.932171218477747088e-01	-4.309095151164511472e-01	6.668459967116502352e-01	-2.824254223474341186e-01
1.095891378587608100e+00	-8.718328066918614727e-01	2.261167355431141224e-01	1.244247634092866317e+00	2.012111429169363419e-01	-3.702559012651769899e-01	9.209843297735116341e-01	-5.545902192321953139e-01
1.202083365203534537e+00	-4.094558473870897330e-01	3.068366038822385455e-01	1.248126863668219233e+00	2.641514973572879343e-01	-3.897673405951674330e-01	7.059948123309863766e-01	-3.368285925743810250e-01
1.596301023183685608e+00	-6.105564768869587988e-01	1.828811189847888152e-01	5.743832432119558851e-01	3.244438333727740487e-01	-6.580947465914989136e-01	7.292629010033795378e-01	-4.095928824853617978e-01
-7.601589077749330015e-01	5.588377076243215669e+00	6.680663905917287870e-01	-2.050690227834325530e+00	-2.902255406311572417e-01	-1.336005731193349977e+00	-2.734286179109817194e+00	5.256510005278074438e+00
-4.967183769821381101e-01	5.102237391245719955e+00	4.694479264505874161e-01	-2.022065117850029292e+00	-4.108523087942993479e-01	-1.154912817324098118e+00	-2.573047389072072644e+00	4.129108535306930783e+00
-3.597111362245746652e-02	-6.283978926378300800e-01	-1.762606444174929232e-01	-1.155346827615558514e+00	-1.320691255780378937e+00	1.353114903186277918e+00	1.442002690702808065e+00	9.470390497429301835e-01
1.180236928864428547e+00	-3.802727592016209579e-01	5.137479811800212959e-01	1.272158454202963807e+00	5.135296688693870015e-01	-4.913898471993926598e-01	6.328596192442652590e-01	-1.713075800485068800e-01
-5.660540457235632150e-01	3.243153088161077946e+00	5.381382592085375699e-02	-1.001124198646783370e+00	3.199086534181022623e-03	-8.496683000303268951e-01	-1.931858919684300790e+00	3.548395471162771653e+00
1.150157500897480700e+00	-5.797812193339074716e-01	3.478913547682734864e-01	1.409615812857481831e+00	1.639928963840887877e-01	-3.258454311601904907e-01	8.821791234281840532e-01	-4.415871875953987225e-01
6.203462087127930014e-01	-7.662738809820975883e-01	9.674215223732577362e-01	9.522180622820860529e-01	1.400881700590026924e+00	-8.517210801991271785e-01	1.949845329652088732e-01	1.433589120622945634e-01
-7.157740872436253454e-01	-7.407380850043859821e-01	6.161533146099543723e-01	8.519119609715040120e-01	1.245076302889887021e+00	-2.826520680740531866e-01	-4.236259124010436361e-01	-2.038573621509483513e-01
1.639180786738526407e+00	2.611815018442584235e-01	3.383835165055227856e-01	2.763727043326251187e-01	2.268263746837911043e-01	-5.506057111502709045e-01	3.979092384117732806e-01	-2.511692050455917660e-02
6.508221340710800273e-01	4.521026869339526966e-02	8.271846220321573684e-01	-2.772843983339644547e-01	3.718926113325878857e-01	-3.048442282827867889e-01	-4.728061886621507531e-02	-2.370392642783623882e-01
9.601274851547360045e-01	-6.275649114692389841e-01	2.047066641500129847e-01	1.116437956286445043e+00	2.682091046019356995e-01	-3.476258947895561335e-01	7.049421016113461835e-01	-5.130970541388157891e-01
-3.160652377965471604e-01	1.523077136861737513e+00	-3.734022204864789196e-01	-1.247170764482821020e-01	-2.059921204836220598e-01	1.678524881361857402e+00	1.112309452951512512e+00	-7.038737694032818348e-01
-4.151670546540796036e-01	4.622419958667769890e+00	3.611210597992952076e-01	-1.811946139681530177e+00	-3.756180725447734736e-01	-1.105599938984929809e+00	-2.327220293417929575e+00	4.263978915352950594e+00
8.646828012113654260e-01	-9.662474540898082775e-01	2.923789918832985224e-01	1.473367008595111827e+00	3.134598338721874544e-01	-3.133686816078087856e-01	9.543956048206131415e-01	-5.389368446611867425e-01
-4.046548668154583694e-01	-2.097851417588889045e-01	-2.348721012104984796e-01	-2.873355042826184480e-01	-7.372400397447776976e-01	1.591849583202302743e+00	1.619089733308390011e+00	9.208734010289485461e-01
-3.576958340721523855e-01	5.051922532289756518e+00	2.757351350202280615e-01	-1.731158017488647394e+00	-4.514767397874067112e-01	-1.116897532525695569e+00	-2.373310562844180183e+00	4.435411692822126994e+00
1.149037509589984296e+00	-5.218095054215636797e-01	3.571980037826251175e-01	1.416724197918607597e+00	1.856064111524952376e-01	-3.272120573792682841e-01	8.400068829496198930e-01	-4.106336940785137446e-01
1.219735252733720854e+00	-6.817994833417431177e-01	3.445519929819317317e-01	1.283225902301993848e+00	1.747310403199667517e-01	-3.775118180789100442e-01	9.391792757460110108e-01	-4.883750215691259333e-01
1.127079645428084032e+00	-7.350652505960482141e-01	3.746454832001381297e-01	1.431102755983773012e+00	1.556657587700551459e-01	-3.274263590786708478e-01	9.823417117262929210e-01	-4.858610271339400266e-01
1.282546124455159031e+00	-3.510667634570933671e-01	5.006906151988613773e-01	1.678077037085587975e+00	1.382356091862313174e-01	-2.944029062345104863e-01	8.396950511631273706e-01	-2.789794461383237612e-01
-6.858461432335608565e-01	-7.385946083204684154e-01	6.718936842015236222e-01	9.202641999634523229e-01	1.262513555253230724e+00	-2.874923964435508461e-01	-3.473290909286658179e-01	-2.510674729897510171e-01
1.224398989627263346e+00	4.345243634611083428e-01	3.710234298641083006e-01	9.527477408249233060e-01	1.873365273649204854e-01	-2.769570238640117199e-01	3.619623192881808449e-01	-1.458663432740638045e-03
-6.419297055082171521e-01	4.456711027599576269e+00	2.225777506362085212e-01	-1.543786107388588347e+00	-1.602759174131226927e-01	-1.152558057505703282e+00	-2.360743517507483347e+00	4.561704575839728548e+00
1.294939467565706437e+00	-6.772579155037790066e-01	2.343129478394729570e-01	9.864943718503128567e-01	2.569576273190168347e-01	-4.761714588548854321e-01	8.248290915248446264e-01	-4.950886282810241790e-01
9.654071256627614339e-01	-5.424647901037790154e-01	3.391901628256447365e-01	1.357477398406646607e+00	2.332632718262926674e-01	-3.016654056635502124e-01	7.931479834445380739e-01	-4.190539590089398803e-01
-1.002441223009404414e+00	1.181766805754469740e-01	7.029327073831367345e-01	6.222834674431724222e-01	1.059745267796177615e+00	-1.612862939683311070e-01	-9.569521735364843185e-01	1.083521103268870522e+00
-2.609582466441877080e-01	-4.917450791390800546e-01	-1.548556681349969599e-01	-7.931825732550118468e-01	-1.050707764089042318e+00	1.547028349315078488e+00	1.751931387184086475e+00	1.041941114418223790e+00
-1.831005731012932403e-01	-5.382618738423849969e-01	-1.837581379574083351e-01	-9.469604318808781951e-01	-1.078348168201427093e+00	1.386768442955186087e+00	1.491928913037409155e+00	1.001465091876383884e+00
2.886595192672727905e-01	-6.852906273319090413e-01	8.497470239179378826e-01	1.458603535871924706e+00	1.092236442301075083e+00	-5.188499486943380923e-01	2.735009911161282448e-01	-4.294662132352201900e-02
9.664006528507868010e-01	-4.696314061557419484e-01	8.773076470974802143e-01	1.132969639168105669e+00	3.399872809026870391e-01	-3.212717160654070536e-01	6.896031250592014050e-01	-3.672454926726957392e-01
-4.000523873689081911e-01	-1.099179958725705841e+00	2.202956081523417264e-01	6.964008685778173557e-01	8.678289121209572521e-01	-3.203799484725884938e-01	-4.340387581642528303e-02	-5.207724635693918858e-01
-3.646746459493912518e-01	-3.301125528422290123e-01	-2.037238182383046825e-01	-5.310365750770785764e-01	-7.966206739146691751e-01	1.502307771183970520e+00	1.578752414787024660e+00	9.744339854492967135e-01
1.148050293599541360e+00	-5.408892637259472558e-01	4.447168200842263053e-01	1.600118668788391485e+00	1.278824757908172682e-01	-2.695391477821315052e-01	9.494678358045103295e-01	-4.423497509484074497e-01
1.636697183302860736e+00	-7.368640263626431430e-01	2.045354400577106269e-01	4.911588678480087733e-01	2.932801796811405071e-01	-6.822541032630818902e-01	8.190090037016902746e-01	-4.664976528608007489e-01
-4.747757923457473495e-01	1.018643243791345743e+00	-3.769009300679392882e-01	2.511898249343327283e-01	-4.083785439693920494e-01	1.993006400110488574e+00	1.411422548897011797e+00	-2.516706771371461926e-01
1.101366910090717743e+00	3.088543225511894974e-01	2.596062295007840470e-01	6.199745655995706484e-01	2.586599703735428246e-01	-3.013997795919801104e-01	2.582525674815141503e-01	-8.437090155706505890e-02
1.047272940527811169e+00	-5.509690360353145522e-01	3.698267924897397085e-01	1.290236188318789612e+00	1.821190290764289899e-01	-3.126489955712556390e-01	8.262796379454231399e-01	-4.508148396384563661e-01
-4.239666688641210435e-01	5.234534570682388477e+00	1.422958901768664464e-01	-2.003283849753093371e+00	-4.727652945225284120e-01	-1.296901191090944483e+00	-2.500594646978865132e+00	4.950081189731478482e+00
9.679218190792839849e-01	9.433464681358660897e-01	2.769412993100764941e-01	2.369901731355161800e-01	-7.629758577920531248e-02	-9.909364775453812779e-01	-5.584513077079413801e-01	1.611234988365753074e+00
9.158591136806663036e-01	-8.840740024709722311e-01	2.218825247857866279e-01	1.307047502720290577e+00	2.434356329806489361e-01	-3.175392064181054574e-01	8.643493541105219391e-01	-5.666882128620485126e-01
1.444564116911344565e+00	-7.790248161790458425e-01	2.953025444057891247e-01	8.779642519200273609e-01	2.977611112154991968e-01	-5.567286471422613348e-01	9.039924060795161420e-01	-5.018152584046035036e-01
3.339989975338021333e-01	-8.596906067847306376e-01	6.508027924050361346e-01	1.056191411340404063e+00	8.336584661294251797e-01	-4.782990735804087956e-01	3.899050301335049706e-01	-2.780969772786024419e-01
-5.524909756980591613e-01	4.134604951710562304e+00	2.446169512780912714e-01	-1.431676577605695888e+00	-1.685703070664114900e-01	-1.025451604941157058e+00	-2.211227260717229637e+00	4.135292369730675155e+00
8.226780020481936351e-01	1.200372180029924685e-01	1.172972030198856652e+00	1.031790714025226485e+00	1.243418342831519752e+00	-7.075341091965771101e-01	-6.324701041535311929e-02	8.103620869571817042e-01
1.245898928914506598e+00	-8.021727356832657474e-01	9.725371596122772688e-02	5.597009500578913332e-01	3.402661287489716635e-01	-5.754395351116678992e-01	7.031348132874452039e-01	-5.433576532065422793e-01
1.317951319445897163e+00	-4.311173162916309143e-01	2.660423335786328281e-01	1.065315098832996910e+00	2.564529494060963088e-01	-4.501422523953906296e-01	7.175358410133900744e-01	-3.747661186992874427e-01
-3.635550100929942768e-02	6.809777890843771164e-01	5.028837324002953801e-01	-1.201210568246794619e+00	-5.828534177180049181e-01	1.175416108154379025e+00	1.074663144473435805e+00	-5.858729386820760165e-01
1.468481293776265240e+00	-4.688425915702813529e-01	6.336609191696811472e-01	1.913788226565129147e+00	-4.412350106929147781e-02	-2.314818600911710822e-01	1.205505519732820607e+00	-4.055405896389904230e-01
1.165478129328063384e+00	4.044102334162947288e-01	5.698891304840378869e-01	1.173596031026062025e+00	3.498985733449335722e-01	-3.365404219412646558e-01	3.721020831785515348e-01	2.183053258149826870e-01
1.135052936084318898e+00	3.183616622647521543e-01	3.487161607526592100e-01	7.750695015490555173e-01	2.799736816157017971e-01	-3.231516067477830378e-01	3.195655996225890139e-01	1.469317248074175630e-02
1.072763942593927045e+00	-5.531330452511409312e-01	3.870711608943021576e-01	1.543116952259695474e+00	1.539695671572599289e-01	-2.555655689948038156e-01	8.873247303817302090e-01	-4.606118445939024753e-01
4.522411126506260121e-02	1.522496069038569599e+00	-6.260542928775743032e-01	-2.810071395391255944e-01	-7.174961315031345155e-01	1.745127126241293292e+00	1.007822614718931531e+00	-1.008734962697889426e+00
1.137565125648703379e+00	-4.541754767041443763e-01	5.005963707457492529e-01	1.835316584789590699e+00	5.678034418098756864e-02	-1.876179757946535021e-01	9.927831882571610533e-01	-4.151980114029162339e-01
1.877177659143725030e-01	3.749931059628504926e+00	3.669041785962704472e-01	-2.852696572452617652e+00	-2.437173790327543665e-01	-1.854337128253786604e+00	-2.423219279301218165e+00	4.557551976223080281e+00
7.265326727903139714e-01	-2.360121676555644032e-01	-8.970123865207277336e-02	-2.388340850122024628e-01	6.305895634236767799e-01	-4.657039377460692742e-01	-5.585771802961965807e-03	-6.212900420749358776e-01
1.252758555716905642e+00	-3.323361704383537285e-01	4.367524613445605830e-01	1.481546800982201706e+00	1.483604274071703977e-01	-3.201432329099159757e-01	8.308146501381801219e-01	-2.905466485589407455e-01
1.430496458039052454e+00	-5.704583127086506611e-01	4.979490975977518552e-01	1.599077649444267113e+00	3.580473899251931935e-02	-3.049298600121822522e-01	1.086688919796007458e+00	-4.848922085730552611e-01
-9.280988166676327200e-01	4.294157413954541980e+00	6.101768630104159596e-01	-1.250143397487972763e+00	9.782883723558413736e-02	-1.055196540773188918e+00	-2.342466927087115458e+00	4.576237418477044017e+00
-8.247657407288599973e-01	-8.419181850438702819e-01	3.128136993082535899e-01	1.066176522691899553e+00	1.057389892956936306e+00	-1.423446248811649772e-01	-4.400594549059133054e-01	-3.091448234153594266e-01
1.998603047236115371e+00	-6.825831047326968992e-01	4.537232518030801520e-01	1.035140726650357834e+00	5.562669095597777558e-02	-5.984441558010198392e-01	1.171346499894679871e+00	-4.676835056009771008e-01
1.383930972310216223e+00	-6.961586452747734466e-01	2.010126376561862105e-01	8.065162197022827106e-01	2.568229189242258181e-01	-5.308981096863990556e-01	8.000024004300705371e-01	-5.058220085592063375e-01
-5.389781063557288476e-01	5.680263487223845331e+00	5.394510675521371201e-01	-2.310713556431549964e+00	-4.800903489842992533e-01	-1.305560583492205939e+00	-2.772568715281632734e+00	4.813351836961152763e+00
-4.154861852994428117e-01	-3.392762861332168645e-01	-1.530400588480047008e-01	-4.646334410657841918e-01	-7.911903128469328639e-01	1.587532746380192039e+00	1.771976856974520897e+00	1.066508244132123640e+00
1.062865144261431416e+00	-7.466860386835222352e-01	3.523260947787527630e-01	1.492566870484604902e+00	1.359480368853575871e-01	-2.884713397073566110e-01	9.821413913894690983e-01	-5.044701101576021252e-01
1.697986371497159253e+00	-6.774882937768998969e-01	2.689045190621757175e-01	8.032598330048040802e-01	2.293967718566725933e-01	-6.185091786623625465e-01	9.041663383553697475e-01	-4.479823438157753412e-01
9.376594142534837584e-01	-6.520437908677728656e-01	8.037472922896820027e-01	1.170967427302689767e+00	6.312425233660774460e-01	-5.082546225313360200e-01	5.900762587863486175e-01	-1.983328144943897475e-01
1.438121544316205425e+00	-5.929097824388439575e-01	2.528233444386792650e-01	9.513889615331446725e-01	2.366386546579411776e-01	-5.092799207400207084e-01	8.091219331907023582e-01	-4.465142880889885757e-01
9.744205691610979825e-02	9.353164810796240625e-01	-6.322106373627439657e-01	-2.995507389203406756e-01	-1.019166399119306288e+00	1.787261070689107001e+00	1.096092691551035170e+00	-5.511808476129302914e-01
-4.878179502336070228e-01	9.914862978257851234e-01	-4.543074253312622268e-01	2.353503635407761529e-01	-3.713683605557329681e-01	1.928866892708525071e+00	1.268322416261921548e+00	-1.977134367744489418e-01
-3.946718924762264713e-01	5.366558131590283054e+00	-6.493969395959625635e-02	-2.226743285570206510e+00	-6.128120867625137524e-01	-1.428271758057478191e+00	-2.494819164432199976e+00	5.508077149595685285e+00
1.194826018974527670e+00	-4.456739311037193896e-01	5.028184125345361855e-01	1.593989937483899944e+00	2.212156672552730574e-01	-3.269435480720585541e-01	8.568201221375547627e-01	-3.136324881326473801e-01
9.998233180433443446e-01	-8.248488274799223863e-01	3.415020432498570013e-01	1.522512287530667141e+00	1.998703872246592461e-01	-2.916712817963250659e-01	9.727418708531226921e-01	-5.187828344874926279e-01
-8.488244312385467838e-02	9.739761261462521746e-01	-5.989473485876326553e-01	-1.263947013129634311e-01	-7.321021647611879457e-01	1.726554198938573759e+00	9.821920837730491183e-01	-4.762034346252734252e-01
-2.174835694197358449e-01	6.171640267758917275e+00	1.416381553512294500e-01	-2.697147606718915291e+00	-7.829646211691722035e-01	-1.398588230324612658e+00	-2.830895404423809492e+00	4.662128544870287605e+00
1.623501172783248458e+00	-2.646429431828613982e-02	5.183364260142532265e-01	-3.703448720370720038e-01	-4.431810043278246458e-01	-2.664854753901325091e-01	2.666438975064047145e-01	-3.319476772835430189e-01
9.055438680720223621e-01	-3.641030024469855131e-01	1.028001404054937007e+00	9.929039164532057482e-01	6.706802883881431976e-01	-5.013803814261146297e-01	4.519964393009253678e-01	-3.089159547424589342e-02
-4.492973107878157069e-01	-1.710882974232046383e-01	-1.724479233758177965e-01	-1.674324135301395178e-01	-7.268276195329247402e-01	1.737649576686541630e+00	1.885572098260580143e+00	9.947803818850298185e-01
-6.106840080356748524e-02	6.408136812659304127e-01	-6.210184222864394421e-01	-1.920320835317090857e-02	-1.154088314349615452e+00	2.070828569118683404e+00	1.372830681405460052e+00	-4.239033629746423171e-01
-1.010989398790626659e+00	-3.565162032908956169e-01	1.694171338365573765e-01	9.592879371519941190e-01	1.216063473917362803e+00	-1.129257941747356664e-01	-8.239696183345226466e-01	1.278682247554325579e+00
1.592273599097523862e+00	-6.917770775484288759e-01	3.678975912292651307e-01	1.012251421985396860e+00	1.009728792360289340e-01	-4.833218228501992009e-01	9.788621480238279826e-01	-5.256548757799732741e-01
-6.215421987354711186e-01	4.374066287992332214e+00	1.612105593059272035e-01	-1.507591562333801649e+00	-1.646176210934825745e-01	-1.137557188740349279e+00	-2.323818199990385303e+00	4.520404386480706194e+00
1.469236205248478866e+00	3.835803794600769479e-01	3.728993079097072672e-01	9.129672346258580484e-01	1.041079115032258195e-01	-3.452366252352107034e-01	4.536062734110883898e-01	1.228177441801087122e-02
1.843261201266519267e+00	1.014473284048133389e-01	2.588710148497307961e-01	2.271265759233465076e-01	2.659911199846247687e-01	-6.543651610329711543e-01	4.391639957677077599e-01	-3.161404341291321890e-02
9.948869892861758046e-01	-7.177816227717253028e-01	1.376190622122362150e-01	8.359354157967007204e-01	3.736628649540287839e-01	-4.526006860998776360e-01	6.599261309572777012e-01	-5.303415330254039883e-01
5.969545441996213508e-01	-5.838719083961498857e-01	7.886919991860211754e-01	1.569184740733211125e+00	9.174611779619969987e-01	-4.920359073144268125e-01	4.809629859204842539e-01	-8.403514156988481365e-02
-2.655230190730698547e-01	1.236831847469606505e+00	-4.821257302542939494e-01	-1.054224974655719599e-01	-4.320218888929591716e-01	1.720676101503969990e+00	1.056654356128555516e+00	-5.014279626862694350e-01
-6.764341541184867301e-01	5.373425188417235709e+00	6.012060631364766206e-01	-1.995957479968375248e+00	-3.187463986436429586e-01	-1.266814851810565967e+00	-2.642952078130415661e+00	4.991445622965408724e+00
1.414792450832318638e+00	-5.184955481656275955e-01	4.281628551455124443e-01	1.503688039236787954e+00	1.694935561613589159e-02	-3.097297930814175704e-01	9.981971654459453891e-01	-4.623607193059994236e-01
-9.035847555957228217e-01	3.320478064517542460e+00	3.101311107192937788e-01	-8.701782380995271016e-01	3.133724634908819917e-01	-9.161355546970562092e-01	-2.089104534696084592e+00	3.948023580881981687e+00
1.703753657315214110e+00	2.366634846848624241e-01	3.213644920494149182e-01	5.703589204810012303e-01	1.941536515091844828e-01	-5.320874975160729825e-01	4.524924899668594791e-01	3.531210614761282063e-02
1.085021292832526685e+00	-7.142430392642592496e-01	4.789086721028775750e-01	9.508453218295230824e-01	5.562472606087104365e-01	-5.563989351697127272e-01	6.935847479045206265e-01	-3.639544709978342341e-01
1.029449039502600582e+00	-3.850937570988994807e-01	3.777926941540148409e-01	1.553453414360943530e+00	1.743967087668354121e-01	-2.627693909816913864e-01	7.740572070103572955e-01	-3.090642922512019108e-01
1.374319225156685587e+00	2.306489453798040157e-01	5.275533788722202022e-01	7.843538711797938268e-01	4.543496452380285655e-01	-5.066245367823805079e-01	3.634007624476256471e-01	1.421039711326659294e-01
1.395344877691346852e+00	-4.931657755849707114e-01	3.573008086348211654e-01	1.133809736402624946e+00	2.792300090612921393e-01	-4.887701106985923305e-01	7.862890630136968317e-01	-3.386824602445702714e-01
-9.105718217848627338e-01	-2.109777096957712594e-01	-2.581963596051162213e-01	8.469260623668155574e-01	1.124526148092644950e+00	-3.814317234121589184e-01	-9.368986200450737378e-01	2.026235338680717923e+00
1.880447226569430086e+00	-3.768272151959226046e-01	4.480439622709078140e-01	1.183690242005597693e+00	4.916112620175619452e-02	-5.149622924403109980e-01	9.685780238053659508e-01	-2.960812521264198915e-01
-2.723264760783086769e-01	-4.493060764697269782e-01	-1.537942608616799656e-01	-7.624087768387911579e-01	-9.532796078921238481e-01	1.464372983670896744e+00	1.609528074597654790e+00	1.003888090638992203e+00
1.140465662204959152e+00	-5.812402311373771058e-01	3.184701748298239821e-01	1.322250882693302820e+00	2.222102024842762813e-01	-3.545221180730881438e-01	8.356727629012071779e-01	-4.504516787034141823e-01
-6.861339034390712133e-01	5.547272727821382254e+00	6.636923068471144438e-01	-2.110016510794975098e+00	-3.489923709994001144e-01	-1.256559694793434101e+00	-2.732664812283017941e+00	4.886676277738236429e+00
-5.145305118066187955e-01	3.526621586651751183e+00	2.437875155555052908e-01	-1.157153499379522721e+00	-1.087539784767963952e-01	-7.729637246294458475e-01	-1.939898402065788119e+00	3.413511601913353566e+00
-8.092772806034767008e-01	-2.333205130025775564e-01	-3.692679082134320279e-01	8.640644371446256633e-01	1.025851748415465892e+00	-3.377457321563012149e-01	-8.754058835022248131e-01	1.898134324613870216e+00
3.643300839781122291e-01	-2.760057454391401377e-01	8.881874713964882373e-02	-3.967658346107282852e-01	2.542778065141458876e-01	-2.298315750178808736e-01	-1.704535130681597843e-01	-6.323782475442373263e-01
1.264878726746422766e+00	-3.956244489193148084e-01	6.315671618566541801e-01	1.204711882050528704e+00	5.287884735220801380e-01	-5.500935463169143169e-01	5.299087678954828018e-01	-6.387628537784954819e-02
6.266249140922762750e-01	-4.515425108115018737e-01	2.140739002761843368e-01	-7.976373528673598168e-01	5.907569867808266650e-01	-5.165942699294810980e-01	-1.874934186211424936e-01	-5.414566082148101200e-01
1.394227302711791738e+00	-5.994298435741381992e-01	4.928819802604695877e-01	1.614191172888995052e+00	3.981192597742413963e-02	-3.140223160167478489e-01	1.106365182390511404e+00	-4.589181874744994727e-01
-4.563380822350494581e-01	-4.994654637117567630e-01	-3.626824781581343693e-01	7.347510419556511074e-01	7.096455418396282466e-01	1.466422824507919442e-02	-5.815534777785121845e-01	4.668929323853146518e-01
9.035307959918374987e-01	-9.314684832084972888e-01	2.180175914468201470e-01	1.411315496463835473e+00	2.209355992819382608e-01	-2.980800645326455167e-01	9.242267260540034668e-01	-5.688706119877335876e-01
1.428478039750074702e+00	-6.024593752464005858e-01	2.940599881705169283e-01	1.103141448714597406e+00	2.008003944066232560e-01	-4.718442058615178736e-01	8.699941456413851082e-01	-4.414393908108444342e-01
-2.791315514925934993e-01	-5.247167181930186830e-01	2.817716042381049890e-01	4.937149102706843706e-01	8.462884679853024394e-01	-2.602936372852256430e-01	-2.892459088102738440e-01	-4.490475632270842787e-01
3.318837577081094059e-01	-1.513451109633591196e-01	3.087945129690944368e-01	-7.760387609509101781e-01	-6.465586833357269692e-01	3.207870633758467260e-01	-2.140825014701287499e-01	-5.776665188150310604e-01
1.227537896285860963e+00	-7.170980784512019923e-01	2.427807320273736302e-01	8.993671325487401225e-01	3.334938054325163881e-01	-5.055482623931371045e-01	7.804708935152127047e-01	-4.917320436444108656e-01
1.893726072171941777e+00	-4.435142929428212977e-01	3.921808819098985266e-01	9.373585829293636928e-01	9.076813441244990788e-02	-5.905933957320306238e-01	9.304817794075916915e-01	-3.087654526273863054e-01
-4.322659770051560102e-01	-4.730736817369138869e-01	-3.524453899478169339e-02	-7.368544798694848241e-01	-6.396842014024953782e-01	1.326598668146749427e+00	1.851777560949279255e+00	1.250866077129386467e+00
9.837893387576294169e-01	-4.723601022685282591e-01	3.634857174803635127e-01	1.595682835717727066e+00	7.534841093741662110e-02	-1.828365237222248085e-01	8.342052872247696094e-01	-4.570761697179254734e-01
-3.129752412163077091e-01	-4.733668783894782184e-01	-1.400817048922813057e-01	-7.658954872078380660e-01	-9.660644618373720460e-01	1.539419115863635668e+00	1.763783616304248625e+00	1.101358524123624560e+00
1.339146589404176746e+00	3.064989825434252246e-01	4.344758142328277728e-01	6.299212543141780030e-01	3.565520485280209151e-01	-4.398166206458012373e-01	3.350174915155714750e-01	5.303681366075840842e-03
1.764611577034412626e+00	-5.794802393577178634e-01	3.213239463729817280e-01	8.550797017217693918e-01	2.007260721939535808e-01	-6.135614786886181005e-01	8.998256500231064381e-01	-3.865435507198382026e-01
1.563628101094037604e+00	-4.163164335089875601e-01	4.645210377179209704e-01	1.507221303169824278e+00	5.920085092261012649e-02	-3.759731928991570937e-01	9.900200968300021387e-01	-3.500617236077574468e-01
-4.841093426677957612e-01	1.591347380719602356e+00	-2.759741658376370643e-01	1.133423720698031878e-02	3.425775327439911644e-02	1.723445365212378455e+00	1.275322838026071270e+00	-5.783575576160818743e-01
1.664263078544686802e+00	-6.264937615349415179e-01	2.001580584056577572e-01	6.179927630280762640e-01	2.818139946353134251e-01	-6.387677717613278183e-01	8.036709624643781913e-01	-4.876349279797713154e-01
1.441610425316162569e+00	-6.167418352547193727e-01	2.578878614645468970e-01	9.624281120675869383e-01	2.348784030870718909e-01	-5.130106659354232157e-01	8.316823125086707513e-01	-4.464983632898610888e-01
1.384470321961296158e+00	-6.251210193933269821e-01	5.777473670043257181e-01	1.681407102641268914e+00	8.925318285697436682e-02	-3.264837795891026850e-01	1.129059778028425498e+00	-4.293827250060542333e-01
2.289175173107652617e-01	5.864273455281088232e-01	-7.437221616497775578e-01	-1.841271759694930177e-01	-1.466301661442622528e+00	2.059952458111785401e+00	1.320538873444988770e+00	-6.444975267275018238e-01
-5.661554369574591794e-01	3.758398513509792149e+00	3.966592907952057878e-01	-1.214549446398461852e+00	-1.253243028619740185e-01	-7.930300781277317412e-01	-2.012976492524316097e+00	3.579561842748839151e+00
-5.408199375236432127e-01	4.747006899051144480e+00	4.414188903040250356e-01	-1.651403462823123558e+00	-2.898583166450510729e-01	-1.087880401415844300e+00	-2.363422132146647314e+00	4.431581583258252799e+00
6.086531711224762997e-01	3.481091828293101376e-01	7.689543651737424934e-01	6.943276958426708445e-01	4.311629166318478035e-01	-2.032713050061747129e-01	1.030264635372253601e-01	-1.303636378426951438e-02
1.137592362836665316e+00	-5.213351496349083458e-01	5.729928919462839998e-01	2.024452922443497727e+00	-2.763545001348923641e-02	-1.315483148375647671e-01	1.136296384686392713e+00	-4.342316134638070091e-01
-6.974517395286312649e-01	4.132737245704785956e+00	-9.659225088482022159e-02	-1.385829102365677468e+00	-1.453715541636609043e-01	-1.188239819569633759e+00	-2.238274049450782233e+00	4.944936075481649596e+00
1.027704627144726990e+00	-5.177097227512176270e-01	4.655484862190705231e-01	1.717759640209727490e+00	1.218961328856699444e-01	-2.041536982589879923e-01	9.531980994250914829e-01	-4.390875091580346834e-01
1.013922141448340364e+00	-7.884011768503093043e-01	3.368564656924710743e-01	1.385164351015897743e+00	2.339429961177249273e-01	-3.346067841076391658e-01	9.263020777432537933e-01	-5.029722121354300857e-01
4.035695780726635262e-01	-5.450046088820300616e-01	3.294430613485754833e-01	1.436912978609953928e+00	3.564410107672925099e-01	-1.609944009916890739e-01	6.158582850505196493e-01	-4.420003926554803009e-01
-4.766736335450329487e-01	4.401535359978658413e+00	8.856080841048274976e-03	-1.463908790109894609e+00	-2.819425060273358929e-01	-1.122798167541333880e+00	-2.237581171615278919e+00	4.555210381793330932e+00
1.133370910274118293e+00	6.858351916017207950e-02	8.598449184507743759e-01	5.216128835321622859e-01	9.942457616282520672e-01	-7.443135700129862586e-01	8.184887201267643242e-03	5.553259190659470823e-01
1.529548815692154839e+00	-6.181496348468829005e-01	9.940980602095762786e-02	2.637839988510841116e-01	4.273620856042533722e-01	-7.100618448016705608e-01	6.065238059512020330e-01	-4.734910454339766872e-01
1.476897884420485862e+00	-5.653252432543722783e-01	6.652430327709281110e-01	3.696027916645858169e-02	6.057145849911422797e-01	-7.936102245795955135e-01	4.790703072085725767e-01	-2.203086542266073367e-01
-2.700050987077649012e-01	1.547756491695178926e+00	-5.178944051728899822e-01	-8.836007182370185509e-02	-3.376276037985639356e-01	1.801729115697965122e+00	1.131782511788409273e+00	-7.715699566480236360e-01
1.160794473132413573e+00	2.572808671677889181e-01	2.563571490993528101e-01	5.125192074937751086e-01	2.898676572228282566e-01	-3.617773804410486238e-01	2.785312198627053482e-01	-7.751323973371378184e-02
-7.253253471315265211e-01	3.945828210332137598e+00	4.329200500837996346e-01	-1.124715385177421423e+00	-3.812735680518843789e-02	-7.887339403794445536e-01	-2.103887950611826430e+00	3.753776206842387442e+00
-1.101308222814858240e-01	2.829606262606471634e-01	9.850042576707629394e-02	2.437554756778167464e-01	5.110372928501273337e-01	-9.859304487723832833e-02	-4.686010479663540451e-01	-1.511570170808275437e-01
4.961261816186337548e-01	-9.043144574128035851e-01	7.134470512364663453e-01	1.066807556640841259e+00	1.078038725935619446e+00	-6.483834022478340842e-01	3.544851284396469682e-01	-1.582040854527653473e-01
-3.242272063430798879e-01	-7.384985660311124134e-01	2.815547641055275718e-02	-1.168149949022269762e+00	-8.004155515700103196e-01	1.120535645981225459e+00	1.659134732631136977e+00	1.322288145066679244e+00
1.496692847646304614e+00	-5.901210552059391601e-01	3.931212199727563972e-01	1.328281817502845463e+00	1.173517477125089192e-01	-4.134874692026203613e-01	9.994257637390943083e-01	-4.687276408046592846e-01
-8.362113738989812584e-01	-5.025252371179840249e-01	-2.898794874393639809e-01	1.033799291336694903e+00	1.164008461443422293e+00	-2.785867781920757791e-01	-7.759832973325756500e-01	1.599989446668279358e+00
1.207793505922742705e+00	-4.851183983857795812e-01	3.639475871794310979e-01	1.466795507341585925e+00	1.645991514793527510e-01	-3.226756740727924622e-01	8.566361605326155981e-01	-3.935414292236337208e-01
1.491372320428455023e+00	-6.577285470609358642e-01	2.428225119653219799e-01	7.741713462794759248e-01	2.841484952210693304e-01	-5.743957160286494723e-01	8.056397840064021265e-01	-4.724720517419742638e-01
1.399932978405184825e+00	-6.000981715024660268e-01	3.885784599322649191e-01	1.131798463543232991e+00	1.392745201822267742e-01	-4.219314823571585493e-01	9.204567151338356457e-01	-4.766884894688136476e-01
-8.707478571910501897e-01	-8.668479317369848225e-01	4.216232713173945212e-01	1.121214732159030003e+00	1.122962633511308983e+00	-1.562096241597770996e-01	-4.328112621620127110e-01	-2.252031703668689322e-01
1.176470660950278191e+00	-6.082081079340958540e-01	3.048891898797347899e-01	1.007822015257727077e+00	2.984863021908404912e-01	-4.335984359351349737e-01	7.653333616174079479e-01	-4.822966506351450411e-01
-1.297447338233307101e-01	2.064529874182956526e-01	9.538792591517054886e-02	2.302773822286745542e-01	3.804237352502043423e-01	-2.379452831720430678e-02	-4.521507005943629087e-01	-1.763354965816581188e-01
-8.605759918436026723e-01	5.035905763175097860e+00	8.301037240065857192e-01	-1.902102657023293064e+00	-1.324967897172239228e-01	-1.167333905898958246e+00	-2.713058926158686823e+00	4.529131225093227187e+00
-4.163631328638233708e-01	-3.789796593235320032e-01	-1.098158952560942675e-01	-5.367304242767151345e-01	-8.377954354257574066e-01	1.633033362851072035e+00	1.876046048553324574e+00	1.116414977091693350e+00
-1.249772631737184198e-01	-5.572732246846301418e-01	-2.180172128580182833e-01	-9.556385783370913156e-01	-1.216601260776013493e+00	1.445404301951981552e+00	1.499850208633250581e+00	9.670881631365915165e-01
-5.728791175834268001e-01	3.883234996656299121e+00	-8.646210541440418201e-03	-1.274662489143985056e+00	-1.088855576081566995e-01	-1.036809347544637827e+00	-2.157644757496625321e+00	4.155177136012501826e+00
1.181705195607667180e+00	-2.811963831074860143e-01	3.061394743028917897e-01	1.195475783658458191e+00	1.972570449023026973e-01	-3.491571824803847424e-01	6.524914563861550221e-01	-3.056038843166849484e-01
-7.920105886283445029e-01	4.441880704545833503e+00	1.067374605578144398e-01	-1.487436002455433615e+00	-1.087846021983107647e-01	-1.241041829933070550e+00	-2.388612063094790017e+00	5.082434356846748713e+00
-6.726980517625305023e-01	-9.868407840621105098e-01	5.701712907328094770e-01	6.559240391974134887e-01	1.054657011683387102e+00	-2.719721383821450122e-01	-3.086395637017855798e-01	-3.605377064668622844e-01
-6.371388033733814682e-01	5.019314682450609411e+00	3.268224976136903659e-01	-1.700537794154807658e+00	-2.631248157689799472e-01	-1.125368873534649206e+00	-2.488342243599428016e+00	4.584983885299232398e+00
1.599570699472401047e+00	-8.425003770949436310e-01	2.215003192605449756e-01	6.320763587932841654e-01	2.703003946398265800e-01	-6.460527974035470411e-01	9.076390982399282770e-01	-5.153202785154604726e-01
-5.760559556952663529e-01	3.176599014050497161e+00	5.306124942597133520e-01	-1.113622483934028073e+00	-5.612693848159625715e-02	-6.520733138725122169e-01	-1.842468890514206148e+00	2.972521331632005381e+00
-3.095014967762256264e-01	-6.655129982964085311e-01	-3.218641040188473940e-02	-1.100880241750485267e+00	-8.993894993427804518e-01	1.265170148189293853e+00	1.739240051300920298e+00	1.290111579141328901e+00
7.810082860487237155e-02	-5.645176029876275425e-02	1.141754162768074066e+00	-7.834836334276845671e-01	-3.034695280430854680e-01	1.599687780731492426e-01	-1.155194939038906993e-01	-4.762304392871252179e-01
-6.894831740398370545e-01	6.061324106403756851e+00	6.124058794246579618e-01	-2.251850166602209047e+00	-4.103034229474034622e-01	-1.452260935818468823e+00	-2.843341562880516538e+00	5.557565930565647072e+00
7.904633467311744655e-01	-4.819972075054035354e-01	3.051446856738317948e-01	4.370340024466166096e-01	3.943209852440926477e-01	-3.701682402515040771e-01	2.887943316497002533e-01	-4.305173146249992588e-01
-7.241287197063369652e-01	-8.130575505401315128e-01	2.925121470283091885e-01	8.652007177259691817e-01	8.546727646127428857e-01	-1.509540984897680682e-01	-3.825694664835158632e-01	-2.784209669058160252e-01
1.582294699496686441e+00	2.794988011413678808e-01	3.513263884971299378e-01	7.414093105239191184e-01	1.437314766052758264e-01	-4.394810921258817671e-01	4.473315942189117767e-01	2.293638254673985299e-02
1.381514738997928093e+00	-5.840909411832190257e-01	5.380342581500697774e-01	1.793728610989338002e+00	-2.705893767628241020e-02	-2.485813555831859478e-01	1.162333455107428692e+00	-4.588538857523502545e-01
-2.947598111652857122e-01	-5.370471476690635848e-01	-5.055105748457269788e-02	-8.837590663830288129e-01	-1.053050304636999002e+00	1.577850882637212404e+00	1.942393967441849778e+00	1.133310502177277357e+00
8.210797091509658419e-02	6.508541408324592936e-01	1.372085969091699331e+00	-1.777305590968785598e+00	-5.341295352785238038e-01	8.872773001051553754e-01	1.425071266768351830e+00	-8.066350833125763842e-01
-3.044662678602864658e-01	1.504764992980288651e+00	-3.718482133126851386e-01	-8.214691572159808775e-02	-2.308432848298715978e-01	1.593019813606372459e+00	9.693901863737586222e-01	-4.593935807384501580e-01
1.810849160649351308e+00	1.350827877479703620e-01	3.038473145457116775e-01	2.364053752676191777e-01	2.255321298836812371e-01	-6.293012929082432150e-01	4.438094354103865324e-01	-1.833574286621963284e-02
1.917643769586995783e-01	1.471604893052598506e-01	6.980231002107978311e-01	-1.116438149198166752e-01	-1.632001910253859031e-02	7.975234965815856947e-02	-8.122332147338988395e-02	-5.180430299956901852e-01
-6.717616443408926941e-01	2.874908661837554114e+00	-3.604982159076551562e-02	-7.003025451692664882e-01	2.159142713505843025e-01	-7.883898100267927589e-01	-1.850361251133745499e+00	3.408400547562261185e+00
1.149349521391394013e+00	-6.070480632283694611e-01	3.355041984434619096e-01	1.056751712735619186e+00	4.561087800031347061e-01	-5.094115228713039789e-01	6.885967600420334067e-01	-3.598468234112116582e-01
-3.502428236871900080e-01	1.353881152404975419e+00	-4.979044117698611660e-01	4.155091915611416886e-02	-4.152569878350416133e-01	1.948234353921424855e+00	1.229643055485918346e+00	-6.972580619540644786e-01
1.478948160578995141e+00	-5.615829985721034756e-01	4.847474421401120059e-01	1.457424503190629661e+00	8.303886342723881819e-02	-3.783664646500503603e-01	1.026029286379093186e+00	-4.198988102447894222e-01
1.352479958231978197e+00	-7.242785609763876531e-01	2.282769585665895273e-01	8.896667461723027914e-01	2.757045500665392668e-01	-5.127850937758456906e-01	8.464142389335456151e-01	-5.347927586955425472e-01
1.529654189303004452e+00	4.315039865686453036e-01	1.197639785107093902e+00	-2.984774547052336802e-01	-3.641292970867863188e-01	-4.679419471500262384e-02	9.289607938870499959e-01	-2.562066386570593934e-01
-3.866365688622102614e-01	-5.969308366349544981e-01	-4.786602361422896690e-02	-8.247108436047019264e-01	-8.268246514976728134e-01	1.395488561457505883e+00	1.802232507499876402e+00	1.193154700043064009e+00
-4.381893263208546663e-01	1.670385420358539319e+00	-3.957124139566867704e-01	-6.346151805880889674e-02	-1.702457543867112455e-01	1.854205067049714772e+00	1.290753857016202266e+00	-7.445308124937515259e-01
-6.614749372928151461e-01	3.610871784339933388e+00	2.541568251324456962e-01	-8.719676176845967408e-01	-7.266110095428453264e-02	-6.304427207027949454e-01	-1.896419516446730125e+00	3.576780325042863140e+00
-1.858591645291065297e-01	-4.239100313071222925e-01	-1.584773598002473805e-01	-6.358085893519170861e-01	-1.199820933849727433e+00	1.709507398445156534e+00	1.817643265090396421e+00	9.723641024634164243e-01
3.848395092647050597e-01	-7.407343864259348098e-01	1.065458164070196112e+00	1.665014088888220556e+00	9.768588192111180568e-01	-4.747848208507037815e-01	5.467980561094729630e-01	-5.894780209252985931e-02
-2.097571186072393068e-01	-3.352541177394277594e-01	-2.556325483361694406e-01	-5.917743957673735622e-01	-1.155604842816474687e+00	1.694139563113564950e+00	1.592452434689773488e+00	8.702091258832207465e-01
1.175089142297212286e+00	-5.179596325852999783e-01	4.914833086000125473e-01	1.714546849071702628e+00	5.246138989599424818e-02	-2.301588417256656693e-01	1.026125456071336650e+00	-4.388429990970857397e-01
-2.387222714667492363e-01	4.143715299928523166e+00	-7.619460660947999231e-02	-1.675609604986175727e+00	-3.921733464693324400e-01	-1.142767247790815510e+00	-2.158121008437979604e+00	4.117060915968744794e+00
-3.479790805084995164e-01	1.514325188754172435e+00	-4.457989691857448533e-01	-5.455919728143091008e-02	-2.964597332530137241e-01	1.758574037624573094e+00	1.066213588329373074e+00	-6.205711442966729274e-01
1.396760659447641828e+00	7.452314503908035181e-01	1.301086793670696462e+00	-5.501243814107710239e-01	-9.867876461190792092e-01	1.266567253502005386e+00	2.806996608823100203e+00	-4.159894461615367134e-01
1.315035978052400134e+00	-8.297133759193386915e-01	2.317804191299228933e-01	9.993279805693512374e-01	2.356012980915373756e-01	-4.896600422397460184e-01	9.030659242715390889e-01	-5.291794073507526397e-01
-2.549163311503745977e-01	3.446236379529910576e-01	9.495107629009750250e-01	-1.322763968953575731e+00	-7.146552087196017533e-01	1.688875832034679059e+00	2.583712963100775362e+00	-1.241604912090535882e-02
-5.020645052941645758e-01	-8.789787589877953167e-01	4.078576779891920356e-01	8.724990256162489244e-01	9.915726329206024925e-01	-2.568875641917038322e-01	-1.645867296012161196e-01	-4.697764535280277154e-01
9.227654415008278155e-02	-1.280510674245256553e+00	8.193054904004433425e-02	-3.190410075504832715e-02	1.098622340269581166e+00	-7.063736766102431952e-01	9.409539493575039271e-02	-4.945383267780023018e-01
1.328860510554525254e+00	-7.110671832983511687e-01	3.489354285855357229e-01	1.208904081039380518e+00	1.727567363331569961e-01	-4.268203553106804105e-01	9.633902028100810311e-01	-4.861370049137479499e-01
-5.226786459242772631e-01	5.981954312030093313e+00	3.143992513951711643e-01	-2.270646255015799309e+00	-5.511287288340536161e-01	-1.405900277244007679e+00	-2.736622260422723496e+00	5.446728997679337603e+00
9.427672207409296679e-01	4.684049062874764413e-01	4.274994037947090764e-01	1.407525140771647365e+00	1.061137776713863279e-01	-9.327706929667181623e-02	3.868867514058721979e-01	5.630683621397325478e-02
-1.237549535007689133e-01	1.076292062734844457e+00	-5.942798710654789707e-01	-1.501137978767904668e-01	-6.835606984126278984e-01	1.739033789445167066e+00	1.004726563376018511e+00	-4.995666940642282672e-01
1.570645497444171701e+00	3.229043780609818226e-01	3.221417677636527754e-01	7.265028141997493805e-01	1.843420804906400756e-01	-4.422890934893646819e-01	4.259179969241838060e-01	-3.986491815836335981e-03
1.184541938278815820e+00	-4.943226040035213487e-01	2.946446519367090788e-01	1.223431548374391831e+00	2.685257526714110998e-01	-3.846014084689307055e-01	7.571712480762402553e-01	-4.263607029153787531e-01
1.252679725476074868e+00	-5.752211148099313220e-01	3.538908198824957108e-01	1.387784260301439865e+00	1.535076840022512601e-01	-3.529542375633032414e-01	9.078933922544957236e-01	-4.425740018331296155e-01
8.156469295522599250e-01	6.257928743628045076e-01	6.706838409238562448e-01	1.692863283500553262e+00	2.299024370625350200e-01	-8.989079351213480340e-02	3.883873501912797899e-01	2.846502251369207315e-01
-7.344819688813875036e-01	-8.371385048288660924e-01	6.417183544720941324e-01	8.568744093387089533e-01	1.199646675057310929e+00	-2.791109108561591889e-01	-3.510823431847475140e-01	-2.537407240570397349e-01
1.621964854948744206e+00	4.020156829895157324e-01	4.384732252598957380e-01	1.037717376769145439e+00	9.787167440855587541e-02	-3.850601435272315576e-01	5.328791434412312178e-01	6.881671440218217750e-02
1.172976736756321081e+00	-4.239922108293704417e-01	2.842758680720790521e-01	1.073439073053548576e+00	3.840529213715971890e-01	-4.495654982433719971e-01	6.227561084846958694e-01	-3.229254250976187346e-01
1.462454455156817712e+00	-8.498092830306268608e-01	9.595771835373086978e-01	1.037788606609236997e+00	1.184844273822177385e+00	-1.047407370527448034e+00	5.890161925615946537e-01	3.164402050310266001e-01
-5.484915876400198176e-01	6.289411722452664222e+00	6.065290677460508650e-01	-2.634441134111139338e+00	-5.734080026371982663e-01	-1.445395267614947299e+00	-2.992722036191999280e+00	5.139145689962542285e+00
1.339025345521942967e+00	-6.171908596844651873e-01	1.965662117452644519e-01	8.314039070786389818e-01	3.716697428802823167e-01	-5.640851252353223932e-01	6.882363314736013038e-01	-4.047305267795746064e-01
1.334736682454780166e+00	-5.892355881980250176e-01	3.137389288120449038e-01	1.123714269504138219e+00	2.072978737675230942e-01	-4.442094945678444207e-01	8.500885969357896421e-01	-4.361763844637016607e-01
-2.195720428545026581e-01	3.229950188373103548e-01	-1.686767092073567786e-01	-3.884068251951807715e-01	-8.243516086305825441e-01	1.706247686171619371e+00	1.371603895397745410e+00	6.622425830288025672e-02
1.126826547540155543e+00	3.341173683310516007e-01	6.658379167591658154e-01	8.310891240114887113e-01	6.031205779683991297e-01	-4.993788394550245924e-01	2.401411302130450620e-01	3.707413719698608445e-01
-5.838539834746528934e-01	-5.642945940137638061e-01	-5.027417416003981954e-01	9.341765717243976086e-01	9.177144952329465699e-01	-2.370851470558017204e-01	-6.412373527680863550e-01	1.374350755497156795e+00
-4.070212183029282005e-01	-2.582183559586525567e-01	-1.790398108869472316e-01	-4.762820640613453227e-01	-6.829102501946430204e-01	1.475215702317574484e+00	1.610667703593843703e+00	9.129703291150311761e-01
1.311793320025459453e+00	-6.465704912491466727e-01	1.946005365301699819e-01	1.042029843973673930e+00	1.539366937185588646e-01	-4.370364199410373685e-01	7.680679629406407249e-01	-4.456413766948633670e-01
1.338644233842073428e+00	-5.940650976969853447e-01	3.643138272033490388e-01	1.313694514971291305e+00	1.729995595766608829e-01	-3.888400879868567084e-01	9.325718161262347428e-01	-4.783442093308459264e-01
-9.023444485088030209e-01	-3.867154639407338057e-01	3.048118936312917832e-02	9.100119653050201540e-01	1.127071251153267895e+00	-9.020316650676180048e-02	-7.854505045082493808e-01	1.099024069262357184e+00
1.151563748459621728e+00	-4.997208851561814047e-01	2.076364299917165535e-01	9.688727546238921073e-01	2.883056170354597603e-01	-4.307443930854696901e-01	6.460716174419085522e-01	-4.009319779915142545e-01
-3.940471490401642463e-02	6.433974596330078732e-01	1.945476403675269195e-01	-1.023195282567340492e+00	-8.750241462217653865e-01	1.711439661129103396e+00	1.834747171971065516e+00	-3.726658549427465661e-01
1.609098734876158288e+00	-6.564482830544370318e-01	3.282397564922970856e-01	9.723201095499262037e-01	1.761765133845827058e-01	-5.421139307165162569e-01	9.550819076190767420e-01	-4.628344897395149649e-01
-6.867176917562796135e-01	6.326646098653615269e+00	6.218616423570429985e-01	-2.435611451702117236e+00	-4.817241443467799589e-01	-1.530649231976113578e+00	-2.917789013469453074e+00	5.813639165681059318e+00
-5.614640049448439418e-01	3.522265315001870789e+00	3.175991087283477343e-01	-1.254593030408955201e+00	-8.467759066443752980e-02	-9.129917260450233218e-01	-2.003868124414366125e+00	3.807544255418777279e+00
2.168857620199089453e+00	-1.200236207706547459e-01	1.004903379840071054e+00	-5.111102808071518178e-01	-1.350608046383744210e+00	9.431519683206117388e-02	8.335032891664433397e-01	-5.751018431652685781e-01
-6.758617715667495363e-01	-5.988575940350938653e-01	-4.219415794360387717e-01	1.028896815093268913e+00	1.024020685585556478e+00	-2.267191053996855110e-01	-6.534166098181474203e-01	1.397959122930368503e+00
-2.829122891605723167e-01	4.412906124698116272e+00	-1.303788395925365232e-02	-1.609638091441302210e+00	-4.111015418526394738e-01	-1.025257976679172067e+00	-2.150743998524869305e+00	4.003215659381001323e+00
5.240390378696329066e-01	7.512306744707075712e-01	1.616199543782492087e+00	-1.148553288447746956e+00	-7.601291266701094562e-01	1.151685791798416680e+00	2.047257554343255403e+00	-7.182875828504731164e-01
1.258316835187637039e+00	-3.123008598978637695e-01	3.788014370166505884e-01	1.495602494315701581e+00	1.402272278254244886e-01	-3.114773640240171559e-01	7.884051584674347524e-01	-3.015199877189885247e-01
8.628015290980579621e-01	-8.056386524416095929e-01	9.633618008116238141e-01	9.476705228793501634e-01	1.311770328658104834e+00	-9.073204605786161503e-01	3.015376083834726550e-01	2.007082159084676576e-01
1.521007082239676178e+00	5.331532607163410459e-02	8.324275154851289438e-01	-3.969128501121336194e-01	-5.709521202010185981e-01	-1.593533468861928204e-01	3.492968489390708142e-01	-3.065971297888818725e-01
-3.689888993173329190e-01	4.340895207348288487e+00	6.123928880042185385e-01	-1.731826330972820349e+00	-3.080564200367474359e-01	-1.120492100386127454e+00	-2.264026007187200484e+00	4.156841243572461764e+00
1.611210266206722252e+00	-7.380864176836779977e-01	2.943978361525766974e-01	8.219175272868938231e-01	2.710665594470633710e-01	-6.105020741890722080e-01	9.123713443370560228e-01	-4.742161179163539297e-01
4.187449154444657928e-01	2.233289731875804374e-01	8.809668044839512602e-01	6.550465033842975959e-01	9.712817321834630313e-01	-4.152153602854703474e-01	-1.551116322290093386e-01	2.404591244230586677e-01
1.198504432323982405e+00	-7.098025267739772604e-01	3.282404729612173333e-01	1.260690404506018769e+00	2.210479953498828698e-01	-3.738546674792658786e-01	9.171587310938307258e-01	-5.438178096645129855e-01
1.097917485721399800e+00	-5.008978609363458068e-01	7.176053365827418373e-01	2.167417928164499852e+00	8.154752529485606583e-02	-1.483273813305536482e-01	1.130901629872847369e+00	-3.750020399204446742e-01
1.592114373015940387e+00	2.294164367431648643e-01	2.815730035487284955e-01	4.332299462094560960e-01	2.357724450407686911e-01	-5.056674913830008222e-01	3.872208393069531684e-01	-3.481914369580689506e-02
1.790550331083567315e+00	1.380210778283829653e-01	2.457241847643127641e-01	7.313154063842144947e-02	2.711496567906022115e-01	-6.584747591516467713e-01	3.945292211260968962e-01	-3.670454624555481021e-02
-3.983289260077342853e-01	-4.554779407022103155e-01	-7.718559417579806681e-02	-6.937113899515697790e-01	-7.230520199110608282e-01	1.418803395057443018e+00	1.848774755498206135e+00	1.199566542851869144e+00
1.318857002312566307e+00	-7.200137366693438734e-01	2.514030616350397818e-01	7.518249222925754705e-01	2.836205954799301265e-01	-5.370089367271214664e-01	8.188868592089854070e-01	-5.046375276765812101e-01
-3.022233976857438553e-01	-3.578298336488956455e-01	-2.110474201626081903e-01	-5.615687880288606770e-01	-9.993378646716706282e-01	1.644285049821915035e+00	1.701189961537391548e+00	9.859979039217148244e-01
1.164350261196186898e+00	-7.588253085656312402e-01	3.454462400595070815e-01	1.337187943788008759e+00	2.564348270089437110e-01	-3.919836900780266364e-01	9.299650953656783958e-01	-4.925761403620387280e-01
5.348812126308531978e-01	-6.969344324770068155e-01	2.355616329467278558e-01	7.368754797758035879e-01	6.177999633739066354e-01	-3.783127999597760693e-01	2.914763254656486113e-01	-4.803159261502597532e-01
-2.542747254997218542e-01	1.423588003241420319e+00	-4.537197668527611083e-01	-1.565997175444205081e-01	-2.797957789240417270e-01	1.581662689354557116e+00	9.051283997189916164e-01	-6.146331713136714558e-01
7.917694268089611187e-01	-7.354031502496014561e-01	4.113058422377178225e-01	8.838697997109644655e-01	7.225870676419386962e-01	-5.635051074842210017e-01	5.448741169879118829e-01	-3.241284345264627276e-01
1.190737931302725094e+00	-6.935694974469412966e-01	1.412318065189535621e-01	7.791239556757423301e-01	3.353093716558599446e-01	-5.129197597086693206e-01	6.979502671157221672e-01	-4.912292202268786490e-01
-5.081186023664785445e-01	1.355926815742048541e+00	-4.169461405504532592e-01	1.590406823332177755e-01	-5.050620042689847600e-02	1.694036244670592550e+00	1.003682721311017101e+00	-3.139203384138345987e-01
1.098376389144183340e+00	2.511400043000615312e-02	9.619374719773519100e-01	3.354866440318526877e-01	7.818415175948972839e-01	-6.323183660477843526e-01	7.334158074454119602e-02	3.133075626740383646e-01
-3.876570004152272153e-01	5.284739622661413172e+00	1.130306454475202838e-01	-1.993694109606731102e+00	-5.201802811468801968e-01	-1.228773210027120699e+00	-2.472942658608454636e+00	4.805280119985737564e+00
1.497754219087445993e+00	5.936926718410028281e-01	1.483989217497355684e+00	-9.822126258597285720e-01	-8.244635430738312953e-01	7.140184972104186567e-01	2.291285880565003374e+00	-5.644434733707627272e-01
-6.053633086202291347e-01	5.137705112071638602e+00	2.326092743865856016e-01	-1.812708260738115529e+00	-3.988351109271646711e-01	-1.191887875983760336e+00	-2.442873263419057750e+00	5.130427477080521825e+00
-2.696170744814500586e-01	-2.405570884562588663e-01	-1.138834840486026845e-01	-6.781183382334157184e-01	-1.116873072212703599e+00	1.874535598073590270e+00	2.138898204136619796e+00	8.982251766567979079e-01
-5.899737272202577598e-01	-6.562349105016911377e-01	-4.786248182696045128e-01	1.045450868215934914e+00	9.791948080687531419e-01	-1.936953728244077133e-01	-6.015035830535243599e-01	1.183430230797586580e+00
1.226476422390315513e+00	-5.087534097197781158e-01	3.905072241685496603e-01	1.532892089920113943e+00	1.079146391326225862e-01	-3.041931420431434607e-01	9.053932186962027062e-01	-3.868532137248189007e-01
1.365828463767658985e+00	1.025671038496719784e-01	1.021718515252127091e+00	6.630173223800851501e-01	5.017975262670025804e-01	-5.620434855220646231e-01	3.663293429062137729e-01	2.491283251957361888e-01
1.678024873339552858e+00	-6.487354556351713208e-01	2.333047144176563781e-01	7.124152230326705748e-01	2.249809523004785150e-01	-6.224574285784434391e-01	8.401398084206008754e-01	-4.452249495330692364e-01
1.557539523874551746e+00	-5.820581692866562129e-01	4.163810767797329060e-01	1.226336377845623993e+00	1.267378123289646663e-01	-4.544064432691060085e-01	9.896215812901736353e-01	-4.400911007489624049e-01
8.672636069491072019e-01	-5.377118827333667861e-01	3.392458086047396293e-01	1.470764514467960193e+00	1.896648097805627431e-01	-2.296295317789870949e-01	7.935532664075339859e-01	-4.605275241830912858e-01
9.578040668369054433e-01	-9.214652645149106203e-01	2.084053650826904192e-01	1.292243453952261589e+00	2.639454481084069215e-01	-3.463881376885061814e-01	8.974036309277323431e-01	-5.720017443389713296e-01
1.234538046594431782e+00	-7.139794456012672486e-01	3.264512462223907452e-01	1.220125065070871262e+00	1.926205176517362394e-01	-3.953564446365184226e-01	9.277723618833856323e-01	-5.081647802865361108e-01
1.317385849169131706e+00	-6.952936633923707532e-01	2.437433309370457823e-01	9.537944358961617519e-01	2.471805523113254910e-01	-4.931993686299790958e-01	8.326111093464503288e-01	-4.780480255023732417e-01
-6.693043362938325691e-01	5.016885680731986596e+00	6.096189360290111825e-01	-1.890604951079876583e+00	-2.813695120444806852e-01	-1.040231095360795388e+00	-2.571664716735840628e+00	4.116921447416305391e+00
1.157468916258731051e+00	-9.131891341351577873e-01	1.903687302884886356e-01	1.058333198017528343e+00	2.886048185087281004e-01	-4.424672640458426343e-01	8.763063265063687490e-01	-5.926489268729979720e-01
2.009886012180825965e+00	-4.411994168417187473e-02	6.789214378980541476e-01	-1.920754288665004750e-01	-8.560892399853813339e-01	-1.277898685471005047e-01	5.767329715778268806e-01	-4.147964645506546089e-01
-3.848491878380895792e-01	1.674246225243246400e+00	-3.021937392020037638e-01	-1.924651768359420811e-01	4.351274018004586130e-02	1.456714331343950120e+00	9.154259806035538460e-01	-5.779944486438802764e-01
1.724578750854416143e+00	-5.538729514470067672e-01	4.530771176733644490e-01	1.189437906396164646e+00	8.707898679355460803e-02	-4.981750445956755757e-01	1.046936921280983368e+00	-4.098857900064580839e-01
1.531048114554748318e+00	-6.128792029107257289e-01	4.249979968428653221e-01	1.043815292896615343e+00	2.589753083464831906e-01	-5.492637600945274867e-01	9.089221106193031696e-01	-3.795715252266569917e-01
-3.293838826263171815e-01	5.691852220765076353e+00	2.845643730351462564e-01	-2.094018252053884588e+00	-5.831221616931699936e-01	-1.311594197148211238e+00	-2.587366617341642083e+00	4.955976628430293296e+00
1.191483499145755909e+00	-4.606564546838862739e-01	3.732301652888978527e-01	1.445675982770716850e+00	2.020407404147061270e-01	-3.296361269642282821e-01	8.274248653924219932e-01	-3.924830725517045038e-01
-2.492757090700078483e-03	-5.107931310846056117e-02	7.063458150791979140e-01	-5.115140270868289152e-01	-3.510394160703584898e-01	2.974645507107623321e-01	-2.268098123976272362e-01	-4.044824732848825710e-01
-8.481332677346152815e-01	-2.385844394423947967e-01	-3.339754893513396383e-01	8.588793268730241515e-01	1.073089236494399135e+00	-3.597810027197419491e-01	-8.985499837984232130e-01	1.939856462788876357e+00
6.240024902805614282e-01	1.462865759464505866e-01	5.583960706639502503e-01	-3.936420950110258166e-01	1.875266899949876997e-01	-2.007764298642693845e-01	-1.571098529396965787e-02	-4.320629505040848861e-01
1.419639468461914467e+00	4.423942364330734067e-01	4.150444699863432563e-01	9.867511256993773960e-01	1.182072910278307576e-01	-3.272468960893695211e-01	4.545394394499364665e-01	4.785181279930666998e-02
1.585782599450512809e+00	-6.517697855800137496e-01	3.196028393385860200e-01	9.360651302854511302e-01	1.931858171734564256e-01	-5.455316310618196773e-01	9.245192044774556139e-01	-4.594694153730291553e-01
1.233982331323409287e+00	2.866766075498048960e-01	2.671419365348288166e-01	6.072928591814313881e-01	2.290889835760338278e-01	-3.520095143055446130e-01	3.105805601975994978e-01	-6.637531407898816793e-02
4.282746037691106400e-01	-7.120375770869062926e-01	6.748901265545607098e-01	1.479150360541378273e+00	8.877647301164801608e-01	-4.494602943292491659e-01	4.762289973419559508e-01	-2.076228756370036843e-01
1.080547235237805603e+00	-7.673735887502770581e-01	1.735146365836374160e-01	8.620153880028831317e-01	3.244079652167222161e-01	-4.589407326667209741e-01	7.307691098479587311e-01	-5.432216379231611381e-01
-3.630031301038382230e-01	-2.563199502882479996e-01	-2.180934123264900992e-01	-3.597588677353785735e-01	-8.821858228383830935e-01	1.683300566797120368e+00	1.687925517918425600e+00	8.900969123124929938e-01
1.354608825017321827e+00	-4.667460132576264353e-01	3.666648152992222354e-01	1.294061163605337850e+00	1.938954514632826032e-01	-4.079609394149927848e-01	8.221296856430241329e-01	-3.485320300433839003e-01
-3.254602128761559521e-01	-4.166795766431042325e-01	-1.776739495099796950e-01	-6.147133900057508704e-01	-9.245239273213241571e-01	1.559651759738420740e+00	1.732608907887325467e+00	9.956045795838834866e-01
5.695475237622472653e-01	-5.092135138091382629e-01	2.516461645432842564e-01	1.386269057386783299e+00	2.940348532517006452e-01	-1.891599270513903419e-01	6.028657224411988480e-01	-4.386520666692599324e-01
1.579078462778857883e+00	3.328329905517175002e-01	3.673545520571322998e-01	7.858366546330852742e-01	1.671818910252645674e-01	-4.322987954882642758e-01	4.645080302006864836e-01	4.088658239790765592e-03
1.333215593610333149e+00	-5.807459974169550954e-01	2.275981588957231017e-01	9.417698572333187412e-01	2.973982322282218149e-01	-4.982928650662889480e-01	7.502333070712728924e-01	-4.432932564712380730e-01
-6.525993025773378919e-01	3.517674502394084524e+00	4.929496833321150850e-01	-1.099482676581680307e+00	-3.295795029191062042e-02	-7.014393036652065705e-01	-1.955784253261660721e+00	3.341543852362878653e+00
-2.739790685286466743e-01	1.093500306703472758e+00	-5.530729447399037602e-01	2.196211709659942612e-02	-6.104899086152104637e-01	1.955984639052139151e+00	1.247987670889997514e+00	-5.370161010725155171e-01
5.978890114068549089e-01	-3.548626103054228764e-01	9.079085337281174173e-01	1.499439434900597057e+00	6.887969165072841404e-01	-3.519826018780730648e-01	3.637641763046253751e-01	1.997074700324708019e-02
1.367370765523372889e+00	-6.380841654956627140e-01	4.450661570241619680e-01	1.136046792599319399e+00	1.702051987177149173e-01	-4.269638609659833217e-01	9.408518938301415613e-01	-4.762066416474650121e-01
-9.187860079010226055e-01	5.436732528878754245e+00	8.012096120062053295e-01	-1.863316470200896635e+00	-1.559820108018905027e-01	-1.302735867767395916e+00	-2.693967444098625652e+00	5.334343124699986838e+00
1.055224786872472453e+00	-4.273609747634311007e-01	2.572212264921693303e-01	1.320179818820236495e+00	2.108952117242186286e-01	-3.134543961080034080e-01	6.690239654590618423e-01	-3.664019455684012216e-01
9.028286151333976273e-01	5.903010382850454318e-02	9.733659980318296601e-01	5.423928320640187817e-01	8.562962867050738502e-01	-5.822481691268943660e-01	-2.321740702476358248e-02	4.256763516447035767e-01
3.409134680057177014e-01	4.814179248917074827e-01	1.002371843608762303e+00	-1.610476655859093276e+00	-9.278287877541339101e-01	9.596876358735324519e-01	1.000398100900013354e+00	-9.379891881201397608e-01
2.719235434799203155e-01	1.398098039129757608e-01	4.426262367159451427e-01	5.195924557574607694e-02	1.369704401495373813e-01	7.358214469222100484e-03	-1.105152985266950466e-01	-3.299454600129199111e-01
-5.895868274338883497e-01	9.238985931192758017e-01	-4.145928384783059695e-01	4.014984419719261899e-01	-3.428882783700662462e-01	2.086582791627087818e+00	1.494417688272614120e+00	-1.439663642130051269e-01
9.785875863988788836e-01	-6.474942573127373535e-01	2.882331518192315922e-01	1.339863256034112382e+00	2.369522787094713590e-01	-3.079095103621073415e-01	8.158964075718094788e-01	-5.141167187153654616e-01
-2.340699854613704500e-01	1.070463331683167318e+00	-4.657084967700456102e-01	-1.065260428290752820e-01	-5.678527078170502174e-01	1.788034038545737836e+00	1.176261699417000761e+00	-4.832088501186730944e-01
-5.962551214795237531e-01	-6.145365742566682998e-01	5.397815499019273933e-01	1.263216870523197199e-01	8.173364854928441003e-01	-1.582694695190926537e-01	-5.953099299718757065e-01	-3.022416126151309390e-01
-5.535401186821050507e-02	1.107063958366927281e+00	8.958424153448444338e-01	-1.113128658195677856e+00	-4.582870648536141456e-01	1.385594872205413441e+00	1.694544654831990682e+00	-8.675252153668419064e-01
1.318686903814552780e+00	-8.464768104449291730e-01	2.379747078344813249e-01	1.021355339155061159e+00	2.400272253468710149e-01	-4.846412574607533164e-01	9.284984974210931385e-01	-5.423458996270449362e-01
-5.606906003722996745e-01	-2.782513389621050770e-01	2.913049171757687295e-01	7.351149152700446887e-01	8.749498357434679630e-01	-1.072929547084336410e-01	-5.427015137863850924e-01	-2.078011115543670351e-01
6.513863250974925023e-01	-5.380288451328935073e-01	2.167862516161295217e-01	1.257215819379732036e+00	3.170721704925666407e-01	-2.457651212989546141e-01	6.020330266342543979e-01	-4.536863458416048878e-01
8.669601862945447435e-01	-4.573366610707897961e-01	3.074989032909716258e-01	1.490681031009085000e+00	2.101264768577554010e-01	-2.390158913290270359e-01	7.081882713375770022e-01	-3.711867937053764943e-01
1.535058376496694299e+00	-8.622618231808992784e-01	1.897120809826123855e-01	6.214531890687295945e-01	3.143980356354978412e-01	-6.390274873265153754e-01	8.798364758234924476e-01	-5.471617640712665986e-01
1.315683946763177792e+00	-7.433026006478765657e-01	2.308943668793932980e-01	8.231648356832109714e-01	2.688225969407715965e-01	-5.188660901311868967e-01	8.076489384527429927e-01	-5.133377318954813751e-01
-4.302168215034987142e-01	4.094879899469403561e+00	1.175534105833441478e-01	-1.361171176598852339e+00	-2.355989838006333770e-01	-9.825847334636231833e-01	-2.114238279390733499e+00	3.986370662294502765e+00
7.332755157586866579e-01	-6.457334272437816880e-01	2.648737859882959178e-01	1.313653526463177013e+00	3.468110549023311062e-01	-2.836054776757112594e-01	7.107333318759528895e-01	-4.899523840746663472e-01
-3.668858437723298560e-01	1.885792007558373395e-01	4.855029899177011332e-01	3.373895324802732576e-01	9.710583215129164891e-01	-1.918812531036655500e-01	-6.520111316162106041e-01	4.359681865356485053e-02
1.418417493758379555e+00	-5.985965735509711783e-01	2.252401449226813235e-01	9.012007593998284660e-01	2.772132749696446519e-01	-5.275995485759926718e-01	7.807390711405850503e-01	-4.426530073965150303e-01
-1.926268700255936717e-01	-4.391123962172321926e-01	-2.044872257244401692e-01	-7.543591267834229841e-01	-1.173734184076471232e+00	1.632986046634236299e+00	1.719499669613684834e+00	8.990731760140198148e-01
-4.727183999753944987e-02	1.204476385831628749e+00	-6.390039952486639141e-01	-2.078510517899927745e-01	-8.075913731179030774e-01	1.856795732681589817e+00	1.150641873933134995e+00	-7.159135635454283442e-01
1.513051385577617314e+00	-3.449530927069700548e-01	3.793646808076649446e-01	1.388214548294961048e+00	6.065874719781452762e-02	-3.693831213235443944e-01	8.606284775210968352e-01	-3.235588827758715813e-01
1.263929464452737683e+00	-5.707892435802519593e-01	3.344596083190480851e-01	1.245063045606642493e+00	2.157735797394670640e-01	-3.978326333560857631e-01	8.614250172487259993e-01	-4.388384770996444639e-01
2.920346566771180319e-01	4.728547225068836790e-02	6.139173304263599862e-01	-9.162699480115348294e-01	-6.125157807711640867e-01	3.864249454318028354e-01	-8.850074220532168356e-02	-6.611875864681802106e-01
-3.258695117615533210e-01	1.156806149508997406e+00	-4.991300805730961576e-01	1.612192100089965274e-02	-4.734073784096535231e-01	1.847461002513451245e+00	1.149161277013592386e+00	-4.489892351083604738e-01
-6.073523915575886750e-02	2.303407534416891389e-01	3.290006526288341560e-01	6.273829228402210134e-01	3.350746010058780477e-02	2.816907963462839670e-01	-1.711755153463146162e-01	-2.434499649967991619e-01
1.402460986113343244e+00	-6.944736873787296094e-01	3.133874565583621430e-01	9.652023284269594106e-01	2.185700627084200820e-01	-5.006135302235708018e-01	9.075568297719178723e-01	-4.932258120226986620e-01
8.591744602438740053e-01	-7.484320133631325866e-01	3.314193723566267180e-01	1.548615866306144895e+00	1.582132718982684205e-01	-2.330850894392423600e-01	9.090876408427001065e-01	-4.943761493905532434e-01
-7.092619821420046433e-01	3.232746233342447706e+00	5.448278468072760283e-01	-1.197214068453930746e+00	2.782305507684851298e-03	-7.903610924631968571e-01	-2.029869583691842561e+00	2.981552265739061625e+00
2.789622899984734450e-01	-4.609736252921479149e-01	6.976328782947197604e-01	1.407468099204304268e-01	6.704350377439448616e-01	-3.360081333854665342e-01	-1.043912063998505280e-01	-3.176482922137363607e-01
-2.817458919997889999e-01	4.140295288804364482e+00	5.455089726575626519e-02	-1.640049697754211833e+00	-3.900793177502069886e-01	-9.569706420846807449e-01	-2.105525735852980862e+00	3.679503484927829859e+00
1.087536756727355280e+00	-5.732543608093446652e-01	3.932952627836385773e-01	1.375023718428702857e+00	3.536089947356370056e-01	-3.870738602366440295e-01	7.741714522215273897e-01	-3.932928733502819574e-01
1.073325472069412090e+00	3.596444022048472799e-01	3.371372849613978873e-01	9.443982099399147456e-01	2.036646149680133300e-01	-2.381432282688430158e-01	3.308040589108405261e-01	-2.919670272453444085e-02
1.833237769818069740e+00	1.314710277567402996e-01	3.430782256169290223e-01	6.573060677057060430e-02	2.943137555972592523e-01	-6.965083640776713603e-01	4.223595184944552994e-01	1.387842754187867955e-02
-3.669171551020060651e-01	-8.921080573520080437e-01	2.905801392697452967e-01	1.145461062354899973e+00	8.038383848810146670e-01	-1.862876007574299497e-01	7.789233725086988636e-02	-5.159303650435056454e-01
-9.369217194370905999e-02	3.166730627926830910e-01	1.504324219984874977e-01	2.758212568214980509e-01	5.571498240966489268e-01	-1.084305624222094006e-01	-4.534265706247033179e-01	-1.562869546943387311e-01
1.859229720863289526e+00	3.551510309284492545e-02	4.032656339858368133e-01	-9.103430023149637618e-02	5.490674875278318545e-01	-8.642146688039128444e-01	3.048033536927959308e-01	2.235714533826105299e-01
1.770789107798175221e+00	-7.575960576184677109e-01	4.881738661681122027e-01	1.104759559945486469e+00	1.108963483522151516e-01	-5.407906844960512771e-01	1.144666835895992607e+00	-4.853137075752960161e-01
1.254118299651305835e+00	-3.918311220626540803e-01	5.000435068843942510e-01	1.750434573896272550e+00	1.022113499589393237e-01	-2.620802206478506369e-01	9.410836176724470814e-01	-3.358127802875229828e-01
-4.972532895106399620e-01	4.224257479463828346e+00	1.036049878916093514e-01	-1.447704584018402407e+00	-2.585091977441309474e-01	-1.022364002823744844e+00	-2.177623149882491393e+00	4.279469362295273527e+00
-2.784187402438494385e-01	8.373750113421181140e-01	-5.698377472605524741e-01	1.318078740285444916e-01	-7.442175309992039578e-01	2.018111218139550189e+00	1.266286616449913804e+00	-3.867079003153574002e-01
-3.246879944895730841e-01	5.337156433026597924e+00	5.975045616997482628e-02	-2.021152083714590653e+00	-5.364828129028316184e-01	-1.266952592564521307e+00	-2.490520553617997734e+00	4.737871399644488335e+00
-1.053271961701721882e+00	2.404685524960696319e-01	6.247048690852045061e-01	1.744549502205650637e-01	1.008053696765820018e+00	-4.999747413950458852e-01	-1.199241718675506441e+00	9.568840827640650026e-01
1.226638121237779711e+00	-7.194568064636490679e-01	3.299191167760957555e-01	1.339837367124943501e+00	1.658218257079629165e-01	-3.654479295366513947e-01	9.634006312673796257e-01	-5.107063353918509518e-01
1.622598130076667644e+00	-5.901703770737075638e-01	2.895007435138188812e-01	7.654614682831237804e-01	1.901102162748968538e-01	-5.948308985153910600e-01	8.351323886664304696e-01	-3.739475566145091801e-01
7.101976087601420407e-01	-4.012124689953220358e-01	2.437915523477316992e-01	1.340788995784820248e+00	2.748258777349154025e-01	-2.070283234852909604e-01	5.738660690573861300e-01	-4.185938136871615312e-01
-2.605810028859548155e-01	4.451995667183225258e+00	4.894389953236619878e-02	-1.871661113129205800e+00	-4.832070091904838716e-01	-1.019630233308368661e+00	-2.233971850177675744e+00	3.783343610445015326e+00
1.140457873879262118e+00	-4.995270913188207262e-01	4.306710969352429696e-01	1.644441393170610777e+00	9.797350687757072629e-02	-2.480348901406069506e-01	9.461155019132962973e-01	-4.236789895123657113e-01
-4.730754003108917916e-01	5.425320121504201509e+00	4.387252833009298580e-01	-2.174665979673697347e+00	-4.732581906061363863e-01	-1.241968240173429328e+00	-2.648857089208338067e+00	4.605524212778290938e+00
-2.463708067265000246e-01	-2.841569862480524122e-01	-2.067289973936421721e-01	-4.583784527886443083e-01	-1.164360104691290365e+00	1.904866428158398239e+00	2.092939882679367258e+00	8.845993413284825024e-01
8.591453540097934161e-01	-7.451869077587476298e-01	5.182309385909987798e-01	1.133688498881033180e+00	7.139113310730380579e-01	-5.409380546616969765e-01	6.561622533081443720e-01	-3.169689532539962662e-01
6.837300127617577106e-01	-4.459525045883688810e-01	3.637299305146464157e-01	1.668685432320199169e+00	1.663146785555947582e-01	-1.305426509489622244e-01	7.227867747214283822e-01	-3.839278335953645316e-01
-5.644930657694540166e-01	2.776002609711648361e+00	2.640097396164084453e-02	-7.249612670922060964e-01	1.104265031956342680e-01	-7.024301337789575772e-01	-1.744780594983350808e+00	3.147563798081427500e+00
-8.413122287340450978e-01	3.074544343456512063e+00	7.154241797087248500e-01	-6.812048806330385231e-01	2.242883861806061752e-01	-5.335625877312932808e-01	-1.770045944116401593e+00	3.157976729330340238e+00
-2.157757015896212271e-01	-5.504080368191869299e-01	-1.768172692579983718e-01	-9.572526326034305200e-01	-1.076052099879392765e+00	1.373389656392543845e+00	1.456079074775411097e+00	1.116908801119602224e+00
1.159168775917738481e+00	-5.818271926399691818e-01	1.586714333848525116e-01	8.922778160644205814e-01	3.481879042057076656e-01	-4.739172339713130788e-01	6.131815138809777466e-01	-4.371017407271527433e-01
3.665664268089088851e-01	-2.923145943164286442e-01	4.430809998009017647e-01	1.881810803541830612e+00	3.708867203342450791e-01	-7.384150835044335504e-02	5.622062633877912274e-01	-2.539444040999634944e-01
-7.355101633734011379e-01	6.037780578899901052e+00	7.469365686998766796e-01	-2.344325562369797389e+00	-3.979575259412194699e-01	-1.375675231177354130e+00	-2.924560062489762746e+00	5.222071632101725314e+00
1.120455959999392404e+00	-7.910570226641078229e-01	4.314362003349822006e-01	1.842163616357197053e+00	4.791095680601434315e-02	-2.118819353883573675e-01	1.142779151073222366e+00	-5.159054073779876237e-01
4.139679292263364063e-01	-5.670470861485517045e-01	6.624168704044083866e-02	-5.189699935047153989e-01	6.788048854676052013e-01	-4.935930443319666017e-01	-2.027973542688401298e-01	-5.938509209190727667e-01
-8.888188297966196361e-01	4.110972207076772911e+00	8.195203907252091025e-01	-1.191403949247506588e+00	5.484517995344623253e-02	-8.443077697735431597e-01	-2.204315188066782394e+00	4.038872914898188782e+00
-4.138159945893113423e-01	-4.103174669673624875e-01	-1.180647428546093280e-01	-5.609188915516154506e-01	-8.288164905410297933e-01	1.576258562915052952e+00	1.836786550963958264e+00	1.102428356655721142e+00
1.666646790043236459e+00	-7.488622954275460097e-01	3.464859659012544668e-01	7.749187396650980553e-01	1.815176249438727185e-01	-6.071113658717540718e-01	9.984668035823989207e-01	-4.782224168244250118e-01
-5.026199230527900186e-01	5.008080930599628999e+00	3.231965238978852240e-01	-1.887405824523210818e+00	-3.639745866903872362e-01	-1.227679971563464978e+00	-2.463274600463892572e+00	4.742926372001686985e+00
-3.825522918734354239e-01	-2.802703568106256760e-01	-1.928325686490016677e-01	-3.913957269410312523e-01	-8.928036089638171635e-01	1.719859706074003514e+00	1.816346064304759533e+00	9.845186999085833168e-01
1.274936666127966634e+00	-7.485006522334844981e-01	1.859054485564214931e-01	6.294128567518676443e-01	4.258762048910716969e-01	-6.060693041326814523e-01	6.948244099664947493e-01	-4.722978611620128331e-01
1.358405539567159259e+00	-8.320616752514936598e-01	5.540856723935322359e-01	8.889821416463526971e-01	7.237642633111315282e-01	-7.575993638120630536e-01	7.518255818125374468e-01	-2.517843374244458921e-01
-3.160592053680679192e-01	-2.750055993653715003e-01	-2.293804662690566709e-01	-4.724837050135158867e-01	-1.019228094268454177e+00	1.728425054701707486e+00	1.749901323142059484e+00	9.608406670588973686e-01
1.205431591957325299e+00	4.312299692580871535e-01	4.156461245386505743e-01	1.199947229753395739e+00	1.036027741211882347e-01	-2.212131323053763143e-01	4.393550823956218765e-01	5.353005428045065628e-02
1.668336319219575925e+00	-7.424224923235647200e-01	3.541252118292476103e-01	9.827119471223565439e-01	1.469827785926008101e-01	-5.503165565660357306e-01	1.039703480441514838e+00	-4.997398141929503268e-01
-2.833118082449858077e-01	1.514197588234656555e+00	-4.788378046335940441e-01	-2.018154508628462185e-01	-3.918584961672425537e-01	1.753110618601954940e+00	1.134752195092863847e+00	-6.533000491480973615e-01
-3.713099057674997816e-01	4.152157710878303654e+00	2.128938477162198584e-01	-1.547734088185169776e+00	-2.962848741031312017e-01	-9.979715978057842607e-01	-2.151297467498475502e+00	3.892454479564721570e+00
1.086186272732145186e+00	-8.820483399279992476e-01	7.415927921130424094e-01	1.238631106214979738e+00	6.505659664910954376e-01	-5.990735172919509077e-01	8.423669558718682726e-01	-2.550296294707011246e-01
1.272472413915088918e+00	-6.551659677118134573e-01	3.649619245688979774e-01	1.437591000317726575e+00	1.359498249935258418e-01	-3.198298399000656933e-01	9.788491447842215809e-01	-5.679587031323665158e-01
6.095277695012533137e-01	-6.269610987867617613e-01	1.447327981082484893e-01	9.987994471959366072e-01	3.521897938065368105e-01	-2.790491337246375214e-01	5.534058844083911133e-01	-5.331933416254301950e-01
-6.802670663205807600e-01	-6.860258695696490605e-01	-3.958561022083144088e-01	1.060245291435617965e+00	1.082970609431477049e+00	-2.246198133307215905e-01	-6.530220005936608896e-01	1.255675233868018159e+00
6.285012763050189522e-01	-5.663738489497790463e-01	5.964995866968431093e-01	1.458282990615377361e+00	7.438878044161181258e-01	-4.370658851188977678e-01	5.254794665369585394e-01	-1.658428692798669390e-01
-4.516700487389129770e-01	5.189527790016636999e+00	9.211246011292277547e-02	-1.897584939595614806e+00	-4.564571758957952086e-01	-1.241580395476184595e+00	-2.443935340850044824e+00	4.941987081559181760e+00
-5.927408582141084903e-01	-5.219429888439292009e-01	-4.999694181596093245e-01	9.016589949501178092e-01	9.332451632341964842e-01	-2.711397537892484277e-01	-6.862928304897083498e-01	1.425965627167555150e+00
-8.714168672887652456e-02	-3.951030066160023391e-01	-2.741902875637351467e-01	-8.880415491102826575e-01	-1.233343209731112555e+00	1.543784145664609753e+00	1.607223034002827067e+00	7.802294677217680441e-01
-5.169038432442552011e-01	3.577962202452762419e+00	-1.155160836644835709e-01	-1.203456886738421439e+00	-1.233960409505582001e-01	-1.004456520632901695e+00	-2.033656146218948635e+00	4.078422738536904291e+00
-5.859402314366766173e-01	4.341161915015847583e+00	9.437783910053487713e-02	-1.478214897352432278e+00	-2.279977869479994645e-01	-1.085644213742174236e+00	-2.250201896615210195e+00	4.547979201915588021e+00
1.544924225599421108e+00	-5.807417477053407051e-01	4.825319171317153932e-01	1.278602686524113796e+00	9.388715194150917820e-02	-4.162876309211275272e-01	1.040132851550692905e+00	-4.809512540972308847e-01
2.217814802432665211e-01	1.219496899549269986e-01	1.106556916407317015e+00	-1.846567176996578574e+00	-5.414119359047546709e-01	4.662628193432777346e-01	8.357732787940875818e-01	-7.167063283037060639e-01
1.892751691829593630e-01	5.906615951354388105e-02	5.036324173769916035e-01	-1.253725730715749276e-01	1.510394834390949015e-02	3.992401828107376704e-02	-1.313446758541108872e-01	-5.303065204046543135e-01
9.117891154566987177e-01	-7.944664712085236502e-01	8.026212516764464899e-01	1.069653523223310199e+00	1.065150675294743721e+00	-7.542291658608557547e-01	5.369744538546393775e-01	-8.771846542028008398e-02
-1.728069401655641102e-01	-7.823358866999547967e-01	3.662611298210964872e-01	6.980944361678500520e-01	7.529555041679927285e-01	-2.442930050885234183e-01	4.194024712943966726e-02	-5.981276144944025486e-01
1.215911508890523907e+00	-7.018957024408171153e-01	2.018221572904870809e-01	6.985480986048864249e-01	4.123259653559560034e-01	-5.655489402440821989e-01	6.739973756740637034e-01	-4.601075595522327033e-01
1.253512758058937138e+00	-4.110398383461869587e-01	3.881445436905365254e-01	1.542360197862264304e+00	1.257662211644227923e-01	-3.011558282686814803e-01	8.655698804040545813e-01	-3.703285216267987456e-01
8.868117729372115843e-01	-5.517330489225727996e-01	2.940231394167314161e-01	1.434873599178360326e+00	1.597332652807635645e-01	-2.217191101043273216e-01	7.727469869625085419e-01	-4.949451665133398626e-01
-3.354772842471929750e-01	-3.974055051863417121e-01	-1.435407751309880353e-01	-6.484432052729793838e-01	-1.019015708122660291e+00	1.673533987842901416e+00	1.798158731671493538e+00	1.115156831940312454e+00
1.551884560353273601e+00	-7.426548427626749049e-01	4.407094209464058610e-01	1.003766776320329956e+00	2.060840024733562592e-01	-5.320708219529087790e-01	9.978874445073762089e-01	-4.789227280750829596e-01
-5.580248273006024329e-01	-2.066431958922455292e-01	-1.083428210565320765e-01	5.919483807179152235e-01	7.984637873861148982e-01	-3.440110109077757806e-03	-7.082854516281055224e-01	6.026247362845853495e-01
1.145442694084003010e+00	-8.025173950772497566e-02	6.287454874585391984e-01	-6.026826496401470612e-01	-6.404645833403144195e-01	-1.743352913452032166e-02	1.732986205457070494e-01	-5.164942104192357109e-01
-4.578876415850530179e-01	4.764593748371678927e+00	9.312684356882888759e-02	-1.693594550130998577e+00	-3.561486901778240788e-01	-1.186543458960377384e+00	-2.355538946355788088e+00	4.688608595636186038e+00
1.124248112969330693e+00	-6.224569425020592961e-01	3.403369111568568250e-01	1.307081686546846200e+00	2.087454168384648978e-01	-3.430750875934542310e-01	8.824645634843447661e-01	-5.022343098098012160e-01
-7.034851086950489885e-01	-1.415099591489856444e-02	-5.024067459221097653e-01	6.016206214645829498e-01	8.385386473350425751e-01	-4.318906801936047146e-01	-9.453871183313745652e-01	2.161990061159137166e+00
-7.460637216770962254e-01	4.218660325098478658e+00	4.163055859767088585e-01	-1.391154558179262146e+00	-5.299011582978206680e-02	-1.055628278034687506e+00	-2.298163805240947433e+00	4.380727836798531172e+00
-5.185269398642017302e-01	4.308662335723671077e+00	2.067190361894209183e-01	-1.484437052229396370e+00	-2.268555432628699131e-01	-1.024094039418315560e+00	-2.229396768510573779e+00	4.158026080380482270e+00
1.371885841706931286e+00	-6.933147632689472539e-01	2.019020426619967390e-01	6.040739208959329254e-01	3.259393123712189810e-01	-5.885863169729781408e-01	7.357736116339760324e-01	-4.756632630670333262e-01
1.369086886605792808e+00	-4.398818711648886937e-01	2.923359836092867536e-01	1.209572209314103919e+00	2.059473935783760756e-01	-4.282637603366015178e-01	7.742988916799992127e-01	-3.529826293060996933e-01
-8.175321491305850841e-02	6.897603225638110347e-01	1.121279579381530001e+00	-1.704187455382127458e+00	-5.334741776357304621e-01	1.233424315812474692e+00	1.966679215768084354e+00	-4.593521484734617299e-01
3.980099182516564360e-01	-4.235439311266961937e-01	3.595874569608568105e-01	1.117209566287503009e+00	6.593742903251771370e-01	-2.778166628975091146e-01	2.836423354600293711e-01	-3.761861749587308568e-01
3.294287266291245353e-01	-8.275723431078341186e-02	8.772978288362474064e-01	-1.150056624216835299e+00	-8.007097498184398976e-01	3.853391841499712034e-01	-4.143762055221975049e-02	-6.156209185584684551e-01
-5.393984637976680929e-01	4.098461014810597547e+00	3.459211780329249919e-01	-1.417003814312703280e+00	-1.858648649503123473e-01	-9.583564751007296323e-01	-2.151104940145744049e+00	4.013771994940335652e+00
-3.717573382259214410e-01	9.733923432932352071e-01	-4.506095534184761942e-01	1.327516523895810319e-01	-3.388891790523047565e-01	1.717198565422769718e+00	1.028357827187848850e+00	-1.970892939730944926e-01
-7.138618020124708474e-01	5.500450079952122096e+00	5.311072061134816114e-01	-1.959355847349933732e+00	-2.985323011699712037e-01	-1.306678440439846600e+00	-2.664723101858061050e+00	5.186271636772038285e+00
1.458580356711397297e+00	-6.699551579693218128e-01	2.150546386326208093e-01	7.546589889653229077e-01	2.949651894685662024e-01	-5.747094082265815640e-01	8.022202413482846239e-01	-4.791182952723397337e-01
8.379573098605985759e-01	3.231096149281332819e-01	9.103064450769982052e-01	1.127937616235909601e+00	2.604430198341319835e-01	-1.942879851634127242e-01	2.269840572384468347e-01	2.352227935244854962e-01
-3.695046740307677546e-01	5.274251106632190655e+00	3.250158775127831579e-01	-1.776576717404957817e+00	-4.628133141579707233e-01	-1.183448933857486285e+00	-2.437772783121663789e+00	4.656162959658042055e+00
-4.819646966666605303e-01	-2.164191514704937869e-01	-6.242683461651012955e-01	5.006701781498443804e-01	6.468849684163158198e-01	-3.748434440850818006e-01	-7.718103988823173944e-01	1.850920028335140577e+00
-6.161841564785058845e-01	4.967570672371942386e+00	1.826882652399842988e-01	-1.699778835812884692e+00	-2.871398224282881162e-01	-1.207379150807970980e+00	-2.462796612441532584e+00	4.891885522721126200e+00
-1.687087651349008510e-01	1.113230095024747124e+00	-6.000897540854779333e-01	-9.861002675302532605e-02	-6.665082875456889155e-01	1.786224159520094057e+00	9.871840933489803849e-01	-5.588171198124111116e-01
-5.383122116049564587e-01	4.985595343480571984e+00	4.786481177178960600e-01	-1.887091876756840314e+00	-3.503370565518387214e-01	-1.144957800564698758e+00	-2.485716272496166557e+00	4.481392346606166477e+00
-6.504110469466047040e-02	1.086201808413854053e+00	-6.308218766658661991e-01	-1.649419777840227253e-01	-9.613882788803441715e-01	2.029235531821683036e+00	1.345269313435268232e+00	-7.717599198056305232e-01
6.668016947974541031e-01	-7.049965363634401738e-01	9.540760493637138184e-01	1.624861657546319282e+00	8.903610783106929993e-01	-5.075632375133231067e-01	6.523800513486887054e-01	-1.030284006596490776e-01
1.151810311929137159e-01	1.123203012062883088e+00	1.108719050198676115e+00	4.617463685612906987e-01	-6.776562555378274899e-01	1.756495828500363343e+00	1.947246197552892077e+00	-2.912110401593361875e-01
-5.223245933166983379e-01	4.757960142256989933e+00	1.835721013397362267e-01	-1.712083466303048196e+00	-2.857094936099402460e-01	-1.193362499854448977e+00	-2.412238739608949079e+00	4.586747222552757464e+00
-9.576395647601755323e-01	3.600684462591229984e+00	8.272637902049883030e-01	-1.209851702240408056e+00	2.481420733201603335e-01	-9.034845236364243970e-01	-2.313388584525482905e+00	3.509755289707221948e+00
-2.939908007458323924e-01	1.121238344544243315e+00	-5.053704871655422259e-01	1.596575853607923867e-01	-5.027883677602755785e-01	1.871831683345501762e+00	1.122779650505787652e+00	-4.157510772177166469e-01
-7.389999137038615329e-01	-7.478896120744929488e-02	-4.620376956608570063e-01	7.342952840405494452e-01	8.800480735091795736e-01	-3.658683265017843023e-01	-9.012956929651666504e-01	2.078749790326389846e+00
6.880576539673419756e-01	-6.067828944432062110e-01	8.770353581944135835e-01	1.840920772066382494e+00	7.074102509365706171e-01	-3.955509114925538916e-01	7.400163950811931013e-01	-1.116010931732049904e-01
4.163910615266199211e-01	-6.849330395901974677e-01	3.613786591403169712e-01	-8.168787190261418418e-01	6.694751879641354098e-01	-5.278090966771752379e-01	-2.242008888852541904e-01	-5.809277987418777212e-01
6.966395292276018614e-01	-4.038376682155938591e-01	4.337713403806390255e-01	2.497560721451509980e-01	4.140460750881622687e-01	-3.415003660897265592e-01	2.938119514123590514e-01	-4.846610173328594895e-01
-3.160902227598869074e-01	-4.039497611627228535e-01	-1.599859767006164279e-01	-6.685024644176629227e-01	-9.373926782051317241e-01	1.562765317002362764e+00	1.795379158123288743e+00	1.014210944771340550e+00
-4.993081933663146010e-01	-3.464815598890704229e-01	8.211287638163007330e-01	6.094672734424035898e-01	9.253905919825278215e-01	-1.471724805203427633e-01	-3.961355566355112545e-01	-2.461729338635290365e-01
7.454664124142580395e-01	-8.657630199433035134e-01	6.914962384795300121e-01	1.364789724743864952e+00	8.503266716018678117e-01	-5.533264874780560172e-01	6.930189631230140312e-01	-2.580340786932848185e-01
-3.207935061942310262e-01	8.765556919134723790e-01	-4.957494622015308772e-01	7.008981910583900188e-02	-6.075699334615880520e-01	1.884357413967372219e+00	1.194896920718997890e+00	-2.774342796199222860e-01
-1.282272257554461503e-01	-5.509389280523344645e-01	-9.995897612813445243e-02	8.145723758042686669e-01	3.993630615337576684e-01	-6.306036014973590009e-02	-1.040324441448169926e-03	-7.844397284795483483e-01
-1.599712136011181562e-01	1.020240412578984790e+00	-5.814020308570205797e-01	-1.545475528236524981e-02	-6.851827887348763690e-01	1.854547836649524051e+00	1.114218916149407601e+00	-5.167966510256222223e-01
-4.618599294307180192e-01	5.772983899563472576e+00	2.897983726197084220e-01	-2.232537470285113290e+00	-5.273763146124819112e-01	-1.369187653782409919e+00	-2.702047026930054052e+00	5.110106524131611039e+00
-7.415379485404116622e-01	5.127719078468803815e+00	4.508070557146495183e-01	-1.744150352912478885e+00	-2.115332852579635547e-01	-1.225335163592089271e+00	-2.535930869107302144e+00	4.997446933308921757e+00
-8.963046548384665524e-01	4.691881278230352947e+00	7.901518269441222264e-01	-1.534133735758619554e+00	-6.131729591211819430e-02	-1.022719182346380151e+00	-2.433936804982609559e+00	4.521768397081174840e+00
1.644258006154555085e+00	-5.718122950794436443e-01	3.446820523865254948e-01	9.887318843851237160e-01	1.797521546703248208e-01	-5.458170202972828511e-01	9.134408896435247671e-01	-4.067919892881211030e-01
-4.243345087576735203e-02	9.051410671931325869e-01	-6.493214773532921535e-01	-1.615693743042685981e-01	-8.722446249111646122e-01	1.741100277540176711e+00	9.452071925617925308e-01	-4.892566661049341792e-01
-6.464802157816109673e-01	4.984095839659553384e+00	1.638484575699213908e-01	-1.760368050694348430e+00	-2.769262164460076781e-01	-1.276459654331464577e+00	-2.501068516307053624e+00	5.070190738417275078e+00
-3.963933901848437635e-01	-8.547538483804658638e-01	1.158233339328194611e-01	8.579708891867162679e-01	7.955885470098916779e-01	-2.069344606008869936e-01	-1.122539984772930183e-01	-6.285525282270759684e-01
3.584807592036696189e-01	1.647217935608304096e+00	2.540881679213506938e-01	4.505069323626069711e-01	-7.023879045041027114e-01	1.725639802755562169e+00	1.377718860488889252e+00	-6.128646616969580796e-01
1.475464843776347568e+00	-6.003734722715026173e-01	3.548507940797068771e-01	1.208136387265581924e+00	1.636416007050018051e-01	-4.480818169322785538e-01	9.488304113460869216e-01	-4.615236466303299645e-01
1.427643371779399040e+00	-6.488842849942726421e-01	3.904555182924098755e-01	1.344668801222028254e+00	9.223636601988652317e-02	-3.838896208057259729e-01	1.026348904752343083e+00	-5.051436122560469810e-01
-6.019453605933755558e-01	-4.066856425563696864e-01	-5.229402688646145325e-01	8.721016707683583169e-01	8.840912655095660710e-01	-2.707602408146433937e-01	-7.141055567936522852e-01	1.537776355462882050e+00
-4.165322727762904575e-01	-8.168074052888101289e-01	2.005642122564028074e-01	8.303483792677641695e-01	8.391907478484167404e-01	-2.176855264867519624e-01	-1.555709054907006561e-01	-5.666331264433234205e-01
-4.403915050466019054e-01	4.706066865351885120e+00	1.321569859071644593e-01	-1.730407982567041092e+00	-3.515254382977209824e-01	-1.169166978772106180e+00	-2.342444365453526967e+00	4.524707682716417878e+00
1.489381465644069813e+00	-7.072620744036791640e-01	3.942435529962002860e-01	1.167047104404780544e+00	1.912403091201151095e-01	-4.798266397318705634e-01	1.002324865771274442e+00	-4.916564334683234949e-01
-3.381439365787258788e-01	9.226488023209017397e-01	-6.269125007550881978e-01	3.738944746424759380e-01	-7.747570102099340383e-01	2.341891052667514295e+00	1.635255692032936192e+00	-5.276585070439321346e-01
-3.551712925435700913e-02	4.563224380228265709e-01	1.055465773228677850e+00	-1.771900979560934397e+00	-7.191449179860873731e-01	1.313384154215828659e+00	2.044888835350866518e+00	-3.874994436939429021e-01
3.946554635537329880e-01	3.336129754002947756e-01	1.918254133077793022e-01	4.617739035257816260e-01	2.843122266369360052e-01	-3.170182360106145458e-02	-4.785586843228016585e-02	-2.830783759916825626e-01
-3.416533311200778966e-01	-8.111663147224089376e-02	-1.508535335642739728e-01	5.008341453038520630e-01	6.449016075910751766e-01	2.259161664701238303e-02	-6.352320623870507665e-01	9.634007661493781960e-02
-3.116698732784134451e-01	-5.372725387646625217e-01	-6.838514118888604221e-02	-8.507027024603979193e-01	-1.008769263760862955e+00	1.557290933789049481e+00	1.962043695655460329e+00	1.163109008304199055e+00
-1.825026866801324199e-01	-3.812192506812921433e-01	-2.297957054711705915e-01	-6.521232653654923661e-01	-1.257803317507103280e+00	1.780335686535041484e+00	1.869450141246780994e+00	8.944910987160796800e-01
1.430857470044016644e+00	-7.187171073935131327e-01	2.335327280165545305e-01	9.185805928570799361e-01	1.792625312968022799e-01	-5.004594618809732331e-01	8.696934858279085079e-01	-5.068255092090624414e-01
3.561084170940885807e-01	3.566130521906668016e-01	6.560458686654774274e-01	4.905878690713906254e-01	9.836301873942901453e-02	5.545779381901701222e-02	-3.899422691751392323e-03	-1.440950850052283572e-01
6.437146923933216858e-01	-5.788741649790389854e-01	1.048171735271586913e+00	-7.287321896992469961e-02	8.593208889446108945e-01	-6.210119532226640038e-01	6.242370993159589154e-02	-2.327710455231898901e-01
1.312798844803270359e+00	-6.894217125934517520e-01	3.721632713190045072e-01	1.160765512560054447e+00	1.772426655844227816e-01	-4.318115195298951048e-01	9.571253006466862168e-01	-4.736121531308305488e-01
-2.444112315823657872e-02	-1.099231954850490994e-01	-1.042427018864521548e-01	-6.720274439165948577e-01	-1.284052628334421797e+00	1.716657737964895958e+00	1.402135575943390222e+00	9.527671986504870905e-02
-4.092656272803904538e-01	-4.029097127197898143e-01	-9.844234263170134613e-02	-5.785980142319412378e-01	-7.506723741867415978e-01	1.500058182030016729e+00	1.800484566674998010e+00	1.131895721366608321e+00
1.605636942030977288e+00	-7.956268672050486046e-01	3.495710976877457465e-01	1.115336323863206580e+00	1.482457302631184637e-01	-5.146680570548173295e-01	1.074207165222902383e+00	-5.136530557293472743e-01
6.779543347216356874e-01	-7.598107354002292535e-01	4.336242368082885434e-01	1.209736146883302776e+00	8.002139891560613449e-01	-5.368705424795693348e-01	4.415221044904216741e-01	-2.287487058687759645e-01
1.368172159338517657e+00	-7.426418911539378609e-01	3.322522899836212185e-01	1.082814752516254142e+00	1.863206892083739408e-01	-4.689276075323634552e-01	9.622083033329428270e-01	-4.896411125335566328e-01
-4.040991855679993972e-01	-5.716943386325249454e-01	7.468637308763009797e-02	-9.204873899061983833e-01	-7.975863989212562677e-01	1.423669177300426414e+00	2.072270906392123635e+00	1.306762207450206770e+00
-1.265320605749359617e-01	1.316922453994974207e+00	-5.776069039698293883e-01	-2.123064859912326685e-01	-5.550750540093677410e-01	1.660525069832656353e+00	8.983611686106891536e-01	-6.873118646638064488e-01
1.500327573536484493e+00	-6.097489787608912915e-01	5.527348586260083518e-01	1.457371136270062539e+00	2.513072522551932364e-01	-4.598671546688450351e-01	1.016185751434443230e+00	-3.999739783281545114e-01
1.396863436854389739e+00	-1.494375455675849007e-01	7.586530894605357789e-01	1.126191111778198639e+00	-8.392762974666886922e-02	-2.605457626186174491e-01	6.071587420266175705e-01	-1.475779993019704361e-01
-6.068046692955654242e-01	1.360703722036860297e+00	-3.703633199547494703e-01	2.120389727284230919e-01	-7.657753244328800724e-02	1.894139749674545792e+00	1.306418357806260699e+00	-3.503523743940997748e-01
1.292057884688776026e+00	-6.007185812152446847e-01	3.023680731639203922e-01	1.221438979533296276e+00	1.810014495580835880e-01	-3.960342542549162292e-01	8.655921727208404359e-01	-4.711987735540369426e-01
-6.186290259304311201e-01	5.129447609240517458e+00	4.851767134232674028e-01	-1.917761293759945751e+00	-3.184646464648281938e-01	-1.191523798549414703e+00	-2.558629464570490342e+00	4.691159308751205792e+00
-6.117130452541094110e-01	3.838230618225654478e+00	1.170111620182402307e-01	-1.340310758673896929e+00	-6.861397271299007894e-02	-1.114692780378212067e+00	-2.224743769889311995e+00	4.270816348481180746e+00
-8.184063991664866089e-01	4.535852587290696292e-01	6.612599909257864672e-01	6.047163850930814544e-01	7.606739091598561098e-01	-4.041943019548639715e-02	-8.260703090511702928e-01	1.160573182630434630e+00
1.249937741198381191e+00	-6.221310852278899572e-01	3.996311206452157760e-01	1.395569065643074147e+00	1.191463931069806914e-01	-3.334069200364292440e-01	9.729452444573641889e-01	-4.888083412278944606e-01
1.193151275707574843e+00	-4.559004051916253908e-01	3.867635671473133030e-01	1.521207470777036441e+00	1.549112838663951053e-01	-3.024464355221721523e-01	8.584359701628728745e-01	-3.790545539257956786e-01
8.565057803978290973e-01	-4.517309527791126267e-01	5.678313059674219287e-01	1.258446224039719841e+00	5.367762562935841641e-01	-3.909441289140058173e-01	5.239409429848567168e-01	-2.756032270256237315e-01
-9.615419371082940814e-02	1.232335327803972369e+00	-6.121949372747340634e-01	-2.034987750433265574e-01	-7.458168033081319370e-01	1.834392168395743816e+00	1.101563897316423013e+00	-7.450891322055407384e-01
1.166543775611243561e+00	-4.031989840517768431e-01	2.343424631270488168e-01	1.156659592599942332e+00	2.360291456011497091e-01	-3.685199921119519662e-01	6.559502922981784723e-01	-3.871451289870979640e-01
-4.434215304824273285e-01	-2.740369697509039693e-01	-1.415840663447913705e-01	-3.579001473986911930e-01	-7.489515214478381644e-01	1.673309315294907673e+00	1.926837429398036150e+00	1.061484673488237940e+00
-5.457685660046228682e-01	5.536944324273802565e+00	3.879619484456028333e-01	-2.094345280151597155e+00	-4.217970342356069380e-01	-1.320616030717768563e+00	-2.658825367033402554e+00	5.019082975620795750e+00
1.552913528428950141e+00	-8.211857485173340576e-01	3.965318051221604634e-01	1.408941339820486860e+00	1.456568034236635500e-02	-3.981395193381608300e-01	1.171732052281817760e+00	-5.388575043719415758e-01
-6.696450696343740905e-01	5.463802973455512912e+00	5.150503678046537415e-01	-2.007000621818937347e+00	-3.298465855312265882e-01	-1.245804465821545026e+00	-2.682844643740739166e+00	4.880004432904880396e+00
-2.259280254766905457e-02	1.026608554975779519e+00	1.133432984150981815e+00	-1.572832448828918261e+00	-4.516555361810600799e-01	1.201134881308712155e+00	1.815221726335552122e+00	-7.260371355987500497e-01
1.229929025245904972e+00	-7.137171707167938584e-01	2.182851244877808405e-01	9.373241066115926001e-01	2.756241361511442278e-01	-4.757978751211854318e-01	8.041312242275738820e-01	-5.082814867695260030e-01
3.032571735783453071e-01	-6.396195868019644015e-01	8.220270106628067008e-01	1.486925512336279898e+00	8.549627615180200868e-01	-3.884535334217234515e-01	3.500012387474941145e-01	-1.236532709509245015e-01
-2.461513258929085568e-01	8.735770006295806578e-01	-4.257381842870418542e-01	1.175389443116345856e-01	-6.100427842153173241e-01	1.980862426409557120e+00	1.449146837380664632e+00	-4.461135103518669154e-01
-2.694606899837206915e-01	-3.127746114286770740e-01	-2.355659889512362049e-01	-4.748268384500636263e-01	-1.044947140696599774e+00	1.696258962149445493e+00	1.782259658260708424e+00	8.734613051093703673e-01
2.983555428502684959e-01	-6.496500934741342714e-01	8.152924040446829501e-01	1.229351674890442059e+00	9.704960118808898528e-01	-4.653688602733078716e-01	2.702340667941508512e-01	-1.468224225245385872e-01
1.267800297753602701e+00	-1.049941705346433940e+00	3.856727501763869137e-01	7.323198168719546874e-01	6.293655825094018885e-01	-7.114105621488058251e-01	8.176477552230854151e-01	-4.314875886252705350e-01
1.035070190949499702e+00	2.544144634160198648e-01	2.212979889088953211e-01	4.265307052500852958e-01	4.153069405990347240e-01	-3.856968204166758563e-01	1.150758036467413870e-01	7.499451102001464253e-02
-6.544555869026686956e-01	3.259208474176647830e+00	7.187098821638614188e-02	-1.056909798174391346e+00	7.202527739503081228e-02	-9.524185231076659486e-01	-2.030623763634578971e+00	3.828107583691864324e+00
1.165317286647053141e+00	-5.390210881074951610e-01	1.680876076926234031e-01	8.308144043434083637e-01	3.502689571813378810e-01	-4.723490477760962092e-01	6.213148373122746593e-01	-4.443991990550292259e-01
1.402723281848845094e+00	-8.498829398950229486e-01	2.681861040438916488e-01	1.052905479764008945e+00	2.108919898467244425e-01	-4.888066969125633432e-01	9.790560993034912451e-01	-5.459353685202283923e-01
-3.822794859160872361e-01	-6.816623554002896324e-01	1.500674109600026729e-01	-1.093582041024851570e+00	-8.712489900937721021e-01	1.380684190875888007e+00	2.160057029291372999e+00	1.432796340188805972e+00
1.360675039935222319e+00	-5.359412482001486566e-01	4.378198710557791307e-01	1.491892727129658702e+00	1.171863632624311757e-01	-3.471259525314385752e-01	9.816935332583472951e-01	-4.250733085932369426e-01
9.177834483538432897e-01	-5.568245129296240936e-01	4.137014355136893196e-01	1.624897342143410306e+00	2.708094845808080020e-01	-2.662347099555514296e-01	7.831631151900355636e-01	-3.851181557324423466e-01
9.319174566061028120e-01	-5.404193545842655988e-01	2.065218230079675643e-01	1.151146552597865469e+00	3.053813195233512356e-01	-3.485553030980761968e-01	6.389490571402332009e-01	-4.318061531921266738e-01
1.256223347298146331e+00	-5.728355783235036247e-01	5.008546786420428054e-01	1.686174952915312719e+00	7.162912764599976834e-02	-2.777370003504696094e-01	1.042088488180776817e+00	-4.249327010874061616e-01
9.531492727381251084e-01	-8.902027112183084068e-01	4.544389200642556803e-01	1.856206639643672052e+00	1.291771308734943335e-01	-2.129950958310768971e-01	1.118043657913391442e+00	-4.900006178955307323e-01
1.391268987339085328e+00	-6.990055654018297870e-01	2.538574238231273705e-01	8.936527503848042953e-01	2.610434627849440581e-01	-5.203004213716403425e-01	8.417555319598039043e-01	-5.012021476345002169e-01
1.314858609663940081e+00	-6.354449637789778560e-01	3.486229050379732186e-01	1.204111144390970445e+00	1.748095745861379668e-01	-4.123939648535416280e-01	9.218731595669699130e-01	-4.749390321911585722e-01
1.591333266575218675e+00	-5.816246956383259725e-01	1.948427285332289538e-01	5.672358538781655524e-01	3.279427136086607852e-01	-6.572179796696873133e-01	7.145882660003307629e-01	-3.992065592188883683e-01
1.065820309727995019e+00	-6.636142267358886848e-02	7.261726673207801186e-01	-3.959466224725444738e-01	1.002470278730613618e-01	-3.675645126172245036e-01	6.194081774975346288e-02	-2.467037628563729657e-01
-2.647868411079258300e-01	1.332266777496674548e+00	-4.461631592828350645e-01	-1.819254718739362897e-01	-3.550535547107785406e-01	1.582122778843482180e+00	8.768115462374029834e-01	-5.317344331232550791e-01
1.299406759730835415e+00	-7.700937503530025374e-01	3.305257678659914156e-01	1.308596308857396640e+00	1.350958141549818692e-01	-3.849394990651975323e-01	1.002539216258377941e+00	-5.265499638221688983e-01
6.799874152929153981e-01	-6.313707922759498326e-01	8.370473219627467820e-01	1.306794935376709876e+00	1.135104900092229974e+00	-6.626841020271725391e-01	3.589343224846984759e-01	-7.351935444169677581e-04
-3.125131093242432545e-01	1.132256437686669281e+00	-5.215105263720477557e-01	6.763282914905030530e-02	-5.559846167750431833e-01	1.999025673074035225e+00	1.319527798912603078e+00	-5.811913948248477180e-01
-6.519232312632452508e-01	4.749347098188456684e+00	2.680141605235567548e-01	-1.545432324687971981e+00	-2.135400963645157080e-01	-1.117128118865923891e+00	-2.397661672265112287e+00	4.640084843747565024e+00
-4.994252340019924019e-01	5.466575979255911655e+00	2.831128699709295482e-01	-2.058560087857828513e+00	-4.479368667835149642e-01	-1.321735812657916398e+00	-2.591386307876492268e+00	5.066701699015805360e+00
8.264940907536875159e-01	-9.464212119142961788e-01	2.066890362243083701e-01	1.305432160297517186e+00	2.430379332728037911e-01	-2.818734881586469343e-01	8.691539659343239244e-01	-6.151673420055633335e-01
9.443755349654880948e-01	-1.684618431962997820e-01	4.493030759231677607e-01	1.572389503174723036e+00	2.002318279095073039e-01	-2.063440262806512937e-01	6.411110789991103509e-01	-2.256523475929450573e-01
1.281459538721301916e+00	-4.212849082900695374e-01	5.098628358249055470e-01	1.816988302347894546e+00	-3.578483713407616673e-02	-1.936173011934906873e-01	1.012080518911336879e+00	-3.884553909694671292e-01
-4.341090650825621400e-01	4.977518477241754447e+00	4.540916350664429002e-01	-2.160981777123438974e+00	-5.594655034647750824e-01	-1.126298416892400400e+00	-2.556078656604374277e+00	3.702022796290332263e+00
-3.321287650746103104e-01	-1.384507405277179276e-02	9.024982993710265466e-01	1.471859952048987896e+00	4.496986040617507729e-01	2.399462304390991285e-01	-9.482104803791248718e-03	-2.015170213918427433e-01
3.525339194471610038e-01	-1.427510117727018024e-01	6.454547496995167721e-01	-7.642523286754389078e-01	7.748553142021448181e-01	-4.708806366165445012e-01	-4.021882366008502352e-01	-2.618396906880997577e-01
-5.510082018872826115e-01	4.435627920474557229e+00	-4.924084337726489929e-02	-1.631356998285022231e+00	-2.877134279884328016e-01	-1.231650477855052328e+00	-2.293933652826655845e+00	4.938114671655427834e+00
1.462200750605952226e+00	-9.042453017438051299e-01	2.285769366153508897e-01	9.568097574732928878e-01	1.740119048153747905e-01	-5.136514651151821154e-01	9.864317255311968458e-01	-5.704014113843488554e-01
-4.997311572320163320e-01	4.520803575349258807e+00	5.829675199713997558e-02	-1.571088677232481912e+00	-2.975198402907370254e-01	-1.106089805908160972e+00	-2.284121980727342294e+00	4.481791456737810542e+00
9.088866539163237279e-01	-3.615386664603792988e-01	4.716790019919954169e-01	1.714336473559684215e+00	1.179734846626042943e-01	-1.483430158422208434e-01	8.239631814495943507e-01	-3.899934329804788935e-01
1.414879827754801145e+00	-5.743440497235693387e-01	2.513161578721965772e-01	8.371139964359495256e-01	2.697861669192211931e-01	-5.380166597500793957e-01	7.660034348394163528e-01	-4.167257100870385700e-01
1.467275459076224364e-01	6.191778265588122609e-01	1.247505237509614728e+00	-1.902215826222205530e+00	-7.771680101479786495e-01	1.168534568774920901e+00	1.849993780314632241e+00	-6.973928230443260379e-01
-7.450018284718754047e-02	1.047302561943064036e+00	-5.604025623883320817e-01	-2.381501104064699947e-01	-7.457047512361232311e-01	1.668373947194917717e+00	9.494012771915254500e-01	-5.372083498911918165e-01
-7.078448354005416610e-01	3.796326054073086986e+00	2.045838614969207603e-01	-1.082121074805543648e+00	-4.413893467053305042e-02	-8.836386678071325163e-01	-2.078285878367825301e+00	4.097264546080042535e+00
1.509338429837512763e+00	3.307150274735640161e-01	3.639332737337401813e-01	7.493192975506468567e-01	1.362116573708226641e-01	-4.129419992424454566e-01	4.451855403350409301e-01	4.956234188663249940e-02
8.652366657433937513e-01	2.556669260791827880e-01	7.879713258507654583e-01	5.222496798207639790e-01	2.846419877885659755e-01	-2.399974442623518112e-01	2.487261420721514071e-01	-8.326158259816059115e-02
1.458391696554084849e+00	7.852340091728435834e-01	1.447201446716851470e+00	-2.668875638049959531e-01	-1.171484252269233250e+00	1.301143386528305745e+00	2.494835325170895679e+00	-4.595736034718875818e-01
1.124496243781248767e-01	-7.681075104682903998e-01	2.252481695752400759e-03	9.559949871989629200e-01	3.580781908542950420e-01	-1.297823047701029686e-01	4.209683061512828339e-01	-6.731254379791474785e-01
1.184256574113949689e+00	-6.710890887098105440e-01	4.156120743798945583e-01	1.450251959279591052e+00	1.867113511911893398e-01	-3.365851580636647911e-01	9.588313039260911719e-01	-4.894353421963430484e-01
9.565994494940661674e-01	-6.218558407338651284e-01	2.643179561301235436e-01	1.259980634294826096e+00	2.808732807180353008e-01	-3.372275488636575780e-01	7.600020936215424738e-01	-4.732447871813718621e-01
1.844142918708567280e-01	-6.741003905847099409e-01	9.355780922419811851e-01	8.932121114762506808e-01	9.232601128578972194e-01	-4.152136590674790351e-01	2.349757793334542877e-01	-3.023735476907079556e-01
9.706866599276853247e-01	2.389007357664801878e-01	8.141940250571968463e-01	4.981715280245865851e-02	-4.233386244280445965e-01	5.769828017397427011e-02	2.335721244237355387e-01	-2.728041907650575193e-01
2.653424994661806036e-01	-4.068615534230232145e-01	5.331037308026801425e-01	7.308776627022881556e-01	3.146280946830243286e-01	-1.020403558786565357e-01	2.769302525770701018e-01	-5.211540671856690343e-01
2.084222684704660489e-01	1.211278862286587765e+00	-3.574697757177015822e-02	8.895443115451632243e-01	-1.037309321230147630e+00	2.108819535494193875e+00	1.715351527731878933e+00	-1.667928456556534433e-01
-6.050715912868699364e-01	5.602856484828132366e+00	6.374811187588088623e-01	-2.310691777685768056e+00	-4.302607168943453075e-01	-1.281614567913107461e+00	-2.794192272554052447e+00	4.631864162846343724e+00
1.439072253083080399e+00	-5.765725109891983724e-01	3.338748545784325783e-01	1.001308629795433003e+00	2.115652350310635310e-01	-4.986489306462835169e-01	8.525237137662400322e-01	-4.058360450682080844e-01
1.368676485237136475e+00	-8.309267942654209316e-01	2.328600720868415630e-01	9.082023322073201621e-01	2.560014002982264891e-01	-5.136935065219495611e-01	9.043851309052115539e-01	-5.531599346915380133e-01
-1.720766844690931885e-01	-3.807670894441064213e-01	-2.001939732661492666e-01	-8.067020186599903608e-01	-1.134145848801385803e+00	1.527285938179671732e+00	1.441240197959233527e+00	8.833838980190518164e-01
-3.635889216783926292e-01	4.189445624195707596e-02	-2.710721571244700812e-01	-2.442153237022001433e-01	-7.743022122993863388e-01	1.765537455242998544e+00	1.708316589761050386e+00	6.669750442614686969e-01
-2.942246761213755946e-01	1.441923354608521501e+00	-5.308652318332709452e-01	-2.020806278137327328e-01	-3.938603038360428688e-01	1.635458643760262731e+00	8.815024051013494732e-01	-5.651490236949544554e-01
1.451262543135585448e+00	-8.379324620613248786e-01	1.171726407439991763e-01	5.477250072837639427e-01	3.901247121471080881e-01	-6.464114937158582652e-01	7.764524693391648968e-01	-5.778707499977040474e-01
-4.864751276038583039e-01	5.737512411317322147e+00	2.178129681619108415e-01	-2.200099602157779444e+00	-5.610910223734550950e-01	-1.379857613743218359e+00	-2.624250600064022443e+00	5.456585680175810360e+00
8.462348003463380230e-01	-4.266081507955195584e-01	2.097248577577982553e-01	1.074518568135768071e+00	3.465444151835259667e-01	-3.110707907586154342e-01	5.462267996385948843e-01	-4.102739237084391810e-01
-2.979582570862603919e-01	1.091556735528970812e+00	-5.287449358819689138e-01	7.822419405148467453e-02	-5.501038446214755462e-01	1.934231366912597450e+00	1.236948500570242526e+00	-4.585363275284649043e-01
-7.131256647557879802e-01	4.889990652443479746e+00	3.682467689512234355e-01	-1.677244737553664766e+00	-2.079419454077493512e-01	-1.207373894561028838e+00	-2.491734919023079531e+00	4.909480764206852754e+00
-7.460311016228131642e-01	5.103138251569848904e+00	7.459741013291966150e-01	-1.740832727483861753e+00	-2.118773228470576531e-01	-1.121130860058219936e+00	-2.552777808464139042e+00	4.655278919532078064e+00
-3.390257873227539021e-01	1.386858775208804628e+00	-5.187479703248311091e-01	-3.238486301955195712e-02	-3.992374741677103822e-01	1.864477983954895279e+00	1.169920939045536734e+00	-6.006309423112733414e-01
1.526647238853661603e+00	2.779991584339887023e-01	3.231641318823992304e-01	5.823613522382629082e-01	1.910501418550078767e-01	-4.625689779893224496e-01	4.158202144016012181e-01	1.131555187987826061e-02
7.791319501275986159e-01	-8.260396236966911082e-03	1.126812306271198993e+00	-9.708908508339393340e-01	-5.779315346616934468e-01	3.649356760817518142e-02	2.470653026746892633e-01	-4.699875827028837660e-01
-7.204501067437912853e-01	3.736581695132777714e+00	5.787280825775041881e-01	-1.172170697534560491e+00	-2.259329376096619324e-02	-7.544134348811217805e-01	-2.053053253337764783e+00	3.557837045827253242e+00
-9.845113164287969676e-01	3.372592394859756038e+00	8.776591350704938677e-01	-9.260606780538571670e-01	2.794194673152876618e-01	-7.229064626154982909e-01	-1.972108935687232334e+00	3.716932366024824574e+00
1.009807605477019532e+00	-4.763662447044469950e-01	4.796679996770730758e-01	1.824119793167327419e+00	1.014624493091141888e-01	-1.752061939735563567e-01	9.520278297725961458e-01	-4.156188542924920681e-01
1.417026976536042371e+00	-4.998980120035190211e-01	1.855979309869507654e-01	7.917326441899427136e-01	3.604475834202627293e-01	-5.669995495146040732e-01	6.305997359650712397e-01	-3.569149184220030691e-01
1.116039830629324880e+00	-5.258930722637800148e-01	2.454302962558851386e-01	1.170507094682427418e+00	2.582075942926344014e-01	-3.750685598572915391e-01	7.201446700107592136e-01	-4.428411995130118184e-01
-8.687639391946015976e-01	4.596562142441600329e+00	5.820487270122371992e-01	-1.456413967497518946e+00	-3.436106549115233028e-02	-1.093518890915350150e+00	-2.426102338368776756e+00	4.655013288890114787e+00
1.318917709827056139e+00	-6.852768049077430090e-01	4.431737909613315818e-01	1.267248003784635202e+00	2.372867819908720255e-01	-4.238449769335139727e-01	9.628878593194213353e-01	-4.795567846723085559e-01
9.696306508265495339e-01	-7.616956544086862513e-01	3.366952271804831698e-01	1.601917752295103803e+00	1.440136888097881263e-01	-2.420670319618112021e-01	9.607806236435924019e-01	-5.196750021809388720e-01
-7.888783863797596552e-02	9.071627859973657726e-01	1.349660693105887155e-01	-3.785745352231572602e-01	-5.946310365193848702e-01	1.792017888831043404e+00	1.646726798887767185e+00	-8.741313341175147578e-01
5.310599969292727485e-01	-5.052566397106021956e-01	3.262765711718080830e-01	-5.592074027284543725e-01	3.696196041929067366e-01	-3.510618486272025218e-01	-2.615783437823847313e-02	-7.217717440216948610e-01
1.126020268052514872e+00	-5.034777157910218515e-01	2.924405410637486158e-01	1.307966829591201474e+00	2.197452001188528181e-01	-3.479583833178774843e-01	7.721201095506443624e-01	-4.084528562039225208e-01
-5.966728150893858551e-01	-7.824506142696868727e-01	-4.430052614663667065e-01	1.151316163135331916e+00	1.042262559025617152e+00	-1.513844616290791478e-01	-5.445248239183944072e-01	9.934491684024391311e-01
1.424754574251661854e+00	-5.759387669879090232e-01	2.649197129000824824e-01	1.047329286256572622e+00	2.251130601421826027e-01	-4.888255589395022471e-01	8.234134412194814567e-01	-4.221060254721709093e-01
-3.891931316436090804e-01	-5.058107584126851908e-01	4.305548416344375795e-01	-1.128984923224870762e+00	-8.484433684101394535e-01	1.466119704757707032e+00	2.081082551912109668e+00	9.055896518811915596e-01
1.023399320577694560e+00	-6.651235848818196628e-01	4.862568919931203881e-01	1.391426143252067149e+00	4.352984322141744133e-01	-4.164806313310411290e-01	8.164311055957225172e-01	-3.777169502046992533e-01
1.284353693027233456e+00	-6.718968769567419397e-01	2.360644638548411167e-01	8.658453255007808602e-01	2.845726645799093735e-01	-4.944188272186857969e-01	7.839837213724266674e-01	-5.064853298241041024e-01
-8.902107216944213364e-02	-3.051379191935802981e-01	6.247974956906338084e-01	4.323893043850998152e-01	-3.723855059097349457e-02	1.969622643198590817e-01	9.700172478745858196e-02	-6.136599049403678174e-01
4.961925764162576358e-01	3.677255895870976815e-02	9.374960875375313307e-01	8.303706342362615622e-02	-2.567935983146025711e-02	-3.735363124426238635e-02	1.505460442368411478e-02	-2.068518299535494487e-01
-4.950564739082136123e-01	1.341844233077057469e+00	-3.603845545205853762e-01	1.421459488568663221e-02	-1.834612361904367217e-01	1.887780207523680920e+00	1.397265994877157080e+00	-4.920993321939262088e-01
6.319527607364161526e-01	-8.722284093225871060e-02	6.058957273745131378e-01	-1.181585316761418980e+00	-9.902636033947017635e-01	3.741227423950321263e-01	-1.065775455468941646e-01	-6.311474098174632008e-01
1.080218429030295857e+00	-5.702664224438762641e-01	2.529306879850727330e-01	1.174685860665132253e+00	2.826697579579199315e-01	-3.838692637524965812e-01	7.354828187538600126e-01	-4.373981827301070546e-01
9.758818035946962288e-01	-7.898423813805641736e-01	2.569565357501113478e-01	1.334519536728453026e+00	2.456892647631858939e-01	-3.269642073501930479e-01	8.686538935809918760e-01	-5.328906257886599773e-01
-3.869345340473391848e-01	1.156337950306223661e+00	-5.031037872272374756e-01	1.084299401581557409e-01	-4.869703764719891526e-01	2.005178385385185003e+00	1.366794960852093954e+00	-4.367314967535151360e-01
7.091236700527815406e-01	1.531025603246843614e-01	6.888765585033418404e-01	-3.685775227961848866e-02	2.558971927396158641e-01	-2.322123692067178946e-01	5.540855247055632982e-02	-2.123482422783784518e-01
8.503170046741170829e-02	-7.053070248635943118e-01	8.490673846238191436e-01	1.366310511454509768e+00	1.116515322392580334e+00	-4.603794752034258697e-01	2.177324621046209940e-01	-1.353862486487867889e-01
8.276032231173613418e-01	-6.673022983715410916e-01	1.465900227617391027e-01	9.443727648375118688e-01	3.745216993774512781e-01	-3.839457784039377874e-01	6.155593009691230355e-01	-5.068659433368567502e-01
1.736488511919647815e+00	-5.464222487409103879e-01	4.387244585074692171e-01	1.259047541032484840e+00	8.870323914824096434e-02	-4.871211368877745862e-01	1.049373247621619765e+00	-4.113025058518994248e-01
-8.514745217066812533e-01	3.077399745453643920e+00	1.552661023373815841e-01	-7.908257212310312312e-01	3.356886609794855758e-01	-9.132414895568625735e-01	-2.017702435680758466e+00	3.829252832089214742e+00
-5.577155593366591724e-01	5.115726445300423642e+00	1.242566675397641651e-01	-1.839669706154157591e+00	-3.814987354013065768e-01	-1.268442735272588440e+00	-2.479977689373579874e+00	5.099095074777993730e+00
-6.058263593696804339e-01	3.819986389869836074e+00	4.094624429673719979e-01	-1.249008885166373206e+00	-1.078089027905645841e-01	-8.541238820953483968e-01	-2.047030125770523679e+00	3.813031042985800312e+00
-4.491119788892680709e-01	6.210783099653636619e+00	5.110413292242514949e-01	-2.702010600901822546e+00	-6.535149017937138538e-01	-1.518423055071434824e+00	-3.001561711130254828e+00	4.829419210724100076e+00
-5.051645807334649296e-01	4.209103131774628359e+00	-1.351919798054564137e-01	-1.492155032355922728e+00	-2.602679293157159068e-01	-1.151293653258387950e+00	-2.217654081841630820e+00	4.591462273616663481e+00
1.084527481404971017e+00	3.215699140289340341e-01	2.926701459012202022e-01	6.968541330518310817e-01	2.647205365468794369e-01	-2.856309377359639856e-01	2.646191766126596567e-01	-4.033505630095755856e-02
1.391996739578760689e+00	-6.717255700973917554e-01	3.957842382350595933e-01	1.236421981238850609e+00	1.710260491766824320e-01	-4.372752965496997657e-01	9.830543932328983381e-01	-4.678990343956633824e-01
1.456411003284145300e+00	4.699457358630898529e-01	4.800632150531017883e-01	1.247582245034120074e+00	8.914483899671279965e-02	-3.087015688796792556e-01	5.149124303556040783e-01	1.492129068663832769e-01
9.742316460143404244e-01	-6.360472009544602123e-01	4.370024704824393424e-01	1.827306142394780064e+00	8.177285341165763111e-02	-1.627338665531446737e-01	1.016567101818261598e+00	-5.023613812284841718e-01
