1.268662393617459028e+00	-8.487026624060497459e-01	-4.728055972820361386e-01	1.498541268577535668e+00	-1.728037175248964830e-01	-6.545593632266135664e-01	-4.299639505207279999e-01	-7.030556060256721862e-01
8.454069761048088605e-01	-1.386137364257320925e+00	-3.531995566386827434e-01	7.202702944491798931e-01	7.060740458893490779e-01	9.117579632887923280e-02	-7.298407035735371418e-01	-1.037489331951888971e+00
1.447602122537515301e+00	-1.233155173426771389e+00	6.642764093098141309e-01	7.284979450278735724e-01	1.165261700692680646e+00	4.198192567535680708e-01	9.101820842572691528e-02	-5.697800460893193142e-01
-2.527795723985760967e-02	-1.726540497059218859e+00	-7.048302564566025774e-01	-1.143739710709549412e-01	7.570816164477576216e-01	-6.982015250494720826e-01	-1.511625842592964952e+00	-2.560878816544027714e-01
6.111840376014325837e-01	-7.151023768878775888e-01	1.474180945621004213e-01	-1.079143865309975858e+00	1.766588566731700505e-01	-8.378306996483969593e-01	-5.750965750568565182e-01	-9.222615755672368409e-02
6.604538134462981658e-01	-5.407253239528487798e-01	3.673972033374704738e-02	-1.079441796115625518e+00	1.382746626142368762e-01	-6.400304022237635060e-01	-5.519083068259912350e-01	-2.261908072080228704e-01
-5.823467898791853670e-02	-5.965634219517375048e-01	-5.756067751242656128e-01	-1.258536318705789858e+00	2.158238125771656524e-01	-8.141057590515219378e-01	-1.211505127335748444e+00	2.607940050250018849e-01
2.356248686758047328e-02	-6.525871124592599326e-01	2.837172115855724486e-01	-5.663074865018852266e-01	-4.639942838172106954e-01	2.309343282233422001e-01	3.061247917102816740e-01	-7.080439148097381619e-01
8.269911165272093578e-01	-1.319593781331965143e+00	-3.524761579020074254e-01	6.037576592367706052e-01	6.617912575586986090e-01	9.726268506246343870e-02	-7.161593713715396214e-01	-1.030502742084308032e+00
-5.325846804594193407e-02	-5.595522675800291834e-01	-6.195559018749956515e-01	-1.268638358405275168e+00	1.925098197042510728e-01	-7.937575016076455769e-01	-1.240782812636113119e+00	2.740083324462385117e-01
1.327123681188943305e+00	-8.747536208114216061e-01	-4.851125611196894227e-01	1.806468965592862519e+00	-2.249870427756215929e-01	-7.131527267819414151e-01	-3.839255071973299849e-01	-6.916152780312959658e-01
1.018558245068594825e+00	1.583013141431835746e-01	-3.507070555233588460e-01	-2.859321625107208442e-01	-4.523374875744925472e-01	-5.462787398331023780e-01	-2.377732420149228365e-01	-3.813215011344349148e-01
1.864802131635325377e+00	-1.020207812083664622e+00	4.966517399309849368e-01	2.122573824376859264e+00	3.163338552106171875e-01	-3.394302368852318286e-01	4.184444871113079945e-01	-3.787473814391934535e-01
6.836704019791497444e-01	-7.167570358251929008e-01	1.624208503078960142e+00	-3.583261682609666932e-01	5.327817329939615876e-02	4.291661760638953993e-01	1.346794089391225135e+00	-4.041835336991163596e-01
1.843120957245045100e+00	-9.058926697758412638e-01	3.848834755972966870e-01	1.943920978236833186e+00	2.446441402094783335e-01	-3.767666493064762423e-01	3.155382356959738344e-01	-4.749733276404500271e-01
2.093155942898398347e+00	-5.693727936474590745e-01	7.607379684635624528e-01	1.625213670621683315e+00	3.103012967590356719e-01	-2.692006823532185344e-01	6.923341576655250851e-01	-2.066882127083615739e-01
1.529541264509790111e+00	-1.153448933740699456e+00	7.213957294062829373e-01	6.332242296410367510e-01	1.131105061075979634e+00	4.235485671904348215e-01	1.614203201482649064e-01	-5.023923352781718421e-01
1.719088327554682272e-01	1.979457853580590954e-01	-3.742964709613752494e-01	-1.407942047244293837e+00	-8.256405233384186415e-01	2.214079076192105866e+00	9.348595663082152063e-01	7.136484344924527434e-01
1.318094909480318266e+00	-3.807079610959731020e-01	9.686283950992996550e-01	-8.914947658107181816e-01	8.172990172237031281e-01	-2.337684419917901157e-01	2.263517694380702827e-01	3.825608473298925949e-01
1.249850115732829670e+00	-4.774814907927850127e-01	6.942759823341614345e-01	-4.511794165269532586e-01	1.535047818582456758e-01	-1.133951445266288882e+00	-1.454310102458820919e-02	5.726734779902044048e-01
1.287596507045538852e+00	-1.013873192340885909e+00	-4.820597948947236144e-01	1.738577845537754962e+00	-8.849377095175584018e-02	-5.982897630036551062e-01	-4.578585956160649006e-01	-7.661596246075210725e-01
-5.762373220212080316e-02	-1.835744986597459549e+00	-7.632481283434999764e-01	1.156369416248479304e-01	8.849970615911524341e-01	-6.190370529738135064e-01	-1.557823020646794454e+00	-3.543563063264145163e-01
1.847188775334815292e+00	-9.913348263592798304e-01	2.811604343519554794e-01	2.240747919682084977e+00	2.252856796681235174e-01	-4.501630153718060856e-01	2.623639523790568528e-01	-4.268931288328809415e-01
1.124336678335400741e+00	-1.121542567833634596e+00	-2.344785282915208546e-01	1.251993334612586217e+00	-1.796550524963476392e-01	-1.118885398437241996e+00	-4.637637849077964614e-01	-4.607570780496080820e-01
8.651919970232654356e-01	-1.092955043873305554e+00	-3.000280016450752041e-01	5.659180582468467668e-02	5.312795955161393469e-01	-1.810715210573472789e-02	-6.913641442237151713e-01	-8.886295566593795936e-01
1.903030716070238659e+00	-8.399040740680233652e-01	5.129428347391328247e-01	1.766347395511659535e+00	3.303392103729765883e-01	-3.097952974589683328e-01	4.197253231618632285e-01	-3.496250689155824820e-01
1.702078690914110348e+00	2.111518212296641661e-01	2.526233947809521374e-01	4.601724658546686442e-01	-3.586595808026006305e-01	-6.840137204684976213e-01	4.554484023511966573e-01	-1.224482505637681899e-02
-3.281582959138988620e-02	6.709148170694544389e-01	-3.653298679501805202e-01	-5.232824253773199485e-01	-7.724140682016706894e-01	2.495989218020193690e+00	9.759286815960925843e-01	-1.873379283184549160e-01
1.917795143058151908e+00	-1.017915089438591103e+00	4.945224856820559789e-01	2.176799366700556071e+00	3.866126956793441427e-01	-3.194811720054703819e-01	4.011724324073359105e-01	-3.964840382519644879e-01
3.975136374566062836e-03	1.067805177638994962e+00	3.964776470684045484e-01	-2.779894987621339131e-01	-1.129978201624063816e+00	2.347949932551595342e+00	1.711965277311048972e+00	-9.305766019560934854e-01
1.354433803595087360e+00	-2.366104623666301088e-01	8.031253301356479080e-01	-8.444528583176255099e-01	5.896607258040569288e-01	2.091065874118398782e-03	2.909214922770930745e-01	-7.223800844598643467e-02
6.772093106021450648e-01	-3.449909666061811153e-01	1.487378020920301358e-01	-6.007555213974162811e-01	-3.627730464094575114e-01	-6.955594957134932921e-01	-1.414588022616365681e-01	-4.914459267141182974e-01
1.193102563621184720e+00	1.630114917075325132e-01	-3.724926679977575428e-01	1.741056011353923905e-01	-6.150614507141556331e-01	-7.204151493201302880e-01	-1.356140908239452381e-01	-3.394586137153514094e-01
1.782508683052915766e+00	-9.561108768088282250e-01	6.293749999121303063e-01	1.370622320654996562e+00	6.055689526137142398e-01	-7.241361804862389562e-02	3.879519462051888024e-01	-3.838536582417118592e-01
7.081847415730075923e-01	-1.444409759951133188e+00	-3.993508121420807910e-01	4.461870588763237055e-01	6.806741551531021450e-01	-1.032683581361610869e-01	-8.938907976236839525e-01	-8.903191538728610910e-01
1.877960162218644147e+00	-1.083076244237924479e+00	4.184353765017946314e-01	2.288792630172638898e+00	3.556840809528579728e-01	-3.315245841453111075e-01	3.448022820583198644e-01	-4.409972605519188460e-01
-4.117924057804359106e-02	-7.408717600601611997e-01	-3.943847556267229271e-01	-1.241374885223110347e+00	1.988420004114912487e-01	-1.021712837278831554e+00	-1.131287186124098065e+00	3.855218848763174999e-01
1.831866717922863597e+00	-8.485592362038875125e-01	4.526753188971537889e-01	1.614640450174631647e+00	3.487442414659919776e-01	-3.370856645114008732e-01	3.334249830424919070e-01	-3.400345834951663537e-01
1.862762727547381703e+00	-9.455167975436225003e-01	5.001302240326032100e-01	1.785616662009270383e+00	4.181452682530223952e-01	-2.576490279137969575e-01	3.606193294931577809e-01	-3.963663931400068230e-01
2.767346853134393658e-01	7.651793032711367015e-01	1.522414501176922785e+00	-2.726974042094296724e-01	-7.487178524524656931e-01	1.650946858698066011e+00	2.179100382989739515e+00	-8.436354063708968454e-01
7.263306030195667562e-01	-1.147769094886246011e+00	-3.172633866963563976e-01	2.638560999386884154e-01	4.963189056462182225e-01	1.237469384215101470e-01	-6.250767647524587689e-01	-9.604852094430597065e-01
-3.903927138242591632e-01	2.860063764113276452e-01	-3.793201489176640240e-01	-1.462583114037641518e+00	-6.877492889083032246e-01	1.926245763380106446e+00	1.025273711613884586e+00	1.289024240522225195e+00
1.526463559517224233e+00	-1.158309271768884763e+00	8.312531236534287382e-01	6.603312902523696959e-01	1.122459484155056142e+00	4.639709129742640159e-01	2.895475773920699325e-01	-4.467456320399247338e-01
1.300767872014930271e+00	-7.327088941553062673e-01	-4.620359162060638791e-01	1.241081593921988357e+00	-1.936931455691483228e-01	-5.976285585706861969e-01	-4.169297309921910499e-01	-6.949469039803046755e-01
-2.362433312917279760e-01	-3.092475263268214536e-01	-4.991945307297984136e-01	4.320896598813873668e-01	-2.293839104914161264e-01	3.302685831977710595e+00	9.464838969208506647e-01	6.878798114886700010e-02
1.506987583514240558e+00	-9.953424311844750738e-01	7.608409382902254769e-01	3.638279587761404921e-01	1.073011489214976244e+00	3.936330904013607412e-01	2.167811665103416829e-01	-4.451906137423216614e-01
8.766796422550670043e-01	1.194963798946870215e+00	1.569790625451769062e+00	-1.522936183613849692e-01	-6.317654159748608000e-01	2.251478337519181583e+00	2.442453686808552682e+00	-5.802061630588022378e-01
-9.626140808306250796e-02	5.664033451036064593e-01	-3.624209192143555969e-01	-1.664263152230040177e+00	-7.484595197816416023e-01	1.369330279403993877e+00	7.225307110898820939e-01	9.377376879168101143e-01
1.664790294773475177e+00	-1.187567822144234064e+00	1.127343410856830458e-01	2.110525291663474690e+00	3.410726083007833420e-01	-3.378178371529043655e-01	-2.075609825065466429e-03	-6.244129593542764312e-01
1.542383678519422485e+00	-1.293335895140578895e+00	9.270322578522079970e-01	8.362699254163457052e-01	1.272529932876605985e+00	4.072451767211908713e-01	2.885527328569366667e-01	-4.205390851508805650e-01
1.321392654433365121e-01	-1.661380523908105422e+00	-5.282592073416694234e-01	-1.082755813922516158e-01	7.321832273068917818e-01	-6.610268079611603120e-01	-1.333912871088055674e+00	-3.872669125407023905e-01
2.899903125627401046e-01	5.945797581540684940e-02	-6.900855406046226825e-01	4.520464089719526957e-01	-7.766389524877389539e-01	3.656667982066666767e+00	1.016551194491543075e+00	-1.187681319167178118e-01
3.953736002169810360e-01	1.291839366354141927e-01	-5.060350506915798352e-01	7.322893066013801411e-01	-9.840627002130504231e-01	3.093284024786310038e+00	9.777584857174372868e-01	-5.931115557298104468e-01
-1.115362856198053448e-01	-1.418321815450516610e+00	-9.399944810297103936e-01	-2.169299028737080304e-01	7.707535156285607592e-01	-4.716178218128090349e-01	-1.604869881803708820e+00	-3.181640849696714679e-01
1.328247919512253628e+00	-7.648461861676344453e-01	-4.966601984311405649e-01	1.727948176491462373e+00	-2.931276758326320508e-01	-7.482225737224936779e-01	-3.609752190121803261e-01	-6.493359351661164292e-01
1.155167012593937725e+00	-6.933303345693248021e-01	-3.165396419055548916e-01	1.107554743333014624e+00	-1.885212050603182754e-01	-5.511205884105524477e-01	-3.076904927314161875e-01	-8.659919977539481950e-01
1.216161940843178302e+00	-7.957664538777177166e-01	-4.310559408516708157e-01	1.164538041120024792e+00	-1.190771381822344904e-01	-5.582762977539524885e-01	-4.381091834639366245e-01	-7.438571250207817176e-01
-9.151195406367337859e-02	-6.609930176148889336e-01	-4.993522000470695388e-01	-1.205449083201540983e+00	1.676350382775581571e-01	-9.683937508197694166e-01	-1.195646107067167119e+00	3.634991223113124281e-01
-7.481853488985313883e-01	-1.987550315536511791e-01	-9.142883097971156448e-02	-1.090478662993329850e+00	-8.896211849127504401e-01	1.106989388906833405e+00	1.112877039733924933e+00	1.118885167969220440e+00
1.472528432505004758e+00	-1.702808681780231537e-01	7.639585399395786292e-01	-7.198254958524550329e-01	6.579962646628172429e-01	2.899947311742452905e-01	3.871605766991218500e-01	-7.724587072009353461e-02
1.865579013358784399e+00	-8.488715442537407840e-01	5.595362171260341855e-01	1.496640776618128887e+00	4.379934694517739202e-01	-2.375927602085277091e-01	3.888937192731014569e-01	-3.552267987962255957e-01
1.418486926374427526e+00	-1.166580258785000934e+00	6.135973994595613767e-01	5.906644213781564456e-01	1.123359321584798565e+00	4.060054983119857908e-01	5.983625738371355085e-02	-5.535141860185840423e-01
6.516475760043992649e-01	-5.807726623118921738e-01	3.838974110770750070e-02	-1.071111764792872068e+00	1.470330178234602880e-01	-6.380313040439539174e-01	-5.475129617969045626e-01	-2.245226909559155937e-01
1.896504631739520441e+00	-1.092571131675533547e+00	6.101783856572844389e-01	2.028690310687940368e+00	5.512399174288196146e-01	-1.759662613555058319e-01	4.268170897668374097e-01	-4.312320087609003427e-01
5.494789591944972962e-01	3.287827323174790095e-01	-6.096499539381949884e-01	4.732547878004823572e-01	-8.373910336903986895e-01	3.295342541455980268e+00	8.507153905012119210e-01	-5.817073110651506118e-01
1.556211368092942804e+00	-7.606829340037469800e-01	1.036985769294217485e+00	1.021202509342615805e+00	-4.232932663083278403e-03	-5.281367294874446117e-01	8.620970679700061812e-01	-8.389325310812065228e-02
7.289080935403510764e-02	-8.862780117384162493e-01	3.826004563133377223e-01	-4.108683581484269265e-01	-2.717723110844050272e-01	1.257461320870705279e-01	1.979226975886089757e-01	-9.150025817158081720e-01
-1.775542682129944982e-01	-1.403524095506850644e+00	-9.338016740132726312e-01	-3.304571239421347228e-01	7.493186328412932973e-01	-5.740832417792617326e-01	-1.635927647114458150e+00	-1.960625828676844928e-01
2.083453224914887159e+00	1.905142870971531510e-01	1.201376177873301643e+00	5.461806793035581808e-01	1.664967089198401418e-01	-3.863671073443378789e-01	1.155174333316244972e+00	3.380765118083692289e-01
-1.921805541525245797e-01	-2.450915168547495582e-01	-3.973528742102979683e-01	1.016193433435030213e+00	-6.520753370047516206e-01	3.330584096428205854e+00	1.199415606466700979e+00	-2.409580183660894881e-01
6.587818077075061618e-01	7.224983537966181979e-01	-5.271412196695077768e-01	-8.004705241998772980e-01	-1.023802107634399272e+00	2.963575149643316031e+00	1.009052507617714367e+00	4.505894306888794110e-02
1.827392044085070166e+00	-7.612754359311355579e-01	7.858803307098825019e-01	1.056378234273194661e+00	3.128222293705474888e-01	-7.821901660398881129e-01	4.070849966560948774e-01	1.091134054961305500e-01
1.913838315680267632e+00	-8.360589042115111891e-01	5.876433338486057867e-01	1.600971387020273973e+00	4.516189988201811389e-01	-2.367482427963298608e-01	4.325986483287052597e-01	-3.166606420479206596e-01
-6.005060914757051060e-01	-1.190973289196272239e-01	-4.225533080423227172e-01	-1.112705852709662713e+00	1.736501261092164849e-01	2.122024675697463447e+00	6.358639970134533081e-01	9.332452843634454487e-01
1.190686665420443324e+00	-1.015882505777692124e+00	-4.220879424831160409e-01	1.424450221133893413e+00	-7.394266778074368857e-03	-5.027308893643893661e-01	-4.752460393497535129e-01	-8.430460311778114058e-01
1.552986128193190263e+00	-9.862807901272663269e-01	7.293640878635672120e-01	3.590755583357730929e-01	9.945537812861764415e-01	4.568254995241523009e-01	2.378747754754027555e-01	-4.168413445682863094e-01
4.946283652226484695e-01	-8.220017596591927544e-01	1.049848271110579018e-01	-6.209955433776770395e-01	1.705123702890221082e-01	-2.483858705341677187e-01	-3.570220681123633666e-01	-7.146864432035605619e-01
2.009886346615786579e+00	-8.809171434410223434e-01	5.857586816320291545e-01	2.074197086648528643e+00	3.550319439507362285e-01	-3.341496226453978813e-01	5.103863163006391312e-01	-3.109430085688231205e-01
2.035256113172025927e+00	-6.787830992737511338e-01	7.297456625873899316e-01	1.468953309107032590e+00	3.957858989879737277e-01	-2.227781613153953788e-01	5.992979220765367598e-01	-2.406605923012360149e-01
1.894010346329679351e+00	1.484304332702233997e-01	7.377534946262416238e-01	4.019605576912838041e-01	-7.330775335135625292e-02	-6.038756853816222847e-01	7.487803760765668892e-01	2.166539359187772129e-01
1.125795908264834999e+00	2.054509428794286940e-01	-3.408420959217827728e-01	-6.039523138305634940e-03	-5.985261386622335866e-01	-6.820544495018662223e-01	-1.297638770695588306e-01	-3.597517992370864448e-01
1.531693112380009714e+00	-1.684114281582887729e-01	9.208975506805299194e-01	-6.632387577731193584e-01	7.956383296522981929e-01	3.347540422930492254e-01	5.237619583203227958e-01	6.749663398973732020e-03
6.278635573316398988e-01	-2.087304045256006824e-02	1.418021843116755498e+00	1.108636219580260152e+00	-1.138086471539476063e+00	1.181846222947702252e+00	2.462847664456982333e+00	-2.936679725975290256e-01
7.954491328663236827e-01	-9.362187034460267565e-02	-2.600658042601717845e-01	-9.797708541158063333e-01	9.383621436426098361e-02	-1.286980538888009631e-02	-4.720865583954169664e-01	-5.998904025484866898e-01
-1.716881134517093954e-01	-1.675309133598627875e+00	-8.522771747880143467e-01	-1.243338011473860277e-01	8.267690913111429563e-01	-6.620011818094945211e-01	-1.635193629785700598e+00	-2.307229953914727016e-01
-5.589832670165593986e-02	-1.414782555621938220e+00	-8.667233483462670751e-01	-2.801378548081687736e-01	7.398117597311484328e-01	-5.221856087551820513e-01	-1.560264427733865089e+00	-2.978160695668756741e-01
4.628900629397743327e-02	-1.663876926647959609e+00	-5.543686592621032139e-01	-1.369107730315683169e-01	7.203078619049463338e-01	-6.832897332298241144e-01	-1.385232144443527824e+00	-4.168281989056699111e-01
1.937542563566054588e+00	2.214824900424135767e-01	9.227405466273782553e-01	4.659985650627335163e-01	-5.072673247488295595e-02	-4.495131042440782543e-01	9.794177557319710958e-01	1.859386107865768634e-01
-3.761421703382490378e-01	6.283945303701651830e-02	-3.361510553236473076e-01	-1.351933440149455601e+00	-6.292594226558931858e-01	1.769293859295108629e+00	8.843015696317586549e-01	1.004124604260062004e+00
2.044373346394483093e+00	-8.762766277032264517e-01	7.866783656026911098e-01	1.964694092852020457e+00	4.873763492020093957e-01	-2.570265706302087838e-01	6.442782227589074484e-01	-2.484620219331234725e-01
-9.792840891776465051e-02	-5.905088583134240343e-01	-5.947066353699022034e-01	-1.251619001494828076e+00	2.089318582523208567e-01	-8.461118733452865914e-01	-1.243274491285040639e+00	2.821483903425297535e-01
2.073953459129389998e+00	-6.563396786030579744e-01	6.863817836219948676e-01	1.987131493082169742e+00	2.248477925907801933e-01	-4.227369409087033958e-01	6.714709925407958968e-01	-2.114444593507449621e-01
1.172950503629702323e+00	2.072979826902275613e-01	-3.583671221943335317e-01	1.527872199176426027e-01	-6.423648588680249683e-01	-7.488968785588236976e-01	-1.097162021561595008e-01	-3.088955487227418861e-01
1.248826006724379045e+00	2.539230871287054825e-01	-3.748062946663037187e-01	4.976958786776790600e-01	-7.734009380252266919e-01	-8.846578805602360873e-01	-3.302674798420844604e-02	-2.388424090266680899e-01
1.156958924834416536e+00	-1.232321295773329384e+00	-3.402315458034254059e-01	1.447794861479682060e+00	4.234035238311384397e-02	-7.161910148790568975e-01	-5.341940498366567480e-01	-7.233179675585309498e-01
2.076714534118762334e-01	1.196294740873529994e-01	-5.531467934050832147e-01	5.098011766800524258e-01	-5.897364205260989811e-01	3.075775479186424466e+00	7.466142981033125903e-01	-5.903358198392095746e-01
1.908828894214473548e+00	-8.300926793417069405e-01	3.917758072090205546e-01	1.982118952381624055e+00	2.074618072785194278e-01	-4.576739014469446420e-01	3.645896668061221479e-01	-3.416468642482606843e-01
1.313157604976075810e+00	-8.955924657210271311e-01	4.304858006012993177e-01	1.236552485522073030e-02	8.687899813830379792e-01	3.063225228766243702e-01	-4.553301111080795133e-02	-5.148688270139148981e-01
-3.454338426402457120e-03	-1.851028909416549517e+00	-3.359530845847044644e-01	-1.930805282170612314e-01	6.183326152510626450e-01	-1.057649080871132519e+00	-1.304858122646934238e+00	-1.136493058877420387e-01
1.687271426895293303e+00	1.513307801290089405e-01	5.668578866351654533e-01	2.486697034940286988e-01	-2.037993809766831532e-01	-5.228544961548524661e-01	6.723648695691096799e-01	4.400984854121539613e-02
1.901068919697060045e+00	1.989146966391217297e-01	8.105078770249930509e-01	2.810320131515011144e-01	3.726245848185730236e-02	-4.375549188422761526e-01	8.219704266710690099e-01	2.314595206266610028e-01
1.077610433243506360e+00	1.787957040285416410e-01	-3.232361032179100757e-01	-1.060102219765199083e-01	-5.213820455463008541e-01	-6.203721672167324952e-01	-1.471420944727432900e-01	-3.591487909089531860e-01
5.336581567947145111e-01	-3.824484931894796547e-01	-2.331106953368002749e-02	-9.264224710484176839e-01	-4.512349438711354271e-02	-1.063914783982845419e-01	-2.809149661587122537e-01	-5.734930792685682954e-01
1.427517984779185456e+00	7.253537874913770778e-02	3.236359022791226447e-01	-3.017406412907395197e-01	5.410054265750224856e-03	-3.227332248183401031e-01	2.447887287460828176e-01	-5.770661041614903730e-02
8.273874597778293483e-01	-1.485408857493893287e+00	-2.832937882828053255e-01	8.554954197989299569e-01	7.561204100200038525e-01	7.763801936677966475e-02	-7.013104891036412436e-01	-1.124525235444136406e+00
-2.884603054133907385e-01	-6.366261635192753676e-01	-7.010185942937502412e-01	-1.240508806816955412e+00	2.822225501339945541e-01	-9.596213333517586985e-01	-1.353579326737922583e+00	5.224061467558642757e-01
-2.361328110255835333e-01	-4.400378269517577490e-01	-8.921204374939548654e-01	-1.257054669394883195e+00	2.758314653033430153e-01	-6.500974604391586142e-01	-1.384629589022049245e+00	2.577763444165173667e-01
1.880160173173945681e+00	1.863936696399170756e-01	7.005986924797530380e-01	3.332285148939909680e-01	-5.880311712383413242e-02	-5.198580626950013439e-01	7.438944851454143414e-01	1.606543799619712942e-01
1.020614522969374383e+00	-1.347781012203214557e+00	5.782318894368341233e-01	-2.333090807707106362e-01	9.311524387801271008e-01	-3.817831852300490603e-01	-3.141653640671628889e-01	-2.228157507569708540e-01
-1.546000470621038680e-01	-1.317054907876362035e+00	-8.682310459299882321e-01	-3.956099630573068349e-01	6.384032768154619397e-01	-5.021210762928531857e-01	-1.520473890064413913e+00	-2.769719525816872752e-01
1.288941309984899197e+00	2.536399899103708444e-01	-3.939217245056816918e-01	5.314588381047594678e-01	-7.483474046112077449e-01	-8.726696688245464406e-01	-5.873624706517861088e-02	-2.662684263686435071e-01
-1.324277310484208714e-01	7.202672163544879269e-02	-3.525456833002002521e-01	-1.398297560282967256e+00	-9.897619491373077505e-01	1.733393969993683337e+00	9.823326717992649781e-01	1.106098575955056118e+00
1.314651464713455287e+00	-7.676744510830055823e-01	-4.730208912149818645e-01	1.634002217472900975e+00	-2.754592520025117008e-01	-7.221163135704014024e-01	-3.577230418651811128e-01	-6.608624892929801931e-01
1.791622806202804452e-01	1.569713760671201108e-01	-5.577532487528555905e-01	2.142520713905469443e-01	-3.783660162157881923e-01	3.083095682581986630e+00	6.959857980237268427e-01	-4.295124136718569408e-01
1.409785383199761100e+00	-1.406074600502610128e+00	5.614709278015344029e-01	1.030553884896044270e+00	1.179689072631513680e+00	4.183678301808589350e-01	-1.750141279598083771e-02	-6.741158092664858437e-01
4.480132590770417589e-01	1.586901865279663759e-01	-4.912248916213757810e-01	2.133821997942236814e-01	-7.527109015294586314e-01	2.511055218115216814e+00	5.698450083764490248e-01	-7.310617303862999572e-01
1.891476082746771592e+00	2.675993946091408393e-01	5.911831586393150317e-01	5.850857617875981909e-01	-1.976431977399437101e-01	-6.203130556039995191e-01	7.456475830717195219e-01	1.790030121966781351e-01
1.246081900983953439e+00	-9.321403725392436446e-01	-4.853483375830117130e-01	1.557422382897600377e+00	-1.432168161656164895e-01	-6.372693599229054540e-01	-4.650381598216171697e-01	-7.281228514107486172e-01
2.664263776067555822e-01	-7.754972530487875826e-01	3.888973273326887803e-01	-9.828632839634043883e-01	-2.843217158068873582e-02	-4.803802565971560523e-01	-2.003716089054767557e-01	-4.067903310852205023e-01
3.618667249380869144e-01	1.716434470697381365e-01	-6.351297448437828175e-01	1.599007376846745543e-01	-5.109227408973545659e-01	3.268929422965504816e+00	7.244039667046260345e-01	-3.639825558911505832e-01
1.278428496152238303e+00	-1.031619952786749117e+00	-4.816060000860625245e-01	1.840325406712580714e+00	-1.085829327343502404e-01	-6.271443016439296469e-01	-4.394279684983531387e-01	-7.566550376508766051e-01
-1.610897788289345489e-01	-2.304316665069227610e-01	-3.973821407836083397e-01	8.010631715121423468e-01	-4.781452932817542023e-01	3.050991735317360121e+00	9.554657357982452304e-01	-3.497091178224001617e-01
1.957049225204266385e+00	2.162915045743405151e-01	7.951626034243836072e-01	4.477847132118677465e-01	-3.494304565517558636e-02	-5.187276222873954401e-01	8.475878178784820305e-01	2.437306614889772627e-01
8.976931632168858588e-01	-1.230381641356285582e+00	-3.725960621615579949e-01	4.742068858850697621e-01	6.149150766291409109e-01	1.379922981566780726e-01	-7.175748100016867692e-01	-1.015205333823414602e+00
1.198541384948637267e+00	-9.403295441394452503e-01	-4.548632163195805989e-01	1.294214053049506763e+00	-2.865749990644214651e-02	-5.079572102563006952e-01	-4.956689308674302463e-01	-7.819564747011896744e-01
-4.752884344798142258e-01	-1.359915410254095292e-01	-2.501184289063198563e-01	-1.220877905248123341e+00	-7.417565762743311142e-01	1.467789375311815636e+00	9.167798703780908331e-01	1.002568742104178456e+00
-8.773818135802199381e-01	-7.418978201634088276e-02	-1.789976791182353588e-01	-1.217931221530652364e+00	-6.925138490009323800e-01	1.323494835012713144e+00	1.107865197724722695e+00	1.319787405620545417e+00
1.924992176502815511e+00	2.350498921071382530e-01	6.622852938063871209e-01	5.739390487808659902e-01	-1.641008845281769490e-01	-6.367006013761421501e-01	7.880191012371362547e-01	2.035542652702813649e-01
1.897608882049506285e+00	2.063538719857347103e-01	7.557585334351654138e-01	3.759884237074395674e-01	-7.934248443053459887e-03	-4.992352874203808688e-01	7.989197445908532424e-01	2.463740676540122632e-01
-2.332155986543569537e-01	2.189570295712733872e-02	-4.258121279862487896e-01	-1.432904332213478682e+00	-4.873631923039817848e-01	1.982704138559996609e+00	7.847590163999467183e-01	1.168105759680905020e+00
7.914089197482225835e-01	-1.154734630619431712e+00	-3.520977396006995663e-01	3.300928924255304153e-01	5.786422272865414662e-01	9.213944901739505589e-02	-7.002762002825543286e-01	-9.984184730436294064e-01
1.495227113481539138e+00	-1.139220965809066843e+00	7.293347015730996530e-01	6.022837935808499354e-01	1.158111488283058543e+00	4.326506933458776905e-01	1.690350238647304604e-01	-4.933378927638554234e-01
1.777741475228126478e-01	2.697832193980927995e-01	-5.929399492217486412e-01	3.686305434963901284e-01	-2.742014739418065505e-01	3.121680548808075439e+00	6.115838473876451520e-01	-5.733707983695519594e-01
5.351964960219681711e-01	8.567186607595930758e-02	-5.516886532615136174e-01	-5.781379458477139410e-01	-1.181478905206439167e+00	2.666786182022595320e+00	9.257626680453926449e-01	1.842092487458087957e-01
1.255066813612422782e+00	-7.602489416497205665e-01	-5.251763292459363797e-01	1.510461572018580556e+00	-2.372499373573531134e-01	-6.376447401624563138e-01	-4.343108001372101845e-01	-7.117672871813164326e-01
1.594750665227553155e+00	-1.737282655891268790e-01	1.011770266864497225e+00	-6.335912586891764287e-01	8.081055181579142044e-01	3.149663952587992144e-01	5.996531883840023891e-01	6.539212686249576412e-02
1.526444715873205071e+00	-9.417686475999728080e-01	6.939884203171045041e-01	2.641728131580062255e-01	1.035494168865356945e+00	4.027669723308262006e-01	1.744781164932309725e-01	-4.272597663496084941e-01
9.015510540010862606e-01	-1.276505739419018237e-01	3.546035687615843868e-01	-5.168154368038754276e-01	-2.483483127492967513e-01	-1.409900436137790092e-01	2.624137129786004441e-01	-6.625204338770559476e-01
-3.646828991066913273e-01	-1.430768083277208946e+00	-1.299749154541933516e+00	-1.738029666776244597e-02	9.341473136178850556e-01	-3.202265146649991845e-01	-1.865706902389591137e+00	-2.339329418542062111e-01
1.520945674524437408e+00	-1.188591753565354514e-01	7.888192467600679825e-01	-7.233318828130006484e-01	7.103381162367456980e-01	3.430295597869559843e-01	4.122610458371191444e-01	-4.005063015949524713e-02
2.000295662851983458e+00	2.559577810369815243e-01	7.848602548620072783e-01	7.832721638448358892e-01	-1.330907319342442274e-01	-6.451174381854847262e-01	9.317555280706603105e-01	2.977298030310359112e-01
-3.344823343053817677e-01	-4.887249561799974495e-01	-9.440169900123049906e-01	-1.218484937899679821e+00	2.720407041670826476e-01	-7.707026340812802578e-01	-1.459637628446166735e+00	4.573459428896274326e-01
1.612607261403909420e-01	-4.370920771218876899e-01	4.513541098692814280e-01	-7.043786887289589238e-01	-3.856197308365907350e-01	1.769785040266229625e-01	3.416667073444084046e-01	-1.000774013584236233e+00
-9.074466653682531359e-01	-4.137779317192745443e-02	-2.356661154566363492e-01	-1.158503941092449363e+00	-3.254859083675729625e-01	1.613531208302667386e+00	9.974584684080554098e-01	1.232705781434351167e+00
1.863487810546723411e+00	1.790290660467870054e-01	6.829077097812360497e-01	3.261653943139233292e-01	-6.988215380677632871e-02	-5.192670669506941339e-01	7.310681751436370890e-01	1.501848877222503875e-01
7.219374829750994094e-01	7.219354594345828158e-02	-5.296179764570021486e-01	-1.370977167723059185e-02	-1.028029562478204761e+00	2.994671388440436122e+00	8.610265235275703644e-01	-3.943453389096133188e-01
-1.633562677399996721e-01	-1.603528028357663393e+00	-1.031463801266982783e+00	3.429627981597105357e-02	8.923254929026462889e-01	-4.197407218419996200e-01	-1.698565359534052410e+00	-3.565672025336736883e-01
1.918202313660734015e+00	2.070222220001995683e-01	6.920538707021300917e-01	5.058113711278512392e-01	-1.167248451355821226e-01	-6.303515912598695037e-01	7.705849847191394986e-01	2.316329035460206187e-01
6.750157032818148162e-01	-1.581123251427682730e+00	-5.489940436381417488e-01	8.158195604647773269e-01	4.652347643866911464e-01	-6.080976838886572589e-01	-1.062594481758094123e+00	-6.419411989306368360e-01
-5.832552916991846637e-01	8.228314939366510039e-02	-2.259469033490847656e-01	-1.336267728444964442e+00	-6.342810456374610162e-01	1.415951959732256293e+00	9.249290060485149123e-01	1.004912865385882981e+00
1.651738359478016838e+00	-6.481728393199874816e-01	9.591354597654332403e-01	4.462538913336652202e-01	2.207021230922908139e-01	-1.034130462186017896e+00	4.168263191724302374e-01	3.251042502883447205e-01
8.350366496743755196e-01	-1.280236725193883762e+00	-3.489355961342674450e-01	5.402461779099070327e-01	6.499477722742730279e-01	9.588834739044718725e-02	-7.107182698107643581e-01	-1.024160556541894751e+00
8.473133690218058456e-02	-1.400068610943332736e-01	-5.451215737761211377e-01	4.066683015958679759e-01	-5.697765749540923963e-01	3.498635830713443973e+00	1.042486799369118700e+00	-8.280834471251327655e-02
7.647250383686130526e-01	-8.489176555248073575e-01	-2.924472294185376242e-01	-1.601042646280912418e-01	4.275811739713737958e-01	4.544893174000715075e-02	-6.114510885901439652e-01	-9.015350720215671299e-01
1.845201059725315895e+00	-9.473591006560044825e-01	3.562829816744744194e-01	1.923097611411976215e+00	3.026826579433095077e-01	-3.658867776581225528e-01	2.726648933518998064e-01	-4.204577602730675268e-01
1.350038747345122747e+00	-1.472083108969655108e+00	9.462818015960706708e-01	5.053486508809058586e-01	1.424701164523618058e+00	5.520302505247679653e-02	4.018351257309302205e-02	-1.170308720091743360e-01
1.987067590637581871e+00	-7.259805323589361148e-01	5.013907666033304844e-01	2.009715467846993953e+00	1.702200804239051846e-01	-4.808228452262783836e-01	5.019374262855673674e-01	-2.831723265185319693e-01
1.785559363589130033e+00	-1.160947733306306295e+00	6.059715449712703705e-01	1.833989144391994230e+00	6.034518988740755763e-01	-7.664179778876552274e-02	3.873122363970380455e-01	-4.400745538945581847e-01
1.992994663139552980e+00	2.182824250121272736e-01	8.547667435347692244e-01	4.952992710992425440e-01	-2.057728276852164792e-02	-5.034686634191368748e-01	9.011995438505379097e-01	2.631657990711437356e-01
1.939419675003015264e+00	-9.233731624694312412e-01	6.257593564187483581e-01	1.867735350695922003e+00	4.514836585924017487e-01	-2.642726143020460161e-01	4.810308444129473560e-01	-3.290686581880560291e-01
9.455793501263612399e-02	-2.215920025265733784e-01	-4.016255194209049639e-01	7.527625670583907302e-01	-9.061358749706153182e-01	3.042443055405540164e+00	1.078409767002587394e+00	-3.791521304519324675e-01
2.026062482219116667e+00	2.176455537017536745e-01	9.866519503456855356e-01	5.170223542083758339e-01	4.334233264803530328e-02	-4.252038436806273025e-01	1.005448811096690598e+00	2.493602038977980329e-01
1.715361991213189885e+00	-7.462069425341624207e-01	4.576487385616336279e-01	1.264689590621897120e+00	1.893717698991988496e-01	-2.823851963427862488e-01	4.058081006166353033e-01	-2.956079067600269616e-01
1.801903436873819153e+00	1.722408749902166469e-01	5.893641668323370553e-01	2.512291245132672324e-01	-9.249403065967293225e-02	-5.166740623006194078e-01	6.363062411341465774e-01	8.239602221717121089e-02
1.766646677590049341e+00	1.129721569210528020e+00	8.640882848799910088e-01	5.067562423276608108e-01	-7.828702729364274138e-01	3.141155560876562447e+00	2.166253490328998943e+00	-6.345430681449477639e-01
7.825514791912872026e-01	-1.287296792429027947e-01	-2.678532529640874627e-01	-9.645529192796742368e-01	9.496013130120706247e-02	-5.368204570150546251e-03	-4.740564274838459102e-01	-5.876750983462729616e-01
1.505602915584252965e+00	-1.459435478597175262e-01	8.722424242329672728e-01	-7.157842011156320128e-01	7.183719172888365367e-01	2.790776748036534194e-01	4.758481673983376847e-01	-1.294201691819719252e-02
-2.497152381360784323e-01	5.036038298839944360e-01	4.070051381627604048e-02	-2.293606982970938790e-01	-1.305972193321922825e+00	1.651530197393332955e+00	1.453318528268586096e+00	-2.533128542880631051e-01
1.342387026231759650e+00	-8.067497204085795071e-01	-4.587876003888111676e-01	1.556158171812056734e+00	-2.585312154274294616e-01	-7.278231651225679499e-01	-3.974563635893835212e-01	-6.466734077241662604e-01
-3.811196223112622850e-01	5.766843441307289986e-03	-4.016494945250210225e-01	-1.335467050296238689e+00	-6.824613200665828883e-01	1.943878288872164628e+00	9.579757971607852918e-01	1.229328384616096503e+00
3.196157776502107084e-01	-4.834349599932879680e-04	4.965665198190193086e-02	6.984046328218007638e-01	-2.138248271747295037e-02	3.176375407382403537e+00	1.245155651470930103e+00	-2.980260081624039881e-01
-9.975591996599193767e-02	-1.826186739676884052e+00	-8.178712401670060750e-01	1.228837532976678748e-01	9.061236646294472674e-01	-6.069020627130153889e-01	-1.606820321899905313e+00	-3.427200330629273650e-01
-1.721026312788710988e-01	1.873933910526816293e-01	-4.257309289361608795e-01	-1.455608474967728272e+00	-9.547213862354152480e-01	1.982260134423783349e+00	1.066249419725011194e+00	1.363088208425713876e+00
-2.386095445261322834e-01	-7.590243460779335649e-01	-5.101357858512329813e-01	-1.236701995555480105e+00	1.976705127326051636e-01	-1.144786502526856209e+00	-1.258583842993820978e+00	5.933734437104505322e-01
5.660902549495018254e-01	-4.454851151797008524e-01	1.482418556546573618e-01	-1.010133686318730017e+00	-1.994344768017844438e-02	-3.613115384298899446e-01	-3.075076805287417225e-01	-5.585716044382786905e-01
1.331462873769488686e+00	-8.116764967942883269e-01	-4.826896114572160612e-01	1.884595193713623829e+00	-3.293207452727724971e-01	-7.766490290173327926e-01	-3.184529930789351537e-01	-6.323040988469235124e-01
-1.613542584006980030e-01	-3.677202988525900551e-01	-3.149762005473202287e-01	8.971348293336479651e-01	-7.118057968360250731e-01	2.883891209391007848e+00	1.070043065747791955e+00	-3.557253154381285754e-01
9.017801382099753793e-01	-4.225030394884591312e-01	-5.223409756860848685e-02	-3.200939283499420474e-01	-3.420835281390092741e-01	-1.215731618255249336e+00	-3.741565607196751797e-01	-1.741287046380575118e-02
1.956942450463387440e+00	2.961520670955304357e-01	7.182618195477977752e-01	6.857174897127605862e-01	-1.937327191437746843e-01	-6.689018045834054238e-01	8.734677820342238164e-01	2.572397783212517774e-01
2.004349841957345113e+00	-8.443026017852049980e-01	8.635797707378336519e-01	1.722889307613329146e+00	6.233594465396150586e-01	-7.563332463462547894e-02	6.716853863845431150e-01	-2.612459881305235210e-01
7.479800080366548753e-01	-2.414827388729350044e-01	-2.013017551852219755e-01	-1.019653179428396506e+00	1.172673582415329485e-01	-2.030264389161746952e-01	-5.328365007805869746e-01	-4.851909636080846688e-01
1.857005028587396911e+00	-1.166488327125938529e+00	6.021353066620485084e-01	1.975532780900133734e+00	6.236643986678975793e-01	-1.386490803276239636e-01	3.723963522258225689e-01	-4.275344354579115880e-01
1.424655505427967483e+00	-1.040844504054325714e+00	6.039568091043976406e-01	4.029989610531073962e-01	1.014220218603876233e+00	3.766504562610887286e-01	6.508481708180960390e-02	-5.765853321146273691e-01
8.139145356968723322e-01	-1.193953212156831700e+00	-3.470036707417189503e-01	3.711756161570598511e-01	6.074487447994398881e-01	9.857977458897271283e-02	-6.961905012132025838e-01	-9.971880616479794623e-01
-2.206385499513945914e-01	-6.400593104912928322e-01	-6.543486652783389035e-01	-1.238984257677423706e+00	2.376631988833048936e-01	-9.571207386565786512e-01	-1.315754257347789169e+00	4.613680757015676814e-01
1.691104872595664110e+00	-2.283221569595325351e-01	1.066211594808375684e+00	3.201179516560258564e-01	-7.524415233263875846e-02	-1.297879976056486306e+00	6.880512190002410211e-01	7.911271054919235546e-01
-1.257325948309782893e-02	-1.675396357022592486e+00	-7.218203389012477489e-01	-8.406963528281589937e-02	8.150135232924002882e-01	-6.084272397853904835e-01	-1.506138418799657819e+00	-3.644585584683437962e-01
1.095183860947042120e+00	-6.372697198063956847e-01	1.122593662636562906e+00	-8.722684039461503502e-01	5.108126187680850361e-01	-3.465393694328700591e-01	3.540293068755887562e-01	3.538513448716507082e-02
1.639195920854208843e+00	-1.573027941820026587e-01	1.090107770695146749e+00	-6.013938078331396708e-01	8.685784040560633468e-01	3.411070098713923082e-01	6.710143855630326115e-01	1.228695547304041735e-01
-4.947676129703336145e-01	-1.522608296196420241e+00	-1.116630566283220327e+00	-2.578241966169368959e-01	7.949654116616988730e-01	-6.889486915034142012e-01	-1.819079327335661800e+00	5.656765700136723307e-02
1.479912700620155785e+00	-1.206490675236195770e-01	8.392764729282857772e-01	-7.316049754507815139e-01	6.896006997631185520e-01	2.835544784386579975e-01	4.502778548173414497e-01	-3.792644478763708416e-02
1.640305977934596759e+00	-9.679566202454380208e-02	1.285272412379582008e+00	4.526153147974201207e-01	-1.266562690628782184e-01	-3.667350502961982395e-01	1.299559768555377470e+00	1.445452462176225472e-01
1.668194881160455445e+00	-1.564946511237372828e-01	1.155217691617375975e+00	-5.587054072157892071e-01	8.789170814562141665e-01	3.294771642249493815e-01	7.236535711300823293e-01	1.428671684478221571e-01
2.098359075674139096e-01	-3.214552598790470506e-01	4.361462129685122480e-01	4.867841968156055854e-01	-1.226866731125494159e+00	-3.527031322893414700e-01	9.568084588250242994e-01	-8.192619263997183987e-01
1.386082627013260626e-01	1.832324412515016487e-01	1.565142448717835810e+00	8.656028300621820826e-02	-6.103235178818309237e-01	1.818742439028500968e+00	2.289594756862444846e+00	-4.700840451076251369e-01
-3.307944008151829096e-01	2.557682890800047071e-01	-4.242667034612362942e-01	-1.494232922915562423e+00	-3.399273600363711401e-01	1.790280593795268382e+00	6.782413265142259728e-01	1.010231160692635743e+00
1.920880108181681090e+00	1.498269199483668046e-01	6.939738732865932125e-01	6.915000935801158821e-01	-1.926438819508775602e-01	-8.100080075790551115e-01	7.736264000129897678e-01	3.181501668443157405e-01
1.216769952111190101e+00	1.847152578860975225e-01	-3.512180299612895906e-01	2.435239865930277914e-01	-6.643632543379649480e-01	-7.758877260826209099e-01	-9.929186943992515668e-02	-3.315555127339264718e-01
1.826416471841654676e+00	-1.250307789965677374e+00	3.306435393326749295e-01	2.496902475112147357e+00	4.548986905892278831e-01	-2.670303598967034842e-01	2.310701856848823010e-01	-5.098856573132372061e-01
-3.287922664803110129e-01	-1.421385299092081389e-01	-2.343450666941218896e-01	-1.185526677533901285e+00	-8.807916649515125096e-01	1.583753879156725386e+00	9.953050568360166661e-01	9.700099528812671235e-01
-2.393793545879105700e-01	-1.467604122321371385e+00	-1.147551621519150800e+00	-6.408802128128965325e-02	8.715667356215091033e-01	-3.817846989166675531e-01	-1.765506107905405964e+00	-3.009605892653045567e-01
1.970784576757744100e+00	-1.029156453600431842e+00	6.520842542049896107e-01	2.111117833067833516e+00	5.113020699285264481e-01	-2.241855292718337445e-01	5.043653200580661133e-01	-3.559705919332794011e-01
1.915174022982028879e+00	-8.203032996361098172e-01	4.550551446261966171e-01	1.827425321970473693e+00	2.886653994900406639e-01	-3.764845989125165659e-01	3.848233829780304260e-01	-3.367339980807240174e-01
1.896661855251094986e+00	2.793381328448510947e-01	6.243948979676399169e-01	4.812094711574523842e-01	-1.344296690370592462e-01	-5.140308058641327449e-01	7.368599361764082145e-01	1.035236779597250301e-01
1.882406637236359037e+00	1.896622132946308159e-01	7.103415303605090658e-01	3.217906320044741086e-01	-4.982881315008196033e-02	-4.985255926371887081e-01	7.490152687113569296e-01	1.504709952019014918e-01
2.706331014277151836e-01	-1.474108602484171804e-01	-4.957374256298334725e-01	4.506045997381603607e-01	-8.603049934747835081e-01	3.077686014415754290e+00	9.399546140909066372e-01	-3.622342768975989058e-01
3.735619360955501067e-01	-4.459451110461729595e-01	2.242136912859309938e-01	4.660869150600714661e-02	-8.956690428669397130e-01	-4.911482839012742962e-01	4.639238801228273146e-01	-5.566008247897249461e-01
1.993266980024636315e+00	-6.019231080735565342e-01	7.332583995965850088e-01	1.478970848407340943e+00	3.584961724888562351e-01	-3.149794408900927767e-01	6.383422165166143802e-01	-1.658917801436624595e-01
1.721594499999375749e+00	-1.061715378565115442e+00	4.325692105608445748e-01	1.414986439467766033e+00	6.072898498557244285e-01	-1.078916264982886647e-01	1.573131851715590113e-01	-4.949225463349151144e-01
1.912652719605630214e+00	-9.999548516738493431e-01	6.632953613063216070e-01	1.809632020586896539e+00	5.786073756244682897e-01	-1.196365841288828807e-01	4.627720868811234234e-01	-3.899439877729014570e-01
1.164745975902015673e-01	-5.394196980450046697e-01	-4.937036333193853266e-01	-1.253068069360025794e+00	1.951902567190146320e-01	-7.014352755933503936e-01	-1.088494506695813824e+00	7.548925091210556548e-02
-2.159802671876829283e-01	-4.620304317684217343e-01	-8.629990866372513336e-01	-1.230075284156363136e+00	2.537448104779639890e-01	-6.744428131477283594e-01	-1.378571725109755564e+00	2.564557942623204023e-01
8.035360817040403392e-01	-1.143198479638608961e-01	-2.667029719829716594e-01	-9.726539405302743191e-01	1.100384105699963033e-01	-1.491776095998339526e-02	-4.821472835860455830e-01	-5.931676107888538274e-01
5.712604392116403806e-01	-4.406818635813948282e-01	1.009428685938906778e+00	-6.413973137907023059e-01	-1.141421826317767368e-01	3.248023153470428470e-01	7.965589981961803678e-01	-7.398107623981786674e-01
1.883131554671801933e+00	-8.324318284536701418e-01	4.476170483690000146e-01	1.775223639883052984e+00	2.756028793397053978e-01	-3.703615475247121758e-01	3.754820068717429349e-01	-3.474432946805143252e-01
1.901212537455348794e+00	-8.643129003718680314e-01	5.300848126025889950e-01	1.728089544116334642e+00	3.789031049492031511e-01	-2.867346107919265807e-01	4.105480709753923652e-01	-3.509123399732715920e-01
-2.274564147282626680e-01	3.864927674125578916e-01	-3.675976909085233446e-01	-1.596785508033330858e+00	-1.065456812878571968e+00	1.652691130556740662e+00	1.099525296099064242e+00	1.439421525587594175e+00
8.448912601858968863e-01	-1.192106304481889589e+00	-5.417871030421832906e-02	7.074941493118526159e-01	-1.774220686593031837e-01	-1.027036212297418594e+00	-3.936361364170355426e-01	-4.916209291132473402e-01
1.196387895753258102e+00	-1.050953761004823184e+00	-4.020537847731523451e-01	1.470071624153904910e+00	-9.095716338263315492e-02	-7.049851891429935735e-01	-4.679051367513478721e-01	-6.683493489552192468e-01
1.243607523505396717e+00	2.092256547902379415e-01	-3.852412370260111518e-01	3.725685124763605804e-01	-6.894354093733467970e-01	-8.025406956937773950e-01	-9.046525384886555665e-02	-2.947872357452296921e-01
6.408515216525996205e-01	-6.541427826891587083e-01	4.538007829343194133e-01	-6.670694513968892236e-01	2.156883337030092163e-01	-1.895475140131674396e-01	-1.290255715928431413e-01	-9.872020461121709944e-01
8.385040672401015971e-02	-3.753061711866562677e-01	-4.079925525935543806e-01	6.511827915627077523e-01	-9.633113482859124721e-01	3.150575506012176064e+00	1.174668397397364394e+00	-1.501461975588139208e-01
1.290117535326977372e+00	-7.058877567027065369e-01	-4.506181300627030151e-01	1.356594263671593081e+00	-2.594273884870491598e-01	-6.975467721993370285e-01	-3.740835255623068956e-01	-6.473491776886005633e-01
3.245444951434880987e-01	-5.038478581418079916e-01	3.029164374602896781e-01	-8.503485691768318810e-01	-2.340962245529478458e-01	-1.271550943601257311e-01	-1.304619120057809618e-02	-7.425466921191021807e-01
1.777078734297490081e+00	1.227967531613487040e+00	9.097131992531906075e-01	9.263160197135762441e-01	-1.120458019954792439e+00	2.455787237875849627e+00	2.259205130991717603e+00	-7.399813673792600133e-01
1.907719900591034579e+00	1.851210291794905538e-01	7.569217877670212369e-01	3.411632691027847164e-01	-3.004103115956050299e-02	-5.046867720590665352e-01	7.890606046079111646e-01	1.915245639203290162e-01
1.913669093544357880e+00	1.809423748929423204e-01	8.036482993751636883e-01	3.475283312405471614e-01	-2.775388260994144166e-02	-5.174770456972590527e-01	8.221588766492047284e-01	1.989319669950163072e-01
8.251773636660056921e-01	-1.276011457605585875e+00	-3.512864972064546620e-01	5.226069186193911253e-01	6.660066678727505352e-01	1.073439883310937787e-01	-7.112357038010198584e-01	-1.015106038008204647e+00
2.978617576749632567e-01	-1.652296386358949931e+00	-4.827251914421205603e-01	2.599305066981981438e-02	7.395647199515631431e-01	-5.377266950138130941e-01	-1.249023133741893110e+00	-5.459993013880726220e-01
6.815724110067208352e-01	3.238475665976267015e-01	-5.662034578218780867e-01	-2.633404315633337545e-01	-9.721990363192420936e-01	2.872801333443602889e+00	7.979908999049980522e-01	-3.274268291801596398e-01
1.918195064254410998e+00	2.097144794505817200e-01	7.294808666582789369e-01	5.325212064812788748e-01	-9.545715516915490029e-02	-5.739852682323719479e-01	8.284520566399428132e-01	2.282012776819601907e-01
7.031222238367990096e-01	1.693814672733635340e-01	-5.963598861742844814e-01	2.366436957397190510e-01	-1.032705011441318543e+00	3.088723663319258517e+00	8.298514111864040421e-01	-4.884926976918245733e-01
1.775656841956202436e+00	-1.024155547009621081e+00	2.493843570450140490e-01	1.799172395090794963e+00	3.510358082644756683e-01	-2.852608885030842312e-01	1.304623670563343774e-01	-5.024459225574814392e-01
-1.107037224070528819e-01	-1.593064428695994073e+00	-8.941094181222406512e-01	-5.578733606876211393e-02	8.136189911692615073e-01	-5.238583856890938195e-01	-1.618823639775662127e+00	-3.390444399903918549e-01
5.508865591946312534e-01	-1.175502802513688910e-01	-6.893961523529498203e-01	-1.036415957680443672e-01	-6.691370087394461486e-01	-1.501055693306654115e+00	-7.854712178874384554e-01	4.258494195285491557e-01
1.130023274132208877e-01	1.034373205359674086e-01	-5.217508193346591661e-01	7.931442596055318095e-01	-6.799290443157152142e-01	3.232161194538523130e+00	9.450071951951518612e-01	-5.316908515214039399e-01
-2.690534044103652309e-02	-7.849241398121454827e-01	4.964027437019558620e-01	-4.843688669245003742e-01	-4.112834881644553131e-01	1.780537051122924042e-01	3.954682374633078368e-01	-9.100537398333757855e-01
1.936889025485909910e+00	3.204837722640828668e-01	7.318411129826425388e-01	7.185440704063543738e-01	-1.731642431867640719e-01	-6.274162952518728131e-01	9.068444474555166224e-01	2.558112341588937300e-01
1.252081698872543170e+00	-8.126903617264839008e-01	-4.591146636150852389e-01	1.367466148577250129e+00	-1.368270340074028424e-01	-5.244387671650855287e-01	-4.403617159039638906e-01	-8.007032696640700165e-01
1.301919936873050299e+00	-7.725015861557747998e-01	-4.393749281955601216e-01	1.561323293153338065e+00	-2.628791083819645436e-01	-7.308668920146821346e-01	-3.560016441353142103e-01	-6.858572839713100722e-01
-6.295338346015792730e-02	-1.425494520002162258e+00	-8.551173013338851936e-01	-2.361163753252882858e-01	7.176634752864030631e-01	-4.647941174838275402e-01	-1.512188377659114291e+00	-3.239457473730253945e-01
-1.869936153134074963e-01	-1.525907430946852106e+00	-1.049319663651189893e+00	-6.185009738162450948e-02	8.657217392358396157e-01	-4.284123349695813099e-01	-1.712507652243245415e+00	-3.384578689221388603e-01
7.817660001638063183e-02	-7.559692320438978763e-01	4.255770963547587660e-01	-6.336425005558885548e-01	-3.145591677988971990e-01	-3.421870286144296225e-02	1.856506767787410306e-01	-7.832639361803430678e-01
5.981813462747938015e-01	-4.570167373839923997e-01	1.853075496405194866e-01	-1.044437562393624841e+00	3.363778515799276114e-03	-4.622673581224283068e-01	-3.427009656506023183e-01	-5.372102598997693379e-01
1.948775625668398126e+00	-9.419865980602664113e-01	5.693560921509968065e-01	2.136531611018559040e+00	2.819777522853745277e-01	-3.148175720206926043e-01	5.413586233645695245e-01	-2.980444903764377096e-01
5.189991747538734712e-01	-3.378145960455892771e-01	2.192385957229511240e-01	-1.007166335434952487e+00	-1.064652495533770088e-01	-2.403848029368663985e-01	-1.917757158408063545e-01	-7.753484089395901169e-01
1.927363378557995333e+00	2.579916340581533962e-01	6.071868849731083539e-01	6.739766414192295274e-01	-2.144304717501035740e-01	-7.001361069606238940e-01	7.684914190052528626e-01	2.077440143593966282e-01
1.931737752189838453e+00	1.861824755225871819e-01	8.602284876195179786e-01	3.037494510547549265e-01	-7.435962033175343155e-02	-5.485637758476282766e-01	8.551816206861886371e-01	1.841170350824477275e-01
1.328990530380022572e-02	-1.627204673405977298e+00	-8.183310677180357651e-01	4.169805417773020384e-02	8.393900291640354894e-01	-4.664608304526475790e-01	-1.516769240341218739e+00	-4.468435269695066325e-01
3.845784454487519155e-01	1.151366437013921828e+00	-4.092750965418332498e-01	-2.259143130215465756e-01	-1.215930321477816101e+00	2.753773041848975200e+00	1.180198393753692176e+00	-4.207490838065595096e-01
8.099343461599225469e-01	-2.068751992775268167e-01	-2.117017809532941719e-01	-1.024028255783635322e+00	7.613594875470833245e-02	-1.100628350689348417e-01	-4.800135786486807721e-01	-4.943231811930793307e-01
1.761131710235103620e+00	-6.701020394775338840e-01	1.026772628224332351e+00	1.477629395802381840e+00	6.775575141761377984e-02	-2.189227712755704991e-01	1.035619401785206506e+00	-2.486958842389541402e-01
-6.202962892822364016e-02	-7.407600583573834552e-01	-4.318151319912212349e-01	-1.243079257870844279e+00	1.491000680075756923e-01	-1.020351647172403675e+00	-1.148898721670794876e+00	4.273291477827087514e-01
1.266181544286202110e+00	-1.357982000616815510e+00	7.705302975386492115e-01	3.779718753795798802e-01	1.261166684935717930e+00	1.047783195038715226e-01	-4.284616189561114841e-02	-3.379325383535111138e-01
4.697532915775105566e-01	-1.816186572909000707e-01	-5.298599302485047513e-01	1.766086946885407627e-01	-1.000084113228358440e+00	3.019036509745550045e+00	9.172355034134671570e-01	-2.367246139412647055e-01
5.126639729505470811e-02	3.336948596018791680e-01	5.201924817470375828e-01	-7.319589941292148350e-01	-1.059335378212903356e+00	1.302877652999008484e+00	1.199342456309384630e+00	-1.025620328022274208e+00
1.237349349849621749e+00	-9.476897086664185510e-01	-4.738143273256762433e-01	1.572978385784401967e+00	-6.646208145671068934e-02	-5.310300522046903504e-01	-4.585285914785640626e-01	-7.861463830680943676e-01
3.375734492744143500e-01	-7.414676579500153464e-01	4.337078936319258005e-01	-8.457086381036393874e-01	-1.423704447345268929e-02	-3.638496590662045893e-01	-1.605189493088938490e-01	-7.542866290621172976e-01
-3.542913726375587213e-01	2.599739104777920584e-01	-3.625863492323699311e-01	-1.528810170310035632e+00	-6.154081157717082862e-01	1.650185851389103453e+00	8.530279710353844136e-01	1.173194762023556548e+00
-4.662902433282613557e-01	2.330604451048128578e-01	-3.085093695383946399e-01	-1.494764419070151895e+00	-5.733703436786686813e-01	1.430690258117911506e+00	8.216305452066063886e-01	1.110771933043519955e+00
-5.255242140955487112e-03	-1.744709250957230173e+00	-4.015897062325433642e-01	-3.051865358605587719e-01	7.744483380750719625e-01	-8.837463039617710070e-01	-1.320284647566204894e+00	-1.567307797016636861e-01
1.839630240955210549e+00	-1.056743411158604928e+00	8.026440289457824617e-01	1.768613305852404949e+00	2.986085811806255541e-01	-8.280463848775053703e-01	4.583839732726288085e-01	2.822986410503242061e-03
1.250325157235318008e+00	1.962988798972871984e-01	-3.934727767032162871e-01	1.692088506636004741e-01	-6.400485544851642894e-01	-7.031668844607502633e-01	-1.358002990724033743e-01	-3.313966061089195225e-01
1.899777897104439228e+00	1.714114201120916225e-01	7.921846208481864160e-01	2.684641531629119449e-01	1.098271739505404798e-02	-4.617020411943813518e-01	7.971773712611849305e-01	1.885057967505013310e-01
3.511339958127414063e-01	-1.301814213390408481e+00	-2.826964001227807444e-01	-4.289237236276899345e-01	5.225304843546989542e-01	-5.445711973810899442e-01	-9.888956537495002808e-01	-4.980194570685465560e-01
5.266346092507636634e-01	1.667500990897395063e-01	-6.737985749216101050e-01	-3.190898614861244990e-03	-7.592898934009649770e-01	3.508052205810861857e+00	9.377605539041222737e-01	-6.652517550698060222e-02
2.050842142742779650e+00	-8.797284045842808098e-01	6.101873938319738455e-01	1.768044238005881397e+00	3.879220128009662205e-01	-2.998716042599025022e-01	4.631911533458318853e-01	-2.503354680580909819e-01
5.658743882803389524e-02	-5.041915054838789212e-01	-2.625564699994920037e-01	-5.700512430818328591e-01	-7.509058776675155977e-01	2.252421571406636236e+00	9.459448389465583418e-01	4.490475190129524785e-01
8.173459111263027266e-01	-1.045653814287902605e+00	-3.257984272267115400e-01	1.244955600230257531e-01	5.379665473315959900e-01	7.736204938195528902e-02	-6.672901211279326228e-01	-9.665831422179953503e-01
1.852711142390547794e+00	-5.992475252656906948e-01	3.255572131327121310e-01	1.545481682910047727e+00	7.884611296433705063e-02	-4.789303513970038506e-01	3.306678912773621803e-01	-3.200739850366582928e-01
-1.419405971455206250e-01	-4.571941072847746645e-01	-8.040408666080408606e-01	-1.252923502850618043e+00	2.436371616059013756e-01	-6.175349803231592327e-01	-1.308595337832358041e+00	1.664190648168702436e-01
1.941114327033570452e+00	-9.474966847385470903e-01	5.302218084899332773e-01	2.044042740860576135e+00	3.817980571816942947e-01	-3.210753865554678010e-01	4.316598912633197727e-01	-3.623557021862891525e-01
-3.880367617312531214e-01	3.539644006663289488e-01	-2.922111260894882934e-01	-1.552103117145178235e+00	-8.091051940978490897e-01	1.359092308275286820e+00	9.169967570458581463e-01	1.152918723171576287e+00
2.626203015724045686e-01	-1.538044841947433072e+00	-2.724339379684423412e-01	-3.512272338808161698e-01	5.499809396455968002e-01	-8.608013600429657020e-01	-1.125838234354009204e+00	-2.527624209490022533e-01
1.948667001360371520e+00	2.332218040088079591e-01	7.851012939366199817e-01	4.543722958086576780e-01	-4.434554333782915470e-02	-5.239640508795688767e-01	8.462581118306325978e-01	2.504939164873407065e-01
8.299674973928456989e-01	-5.936911313780195432e-01	8.027038375631491141e-01	-7.552183286265122808e-01	3.057155546264859192e-01	-1.967364396640352286e-01	1.153965351208211809e-01	-7.660477701256691585e-01
8.050917866722065996e-01	-1.260046912725143020e+00	-3.694602584520970123e-01	4.869944082805977015e-01	6.272002034196246800e-01	1.091439460294312130e-01	-7.197400609326419785e-01	-1.011620914116810876e+00
6.614791507770565460e-01	-6.201773466563490489e-01	8.577318565444684573e-02	-1.111593157845180757e+00	1.292195017131844703e-01	-7.538144487539328864e-01	-5.754831394121552313e-01	-1.311722685472030692e-01
6.155705659492649584e-01	-2.131369855302593097e-01	-1.261818571951885959e-01	-8.758901984791150896e-01	-7.134599827234588965e-02	8.119167773648552910e-02	-2.802570332506152950e-01	-7.010678503493860125e-01
-4.765328412403643799e-01	2.294896699505572235e-01	-2.382514020924064446e-01	-1.458810435441026288e+00	-9.735548530590601990e-01	1.293462140803344429e+00	1.059468661877048579e+00	1.249898898753746490e+00
1.891047993869664934e+00	-9.078745660004038376e-01	5.510382652065305420e-01	1.702899122066319659e+00	4.430858356674274856e-01	-2.438539377858284785e-01	3.989755426674926886e-01	-3.644960322040172729e-01
1.734440359922564401e+00	-3.096951357576971930e-01	1.144173359565223924e+00	7.377233828289148088e-02	1.614516332821713251e-01	-1.048665950442923434e+00	6.429046496061971983e-01	6.488849721260392389e-01
1.810387935132469206e+00	2.705542027603772270e-01	4.572106489721511902e-01	5.685817395366927762e-01	-2.895788946349967530e-01	-7.142989716460331762e-01	6.427190419925681297e-01	1.258495556128696458e-01
1.012621082445586962e-01	-8.268280281123182585e-01	4.752991991662898763e-01	-8.068140749482690666e-01	-2.875376436259343693e-01	-2.948121496619066084e-01	5.531228515059190276e-02	-5.468067245221202022e-01
1.842335596944443044e+00	-9.652555797575000929e-01	6.013338576335496288e-01	1.556614613652789414e+00	4.840821548436202160e-01	-3.092006995338497100e-01	3.580657823493437197e-01	-2.944546101150120609e-01
1.549831692233341496e+00	-1.463318752930199418e+00	5.431526659181928895e-01	1.813865878897041428e+00	3.415518382165766975e-01	-9.936729576506502237e-01	3.257201860402202109e-02	-1.151563967424577423e-01
1.732199119063879911e+00	-9.817894319164462980e-01	5.604358607595852915e-01	1.360012433125447728e+00	2.379208802984129623e-01	-8.740232316524575440e-01	1.828830651353620107e-01	-6.596312726210797062e-02
1.538342882229120523e+00	-1.663642756751333440e-01	9.316905001604171010e-01	-6.756597997732419758e-01	7.209997777794134866e-01	2.976022682231145300e-01	5.282607435278203756e-01	-4.763728681154238281e-02
8.591853768396369162e-01	-8.824354132812023410e-01	-3.273802185662699205e-01	-1.115736377424323134e-01	4.533074947080830142e-01	8.462422030101915404e-02	-6.458104340165796708e-01	-9.088088385189968532e-01
1.415345821592291498e-01	-6.001757094581919860e-01	-4.225497347113045810e-01	-1.231049051577561393e+00	1.771083483320195495e-01	-7.720459379921726928e-01	-1.048592172075922146e+00	1.064831667150598349e-01
1.224505933389637979e+00	-1.101492344897014197e+00	-4.624728442744800438e-01	1.629475702118944103e+00	1.976911043144538582e-02	-5.087310116146676053e-01	-5.037104761899757754e-01	-8.277757019698800400e-01
1.047772840307466868e+00	-6.259094767568227358e-01	7.110599071154876105e-01	-9.709726574375975305e-01	4.869230218259203435e-01	-5.624742975273430146e-01	-1.017270435471024914e-01	9.796612291901521385e-02
1.249194707866916554e+00	2.438382084761776258e-01	-3.837386750998057483e-01	3.849352225554861784e-01	-7.216628789004865263e-01	-8.219877049959511961e-01	-7.133435735944897160e-02	-2.774492907773894457e-01
8.660989816275618258e-01	-3.995037682668934886e-01	8.303188016773982438e-01	-1.896838298761245600e-02	-5.417433107053282182e-01	-3.211442683827432365e-01	9.028145031820927757e-01	-3.693803835200477059e-01
2.071994969258470931e+00	-7.127643264620553420e-01	6.664973875741444509e-01	2.169470736454766513e+00	1.938942359031574081e-01	-4.730501459769190231e-01	6.837685131260264892e-01	-1.822223988609680267e-01
1.057872762134805383e-01	-1.703094076561726844e+00	-6.766984935825561820e-01	2.614778713609129668e-02	8.515978613464079139e-01	-5.434807714914483556e-01	-1.443592623292448973e+00	-4.347090456141890491e-01
1.920184656518564514e+00	1.985339232631016804e-01	7.381955328811454775e-01	4.368374421799867680e-01	-6.828437977056446562e-02	-5.593064321269981543e-01	7.979570543072000977e-01	2.123496110708694706e-01
8.693948060494657293e-01	-9.421906947067155702e-01	1.297632074799131008e+00	1.170763722486804603e+00	-4.387873770862080192e-01	1.826651406077528517e-01	1.582586041607198180e+00	-3.120297145247438175e-01
1.822391070730837948e+00	9.690269103998036537e-02	8.465769900179294094e-01	7.099236124034555284e-03	1.755109142615735585e-01	-3.116248179819338660e-01	7.635323842388700433e-01	1.622671402743826874e-01
1.870010568519397509e+00	2.891591858918477476e-01	5.804785454716963056e-01	5.005317951389499642e-01	-2.177313959395118514e-01	-6.484948836877540979e-01	7.282769955313095345e-01	1.662293643352646955e-01
1.309143909662811023e-01	-1.954511533053620909e+00	-2.025939354901834244e-01	-9.289651936574383484e-02	7.439325480906160415e-01	-9.839973643942038217e-01	-1.175082723843130728e+00	-2.216154490493894014e-01
-2.105991327556265280e-01	9.455748755584054699e-01	-4.349125986565244850e-01	-1.892877747464799976e+00	-5.977994896034747319e-01	1.579787264095123156e+00	8.155477498283084659e-01	1.281234319376810316e+00
1.084318069097113924e+00	-1.196109841821913378e+00	-4.330636467096656839e-01	1.358602377090400326e+00	1.933723490073754880e-01	-3.067461620041403436e-01	-5.696652904368767478e-01	-9.130123433400100241e-01
-8.773204983134357260e-01	-2.405232406335447159e-01	-2.054618836944026583e-01	-9.928645243705465084e-01	-5.499877402178281471e-01	1.791075901112907598e+00	1.192090175830945231e+00	1.314671873052267514e+00
-3.280059449614509126e-01	-3.761420801580208639e-01	-3.383948061511416472e-01	-9.877377039295029970e-01	-5.965115183839958535e-01	1.902703170893984108e+00	8.361214067917100978e-01	8.398917974343930171e-01
1.916278974765479592e+00	2.511825800019636956e-01	6.006109010421339933e-01	7.687284769199677070e-01	-2.179064788955664134e-01	-7.650397799276139610e-01	7.655913674490004706e-01	2.914788778399833857e-01
3.441646579889602875e-01	-7.073889151098303740e-01	-1.532909229637328397e-01	-1.189793809847198958e+00	1.880726253726741071e-01	-8.505188060523671822e-01	-8.489871711047468628e-01	7.593677499561135580e-02
-1.220092877262405479e-01	-7.199260968040802622e-01	-5.088693289640845441e-01	-1.198078501204220547e+00	1.206638846960337852e-01	-8.187314685749338405e-01	-1.118226667954450582e+00	3.197179921609414333e-01
7.820783715176253814e-01	-1.068649159872764098e+00	-2.838932499703197276e-01	1.763254789948026091e-01	5.262412597005015069e-01	8.501199063647386922e-02	-6.369730288525399242e-01	-1.050507703564527384e+00
6.335125130481922273e-01	1.060007636598691239e+00	1.468065033993995794e+00	5.184498105267477674e-01	-1.211699497824100913e+00	1.327079921934062989e+00	2.698917303152773339e+00	-2.360193756882012217e-01
1.308980202378196012e-02	-1.519517721514705766e+00	-5.903323125067110322e-01	-3.563124310345479051e-01	6.860046600519069671e-01	-7.113665291870246987e-01	-1.398057284184396787e+00	-2.768513285865685791e-01
1.918042218605207072e+00	-7.785774749395424355e-01	5.161804119843360628e-01	1.736823125984261695e+00	2.894760093750873842e-01	-3.688249814590112141e-01	4.380754268633015869e-01	-3.130787278675842833e-01
1.945879992115983725e+00	1.073111301198683420e-01	8.976186858532387847e-01	2.582694232674420665e-01	9.961636141291702051e-02	-5.305963897575062260e-01	8.068095807637287731e-01	3.949629008749049319e-01
1.897264234340227063e+00	2.614977361862973471e-01	6.534189106451173679e-01	4.274631440337893773e-01	-1.527752037222757098e-01	-5.956128013737651550e-01	7.601389248985357394e-01	1.864625109432933303e-01
1.077954999957184690e+00	-1.304996371305261249e+00	-3.442175981214257718e-01	1.401377546905935079e+00	-4.582361191905223730e-02	-1.022530171758870843e+00	-6.086752276696203445e-01	-4.973513750236065456e-01
5.606882505924148941e-01	-7.717746699244292241e-01	1.736514474398939134e-01	-1.092363981957112262e+00	2.027905907574690247e-01	-8.926073297311176713e-01	-5.909176691194443221e-01	-4.094560561103594704e-02
1.237554187800704808e+00	-8.653126266916193465e-01	-4.600607988920872859e-01	1.431054727686538852e+00	-1.115950956629623014e-01	-5.867934143846905704e-01	-4.320938418233604139e-01	-7.237677881154811477e-01
-3.435891445925635945e-02	-6.204230672268258306e-01	4.150765278322985918e-01	-5.333512299884625163e-01	-5.156625201779055923e-01	3.123206811513766779e-01	4.714137435843894774e-01	-8.510303768017125625e-01
1.168310775714846095e+00	1.695091115733385057e-01	-3.628496614326141567e-01	1.762816123349742747e-01	-5.998547379326671924e-01	-7.059865911704562569e-01	-1.184275442512911086e-01	-3.395039008475022047e-01
1.240204366893294274e+00	2.158225513554890285e-01	-3.937880424119273859e-01	3.642709814870648821e-01	-6.884653400523150779e-01	-8.055902335275538784e-01	-1.017924544814839544e-01	-2.965672780419033039e-01
1.507239068717669106e+00	-1.232533002724277571e+00	8.133100118527933908e-01	8.274910870312629507e-01	1.252546369102389257e+00	4.881980142139809575e-01	2.351103799319090581e-01	-4.988179358609182712e-01
1.906208258985360393e+00	2.365742159576848247e-01	7.518530169843754551e-01	3.167602218471953224e-01	-6.521811435881963437e-02	-4.952428168128875652e-01	8.007774696674698767e-01	1.618404322281647989e-01
1.477027573367410529e+00	-1.235262054998444547e+00	7.896519787966611581e-01	7.780696138238610837e-01	1.233465151919531877e+00	4.707133529641599479e-01	2.067092816297757540e-01	-5.309549792440095839e-01
-1.062775609804621560e-02	4.115830362420678235e-01	-3.689651705805010451e-01	-6.631741592048706613e-01	-1.140452584994753771e+00	2.278125646118851932e+00	1.100033071971054710e+00	2.088062024217038903e-01
8.216399581543720743e-01	-1.285735341352478356e+00	-3.480053292411509069e-01	5.442651681514648621e-01	6.518192993955922443e-01	8.833731649290937904e-02	-7.101604917705903741e-01	-1.016271223738691276e+00
1.782004438720177886e+00	-9.097793046300449715e-01	2.194618153708995378e-01	2.023257045757111516e+00	1.541582391030829613e-01	-4.316723926607693440e-01	2.184702783672656801e-01	-4.509683781995748597e-01
7.170539080062994231e-01	-3.518285840720372648e-01	-1.154546311233387162e-01	-1.089138443316260307e+00	1.254025271512670403e-01	-3.857380297362831834e-01	-5.446359410113635890e-01	-3.583627643152501596e-01
1.243656866035634856e+00	3.897458274270748646e-02	-2.805258991834310156e-01	5.241463159568037211e-01	-7.116403220600668877e-01	-1.140924177739518264e+00	-9.734821185101011354e-02	-1.005473035959336542e-01
1.637573117476680551e-01	-1.724349335348222434e+00	-6.074789252289208852e-01	3.940816852612842591e-02	8.227541335758632446e-01	-5.601117200142879948e-01	-1.384000230401467357e+00	-4.607112537995115553e-01
1.763540522613803008e+00	-5.607579484810022441e-01	3.185444625367490623e-01	1.181360204444662942e+00	1.047884931702565969e-01	-4.500327885254667981e-01	2.805639368499158737e-01	-3.069988611947749302e-01
-1.235424352495784715e-02	-1.991980466044116216e-01	-4.574953970504406775e-01	4.807206638880558991e-01	-6.247807784896614036e-01	2.966126628499832663e+00	8.747488161266354645e-01	-3.625322445288181039e-01
1.082219444739650038e+00	-6.270861154827196693e-02	3.306045348649144233e-01	-4.790257987190495448e-01	-2.757630184809980456e-01	-6.400959487184691987e-01	5.161575913385996195e-02	-5.883581908920559878e-01
1.215535354289688952e+00	1.834366073243311746e-01	-3.772948985444782855e-01	2.606243859595123724e-01	-6.470561334033881895e-01	-7.601520247405877395e-01	-1.174751996225296691e-01	-3.218888660507190913e-01
1.915662464113144781e+00	-7.404776088360381925e-01	3.574417875371314057e-01	1.849321877687969629e+00	1.357368208196825243e-01	-4.749171220915556768e-01	3.586766266926599833e-01	-3.269839809851201040e-01
7.689206404724799881e-01	-1.256445570296556291e-01	-2.356610124183538546e-01	-1.016182058474095262e+00	8.972400801440813534e-02	-7.287346730063114231e-02	-4.728752063565349051e-01	-5.414469024122527951e-01
2.058809941567298907e+00	-7.714455634337564760e-01	7.251064586784566890e-01	1.975115376884347018e+00	3.529611030745635758e-01	-3.559631223283444279e-01	6.472731914817873022e-01	-2.273156803907779577e-01
-3.180642416418708734e-02	-1.606330518641865934e+00	-8.251071816901776046e-01	-1.056204844371363971e-01	8.120618963488464015e-01	-5.548164839911814417e-01	-1.571144757970388550e+00	-3.327698299061195297e-01
-2.269964926336039690e-01	-1.715021585002789450e+00	-8.466707377150309854e-01	-1.720793282105824995e-01	8.458697833794446286e-01	-7.239682143606166465e-01	-1.659875885693984587e+00	-1.315105844838556637e-01
-1.597438200599485547e-01	3.001062672332213133e-01	-4.829447343151618277e-01	-1.471755752252825289e+00	-6.767293913648434467e-01	2.187366086009941757e+00	9.364629397912149766e-01	1.217464876669844820e+00
-5.496155626273734329e-01	-1.578608571792313453e-01	-3.433745194980461490e-01	-1.182985920470195573e+00	-6.370160595977705231e-01	1.848980554175296831e+00	9.813583749093196529e-01	1.184497035182121571e+00
1.855296933380739643e+00	2.111784244438479619e-01	7.069865943496546068e-01	2.230823523429278366e-01	-4.767719667859585814e-02	-4.234027417121507542e-01	7.311841218718704294e-01	5.525032321994016726e-02
1.837474448404471161e+00	-1.026674113034170555e+00	3.807091060770811941e-01	2.042800205062852203e+00	3.559178761759272391e-01	-3.396522383818671997e-01	2.781767252067804952e-01	-4.294604208556477842e-01
1.246630738319056242e+00	-8.635648006661226228e-01	-4.516788542407126905e-01	1.379371979136853721e+00	-1.257997334804739353e-01	-6.046917185700830810e-01	-4.424577875787601422e-01	-7.266521491581583447e-01
1.253868893528629069e+00	2.701041401349353333e-01	-3.706781379426176137e-01	2.896743776813469062e-01	-7.166913700642976170e-01	-7.711203450289775274e-01	-7.550197454332678582e-02	-3.489190835851797567e-01
6.475505425147787264e-01	-5.708190968266559917e-01	2.368894893091884613e-01	-5.754188673199024384e-01	2.054626537393520191e-01	-1.013457686246497375e-01	-2.461217185584270717e-01	-1.206451780055457723e+00
1.903256069122400973e+00	-8.330234700947429793e-01	4.940754566200849518e-01	1.734040221162329809e+00	3.336297028601296621e-01	-3.340670357094253640e-01	3.937554340626355232e-01	-3.444718355266488397e-01
-2.332735827758990743e-01	-4.883082478233926049e-01	-8.297951612725308346e-01	-1.254127621062849585e+00	2.667494137135423271e-01	-7.271648704222403170e-01	-1.373252313014657000e+00	2.850678604416541084e-01
-1.407406679930614177e-02	-3.481057680708076196e-01	2.813044067764962075e-01	-3.713437892267083540e-01	-9.034493768542040115e-01	9.322122121899815150e-01	7.606010795238242750e-01	-8.310166720400958829e-01
-5.798951852139960783e-02	-1.591701894758751568e+00	-5.452703473843877324e-01	-3.908771130459560150e-01	7.000655175447512146e-01	-8.303816187164300144e-01	-1.416220302592262614e+00	-1.398436019203194158e-01
1.241770927193795115e+00	-9.966905736066096200e-01	-4.664476895620326968e-01	1.580999701869840957e+00	-5.851991724464186695e-02	-5.605867854792625504e-01	-4.710652989981566341e-01	-7.816354340290918579e-01
1.454181138729561784e+00	-1.170661487567052461e+00	7.161694094642699904e-01	6.070307397742886746e-01	1.183851204951144709e+00	4.143194409110833032e-01	1.386054217406232081e-01	-4.954893195198387668e-01
2.976516905087095433e-01	-6.488057156088348210e-01	-2.293967666029354813e-01	-1.223414285038758598e+00	1.252582505395277712e-01	-8.462128068594928498e-01	-8.977020609070104351e-01	8.703572009336371651e-02
1.120653637439323003e+00	1.161733929678920640e+00	1.151525102665401645e+00	8.185981377570225037e-01	-1.286612469740247455e+00	1.943556717941089529e+00	2.611476031449239787e+00	-2.383764470734582586e-01
1.713485744823181056e+00	-3.060762440834275400e-01	1.092529567277692015e+00	-2.970997353382019788e-03	1.769006928591530525e-01	-9.771175744856563927e-01	6.060854826130319672e-01	5.927448040345497660e-01
1.518030918106564764e+00	-1.048801744685742277e+00	7.647192312251289703e-01	4.638829204138011919e-01	1.105262572444495994e+00	4.046938385701584484e-01	2.142906541927483699e-01	-4.501876228545290126e-01
1.790434721104659843e+00	2.243819148562779253e-01	5.041767503911573911e-01	3.423884018273016250e-01	-1.803442535752136922e-01	-6.016748596485542722e-01	6.058814257267040038e-01	1.057916374976405061e-01
9.725774805614849639e-01	9.794528561507573339e-02	2.384505038060230619e-02	-4.302265689172112273e-01	-4.207581131175398004e-01	-5.690519956907911236e-01	-6.198882416376028798e-02	-7.687009633528917307e-01
8.212769106369065542e-01	1.491729987132305590e-01	2.415458052538917433e-01	9.690432373104671537e-01	-2.004444616368541432e-01	3.430547616068400085e+00	1.545516179810793478e+00	-2.695354873358738468e-01
7.979783622111794594e-01	-1.166494340597648005e+00	-3.577034356275069493e-01	3.336094818305381238e-01	5.924411725528233585e-01	9.374625776880657346e-02	-7.045884747368112988e-01	-9.935738558031854684e-01
1.927334444742227149e+00	2.507626639870986773e-01	6.224934887365095593e-01	6.010936086765246156e-01	-1.869782293910535742e-01	-6.596125585097356581e-01	7.627389019203802967e-01	1.969645293440385747e-01
1.556321544039605653e+00	-1.828743295594014717e-01	9.768840796719556741e-01	-6.337380145563890066e-01	7.808803872810465840e-01	3.497487800451535844e-01	5.886547045570094117e-01	5.645146154935998251e-02
1.393402798297467049e+00	-1.302699871899623885e+00	7.232977152112901598e-01	6.366492122022391342e-01	1.155822225693919014e+00	2.846200709294163245e-01	6.303339466216513476e-02	-5.523225905190373153e-01
1.582412553811960998e-01	-2.717668684666216805e-01	-5.137480556129691012e-01	1.010036388152416864e-01	-6.100302064352804976e-01	2.946865473017274084e+00	7.912666770602532207e-01	-1.704701168073665951e-01
1.507032584306420508e+00	-1.536474960246552723e-01	8.380503410205226711e-01	-7.057460232372159137e-01	7.376935186615971585e-01	3.028410470822794354e-01	4.436408069641606389e-01	-2.458230392309791734e-02
8.795537478460890846e-01	-4.737774703500736151e-01	3.952307986071709744e-01	-1.438768834527398288e-01	-1.558981048868708086e-01	-4.081139883885164243e-01	6.770648368444243115e-02	-1.021830163192675611e+00
1.090181086365846541e+00	8.477341590946023686e-01	6.680556034634828055e-01	-4.023627755321214639e-01	-6.159508018901411752e-01	2.156743229766153735e+00	1.948229404442602952e+00	8.646384491786024418e-01
1.802149156887748571e+00	-1.070626491218746423e+00	2.690592356045315992e-01	2.161401252977256160e+00	3.127973051952389061e-01	-3.593854889789906415e-01	2.028374193956258287e-01	-4.846866378244887308e-01
-3.084424700969945476e-01	5.935394988744158162e-01	-4.546415861526274527e-01	-1.747977576071267913e+00	-6.979316318997487167e-01	1.535280493585321260e+00	7.890648887910863829e-01	1.318724995675643719e+00
1.847279818484604874e+00	-9.431397898233861987e-01	4.283122990151065346e-01	1.774342281931363230e+00	3.853290713984747762e-01	-2.862438015419113690e-01	3.021834999902683894e-01	-4.136548558590636970e-01
-5.233235593895768645e-01	1.659051051407114952e-02	-5.109070643892957841e-01	-1.200961306383457883e+00	2.969745824904244658e-01	2.272024294224294749e+00	5.799323866743907319e-01	1.045335644394216112e+00
9.927617069320623377e-01	-3.458564766753881581e-01	1.459615954992528275e+00	7.302317814659375905e-01	-6.798157681585713652e-01	-8.507374752005232577e-02	1.818867902428926708e+00	-2.786954449829975311e-01
4.347398301721312475e-01	-3.370759182829121681e-01	-2.639781586126868987e-02	-8.077921985684505257e-01	-1.921903867726573178e-01	1.402261659457202658e-01	-1.195745497288167730e-01	-7.065974851162430959e-01
1.998969405684146272e+00	1.641285396121962281e-01	9.774804105783861941e-01	3.303527675264733010e-01	1.131966714745620273e-01	-3.811089352920435380e-01	9.519798905053333815e-01	2.696269237332560298e-01
5.821215135660903761e-02	5.752137097666593091e-01	-5.418379266709186792e-01	-1.709245422558353322e+00	-5.704776322359680352e-01	1.905983189890436913e+00	6.440127431884058451e-01	1.041719699556004741e+00
1.955343838351194075e+00	-8.104638594193588341e-01	6.268351947513012279e-01	1.702424320695858473e+00	3.986390164204847708e-01	-2.940662241378569353e-01	4.988602035403382762e-01	-2.918280701889658935e-01
-2.726704500130908149e-01	-1.849670876561177346e+00	-8.968375216480923839e-01	5.997344894628025419e-02	8.980487302934574423e-01	-7.021601030791437825e-01	-1.699709116102338324e+00	-1.997123709042492590e-01
8.229318371393525844e-01	-1.156186983379831723e+00	-3.382675742784375661e-01	3.107912069247000808e-01	5.905056801429371394e-01	8.662360703410842966e-02	-6.899454207844791798e-01	-9.941736729893523306e-01
1.547407090224885096e+00	-1.061645132260015778e+00	8.362484038058837221e-01	5.326325977748703755e-01	1.161772022924321135e+00	4.447921619658089520e-01	2.792638298482184034e-01	-4.139869940101270629e-01
5.710120181788664873e-01	-5.931476139272207071e-02	-5.426260636231353685e-01	4.595624548590329095e-01	-1.243516194209440151e+00	3.042043836331462803e+00	9.724257421540023483e-01	-4.207548493380594001e-01
1.266485659797602858e+00	-1.147900446914496220e+00	-5.110789667659524360e-01	2.020442810070371742e+00	-3.453982113569628587e-02	-5.595410235260254161e-01	-4.908194500908739100e-01	-8.271561340489835823e-01
-2.947593392670188051e-01	-4.194749904478637381e-01	-9.112814116247934804e-01	-1.279935207833341693e+00	3.332908554643491672e-01	-6.268160684262655824e-01	-1.390225233251847214e+00	2.956468994609811052e-01
1.911303298797531802e+00	2.242709558040864304e-01	6.934047683761705994e-01	4.195166878553209244e-01	-1.110099787152147160e-01	-5.659779699972088407e-01	7.711375294680605785e-01	1.607227550667671423e-01
1.922175825596843968e+00	-8.829508878537236649e-01	5.575613754906421082e-01	1.921180827475980513e+00	3.657461292637135819e-01	-2.547873235643923762e-01	4.515793481034777734e-01	-4.283207969109618096e-01
6.244979291339602945e-01	6.598790131150602534e-01	1.165221449215813054e+00	-8.028675023014097967e-01	-2.799841679662122829e-01	2.308107195366570608e+00	2.119854129217043415e+00	4.311806000382456538e-01
5.546362103712503266e-01	-7.106643291261677264e-01	1.497786730265245891e-01	-1.125533252419271824e+00	1.604219158066705342e-01	-8.694014108927422546e-01	-5.956329453720220490e-01	-1.082898160412381350e-01
-8.591700208944354211e-02	-1.625230958812476478e+00	-8.164752597954411106e-01	-1.107179663167703748e-01	8.224413793357805424e-01	-5.693318028317158053e-01	-1.575779570944947583e+00	-3.577876427230723966e-01
-1.848228460055738320e-01	-5.059854615553314172e-01	-7.830461046314769469e-01	-1.240706954198686374e+00	2.604644344341456863e-01	-7.504661728695770639e-01	-1.339539603045771576e+00	3.103622020884411192e-01
2.444733842438424898e-01	-1.739530438093923825e+00	-5.493114106656545870e-01	9.304918855450608484e-02	8.301172157890708281e-01	-5.480896788539393327e-01	-1.331555807502412758e+00	-4.816360508508987781e-01
-1.698353401856042832e-01	1.183450144895538403e-01	-4.899343757965365365e-01	-1.385484075704814577e+00	-6.616315164125754489e-01	2.208569137951608585e+00	9.199792078172095433e-01	1.242326892136609073e+00
-1.953453272945601948e-01	-1.834016849569434005e+00	-9.488717050075952120e-01	2.007507266914250188e-01	9.468361249185230921e-01	-5.656863853929784414e-01	-1.708708075263253079e+00	-3.151884734850657899e-01
-1.320940390099062389e-01	-7.263517891733075604e-01	-4.583059291570691363e-01	-1.204787505888955890e+00	1.598176120889926444e-01	-1.065536490250977630e+00	-1.194009513095695363e+00	4.454307890645434198e-01
1.318896476845140331e+00	-1.424095916632671655e+00	4.456487258440839372e-01	9.842897028499133505e-01	1.226723785871987715e+00	4.303325312644994405e-01	-1.105530666795817157e-01	-6.857345336884980158e-01
1.877320760624217266e+00	-8.744366654881708945e-01	4.812419766771258156e-01	1.693522249262140456e+00	3.844603668481152980e-01	-2.804648779202205122e-01	3.595641686819034399e-01	-3.705916592955071920e-01
1.710983991163239626e-01	-8.812244907709969322e-02	-5.550859033773574147e-01	4.254311399352617151e-01	-6.168607517587247902e-01	3.239174844724736602e+00	8.627984778633969176e-01	-3.119432594388278912e-01
-2.495609862142470972e-05	-1.088177676738379951e-01	-3.463770151233062644e-01	-1.261399108072203568e+00	-1.002258290929829210e+00	1.704978175850739186e+00	8.719972143233675199e-01	8.822260487830648756e-01
5.604467680530014206e-01	-1.582860612960665048e+00	-5.258333810430827482e-01	9.330294095610018879e-01	3.542019951306851766e-02	-1.293060921735259106e+00	-1.047252990305816978e+00	-2.007244276326354548e-01
1.923933635744317971e+00	-8.292610861665272726e-01	7.875247373352612934e-01	1.389758469685134390e+00	5.598183991560798933e-01	-1.775001682042944562e-01	5.501676284194542133e-01	-2.425277032017688073e-01
5.482081552694686444e-01	3.643162019264468698e-01	-5.289906953884605523e-01	6.964388432794468287e-01	-9.077112458453144850e-01	2.996287759061504907e+00	7.964129091043073982e-01	-8.466351690357409865e-01
2.045685197370056940e+00	-8.927820951568058438e-01	6.502624593251683516e-01	1.957494090896027883e+00	4.342168490607102860e-01	-2.480792129394586709e-01	5.341183602836337974e-01	-3.042613315738712521e-01
1.521351033267928976e+00	-9.274656967907675131e-01	8.895727700984634723e-01	2.725244032301171737e-01	1.035386804392397941e+00	4.014116727236901050e-01	3.482400331961658102e-01	-4.236884690632553019e-01
1.889223653742566844e+00	-1.004137979020494953e+00	7.760938297993772439e-01	1.610926970432771554e+00	6.791674658467756753e-01	-4.347848401654352823e-02	5.209830580302047265e-01	-3.386299151890062031e-01
3.098679680452289253e-01	-8.958512893666398247e-01	2.390797246669706944e-01	-5.384538535060052755e-01	-6.262559433487274729e-02	-1.411998510334948886e-01	-1.435939767974475922e-01	-7.795473144972624446e-01
5.295882268584399810e-01	-1.312760667756397215e+00	1.856706643377765142e-01	-4.694767878345931233e-01	5.614224632123088199e-01	-6.371858973584472174e-01	-6.284196486418019978e-01	-5.345525428359644282e-01
1.475440687262260520e+00	-1.168903069538247408e+00	6.842327913852065402e-01	6.228115104752695030e-01	1.123263188629177511e+00	3.994834275904431409e-01	1.210205769888682698e-01	-5.259007518545693038e-01
7.661073445989463604e-01	-2.431747365307281028e-01	7.703376224874161071e-01	-1.031560597944141122e+00	1.038211852725355600e-01	-1.986943856132441788e-01	1.662884724856524832e-01	-8.717368122220150450e-01
8.799378500027679184e-01	6.116038589207035692e-01	1.766723548411170963e+00	9.600468034675183615e-01	-1.007721342262507980e+00	6.797384304931501919e-01	2.609949468306739906e+00	-4.295914016066519903e-01
3.953828363351085118e-01	1.601504663181430033e-03	-4.633152164264145445e-01	7.221620732870822623e-01	-1.023282617919623050e+00	2.907300766586025542e+00	9.090786303005677915e-01	-6.732253406179347088e-01
-2.029118675282889916e-01	-5.168598356539871180e-02	-3.601584681097143581e-01	-1.272100562998172313e+00	-1.074743534561604985e+00	2.036272443498103435e+00	1.189233903306254891e+00	1.324711291887969544e+00
6.966421266206855867e-01	-1.281684445890231450e+00	6.182078575250367358e-02	-3.877938860619032369e-01	4.887482625557905691e-01	-5.984932254369795812e-01	-6.850300953989690855e-01	-5.619287449027696724e-01
7.908411405018713758e-01	-1.207316095101027831e-01	-2.659052107111249952e-01	-9.705816109972417172e-01	1.012745842713901612e-01	-3.040503517193456073e-02	-4.940205865387797823e-01	-5.876193049717187700e-01
-2.081229911431346780e-02	-1.771463207829015563e+00	-5.770931559587249016e-01	-1.492440134665729279e-01	7.677826304002992597e-01	-8.017242280868751569e-01	-1.444590302264809223e+00	-2.389997008153697533e-01
8.954209083828574833e-01	-2.700099763782946027e-01	5.546384666975584521e-01	9.855984073428708525e-01	-5.702550368139429615e-01	3.145136704724758481e+00	1.867294745722708260e+00	8.079155260964615559e-03
-3.438944037294004996e-01	-1.902395956386346287e-01	-2.872086788226622112e-01	-1.183560858382831427e+00	-9.336901084871598311e-01	1.732854568834239606e+00	1.058020365224043413e+00	1.128474804100749740e+00
1.106522055094159906e+00	-1.174179363928467001e+00	-4.070114304137955608e-01	1.376500166465279840e+00	-6.917444036471047386e-02	-9.169739628893356365e-01	-6.051242665010324595e-01	-5.664813474805628912e-01
1.178472913482635942e+00	-1.214523365300963498e+00	-4.988466589363135251e-01	1.718339146700613496e+00	1.150775291987592430e-01	-4.582290275628038145e-01	-5.673436032355604342e-01	-8.591544395096490927e-01
-3.470608008237447972e-01	-3.972199276648880062e-01	-1.009032479006037208e+00	-1.232597566078553752e+00	2.979893700749871033e-01	-6.271992510622046435e-01	-1.463295068353030803e+00	2.752017882797516135e-01
1.576958033398035308e+00	-2.716319739827401936e-01	1.009401537781203562e+00	5.128287253045478444e-02	-6.057266286938312733e-02	-9.314991972830121147e-01	6.713319065986915746e-01	3.892991940088966762e-01
-2.127943757168896666e-01	4.851591302598631250e-01	-4.858991075653834590e-01	-6.043746377063201614e-01	-5.588417953610433919e-01	2.673104950587892326e+00	9.511786797841466079e-01	3.017432564864934164e-01
4.032344821588759176e-01	2.064748553009861654e-01	-5.119033620997168743e-01	7.448960630009260342e-01	-9.655145717975303077e-01	3.205103127143358765e+00	9.928114128663967364e-01	-6.309449302490339750e-01
1.320895027400071697e+00	5.122531263950992342e-01	-9.576770841221989017e-02	1.653478228090278224e-01	-4.732953037488065173e-01	3.527371187858812096e+00	1.354674262364499615e+00	-6.804465944318251192e-02
1.895976327205806555e+00	2.280408724514732255e-01	6.201948263113303828e-01	5.298965598264636645e-01	-1.645810286005483236e-01	-6.331185033603830004e-01	7.383428295871335978e-01	1.738887636220221578e-01
-1.813152597112667463e-01	-7.788918030464323516e-01	-4.436340991842009363e-01	-1.243298024895389764e+00	1.901303926279764855e-01	-1.143212667686930972e+00	-1.208083863118857071e+00	5.478745761280392479e-01
1.941369180746080003e+00	6.164193353920677243e-02	1.149447715628489908e+00	2.349163317168297960e-01	1.728141527379931097e-01	-5.317272790714179242e-01	9.844453940954270843e-01	4.593329668510732211e-01
1.277340285948251664e+00	-8.829451800697958319e-01	-4.741569829101617284e-01	1.688329557773051048e+00	-1.960546850842185829e-01	-7.099331087175780874e-01	-4.073010980900694245e-01	-6.899689087429771162e-01
1.874990182776738790e+00	1.851142608324864158e-01	6.988183601122969213e-01	3.248449153360787878e-01	-5.884112416246655569e-02	-5.164119227906592835e-01	7.417518234279791844e-01	1.598084527720773640e-01
1.905860826265299179e+00	-7.877611138294376980e-01	5.183787209888293113e-01	1.624921943092943577e+00	3.388227361173122287e-01	-3.242183130169617455e-01	4.108259895052158162e-01	-3.221719389571888748e-01
1.265194412110943745e+00	2.436327009195421722e-01	-3.972957626265082309e-01	3.977195288788362149e-01	-7.085501854123189558e-01	-7.811945416624527239e-01	-9.125364162304616666e-02	-3.209216602165899102e-01
1.846593939827123609e+00	1.832094852591652778e-01	6.448452856564546032e-01	3.081420746981768932e-01	-8.222702364530914965e-02	-5.268617615133630583e-01	6.943770122209050877e-01	1.243641333209478395e-01
1.976636620217631091e+00	-7.729386333427069600e-01	5.450136289650111543e-01	2.033098829625082704e+00	2.679570218833640660e-01	-3.707118547326748725e-01	5.228492133075404169e-01	-3.043738478689627658e-01
1.410660828998876182e-01	4.357188880496393191e-01	-5.434604334598621689e-01	-1.518876449451478594e+00	-8.208964065382435837e-01	2.239459691460151891e+00	8.874412630670445168e-01	1.121939360588859902e+00
-5.588309761224355965e-01	-1.989839374909504188e-01	-2.287855979631686631e-01	-1.159728622400258979e+00	-8.515681213567232177e-01	1.509624545825893005e+00	1.053977260204685518e+00	1.135601942660584118e+00
-1.512959005119469680e-01	-1.710424246896902201e+00	-8.317839257842374323e-01	-1.518173451800197693e-01	8.099324068883548833e-01	-7.123408113660686380e-01	-1.640305893749335331e+00	-1.705300741587309210e-01
8.596852591881025685e-01	-1.282512037618868339e+00	-3.638735920309442151e-01	5.255075057674128969e-01	6.182878908848730148e-01	1.300630299395538203e-01	-7.068643055185618307e-01	-1.004462879753211135e+00
-7.347524661657096612e-01	-1.558879721511755856e-01	-3.274927779899152736e-01	-1.152570629423361526e+00	-7.873987869797460792e-01	1.620312433632949967e+00	1.040575106075312561e+00	1.280145821726401234e+00
1.916708893281357629e+00	2.767812947117868072e-01	5.791808563662587117e-01	6.617060548068208758e-01	-2.191657551146675154e-01	-6.833062625216373975e-01	7.413370644483578964e-01	1.931652365826217188e-01
3.918930067387284000e-01	-1.859809923032952964e-02	-5.007023541980141212e-01	5.873702510520348863e-01	-1.039372389248398143e+00	3.163733046247652503e+00	1.032062141957369672e+00	-4.476968056345208002e-01
1.144135510640710507e+00	-1.167538422614757820e+00	-4.470208012621724181e-01	1.422972300453874572e+00	1.679927766205615014e-01	-3.955455564681845670e-01	-5.622720620301522310e-01	-8.686106175142863650e-01
5.919697977364746233e-01	-5.047062601839035212e-01	1.655640697667526973e-01	-1.046414692841707517e+00	2.809701282887550056e-02	-5.034415056524463861e-01	-3.784927894175183494e-01	-4.608925949363757435e-01
6.613143170301094553e-01	-1.490558971698038082e+00	-1.049690788136781738e-01	-1.056218297220012231e-02	6.556807526550580967e-01	-4.597290731899336125e-01	-7.940163741587977775e-01	-6.763208851697639634e-01
1.893219025420485702e+00	2.021284288631884085e-01	7.260079540483064253e-01	3.844613138090330340e-01	-5.257615947901059933e-02	-5.024823309967531015e-01	7.708894178852433443e-01	1.629147103424701259e-01
-2.078318965870653012e-01	-1.763322489604791876e+00	-7.964723453202824377e-01	-1.308199214945288402e-01	7.837340829383077079e-01	-8.001970903006463409e-01	-1.626328819108003643e+00	-1.278321450727459840e-01
-1.708595811151447097e-01	-1.572125787663886332e+00	-1.115552907421465845e+00	1.244668214867041267e-01	9.390296641267696920e-01	-3.285307234585922997e-01	-1.736051797662859331e+00	-4.030681309478361118e-01
1.892437282319760827e+00	2.230919417242159530e-01	6.991795422347570899e-01	3.428768081706284887e-01	-4.859038730180931936e-02	-5.150535847087084340e-01	7.508318927418797806e-01	2.054944998498214881e-01
1.992681425603680667e+00	-7.381347274795648783e-01	6.526928679523436028e-01	1.647148401857206235e+00	3.686972499827753658e-01	-2.933573160412094594e-01	5.412103112395298954e-01	-2.635114493666154134e-01
2.085166331426024477e+00	2.943943454200944609e-01	1.063383346229968884e+00	7.425856071895263755e-01	-3.380906806918041602e-02	-5.158116903503832118e-01	1.133940927441924984e+00	3.158184351366677967e-01
-1.329519799586698636e-01	-4.478261062180076690e-01	-7.715769965037531097e-01	-1.208518063287850719e+00	2.166354298777370957e-01	-7.232380423207325215e-01	-1.289663833538158499e+00	2.373157584871239123e-01
8.095967718909385935e-01	1.118925420492834499e+00	1.072709628607634080e+00	4.900877443398070632e-01	-1.558896826805467262e+00	1.561720096639242827e+00	2.546816901800336375e+00	-2.904831604003795253e-01
1.183338585346628280e+00	-9.011162003292658706e-01	5.313043999477407020e-01	2.453902836598422510e-01	4.895009926207818940e-02	-6.297090491515596744e-01	1.149535875843812061e-01	-2.300319175736550981e-01
1.905624724024753247e+00	3.157901721537421658e-01	6.912096892373779111e-01	4.431162812753336455e-01	-1.063904109188143626e-01	-5.441852509746109012e-01	7.940823690639264854e-01	2.336705337859744935e-01
1.840313088498195526e+00	-8.601009405932030782e-01	2.983497262073418477e-01	1.931747564401809392e+00	2.110760351339773244e-01	-4.321874778848222576e-01	2.766559347522479229e-01	-3.882302610783797681e-01
8.081117611954683477e-01	7.539786582466676546e-01	-6.360767296204754562e-01	5.506094342066573111e-01	-8.711106693082997232e-01	3.166814634160558750e+00	7.187649218302724075e-01	-8.973563603967245061e-01
7.854992923363397495e-01	-1.145631531895272698e-01	-2.681942571315638069e-01	-9.747767481745949203e-01	1.332513393233384358e-01	4.012932655403825266e-03	-4.805987272138239064e-01	-5.906751519802794226e-01
1.445006698456897887e+00	-2.869410497506108548e-01	1.167250700098484195e+00	-6.646748150245883613e-01	6.190786715955158837e-01	2.035285129487899303e-01	7.093081176947375610e-01	-6.285404620590596958e-02
-1.799003154645259783e-01	9.021487910315935110e-01	4.131187564696380266e-01	-7.351752250135769051e-01	-1.240657311692763720e+00	1.771579267082434406e+00	1.623662656969349527e+00	-5.782488322335713749e-01
1.587391274967088428e+00	-1.075735690902343888e+00	9.142262034431266615e-01	6.518983983265375093e-01	1.190947820990090555e+00	4.931346178094367927e-01	3.562390501686867328e-01	-4.128389170747543413e-01
1.604135919183941938e+00	-1.330837742126249890e-01	9.138794674352285208e-01	-6.955192058954525747e-01	7.203577829884511008e-01	3.342979737575699217e-01	5.325956024400106958e-01	1.590910994639072040e-02
1.890000845759968628e+00	-1.105940564764395173e+00	5.754832810439369783e-01	2.177721528468325562e+00	5.370825062699418062e-01	-1.610514501083035732e-01	4.244310651777608578e-01	-4.590416808758748801e-01
1.471060754382772506e+00	-1.344279952397074540e+00	6.814027888021844115e-01	9.362969652723028835e-01	1.167603440194828757e+00	4.404181715673062270e-01	1.059462696696924500e-01	-5.963706744757132361e-01
5.005206228039531524e-01	-8.868019153457162851e-02	-4.818457472122575358e-01	3.219078631693246262e-01	-1.069039608981307010e+00	2.899241605504591313e+00	9.045295160542626833e-01	-4.695444559697287690e-01
-1.350616154898850452e-01	-5.741186227843412260e-01	-6.461775379620222637e-01	-1.240895047697017750e+00	2.092132178681617161e-01	-8.143982411635256602e-01	-1.263919840436571906e+00	2.768745793121622500e-01
8.184793608709864943e-01	-1.228580961561421159e+00	-3.491717651127280719e-01	4.395356792969357107e-01	6.401343391143918815e-01	1.099516266288288746e-01	-7.027129969131875598e-01	-1.007955087685589612e+00
1.200072778425664177e+00	1.918095105801432554e-01	-3.978466180672140529e-01	2.375829761991992695e-01	-6.459170843658297301e-01	-7.511596442047637767e-01	-1.371540344584195048e-01	-3.213815271331788015e-01
1.171474686864003578e+00	-1.103802359369372710e-01	-1.999884735902185962e-01	3.936562439006694447e-01	-6.594572243269603007e-01	-1.237334486812139867e+00	-1.437474055880510193e-01	-6.024493808158296743e-02
1.987972164211962989e+00	-8.282821166683629333e-01	6.489146252994303365e-01	1.872777060904168289e+00	3.770030307972819794e-01	-3.158146849085932684e-01	5.476692775919713707e-01	-2.813208036926940214e-01
1.711465698458488616e+00	-9.847026699626777457e-01	3.113859965568285815e-01	1.471067351539058876e+00	4.456577746830498454e-01	-2.268183293284919966e-01	1.165996509589388996e-01	-4.964945229326711007e-01
2.024638063553485523e+00	-7.946403798740115931e-01	7.452969344239445126e-01	1.847665552172731651e+00	4.138236523355802166e-01	-2.943601889479875999e-01	6.303049658857146076e-01	-2.375644117320922510e-01
1.444913224625313797e+00	-1.366801769582336734e-01	7.612367951581798797e-01	-7.465860360216062253e-01	6.257032868768186429e-01	2.613028540983880488e-01	3.644027656850424846e-01	-1.670357055538071178e-01
2.097708501539770953e+00	-8.373247062098239102e-01	9.875203615247279965e-01	1.857187462250395882e+00	5.945047169139352494e-01	-1.768385365297465983e-01	7.979007558767589048e-01	-1.656159202039469702e-01
1.981315806427974113e+00	-9.043965522541941304e-01	6.356569538815888265e-01	1.963616620072573093e+00	4.430822499028942985e-01	-2.199826281721034005e-01	5.102788108204936446e-01	-3.586067581786773206e-01
1.850135600247487799e-02	-3.359791262449598331e-02	-4.413133897310030362e-01	-3.226195564853260311e-01	-7.624464819722794884e-01	2.633202149545937232e+00	8.961502582984133269e-01	4.028813487911842017e-04
8.022398701058665038e-01	-1.147276173154513079e-01	-2.676573035832738312e-01	-9.736902424812139412e-01	1.100982410979294834e-01	-1.582309077047198975e-02	-4.835860262491752937e-01	-5.920427668837504598e-01
1.966069088790997621e-02	3.336373624595846410e-01	-4.230922382297950257e-01	-1.579478303813263151e+00	-4.503908455063353466e-01	1.758796627176733907e+00	6.023853011058065698e-01	8.822240810011169332e-01
2.062998510401012453e+00	2.426937395199768865e-01	9.614740082466562976e-01	6.959917027966332492e-01	-2.599226690613012578e-02	-5.183360802244495469e-01	1.030616908824449229e+00	3.020795236243806747e-01
2.524127973908126821e-01	-1.945520353672937353e-01	1.688258836565917353e-01	-7.669262469607824872e-01	-2.527653636893456568e-01	4.467651735789199274e-01	1.595052057033383153e-01	-8.796873660798327776e-01
1.511078199249423992e+00	-9.393032242086203354e-01	8.342971589900400886e-01	2.987189443247098009e-01	1.051347929474250487e+00	3.957833664292905174e-01	2.987470197422261164e-01	-4.056352671237182794e-01
-3.508129153763018399e-02	-1.864645336297267031e+00	-2.248865424747296116e-01	-2.824503331787758809e-01	6.879916673222783441e-01	-1.079072696678143206e+00	-1.226832123208875247e+00	-9.589980463746765327e-02
6.851845772276822233e-01	1.753660053133985486e-01	-5.002959300202622916e-01	2.636548494945349375e-01	-1.131861032095584640e+00	2.772069207048209805e+00	8.051343878830266032e-01	-6.588409565224334630e-01
-1.568688169984885084e-01	2.437819001823091358e-01	-3.112561031269844292e-01	-1.509717044064222691e+00	-7.869573151722965010e-01	1.575791876491679400e+00	8.354254374172609410e-01	8.812368037171200985e-01
3.481105943942164882e-01	-1.076297952521301671e+00	-1.061299308652455808e+00	9.799435825006460599e-01	-1.894562073620869869e-01	-1.339147524979007686e+00	-1.316101373552640119e+00	-1.407390753355940898e-03
1.914463295227439632e+00	2.237165749827698946e-01	7.009291872535172718e-01	4.964603175892963183e-01	-1.194874354899598118e-01	-5.480995867366377228e-01	7.992575323243318319e-01	1.700689577611562142e-01
1.808436060851585259e+00	-5.493908576504482610e-01	8.149499474072984251e-01	1.295382334351341536e+00	8.857814109237063804e-02	-2.493905425732985404e-01	7.995169961667741854e-01	-2.537303088880801250e-01
7.839083598300706779e-01	-6.814980242010193479e-02	-3.068626792753529897e-01	-9.383803837956127269e-01	7.507156322319852304e-02	4.127847969408420664e-02	-5.029487628154760692e-01	-6.322589322586101845e-01
1.432984732119077398e+00	-1.119001357156645948e+00	6.251649524226290389e-01	4.950000867946181549e-01	1.047667067048470013e+00	3.753495346290439683e-01	8.324341527009235242e-02	-5.380525537801154057e-01
1.836291521767656976e+00	-8.853284099332261459e-01	2.320973280704279884e-01	2.012606388701997151e+00	1.393571365001414208e-01	-4.796692363662561354e-01	2.218192174946488349e-01	-4.388331466604087905e-01
1.173620526835077449e+00	1.705057057135147269e-01	-3.742455137176513014e-01	2.088367464721907762e-01	-6.007899802958196478e-01	-7.136664757049510088e-01	-1.195522444367217302e-01	-3.195838877136277234e-01
1.275006212872626499e+00	-8.206562222535958018e-01	-4.661231051183996055e-01	1.516634839113756072e+00	-1.821086299395805463e-01	-6.496465891549442206e-01	-4.021216082316994567e-01	-6.962421389868705957e-01
8.875892155969070663e-01	5.223522602056418496e-01	-6.968198644965605260e-01	-6.935237869532467903e-02	-8.760140580894733020e-01	3.248293288975712567e+00	7.249788208744913920e-01	-4.533722952574607556e-01
1.259225562800573295e+00	-8.989551212404061076e-01	-4.584678021535550929e-01	1.473119350581447051e+00	-1.156895608082077198e-01	-5.916014426021942718e-01	-4.430863767795816255e-01	-7.521860085453360156e-01
6.939461357198888347e-01	-6.615682304486878440e-01	1.732660542058711561e-01	-8.587421152399032920e-01	-2.961842207061770108e-02	-1.036492609321760794e+00	-4.821197198841667975e-01	-7.719445258820353817e-02
3.825133969482185092e-01	-1.008599324525817575e+00	2.183211697929300921e-01	-7.663023145203737840e-01	6.836338746915029962e-02	-5.729361799359047325e-01	-4.016001351984630485e-01	-3.681734386093407640e-01
6.958445749029075200e-01	-1.433783184591483906e+00	-5.759320611680138202e-02	-8.847167577497792867e-02	6.158130056743407188e-01	-4.973393171949002656e-01	-7.480245699999968911e-01	-6.288187812073712246e-01
1.478436495952715868e+00	2.093081837682586599e-03	4.035222315682889804e-01	-3.515492327236380277e-01	7.111295163998809787e-02	-2.107716638484947724e-01	2.865083735104591023e-01	-1.728433644633711741e-01
8.219171119737181952e-01	-1.184119442471834871e+00	-3.427791825416082738e-01	3.548010260872868082e-01	6.040590773612222186e-01	8.703019675783305042e-02	-6.961133575956258701e-01	-9.955718892318059510e-01
1.291417041227461260e+00	-9.128081250563963023e-01	-4.800264620817136785e-01	1.692430298719198367e+00	-1.675677589441381676e-01	-6.684618998955821345e-01	-4.229088649241174447e-01	-7.154802537034447019e-01
1.767969911859824661e+00	1.997476258026791018e-01	6.291309183673010619e-01	1.455407642456884865e-01	-7.005103518045080468e-02	-4.805925195594449306e-01	6.631951754608687022e-01	1.045998791526044636e-01
1.438967766572422091e+00	-9.884736375190905644e-01	6.287227923751879111e-01	2.956110597082713953e-01	1.045999358082709163e+00	3.808580139633570560e-01	9.093167268399439396e-02	-4.889724014816107522e-01
1.492113548895430908e+00	-9.051467172845021336e-01	8.880366838814818253e-01	2.823361642687703954e-01	1.152528373859590838e+00	4.600290349337853302e-01	3.604749075955633320e-01	-3.336935482438599387e-01
1.617980442553027975e+00	-1.660115047945036892e-01	1.044237152027033266e+00	-6.215160406201983845e-01	8.218894981940798594e-01	3.209407501951470065e-01	6.303231100888379013e-01	8.731134325893921688e-02
1.856372606056220231e+00	1.151837379379924420e-01	9.203801072173263265e-01	-2.497578571965404482e-04	1.893841164064466454e-01	-2.924154491813334422e-01	8.236579795757976719e-01	1.585828710635901473e-01
1.222837870579832620e+00	-9.742499737058687437e-01	-4.291378651995484406e-01	1.494684108878156170e+00	-9.036163288185328213e-02	-6.412402654432497462e-01	-4.605856510299924933e-01	-7.307219024851268063e-01
-1.701207922477480095e-01	-4.966078584370624549e-01	-7.914103129418844640e-01	-1.245970829402774038e+00	2.381694881005569919e-01	-6.713148261118778715e-01	-1.313243231147479984e+00	2.314163115128081427e-01
-8.266910360756563048e-02	-1.760918792247851750e+00	-6.131599049664726575e-01	-1.537207809130136382e-01	6.366395552255939005e-01	-9.673556798126470291e-01	-1.472616892536092514e+00	-9.163691423653923251e-02
-1.379664121600442106e-01	5.127306759017150606e-01	-4.314119494455222470e-01	-1.649306871145181708e+00	-9.229170885757863596e-01	1.787204131593297829e+00	9.879500860486180036e-01	1.322456103303917274e+00
1.874537959544180676e+00	-9.489270252813453155e-01	5.814230611065424048e-01	1.864676766822789267e+00	4.827262294231581818e-01	-2.213674327384085871e-01	4.456292940373546285e-01	-3.785749755672441208e-01
2.805268368827659731e-01	-2.528796295755038059e-01	-4.307291361554754783e-01	3.536874007378676410e-01	-9.165042116153025997e-01	2.528249132994537796e+00	7.459216245249346011e-01	-4.912268723334668463e-01
1.545932964129387077e+00	-2.537987239285615093e-01	1.594707567803007375e+00	5.736822782580380808e-01	-2.584993634802315032e-01	-4.312059822118652908e-01	1.547391991852210769e+00	1.158872398587957042e-01
1.827238043510173160e+00	-1.068901786188183101e+00	6.620297156638377256e-01	1.781599233851916875e+00	5.899407823277116325e-01	-6.838016445712001568e-02	4.693074921345681827e-01	-3.544608671860680627e-01
1.506623259237484858e+00	-1.133294141051520709e+00	7.284620619395056895e-01	6.602385058579115507e-01	1.147996537741563294e+00	4.540147205518281215e-01	1.712892458347340385e-01	-5.118524056606482686e-01
2.005082055602606772e+00	1.833694528227210740e-01	9.624511018523193018e-01	4.061587542677624896e-01	8.034790409707448511e-02	-4.143450385617367671e-01	9.576741233091631278e-01	2.697894409628751045e-01
6.775164010166388751e-02	5.692408427131807613e-01	-5.314645837101158454e-01	-1.668324611454801154e+00	-4.461384435140814397e-01	1.863650730560843849e+00	5.192053900808628608e-01	7.950718954838297270e-01
6.092834063623454588e-01	-7.017501744002433428e-01	1.854594274885731919e-01	-1.094303242262393505e+00	1.651540193442334048e-01	-8.385636249688865895e-01	-5.505225533541886485e-01	-1.416292175072215997e-01
2.936064317441399729e-01	1.769373725507356887e-01	-5.300337950006168697e-01	4.795904281231243571e-01	-7.396471810344878994e-01	3.109267664023440236e+00	8.575424963521510735e-01	-5.482645161741867001e-01
-3.319489737915704564e-01	-4.834386271784806843e-01	-9.386383808634644055e-01	-1.175890188605719811e+00	2.542986460705321528e-01	-7.848649059326194832e-01	-1.443015066405509250e+00	4.327427686496144732e-01
6.689636385802659735e-01	-4.403596396618360553e-01	1.458973293935670323e-01	-1.081664611459357328e+00	8.651049989676015683e-02	-5.555904284694302975e-01	-4.444138005561654725e-01	-4.771906975395737160e-01
1.905976687659226787e+00	-1.073275511444900632e+00	7.819914587094506375e-01	1.885917343640453048e+00	6.498331977978164531e-01	-8.173445300194626117e-02	5.432138427124542090e-01	-4.138466907728356459e-01
-6.827263942412099829e-02	-1.702381209662219064e+00	-6.458578987584667752e-01	-1.168981034906844407e-01	7.304948036217151497e-01	-7.233277797975795620e-01	-1.462016373842012662e+00	-2.830349385585166910e-01
1.168912351549830753e+00	-9.743230167503575956e-01	-4.400109785122490180e-01	1.561308551315446547e+00	-1.716935022942197020e-01	-5.907997497769484907e-01	-3.911598392867688956e-01	-7.115783163304212344e-01
6.468530488745409812e-01	-6.119552699746299007e-01	8.535909280995031267e-02	-1.086487511323435129e+00	2.086534638386347562e-01	-6.917045594712835088e-01	-5.713508267636395743e-01	-1.194507649850186509e-01
1.217991792027074416e+00	-8.395433228938371517e-01	-4.437794930698713558e-01	1.219123188741164654e+00	-9.474991487940868928e-02	-5.491916919449284507e-01	-4.563566884395441892e-01	-7.443680608876043214e-01
-6.908502958313161857e-02	-1.688572230564990839e+00	-8.423463210516519695e-01	-9.498104080956646170e-03	8.213853165894098307e-01	-5.977601608055836957e-01	-1.601943143736337838e+00	-3.202604240225035981e-01
2.109800780740730963e-01	1.874108931009594581e-01	-5.716644419625883655e-01	4.650642922293034554e-01	-4.766353188674626873e-01	3.242810262074587335e+00	7.763958591254903618e-01	-5.114230012722972285e-01
1.260794948251902969e+00	-5.516377941226858761e-01	1.313612314717205187e+00	-7.186369422641638582e-01	5.902168815355897102e-01	-1.148823909558536471e-01	6.643981320092726683e-01	1.067232313949361688e-01
4.918397932037066322e-01	-1.791999408242363367e+00	1.146501689422323861e-01	-1.077510214880162132e-01	6.752230440627944308e-01	-8.940468762184874407e-01	-8.304637578579701085e-01	-3.774032844178911716e-01
1.263593396447229011e+00	2.965836258017753302e-01	-3.829709513356246431e-01	5.009242605037779184e-01	-7.762050551919305041e-01	-8.857017849655792752e-01	-2.983899765517078126e-02	-2.370353517277062338e-01
1.145420999052902733e+00	2.022090486778651275e-01	-3.649649811738276406e-01	7.125192773573035820e-02	-5.859973215408179614e-01	-5.998360726360077999e-01	-1.563347956987833909e-01	-4.313235011739609548e-01
1.803772137689202415e-02	-8.328219662158748982e-01	-2.130489530964132239e-01	-1.255149135776122860e+00	1.027787572538318428e-01	-1.179288023763025883e+00	-1.027207602412781196e+00	3.887543780515736458e-01
1.964807560016060162e+00	-8.171324587447398313e-01	4.958379104042262564e-01	2.089357812078315835e+00	2.563808325243459030e-01	-3.868792300204673684e-01	4.727868737957647283e-01	-3.371005109657151944e-01
1.878623934264486373e+00	-8.568445448963055711e-01	4.835918296642191527e-01	1.880715824789098267e+00	2.765265173600229276e-01	-3.534396907243043673e-01	4.347631157554727732e-01	-3.317312455377685598e-01
1.105642769187978214e+00	-1.271453091217151776e+00	-2.932778307763486692e-01	1.388725534241528337e+00	1.664532688978853647e-02	-8.922179635987702584e-01	-5.466106463671468463e-01	-5.712245726476666841e-01
1.879251128444661356e+00	2.203105038839326124e-01	6.895257906291548666e-01	3.575717289625903739e-01	-7.899042505243636381e-02	-5.381497598733478993e-01	7.519487402245583763e-01	1.806354893970700815e-01
1.475464373206491375e+00	-1.273981458797704969e+00	7.214761260052163783e-01	8.336023803248125974e-01	1.194251237850862069e+00	4.296191757986652648e-01	1.398261113060859095e-01	-5.457677824177630255e-01
1.879784055042307944e+00	1.931355623551815059e-01	7.494657345091794154e-01	2.640346634146164551e-01	-2.074240319315597339e-02	-4.445182758648452137e-01	7.672329000493823825e-01	1.225715737287136897e-01
5.204403921838787195e-01	6.449468053575713178e-01	1.392326204482531082e+00	-5.755720288436380061e-01	-5.164811910509644610e-01	1.952598852108532235e+00	2.258488985916223157e+00	1.515315323641469036e-01
2.153162200654453518e+00	-6.282280071530453869e-01	7.121180615058944063e-01	2.422108521002659831e+00	1.304548858112595244e-01	-5.382519273847324870e-01	7.968123657597483422e-01	-1.290977745399954357e-01
-2.189559781073717737e-01	-1.754457979848454308e+00	-1.011317724787580863e+00	1.863521202719395364e-01	9.287149817348949732e-01	-5.124059017726499965e-01	-1.738674695757226774e+00	-3.258573975051843319e-01
-3.980768581076645773e-01	5.029140565199891055e-01	-2.866216958001597259e-01	-9.207088157312045551e-01	-8.816933820608423567e-01	1.887295989189864187e+00	1.067806018800988355e+00	4.812336784299658388e-01
-6.892503002648370236e-01	-6.170341425129601820e-01	-4.802497224147420432e-03	-5.726517727881205166e-01	-7.861839871634423993e-01	1.864115030399487560e+00	1.478936332942506926e+00	1.338802453096663125e+00
-1.889340433439217204e-01	-5.174582711464446871e-02	-3.833849772110697884e-01	-1.313017505637439131e+00	-7.121991357179379145e-01	1.827072676610913549e+00	8.289572388414289117e-01	9.795584033100450672e-01
3.904286034682224460e-01	2.899040103153600612e-01	-6.277214558507525632e-01	5.844683566792375773e-01	-7.384358466734844972e-01	3.382578039230442091e+00	8.601367387297980116e-01	-5.488934727834481331e-01
1.900269292048196945e+00	1.653704213153194547e-01	9.333588168222012316e-01	1.369293017943749857e-01	1.304093695650800910e-01	-3.545079101368500685e-01	8.818016138497024592e-01	2.286210344046947229e-01
1.361816186458985056e+00	-1.564860319498225516e-01	6.765248927277561775e-01	-7.744052473460998343e-01	5.528472962651516109e-01	2.396481001641700415e-01	3.059394372266718842e-01	-1.825436227252782428e-01
1.020270799993460986e-01	-7.904926338438303945e-01	5.499351170469780614e-01	-6.827336500027464394e-01	-2.981008280120554521e-01	-1.070166704017226494e-01	2.052221231155052505e-01	-8.435388289450364008e-01
1.164313307913766193e+00	2.128492147322607886e-01	-4.520903205762858978e-01	2.487953540385579865e-01	-6.872514360728380067e-01	-8.140619184157529276e-01	-1.822472315335336435e-01	-2.597025125246621990e-01
3.493177145277068241e-01	-5.356695048442750018e-01	1.507693176822350045e-01	-8.737697882367282398e-01	-1.927915057253371534e-01	-1.620973612972029521e-01	-1.306664150375310418e-01	-5.527160681307873302e-01
4.161146333262506491e-01	-8.898253488674016942e-02	-5.558987815390902254e-01	1.011654507739888353e-02	-9.583773231570246187e-01	3.002384196470045286e+00	8.959113424445089846e-01	-1.752721351794704341e-01
1.383743806057067482e+00	3.201800848729201565e-01	-4.324293878212465136e-01	5.315372187921297842e-01	-7.936692198208117333e-01	-8.227237018563932081e-01	-5.981814247259530787e-02	-2.698111207406975187e-01
1.888199305566869768e+00	2.180148718340909897e-01	6.695009347959327561e-01	5.995069700411403968e-01	-1.168746924669204212e-01	-6.240280722065747465e-01	7.954709584098734743e-01	2.406776504571767061e-01
1.062809073573918628e+00	6.365516929177670313e-01	-6.389646773392888557e-01	2.737385024903302710e-01	-1.260279905056737260e+00	3.271891313328608497e+00	9.226768441850748959e-01	-6.425386261416603517e-01
6.363430369918090523e-01	-1.591516958245832614e+00	5.098542749048533274e-02	-9.051904692133061481e-02	6.595029481624163914e-01	-6.558565280555334054e-01	-7.617859751213866826e-01	-5.582295129044458903e-01
-2.159602788376422944e-01	-1.618495462044964306e+00	-1.042623288620395661e+00	-9.214121375379216022e-03	8.947371467294720215e-01	-4.873628211771359187e-01	-1.736678996612018855e+00	-2.914668896361130024e-01
-1.067401453525854658e-02	-1.690934672253524562e+00	-6.771935409783451654e-01	-1.219236814651927930e-01	7.931097796162986935e-01	-6.749314690084534663e-01	-1.485449040527822451e+00	-3.098233144591496235e-01
7.946499961577830895e-01	-1.099059842189543390e-01	-2.799087368289037703e-01	-9.778168173422101539e-01	1.092423610352404317e-01	-1.129856898394354658e-02	-4.927318116872130838e-01	-5.904167763081542564e-01
1.834001434145510201e+00	-9.065940071646597653e-01	4.626229212497579568e-01	1.794301093206067899e+00	3.436010249318665055e-01	-2.922581364564322826e-01	3.661798813687110465e-01	-4.084224927412490325e-01
-1.354427683284350759e-01	-4.260677924096338276e-01	7.286664830788882607e-01	-5.712473145869376712e-01	-6.286441492734319292e-01	4.088153872486635643e-01	8.034479373529330726e-01	-1.080914694451605040e+00
-2.774490736753346676e-01	-4.171761654199186431e-01	-9.470074084379530577e-01	-1.178128138894227073e+00	2.325699433683989792e-01	-6.152030868156441734e-01	-1.373747873161648814e+00	2.876626584374402662e-01
2.887896002718182142e-02	-1.121678314143192412e-01	-3.806478430145086578e-01	1.170237404403375869e+00	-1.006613842076834020e+00	3.332071015768800493e+00	1.314531979203624523e+00	-4.064662219353513128e-01
1.237423364487277633e+00	-9.352548885925594524e-01	-4.260717543053744727e-01	1.496091686172011492e+00	-9.842417576948503388e-02	-5.781005853503943248e-01	-4.297021032854627109e-01	-8.101166087731873633e-01
1.391598253825124809e-01	-1.802433661691649425e+00	-6.045534632940040565e-01	1.292666927371489693e-01	8.208657544332558231e-01	-5.987842400868841342e-01	-1.408160428754167137e+00	-4.469414279238363430e-01
-2.036811283893462943e-01	3.207059366843150183e-01	-4.861691416456846437e-01	-1.566324740591105380e+00	-5.467992087798938527e-01	1.984761115533889342e+00	7.985611429945178585e-01	1.216170584948885303e+00
6.028362122259274258e-01	-4.396717869182420468e-01	1.311413940548113999e-01	-1.059942213524014409e+00	8.749428586068780378e-03	-4.904690016597101909e-01	-3.937243615266590724e-01	-4.534868016763431431e-01
1.982056126882675740e+00	2.700066193290374672e-01	7.449746055495937158e-01	6.568378833481225421e-01	-1.358383607516511216e-01	-5.776782915392302264e-01	8.684043022518637134e-01	1.970565703624402309e-01
-2.724226207431604263e-01	-1.344255986273778403e+00	-1.098608494442023353e+00	-2.451799566901687877e-01	7.537648924593347566e-01	-4.840884580800456916e-01	-1.740301568291140466e+00	-1.946064698525561409e-01
-2.305740371230139973e-01	-1.525842315834637697e+00	-1.103605138863263724e+00	-3.950853858822203635e-02	8.839553803503255036e-01	-4.107289836197632327e-01	-1.751527075619564666e+00	-3.190942216020409283e-01
1.529246238297965688e+00	-1.156742673547013878e+00	8.115636577558523745e-01	7.314344091813256288e-01	1.175446317563840992e+00	4.860806308680779009e-01	2.548254524415294875e-01	-4.802964740396779009e-01
6.347201413310186169e-01	-4.531134078024239009e-02	-5.850547024301900878e-01	-1.568587494342137817e-02	-9.752551458192808553e-01	3.060383724820636697e+00	8.415799242981326644e-01	-2.429517280972674498e-01
-2.147597835984673409e-01	2.088461676757512875e-01	-4.278493228941095405e-01	-1.494284205207047300e+00	-4.994231848682140762e-01	1.757204179666968846e+00	6.861898573425091463e-01	9.776023796072741412e-01
1.793630452344678883e+00	-1.096431388949258068e+00	3.212279141560713258e-01	2.081686741413470987e+00	3.811611799433581305e-01	-2.993290786012719473e-01	2.121254152866170195e-01	-4.964139742499557029e-01
2.081577223334525328e+00	2.668161720225775690e-01	8.774775742172256088e-01	6.320661676123324746e-01	-4.641191503088010900e-02	-5.237857995441348447e-01	9.669739787070700254e-01	3.340474135141983103e-01
1.557034942971322389e+00	-4.454162044655420871e-01	1.098270745739574838e+00	-3.736824383671532793e-06	6.182676259065353341e-02	-1.279242386417011934e+00	4.962164331342548418e-01	6.751220973658209612e-01
9.418854950952838534e-01	-4.617072451467086891e-01	6.806486603459465101e-01	-9.781746098530224032e-01	2.960893918415563042e-01	-3.349206361929888409e-01	9.891801399264599226e-03	-3.109799105287086030e-01
1.932165685827952339e+00	-8.065718442283223988e-01	5.496628276724615514e-01	1.828731898697119718e+00	2.745107678085865199e-01	-4.066826012109829858e-01	4.618119394184611592e-01	-3.346909733385012298e-01
1.907222621597571388e+00	-1.014839224746126201e+00	3.719489552722846648e-01	2.217383608016176400e+00	2.935020521134710236e-01	-3.936687365159982077e-01	3.121371822071321578e-01	-4.117669699911156167e-01
5.898945365831422816e-01	-1.586398792261680679e+00	-1.036835833490928616e-01	-8.483010858692531173e-03	6.603970715398694846e-01	-5.756253162031063075e-01	-8.729094449028733660e-01	-6.062393128400483944e-01
1.506269167304892020e+00	-1.137258555408055649e+00	7.451622209945216735e-01	6.153088483105669804e-01	1.164005121646014551e+00	4.325785202985288902e-01	1.807651546995387437e-01	-4.783168385301121983e-01
8.035360817040403392e-01	-1.143198479638608961e-01	-2.667029719829716594e-01	-9.726539405302743191e-01	1.100384105699963033e-01	-1.491776095998339526e-02	-4.821472835860455830e-01	-5.931676107888538274e-01
1.320021677839628982e+00	-9.515551405327694612e-01	-4.889745970195092939e-01	1.892268560557202717e+00	-1.825947819718994614e-01	-6.930407576234534073e-01	-4.037844211277121231e-01	-7.169080166834791434e-01
-2.650813830812969729e-01	-4.598107695519513261e-01	-8.957300098889358075e-01	-1.183874532767100751e+00	2.441196663712578707e-01	-6.928137855763506492e-01	-1.410923602025036860e+00	2.797733604313497047e-01
1.991978512102088761e+00	-8.292678012945742250e-01	7.183973089608850504e-01	1.745286873350295309e+00	4.638755931782455044e-01	-2.476972689088315638e-01	5.702931469795042840e-01	-2.704759703060674592e-01
1.553501862915146248e+00	-1.276977048784793123e-01	9.156451132364474832e-01	-6.441445705949980782e-01	7.259458552193034375e-01	3.543916840453810724e-01	5.348035616425885763e-01	-3.689000121652685066e-02
1.750140902120803421e+00	2.437035680503854829e-01	3.236496045003326993e-01	5.494298356521633009e-01	-3.340932372826884156e-01	-7.315868525736504147e-01	5.188895846518444266e-01	3.474962640413400972e-02
1.244030217428744534e+00	2.328110987706506207e-01	-3.793407244215011853e-01	4.770948231100798909e-01	-7.301172567563023463e-01	-8.272382988291435701e-01	-5.210183529661193552e-02	-2.882984919621131015e-01
-6.214150355937286818e-01	-2.095462042847429651e-01	-3.701571391857459425e-01	-9.605976201713520846e-01	-5.302782015810034721e-01	2.326182207395354862e+00	1.188863125457257031e+00	1.422131125783742345e+00
-6.028382018259129671e-01	1.298745228285322351e-02	-3.518196695509543948e-01	-1.239614865771641261e+00	-3.469509103141906747e-01	1.976860996999994846e+00	9.352260162358381201e-01	1.192715231938209719e+00
-3.286078150076733873e-01	1.152498771522188215e-01	-4.547159439276793891e-01	-1.383675629907492599e+00	-5.217182918042402306e-01	2.064476368101451964e+00	8.733818089593651246e-01	1.208279745075538703e+00
1.145399484988243177e-01	-1.828093634009798185e+00	-7.350697465210533910e-01	3.381341442856781732e-01	9.052893062203142271e-01	-4.972318335769286834e-01	-1.474727431876735162e+00	-5.064258040431227625e-01
9.524195385999298935e-01	-7.182762147774872652e-01	1.178735567633230508e+00	-7.132489544398370462e-01	3.546404038038241668e-01	-1.194237447213897935e-01	6.077293081623604820e-01	4.351810841825742848e-02
7.257183335478621933e-01	4.918122967250950772e-01	1.481606819698763289e+00	8.818556410964576431e-01	-1.317932791794866443e+00	1.276803466918612351e+00	2.741044360770667154e+00	1.264767196434392338e-01
1.325860897413549733e+00	-9.528794053636933103e-01	-5.007792511375381839e-01	1.781581823005866205e+00	-1.586495152579962264e-01	-6.357062311177813507e-01	-4.323643057512041588e-01	-7.304789009004321043e-01
1.156135021648057037e+00	2.008893177869738034e-01	-3.597344529582090500e-01	1.654679522135559799e-01	-6.615837957846170125e-01	-7.323832576517838033e-01	-9.485626642181359258e-02	-3.103335161036789858e-01
5.978346573899890881e-01	-5.355476806966110725e-01	2.296703369895233271e-01	-1.088412999447483376e+00	7.696166461228001743e-02	-6.013510539661957033e-01	-4.020414963647657158e-01	-4.397625247163891027e-01
1.904550545234943382e+00	-9.073786311631223400e-01	5.041923402664746368e-01	1.848789815454852326e+00	3.822225558751166097e-01	-3.026081103055511812e-01	3.893193019545173605e-01	-3.706252979775107592e-01
-6.827766547722926571e-01	-1.925871653059931521e-01	-1.641838726001033921e-01	-1.145199541002633215e+00	-8.162728087221027273e-01	1.282647346650171105e+00	1.049737731590127066e+00	1.118633237821078152e+00
1.300124910372087772e+00	-9.196558209703492581e-01	-4.783768629060391464e-01	1.616223951275256532e+00	-1.387010582791852187e-01	-6.115871854066385893e-01	-4.356784825042100961e-01	-7.382047199356616130e-01
8.292581727601310293e-01	5.334930176421989190e-01	-6.057343528266310173e-01	2.434049464079358349e-01	-1.119032002099039858e+00	3.231506149623259549e+00	9.244055827162341865e-01	-5.731967246725262477e-01
1.977356705149655447e+00	-9.576913164646693177e-01	8.231732157834139585e-01	1.769258457553212427e+00	6.326727782398342548e-01	-1.096140235388393946e-01	6.037755200494336894e-01	-2.916308824829627055e-01
1.308176588329016399e+00	-7.999391956378245627e-01	-4.438906426428035901e-01	1.687247398691755773e+00	-2.650552385761980045e-01	-7.230521343979222637e-01	-3.420440394946613338e-01	-7.167123299130006009e-01
1.977332984108363334e+00	-4.320260365330314545e-01	7.412910201921769637e-01	1.447765445312760191e+00	1.398677671212767981e-01	-4.079321315380701751e-01	7.144934337721661199e-01	-2.135528789291598617e-01
1.016532243299121063e+00	-1.598581729662675865e-01	-1.822543387601404663e-01	-1.927513745548933011e-01	-4.359049990285733811e-01	-9.224329275403053696e-01	-2.696590160553001825e-01	-2.366998167106164896e-01
2.033765293949447717e-01	-1.606152556203254589e+00	-6.190705925088805239e-01	-3.816811938672960008e-02	7.712303125655652902e-01	-5.083800862061885750e-01	-1.348726044599721341e+00	-4.854171069685165874e-01
8.125468086047464844e-01	-1.354454325418921634e+00	-3.512001384353212741e-01	6.439614578635869391e-01	7.490801081946685258e-01	1.503306444341047099e-01	-7.182041401147950532e-01	-1.023528626998420288e+00
1.749034818714220174e-01	2.023206543795900425e-01	-5.979030697610808742e-01	6.783923144525384474e-01	-6.217289708080262489e-01	3.389112574360236163e+00	8.951332521659013386e-01	-4.921695394475697483e-01
6.809040496146124832e-01	-3.445409467554247374e-02	1.252472873372497686e+00	7.124793901687146436e-01	-1.685603211679941316e-01	2.301756435514975774e+00	1.870256276647188631e+00	-6.982490211907438349e-01
-1.017936881674215144e-01	-4.339620241721837135e-01	-7.848061492465550071e-01	-1.259451576036614062e+00	2.391292964879987992e-01	-5.995889572996287997e-01	-1.280991976707517965e+00	1.438999388839562465e-01
3.266507929439976810e-02	-1.615245492622471746e+00	-5.957699035022708811e-01	-1.867765986776750431e-01	6.918036667209441770e-01	-7.134631105229822801e-01	-1.413582069534390140e+00	-3.411989011280089357e-01
-2.470559412415549161e-01	3.897610910820477059e-01	-3.940584202645612821e-01	-1.649008012926065359e+00	-4.963522582268793948e-01	1.674369950131412876e+00	7.305635273557790077e-01	1.097494762337142271e+00
-2.155911487443681884e-01	-1.136828799257775247e-01	-2.797381291180083829e-01	-1.192748242809216208e+00	-7.288886650123772570e-01	1.339454975266481718e+00	7.183392659658736079e-01	7.235586912575746599e-01
1.773717348223228019e+00	-1.108051695957560145e+00	2.936353580695402199e-01	2.168882414641165823e+00	3.379589110338848679e-01	-3.180172080701013093e-01	2.171604394077683575e-01	-4.884794903318983028e-01
1.537697067690151131e+00	-1.173699815754390752e+00	8.082478243854350763e-01	7.275147698379577088e-01	1.200069798318068592e+00	4.637018389607435176e-01	2.372433258088637031e-01	-4.748550715093944885e-01
1.472384767467415756e+00	-8.034826540505699000e-02	8.814968911623350944e-01	-7.770699995577090569e-01	6.728882014210728624e-01	2.662448503350401396e-01	5.056276746811994016e-01	2.699448541384902311e-02
1.929541794744847438e+00	-8.456109614793242413e-01	8.321860508950382762e-01	1.535642841060801178e+00	3.016878734869815615e-01	-8.085889619070246725e-01	4.942764436026111374e-01	7.203255429269370125e-02
-2.526327320018157407e-01	-1.537877541012094396e+00	-1.190818056438387007e+00	1.085242733292506451e-01	8.997307063218225043e-01	-3.785183755458212396e-01	-1.793186480727914311e+00	-3.190357005882859531e-01
8.014662628550847101e-01	-1.059019215091082655e-01	-2.475201550217809021e-01	-9.728068577423778507e-01	9.990201939912307649e-02	-1.517720608891940694e-02	-4.669542904939414374e-01	-6.198798818603802330e-01
1.878278051449580488e+00	-8.771540300449793826e-01	5.062375956936598920e-01	1.742637405289222174e+00	3.705896651439555822e-01	-2.998250244694420918e-01	3.878217099550598790e-01	-3.639019743387502670e-01
1.867396875522482125e+00	-7.450426937097857083e-01	3.239701727152791144e-01	1.550587421323659010e+00	1.944193054863738723e-01	-3.799937367284071943e-01	2.756467317002458950e-01	-3.625517163424488154e-01
1.129632256857375783e+00	-8.604222139129934499e-01	-2.775807595941922057e-01	9.627568245510225164e-01	-2.159984662544954803e-01	-8.468027905260807620e-01	-4.002161211084901415e-01	-5.629858312333458903e-01
-2.872986854071329366e-01	-6.353110272244096857e-01	-7.094195519797966698e-01	-1.200587976603298523e+00	2.023026184758861534e-01	-1.023896066920204184e+00	-1.352935088857793566e+00	5.591514841458266050e-01
1.041315503368119177e+00	-1.611163623439761106e-01	-2.824374615463684859e-02	-1.560186554513063456e-02	-5.654255831162933177e-01	-1.217141480093906658e+00	-1.493684077867021009e-01	-2.022919845473427070e-01
1.806475201927433272e+00	-1.052959578801443863e+00	3.855053583778031978e-01	1.877469035194422764e+00	4.126173585095218033e-01	-3.099908114736030784e-01	2.280222619600963396e-01	-4.328438475675633890e-01
3.689059193454566898e-01	1.521225308521063913e-01	-6.155805329914277868e-01	1.796777566127472081e-01	-5.910098350133369260e-01	2.925932685694546009e+00	5.880564705455328944e-01	-5.421624547510096592e-01
1.151167480919809583e+00	-1.023038054881987735e+00	-4.536160933996052358e-01	1.261607208923748003e+00	5.933270306204979638e-02	-4.402079251077547495e-01	-5.345757746482719952e-01	-8.185159743852079561e-01
1.321527892947708782e+00	-9.218515966998023226e-01	-4.852245107047326589e-01	1.627918555140229540e+00	-1.656105951448795244e-01	-5.969884768310759204e-01	-4.268625560595656343e-01	-7.340608435241565699e-01
2.019272871105251443e+00	2.290150215618891594e-01	9.177959195750708954e-01	5.426898753705190481e-01	-2.288739993573126949e-02	-4.988147109872457241e-01	9.690855998287951634e-01	2.563584041688615200e-01
-2.029506550283793620e-01	-1.559905976508197734e+00	-1.098121101829346635e+00	-4.465182069551442562e-02	8.917115803826263232e-01	-4.283036276282066179e-01	-1.769672811607673646e+00	-2.784352092663722744e-01
1.519760023747313893e+00	-1.155327319901547467e+00	8.183609047547201198e-01	6.737458362781928445e-01	1.179807837325905773e+00	4.399766825021916850e-01	2.492072084331480308e-01	-4.663956153382864955e-01
4.992391910401151045e-01	3.091175583468760424e-01	-1.854285191546559408e-01	2.379405901164647896e-01	-9.745809928997150040e-01	2.634263779077314460e+00	9.880794082476799245e-01	-1.017266459972642867e+00
8.194452731768951947e-01	-1.233959396482608994e+00	-3.545431707709443270e-01	4.939976207149907594e-01	6.458629797161239416e-01	1.344097172736175572e-01	-7.041703521801814247e-01	-1.026709334782210492e+00
-4.696788286150371805e-01	-2.221828771032014205e-01	-3.287753379353484662e-01	-1.147545997258310191e+00	-5.349991139010007446e-01	1.805799734152156111e+00	8.622747506598769096e-01	1.004394844193769565e+00
-5.283465478813359484e-01	3.556316641441970017e-01	-3.299670226195190459e-01	-1.557510396363623872e+00	-8.449564696379289197e-01	1.540621888017257746e+00	1.072247874820274172e+00	1.445337297534444065e+00
-1.052434024703901461e+00	-2.071746504965411018e-01	-1.568010663220568146e-01	-9.743626210637532647e-01	-5.276498239281419700e-01	1.569328783496610757e+00	1.238142262270523819e+00	1.470967450870533266e+00
1.193127083892045359e+00	-6.222077209799864450e-01	1.016069369532140110e+00	-7.869511452574757815e-01	4.627330893247912358e-01	-2.066619123775225442e-01	3.813900308799304528e-01	2.069542946181967547e-01
-3.468510159658692582e-01	3.000628003267958865e-01	2.110934737946247863e-01	-2.419020660855365212e-01	-9.065412136028205836e-01	2.406690740389375360e+00	1.571248174197374503e+00	-4.073073963779450524e-01
-1.470893390191364281e-01	4.568356223348593037e-01	-5.207488285375875270e-01	-1.500664912097141590e+00	-6.096372886365102328e-01	2.134435972224393296e+00	8.372027242980873973e-01	1.111157746626985077e+00
1.924655005632931903e+00	-1.033063827622773267e+00	5.911352701704304380e-01	2.086035880578176460e+00	4.814712262508634155e-01	-2.094271038530709506e-01	4.535677625768786969e-01	-4.007693775517706114e-01
1.286091425652331754e-01	1.722427160327619222e-02	-5.485155036488142954e-01	2.241152554664208041e-01	-3.576119511140043450e-01	3.143032299825700093e+00	7.295769661999882416e-01	-3.661265248927700888e-01
3.942089601987745773e-02	-1.954560770943246650e+00	-3.630814212003707353e-01	-3.736749799729720961e-02	7.414795104645783841e-01	-9.449696222299401871e-01	-1.314611362714072085e+00	-2.394628759467212764e-01
8.010930662224715615e-01	-1.116283545947654027e-01	-2.723570271577695490e-01	-9.768089173749696652e-01	1.156856742600844701e-01	-5.878195230412692519e-03	-4.850101275939607270e-01	-5.896862730563957600e-01
2.126759209798896877e-01	-1.575242729816802578e+00	-9.626669257277465919e-01	3.917185196649366485e-01	8.264848799999549023e-01	-1.820767088184419846e-01	-1.542078000917056047e+00	-6.468094880502088806e-01
1.509240894440768255e+00	-1.179671838139536577e+00	7.591867838868803231e-01	7.048090845422529949e-01	1.194038215455337060e+00	4.513880070772016695e-01	1.877770612663565153e-01	-4.894179969510106809e-01
1.849828839986115803e+00	-9.071114893086691389e-01	5.940411910434865161e-01	1.514674106838013401e+00	5.107767881597189419e-01	-1.723495206098038246e-01	3.975729365577718721e-01	-3.669600019161854965e-01
5.333044682999512620e-01	-4.725826967196446876e-02	-5.304677959885318872e-01	2.560371586123333931e-01	-1.081422215781639551e+00	3.070213416066089440e+00	9.694549827461720337e-01	-3.140473188823667550e-01
1.203916316493809813e+00	2.445224216420282815e-01	-3.703657725360520181e-01	2.635443632434709693e-01	-6.830042593823562047e-01	-7.842217601019475515e-01	-8.377472446767669778e-02	-2.909486084359283464e-01
4.736180266202155709e-01	1.159797337294613262e-01	-5.807223148211438923e-01	2.649182581478082832e-01	-8.124569023732562956e-01	3.143677592922005992e+00	8.217944476026602940e-01	-4.407965477301963864e-01
1.300029832490148918e+00	-9.566669655786096405e-01	-4.614373880363546454e-01	1.846559439695174998e+00	-1.908361165586404673e-01	-7.185932496038505146e-01	-4.187432962488739641e-01	-7.180810842313068987e-01
5.627979026337870394e-01	2.292209736752377769e-01	-5.874300846121484065e-01	-5.577059567260327089e-02	-6.237093181979279644e-01	3.212191888038511411e+00	7.976113028859787013e-01	-2.473664238504135193e-01
1.290829366986045112e+00	-5.491784814506782686e-01	1.080563349689880992e+00	-8.610055452739059367e-01	6.649844286917756531e-01	-4.098683782774981132e-01	2.609556245718075429e-01	2.367532835937155022e-01
1.931852381368930782e+00	-6.997757945047261563e-01	6.058484254147444847e-01	1.603678527447136792e+00	3.188542307032506407e-01	-3.382177103448326672e-01	5.067917115661509930e-01	-2.703517853585541975e-01
1.832390490093925628e+00	1.932311118873510647e-01	6.267389714366288223e-01	3.373735325457958290e-01	-1.040301227691820402e-01	-5.404201960324097609e-01	6.943631555492054686e-01	1.130530504386069446e-01
1.919170951900272870e+00	-9.016124226804823616e-01	4.916812930159820128e-01	1.926283690097431611e+00	3.466086539912629494e-01	-3.380641833891916415e-01	3.990614073649610960e-01	-3.622398096254314526e-01
1.910053931653217241e+00	-8.400880020096487266e-01	4.908328421720780654e-01	1.732559211339729677e+00	3.390815711803388255e-01	-3.121330682104755949e-01	3.874516577542605478e-01	-3.627210363036941776e-01
1.995537578102808185e+00	-8.759843138812174468e-01	6.888265482234573467e-01	1.876793393575211910e+00	4.844283051532654594e-01	-2.357337826513342394e-01	5.457053291335181022e-01	-2.846123621900070177e-01
1.602765380865928124e-02	-3.837843260111390986e-01	-7.936638863496753293e-01	-1.271468639500840769e+00	1.355393841006521383e-01	-6.071999829612473309e-01	-1.268380304641815393e+00	1.719426573871000730e-01
1.836820354527927801e+00	2.067763262534590696e-01	6.110005038533193877e-01	3.578773343297113607e-01	-8.399401401899762865e-02	-5.206244205179436646e-01	7.014714155312008481e-01	1.554178122329725742e-01
1.286865330580049260e+00	-5.940328008348140232e-01	-4.457135741186232791e-01	1.271596655074228144e+00	-3.252790924368454961e-01	-7.289138546461839674e-01	-3.340520939670986733e-01	-6.063991145411981032e-01
-7.018812668195630877e-01	-1.346425720045223984e-01	-2.499695533695867333e-01	-1.173692346452555046e+00	-6.607095043846020754e-01	1.709485936928403449e+00	1.109240353759593845e+00	1.296947307286214102e+00
1.880178225149767623e+00	-9.049073946576728922e-01	5.021094732276876194e-01	1.757876359018444523e+00	4.082872762318432991e-01	-2.752772854254317281e-01	3.739666186748864529e-01	-3.710179507044162883e-01
1.909631494306966326e+00	1.579986168728451379e-01	8.735134221279848843e-01	2.966700692617464385e-01	1.002176913705906114e-01	-3.921964838648743235e-01	8.725903154741224688e-01	2.381736655398378477e-01
1.549144242808149441e+00	-1.164241011424881123e+00	8.437627163749049641e-01	7.774623453544956542e-01	1.258534146136766285e+00	5.216636284128032264e-01	2.731585017982025576e-01	-4.405737819146940404e-01
1.224051800444600158e+00	-4.557595921851774756e-01	6.243236677245377342e-01	-4.504345811770571473e-01	1.259601968963073859e-01	-1.141289230603423688e+00	-5.574190030378609051e-02	5.673178130919411810e-01
1.933499010737739665e+00	3.252873224517716100e-01	5.895339283144068743e-01	7.867183996315499916e-01	-2.884566594194789002e-01	-7.108911816895503444e-01	7.952987763196940341e-01	1.304798939590529616e-01
1.536091876709428927e+00	-1.435934872294233333e-01	8.927552711328011759e-01	-6.720806472856476477e-01	7.488306352089764140e-01	3.302628849744915773e-01	5.012807149722037225e-01	-1.749068456722342735e-02
4.578880494541665569e-01	5.744087119073512104e-01	-6.261711447875071279e-01	4.149582626577822397e-01	-5.607298700491457621e-01	3.222329395183529677e+00	7.016883591125023800e-01	-6.953246980744712813e-01
1.455423287394187692e+00	-1.133484362427519043e+00	7.423412988871661566e-01	6.010108651659584744e-01	1.181131620511044922e+00	4.693353004977453558e-01	1.888754488993317215e-01	-4.913786321194846263e-01
3.345147038950004870e-01	2.090617536761617268e-01	-5.743275188508895068e-01	5.973112664975397390e-01	-6.561873199309452565e-01	3.481330197201268017e+00	9.564031316153435158e-01	-4.390781090556713506e-01
-1.242776387819680833e-01	-1.675013649781934566e+00	-8.088565815119219682e-01	-7.342013389654380995e-02	7.925933835469254340e-01	-6.516760963288102948e-01	-1.589630077219122972e+00	-3.187954055585344726e-01
1.239648845461813975e+00	-8.406984887436239617e-01	-4.549521127444680624e-01	1.527169008387883276e+00	-2.095398708572883129e-01	-6.398512860376307509e-01	-3.755370186116753772e-01	-6.908025477668015002e-01
1.200948921811988424e+00	-6.601671578675283314e-01	1.360527533372848374e+00	-8.110907447944082360e-01	6.224000387353256780e-01	-4.054106800534238997e-01	4.906698316665985549e-01	1.798712519438703805e-01
-2.385861286409621529e-01	-6.683673094946823712e-01	7.366004460352575389e-01	-4.104736664644637045e-01	-6.516626769813910203e-01	5.918051809142466091e-01	9.032402816752087560e-01	-9.748182722029679059e-01
1.188724323334037658e+00	2.565953319370237740e-01	-3.955349606095542869e-01	2.557202943760329972e-01	-6.559308539153987372e-01	-6.040061959466797026e-01	-1.267640645093421337e-01	-4.492720693485046102e-01
2.064156772661004169e+00	-7.166291468117427232e-01	6.462021764791037182e-01	1.896024759816385075e+00	2.566819352712038094e-01	-3.964598766759017678e-01	6.004160603640323890e-01	-2.162071738241378438e-01
9.322157070211248842e-01	-3.286764707111271971e-02	-2.887548295428185585e-01	-6.205971656284930971e-01	-1.572415896698617366e-01	-2.755782399408761019e-01	-3.582303636836178251e-01	-5.101367342416320838e-01
-4.477420361352473649e-02	-6.945971976664745418e-01	-4.575977542252312458e-01	-1.242968364350545585e+00	1.942407057841926687e-01	-9.664681864371204023e-01	-1.163172014502556140e+00	3.507891823077743387e-01
-5.553308791076604356e-01	-1.701735779612416344e-01	-2.515783562959671982e-01	-1.164574711735654855e+00	-9.448986392028897452e-01	1.770558520269304159e+00	1.221990646941055747e+00	1.368955480647038758e+00
1.844859210745125155e+00	2.739177744958424254e-01	7.394890568664526098e-01	3.176035499842931320e-01	-8.937115678907667227e-02	-4.993958181315057421e-01	8.109221135628015276e-01	1.351397055004632253e-01
3.786440513683794196e-01	1.543863268663270560e-01	-5.444608855039485551e-01	2.303654848959728885e-01	-6.598895776148472336e-01	2.860754803180473704e+00	6.750275475801529312e-01	-5.456132310628497573e-01
-4.721670116826437447e-01	4.968968486216904235e-02	-2.821707004280152309e-01	-1.383062085081480319e+00	-9.823947934354592126e-01	1.408430603760801203e+00	1.038541980314762636e+00	1.262688547905967962e+00
7.085387076225846403e-01	-3.547974414791484898e-01	1.413524502350243628e+00	6.011138424970363658e-01	-8.479498241027740857e-01	-8.739036755418137792e-02	1.802231625622385369e+00	-5.413988106182713311e-01
2.121735994180008689e+00	-8.451004123689817016e-01	6.019554677880284421e-01	1.845362788848551094e+00	4.060834214316129676e-01	-1.798067079750472474e-01	5.075574926084588379e-01	-2.886996070039829498e-01
-3.848794114549019540e-01	8.507093923160606863e-01	4.015107884266918004e-01	-7.433817358368457473e-01	-8.306617868019893214e-01	2.316927534803378652e+00	1.754825981380808919e+00	-3.432869568788415870e-01
1.794386908575262618e+00	-9.454500317654908059e-01	3.295508154038430670e-01	1.829926188732061920e+00	3.246291149425848954e-01	-2.822874161118116287e-01	2.236187074809349862e-01	-4.860591982830892999e-01
1.541599374409636791e+00	-1.146426745240999301e+00	9.100371664882324074e-01	7.073866739217917754e-01	1.245855829157830774e+00	4.875322134492024451e-01	3.386259495118470464e-01	-4.184184496592956437e-01
-1.010320210724196949e-01	-1.696615743041629765e+00	-9.441316791654016383e-01	1.534359669118992020e-01	9.363881514652425686e-01	-4.283435337431942824e-01	-1.649009457837173453e+00	-4.184941785061838671e-01
8.530564568021211658e-01	-6.018150950607521477e-01	6.918861973715965952e-02	-2.096959616527546699e-02	-4.175774750105390454e-01	-1.165271573967665564e+00	-2.115490933247628769e-01	-2.475572338610538548e-01
-7.165951311726559414e-02	-1.627012199434943129e+00	-8.716310260885778982e-01	-2.976443140529926382e-02	8.554485077698252837e-01	-4.838870573698291211e-01	-1.584055693360067130e+00	-3.727875602794709087e-01
-1.758817462044990620e-01	-3.514633296468950285e-01	-9.158365711904984385e-01	-1.264817084553177207e+00	2.857322452875459273e-01	-4.764407556080202388e-01	-1.339013698830620047e+00	8.684036334986106054e-02
1.862759590635816087e+00	1.720634236045147369e-01	7.002860189083387477e-01	3.265161390828745791e-01	-6.710779531362071060e-02	-5.139070281340675228e-01	7.471165556415845233e-01	1.575443356121479233e-01
1.712702542077698897e+00	1.412325295713824092e-01	5.492544726834969193e-01	1.266401239130416634e-01	-4.240676792679261287e-02	-4.442765510065201928e-01	5.791381225250724629e-01	4.778630139351833228e-02
1.221640890949454050e+00	1.933248213002088656e-01	-3.834616824803545043e-01	2.725716708832578439e-01	-6.460967217123402273e-01	-7.522274347756768842e-01	-1.120063869588020650e-01	-3.120542795623558185e-01
1.872665501618589579e+00	1.978778032391549646e-01	6.369221177182043947e-01	5.379501200470655498e-01	-1.615609270797442598e-01	-6.343212175222644467e-01	7.547068353653024753e-01	2.192501857689765077e-01
2.944960167932126893e-01	-8.644632623541430583e-01	4.031491806765034602e-01	-6.875767229387207413e-01	-7.061103260233864143e-02	-2.731967881169523049e-01	-1.077441521852258027e-01	-7.860363459263920438e-01
1.601779060992339687e+00	-1.729898331651395782e-01	1.030441607995306486e+00	-6.202630749855427839e-01	8.126779555846497249e-01	3.281018331300069590e-01	6.236381780437270095e-01	7.489700148528002921e-02
1.280383698188457098e+00	-8.552174586470284723e-01	-4.434288742423159735e-01	1.743308437288358048e+00	-2.684472735351410289e-01	-7.034874662779284638e-01	-3.322944109307386928e-01	-7.138605399821942310e-01
7.563147835628640792e-01	-1.205601056876465904e+00	-3.034344640506949631e-01	3.774025214046993204e-01	5.742846691103400403e-01	9.668895469130195375e-02	-6.477104685599972544e-01	-1.013237906968150082e+00
-9.088610698739459093e-03	-1.607471625169912599e+00	-8.992662003101625778e-01	1.035504044894395015e-01	8.522455697347413039e-01	-3.612312065466908861e-01	-1.544826783574657636e+00	-4.858706392752696335e-01
1.144690795396221539e+00	1.287927819317598865e-01	-3.560085932342283432e-01	6.373933736157375018e-02	-5.745297863585331344e-01	-6.748911981065600640e-01	-1.527614054401280341e-01	-3.568117237039314382e-01
1.464899826323533105e+00	-1.201859139508588470e+00	6.840930737994521671e-01	6.757664168912204117e-01	1.123900712099218380e+00	4.097668799034646647e-01	1.239742832804884426e-01	-5.365994324078420252e-01
1.170962361016011366e+00	-1.148271363043160687e+00	-4.557856275686309466e-01	1.512277585246352585e+00	1.193798966064797962e-01	-4.202773079638701392e-01	-5.452212362980004556e-01	-8.658964310844909917e-01
1.671353549958644047e+00	-9.206187913400345479e-01	6.467369825540867367e-01	9.909204150287047597e-01	2.362068132054856995e-01	-9.334426389568286631e-01	1.778702199846575183e-01	-2.472656784708453584e-02
1.776085294460188146e+00	-7.546975033799284693e-01	2.848543353198921824e-01	1.528811951890475251e+00	1.777174984562382987e-01	-4.123038410842071455e-01	2.284858325768178711e-01	-4.141312473888488777e-01
1.460090021535669358e+00	-8.373355425021691834e-02	7.080997076375873389e-01	-7.047516814645891081e-01	5.968678380913245984e-01	3.274662911519712338e-01	3.492529363318352953e-01	-1.697636207580839884e-01
1.215517419865941084e+00	-1.023677354937345241e+00	-4.690965375563605488e-01	1.678062161299350041e+00	-6.389462346684314509e-02	-5.607652486970022832e-01	-4.418413425242768700e-01	-7.518918180190955480e-01
1.457587644425569318e+00	-1.192864162882471879e+00	7.564196524052424486e-01	5.690442902708118256e-01	1.152861704613938443e+00	3.320716325786780554e-01	1.401089102382225282e-01	-4.556860863844468534e-01
1.677890652794614468e+00	-7.359149311371682156e-01	9.601141211202698367e-01	7.620046986250833543e-01	3.240293976759733852e-01	-5.380556318482686562e-01	5.324803732870890816e-01	-8.456492090990151700e-02
-1.950879260713951277e-02	2.874465437965837422e-01	-1.245586135280869339e-01	-3.120435901840817317e-01	-1.112385838834313301e+00	2.410625964039843527e+00	1.282662972954995872e+00	-3.082427841079259379e-01
5.583552705197420973e-01	-6.332511654944006363e-01	1.136226481734712440e-01	-1.022597869153559103e+00	5.002992303310180300e-02	-5.953809726912785427e-01	-4.541052339265432281e-01	-2.715609053281317631e-01
-1.692705051086280943e-01	8.770580994799417884e-02	-4.679851665352413037e-01	-1.446584305552160554e+00	-4.594654233979177382e-01	1.994698517125880199e+00	7.222163622314935472e-01	1.117520681631084756e+00
2.109476943011394656e-01	5.394803224561356414e-01	-4.548113626384518993e-01	-1.689096408282076300e+00	-7.877901227149211039e-01	1.748097151623159595e+00	7.123394208067245215e-01	9.203697926822949071e-01
8.060534814109643342e-02	1.966573428953944658e-01	2.326900448910156349e-01	-4.877226207161596827e-01	-9.365564099852299318e-01	1.659511138668241292e+00	1.045222422976461063e+00	-9.120489445997362887e-01
5.794713111110711967e-01	-7.574711830886967645e-01	1.702213934503571946e-01	-1.076379411795973517e+00	1.632452866082407805e-01	-8.694699915095520648e-01	-5.682854055522733594e-01	-6.555801551096021584e-02
5.999881036868597306e-01	-2.254163066913078273e-01	1.261450042873183852e+00	3.132684195649665382e-01	-7.067658095788730277e-01	3.249524036675746630e-01	1.683034404089440716e+00	-4.838777707145668905e-01
5.173289230329686239e-01	-7.438611293666561597e-01	9.349229267646254338e-02	-1.155167381020777428e+00	1.312573324291013144e-01	-9.075827446984393587e-01	-6.465827633945435693e-01	3.455653881868303579e-03
-4.436605320015941933e-02	-1.715038185555924022e+00	-6.880078046108607515e-01	-8.274978057522258679e-02	7.650811957441365774e-01	-7.356465613553101468e-01	-1.504233051347835248e+00	-2.711892140058843603e-01
3.835007635727077924e-01	2.128174348012466244e-01	-5.192165074668053659e-01	6.209154931379763376e-01	-7.815064482171681925e-01	3.160469432111659316e+00	8.667438209095363888e-01	-6.681918068997393378e-01
5.560274506840048314e-01	-1.887507050687663446e+00	-7.938599886595365529e-02	4.709978324620383017e-01	6.442344517781668500e-01	-6.841461362454414052e-01	-8.262901860090527961e-01	-5.583647741541196696e-01
1.893933841743419721e+00	-9.374122363278487580e-01	7.942306001754626532e-01	1.557338195790217261e+00	6.822884006485141484e-01	-4.892479638786489948e-02	5.594248697888029032e-01	-2.961048947529003605e-01
8.225329136853517520e-01	-1.215051201734031583e+00	-3.469736484356744644e-01	4.054403265680801560e-01	6.065301819301862629e-01	1.033106233409317870e-01	-6.947309177793281609e-01	-1.000450377605991426e+00
2.993334547625583486e-01	3.555295805653551078e-01	-5.768796368318405143e-01	9.044879523793187825e-01	-6.955820419226598217e-01	3.455474724911063333e+00	9.668923005517452429e-01	-6.200076990285192657e-01
3.825213312905292318e-01	6.411574109143286515e-02	-6.279615561787355027e-01	2.402837756146335435e-01	-6.777612251884329586e-01	3.448728381261582321e+00	9.066377742954281338e-01	-2.170407234558696663e-01
1.787086805942835754e+00	1.174006078041645307e-01	6.694811741738753152e-01	5.471399365327977993e-01	-2.274441868299361957e-01	-5.688773261559720851e-01	8.426627753622363270e-01	2.165513921661019192e-01
1.877961364432845448e+00	-9.878645652588257109e-01	5.854206705484953366e-01	1.974881455301423561e+00	3.408079792797978902e-01	-4.126576060491028985e-01	4.416920310416854734e-01	-3.202378913988894737e-01
5.032387479188837887e-01	2.888960071559198983e-01	-6.743104362343064206e-01	2.140857804172293655e-01	-6.271204734361585098e-01	3.524887253055363878e+00	8.495254606503722661e-01	-2.988384115748072833e-01
-1.579989374196050789e-01	7.304711261862661953e-02	-4.856737075687840854e-01	3.568525405030130437e-02	-3.815409969119505362e-01	3.061481266239440391e+00	9.057808915016059004e-01	-1.082987540640500956e-01
1.000719327155899396e+00	-1.188664577737046812e+00	-6.821837369408926266e-01	1.732470189959385731e+00	-1.730726814817512282e-01	-9.968380837547068385e-01	-7.632809656125567610e-01	-4.841138912314579268e-01
8.310408407593417035e-01	-8.117968054631355401e-02	-2.564052024681509057e-01	-1.008326105977326304e+00	7.906696548557262672e-02	-7.640081886716725175e-03	-4.664600405541081130e-01	-5.950184299373294516e-01
8.215208026656851681e-01	-1.220742360991259989e+00	-3.405587929009834536e-01	4.231276443168655588e-01	6.197713900971251189e-01	9.297013601821960127e-02	-6.981386573035873733e-01	-1.018465049815919121e+00
1.661924311421471678e+00	2.157973262005610515e-01	4.876526595791819685e-01	1.021968555862729222e-01	-1.895578331765410962e-01	-5.611776299950314018e-01	5.428589030722570374e-01	-5.283686585996851849e-03
1.516111149164288685e+00	-1.172054347711647626e+00	7.853867722582328348e-01	6.892105230380530800e-01	1.191794929870074515e+00	4.455810337270788568e-01	2.140698778703647720e-01	-4.811472576850516214e-01
1.172474553612792958e+00	1.655404807760257613e-01	-3.485438480176530907e-01	1.177808546824559294e-01	-6.052554074082279190e-01	-7.058056470885141209e-01	-1.282741458332026241e-01	-3.672851991143344375e-01
5.591946081326422124e-01	-5.823000251635723767e-01	2.464207200174771684e-01	-1.066586171886771295e+00	3.527803255427949813e-02	-6.059821853927929158e-01	-3.798940497596672849e-01	-4.200096266479793061e-01
1.401769068179187006e+00	-7.018110815591345475e-02	6.167647419337498604e-01	-6.797736196671352316e-01	5.942699982472809950e-01	3.880492109610126916e-01	2.775201395675568339e-01	-2.452767095204444747e-01
1.833176593647485086e+00	2.182800245714026921e-01	4.536258111815262839e-01	3.068240465063449829e-01	-1.932600203652610482e-01	-5.600861640020784460e-01	5.625707013478660201e-01	5.266276413383597088e-02
1.456872739802506977e+00	-1.174329835985094883e+00	7.152818348052428776e-01	6.425754380036028390e-01	1.115142795863940828e+00	3.978939960196082315e-01	1.453023073435604773e-01	-5.513995464596632701e-01
1.334812988350621898e+00	-7.794474754616856904e-01	-4.784054380597634326e-01	1.728158644464214966e+00	-2.843854883476097939e-01	-7.461462169550325818e-01	-3.517653075727737444e-01	-6.584204200362548942e-01
2.092123739939743210e+00	-7.960668540072601829e-01	8.280306011967044633e-01	1.942765227055877064e+00	4.657998269866073238e-01	-2.633497519248628183e-01	7.078349299793886829e-01	-1.930062624826886231e-01
1.920598344133962021e+00	-1.031282819469186318e+00	6.079973903823031600e-01	2.056174914384522712e+00	4.668229595519761133e-01	-2.688961588371276412e-01	4.464053636063116115e-01	-3.978911784204053892e-01
-9.659978480802590417e-02	-5.151252480757136931e-01	-7.009232101144188265e-01	-1.261508558600280105e+00	2.348602647788228248e-01	-7.039035430384470438e-01	-1.266693617044144293e+00	2.042816557371630315e-01
1.497253957164559335e+00	-1.327746911240300198e+00	7.684554087857013993e-01	1.005028840194358342e+00	1.207450806538182153e+00	4.896050118679773355e-01	1.955390556620536235e-01	-5.694880082404247812e-01
1.781093344915090526e+00	-1.378201768362497803e-01	1.438845110612375189e+00	-3.591135276942809540e-01	9.722467979480726719e-01	3.715518375313610067e-01	9.830523744345144310e-01	2.668786741688425890e-01
-1.253734049526880889e-01	-1.754389694250733545e+00	-9.363381073897676377e-01	3.329203868763772056e-02	8.746611148356175924e-01	-5.828854505304089662e-01	-1.696545687244020773e+00	-2.681766179249533977e-01
1.223779054192629667e+00	-8.728622249052679916e-01	-4.374100745624824871e-01	1.412909500393401130e+00	-1.433661014704563086e-01	-6.369845076866542666e-01	-4.239731474157657498e-01	-7.118463332892515094e-01
-1.511781303073655436e-01	-1.526042622305164853e+00	-1.028890662466462436e+00	-2.725208650995396276e-02	8.586536097336987527e-01	-4.030856015534240999e-01	-1.682008427388661520e+00	-3.784672451213393352e-01
8.533204677306304164e-01	-1.148474857827755047e+00	-3.464394687547740492e-01	2.883601241361766765e-01	5.769021982882553967e-01	9.137356344604746772e-02	-6.950958170419588855e-01	-9.772258010368120029e-01
1.595045877167907467e+00	-1.655411581506919805e-01	1.056395869942949650e+00	-6.127227982582909016e-01	8.774986691800010785e-01	3.452846470416883196e-01	6.401898026172185840e-01	1.037300270003447544e-01
2.091818394164204786e+00	-6.981863984829800307e-01	6.371258527793101090e-01	1.953777638370788994e+00	2.361977156439670211e-01	-4.013993473593035488e-01	6.110912153273172498e-01	-2.415387732786230812e-01
1.868771337971304680e+00	-9.318887232254288167e-01	4.025659454507531376e-01	1.729330257391102688e+00	3.808612782513354778e-01	-2.112246800020995408e-01	2.810836469308536367e-01	-4.495567615655302607e-01
1.605080674443137179e+00	-1.146875928143181955e+00	9.642718675151148444e-01	7.700776775521404049e-01	1.227712373070111829e+00	4.963076073870877902e-01	3.900605829181076345e-01	-4.111967361307848345e-01
-4.226701132033819364e-02	-1.212687168852051994e-01	-3.977285330207885328e-01	-1.239333895434716615e+00	-6.661049497692028698e-01	1.895257334115286740e+00	7.422920877742048562e-01	8.222264924180127110e-01
1.536379878163041113e+00	-1.144765364055154500e+00	8.120210185834233485e-01	6.943174535932558067e-01	1.166448843729272600e+00	4.542194246264225632e-01	2.475230045369093967e-01	-4.836529291585092150e-01
1.962463493306044082e+00	-9.075961390716534849e-01	5.828944690026415243e-01	2.004312990993439403e+00	3.794975593194185870e-01	-3.194143531516262513e-01	4.859222027899501861e-01	-3.289113600198166898e-01
1.282061985299083107e+00	-9.546221870843947244e-01	-4.820822433428693099e-01	1.642017152526621393e+00	-1.132806960956775910e-01	-6.071730191930635456e-01	-4.521427767736131420e-01	-7.489281981777605735e-01
-1.478097582124898446e-01	-3.096269232643416580e-01	-9.322144330993283878e-01	-1.237444972479190941e+00	2.916361890369633669e-01	-4.090911583702357968e-01	-1.324524011017429670e+00	4.852552590974323898e-02
-6.203029206897848757e-01	-1.932727599708664312e-01	-2.507591130689789671e-01	-9.949714150759687570e-01	-7.294851709077888602e-01	1.803032999813947823e+00	1.090967297828618454e+00	1.032277632087835073e+00
4.702959185688644628e-02	1.281362764776335039e+00	3.717338059482186985e-01	-5.338171164462135465e-01	-1.426462487013339553e+00	2.174943150286477778e+00	1.821109111820031767e+00	-7.233663175313027605e-01
1.560523849186444600e+00	-1.184269168400382766e+00	8.789956672612064814e-01	7.589118340552566400e-01	1.222044795619892321e+00	4.664903597357363818e-01	3.014726373905405321e-01	-4.504148090038969654e-01
-1.323351575034174554e-01	-1.738421574953969762e+00	-1.061102686844668908e+00	3.563824153973889075e-01	9.581912178358156229e-01	-3.968083167743421957e-01	-1.728935716688667634e+00	-4.266523730407955628e-01
5.553999171021470893e-01	-5.017387282652107094e-01	1.125630706802484005e+00	9.512726410220415652e-01	-1.068269983329403594e+00	-2.763650825435247094e-01	1.730271085233876516e+00	-2.221558472174423315e-01
1.272901014881599346e+00	-8.768021644844736784e-01	-4.665900107617472203e-01	1.529826219882410854e+00	-1.545386056734346092e-01	-6.239197745645287396e-01	-4.241822538254699237e-01	-7.251285297828223841e-01
3.565504328371272846e-01	-1.158652880635219380e-02	-5.589072297998449734e-01	3.708852612418643835e-01	-7.683925687951455030e-01	3.225224700774040887e+00	8.791600140645559058e-01	-3.458646271108161141e-01
7.969624064546759756e-01	-1.150929418197282672e+00	-3.392171979878916832e-01	2.273465767903396495e-01	5.633803370660088738e-01	-1.486595151023925240e-02	-7.157103702885746488e-01	-9.314353711864195029e-01
1.590498439214472537e+00	-1.134847043746239681e+00	9.625106982225634100e-01	7.187966943452197555e-01	1.241750887432121475e+00	4.890107416231813664e-01	3.889553013808502158e-01	-3.942046190627974123e-01
3.146246927660449888e-01	-8.138067560496034525e-02	-4.292003354800346671e-01	3.493827354974067267e-01	-8.921695942053124995e-01	2.554557691366905470e+00	7.533278988602380988e-01	-5.890380104363269753e-01
1.141264265889604168e+00	1.281884347589385686e-01	-3.485314249211136084e-01	-1.094338607331854854e-02	-5.350342339099211086e-01	-6.526548982313952196e-01	-1.741749454750357029e-01	-3.727383864129817370e-01
1.871587629519639862e+00	2.430074405147976957e-01	6.229534112697326931e-01	4.235236780454024741e-01	-1.378089504678673416e-01	-5.429600786815873548e-01	7.184411486232056276e-01	1.048251491987878259e-01
1.926239824601447825e+00	2.594536866958505605e-01	6.448758039357821437e-01	6.374909527474624804e-01	-1.778944709399249147e-01	-6.866720437873765626e-01	7.807763152731445055e-01	2.564957171761617638e-01
2.159614242423254282e+00	-8.242428825726773045e-01	1.086841853790790680e+00	1.972729953998356267e+00	6.167103138545084740e-01	-1.624090140094118784e-01	9.072304303313425411e-01	-1.196188003511981790e-01
1.837917541052713100e+00	-1.122798458079296013e+00	4.421593538313289273e-01	2.037029393189975224e+00	5.001793436953458905e-01	-2.103306263666035458e-01	2.828718491806395674e-01	-4.687129302089925176e-01
6.162412423440101206e-01	-6.100018047771981200e-01	9.360643915159498618e-02	-1.063548715719231819e+00	1.153624845320823378e-01	-6.524017285560025359e-01	-5.104682447688526636e-01	-2.407436890474518032e-01
1.520447497640712742e+00	-1.037650575740514780e+00	5.813640763649168264e-01	8.252557976794914207e-01	2.068052772058256439e-01	-1.122574987476721686e+00	7.702266269860147396e-03	9.072698765723466452e-02
1.407511028399191622e+00	-1.456449012766841244e+00	9.288549364670474207e-01	7.292423700276030596e-01	1.335633017237204179e+00	1.841051578760878882e-01	1.230368761762048596e-01	-2.985747291425445149e-01
1.513651353693136858e+00	-1.088385520772298998e+00	7.732153539961773570e-01	5.166269757265825602e-01	1.102032929071195877e+00	4.092257098092277334e-01	2.109849449356167583e-01	-4.985422841204383282e-01
-1.366037968190285945e-01	-6.755276708069750669e-01	-5.584535948961028007e-01	-1.271872074437103484e+00	2.131041019433100314e-01	-9.917045202520593516e-01	-1.258245167691674382e+00	4.988632542624978905e-01
7.379031623171271592e-01	-6.206872395585716351e-01	1.617089546018388724e+00	-4.535586359192353423e-01	8.449198010422256933e-02	4.102691277687557370e-01	1.333469538674784793e+00	-3.910449838491815711e-01
7.310868189233616921e-01	-2.832549815519987413e-01	-1.724271725991074200e-01	-1.007023054760337599e+00	9.747995750359716993e-02	-2.463065239273212192e-01	-5.333350017990577951e-01	-4.661141047560578010e-01
1.082369017276581857e+00	-3.235850228740680956e-01	7.623581890157465901e-01	-2.820913590314730879e-01	-2.356639852374037836e-01	-5.104046968767780301e-01	5.475472799255185485e-01	-2.569430363506236548e-01
8.304847795039553837e-01	-1.228269239282957948e+00	-3.531233586379869394e-01	4.662202639452204256e-01	6.244764512626073127e-01	1.065972461839148067e-01	-7.064732591700346731e-01	-1.020623514857894820e+00
6.034580638491588989e-01	-6.880007087898278861e-01	2.032145821092148918e-01	-1.101972680208078481e+00	1.658575480629260190e-01	-8.198877305614311606e-01	-5.338163238387241272e-01	-1.769428723563795380e-01
1.141337712748044186e+00	1.493989367826837444e+00	1.208511985844576309e+00	9.743254058409862584e-01	-1.098694088270470770e+00	2.085595166439107917e+00	2.648700914845236731e+00	-3.800361803598562016e-01
-2.963435877886702596e-01	3.597244166772520790e-01	-5.549892525099454632e-01	-1.278896414453915664e+00	-2.008275335563269592e-01	2.519521476699241536e+00	8.474328137327925559e-01	1.230709510171175580e+00
2.030378823269639810e+00	-6.411334969182355126e-01	5.622997830705618316e-01	1.959475881612345649e+00	1.406273795945559568e-01	-5.100373871210960308e-01	5.803276635730058031e-01	-2.100656696030372139e-01
1.941552879005878696e+00	2.439210526198003215e-01	6.805375583738116907e-01	6.426353765447694322e-01	-1.662908928069766201e-01	-6.511372701002160479e-01	8.173397114252993756e-01	2.449935919690471031e-01
1.425104351011425574e-01	1.726449571543770822e-01	-4.523681913633463281e-01	1.043958600165997508e+00	-7.696747441711501159e-01	3.276979630254096776e+00	1.047950107291199195e+00	-6.849286470254195569e-01
8.152105346746241210e-01	-1.279815766625589379e+00	-3.345682381501503544e-01	5.287536384757104413e-01	6.720813057127803525e-01	1.119519966708523578e-01	-6.981027181372149171e-01	-1.031589651484680292e+00
-8.093355873210497653e-02	-8.668637692254691496e-01	6.620537835423386808e-01	-6.076894315390548584e-01	-4.268291829143438521e-01	-1.440183208031227229e-02	4.467461651461560601e-01	-6.569782833643479369e-01
5.511887328861226898e-01	-1.630845793887602868e+00	-1.214481134955509301e-01	2.371797013496304563e-02	7.026955114868143060e-01	-5.456924084291848720e-01	-8.838498697344763233e-01	-6.422795156178326970e-01
-1.536535241791932571e-01	-2.475911706470130813e-01	-2.701227044011031420e-01	-1.351739033531351442e-01	-8.624634680728385794e-01	2.459950095059447950e+00	1.052839107228220605e+00	-6.317079483427406883e-02
1.840000758015504223e+00	2.561204611595407910e-01	4.540165347360292647e-01	6.250738526374434167e-01	-2.817940697051807275e-01	-7.198188284632702771e-01	6.365195703750378131e-01	1.125710830129952600e-01
1.983836548308720804e+00	-1.065606760082829840e+00	6.071474081677955548e-01	2.434925426792976744e+00	4.556077922999041685e-01	-2.850464406725676247e-01	5.208433442905340272e-01	-3.620522861603998610e-01
-1.731262070169294065e-01	-6.466164440366855004e-01	-5.897442744137491033e-01	-1.233944315405452130e+00	2.038596407669995836e-01	-9.495511886873798657e-01	-1.265210943471342997e+00	3.978561922221477420e-01
7.641158400194374145e-02	-3.528276278985185144e-01	8.189446680935367207e-01	1.580661489460820912e-01	-1.199468326576826005e+00	-2.587604903879820450e-01	1.185064432245406252e+00	-1.068571817590811657e+00
-5.760327310790997607e-02	3.623795020906239728e-02	-5.167488587599220473e-01	7.279331142605431904e-01	-4.708335156355419882e-01	3.311757772549094092e+00	9.411143453714568841e-01	-4.016758882775529060e-01
8.615907038281980235e-01	-5.808791274914971714e-01	3.226116838953922983e-01	-1.027261999079607468e+00	2.920468215570172776e-01	-5.954218229901081516e-01	-3.659746468464007974e-01	-9.811926854325153657e-02
9.045798283625843261e-01	4.893321125182407139e-01	-7.065879263674635924e-01	1.887794090484903875e-01	-1.017029721812255705e+00	3.483947964016822940e+00	8.938767836875725070e-01	-4.070497141717451250e-01
1.221971702781000091e-01	-1.722341634711138436e+00	-7.310166987541226735e-01	2.131982382099313067e-01	8.774523092411978809e-01	-4.171530369881472633e-01	-1.445309277907475431e+00	-5.757603512466442641e-01
1.943857627768511120e+00	-1.015533017088242618e+00	7.085450853564903007e-01	1.886155493334316979e+00	5.886108290501101958e-01	-1.484294695433656941e-01	5.102589174296857655e-01	-3.491895892959338554e-01
1.938890759487889248e+00	-8.006547267555799152e-01	4.838818925790885905e-01	1.679921650738089856e+00	3.010566884762604367e-01	-3.126865740454972120e-01	4.017477124050679027e-01	-3.304861701316455513e-01
1.388863901237499032e+00	-1.228364724925504303e+00	5.355962493356154486e-01	6.470670352923657553e-01	1.087298740350432391e+00	3.658960144486303467e-01	-2.669556009280357745e-02	-6.339557291804576167e-01
1.190194503841057738e+00	1.793738581110868868e-01	-3.718669331307778436e-01	1.484127830591860930e-02	-5.806485156352594323e-01	-6.098197470910379225e-01	-1.638562499679957762e-01	-3.941308185450872470e-01
1.912566818048261563e+00	-1.032742282143055190e+00	4.628111988580350666e-01	2.062358228125886317e+00	4.234093235938129474e-01	-2.600746201337170715e-01	3.458391337404517207e-01	-4.236555184592226131e-01
8.224355844816108041e-01	-1.184440844636766021e+00	-3.386849013178444001e-01	3.593703281004323458e-01	6.036318124690089881e-01	9.013451081930001774e-02	-6.921455968252286928e-01	-1.004442814408471163e+00
1.616447051412366998e+00	-6.199804691397876599e-01	1.204382446328538414e+00	6.378297275424305024e-01	1.109242663333810386e-01	-7.227186250198809336e-01	8.452039792494518977e-01	1.270758082245251053e-01
1.113000297871122590e-01	-1.546917698266414287e-01	-5.135606530148851823e-01	3.456553448482592161e-01	-5.837781126948216048e-01	3.180227488943590863e+00	8.906279255509463866e-01	-2.612590691622652117e-01
1.461164157591715584e+00	-1.353490472596316774e-01	7.171925225700073181e-01	-7.121525006527217316e-01	6.352200846782345423e-01	2.909047756616691682e-01	3.384069513503663584e-01	-1.406072170645737418e-01
6.988201527401737279e-01	-1.541719019788313050e+00	-3.571334049087727669e-01	4.974515978386786497e-01	4.970270929685156047e-01	-6.474721252099975288e-01	-9.484845533927018790e-01	-5.814584240165535656e-01
1.093033887317438335e+00	1.455809070114713333e-01	-3.182089084333077356e-01	-1.280382244737350295e-01	-5.086785506236525256e-01	-6.152235947074610189e-01	-1.719751076589464411e-01	-3.901770101809739488e-01
6.314397676092933231e-01	-1.376131840908185966e+00	-9.516770810200175790e-01	1.668894535379573885e+00	-1.408156737256379132e-01	-1.198452480192315317e+00	-1.151310812100533543e+00	-2.825353494751843830e-01
2.117568354607006320e+00	-7.634196906800090332e-01	8.765382416009044331e-01	2.075592795209174390e+00	3.940443022187409272e-01	-3.305680638239608671e-01	7.909725514444627681e-01	-1.883899510678565814e-01
-1.626402936425656032e-01	3.681200266483550254e-02	-5.732201103749984261e-01	5.222472879678876634e-01	-1.978185736986883547e-01	3.597839630695446544e+00	9.997198597798598874e-01	-4.206957457259452582e-02
6.981794502666552327e-02	-1.697368649544626962e+00	-6.693053259109640329e-01	-3.185088411045811779e-02	8.427550928045732803e-01	-5.849659091522692034e-01	-1.454357584346741561e+00	-3.859028063673870523e-01
1.966237500456304854e+00	-1.015656554871094297e+00	7.736065709778362498e-01	1.882954334575551947e+00	6.324083070561961062e-01	-1.195090800000979808e-01	5.583392296017981593e-01	-3.290248761975679281e-01
1.836581023934786616e+00	-7.581796354738494781e-01	6.476869750143342541e-01	1.387196623342920265e+00	1.284896270086241521e-01	-9.246487251012315278e-01	3.643539490209318776e-01	4.761834762486788497e-02
-2.534334647087809200e-01	-9.164805724041737156e-02	-5.608150082781605539e-01	-1.208582142720710850e+00	-1.494406511702651985e-01	2.331866025831004663e+00	6.065368430805173627e-01	9.581333094677374485e-01
1.492867561795962139e+00	-1.576977901469971688e-01	8.024310344452679766e-01	-7.132091322701328284e-01	7.146639751743053548e-01	2.903327584070449219e-01	4.089301007069418015e-01	-5.156707480930110277e-02
1.367300545364724673e+00	-4.947647085848933535e-01	1.062634405223951806e+00	-7.962021828971462822e-01	6.915827958578282253e-01	-3.098897080612867949e-01	3.108679787450630005e-01	2.715453358224689806e-01
1.704020153799788995e+00	6.812627065844040208e-02	6.141623409757936969e-01	2.172503856444998882e-01	-1.608568789930801268e-01	-7.843677044174257595e-01	5.569548422737089499e-01	2.114727282527299745e-01
1.901101992074052172e+00	1.311040900861228653e-01	8.044311485938430151e-01	3.107422528442426168e-01	-2.390506886668282340e-03	-5.400492572548687420e-01	7.868736665235580574e-01	2.404032204038978326e-01
1.589254693332907253e+00	-1.192658149103377863e+00	7.449787455794087965e-01	7.379358520460151949e-01	1.157309047068191044e+00	4.687034284615331781e-01	1.854386613747050494e-01	-4.886183527808489746e-01
1.285760623363359834e+00	-7.526566031837872428e-01	-4.645769953377261730e-01	1.629893851693253737e+00	-2.710858215465464793e-01	-7.261914833889010490e-01	-3.390269194934639740e-01	-6.454012365486134772e-01
2.904313031274260992e-02	-1.844754424737572895e+00	-5.378286577444461036e-01	8.633252059786329646e-02	7.474395265503654961e-01	-9.910692375575897994e-01	-1.403025001968235097e+00	-3.971813828659488677e-02
6.918466514176234705e-01	-5.256939299935787790e-01	-8.680263924403507645e-04	-1.072808369207890911e+00	1.631073175844642842e-01	-5.631391898994128065e-01	-5.625538464774123559e-01	-2.452821993538098766e-01
1.193427788439367809e+00	2.115356450122597709e-01	-3.993339414043364788e-01	2.251628240979642315e-01	-6.430704378909571917e-01	-6.878672585129570471e-01	-1.403380633496970065e-01	-3.748068354608261599e-01
1.205669163651528875e+00	-8.782698936256222444e-01	-4.881809274785643971e-01	1.429630903368338979e+00	-1.088058142121561683e-01	-5.783650957739796539e-01	-4.620701612299052963e-01	-7.313782892251283752e-01
8.001411028250342561e-01	-9.570271045363476503e-02	-2.996616063366599469e-01	-9.951372394708840607e-01	1.046923553308009014e-01	7.215195617003712647e-03	-5.051063024045897576e-01	-5.848047060172734124e-01
1.801739449298697560e+00	-5.176357937268424164e-02	9.240824843710320202e-01	2.012248569497624429e-01	1.510916627936836898e-02	-7.520858217455695938e-01	7.471531077216891914e-01	4.323970411423430082e-01
1.153252728809781136e+00	-8.822321392747661806e-01	-4.221221060868469710e-01	1.042640751999736715e+00	-1.104705902265621861e-02	-4.627638450554152905e-01	-4.912116510630120114e-01	-7.832825436322276014e-01
2.047766387100316443e+00	2.229824563064547738e-01	9.658316806719501324e-01	6.022578115187894321e-01	4.451498044410168164e-03	-4.842823570226747476e-01	1.010074255029741241e+00	2.898153800078065445e-01
1.852332475115387345e+00	-8.786144917786855579e-01	4.668249610042485842e-01	1.722141847071207321e+00	2.495574847094557125e-01	-5.324201950967520913e-01	3.211903954106991588e-01	-2.524925558614981580e-01
7.842965128512718875e-01	-1.503395309223559684e-01	-2.423037219291284128e-01	-1.000393189388070647e+00	1.127833456564166503e-01	-7.807285994162802001e-02	-4.927382333609957588e-01	-5.502110127637155346e-01
1.559609134200292235e+00	-1.144961730005935152e+00	9.539279663879364213e-01	7.120236666610865184e-01	1.203793606945092520e+00	4.649772943021194815e-01	3.749708964417326484e-01	-4.354909551300583104e-01
1.521279039009691525e+00	-1.209664547495691522e+00	8.315231183418164695e-01	7.596946569943823224e-01	1.200243402884349830e+00	4.534200381208584596e-01	2.490458475527188020e-01	-5.081040080542894577e-01
3.244930937463267329e-01	-2.061116969676730915e-02	-6.263871998143721864e-01	1.215414187630031728e-02	-5.182385416242164533e-01	3.322996976376583866e+00	8.026817225302914638e-01	-1.155695496051039745e-01
1.727774307790753694e+00	-1.403792438790542940e+00	7.408535416091385217e-01	1.792251724563661330e+00	6.076627528650444532e-01	-8.672732205565094610e-01	1.201429391743407127e-01	1.028506908761399607e-01
-6.044039494044713967e-01	9.972209185062427816e-02	-2.493194236652871709e-01	-1.393631462197973958e+00	-8.199251604680566352e-01	1.379732646597652046e+00	1.052094592315984567e+00	1.315107526535340465e+00
5.882900134930759695e-01	2.140385729598304476e-01	-4.724798106173705436e-01	4.158809620836266818e-01	-9.207077689675701171e-01	2.532602932890272829e+00	6.200950683255792573e-01	-8.750126293986019155e-01
4.972718330405730969e-01	-1.108808008128799316e-01	-5.153293702711025936e-01	4.173694549728382830e-01	-1.123754787776842567e+00	3.085262253053726589e+00	1.001107868136118739e+00	-3.581912625898311386e-01
9.374772314807224838e-01	5.759917659881440555e-01	-6.742148254220611259e-01	2.986692054877690961e-01	-1.029808268141497729e+00	3.263373950654689271e+00	7.892663338889871483e-01	-6.495767286842553112e-01
1.973992469414577178e+00	-5.075918429582751967e-01	6.400342214465486457e-01	1.377362346824617667e+00	2.297100456780412081e-01	-3.903979992700666313e-01	5.817774671568736178e-01	-1.676719060356755830e-01
3.964507134623423412e-01	1.293733017907348903e-01	7.659200284707373685e-01	1.424470263163879480e-01	-2.340597231140188750e-01	2.617730528822623359e+00	1.926537137145881040e+00	5.817127072371903740e-01
1.252086265965001166e+00	-9.079116441750608724e-01	-4.890584517856276237e-01	1.557304987254535922e+00	-1.304109535946094967e-01	-6.123486469174684865e-01	-4.554406334744759421e-01	-7.391460385665638011e-01
8.776362532919783632e-01	-5.699939158930344973e-01	1.838051190504794929e+00	-3.866158388175954252e-01	2.162130190077662939e-01	4.507473252138134434e-01	1.485938317647608198e+00	-4.220374162324829759e-01
1.227914337929056243e+00	-1.374297108511778553e+00	2.386709892906079822e-01	7.765311307511376659e-01	1.004149465119178908e+00	3.039090617751026291e-01	-2.441899947681368532e-01	-7.666564334943719583e-01
5.633544065039230997e-01	-5.642772816047102874e-02	-5.323713517993197142e-01	2.598299378613097010e-01	-1.039480004672181268e+00	2.997599092828292289e+00	8.878845159080674954e-01	-3.914450602508463550e-01
-2.995424291718683518e-01	-1.800006019978743099e+00	-8.968196314508168898e-01	-2.085866336744628124e-02	9.243019155266427589e-01	-6.908089999394290137e-01	-1.706570053725663172e+00	-1.698841461896508365e-01
1.367151433383766435e+00	3.730902085738589946e-01	-4.104010149493221293e-01	5.408934310129409617e-01	-8.108643601435280290e-01	-7.867617668176880574e-01	-2.006842991866590598e-02	-3.222022179995308599e-01
1.137850471798156793e+00	8.369531839921132144e-02	-3.777935964886071640e-01	2.325067988313118117e-01	-6.529322523158993530e-01	-9.564146627796756839e-01	-2.153980063198328299e-01	-2.112368485345433866e-01
1.266211791746890247e+00	-4.652957991046399178e-01	8.490623503351346635e-01	-1.440953885630959497e-01	-6.428573965871861584e-02	-7.092584987157638521e-01	4.332905435227852320e-01	-2.307462135702569861e-01
-7.068899049275608748e-01	2.229235007169814986e-01	-4.007544020718893374e-01	-1.338398168634381769e+00	-1.468077825792759028e-01	1.900536668776720894e+00	8.227835956559370612e-01	1.245032473417368557e+00
1.245394062215170905e+00	-1.265947889991567710e+00	9.951207551340418567e-01	-1.756748696326347892e-01	1.110132708217855146e+00	-2.556126177206753392e-01	3.798384324205021645e-02	4.044446168737450553e-02
8.604918359981511555e-01	-5.564659378564513759e-01	9.796752822050326381e-01	-6.879695007347104152e-01	9.900573660631253881e-02	1.406597790621312849e-01	6.276392849737215673e-01	-2.889750794215565355e-01
1.955444088720563967e+00	-9.738956723220443257e-01	7.389093876378813874e-01	1.835417161341655667e+00	5.808243964342443277e-01	-1.595852427877991198e-01	5.408471431786049388e-01	-3.209213145611032325e-01
1.832131584955181802e+00	-1.029239066294223459e+00	5.523378792425827077e-01	1.778166789197965558e+00	5.110986298557602669e-01	-1.759534116658919289e-01	3.622106331846549621e-01	-4.635742177506359529e-01
1.183453308161154904e+00	2.839433877570847198e-01	-3.608877392137890272e-01	2.019900497753369661e-01	-7.001993489103768287e-01	-7.847685085477765776e-01	-7.042867171253881786e-02	-2.793255388130063688e-01
8.255063505885941177e-01	-1.180022991678468358e+00	-3.435954454540307013e-01	3.796048560967119068e-01	5.991656831207810008e-01	1.021269964553740139e-01	-6.940976529126050565e-01	-1.013345175242123863e+00
-3.704461385664984396e-01	-1.483669763699285715e+00	-1.283203067366345485e+00	4.691046411064189736e-02	8.457066838941296183e-01	-4.520630347509778102e-01	-1.867268892407307534e+00	-1.801701724764899759e-01
7.925664494534270799e-02	-6.044886481956985858e-01	5.412256781915504300e-01	-1.815256295434432010e-01	-7.714810473180458983e-01	-1.844725075510884604e-01	6.429406241183488468e-01	-8.111306031589495813e-01
-4.514560516463377027e-02	-1.782702222927656344e+00	-6.575845262912001221e-01	-1.439143707895107482e-01	7.656634109102253838e-01	-7.992223462857528382e-01	-1.519024637990922022e+00	-1.948914349691848458e-01
1.742441507707876980e+00	-1.260034519918059370e+00	2.569240320111555453e-01	2.315054040861897811e+00	4.370036191940339099e-01	-2.333355124119028401e-01	1.333291113159163488e-01	-5.869399138424258311e-01
1.977812449096636893e+00	2.420628343924135784e-01	8.540286623349032658e-01	6.886065522432692765e-01	-6.964122503012856735e-02	-5.736257469728420766e-01	9.657868393582436095e-01	2.814709750402420441e-01
1.487905749408483524e+00	-1.520952852130067756e-01	8.302680997728250079e-01	-7.140726970884000435e-01	7.326082341902169226e-01	3.008941529435051887e-01	4.353705232220743127e-01	-4.549461553535537328e-02
1.291930077918425068e+00	-1.085118719717514058e+00	-3.983836623208089622e-01	1.711166305125871867e+00	-1.643881528629083100e-01	-8.714048789019597230e-01	-4.716002083698700997e-01	-6.001266568767011922e-01
1.551601261604354187e+00	-1.531909248576251992e-01	9.714958379932300270e-01	-6.280017378544952011e-01	8.422265682930891728e-01	3.902757378278131628e-01	5.803313658996054336e-01	3.125342883368706359e-02
1.082834068047747289e+00	-4.837694186382884287e-01	9.608914644751943568e-01	-8.301912346122415354e-01	3.949176890879385060e-01	-1.300320882780318654e-01	3.835179636130416347e-01	-1.575930099451835209e-01
7.937749671923960415e-01	-8.397890163108621964e-02	-2.296138108548214651e-01	-9.717426562563928893e-01	7.779440665365877638e-02	-9.043342307553830714e-03	-4.475941005936749928e-01	-6.485567254257799119e-01
-4.139046191640443489e-02	-1.710464276043326959e-01	-4.917584286067148702e-01	4.430970620755613210e-01	-6.075574013362247117e-01	3.281331887011417425e+00	1.023781800870373182e+00	-1.582969700143787850e-01
1.864773775011645762e+00	1.703385032676703326e-01	7.288363600470566528e-01	2.692042808529036546e-01	-1.181404105033583354e-02	-4.719976564748560310e-01	7.499118491133581754e-01	1.650526523605501672e-01
5.691904812572554651e-01	-3.231529659602382920e-01	3.291329584826477861e-01	-1.053300149756792869e+00	-4.729510230197894738e-02	-3.407715243813573824e-01	-1.951703988469375151e-01	-8.247750260547732637e-01
-2.603383286619207482e-01	-5.152885922785886974e-01	-8.346601841695877599e-01	-1.242895413996119247e+00	2.805525514649785945e-01	-7.775502975877167655e-01	-1.392950532704656741e+00	3.683023148885900544e-01
7.854640599904020304e-01	-8.514335753783608407e-02	-2.619242116266254916e-01	-1.002472586097199025e+00	9.029606358262101673e-02	-2.347353511255700909e-02	-4.716857970071734463e-01	-5.751755088276218064e-01
-3.393533660515056227e-01	-1.376320857269115905e+00	-1.276651335691652012e+00	-1.145254273461567412e-01	8.435219256392878506e-01	-3.369162978240862749e-01	-1.844198359805693022e+00	-2.480601772064993660e-01
1.940489483638033308e+00	-7.629502969974930604e-01	4.045274771341165754e-01	2.075202132160419488e+00	9.853307137520447845e-02	-6.101934058399224314e-01	4.079193774176428922e-01	-2.435448271334914316e-01
1.973777880612054059e+00	-7.913699659782799101e-01	7.254380185157753846e-01	1.682611152374349661e+00	4.296296005691921382e-01	-2.503089182678220337e-01	5.804358144254453400e-01	-3.011423441810596180e-01
1.904850930136862353e+00	1.700587262114663101e-01	8.101113030384460290e-01	3.860154326873757036e-01	-2.946524226097244417e-02	-5.253171462602921338e-01	8.380444487842809709e-01	2.210166322209575762e-01
2.006858915819885070e+00	2.421471175871993398e-01	9.316918735576683597e-01	4.279362235972345996e-01	1.961638775937368795e-02	-4.499226739558768728e-01	9.622434952229066418e-01	2.773261284361286938e-01
-4.875551804752792373e-01	4.606795484581384104e-01	-3.235020053962512909e-01	-1.589122777177192081e+00	-7.890345117269612629e-01	1.577357025015164949e+00	1.068002385150816025e+00	1.406343694657707477e+00
-1.458208702036824234e-01	-1.643573201574372034e+00	-9.271750414897940162e-01	-4.876896072113633129e-02	8.646530777318648386e-01	-5.452714622861409843e-01	-1.660168314911916188e+00	-3.038688955412079951e-01
5.560394481181848425e-01	-8.338410014811346027e-01	1.772676369018405529e-02	-5.369807162184999649e-01	1.365710958848495027e-01	-2.112095254536985878e-01	-3.967371073368158862e-01	-7.170108981644240931e-01
-1.378396433189906789e-01	-1.572652760866482258e-01	-4.488429056720357191e-01	6.391567294614781680e-01	-3.446561019819819327e-01	3.019218561672579515e+00	8.301150616370320812e-01	-3.881413528801211932e-01
1.510571109110358190e+00	-1.349312549376484816e+00	7.747488336796040098e-01	8.135034761760765454e-01	1.179243971055657481e+00	3.368537257768042248e-01	1.280850759563640640e-01	-5.131029354975841228e-01
7.773592577747940879e-01	1.935386412299436587e-01	7.640002089781335881e-01	4.292288910384581824e-01	-6.330934280888682320e-02	3.128688190957007897e+00	1.854567224280471383e+00	-5.915863695436333197e-02
-8.648309884328194697e-01	-3.033201258503393505e-01	-9.880667750777333280e-02	-1.006362790923193140e+00	-8.699426075958158755e-01	1.375331335817957967e+00	1.251178027498193401e+00	1.235038444489575671e+00
1.400569073430149247e+00	-1.152423130055233891e+00	5.495623125739781401e-01	5.158543121205537707e-01	1.041064989569811194e+00	3.449596361084022456e-01	-5.370254202110616090e-03	-6.057381602387443831e-01
1.521866936072039822e+00	-1.885316589230870699e-01	9.170910433275550888e-01	-6.683267394970838771e-01	7.152039803965493103e-01	3.008120865301262548e-01	5.219706166307316320e-01	-2.322776746348225591e-02
2.055195015048217666e+00	-7.161518478691598633e-01	6.615689588529773957e-01	1.835252127713534520e+00	2.374099894838848646e-01	-5.195202911336308516e-01	5.739418988546179934e-01	-1.388172169225093955e-01
1.845800464116611472e+00	-1.106814325053223413e+00	4.501752090352603708e-01	2.107954082852287581e+00	4.910976664901385846e-01	-1.644197508077308023e-01	3.045323794009282548e-01	-5.050585824964746173e-01
1.294902652816449340e+00	-8.696193829351788196e-01	-4.771698295421578084e-01	1.664333174408552329e+00	-1.866084773095114946e-01	-6.505473778169901244e-01	-4.073743192446985240e-01	-7.266281687991266169e-01
-4.414740479139096091e-02	-1.717365461303864249e+00	-7.868755141863135183e-01	4.757098066817457005e-02	9.727629958609904648e-01	-4.775254441680926720e-01	-1.542790160101944918e+00	-4.061793366518930415e-01
1.837761540728860554e+00	-7.055203284456930124e-01	2.546125545257178491e-01	1.715360585461172205e+00	7.502248017553028725e-02	-5.259974010948201828e-01	2.644135236634663766e-01	-3.479791846568284774e-01
-2.038023484267461882e-01	-1.837009004248963961e+00	-7.214632188650510480e-01	-3.977312990096262824e-02	8.203609317209741292e-01	-7.595236330152221882e-01	-1.568429429970583655e+00	-2.871894443366073690e-01
5.942998355080024442e-02	-2.931113011974766439e-02	-5.499767295877228124e-01	5.208783910146900231e-01	-4.607629433971442978e-01	3.364186029012909529e+00	9.028625223985263792e-01	-2.933596200390344855e-01
8.333546712124239031e-01	-1.289246911715955957e+00	-3.522710650254524123e-01	5.502285729834485162e-01	6.643039880659054042e-01	9.942947823025716225e-02	-7.147822959437086787e-01	-1.019396077482882301e+00
2.094443944404680291e+00	2.848822214655339913e-01	8.666308892608669545e-01	8.687087544524368932e-01	-1.308610379928189238e-01	-6.275627500498236477e-01	1.016774469810853621e+00	3.379892260783200486e-01
6.722994551364529503e-01	5.489367409722156754e-01	1.522995698838137013e+00	9.359374880264272889e-01	-1.084043742322587045e+00	1.646201960133544029e+00	2.806019916583730289e+00	-2.056138476360931666e-01
-3.530155607918485927e-01	1.826251677589098843e-01	-3.599924975606418887e-01	-1.480935118906788528e+00	-4.399244999381833887e-01	1.595775318011876109e+00	7.021784982747675263e-01	9.879654825447404809e-01
6.802850073728879954e-01	4.116424972588078601e-01	-6.164440187412842942e-01	4.268304981666666276e-01	-9.477686906303010028e-01	3.267282275270428027e+00	8.569875879313139100e-01	-6.087356360766772445e-01
1.303982511311537307e+00	-8.292298852687142174e-01	-4.442970771971861410e-01	1.650183680990699564e+00	-2.340863424025187989e-01	-6.882011926575124505e-01	-3.614331204043852996e-01	-7.349056104655116162e-01
6.647278395357699710e-01	3.374181922872691031e-01	-5.019918514145198518e-01	8.135994037187713745e-01	-1.108255234228644470e+00	3.269779944259839422e+00	1.046756344650236814e+00	-6.997681887264807221e-01
1.752928559146029075e+00	-1.151023577233478146e-01	7.874158590125582835e-01	3.072813766398525548e-01	-5.841916402395189861e-02	-9.281811909507584613e-01	5.721789152449517912e-01	3.958820604742985250e-01
7.901995999141471216e-01	-1.244190670784237174e+00	-3.466033981474750947e-01	4.629947338614828212e-01	6.691708841033270350e-01	1.283758700100876837e-01	-6.983540469922189242e-01	-1.003240468329055224e+00
-2.806604626881772924e-01	-1.514722032254748108e+00	-1.000471649845023014e+00	-2.290088381295771192e-01	8.254164195347943878e-01	-5.935449121036185938e-01	-1.722666826835921094e+00	-1.424155337372280672e-01
1.695263939567415168e+00	-7.566404896341258901e-01	2.791116562792196332e-01	1.083314405712831885e+00	3.258230322693251302e-01	-2.746028636891573171e-01	1.264036083914117092e-01	-4.150999828502464073e-01
1.114370955651015294e+00	1.744131870437468923e-01	-3.416758308785637355e-01	-1.082740246201766877e-02	-5.632786424901660149e-01	-6.523052855677171635e-01	-1.479850298856796587e-01	-3.999382978877769057e-01
1.224129412974938935e+00	1.042994159591118797e-01	-3.370626635004644878e-01	3.419052867465690593e-01	-6.589903497322250336e-01	-9.076697459731717377e-01	-1.238178480665148989e-01	-2.404424420276728147e-01
1.561859186397434263e+00	-1.892401727440301273e-01	9.674261158614826384e-01	-6.392635367046656247e-01	7.572369409192762912e-01	3.375526629666904532e-01	5.805504901521821859e-01	3.576753988953360053e-02
1.796474463209581707e+00	-9.236083956023556363e-01	2.813850282382829304e-01	1.805981147523013641e+00	2.845281577589175992e-01	-3.551641331059338103e-01	2.047238001590691026e-01	-4.363469717181534535e-01
2.065038048126187853e+00	-7.735206905730285243e-01	8.507098883362491648e-01	1.815197749385323078e+00	4.627074042963367773e-01	-2.667749764514231736e-01	7.106842645318093288e-01	-2.044240642326813628e-01
6.688361564908890111e-01	-4.847526023318813881e-01	-3.560446619091112153e-02	-1.089743605799687431e+00	1.497486627773839674e-01	-5.456396153755479483e-01	-5.684541424887493699e-01	-2.925386929859725704e-01
1.473888628499224751e+00	-1.258999114213873449e+00	6.815849148840552596e-01	7.861533828405579127e-01	1.170635495053144570e+00	4.156600578942633573e-01	1.041262222882843314e-01	-5.603997257051510639e-01
1.868704930127305319e+00	-8.559533057450421367e-01	4.487237712437813220e-01	1.755277388258709381e+00	3.289237269390047347e-01	-3.073317642256268023e-01	3.512962555889821425e-01	-3.898093683055366410e-01
7.930140593342829280e-01	-1.081388052900490171e-01	-2.821013113180690368e-01	-9.783633749309248451e-01	1.082955822948561964e-01	-1.015451617177601761e-02	-4.941613744999911462e-01	-5.904535632403101753e-01
8.222855542877401946e-01	-9.657449314833656262e-02	-2.722895445993991914e-01	-9.900282558969663027e-01	1.010817951292640737e-01	1.309629217933046264e-03	-4.799368378471777774e-01	-5.842826211216499699e-01
-2.526656845006665653e-01	-1.549699644759718886e+00	-1.173094562694469101e+00	1.022700911781711658e-01	9.264829678817581016e-01	-3.502515022000899925e-01	-1.799188030559742746e+00	-3.526387138717742009e-01
1.731812187513200429e+00	1.690773269591041850e-01	5.145061015633106694e-01	8.144449496228765850e-02	-8.474016337933139298e-02	-4.286313390854286642e-01	5.421934977107286668e-01	-9.162428002928423368e-03
-8.320027043314194293e-01	-1.395875412857179934e-02	-2.335547328023748759e-01	-1.228381517332475248e+00	-7.915657003348902654e-01	1.417734119513137436e+00	1.129358889917754460e+00	1.356643391113670383e+00
6.240113961067603743e-01	-3.212252718865998835e-01	3.336761888941012222e-01	-2.943500967041190464e-01	-6.485113428018455251e-01	-8.125150301042952661e-01	1.835095019779863779e-01	-5.568722373111688606e-01
1.130509677642785427e+00	1.383475810265736017e-01	-3.489671257802816062e-01	6.795611925424438482e-03	-5.308652584162885102e-01	-6.405812561398649407e-01	-1.626810638145399501e-01	-3.724415222069171194e-01
3.177951394104793215e-01	2.930687833113820862e-01	-5.708725614001208815e-01	7.387571709115333674e-01	-7.632759076844936041e-01	3.272037432307486782e+00	8.863418422512487904e-01	-6.498398988601882253e-01
1.774803989375527191e+00	-9.987314625093436371e-01	4.029647144365239853e-01	1.755806675520411142e+00	4.242052960640709247e-01	-2.567803836688427044e-01	2.661962905486228159e-01	-4.251822605008007683e-01
1.518217521572948980e+00	-1.058452819063462780e+00	1.003687532757008505e+00	2.142092477309834320e-01	1.092521326134940685e+00	1.808152049951138318e-01	3.219884470095519813e-01	-2.434037191133122946e-01
7.906059233622733107e-01	-9.603246314207580792e-02	-2.722557979297214326e-01	-9.918800328460241067e-01	9.872358840203462882e-02	-1.664119036236407639e-02	-4.829620686647243533e-01	-5.819611628686111038e-01
7.357614809870293149e-01	-2.190192549847323478e-01	-1.747517817470085055e-01	-9.881610445578611346e-01	4.764422704565310362e-02	-4.981166631538471584e-02	-4.121118166683707673e-01	-5.568396727699649329e-01
1.314138546282592079e+00	2.608282985080849770e-01	-4.123676599114959873e-01	4.080416260682474539e-01	-7.200476008213467782e-01	-7.938209904568978015e-01	-8.108230765440314902e-02	-2.719396670005243544e-01
8.198322341420408721e-01	-1.075513649730161836e+00	-3.486218692419548737e-01	2.957712545912716817e-01	5.410531512959109168e-01	1.469255009287727953e-01	-6.755427943908892674e-01	-1.023717815258277986e+00
1.224988330723704832e+00	1.912009528349813137e-01	-3.799307140791242099e-01	1.958559936404172808e-01	-6.422151673183289500e-01	-7.260146610878696061e-01	-1.242275587829629740e-01	-3.321482249147355015e-01
6.529818875797157585e-01	-4.335383646443357053e-01	3.891941785087772721e-02	-1.143750810714430965e+00	1.051609144306112076e-01	-5.778109262114524691e-01	-4.999034540637688484e-01	-2.844163476532680646e-01
7.564334675105689465e-01	-1.176578681824958367e-01	-2.695995505832726180e-01	-9.757510890258840330e-01	1.791344390431687250e-01	4.473514884700099947e-02	-4.752262640938147431e-01	-5.769140181765137765e-01
1.242299955368741493e+00	-1.186389547318854376e+00	-4.800397413317459838e-01	1.798984858388910313e+00	5.782040764696419477e-02	-4.999020633293115856e-01	-5.190332899970161451e-01	-8.328711568870120763e-01
1.949689167040092652e+00	2.468320933705409892e-01	6.920397323991631655e-01	6.271526690527515768e-01	-1.593340370803407458e-01	-6.502031047203906677e-01	8.199042503415834293e-01	2.229245697326429076e-01
1.695966397616481602e+00	-9.557344092749987807e-02	1.161506050850261262e+00	-5.505883870023963178e-01	8.665422531949615870e-01	3.979781604184407517e-01	7.483388733428828488e-01	1.127904409241997363e-01
-3.655403126247721568e-01	-1.779211687420120924e+00	-1.032164250879847645e+00	6.004044101485463136e-02	9.217976210913447765e-01	-6.424788720230559802e-01	-1.790750545880684497e+00	-1.578218339009266891e-01
4.592720099411329304e-01	-6.717306695893220381e-01	3.692651493944505980e-01	-1.046285256746117387e+00	-1.556367535534838170e-02	-6.374178212475735128e-01	-3.102895807003597795e-01	-4.422454366347490229e-01
1.898883932530955665e+00	-9.087901957742237080e-01	6.647102350613633970e-01	1.628532144035881979e+00	5.026952477074846382e-01	-1.764630105655333459e-01	4.877030210104466024e-01	-3.260352381117584408e-01
1.640557042936533705e+00	-1.601280064054344254e-01	1.014840899895808946e+00	-6.403233952369937754e-01	7.678682552773383740e-01	3.550741019723115399e-01	6.296077141289670998e-01	8.554926304206125764e-02
8.196208460219857050e-01	-1.188311033586485044e+00	-3.548895896173482889e-01	3.656988714136939489e-01	6.086605702811742624e-01	9.516449528049517048e-02	-7.060934532417871834e-01	-9.986702023763969205e-01
-3.800810667250836827e-02	-1.555661774023057164e+00	-6.817238366145473849e-01	-2.960899336587712871e-01	7.293225624359560566e-01	-6.960090100392949397e-01	-1.478383037382098752e+00	-2.469780751199623925e-01
-6.891767049650567856e-01	2.422446513367940979e-01	-1.738335716136839570e-01	-1.471097890139026143e+00	-6.328678952219142229e-01	1.018605337363111207e+00	9.011499959269794191e-01	1.152422388320034630e+00
-4.159504059793686648e-01	-2.426204730679416832e-01	-2.740400247532418510e-01	-1.067523960384382464e+00	-9.469195126670429952e-01	1.722257767765134062e+00	1.071659840122264562e+00	1.049755110390873991e+00
1.528870363870010074e+00	-9.505203477290371517e-01	8.487566804052973923e-01	3.348709446362495568e-01	1.112046641159249338e+00	4.288468101158349199e-01	3.086491515291872600e-01	-3.860562082812816209e-01
7.851336621944244865e-01	-1.052207749570435613e+00	-3.530868448068271159e-01	1.694965511839010008e-01	5.440990613482419302e-01	1.074437425458433099e-01	-6.850687286767426221e-01	-9.746524166992086569e-01
5.864567051949053367e-01	-6.026676310420722160e-01	3.624526182996479218e-02	-1.087322614006361432e+00	1.045383365763337402e-01	-8.056550370263462213e-01	-5.948971681952913704e-01	-1.170738313448643764e-01
7.293711568974594606e-01	-3.803149931733096900e-01	-1.002963129450595570e-01	-1.044161155999141277e+00	1.210989549024949485e-01	-3.965195552197824380e-01	-5.504787978272396298e-01	-3.800494062567995601e-01
-8.809051646262265611e-02	1.482442703631971781e-01	4.272360319250482763e-01	-5.790402946551257424e-01	-8.361279492881551478e-01	1.112314316055968755e+00	9.659532980291358761e-01	-9.842448439084575673e-01
2.069571610457537680e+00	-5.718506544945450853e-01	7.646551233354269561e-01	1.645513946362936020e+00	2.981099204052000684e-01	-3.830172848009515962e-01	6.955036810598138608e-01	-1.263273988912337609e-01
8.638983104159095872e-01	-1.047844784220733683e+00	-3.450415976828714593e-01	1.415721322305988072e-01	5.334411312094748947e-01	1.017362476865962539e-01	-6.800667204882295813e-01	-9.630845839279391640e-01
5.771187091151392945e-01	5.085639185492389913e-01	-6.877386896339836575e-01	1.674909658724995642e-01	-6.038787200728351623e-01	3.296439180094548504e+00	6.791311110893487601e-01	-5.348259366364506162e-01
1.230901493144144210e+00	1.988543270122111462e-01	-3.808704696157403924e-01	3.415730713473480451e-01	-6.810357524349346381e-01	-7.928027077006625234e-01	-9.607426980473129929e-02	-3.025495340413992262e-01
1.888636205387603129e+00	2.528012210111952873e-01	6.652534880026187425e-01	4.944717852638035316e-01	-1.695241278569325216e-01	-6.265530922970005134e-01	7.739614184903379490e-01	1.351065582311589131e-01
-2.634159400416574148e-01	1.821106907815236153e-01	-3.476295067834087593e-01	-1.488861495803385671e+00	-8.135830389611539148e-01	1.585229637259645274e+00	8.893737861864069449e-01	1.129294233288326010e+00
1.914478324017664823e+00	-9.219830222191994773e-01	8.184527105484750154e-01	1.508791569108794306e+00	4.526146051713298424e-01	-5.243196656155211244e-01	4.897895888440825796e-01	-9.893303224658320238e-02
6.573436719582106957e-02	-1.928832895566811034e+00	-4.952265753114282743e-01	1.182676970572355546e-01	8.345947164731322143e-01	-7.346930598958612002e-01	-1.371741689515038498e+00	-4.179005337767291994e-01
-4.586257512680335102e-01	-3.537205835812314708e-02	-2.897655764457814365e-01	-1.261579762716330766e+00	-7.949765420578975839e-01	1.691521498868241880e+00	1.022451693093820335e+00	1.102887627597402442e+00
1.537653084064969145e+00	-1.118648707435286660e+00	8.374071611053860442e-01	6.384552696138553474e-01	1.163464323730556194e+00	4.440369179855997439e-01	2.739768035480490971e-01	-4.532917831413312837e-01
-2.288103307500296002e-01	-6.655647087913588722e-01	-6.260795008754175273e-01	-1.228804321877328798e+00	1.894943237667862657e-01	-9.309620169037945425e-01	-1.270079162812788987e+00	4.288432164972150185e-01
-1.826547749458556080e-01	-5.196072454889020253e-01	-7.742426442555656596e-01	-1.250410924708306393e+00	2.508475389756867346e-01	-7.239972968157641908e-01	-1.326123878235718756e+00	2.777185571933536434e-01
1.507522784533548377e+00	-1.680998145699703905e-01	9.019006675411708196e-01	-6.750121090491062459e-01	8.200084929668431943e-01	3.466163774634550276e-01	5.065573632740318910e-01	8.809143705561239823e-03
1.860923949011084710e+00	-8.902501428390676708e-01	4.279055211833366346e-01	1.757618798282178263e+00	3.398208232170651932e-01	-3.216219027731256896e-01	3.218392854477560849e-01	-3.942091587624304005e-01
1.101217276112357979e+00	1.016741107210738793e-01	-3.306216770869879196e-01	-1.247179559511207708e-01	-4.735051339475087606e-01	-5.978397816236983298e-01	-2.027668555614231816e-01	-3.962369345504316853e-01
1.596964843986963034e+00	-1.834478896335296483e-01	1.045729365359311158e+00	-6.099242375586143572e-01	8.053961003730683021e-01	3.357137679199596603e-01	6.434755968559624506e-01	8.195798301430817778e-02
1.360672402192448782e+00	-1.359884064349723642e+00	5.462262051792214912e-01	8.634705083464525588e-01	1.092906556128755424e+00	4.037709216656851230e-01	-3.399380162450033917e-03	-6.354569891355988931e-01
-5.529467874205306055e-01	-5.390859721388442660e-02	-4.090291361885458055e-01	-1.222419724914400208e+00	-2.344349965927126356e-01	2.021112682098075819e+00	7.973139243487230576e-01	1.104221075728503365e+00
-3.137929654025094495e-01	-1.806301279613786503e+00	-9.561826475272565684e-01	8.858173579478650916e-02	8.653899713796180393e-01	-5.908846514573592446e-01	-1.689050215643425945e+00	-2.138418262196908337e-01
8.087850753122662051e-02	-9.745249188975244406e-03	-5.031487507549403659e-01	6.644505400873536027e-01	-5.679025139718221205e-01	3.212622423322484266e+00	8.965713147470109057e-01	-4.720097573474747454e-01
1.932007376812261423e+00	1.800510943594680058e-01	8.202695911003461404e-01	3.483430482449113574e-01	3.551793287862897719e-03	-4.787197853177027618e-01	8.376455734894970862e-01	2.162378295495770986e-01
8.006014591625962851e-01	-1.236858783534309225e+00	-3.325872488109094527e-01	4.307068853861995006e-01	6.135296550914088876e-01	6.338941440697326568e-02	-6.998643754447753107e-01	-9.962456444282602464e-01
-3.152273464220072818e-01	-3.708094351958154400e-01	-1.047555561362058407e+00	-1.267995255792597531e+00	2.210742085844780158e-01	-6.016605971935904407e-01	-1.462960451567322906e+00	3.616562281415940383e-01
1.313385997096991220e+00	-9.308050108055223593e-01	-5.132576083857615101e-01	1.894852713029121949e+00	-1.984920089276161204e-01	-6.952817235167843002e-01	-4.169590344278380489e-01	-7.137400246321539132e-01
1.952570606628922123e+00	-7.352582048644192847e-01	6.057334605644784098e-01	1.617496995529719150e+00	3.465122130064892669e-01	-3.060459997307312663e-01	4.986478241091472641e-01	-2.906641510172215392e-01
-8.512803558079450050e-02	-1.699589072347590157e+00	-7.658459789764334724e-01	-4.391366611882279586e-02	8.121764749702573560e-01	-6.247773407885289787e-01	-1.542059760816084202e+00	-3.283588267950367512e-01
9.692946155950331599e-01	-2.441763126288010455e-01	-2.960554591358724105e-02	-3.590730555994268991e-02	-5.572657779589905713e-01	-1.295135181339418295e+00	-2.298831337981689926e-01	-1.118048084831873012e-01
1.921603989048993544e+00	2.891797851736418457e-01	7.738713603845406297e-01	4.844102418908096119e-01	-1.179332117248314826e-01	-5.988427554571630340e-01	8.536356033395534615e-01	2.010441530745879501e-01
-2.917598341422090735e-01	-1.517437344472871485e+00	-1.076388079017979837e+00	-1.391344254135432335e-01	8.350092046418524649e-01	-5.154578502690649877e-01	-1.749006887307795077e+00	-2.097640655050325709e-01
9.099853837571338089e-02	5.765493176295255484e-01	3.565955250712657953e-01	8.057799732049065744e-01	-1.832962429447256847e+00	8.343244194533843139e-01	1.719907439482038392e+00	-7.523357510272037363e-01
1.862525262077824539e+00	-5.040527832264458941e-02	8.458727770402141299e-01	4.950855123876048980e-01	-8.482416240574390531e-02	-9.378691747724994254e-01	7.092816247087651016e-01	4.526185100519630189e-01
-7.088676103900430625e-02	5.262886946356498674e-01	-4.950890262099763572e-01	-1.687602089242086212e+00	-4.118717177653601902e-01	1.856536667502491467e+00	6.204564617932577519e-01	1.008886590821244322e+00
1.530338473784676356e+00	-1.695426035617879912e-01	8.818447716985995388e-01	-6.820225141872320318e-01	7.426264436100673549e-01	2.968332919355893273e-01	4.815393638592332382e-01	-2.133640124368202037e-02
8.366992261052298430e-01	-1.463193187426554243e+00	-3.583127308982982373e-01	8.308792434623238909e-01	7.438868972669590018e-01	7.367676366921305231e-02	-7.595779957262983606e-01	-1.046050113202469989e+00
1.574850845403943600e+00	-1.352227530212890549e-01	8.589919734642840199e-01	2.574899553750550907e-01	-2.075104583862856233e-01	-7.432100944853087254e-01	8.091768189374080045e-01	3.542637681349883882e-01
1.191484898553292204e+00	1.569902386701789443e-01	-3.690512955103010806e-01	1.520845435794526690e-02	-5.675492052068924487e-01	-6.509811883844630609e-01	-1.681696286116411421e-01	-3.618100268109241680e-01
1.516740235448478691e+00	-1.126849477616495232e+00	8.647871518329954821e-01	6.073869884622854487e-01	1.139173188829478267e+00	4.252337832514263005e-01	2.854064071776266642e-01	-5.047611118871631053e-01
2.007130298835048343e+00	1.619730931460529877e-01	9.896606987991166671e-01	5.019340336565412120e-01	5.267092867090325536e-02	-4.911605536132589989e-01	9.861033280434584603e-01	3.172086795857149144e-01
3.508494798649330892e-01	-2.309169803271987967e-02	-3.907569803982939294e-01	6.763397263052183250e-01	-1.083892298435470636e+00	2.642585862502502270e+00	8.941098891212526656e-01	-7.378593129336332712e-01
1.227786327671370525e+00	-1.081557327004762925e+00	-4.062159992352201154e-01	1.555485210610809910e+00	-6.985481046365647761e-02	-7.394073491793344832e-01	-4.874101670705922040e-01	-6.717031987921130431e-01
1.586653470751158590e+00	-1.242529185550189874e+00	8.937903517157242961e-01	8.432627020176483024e-01	1.240987561023146668e+00	4.655598570182610807e-01	2.994286285224992961e-01	-4.485334809788998900e-01
6.552221642608461183e-01	-6.556466181258688852e-01	1.288167051634436233e-01	-1.067897246328571192e+00	1.752622493609024001e-01	-7.403744242828761424e-01	-5.359819601202272521e-01	-1.348442724460543474e-01
-1.153270843233156900e-01	-1.642727386661203992e+00	-6.875908646106391187e-01	-2.664957001353302490e-01	7.458073557473843262e-01	-7.655689950468279603e-01	-1.518543565714272070e+00	-2.023874444319339327e-01
7.619358953507462395e-01	-7.457837953555234052e-03	-2.947569334920696060e-01	-9.840515831602313357e-01	3.161301909473060445e-02	4.409740010510928426e-02	-4.793586595276729256e-01	-6.377688726354174831e-01
9.628733201926042984e-01	-6.077766835068691975e-01	7.817508890034822189e-01	-8.882766712265042219e-01	3.555210406352918850e-01	-3.270250721330069665e-01	1.184566723364141039e-01	-5.177175952874999570e-02
-8.701891962479743614e-02	-4.699222743102617894e-01	-7.589065552709629570e-01	-1.264175923250532962e+00	2.122699740146801184e-01	-6.526870057183309370e-01	-1.293448171908002653e+00	1.949068724304485467e-01
-6.482837901741933528e-02	3.519790461816407756e-01	-5.771918328948174581e-01	-1.565450781587786722e+00	-5.303400503016015843e-01	2.096640611052735359e+00	6.904619861007397219e-01	1.131954569549196155e+00
1.993859468792386902e-01	1.231963907187429708e-01	-4.419247384725618621e-01	6.913898941259338793e-01	-7.021556939629094440e-01	3.090948028642673595e+00	9.299841840332409015e-01	-6.627255077502689495e-01
1.971110345793358753e+00	2.394865226601270713e-01	1.018000143290877846e+00	3.269364409578177089e-01	4.973006335167121095e-02	-4.195575560740509857e-01	1.011489255319992342e+00	2.528406826236199167e-01
-1.962758037906393860e-01	-1.604804944637586495e+00	-9.003965013946949592e-01	-8.177375553265234243e-02	7.945343052197855194e-01	-5.807597937745299088e-01	-1.629817162660964103e+00	-2.847969666090450769e-01
-5.605742640924681053e-02	-8.671456663803097653e-01	7.369743818471515828e-01	-5.348315232641206451e-01	-3.487860383579302059e-01	-1.330264290018766740e-02	4.418362969037612498e-01	-1.015233596490176637e+00
-4.254850616593642276e-01	2.122756130879010217e-01	-4.256548764627960946e-01	-1.461992694823107453e+00	-3.670582747967289228e-01	1.910474445286683531e+00	7.943211008831384534e-01	1.162233841090380970e+00
1.219300116437645576e+00	-1.163069364857060251e+00	-4.716304999121430086e-01	1.747401625536973091e+00	5.522090714607513773e-02	-4.925063199846997364e-01	-5.164749414593704513e-01	-8.454615445284460185e-01
-2.524953110367615938e-01	3.484351321308649663e-01	-2.507345226890286827e-01	-1.324888366672082540e+00	-1.362816622867243810e+00	1.387424492459058190e+00	1.201325671469428258e+00	1.092546928366193271e+00
1.576759119963920375e+00	-1.267560142639606813e+00	7.647892297674895312e-01	5.152435671252022509e-01	1.118636672529484732e+00	2.441831533107490793e-01	8.671048301922085200e-02	-3.937241470979048752e-01
1.714528336382151297e+00	-1.111704071850269093e+00	5.298126762929542544e-01	1.455243647547955765e+00	5.637025193613347529e-01	-2.726696414744401165e-01	1.966146571666211595e-01	-4.059106925689058287e-01
1.912685629088322514e+00	-7.582304111099785748e-01	6.100071330600943531e-01	1.585060836710420418e+00	2.884699573311085841e-01	-4.153595133218922486e-01	4.825436259522488669e-01	-2.570627917844983124e-01
1.566293699572188558e+00	-1.109061713849107011e+00	8.792887433501297423e-01	6.560012714340375251e-01	1.173841150028943625e+00	4.612044313418007802e-01	3.120746900240849997e-01	-4.441214064589081856e-01
1.511256423775743540e+00	-1.385209454209722635e-01	7.432409949023612850e-01	-7.538424995976107379e-01	6.773192726609560399e-01	3.005240686730127897e-01	3.603148093420688869e-01	-5.443270500407001999e-02
8.463832085514177983e-02	-1.967291960430398168e-01	-4.797161040631906515e-01	4.302155111719315750e-01	-5.416982763612262497e-01	3.193559931694271548e+00	9.708235522047827804e-01	-1.426845003649860610e-01
1.998197288785467762e+00	-7.246479524857976084e-01	4.919204638412036368e-01	2.033542611652485732e+00	1.324939388653703642e-01	-4.866967688093764011e-01	5.049711904003286733e-01	-3.090130409849189408e-01
2.015398403787844295e+00	-4.358284745609724009e-01	5.592780182020928859e-01	1.716559362596218774e+00	2.306664231989241642e-02	-5.312675898168511823e-01	6.216995284135495847e-01	-1.730419534045086749e-01
1.486939147733606914e-02	-1.795024488734758616e+00	-6.191813242023329611e-01	-3.700538545851668470e-02	8.129497586218896732e-01	-7.109982794402072148e-01	-1.456604178494844248e+00	-3.237799121794388557e-01
1.277458887687425326e+00	-6.345399502517938828e-01	1.242414575309051639e+00	-8.646697250368069465e-01	7.147976982053900752e-01	-5.367683628566581877e-01	3.090899109213384732e-01	3.413842716365335095e-01
1.564863389980722275e+00	-1.206695253205561702e+00	9.874600396602618568e-01	8.273554564252187937e-01	1.227210466815588985e+00	4.947734278788212259e-01	4.088084144455804148e-01	-4.382988976501320244e-01
-3.241767382514968987e-01	2.267728577681270286e-01	-2.577738412943416657e-01	-1.481889387884175457e+00	-1.168711361230738266e+00	1.415338616439021369e+00	1.154186454892705882e+00	1.319369936508845598e+00
1.180524339391078037e+00	1.304830233468624867e-01	-3.771741796861689533e-01	2.228277612899492999e-01	-6.867685381706071235e-01	-6.870190941580378574e-01	-9.115202242909335728e-02	-3.154362983651904928e-01
-3.306653712491401387e-01	-3.670321156754227654e-01	-1.055227162651415362e+00	-1.241137933568801532e+00	2.979044458257828487e-01	-5.825021308414960464e-01	-1.480054321030761288e+00	2.923857363003050658e-01
-2.396467684305453039e-01	6.478909212424244224e-02	-4.481478650222850413e-01	-1.340205508098980536e+00	-7.331595874853498174e-01	2.116523785111132927e+00	9.713497101685819590e-01	1.235423443221825845e+00
1.989340186489954476e+00	-7.700725639949099754e-01	6.906038925688214869e-01	1.685574375950706916e+00	4.043968732930432464e-01	-2.444107991583982786e-01	5.664619364378635780e-01	-2.883897290796115787e-01
-2.727418673774192892e-01	9.027180291906064524e-02	-4.250782935244126204e-01	-1.341844867288457976e+00	-4.712314231494415528e-01	2.066375358575364807e+00	8.434688640047445229e-01	1.105129887053691640e+00
1.889589456282566138e+00	2.114219439001433776e-01	7.022022930374868244e-01	4.601747825339482789e-01	-1.038310201317377279e-01	-5.976831592524048942e-01	7.815499249273163418e-01	2.041311319910188438e-01
7.336454558960916472e-01	3.776642946966488612e-01	-6.774567516928415856e-01	3.089329898139225872e-01	-9.557340422112743372e-01	3.550371402911656649e+00	9.654822664913093044e-01	-3.454200473726979359e-01
2.265193348920644389e-01	-1.566636859571212348e+00	-5.855706561602253002e-01	-2.985466800893379902e-02	7.420793404581631503e-01	-4.593408364874192462e-01	-1.302396468225934800e+00	-5.819866767821545439e-01
1.815061668198414635e+00	-1.001488260551599563e+00	3.995430903656109201e-01	1.875112455068253414e+00	4.105505226894263227e-01	-2.638022073716547733e-01	2.784925288471443716e-01	-4.425974533867990113e-01
1.881197585477341727e+00	2.273011502362820291e-01	7.081749918504034458e-01	3.441241834242141917e-01	-7.093773043657901345e-02	-4.480123645754878758e-01	7.645823410117054131e-01	8.844887208760893182e-02
7.658058012215270827e-01	-1.049824239467469361e-01	8.490719067568789358e-01	-8.883556122731171845e-02	-3.020125178995638482e-01	2.403240883215195467e+00	1.871137782284035822e+00	7.464649160709886377e-01
5.038057661403465282e-02	-9.709700293894478473e-02	-5.264774340215168102e-01	7.377383866025823966e-01	-6.734887334689959593e-01	3.235987737584586021e+00	9.243447582378957472e-01	-3.984357961061603115e-01
6.320907162113114097e-01	-5.534462593177744694e-01	-2.953942714898657659e-02	-1.095294798751878851e+00	1.549521950453779939e-01	-6.267276766267300125e-01	-6.025565917619329914e-01	-2.163896675121107227e-01
5.957007581459302648e-01	-7.094787929951030803e-01	1.845812958575770435e-01	-1.093933002760075102e+00	1.647393940164557646e-01	-8.649092811133280989e-01	-5.526099076994787085e-01	-9.606833515186785633e-02
1.550943934628435938e+00	-4.199655923346833353e-01	1.320361161085464419e+00	-6.869332997777330974e-01	8.515765525103637934e-01	-1.887721697849720770e-01	6.061056290572661709e-01	4.285805645995021118e-01
-8.574837243242340590e-02	-1.941458996080826171e+00	-6.853443835574005716e-01	1.397246503594189726e-01	9.030609017513195891e-01	-7.257913957307128294e-01	-1.540437609995976009e+00	-3.027414405271192099e-01
1.599664443619872811e+00	-9.746448479429855594e-01	7.273557938801588074e-01	9.608950130952451651e-01	2.095631900218561938e-01	-1.090710315962724275e+00	1.816158146566317910e-01	7.434471424334898604e-02
2.858718052823697731e-01	-5.481509624952975168e-02	-5.733505682331488940e-01	5.682611028575795115e-02	-5.903230330112071433e-01	3.100465062111230186e+00	7.624500200670256689e-01	-2.326473343029626661e-01
4.638198138405467685e-01	2.503374973883697452e-01	-5.665221821227848231e-01	5.091962261488556241e-01	-8.313050067886031957e-01	3.175903157003760136e+00	8.512945733390231418e-01	-5.997509122375010993e-01
1.934031756472950114e+00	-8.230086397767977235e-01	4.919975879916433370e-01	1.797383251612102217e+00	3.976215553007860781e-01	-2.938395837161111301e-01	3.879827116704747114e-01	-2.997555562664806494e-01
2.027822400119839441e-01	2.372190613969046014e-01	-5.263798705300061220e-01	-6.670489394230912084e-02	-5.494046526325849777e-01	2.714321912960496519e+00	6.453163391705062368e-01	-4.338578878738343358e-01
1.844893522295447452e+00	-9.796583255907609367e-01	6.744443641726726169e-01	1.509237293945519420e+00	6.315522478859429967e-01	-7.596062619362839441e-02	4.265922587412210309e-01	-3.724250774223746285e-01
6.451443383290411671e-01	-1.604618784272506149e+00	3.979221129775883936e-02	-3.059600510883558541e-02	6.706285018830331346e-01	-6.156663534323629783e-01	-7.614339262850923218e-01	-6.080170518041486671e-01
2.983755180724531053e-01	1.094703329764381283e-01	-6.136131018729024111e-01	2.843655122735124774e-01	-5.765930561751162475e-01	3.377543233821877156e+00	8.529815815287434821e-01	-2.951727132795844977e-01
2.040873800827554874e+00	2.096703269509131717e-01	1.033706013752232034e+00	5.614383987853468483e-01	5.522766378447294122e-02	-4.687339304596110923e-01	1.048671860786402732e+00	3.146476056074060668e-01
7.022990037562779064e-02	-3.269258234588278134e-01	8.025977015093040956e-01	-5.448976215693261960e-01	-6.215599489955572210e-01	1.173494642983946845e-01	7.586361082999756311e-01	-1.272794685881944110e+00
7.685956075570963275e-01	4.393933387922906997e-01	-6.232637983860338515e-01	2.491959315264486441e-01	-9.487601989765047650e-01	3.011443127969329669e+00	7.046873250884209128e-01	-6.855053970878316472e-01
-3.089402154889120400e-01	-1.749828399390288558e+00	-7.096332603473387568e-01	-3.036596341944251543e-01	7.264975050282549418e-01	-9.757508029379740044e-01	-1.601220700070690395e+00	4.151752553705312376e-02
2.002828943549274321e+00	-8.436877938284015332e-01	6.729373597871753931e-01	1.881015315581247238e+00	4.229579484006228962e-01	-2.831365408690977303e-01	5.578859251750354353e-01	-2.788041234266976365e-01
3.547524747249752308e-01	-1.507236869890920872e+00	-5.668843916067886068e-01	3.349708036061482819e-02	7.307662067068509959e-01	-3.656080157446467416e-01	-1.207270437472305336e+00	-6.213339618511788398e-01
1.865803986213522947e+00	-1.100471503172160581e+00	5.379309077885573442e-01	2.005526134582920506e+00	5.292268547102023657e-01	-1.842806694524205813e-01	3.681187147482803956e-01	-4.296850590189336128e-01
7.688205311723911306e-01	-9.660763132856489688e-02	-2.902819555540507857e-01	-9.801663547727800241e-01	1.103464778412518443e-01	1.240362923825936992e-02	-4.969286087103969574e-01	-6.043672662428514197e-01
1.868922617236355777e+00	2.249066353860749434e-01	6.378482428468595922e-01	4.346639677573141958e-01	-1.395875459601875757e-01	-6.235308434818548351e-01	7.228868818633145121e-01	2.002814710385491526e-01
8.222041656264024168e-01	-1.109181230239132177e+00	-3.373593141690339192e-01	2.310738425445895972e-01	5.699787209323465831e-01	8.416742501438047308e-02	-6.834281589081352415e-01	-9.787137569594159814e-01
1.866404387663883391e+00	-8.562205777319740196e-01	6.703416267615565083e-01	1.279057466320501213e+00	5.406570100873722140e-01	-8.048086444559399144e-02	4.343934401844197768e-01	-4.153004859395865722e-01
-1.312949918411890071e-01	-7.525186292363696960e-01	-4.431588710613819093e-01	-1.248339625320737500e+00	2.027870809417920417e-01	-1.079742136804081154e+00	-1.190697761006554334e+00	4.838343132805139613e-01
2.030849487183001401e+00	-7.436879891088230554e-01	7.925966725366644372e-01	1.822960363915681947e+00	3.668690671239231427e-01	-3.177379617897191366e-01	6.821847714030960796e-01	-2.763278300016386302e-01
1.396348149484952339e+00	-1.176174814581352424e+00	5.422083496880781839e-01	5.997529423163319162e-01	1.114756892631524110e+00	3.948036209535152330e-01	-1.094420702567458839e-02	-5.648941971484494617e-01
-7.565967321292135783e-02	-6.127708158847783304e-01	-5.709126080433495343e-01	-1.256012601258795325e+00	2.273296905748807273e-01	-8.549566663041696657e-01	-1.225963386239304898e+00	3.135344224500901111e-01
1.646415442207820989e+00	-1.143522184373475747e+00	1.770462361715901545e-01	1.739490691098532826e+00	4.513951292566307782e-01	-2.442320110054282123e-01	-1.210891604930335562e-02	-5.904423021215240430e-01
6.660146931607981990e-01	-5.696131629551788311e-01	4.610778787065868134e-02	-1.059831072501131510e+00	1.426482929892251006e-01	-6.544315768683687251e-01	-5.603415437287752043e-01	-2.363591247392868022e-01
-2.358619535332914241e-01	-3.890341825264361786e-01	-9.815384459193717825e-01	-1.250539459985820834e+00	2.575297711278987101e-01	-5.409065529754355506e-01	-1.405604550976550682e+00	2.167136786432526940e-01
-2.430542370372940908e-01	-4.652262465313981576e-01	-8.296188658692257301e-01	-1.284751885553621520e+00	2.778947527504509463e-01	-7.139325024933309560e-01	-1.356818305591669160e+00	3.239625397919700944e-01
1.991827151233642956e+00	-9.207281344575285464e-01	6.438250915227222704e-01	2.002685682387244537e+00	4.828383511084802238e-01	-2.485081537758854486e-01	5.118733222094946633e-01	-3.000402581314040584e-01
1.028273326897108930e+00	-7.235670406537901833e-01	1.072679004000511194e+00	-9.254930888307612014e-01	5.122848841755882621e-01	-5.144110317594197124e-01	2.002491330616800735e-01	1.107712486117804485e-01
1.990118589399330284e+00	1.518622532159567273e-01	9.806344397735154983e-01	4.969344927206776896e-01	7.056955176605339553e-02	-4.969916485718254284e-01	9.715452017049461819e-01	3.302695613684288878e-01
1.373678218206235480e+00	-1.271562168300345963e+00	4.615332615259686855e-01	6.952192094039875148e-01	1.076022377811530095e+00	3.430282779380540159e-01	-8.345754435999244714e-02	-6.506359079618443397e-01
1.958721548243245847e+00	1.729890028656975998e-01	8.904770116689167958e-01	3.738434774993243392e-01	4.221939033881441650e-02	-4.592444097627045307e-01	8.937477283603736389e-01	2.479211098552518977e-01
1.968002021868967333e+00	-7.431926538962115858e-01	5.911639917544800893e-01	1.721505927238170308e+00	3.117098869353039370e-01	-3.596338220942777997e-01	5.061603495659873220e-01	-2.756069071951216531e-01
5.477009332079603166e-01	-5.907052977684671413e-01	2.001593935825107251e-01	-1.020803224380013585e+00	5.843264619975002683e-03	-5.740364214140407650e-01	-3.873095521405581776e-01	-3.929074582834176654e-01
1.576012355789588870e+00	-1.119328736867499341e+00	7.618635680415893896e-01	6.555322606875578773e-01	1.131504069262082357e+00	4.687548116127536191e-01	2.108339144405224630e-01	-4.866186173303278517e-01
-3.387478057280275678e-02	2.068109401736173136e-01	-5.015210846144273482e-01	9.528765435563207875e-01	-3.483890296700948297e-01	3.265310921392293952e+00	8.521775593846457886e-01	-6.502735600234856861e-01
7.630342843620638860e-01	-1.135787558608221531e-01	-2.481127431006258099e-01	-9.776044021113077243e-01	1.611351159146704459e-01	2.978775326741812599e-02	-4.615109614560685691e-01	-6.052134293146063104e-01
1.716589578163424834e+00	-1.834929616923189344e-01	9.884987939406236768e-01	8.125337538133331483e-02	1.246975154849610523e-01	-1.009191083665911259e+00	5.743855498111941627e-01	7.347143258635824292e-01
1.851772126669577689e+00	-1.075645822709380806e+00	6.093962017785887753e-01	1.855473369421749341e+00	6.087328162995526704e-01	-1.186714669166803321e-01	4.057833750452300436e-01	-4.158639254226867976e-01
1.935147483243775390e+00	2.086618435237757863e-01	7.405024925231854516e-01	4.402895108742985730e-01	-7.117286959632541932e-02	-5.500962838322650539e-01	8.053049904589899555e-01	2.091962469771676547e-01
-1.906011346098705761e-01	7.755590439736528285e-01	3.718283610753112534e-01	-5.407138649387077667e-01	-9.172823807011737385e-01	2.195561568898572347e+00	1.574691336521061746e+00	-6.955646129957935297e-01
-2.082057110918738574e-01	-6.411103389533411301e-01	-6.493182086060582670e-01	-1.245595269986053744e+00	2.286265381698945887e-01	-9.619142920401915209e-01	-1.313279151150464896e+00	4.715705685999481700e-01
1.938422893232281785e+00	1.993964394685418251e-01	7.719043167557214646e-01	4.329800281878255497e-01	-5.367545653958848140e-02	-5.306455402825795975e-01	8.280234178083409891e-01	2.183415560490053475e-01
8.190594868582954380e-01	-1.199560386611480123e+00	-3.636986628998347126e-01	4.395645159027262716e-01	6.074905888359085626e-01	1.196677276721061361e-01	-7.099047573394970945e-01	-1.024270077651497468e+00
2.807249417857532459e-02	9.857697526847961633e-01	4.293400269528105384e-01	-1.455075869508599684e-01	-1.120619678452593027e+00	2.138718662474925036e+00	1.580831311789544280e+00	-1.166235354217862286e+00
8.354809003171748127e-01	-1.264162537327193636e+00	-3.586284454274471512e-01	5.408311124924928270e-01	6.421013316467394372e-01	1.096322028976992602e-01	-7.155367739026814444e-01	-1.031055658037496991e+00
1.645063980373070223e+00	-1.398873210004064616e-01	1.095487492464669810e+00	-5.906189813163743585e-01	8.720502407858023997e-01	3.477396851135851619e-01	6.754371769271730885e-01	1.307976151139324805e-01
-5.538448635701128525e-03	-1.263126614679907389e+00	-9.831759968919416837e-01	-2.056848953887665254e-01	7.743670262096240542e-01	-2.570517382254661753e-01	-1.531167770954140916e+00	-4.472419473416154312e-01
1.880320589584649760e-01	-9.175727485987252019e-02	-5.203222670482646750e-01	4.153212940530607300e-01	-6.319408128850484418e-01	3.048899795468430707e+00	8.057419287276329500e-01	-4.223115422165563682e-01
3.065176783236026048e-01	-6.027387780981955379e-01	1.151004875944108274e+00	-4.749769679444971193e-01	-2.526535268949761104e-01	5.093372726024889552e-01	1.078489465635204425e+00	-7.227328483041585150e-01
-1.520952429583505849e-01	-7.563109768566755875e-01	-4.630358653508974687e-01	-1.257757919262178392e+00	1.830034072172359028e-01	-1.114637560264325034e+00	-1.215943599921012419e+00	5.486712928757269125e-01
1.472128091715583675e+00	-1.160090148900303486e+00	8.785172095813084114e-01	3.264348182856857683e-01	1.098463040558655512e+00	1.582141852470387855e-01	1.780857568836029525e-01	-3.417010647286918279e-01
8.462012542006303040e-02	6.629611422104937368e-01	-3.538467044773890291e-01	-1.436474536641054733e+00	-1.106889963977662816e+00	1.447482178560076882e+00	8.436215195538454559e-01	6.434834975797283363e-01
1.493777585913549144e+00	-1.176684968900491235e+00	6.729894489708458938e-01	6.492701620964344000e-01	1.130260497395191965e+00	4.155961860346206183e-01	1.119538046948221760e-01	-5.329430879729279980e-01
2.026717287454633087e+00	-8.155550711310457501e-01	6.691928653243645053e-01	2.025842953900579779e+00	3.556441086134487506e-01	-3.539137958514212423e-01	5.965505926094996081e-01	-2.583772683762439737e-01
-9.445583893965217581e-02	-1.610929351378601604e+00	-1.039527784122728837e+00	1.884964028393834035e-01	9.368824796234334062e-01	-3.314070581430911822e-01	-1.679348281696259271e+00	-4.507022570286896568e-01
-1.688375626242860639e-01	-6.567358475267703888e-01	-5.860220831879154879e-01	-1.233861145048095409e+00	2.098734223571219748e-01	-9.742954164155679386e-01	-1.266565886793026507e+00	4.354906127262121451e-01
2.875340677698012826e-01	1.492312187257873457e-01	-4.913327647344442051e-01	7.849144976615587410e-01	-7.549022854153462081e-01	3.036466738141333721e+00	8.401034590356886156e-01	-7.382570425681719284e-01
8.790800534522108522e-01	-5.780429969813125624e-01	3.936852955730612003e-01	-1.019180674744821991e+00	3.190525120595164021e-01	-5.938898350821696370e-01	-3.168460686709913543e-01	-6.521247758760885527e-02
-3.248888326934251114e-01	-4.969726764136983554e-01	-1.530921120488824838e-01	7.508277757259073093e-01	-6.929547010866482504e-01	2.752575282593867634e+00	1.235171386478384647e+00	-2.214367505604437070e-01
1.909045871415907980e+00	-8.906687111860300821e-01	4.986522509685359927e-01	1.838691364118331784e+00	3.695700296935035545e-01	-3.137074292714597812e-01	3.904063104930874939e-01	-3.594227347591693600e-01
-7.117275237003835020e-01	-3.270725302474614127e-01	-1.584209923428163136e-01	-1.012395942134873827e+00	-9.637702232870587471e-01	1.439281521887032733e+00	1.205098234394759604e+00	1.219164970178589158e+00
1.361034292005163460e+00	-8.316571475424165971e-01	-4.977152110814069275e-01	1.635085814969139184e+00	-2.053694793190927181e-01	-6.105972253802448568e-01	-4.159835248013783460e-01	-7.356233895062488370e-01
1.894134570480498381e+00	-8.472097775246908435e-01	4.975945719036621306e-01	1.695525319127946906e+00	3.572684033866819209e-01	-3.142898388322337699e-01	3.816608819558782173e-01	-3.506302478355480257e-01
4.067232238074087736e-01	-7.828703306076421065e-01	2.076895233922980144e-01	-8.185291504197077517e-01	-3.088605511607395854e-02	-4.121329245356867843e-01	-2.929522468505141863e-01	-4.993343210140608335e-01
8.253584339506488954e-01	-1.212020371819810594e+00	-3.609047787239163529e-01	4.072310197224336958e-01	6.192253832359098098e-01	1.007874501490290120e-01	-7.129431142555066048e-01	-1.003888314006940119e+00
-3.096293030803169977e-01	-4.525093032326042430e-01	-9.569327741818276500e-01	-1.220092721032306482e+00	2.830849436730726865e-01	-7.014715986523557545e-01	-1.455116009694395141e+00	3.585112674919032627e-01
1.868619277495388475e+00	-8.704293754406018380e-01	3.862088862588651250e-01	1.921178750740974106e+00	2.420419124803953048e-01	-4.041700174970033199e-01	3.328252206621127307e-01	-4.078879447586309936e-01
1.406633362865131742e+00	-2.395328443724639017e-02	2.415448858876783067e-01	2.443050342643967865e-01	-1.229904624664943380e-01	-1.325905685737846618e+00	-3.704322443141042087e-02	9.722256420141082156e-01
2.077375275968765145e+00	1.962977476980255209e-01	1.136600170529622034e+00	5.631872782669908872e-01	1.185156714353894913e-01	-4.134598446399186944e-01	1.118848571905771472e+00	3.369353078877353469e-01
-1.227484190222700722e-01	-1.398593207402048177e+00	-7.605098721651762927e-01	-4.625952303005827493e-01	6.632490014397989242e-01	-7.002214047865923385e-01	-1.524098255177477990e+00	-1.626274480902489550e-01
1.222455795209884677e+00	2.412617442469948414e-01	-4.337594604347490557e-01	3.567723451420989345e-01	-6.999948053061585407e-01	-7.993051100121266739e-01	-1.309352164063092017e-01	-2.932503829354043412e-01
2.116061059539163569e+00	-8.828674889190504249e-01	8.267535178613402147e-01	1.942535454489323854e+00	5.173937589360702027e-01	-1.564764615079488330e-01	6.769665848218147097e-01	-2.469241056492373076e-01
1.170379656586529205e+00	1.644204611714502329e-01	-3.650786371140346542e-01	1.411242188139219811e-01	-6.045982547519227479e-01	-7.118146555474293979e-01	-1.325477237989156898e-01	-3.335332007984758151e-01
1.244588601395737903e+00	-7.350466522551182269e-01	1.262146502365305123e+00	-8.616997320503849700e-01	7.672982825328777956e-01	-6.642244820340478251e-01	2.521502009783395670e-01	5.455804246613047415e-01
8.338334534609138649e-01	-1.298680073524561607e+00	-3.512056130682510435e-01	5.692436663553442910e-01	6.602754300294910728e-01	9.038971266630628498e-02	-7.154666264286227984e-01	-1.021021591114019467e+00
-6.961463799877760650e-01	-1.115786711592935271e-01	-3.042691942935619176e-01	-1.183654568568309529e+00	-4.638228757814962244e-01	1.798128713908908383e+00	9.873924792612129853e-01	1.243602324608887422e+00
5.575939533403935222e-01	-1.689107589176864543e+00	-2.189490127007404641e-01	1.829226047784313636e-01	7.380505273414337264e-01	-4.767122944203399104e-01	-9.447405725587759706e-01	-6.338152700858289412e-01
9.477218918482434307e-02	-5.405564312831532270e-01	5.026210513251319068e-01	-6.101771899113218600e-01	-3.837637355451886112e-01	2.021552500643874484e-01	3.910821438125221539e-01	-1.049059041473834331e+00
7.761016094796026055e-01	-4.016740664010122197e-01	5.849737379665957970e-01	-9.063740899277944463e-01	7.846432403101352704e-02	-1.534659429525300489e-01	1.095859136339231432e-01	-4.524998342814506302e-01
1.407092421195640375e+00	-1.309515098236855857e-01	1.031334711435568874e+00	2.825734917844427430e-01	-3.595884602129679752e-01	-2.112182399830500323e-01	1.210322155938905464e+00	-1.297528902666356676e-01
4.977825249223262749e-01	2.132253627324682543e-01	-6.451680533730285161e-01	1.151086526264674115e-01	-6.655929514007536962e-01	3.290859882628951461e+00	7.696491225754109600e-01	-3.563265715376620069e-01
3.043966971778784558e-02	-1.423655948893296719e+00	-7.246923388098572838e-01	-2.780631036098026865e-01	7.079784581559862566e-01	-5.596017197390014131e-01	-1.457620582131532228e+00	-3.245917713391625048e-01
4.648643765680933737e-01	3.384727775333521427e-01	-4.605822799367456644e-01	6.097396855162801055e-01	-8.144471035300324679e-01	3.097588942941019940e+00	8.830974534464132164e-01	-8.225308026200486289e-01
6.704415372263525241e-02	-1.784313847649867446e+00	-6.614448294376965576e-01	1.128859203902706082e-01	7.586029899256672149e-01	-7.136545935749444292e-01	-1.448308000070819723e+00	-3.507343208732879303e-01
1.123947222227660081e+00	2.800778196133424380e-02	-3.241847281233777855e-01	-1.453062362744297065e-01	-4.803669570847828307e-01	-6.848402104632980159e-01	-2.427106086256263506e-01	-3.232370659456176298e-01
9.890768877407308812e-01	-1.401124705384174884e+00	-2.710317009836974989e-01	1.564744557273982650e+00	-5.667136839448909391e-02	-7.996572786604342342e-01	-4.524681194867577472e-01	-6.436877782571491791e-01
1.871663517786232855e+00	1.851440407395249788e-01	6.943309358846199153e-01	3.309853953104068269e-01	-6.820407708767102506e-02	-5.361608356167751888e-01	7.366072145811748406e-01	1.659363760104541896e-01
1.961559281024602530e+00	2.248694172392118051e-01	7.590303120623417277e-01	5.584966508247111161e-01	-9.670529505025307615e-02	-5.902965903103484235e-01	8.490724857532477854e-01	2.374475749284498394e-01
1.494665144998520878e+00	-1.245552051671614757e+00	7.242293746650444453e-01	8.122578346125125526e-01	1.175255696893021451e+00	4.407189470647622231e-01	1.503982946179635571e-01	-5.515698991153369368e-01
1.183142056608499637e-01	-1.737750179949497209e+00	-4.636829208289095505e-01	-1.170432374673755910e-01	7.892806670963568028e-01	-6.598181402092969661e-01	-1.290646118872420312e+00	-3.690736304900616993e-01
1.331736184514073607e+00	3.561848018936439320e-02	1.619346696259239549e+00	7.190892362890657363e-01	-5.800953418591062727e-01	-3.050415032521003877e-01	1.791549948469894904e+00	-6.468142461557083722e-01
1.007847028099034148e+00	-9.861724615369907299e-02	-2.258232972291085161e-01	1.967361880205868163e-01	-6.692068869143270593e-01	-9.250834503793100572e-01	-1.289332375530262975e-01	-2.399308967542667648e-01
1.997382939597034612e+00	2.476270025738956659e-01	8.879218266139793370e-01	5.492492429740785109e-01	-5.059707456187308161e-02	-5.392459775196674077e-01	9.578343497244027338e-01	2.879534993541636445e-01
5.377855705400189645e-01	-5.203442997780062251e-01	2.153721996248926795e-01	-5.072340913905274418e-01	-4.324023107284693523e-01	-6.570462146815173599e-01	-5.078024007213321339e-02	-4.370877602442930221e-01
1.595276027450187151e+00	-3.218442308478066671e-01	1.027089678154242680e+00	1.840156454451568613e-01	-8.806286061581908298e-02	-9.851652456611301734e-01	7.174640360210596812e-01	5.310776035209292534e-01
-4.511069705244417083e-01	2.529683609489444818e-01	-4.352235161299136679e-01	-1.460570003906277670e+00	-2.960023785291608367e-01	1.925007114194210001e+00	7.724857534136139181e-01	1.170034310058404081e+00
1.550863771139189273e+00	-1.127116026070837718e+00	8.631108923375960806e-01	6.550645549136296930e-01	1.192340079712914891e+00	4.552490922161010478e-01	2.949892859236394327e-01	-4.320368959059026071e-01
2.028028095413129783e+00	-7.270062700821802171e-01	6.686768030201684088e-01	1.915881546046482198e+00	3.046302028831901487e-01	-3.351537436755431809e-01	6.098939628878596864e-01	-2.683626634514438836e-01
1.879943990992049674e+00	-1.115517615029515852e+00	6.373469053425045994e-01	1.960084424919198431e+00	6.102274609683109308e-01	-1.199614019420424393e-01	4.296219327979978742e-01	-4.138652328611107656e-01
6.340253826389210534e-01	-1.316049804870269790e+00	3.771147984040099099e-02	-3.520047893634370428e-01	5.204997149361807462e-01	-6.147093181795849626e-01	-7.090974108684628963e-01	-5.500225337382691482e-01
-2.455478352207152437e-01	-7.608601820723164266e-01	-5.119598339025379641e-01	-1.237016365997918754e+00	2.028347483635491444e-01	-1.147197272075712204e+00	-1.260460806758852303e+00	5.960813131248821062e-01
8.347071672363917116e-01	-1.253021910706095809e+00	-3.528544989195263049e-01	5.077884230613693983e-01	6.372521299741893408e-01	1.037397468824754199e-01	-7.097913718817459028e-01	-1.023672252967918972e+00
1.799407474690988051e+00	1.257002964790595867e-01	8.005533691213587710e-01	1.487724200180966239e-02	1.536677882385332206e-01	-2.724128395209010622e-01	7.394688025414183352e-01	1.015738202405917501e-01
1.253246991449849412e+00	-9.201722094695180543e-01	-4.704007520985004631e-01	1.552366083090388704e+00	-1.021855781285902209e-01	-5.681098346393917975e-01	-4.497686319393545129e-01	-7.717772487038371265e-01
2.004749540915074513e-01	6.217095444405690285e-02	-4.206169141792914234e-01	-1.372740295740892957e+00	-1.137505373960023380e+00	1.929320471254017288e+00	9.650239721397543269e-01	1.042997984326512473e+00
7.883328372882123514e-01	-9.310132015797463190e-01	-3.122913635852378467e-01	-5.845548897220834150e-02	4.758775817375197614e-01	6.968994509270734494e-02	-6.366173707934518200e-01	-9.196832200786309031e-01
1.526834683026482731e+00	-1.335709611678496112e+00	7.947418864491760937e-01	9.975372044862992338e-01	1.268962278595258564e+00	4.925410215803475711e-01	2.062546857289535573e-01	-5.213278679801486293e-01
-5.765855508525923323e-01	1.042574859070669324e-01	-2.916315398639706125e-01	-1.404933470871585266e+00	-7.240583311801852551e-01	1.543845120976395702e+00	1.011129458342230336e+00	1.291949289727874373e+00
-1.009807563321762913e-01	-5.102452801050766373e-01	-7.101410547926423344e-01	-1.259850022040934547e+00	2.354264922612257505e-01	-6.730173143516974266e-01	-1.257600266087323782e+00	2.004847263445632410e-01
-5.154921238723088328e-02	-1.660047994898468993e+00	-9.290195378306943530e-01	1.305464792342544145e-01	9.132488626849553093e-01	-4.047086177557336906e-01	-1.612636225337799045e+00	-4.500478023990652221e-01
1.193710131375202099e+00	-1.254687724246578817e+00	-3.302177307666080419e-01	1.770009682040369459e+00	-1.621552697330558845e-01	-1.082878402981059418e+00	-4.712102717857639123e-01	-4.805954609062854654e-01
4.413387965180534112e-01	-9.718942361163883659e-01	3.109014052011934148e-01	-6.360346232143238021e-01	2.310768268150695248e-01	-3.952180927498769591e-01	-3.395337856143815780e-01	-7.944672335773962368e-01
-3.765200411770208144e-01	-2.032045589074180647e-01	-3.793388627832582904e-01	7.534813039483643227e-01	-5.816386389433705340e-01	3.019186964358198111e+00	1.128464825568942231e+00	-1.497547483789758160e-01
1.785616184233767889e+00	-7.453492438677867815e-01	3.607949972857159571e-01	1.362318480734626247e+00	2.607618327049338047e-01	-3.674094726656375598e-01	2.554430370137087403e-01	-3.539723866619040593e-01
-2.473540045137000987e-01	-3.434059886063451916e-01	-3.189308583366295413e-01	8.271637425090767604e-01	-6.215517131521338667e-01	2.751432627287664356e+00	9.930926655939412706e-01	-3.589002531844842636e-01
1.223219484640489796e+00	2.875520300329270640e-01	4.743368829300155798e-01	5.305690420362256798e-01	-4.534271023108302767e-01	3.309273453145086918e+00	1.788389657660913734e+00	-6.085334249223987857e-02
1.362854170817699329e+00	-7.505382664865948295e-01	5.091964457829711854e-01	-9.571266027654549979e-02	8.200132641410899925e-01	3.052069557747826845e-01	2.270042890569956562e-02	-5.210579393176479890e-01
7.626553964797082585e-01	-9.448744488481145010e-02	-3.007966521781894054e-01	-9.336626910715515315e-01	6.312653600257683850e-02	4.967661752363738276e-02	-4.858140185706163461e-01	-6.190067236172450693e-01
7.149442291103295100e-01	3.459327561333473966e-01	-5.842543582024963822e-01	2.456811025737955512e-01	-1.084147816813339826e+00	3.067833383240898382e+00	8.674153270717311903e-01	-5.456550451365093091e-01
1.217894130720326817e+00	-1.038465108440888240e+00	-4.138366144120748102e-01	1.498367383572351885e+00	-7.088410885328833011e-02	-7.014841030204596040e-01	-4.792865526544810573e-01	-6.821124247896123149e-01
8.196305268849773951e-01	-1.228657283610124606e+00	-3.539421658966562245e-01	5.268336856356348186e-01	6.063609207642961518e-01	1.321366473723735169e-01	-6.974635217189658620e-01	-1.041816459371400327e+00
1.963296558294234329e+00	-9.535662233241459784e-01	5.466338342740770795e-01	2.229385773916473301e+00	3.584992387180805928e-01	-3.534183878977696369e-01	4.828315388999877000e-01	-3.407961517381707384e-01
2.009878157424780820e+00	-9.557298148177867381e-01	8.734268980230737167e-01	1.889256742898716812e+00	6.116824873918151884e-01	-1.297404958095279559e-01	6.720524715171380947e-01	-2.798977804081377307e-01
1.106595265139853623e+00	1.099337549908034062e-01	-3.311724533697807948e-01	-9.906784087123839122e-02	-4.918471743269395846e-01	-6.150791866880087611e-01	-1.957904760446684822e-01	-3.896223837289476966e-01
1.546856986494209663e+00	8.438291948862849945e-02	1.269197837363963854e+00	5.096769443966000512e-01	-4.182869084706544727e-01	-3.659798162076041694e-01	1.433921357884779368e+00	-2.646647878749718297e-01
-4.429508582354397817e-01	2.770322733399366300e-02	-4.411624652907915056e-01	-1.233064137984537956e+00	-3.157789800779142175e-01	2.190723719657783786e+00	8.557585703633401319e-01	1.136417375754483539e+00
5.779038405985715832e-01	-7.602072832982440520e-01	7.713536994575002081e-01	-6.238859995582121121e-01	-3.089909131894255645e-02	3.275269001631972432e-02	4.712117153015918380e-01	-1.652054873198940954e-01
1.762259618390101590e+00	-1.069852069978645126e+00	3.885792954564123436e-01	1.715473277797681328e+00	5.028609157623382675e-01	-1.977989220611729715e-01	1.898302215107959268e-01	-4.980727328885285465e-01
-1.930044018581934806e-01	-1.484095252128131204e+00	-9.404708875076591701e-01	-2.572454263235925409e-01	7.911881141834782305e-01	-5.788156077243993280e-01	-1.659205329812524665e+00	-2.080827824739999166e-01
1.250197073597548725e+00	-2.034348566589103124e-01	6.749098954329914024e-01	-2.397966601176092505e-01	-2.414344865774396831e-01	-8.876139875259115852e-01	3.165816056240183807e-01	-1.742669695773640948e-01
8.204832018425391171e-02	-2.839177290093818362e-01	-3.764336144351194124e-01	6.399760885363114937e-01	-8.979541816261126241e-01	2.800671314430237313e+00	9.886551719540980221e-01	-3.997355020705345985e-01
-2.517673993238756514e-01	-6.655629913973603040e-01	6.867956548517177850e-01	-4.408490005843191395e-01	-5.859020473924870798e-01	4.392023321384297962e-01	7.852687799727648965e-01	-9.592689744042334210e-01
1.583715882030577227e+00	-1.111622244560084738e+00	9.284631057026074830e-01	6.568085451447293055e-01	1.199035330346212236e+00	4.669789018684593063e-01	3.599223633122076160e-01	-4.082249777776204014e-01
1.539336820625527347e+00	-1.652821011823615294e-01	9.878201152685947006e-01	-6.580917158517678445e-01	7.556320407751706547e-01	3.360684490102629485e-01	6.073797424810565282e-01	7.368345707830653568e-02
-2.869361028694417670e-01	-6.913118262336753750e-01	-6.043292495089436223e-01	-1.212968499017750723e+00	2.570604864967642733e-01	-1.029614751745058898e+00	-1.305981029766895674e+00	5.258563060502896569e-01
1.918199181279709009e+00	1.998589194395286317e-01	7.308755576971135426e-01	3.698103214521659687e-01	-5.735432387669211346e-02	-5.246541044765632433e-01	7.806230328247765193e-01	1.921693914060758068e-01
1.502964122674220970e+00	-1.135174204493795580e+00	7.518676601749876287e-01	6.278648164134096321e-01	1.196222203002038631e+00	4.627456332843729037e-01	1.887319527523496632e-01	-4.555717788174131755e-01
1.884238238776943630e+00	2.161553130146039725e-01	6.577517667232407605e-01	3.832020401681659472e-01	-1.134968749213311756e-01	-5.591978645211348464e-01	7.322237407844778279e-01	1.405329464342018331e-01
1.592483293177221759e-01	-8.354950130238468498e-02	-4.065714767515073991e-01	7.477838413710372611e-01	-7.879105257856249267e-01	2.754748176064323317e+00	8.371431477241144670e-01	-6.795814143927019213e-01
1.264360043874727557e+00	-9.414659937895282216e-01	-4.686910672177140857e-01	1.583389072969270783e+00	-1.081040991260131118e-01	-6.034204298342361605e-01	-4.475198060117467347e-01	-7.511082139011511227e-01
8.152482624288814872e-01	-1.182992432480650891e+00	-3.413286676604862513e-01	3.533002162159262216e-01	5.975740967391851566e-01	9.200324466822989988e-02	-6.907303891561978881e-01	-9.958577275634179493e-01
2.219689373939625066e-01	-4.258732774105874336e-02	-4.077293424458707238e-01	7.359798913103278162e-01	-8.813601649913362923e-01	2.942373154987910855e+00	9.644241376542892485e-01	-6.250256409532640722e-01
1.265777961832352139e+00	-9.340958061687265612e-01	-4.693076821172122437e-01	1.641358948277937380e+00	-1.187272230727678957e-01	-6.166929321593473956e-01	-4.294078449395747898e-01	-7.408950546731857267e-01
-6.514101244933795387e-02	-5.170908925945235657e-01	6.431110406537076107e-01	-6.294100509900543150e-01	-5.284469086412065808e-01	2.488797021462381687e-01	6.263163245816830704e-01	-9.941514894632934585e-01
1.930830459016533718e+00	2.227634299986158972e-01	6.887543969371039410e-01	4.202387579934406814e-01	-9.936105677290613114e-02	-5.525786737103473012e-01	7.674013441070229868e-01	1.868313580252002892e-01
1.899428605630733458e+00	2.822368176486818037e-01	5.401335649449313658e-01	6.841738067473273066e-01	-2.570712020263031250e-01	-6.788163179523479807e-01	7.142026736329545322e-01	1.215720373775014129e-01
-4.017804831276189370e-02	5.201456721610834277e-01	-3.733051690946654344e-01	-1.002021780753130864e+00	-7.834734266010267012e-01	2.715593914999175684e+00	1.210580917174521431e+00	5.737317295531962902e-01
4.433747459483143305e-01	6.965215303278191605e-01	1.348526366089407791e+00	7.554612112988015604e-02	-5.862281168300680356e-01	2.407915922686813648e+00	2.370676692274087838e+00	-3.584008277056986436e-01
1.372394814376210137e+00	-1.202301657593703998e+00	5.443670876727734198e-01	5.972281703664218400e-01	1.049728058909634054e+00	3.425080029879180032e-01	-1.510451679324066598e-02	-6.327869905520149274e-01
1.957175887033793416e+00	-6.348703015024413920e-01	5.243317758195955580e-01	1.637711215199870063e+00	1.936508252411766051e-01	-4.400549671631707738e-01	4.887827479916304063e-01	-2.472627883052318509e-01
1.600850237307519519e+00	-1.008373277378860761e-01	1.039257128542852904e+00	-6.302414855540423577e-01	7.800375232023311067e-01	3.571522593745103946e-01	6.518449592838559958e-01	5.883860236006885347e-02
1.891225387294458216e+00	-9.124713901377727865e-01	5.567795802049733123e-01	1.760005313317724251e+00	4.305375513956011813e-01	-2.568515845836671918e-01	4.138737380159153711e-01	-3.631081239336530486e-01
1.243449739376807361e+00	-1.221718336968010021e+00	-4.816394363223302499e-01	1.894577792055575527e+00	5.869954697606971639e-02	-5.160874632084588853e-01	-5.157833195774331747e-01	-8.313360749576169662e-01
7.063608173324686934e-01	6.530882883316244669e-01	1.308562200218597926e+00	-2.548227722689956898e-01	-8.233104083575264465e-01	2.161539478720935659e+00	2.268386697676980646e+00	-3.390702365223072778e-01
3.534120030094402565e-01	1.467991821046646050e+00	2.848689565856278860e-01	-4.683933930995209383e-01	-1.431347878080480918e+00	2.345052747843878738e+00	1.747540687045500363e+00	-8.797303124346957937e-01
3.935411487669919772e-01	-1.337571622193728556e-02	-5.510960999097256341e-01	3.230772391398082921e-01	-8.248098114762284494e-01	3.123813319410340128e+00	8.632846977125994137e-01	-3.967690615307166158e-01
1.876759483975586118e+00	-9.336282768251275010e-01	7.339290948459058495e-01	1.508098480037975753e+00	5.923990403188441611e-01	-9.414574169345189814e-02	5.043184717027526798e-01	-3.468619870575855302e-01
-4.757746539874343483e-01	2.674632275858650488e-01	-2.375866526669139223e-01	-1.520805702537461501e+00	-7.431685433413952602e-01	1.177492326155295865e+00	8.787743648535217833e-01	1.118156609970972992e+00
6.836493349741160630e-01	-1.496315919524970450e+00	-1.899130505728685026e-01	1.353359600927214745e-01	6.757845367293704442e-01	-3.601589468563569096e-01	-8.240602167790267440e-01	-7.379233520663290857e-01
1.201250891516653097e+00	1.733469148485614897e-01	-3.768289015220205873e-01	2.154910366078188755e-01	-6.305589806969240652e-01	-7.399722037541873743e-01	-1.287150134275111268e-01	-3.307571300069963027e-01
1.929106422566405188e+00	2.330743860157953040e-01	6.911270044048920536e-01	4.906461476732034699e-01	-1.212688933827895665e-01	-5.953044026432411373e-01	7.875987967068261986e-01	2.070294916669328522e-01
6.220718824188238294e-01	-6.425964581709509016e-01	8.430414644861976281e-02	-1.084701634660718561e+00	2.012968459649955855e-01	-7.178617438416674545e-01	-5.665633732053194649e-01	-1.532785560566669869e-01
-2.188799907356197838e-01	-1.703033017540883209e+00	-8.581888504664683115e-01	-1.338931266119734731e-01	8.246945010959805256e-01	-7.117864327995204743e-01	-1.657027888899807122e+00	-1.768307301477430316e-01
-1.943186676276224267e-01	-1.413197107408127762e+00	-7.309440970955031203e-01	-5.279709634325222556e-01	6.631773779653775680e-01	-7.763122260646477812e-01	-1.519461711893848488e+00	-5.298680399453620932e-02
-1.449937609968170726e-01	2.736889642199266115e-01	-4.413118888430315190e-01	-1.538678355931186292e+00	-5.150074219401236109e-01	1.803107116342653304e+00	6.897163638417622700e-01	9.947140168241028757e-01
5.960966496472046572e-01	-7.732633788805428621e-01	1.338458538011335075e-01	-5.906947258735489870e-01	2.039533694322872015e-01	-2.402216259840286861e-01	-3.647341438596133356e-01	-8.855585047406961952e-01
6.584938519343527252e-01	-6.116748834566747561e-01	1.513911397358392197e+00	-4.947737036426045343e-01	7.969364818999347122e-04	4.017811368765852875e-01	1.247459501056177089e+00	-5.311026179475588638e-01
1.230769775746793027e+00	-1.034916092670386867e+00	-5.043986306679753007e-01	1.618266283680476869e+00	-4.160366591564488431e-02	-5.558737377465536866e-01	-5.151275194894546772e-01	-7.830045554087257109e-01
1.585044498124990264e+00	-1.360208827215102501e-01	1.006608325807562432e+00	-6.320713841858983661e-01	7.679603843595104173e-01	3.553688913856157816e-01	6.084330136349185292e-01	-1.562320382248543089e-02
1.246245654848887607e+00	1.863679853537603959e-01	-3.909060691776847785e-01	1.383103652736533962e-01	-6.296844135672802212e-01	-6.940778387576220787e-01	-1.434742675802717915e-01	-3.332998230369863535e-01
4.618785215231050456e-01	4.493743875077901295e-01	-6.240113640846349785e-01	7.546740926270794070e-01	-8.164880107789272978e-01	3.294390885823536230e+00	8.258229900146054625e-01	-7.503612741775846917e-01
2.053815858965453156e-01	5.610190907741702260e-02	-5.385561226143813496e-01	7.667289092761886415e-01	-7.504179064854692438e-01	3.430782155888802976e+00	1.031346358190231349e+00	-4.355344389174819475e-01
1.930628024557400790e+00	-8.533007347487912009e-01	6.600866858621372568e-01	1.653935233806566041e+00	4.765650808603237309e-01	-1.980498616012085489e-01	4.958426937544241908e-01	-3.309631593403262739e-01
5.428697430083201381e-03	1.067856940147177136e+00	8.114367390502694732e-01	-1.379643326758729360e-01	-2.864718303667240784e-01	2.172609805202808442e+00	1.949417405009300275e+00	1.092344160935701802e-01
9.478774906400933009e-01	-4.124238619054783062e-01	-2.631920180623736893e-02	-2.259560012597628953e-01	-3.740112861883405082e-01	-1.254525752837356789e+00	-3.193829666754948726e-01	-1.039877255356091643e-02
3.100354397441378862e-01	-1.887958643976875628e+00	6.265353522153016552e-03	-1.236906595758349992e-01	6.586724026299133339e-01	-1.011512325647657695e+00	-9.697029130634530203e-01	-2.689227721761854872e-01
1.524264982354215370e+00	-1.031982400626961116e+00	7.663729291337325611e-01	4.078233024997024447e-01	1.090771841171206846e+00	3.856940128955854141e-01	2.103554802928201406e-01	-4.300996974028614694e-01
8.181440770214476466e-01	-9.492111077742734770e-02	-2.976753856179723545e-01	-9.958357935796232629e-01	9.659194734843215557e-02	4.543302149903789833e-03	-5.027949187564059175e-01	-5.822055354349039424e-01
-3.704299850206839162e-01	4.798895155263740442e-01	-4.418042512244334530e-01	-1.045761376857700320e+00	-4.716213466297184409e-01	2.271768427976381677e+00	9.056624008154745553e-01	7.164958361610169746e-01
-3.482959959936395289e-01	-1.754838028797919502e+00	-1.192987863675140758e+00	2.828619892007202541e-01	1.006793269112233435e+00	-4.632863274049467406e-01	-1.871083774395691401e+00	-2.573976405102414433e-01
1.548683797118484140e+00	-1.136336379845693134e+00	8.523529155952267455e-01	7.365244966604467258e-01	1.171167589200201808e+00	4.796979853838156393e-01	2.903929789714623233e-01	-4.833159973309446578e-01
6.213550828152656358e-01	4.523251861762582759e-01	-6.539618230229248264e-01	5.404780689851532705e-01	-8.568650384039139256e-01	3.632331620777551340e+00	9.863278496346310487e-01	-4.799952205863445842e-01
6.766600867871042091e-01	2.716327970217508048e-01	-6.324616595665384366e-01	1.425748798056221400e-01	-8.381897898391302837e-01	3.161035973502464014e+00	7.400188482165694914e-01	-4.810417264986613373e-01
1.665654033171666937e+00	-2.812392022271178460e-01	1.026160911935046771e+00	1.014425488476059789e-01	3.346386794405803444e-02	-1.099943747545842454e+00	5.790626125770494959e-01	5.204826910219275682e-01
8.334121091723634134e-01	-1.252310753866556325e+00	-3.510448997709081365e-01	5.499997271781174035e-01	6.253251773203789554e-01	1.125964055040306611e-01	-7.110224486316972792e-01	-1.040982617200596261e+00
6.544258671353939683e-01	-5.293173917863945865e-01	-1.473817749641531324e-02	-1.083401895243625290e+00	1.842399832895501022e-01	-5.729709330615150309e-01	-5.665089624827442938e-01	-2.453297674395773509e-01
1.224722058024653171e+00	1.050717268867517706e+00	1.436991775230995527e+00	5.540663718307012875e-01	-1.318538698028955292e+00	6.980907554312667518e-01	2.519748932882078574e+00	8.478091239452506533e-03
1.059200298348338842e+00	1.374316581813949945e-01	-3.153274111200651264e-01	-1.276568633394156438e-01	-4.901150268081658767e-01	-5.910364607532759829e-01	-1.586839978736510337e-01	-3.765546789349299983e-01
1.545291999270643313e+00	-1.213543031109234782e+00	7.710641789365065835e-01	7.593875775532432648e-01	1.164387528096717972e+00	4.562077586062722734e-01	2.077261740179541238e-01	-4.990073909202470959e-01
-2.597893177703873846e-01	-7.353732753825865665e-01	6.085270302657317387e-01	-4.009536703145228920e-01	-6.889023239723544023e-01	4.064058232031173001e-01	7.853601265998811920e-01	-8.141069532005321685e-01
1.327746716825992435e+00	-8.495191735634683994e-01	-4.992891428016846822e-01	1.704209578527492441e+00	-2.215225378423547331e-01	-6.717347976011406319e-01	-4.086727035745663095e-01	-7.208471189759229070e-01
-2.181763503224959933e-01	-5.798345205265541535e-01	-7.192260630813706035e-01	-1.239484585270647088e+00	2.778253137317346355e-01	-8.672443278828968483e-01	-1.343492211280858495e+00	4.326804001689787404e-01
9.372761466176789957e-01	-1.170270864601011152e+00	-3.345569671874361051e-01	1.167598551743572965e+00	-2.656549356670386275e-01	-1.346335200513370411e+00	-6.003772134110750835e-01	-2.472394294103898438e-01
1.440649343808155791e-01	1.353795008715871495e-01	1.097379284278321876e+00	-1.773415129078733943e-01	-4.477939050600668325e-01	2.144703590722575992e+00	2.271256640818442030e+00	8.298320768924006829e-01
1.946660629155346989e+00	2.607681627479828679e-01	6.859931582520560900e-01	6.837083946091256914e-01	-1.489230659240607657e-01	-6.463603685544117017e-01	8.337268816398228921e-01	2.607982315467488044e-01
-2.234322443916235690e-01	-4.247267397689121204e-01	-9.336776824931051211e-01	-1.254012102531240958e+00	2.331086942517936467e-01	-6.625277914101472820e-01	-1.427173404403379031e+00	3.112349586629541420e-01
6.035811622890990824e-01	-6.205740088708417979e-01	1.127575502171013627e-01	-1.080543279723489736e+00	1.544724718904462168e-01	-6.765612576303702275e-01	-5.205827114203878114e-01	-2.235472352832823528e-01
1.420346496954654203e+00	-1.145383412688849578e+00	6.103210188033316719e-01	5.630789437813746856e-01	1.158756042254378560e+00	4.241755538702305928e-01	5.388387375842883242e-02	-5.245796795984218885e-01
1.508591234447643092e+00	-2.261988293624776769e-01	9.990484784123802031e-01	-6.744552092215989614e-01	8.573770508063300877e-01	2.493455803446011920e-01	5.402329070426796775e-01	1.065499911218596440e-01
9.882136970267313414e-01	1.288280985465445116e+00	1.364610262840982413e+00	5.823899870517992294e-01	-1.112168225964861312e+00	1.930902555465126680e+00	2.622922669226365855e+00	-5.305515033331406061e-01
1.925363939794939139e+00	-8.815466167469316883e-01	5.285175204325253118e-01	1.611825846420330333e+00	4.354062719426147754e-01	-2.074339137931490162e-01	3.782991059881193330e-01	-3.659201029068448463e-01
8.251699977018335241e-01	-1.223052972067814714e+00	-3.478326004373253899e-01	4.267828961689313916e-01	6.215696688883436405e-01	9.600503975903282305e-02	-7.018805917404425943e-01	-1.006957557814878834e+00
1.788303796945639013e+00	-7.603279385308965299e-01	3.163997504708496722e-01	1.479324154120330581e+00	1.730688945018244995e-01	-4.796943266251056937e-01	2.326489498975670145e-01	-3.315139532932763200e-01
1.606748766191165467e+00	-1.166328572627981508e+00	1.019267459396976383e+00	8.032701474339206671e-01	1.262118016873602810e+00	4.958789877523956946e-01	4.253685653068930428e-01	-3.898861112793514105e-01
-2.582816643471843587e-01	-1.688590213661617101e-01	-3.644336396822652202e-01	-1.187630264776456279e+00	-7.511161067678252534e-01	2.002559090457319613e+00	9.649641282251787411e-01	1.066338161606998902e+00
1.871171327470640300e+00	-9.360821702242103637e-01	6.267083926318357534e-01	1.567433966370843867e+00	4.424371009158516999e-01	-3.926764219963230218e-01	3.819070768469942645e-01	-2.491330830209212976e-01
1.905589024622055039e+00	1.700428813404747108e-01	7.974123544624340809e-01	2.745151744045035702e-01	1.805107326312238580e-02	-4.592142859595100268e-01	8.012326598010819367e-01	1.963313168643242845e-01
1.923353851326283115e+00	1.765884995985305961e-01	8.532120717660578446e-01	2.862615416112133104e-01	3.937428877933404903e-02	-4.447446224258789216e-01	8.507641624622747090e-01	2.211282775607371354e-01
7.785084370746068183e-01	-9.320368782328339319e-02	-2.814530713951750585e-01	-9.604816826265688556e-01	1.202869229028601383e-01	3.447443781851040889e-02	-4.848653706194037127e-01	-6.113407947811333454e-01
8.121324450931965977e-01	-1.221417632882368931e+00	-3.496473704448828101e-01	4.229099495497217198e-01	6.227719166079443980e-01	9.579028737580180808e-02	-7.028698869647411751e-01	-1.002825770150628903e+00
1.576010087360592005e+00	-1.636573652560947834e-01	9.653720632046632888e-01	-6.418252814637150916e-01	7.796953259027648020e-01	3.307271153989260748e-01	5.658905768945625692e-01	2.005553659652867249e-02
-4.657434781216481245e-01	-3.358288784393094473e-02	-2.869929575560953294e-01	-1.303450371188237256e+00	-5.409639498229860122e-01	1.634792615097636848e+00	8.711327931642905975e-01	1.042964164304120089e+00
1.905296724960948707e+00	-9.853995750341705273e-01	7.912036987168142854e-01	1.550858180630138472e+00	5.536084687392111015e-01	-3.735431900276302009e-01	4.712353480895838387e-01	-1.733924792559771721e-01
7.552367290217321116e-01	-2.605155991845233832e-01	-1.765604467587276738e-01	-1.034548101005788867e+00	1.256153579371104834e-01	-2.255575546556681799e-01	-5.157112290274710187e-01	-4.638921760098291824e-01
-3.404682884113500313e-02	-1.594267644214719393e-01	-4.700732685059009763e-01	3.947057095214572264e-01	-3.750203288643671473e-01	2.849571199476100158e+00	6.990109859444201268e-01	-4.272003323147156029e-01
1.577270766554369263e+00	-1.355517028855010686e+00	4.100360344588134809e-01	1.829810979893853329e+00	3.408657255073914150e-01	-9.043728736395808543e-01	-2.867640210088442596e-02	-7.766450546261152721e-02
1.260302554772026573e+00	-9.230922757348003493e-01	-4.566687534103546775e-01	1.572428423471023962e+00	-1.229712843787907905e-01	-6.107461808857231889e-01	-4.321701208971295838e-01	-7.619822623937382300e-01
1.960901177391239480e+00	-5.953172702969969921e-01	5.493684422204283546e-01	1.649408278519376658e+00	1.741224630499772497e-01	-3.954680010634102350e-01	5.224632567240157233e-01	-2.972400912019894648e-01
1.939012872772900131e+00	-7.517680699441859904e-01	6.443264533030861330e-01	1.592157358281773627e+00	3.645385747020603584e-01	-2.992185977147049925e-01	5.188713605049939392e-01	-3.054918170564422941e-01
1.503387752743836625e+00	-1.026008600629548795e+00	6.719306726098811522e-01	4.306065799426622709e-01	1.046945860793910166e+00	4.019382724599700474e-01	1.379960865571118467e-01	-4.970316807598572639e-01
1.197957744864926122e+00	-3.074647610422021060e-01	6.128075595892614746e-01	-8.076289014741175887e-01	4.328226526313188605e-01	1.121133058554080186e-02	1.447250347876127829e-01	-1.779548151992613458e-01
-4.165592872224176957e-01	-7.820120271891009556e-02	-3.946987714661581714e-01	-1.159278590571367840e+00	-6.273462210876145084e-01	2.336859546141029753e+00	1.133300315867189934e+00	1.337501104144014352e+00
4.625461833695400093e-01	2.435304232352163700e-01	1.787522902759963173e-01	-1.204547843939767438e+00	-7.437154051092281781e-01	1.899684735892274601e+00	1.424515350943650116e+00	1.212209699739652979e+00
-1.064971055441167741e-01	-1.485152349300882024e+00	-6.081449908892306855e-01	-4.879047307912495191e-01	6.274041881122496278e-01	-8.217492644754642583e-01	-1.442705585573391236e+00	-1.538023339438862880e-01
7.446099389234613897e-01	-2.686968352735818466e-01	4.495314658650920170e-02	-8.435160325466556364e-02	-6.822288788593589004e-01	-8.203214556593995122e-01	5.032350367203325403e-02	-4.208944013730883671e-01
-1.829968656799168258e-01	-4.545853085822016415e-01	-8.434916287331903906e-01	-1.253716956723947229e+00	2.618832966100338999e-01	-6.474175394478198786e-01	-1.348684665376302272e+00	2.196410199371888750e-01
4.240303594113836727e-01	1.480092838833094282e+00	-2.040347786106755934e-01	-1.113229930663563572e+00	-6.864220433611927241e-01	2.784349485895190490e+00	1.188913534682622508e+00	-3.524348493623130074e-01
3.429894058399893808e-01	-5.380357883092337090e-01	2.733299548849456029e-01	-8.775621672071629575e-01	-2.016593168688445292e-01	-2.210542143842763319e-01	-1.006210239002371387e-01	-6.672665341353762880e-01
-7.002324438398171980e-02	-1.776352821172344054e+00	-6.549897059613088990e-01	-1.515836114469562568e-01	7.850077249990328188e-01	-7.991241114535839740e-01	-1.518560562693192173e+00	-1.859465755131060882e-01
-5.124937295718243746e-01	1.236883081540770257e-01	-2.621450288104978932e-01	-1.425443842422907448e+00	-8.202981466821175349e-01	1.409125688064170712e+00	9.990294486935135110e-01	1.235466501498047709e+00
-5.183524743477720964e-01	-5.418358111514693931e-01	-1.004348148813761998e+00	-1.124488339899787803e+00	2.645907626279047631e-01	-8.691342151525405235e-01	-1.513040381894988240e+00	6.368518546899477606e-01
7.760983397094765035e-01	-1.331163683003936171e+00	-3.035383658250478955e-01	5.687476715331508670e-01	6.081849988644043581e-01	1.008474253968991430e-01	-6.580962061949240383e-01	-1.028706858931818235e+00
1.545131439485265101e+00	-1.115752100304525207e+00	9.105784156532564788e-01	6.358272116507220906e-01	1.176232398452106587e+00	4.503283519859833661e-01	3.368575703293573698e-01	-4.458168575090115104e-01
1.481775188669771426e+00	-1.455760905662619453e-01	8.019982053785877918e-01	-7.295248736367916376e-01	6.837415905863617471e-01	2.704413878182219677e-01	4.120402216991065902e-01	-5.825413311250984133e-02
6.116197799847129524e-01	-5.272331026977824520e-01	2.368955878697047157e-01	4.268333303386839805e-01	-9.057812101887409151e-01	-1.154565889587591654e+00	3.015136644461617332e-01	-3.448050341330258228e-01
6.814268687897471199e-01	-1.251141383685662856e+00	7.967199588953262357e-02	-4.269005903072244923e-01	5.446129544414515244e-01	-6.058811618015315092e-01	-6.697690155888340602e-01	-4.306122855366867341e-01
8.270654977405648145e-01	-6.864372545572934303e-01	1.267188976932376310e-01	5.919836460915064297e-02	-2.534770184636718771e-01	-7.483913670928932227e-01	-1.780794944759736542e-01	-7.750843386541081959e-01
6.826654050773136584e-01	4.730930008061393077e-02	-5.822464423036607384e-01	1.523996539776498738e-01	-1.059096003674138808e+00	3.042508908216293939e+00	8.469811746369757532e-01	-3.929405904360683821e-01
1.989052600417535732e+00	-7.580162310603476561e-01	5.140776679806644545e-01	2.035168221099466379e+00	1.967049402498137756e-01	-4.640015735162349442e-01	5.054894679656629641e-01	-2.763918475097604244e-01
-4.598790219504712146e-02	-1.973418006369972444e+00	-7.274430333919765790e-01	3.224669706182080597e-01	9.410001932088318810e-01	-6.318487976419616681e-01	-1.543418385036919860e+00	-3.939367805905825137e-01
1.483680957776359222e+00	-2.532488091785228823e-01	8.956335090472727911e-01	-7.295313300154819824e-01	7.075448702969620030e-01	1.277024747598969889e-01	4.147611521209623175e-01	2.354893369863580999e-02
-6.266908244198783617e-02	-5.814485808136279354e-01	-6.377671132054492098e-01	-1.285187678632105923e+00	2.050732565516508732e-01	-8.399222235725759544e-01	-1.274883840888246578e+00	3.693400769127747063e-01
-8.031749152347657239e-02	-1.504493783404866392e+00	-8.780368222592928040e-01	-2.358241020019399004e-01	7.587916851555809306e-01	-5.362621201560664463e-01	-1.610023094105543118e+00	-3.288761652648203304e-01
8.312825520963906811e-01	3.993268056959208279e-01	-6.527874084346512173e-01	2.956049732750540282e-01	-1.044520921613755871e+00	3.310087943695839030e+00	8.663022533972163375e-01	-5.231270046386375938e-01
1.399855678434346329e+00	-3.544840459884226469e-01	7.029650723847278293e-01	-5.883033748084913750e-01	1.416513978606169788e-01	-7.039606918141498859e-01	1.429759356665654957e-01	1.288975017047561122e-01
-3.947496178097115171e-01	-2.762755829967320637e-02	-3.773518802126151761e-01	-1.278618595939973623e+00	-7.044287664793231762e-01	1.936990742050494374e+00	9.835581055688020768e-01	1.187664956709948649e+00
6.680293389642825153e-01	-1.443268451292824883e+00	-3.072522489152110237e-01	2.831169897642036304e-01	7.171007806220459635e-01	-1.682190513900652384e-01	-8.362014884833204320e-01	-8.260582406240213338e-01
-2.920295151093220062e-02	-6.293484739237734660e-01	-4.983223474871918968e-01	-1.250171508136380893e+00	1.946330792614610616e-01	-8.694273669101453272e-01	-1.171115229645525613e+00	2.461549410921856917e-01
2.021363227690605502e+00	-7.502677093449829915e-01	6.980201942624891798e-01	1.808229446143898800e+00	3.873332606227500308e-01	-3.060318867265875431e-01	6.020063544014080392e-01	-2.153095849075614687e-01
3.325355087260876696e-01	-7.627467769457377811e-01	2.193244508262049419e-01	-7.538644338990077021e-01	-7.966864541820770085e-02	-2.757707940533339341e-01	-2.074357094103787269e-01	-6.289809089400654196e-01
-1.279476223697853521e-01	-1.945100363537831223e+00	-7.860619661007437475e-01	2.848916543350212272e-01	9.034973930154539534e-01	-6.121065160676741890e-01	-1.577615460046143170e+00	-3.570821070460079572e-01
1.951936093556549512e+00	-9.453418241737523431e-01	6.192987746781436487e-01	1.969050716861766359e+00	4.478849701402645711e-01	-2.660997873781019707e-01	4.877527974163884950e-01	-3.412942437115467631e-01
9.735154169246841294e-01	-6.032653818787445665e-01	7.596952999064815470e-01	-1.032554984596625758e+00	7.632912146475900883e-01	-6.499114000075734143e-01	-1.960514239667107972e-01	6.113294075370852010e-01
1.144055339948693018e+00	1.718370766876569367e-01	-3.660438987500485575e-01	6.710186817084155819e-02	-5.985870116102240956e-01	-6.860878177786701171e-01	-1.509781555688976817e-01	-3.742314028196425113e-01
1.516182831221008609e+00	-1.276891494360056889e+00	8.103707416566287014e-01	7.326183701103232693e-01	6.588336834173922352e-01	-6.555979688996002031e-01	9.075688618244238948e-02	-5.418281784689248093e-02
1.732806345451075591e-01	-3.808233251849655887e-01	5.700458404400552404e-01	-1.167715943652204991e-01	-8.934672178383742391e-01	-9.428214560663265853e-02	8.089541118000302955e-01	-9.941286617176665619e-01
1.276516888622637902e+00	-8.253667595498160869e-01	-4.111665166982095276e-01	1.475882851288435438e+00	-2.146650777632250762e-01	-7.058850396785398829e-01	-3.809774282146373703e-01	-7.197337757285180437e-01
1.560770710407135553e+00	-1.218826855851781854e+00	1.089851265397751900e+00	9.273473063094239688e-01	1.308851588398086685e+00	5.480613200439334864e-01	5.065399940017478730e-01	-3.975212013149404533e-01
8.730016872368915326e-01	-3.828861573639901206e-01	1.413228848192892517e+00	3.726464904143416135e-01	-6.279241975592332325e-01	-1.720326559030413427e-01	1.588615835480398530e+00	-4.657174739325054547e-01
1.936646035893625495e+00	2.186925303726425518e-01	8.191139362383340616e-01	3.991025298128024756e-01	-9.170328721055305901e-03	-4.800299456518413166e-01	8.596299871531499770e-01	2.380865339732632091e-01
1.836575572546536694e+00	-2.103018426695229814e-01	1.088025804608988345e+00	3.435852504801157892e-01	6.403368593302730116e-02	-1.021863187477678903e+00	7.370225833381360836e-01	6.188109765787741523e-01
1.900751555840208606e+00	2.160632165454263454e-01	6.876340158664487889e-01	3.595196851486843759e-01	-6.513552712592647620e-02	-5.202258037849989414e-01	7.491044596116833709e-01	2.021087468075346283e-01
1.900887215640327366e+00	-8.735636179826554715e-01	3.991156997358520919e-01	1.957183598826550464e+00	2.885980739403199435e-01	-3.435664193576140057e-01	3.391086407298838923e-01	-3.986029113303060645e-01
1.815814110839406359e+00	-9.173346692437333028e-01	4.792264525618739612e-01	1.682963730959524229e+00	4.109373590522772957e-01	-2.513966824588717563e-01	3.439318216382188931e-01	-3.956246832094146848e-01
1.515247605493948990e+00	-1.121651497674781117e+00	8.180632446013696990e-01	5.873187787930171933e-01	1.134022195922907095e+00	4.191048933381539832e-01	2.451079066160975484e-01	-5.006642629640986053e-01
1.639460099045151553e+00	-1.622700892329131395e-01	1.093866204234041462e+00	-5.967657157048745775e-01	8.523429575603815866e-01	3.220803261013026053e-01	6.706320613303307088e-01	1.140447438233884447e-01
1.686416902002945806e+00	-9.098590560332912858e-02	6.592595393454236952e-01	1.771805595669443401e-01	-1.124620059863475630e-01	-8.725615244524178582e-01	4.376999456440809344e-01	2.587761193900422474e-01
1.362611431413480068e+00	-1.601604788129763757e-01	1.103525309616817829e+00	3.751930520303031757e-01	-4.245844647316101561e-01	-4.544645772169159104e-01	1.209562156837874269e+00	-1.266264838609780785e-01
4.356078256380297442e-01	-3.434774497861217690e-01	9.967392628493036699e-02	3.260293456676633950e-01	-1.011990930930883659e+00	-5.797251164901504605e-01	5.019624952474009971e-01	-4.842323375149382159e-01
7.755310631531413534e-01	-1.151539433621562747e+00	-3.233218609623443318e-01	2.925190760764406761e-01	6.181895861498920564e-01	1.212022540080290867e-01	-6.716650233354409805e-01	-1.007291595075915147e+00
7.424827918168774854e-01	-3.300294859809075332e-01	6.220793306846517101e-01	-1.005762547549241992e+00	7.615568063883737526e-02	-2.442099390119885083e-01	3.786471850920569704e-02	-7.327610100970455287e-01
1.283017384351222034e+00	1.224920562548922121e+00	1.413482657400742415e+00	-1.006658109526038652e-01	-7.106750964251201674e-01	2.333007802974579104e+00	2.469039633870599104e+00	-2.564749430313036371e-01
1.237299010429981916e+00	-7.966777507764450927e-01	-4.448700367922177601e-01	1.247214071614585640e+00	-1.428842532748171024e-01	-5.945983230601299407e-01	-4.331065863037481534e-01	-7.154548731736531941e-01
-3.179474362689652667e-01	-1.635359632340761982e+00	-1.218959428892144148e+00	1.785750332443313271e-01	9.560944465411032045e-01	-3.750778423374092618e-01	-1.842860698236946870e+00	-2.611962082796186468e-01
8.199568653119069239e-01	-1.074264086124650797e-01	-2.783740206730062616e-01	-9.849130379852599759e-01	9.518591937867762476e-02	-1.307069174539750170e-03	-4.858953210498967445e-01	-5.846957559866812204e-01
-2.399060282859109827e-02	-6.817207990792863992e-01	-4.515053612091846080e-01	-1.248702272734917296e+00	2.390143325561217003e-01	-9.043185336978493138e-01	-1.146677914211274629e+00	3.051362139717318511e-01
1.921754124132784680e+00	-7.011670425527303241e-01	4.374348201784691859e-01	1.779764743562387341e+00	1.674659017162213326e-01	-4.591898378253266300e-01	4.193245982753953105e-01	-3.014743910654114067e-01
1.272885399332444711e+00	-9.005902151852966941e-01	-4.754313587132056318e-01	1.667136343570610357e+00	-1.713575807053920319e-01	-6.514203629723213096e-01	-4.149702854158958121e-01	-7.272765756634769208e-01
3.186090587556962561e-02	-1.633058969466176569e+00	-8.026266249103651829e-01	1.813387800115755233e-02	8.512633767804631546e-01	-4.651713830003154637e-01	-1.514244157324180495e+00	-4.444585410983258322e-01
4.414030232556015454e-03	-1.592515259926290394e+00	-5.439351738034877703e-01	-3.069990974740506307e-01	6.769404620763035396e-01	-7.445218803507003269e-01	-1.370331004342687509e+00	-3.012985777065911863e-01
1.169835494835548273e+00	-8.641171252156432114e-01	-4.579853383488705076e-01	1.158575028547218055e+00	-3.970616663784272415e-02	-4.960059305176954259e-01	-4.882338823771162351e-01	-7.556529821182402795e-01
1.787983957140557356e+00	-6.751858720649460688e-01	5.093101327666785805e-01	9.860715110511609760e-01	3.905071211692325295e-01	-2.224953488035123772e-01	3.317622161248663382e-01	-3.196330656624633004e-01
1.978908015004514409e+00	-6.559580133354538933e-01	6.147288219314948066e-01	1.641787171113820998e+00	2.002619333148605851e-01	-5.469290857211930312e-01	5.249761943116102447e-01	-1.470460745170835692e-01
-2.255347323215157740e-01	-6.135983479489535153e-01	5.342974152767187013e-01	-4.608581639329109580e-01	-6.423179333432309512e-01	5.196483486929289741e-01	7.436860347132506766e-01	-8.014720507017766282e-01
1.237123035205154764e+00	-9.730205353043811511e-01	-4.488019487340842439e-01	1.521935142718233047e+00	-6.816402837784400759e-02	-5.629884016801265378e-01	-4.583455842757805931e-01	-7.924922103762581660e-01
1.665883948331681852e+00	-1.261800055790219255e-01	1.059115855678708806e+00	-6.444246866886925718e-01	7.846293546758402737e-01	3.427708277655885372e-01	6.617037011195613383e-01	8.771652757957640323e-02
1.044467865682293661e+00	4.510385924593282581e-02	-2.994280071210569383e-01	-2.666131510459958109e-01	-3.838015783741078879e-01	-5.408724020668899124e-01	-2.430875312539471367e-01	-4.157996877080559206e-01
8.422384980643502495e-01	-1.329897938702290228e+00	-3.550377119680966920e-01	6.290754986054802878e-01	6.777589573652380572e-01	9.225781712855232741e-02	-7.233046306029374817e-01	-1.029654775747071760e+00
-4.657197142027558190e-01	-1.557952833744541632e+00	-1.352476481183525037e+00	1.689591482117433485e-01	1.069764225477480846e+00	-3.188727186139966863e-01	-1.934373968501217567e+00	-1.921986158614364115e-01
1.470245910101926512e+00	-1.048844404704434297e+00	8.254994048837724918e-01	4.892185152121700797e-01	1.182799759584630683e+00	4.549000816328557240e-01	2.756305333958833925e-01	-4.152147953434493499e-01
2.072045550658566881e+00	-6.863898122198679452e-01	5.473584576854679806e-01	2.033553228643269595e+00	1.690631308193947802e-01	-4.328967925497083091e-01	5.601671351724433201e-01	-2.667367712827528048e-01
8.975551729756894304e-01	-6.609595162689614334e-01	6.979590753300485284e-01	-1.045260527166689934e+00	3.874261315127432437e-01	-6.789161398322481888e-01	-1.799545788198831375e-01	-6.428092432583226712e-02
1.517845057705285550e+00	-2.607405301460504199e-01	1.024548825957447340e+00	2.556648421004177607e-02	-1.001214378727119381e-01	-7.994267570567615833e-01	7.636802595975392682e-01	3.228105891267348260e-01
-3.655086424702126968e-01	-5.923197646393524307e-01	-6.759903239061180180e-01	-1.295296420883541355e+00	1.887563359978188249e-01	-1.056427875149999140e+00	-1.329127327174191686e+00	5.636509786938840305e-01
1.939701965126483518e+00	2.378470012018835400e-01	6.886676595291182368e-01	5.994474688279917141e-01	-1.426650902716905533e-01	-6.334690038757500030e-01	8.096981474999838113e-01	2.241194852376450775e-01
7.526792116547106337e-01	-7.907059549243038443e-01	1.221662929277406606e+00	-5.797395054938945247e-01	2.418271748494816298e-01	1.725681220530168175e-02	6.915314577704121390e-01	-4.629034186333941259e-01
1.787764670798154265e+00	-1.061245768740988193e+00	6.427572642230704458e-01	1.433205788352118537e+00	3.401136062091644763e-01	-7.877093381222631807e-01	2.296243748899473580e-01	-7.342358407387017394e-02
1.819643676350504169e+00	2.496125411701185237e-01	3.945954264593276584e-01	5.208557674229250534e-01	-2.877391816123399115e-01	-6.905072029886326623e-01	5.683773627201669232e-01	7.656758495242146911e-02
6.459534628864413985e-01	-6.497452774394848474e-01	9.362957562800895694e-02	-1.086561296295113221e+00	1.663154741047456753e-01	-7.553547068301370571e-01	-5.706817022809163031e-01	-1.469726566228823361e-01
7.056142365938633532e-01	-8.417638958770748969e-01	1.148602393276106248e+00	-4.931568206863634618e-01	1.596090789951455369e-01	1.807616070065832803e-01	7.494452238397335542e-01	-3.851963505509836683e-01
1.752653935359488324e+00	-2.527184007872102511e-01	1.063475535761722490e+00	1.561361770884551081e+00	-2.357562520041012188e-01	2.801390763160470643e-01	1.451676749351170859e+00	-2.656275422507399786e-01
1.301159988833535008e+00	-9.382685198832436679e-01	-4.846883512733611843e-01	1.807171161842492380e+00	-1.843175843794866986e-01	-6.895180081608814904e-01	-4.099043895848764607e-01	-7.083472671728008319e-01
1.557221878682098826e+00	-1.731175849014876811e-01	9.981040767469612218e-01	-6.456732867085368532e-01	8.288734332714415842e-01	3.328945404843627331e-01	5.876122045935219251e-01	4.444574825674524332e-02
8.096093335174014971e-01	-1.121923271360588226e+00	-2.896248700312521462e-01	4.152223584904345399e-01	5.378419745705587118e-01	1.487728526775303761e-01	-6.351315927768843572e-01	-1.128042890799079823e+00
-1.314685105506988860e-01	1.447335866302489615e-01	-5.240142142990452667e-01	-1.384811175131006156e+00	-5.284874595329503988e-01	2.089492441332304828e+00	7.000741303829048912e-01	9.665592333521431101e-01
1.806645338738947615e+00	1.526169553532965850e-01	6.511340062510204696e-01	1.896635098200404879e-01	-4.539447664515911668e-02	-4.674033797901757659e-01	6.688661009990928275e-01	9.533205473432690424e-02
1.866083651598934967e+00	-7.495866948304794608e-01	5.675228274629035008e-01	1.585976620833416506e+00	2.196415373277075811e-01	-3.136685448836127321e-01	5.279054484517511359e-01	-2.597581528577248000e-01
1.810553290119921277e+00	-1.073015852726023178e+00	4.893012945284645476e-01	1.988139188444870475e+00	4.151214044894985800e-01	-2.131150855427287882e-01	3.730815898269373987e-01	-4.304798222360475823e-01
1.577315335869899027e+00	-1.647567867443162359e-01	1.100557954704222352e+00	-5.980660453061594772e-01	9.128263783926056085e-01	3.686458099838976765e-01	6.794786467764933890e-01	1.011929027978897000e-01
6.316214145871638097e-01	4.954109373905083435e-01	-5.746226718797109445e-01	3.855764254219363751e-01	-7.084373315096420543e-01	2.850484141526077764e+00	5.649799779810480427e-01	-8.655571480793246009e-01
5.540155340402037609e-01	-1.690328393041981903e+00	-8.306912835927759975e-02	-2.818135210056076437e-02	7.141800226937489171e-01	-6.698369014077667494e-01	-9.107428492311040458e-01	-5.156119833164249933e-01
1.309946247752961090e+00	-7.073876104860736813e-01	-4.650426264448434543e-01	1.467011705979036629e+00	-2.749958347209269793e-01	-7.068605331327911800e-01	-3.623225152061937404e-01	-6.528423592663450403e-01
8.274751338728886241e-01	-4.945106979656438417e-01	-3.502481725321929685e-03	-6.971074811904229285e-02	-5.164591872833411701e-01	-1.677199798914912998e+00	-3.363222707248676446e-01	3.122993340831952680e-01
1.180555872076849866e+00	-1.373156095573467406e+00	-4.507157356549389982e-01	2.011247939091580506e+00	1.783527190370166604e-01	-4.379078249424412372e-01	-5.316567066061467228e-01	-9.164152466585310242e-01
6.524892195734526279e-01	5.447408525160071235e-01	6.119410508605294119e-01	-1.062955182896141215e+00	-3.753531674941038565e-01	2.079136738354899983e+00	1.766799893763082441e+00	1.403115220587512368e+00
1.742858752508035680e+00	2.701249136671027840e-01	4.505890157073222935e-01	3.352929604523078311e-01	-2.222291861413516756e-01	-6.203917936174264680e-01	5.841094827838564374e-01	8.875966435071475091e-02
5.365828099324422285e-01	-7.304240995545746573e-01	1.644444942052927017e+00	-1.549140303270838959e-01	-1.273932296619496307e-01	7.789789602902829069e-01	1.638943284528265210e+00	-3.642127138065082148e-01
1.803388538741526270e+00	-5.201223370824306080e-01	2.672615991297219717e-01	1.343333784894033878e+00	1.681807677266100587e-02	-4.993229120733129744e-01	2.862028685895497970e-01	-3.181741527952651749e-01
3.610611555328991917e-01	1.937049826475905345e-01	-6.785053186815830362e-01	2.811558510378727727e-01	-5.554217964140458763e-01	3.728104912068638477e+00	9.718234094587138161e-01	-9.767287256631257408e-02
3.011098520308243265e-02	-1.648238954124518152e+00	-7.381021846514423945e-01	-6.564269823207394272e-02	8.192030275844757181e-01	-5.574907946094069811e-01	-1.499888412313227670e+00	-3.963387087555129140e-01
1.241605634342935138e+00	-1.074571542031824256e+00	-4.724587084115809965e-01	1.695831668965935846e+00	-2.073368408825416315e-02	-5.510126589518734574e-01	-4.854546532009255122e-01	-7.955786599479873766e-01
1.790039600491967198e+00	2.182673455109362115e-01	4.637828673240514399e-01	4.420970695392999472e-01	-2.302938155052940694e-01	-6.522334076224126642e-01	5.938007623730698903e-01	6.299203832457525576e-02
1.574247043380700761e+00	-1.669039238165001271e-01	9.851476255201120358e-01	-6.504920896878595427e-01	7.694142604438551913e-01	3.157715996746341403e-01	5.782740595487774193e-01	2.737619509614042101e-04
2.009889354058725264e+00	1.858644924027167133e-01	9.397771778730240610e-01	5.368469565470126437e-01	1.111041796825840144e-02	-5.177878597097058666e-01	9.644193840209865920e-01	3.056258777412061423e-01
7.378821161158374276e-01	4.542172006556229880e-01	-7.500307618252693986e-01	-3.633194294781095374e-02	-7.007077832785983951e-01	3.500649331267925213e+00	7.604337140929305905e-01	-2.733186050291113722e-01
1.091771786257342169e+00	-3.814837216116223062e-01	9.017717946204263368e-01	3.224086396364049256e-01	-4.992247499900459018e-01	-5.054581785619201018e-01	9.837864351763857540e-01	-2.357171579012436458e-01
-1.449854397248967475e-02	1.591483467043825206e-01	-5.811729421191903500e-01	-1.428673871395013339e+00	-4.848456865354819345e-01	2.343684778978730066e+00	7.358247279981435796e-01	1.130567480009354142e+00
-5.051040764289508322e-01	2.786555572847811968e-01	3.357544314703396759e-01	-4.160023779798607824e-01	-3.686544592223845451e-01	2.390646237742249269e+00	1.426697076979539514e+00	-5.312235532153859463e-01
-4.396086989705846326e-01	2.348759910137882267e-01	-2.125853857038264849e-01	-1.479081493685925563e+00	-9.252408032220404976e-01	1.087294595665982966e+00	9.544478606268018694e-01	1.147476017220704358e+00
1.220160712837697226e+00	-1.365669543936240071e+00	4.946127658512953773e-01	4.682229669732699273e-01	1.139906370880797937e+00	1.477134538674370612e-01	-1.865844069381951131e-01	-5.489801032543993875e-01
2.032116211169972431e+00	-1.033547736695316743e+00	7.211184743065842673e-01	2.331189744921101870e+00	5.437325697373511790e-01	-2.212632764822788367e-01	5.866490617609305680e-01	-3.172359023986071613e-01
8.082885371583322653e-01	-1.180418051103328425e+00	-3.354602154079729948e-01	3.515343007842077760e-01	5.987961086086255325e-01	9.309552875120108428e-02	-6.906425010598171710e-01	-1.021649874896301213e+00
1.355897116509965583e+00	1.961498520811252866e-02	1.151740770971211525e+00	-5.570481359586902936e-01	1.009061262221304878e+00	5.836115268790432742e-01	7.884197469076795750e-01	1.618071716719814424e-01
1.920614348755478984e+00	2.071443972228194930e-01	7.207057860425749585e-01	4.311766868085848969e-01	-7.738342033169631762e-02	-5.548954110866775036e-01	7.879177672093007345e-01	1.995072374084742028e-01
1.716603204752944700e+00	-1.270829983761583293e-01	1.255260475869826031e+00	-4.895479198013223954e-01	9.479329385946386743e-01	3.651611690223389717e-01	8.127711748092767419e-01	2.215211954679865147e-01
7.919939440873511316e-01	-8.538661977547986615e-01	9.241464465191635558e-01	-7.081831427702687254e-01	3.639440862648705144e-01	-3.117225556605774939e-01	1.601305754727527231e-01	-4.302976638621117123e-01
7.194123923620202588e-01	-3.166962766084162051e-01	-2.086972668369297679e-01	-1.105663383060483840e+00	1.369732123132553769e-01	-3.017004790311739737e-01	-6.041021728638431565e-01	-3.667438437763994030e-01
-1.832160067599642450e-01	-1.825036631422131572e+00	-7.184019213378113333e-01	5.349919185824100754e-02	6.678033790895163690e-01	-5.569488827865346492e-01	-1.406343300836519372e+00	-2.803965438250440312e-01
6.858067157865734009e-02	-1.817887669383404514e+00	-6.206552522479368283e-01	5.524406330620015848e-02	8.988345956012242510e-01	-5.970760902388375646e-01	-1.430058690897442641e+00	-3.923240757919829180e-01
1.189308845544692295e+00	1.012270339228434235e+00	8.449782039819033752e-01	1.070717895668909625e+00	-1.048725804798956718e+00	2.758212452753496358e+00	2.363248965202497054e+00	-5.215302845168479084e-01
1.791737700844464820e+00	-1.243523172251499442e+00	5.691558218109274980e-01	1.918115950371844791e+00	7.316395375012834101e-01	-3.313772753463563314e-02	2.873245989694859226e-01	-5.129606518843448093e-01
6.764776235577021346e-01	-1.603316394443363047e+00	-4.260290127093186996e-01	6.119219467787615496e-01	7.684849536718645346e-01	-1.193885392203849205e-01	-9.498691786665366399e-01	-8.795401445691403142e-01
7.942439652690795882e-01	-1.229699673118267222e+00	-2.741774659539365500e-01	4.272584914603456685e-01	6.068310267824019721e-01	7.693492384417402463e-02	-6.515375635385431963e-01	-1.083726961773158859e+00
-1.567407719004313138e-01	-4.268139132852614148e-01	-8.308530754290873732e-01	-1.235227024738889678e+00	2.325251090581937352e-01	-5.920787768800392925e-01	-1.321846918801023119e+00	1.256112577015119081e-01
8.566060352669732092e-01	-3.438869908190115288e-01	1.916912839498807752e-02	4.417561503046216198e-02	-6.676955992847291022e-01	-1.214141991314819258e+00	-6.842184529763054024e-02	-1.102252044293618310e-01
1.529939843178680148e+00	-1.661228268225212468e-01	8.836439664273195715e-01	-6.854948344965950957e-01	7.319971576799111368e-01	2.925303462527409359e-01	4.829134085411483368e-01	-2.975461532852650623e-02
2.014343175448549239e+00	3.618418967587134771e-01	8.140904805538503597e-01	8.585203187844111516e-01	-2.134396624653630559e-01	-7.136683537090809937e-01	1.011399065041748369e+00	3.764805096022134090e-01
1.949452188770248284e+00	2.909743534559269262e-01	5.462957993967911818e-01	9.232807018341545602e-01	-3.250840617834059865e-01	-8.372342053602732648e-01	7.817194825407907111e-01	2.539039619767444744e-01
7.740137206408399528e-01	-1.170750395174753100e+00	-2.906793139854661479e-01	3.295006477760250574e-01	5.987632437656695839e-01	9.694431132594011347e-02	-6.483562345352172906e-01	-1.038676164164991977e+00
1.383836750574339636e+00	5.907250096039678988e-01	6.212622051341613050e-01	-9.464793744187729452e-01	-5.857089525625333026e-01	2.080065457920153627e+00	1.663564083195125942e+00	1.005979537700883331e+00
1.900695087991541854e+00	2.266274587351630176e-01	8.479212845686536770e-01	3.538965493346035718e-01	-2.561551256068225410e-02	-4.905846025206106464e-01	8.854871013321521378e-01	1.951037057019237853e-01
1.831988406291485960e+00	1.391093394705022745e-01	8.219926548831795188e-01	3.624989006867077035e-02	1.152729554081591834e-01	-2.993226090611940671e-01	7.642084233354904388e-01	1.119572151697170170e-01
1.736619143596830561e+00	-8.904773287837357554e-01	1.632372904950265546e-01	1.770744718233940640e+00	1.648787659746409062e-01	-4.315772359681744330e-01	1.241369766300389199e-01	-4.915439000059552144e-01
1.832223438931656290e+00	-1.022087433175671078e+00	3.036845468828854866e-01	1.833256471639296281e+00	3.801978243434495641e-01	-2.566295297251534602e-01	1.801131362954137838e-01	-4.848777721851667000e-01
-2.483312207416914774e-01	-1.417942015723943516e+00	-1.132639551341684925e+00	-1.864325930269887799e-01	9.026296784100900084e-01	-3.641706765705998716e-01	-1.760547390911191057e+00	-2.531398844380683411e-01
-4.712119772497433967e-01	8.053657700978664180e-02	-1.720186223131374703e-01	-1.368218632782141952e+00	-1.131433161908691698e+00	1.127286490953484765e+00	1.117351291075454833e+00	1.227666203620877194e+00
1.043588715784695253e+00	1.867178041786486664e-01	-3.098214510389835086e-01	-2.385479699006331777e-01	-4.912788477833761047e-01	-5.873242111242570340e-01	-1.732511961369571918e-01	-3.617082672313075564e-01
1.936727082609097872e+00	2.166647421423901487e-01	7.956556303467633429e-01	4.670214770935547932e-01	-6.115599213751224394e-02	-5.429675396467258386e-01	8.583042259098657700e-01	2.082893267856379127e-01
7.025526781119906250e-01	-5.278488925101582074e-01	1.577932688373711700e+00	-2.473557188597692025e-01	4.003782045858744754e-03	8.369573018912865869e-01	1.477059883611670177e+00	-6.390294149309106997e-01
8.223644639210939689e-01	-1.271809623109519949e-01	-2.194806487077001766e-01	-9.927131483707885007e-01	6.163619579279172589e-02	-7.109828257416435371e-02	-4.825243965651895284e-01	-5.858939583929978490e-01
-1.064709021844764680e-01	-3.386308374930820375e-01	6.634967623101736267e-01	-4.202081306935546157e-01	-7.603635252906499886e-01	6.679695144933374129e-01	8.849032221441009982e-01	-1.148234317250696135e+00
1.248617877486715599e+00	-7.966627840493567536e-01	-4.125781949872321941e-01	1.291894569851512964e+00	-1.640278507577054012e-01	-5.783063473467424664e-01	-3.958965816618399414e-01	-7.847908395570418749e-01
-1.930791073885187170e-01	-1.780035349951516688e+00	-9.786078212305824309e-01	2.202051313688566658e-01	8.646618797555034597e-01	-5.795304518045176767e-01	-1.685282173006799056e+00	-2.942941502203211268e-01
-2.086631366053706416e-01	-6.329072831061148818e-01	-6.161872500285515697e-01	-1.253304625688177687e+00	2.124647485607754072e-01	-9.864368775542885492e-01	-1.280377121194346435e+00	4.765530827247778101e-01
2.111372773075760989e+00	-8.577078622078772030e-01	8.621370790198071843e-01	1.968253461885879352e+00	5.248171858191994499e-01	-2.038490278342902640e-01	7.154249856353749326e-01	-2.177795366142260547e-01
1.502661862515183522e+00	-1.382573974539165473e-01	8.201381558654647908e-01	-7.274110238063159484e-01	7.486805519236046091e-01	3.212008483576159201e-01	4.307232437122592850e-01	-8.981883657604504238e-04
1.255130922681286343e+00	-8.827360424983099474e-01	-4.917589863452314081e-01	1.522742077040329045e+00	-1.403113282516087745e-01	-6.154509969048406193e-01	-4.545703350566726031e-01	-7.311203134565871231e-01
1.881108963314717109e+00	1.376101681429131862e-01	8.443073590329105427e-01	2.007627571377147979e-01	8.111385121615133365e-02	-3.930709010893901900e-01	8.223265597268067939e-01	2.007398666500088136e-01
1.636872326306589631e+00	-1.620007513129408383e-01	1.091146935294883491e+00	-5.994115081696259617e-01	8.474114927809828224e-01	3.218221796772215981e-01	6.685817500191604257e-01	1.066560053039174172e-01
1.245927738793945805e+00	-9.763536148537094173e-01	-4.721040727043418483e-01	1.577531195208489834e+00	-7.712361528952207945e-02	-5.783253362056872682e-01	-4.685396687836574370e-01	-7.722467994563725346e-01
1.378792130343240441e+00	-2.894660295752623513e-01	1.021881519911187031e+00	-8.576555824377720683e-01	9.250929722383953724e-01	-1.154745063498321400e-01	3.325559482066430261e-01	4.638691569849447971e-01
-5.522494427889292901e-01	-1.581786204759765280e-01	-3.300030125715135987e-01	-1.165646909837581680e+00	-6.449900421992271760e-01	1.908289223187388695e+00	1.037099039215345631e+00	1.230104908631859395e+00
1.919730698077047881e-01	1.138851508903628185e+00	-2.172692424050401139e-01	-4.709086169801546817e-01	-7.661473187159003606e-01	2.579341130558887141e+00	1.133229177629210938e+00	-4.354850538077869038e-01
1.195076509053338398e+00	-9.423700483828176822e-01	-5.274437423301565619e-01	1.418867831864136342e+00	-5.498612896821453155e-02	-5.144903753017170400e-01	-5.384903455304843600e-01	-7.874602464001339008e-01
1.868036755694197915e+00	-1.008014481954012442e+00	7.997139384917217875e-01	1.456314321224805308e+00	7.698773333966293375e-01	6.022101783937650749e-02	4.948185152127811404e-01	-3.596874230380766035e-01
1.087096369385888439e-01	7.855129358570613896e-01	-4.317641852179916473e-01	-1.656436703061635818e+00	-9.146753469680586335e-01	1.679184226238904287e+00	8.106395715388452494e-01	8.532183278470871768e-01
1.227966842121450464e+00	-1.120422472579423179e+00	-4.694539676274940843e-01	1.723165607172089331e+00	-2.921769951466817936e-03	-5.376918518358519972e-01	-4.933414513475299912e-01	-8.051738305688116437e-01
1.721809752178375064e+00	-5.199969273942832704e-01	1.264887942425911183e+00	5.816991099591608538e-01	1.165651032298046785e-01	-8.319191634062874652e-01	8.529929703811307551e-01	1.864909944126730279e-01
1.989993299763035184e+00	2.847169489066300185e-01	7.272490632183193915e-01	7.965602013361600120e-01	-2.095462059467571858e-01	-7.056568826585420950e-01	8.962947337390275715e-01	2.458342560088924156e-01
1.791383128619462806e+00	-1.139416414497662178e+00	5.708868780961806610e-01	1.741112325211669365e+00	4.425838821814323532e-01	-5.397027350487777486e-01	2.525085808758217309e-01	-2.479547193020248674e-01
3.833348819998677603e-01	-6.566968349615491807e-01	3.349141011311009830e-01	-1.015464042488363416e+00	-1.422679541492194721e-01	-5.204269409650074119e-01	-2.137110045223190591e-01	-4.263763823246985440e-01
3.755972399204529633e-01	1.026614981284770800e-02	-4.129092011156762498e-01	-1.380076176387284637e+00	-9.740839810439801960e-01	1.720040463554791010e+00	6.981777437988185842e-01	7.668397544446380332e-01
-2.214753247535760153e-02	5.361989277693857137e-02	5.831232286240435325e-01	-3.887917871386067370e-01	-8.463285885691694821e-01	1.023661305585090275e+00	9.741979906146283064e-01	-1.296690599192663607e+00
2.171049167264845203e-01	-8.952749270708820761e-02	-5.250273931987970988e-01	4.189678434312023025e-01	-7.036394856045047330e-01	3.144416863761914094e+00	8.811802943884289308e-01	-3.665839261122940118e-01
1.051736415688006687e+00	3.253887947532950742e-01	-6.678839508444810447e-01	-1.834042733592215202e-01	-1.170659965884696341e+00	2.932018578893434757e+00	7.064143249281876757e-01	-4.111945352942013021e-01
1.253280660500960320e+00	-9.326667984736867201e-01	-4.777547193489573574e-01	1.546659405310625734e+00	-1.057042740846616119e-01	-5.956031184615669938e-01	-4.597297232481760698e-01	-7.518867551964981688e-01
1.222571065798736756e+00	-1.181110256914510881e+00	-4.467916838704841798e-01	1.707708681794411820e+00	3.001112510621972707e-02	-5.872113611310786352e-01	-5.223517122780498845e-01	-7.797845406923689104e-01
1.199461923051836632e+00	1.664898780534309897e-01	-3.763826762070203169e-01	1.747908725423815146e-01	-6.192606860784132250e-01	-7.217961497211581312e-01	-1.373885483997693835e-01	-3.361411355698336045e-01
1.245956179786120721e+00	-9.768784615196536292e-01	-4.554378422643205471e-01	1.528412768700837754e+00	-6.491839005793159645e-02	-5.589195777431080758e-01	-4.642483038708234977e-01	-7.887033086690853345e-01
8.115561030422514532e-01	-1.185684695501489361e-01	-2.662115214742767910e-01	-9.778664649435871992e-01	9.909295042215515714e-02	-1.156082444853394689e-02	-4.792295110457533425e-01	-5.850182603367665157e-01
-2.112179736957057186e-01	-1.588797800368206614e+00	-9.904261411982738794e-01	2.641419868720486230e-02	8.860857549677803036e-01	-3.344352687057196571e-01	-1.614460607979998574e+00	-3.797345778149584516e-01
-4.775013435198512818e-02	-1.499451232650797605e+00	-8.791873013832923744e-01	-1.644406302844562406e-01	7.668961383809889121e-01	-5.301085066166686399e-01	-1.585584183723888874e+00	-3.019847514534679811e-01
6.017891178451266754e-01	-4.342429406302117934e-01	1.607570184760232501e-01	-1.090823435751240078e+00	5.355055750016851634e-03	-4.873550985848624784e-01	-3.636919080232624002e-01	-4.676016187266782698e-01
8.291864272140295755e-01	2.877205248288854378e-01	1.375253345619684486e+00	5.108447674187565068e-01	-4.648356369869339755e-01	2.699578829526251944e+00	2.392211429210112872e+00	-1.761680413482843433e-01
-6.030541233825950087e-01	-1.588626037142931990e-01	-2.980854063550001376e-01	-1.175626551139354659e+00	-5.009362160233746808e-01	1.692702071124631447e+00	8.950534851862783636e-01	1.059440419115643017e+00
1.986061095800599974e+00	-9.284313024708613638e-01	8.577257529227702015e-01	1.807004029681876123e+00	5.046726800916074840e-01	-3.100788830262547480e-01	6.370483291483513000e-01	-2.026947687737152004e-01
7.637218029905658012e-01	-6.950420910347876458e-02	-2.742272931880735953e-01	-1.018682968522600651e+00	9.001931720265241021e-02	-1.614893750758519472e-02	-4.776874963255544060e-01	-5.641137196575839452e-01
1.876696908879013082e+00	1.985065629465987691e-01	8.058420196214118869e-01	2.487071534145876284e-01	-2.575177225770108533e-02	-4.750552518279536618e-01	8.142994287529820019e-01	1.237647640266989757e-01
1.423919756874105325e+00	-1.184656499598174539e+00	5.488998010019057183e-01	5.830625091228238688e-01	1.024233111928327222e+00	4.015172794837999493e-01	2.475078991639648174e-02	-5.657785655516889278e-01
-9.406590323940543230e-02	-1.533453613015699490e-01	-2.888487896736232075e-01	5.129849477369730071e-01	-6.618167346680108309e-01	2.562858152334436035e+00	9.044583825794234588e-01	-5.369652716282844462e-01
1.110675350048005328e+00	-7.950607576327154424e-01	-4.981455495313633630e-01	1.059646976796099205e+00	-2.607121726264129413e-01	-9.366616258334605760e-01	-5.758186268544542852e-01	-4.566451467774542694e-01
-2.237471307034449852e-01	-3.299344040491795915e-02	-4.127406432228352129e-01	-1.333232309036795238e+00	-9.856122213276289346e-01	1.903192743299072953e+00	1.023421143068981465e+00	1.263324999366134627e+00
1.855204303870696236e+00	-8.957747307950416626e-01	5.276302229446117042e-01	1.708322371587922550e+00	4.277939126620367571e-01	-2.560638634827345772e-01	3.944011569849021903e-01	-3.574886857179531141e-01
1.880359676407608926e+00	2.289233707254716699e-01	6.557040903837048074e-01	4.847038073506781952e-01	-1.559270372860638021e-01	-6.184700536592533382e-01	7.553194344683151762e-01	1.482660761540963157e-01
1.902109158777690823e+00	-9.423459861222504008e-01	5.134520976037632023e-01	1.957330934307603743e+00	4.131015912885980801e-01	-2.374915935850519522e-01	4.020071122339241021e-01	-4.142906781266144089e-01
1.575369013723841416e+00	7.785230170986909282e-02	3.482978308784817623e-01	-9.589536829713112519e-04	-1.087618947388648838e-01	-6.789834391949653991e-01	2.673223744798920443e-01	1.751005881493041816e-01
9.796377224548706852e-01	2.281985573540013246e-01	2.729699573617845876e-01	-4.612962462051131696e-01	-4.233021364339262238e-01	-4.107956146276715570e-01	1.876657505719610264e-01	-9.848032403295191584e-01
1.510129497082747907e+00	-1.168405398170996534e+00	7.930641437330726573e-01	6.929764999935548175e-01	1.208513911347273151e+00	4.632855486215033958e-01	2.178673431877753974e-01	-4.756160688496214872e-01
-1.076705533162419376e-01	-6.317863028169032891e-01	6.900280904397643189e-01	-5.080504820777644870e-01	-5.867030223631144459e-01	3.111983612329741189e-01	7.020940996909242893e-01	-9.980563981424374065e-01
8.028607238746900965e-01	-1.126727005187945219e-01	-2.666393676307156624e-01	-9.732959854141661760e-01	1.088489127209039120e-01	-1.472172351083503479e-02	-4.816604716571271649e-01	-5.930334005275866849e-01
7.155797699372699050e-01	-1.009250379357740091e+00	-2.355055352904993349e-01	-1.221791198126329636e-01	4.687255547992716376e-01	-7.653003455059889659e-02	-6.534302664253847093e-01	-9.207090160625752695e-01
1.879259183726656124e+00	1.796001418652161952e-01	7.487056175695361304e-01	3.073733381259746156e-01	1.081438188137195944e-02	-4.535130421360509811e-01	7.857344030146046210e-01	1.988304646606511572e-01
1.975756847365268465e+00	2.341548359548810965e-01	8.206299247494103222e-01	5.406629299141940681e-01	-6.194167004292366191e-02	-4.982883941019810026e-01	8.950573147644921290e-01	2.026076527936637728e-01
1.284449350159558634e+00	-1.511036490950491862e+00	8.774309704096124873e-01	3.411681340948174990e-01	1.216978511632230697e+00	-1.357387757913630366e-01	-3.992843025843539201e-02	-2.308779048732208516e-01
1.882901138691872589e+00	2.156559984266535890e-01	6.889529772800757623e-01	3.547539890892170700e-01	-7.672732649970841201e-02	-5.004010789600302767e-01	7.465034647479280583e-01	1.289645540156959536e-01
-1.876862589390518310e-01	-4.896791968019894026e-01	-7.790909934699251638e-01	-1.260710849021945412e+00	3.099398755709373288e-01	-6.572606258284865444e-01	-1.316711326891788492e+00	2.443229329374564940e-01
1.917112823554419920e+00	-7.933537923758129384e-01	5.132545753117481180e-01	1.786368091921737511e+00	2.869475420210174654e-01	-3.728938470403286853e-01	4.396177118887262258e-01	-3.175105199376082599e-01
8.108148554960561416e-01	-1.237917469805257520e+00	-3.520935884091970780e-01	4.858697516433553298e-01	6.528338311036618880e-01	1.318562498422108653e-01	-7.025697741196840207e-01	-1.019680258645765614e+00
1.869469150313755268e+00	1.449419102165097895e-01	8.492723487418978312e-01	1.088312860053240183e-01	9.349337355989739695e-02	-3.736545130289969374e-01	8.010875877612729790e-01	1.522826152900519370e-01
1.264419675189297765e+00	-1.321129451446885206e+00	9.387794905446175120e-01	-1.374018021936516953e-01	1.018113305696612736e+00	-3.351867225157179608e-01	-2.632014831909851998e-02	-1.328211670613628770e-01
1.257152432129877262e+00	-9.275240013798680128e-01	-4.232520655682414645e-01	1.495323376619903000e+00	-1.615349566476833865e-01	-7.352276929146951412e-01	-4.331570012528101477e-01	-6.554957807411380122e-01
1.673113853922683747e+00	1.739883095866975593e-01	3.492879352172073570e-01	2.120207375347953616e-01	-2.131270014797591039e-01	-5.705426425431929793e-01	4.439534709365539067e-01	-3.955251268079266330e-02
1.530502537061034563e+00	-1.210019362764260809e+00	9.824700697785698766e-01	7.013340023914421684e-01	1.185846743082796584e+00	3.782578394436152402e-01	3.440467820494114148e-01	-4.356444682001489044e-01
-9.012708861740016397e-01	-1.510095699740742481e-01	-2.442867666802996940e-01	-9.939420797360205562e-01	-3.200681241380807784e-01	1.743504841085972812e+00	1.003151655141417020e+00	1.146334041334280851e+00
-3.353785728997913385e-01	-5.451303589954786810e-01	-8.792886294523800661e-01	-1.267869435249584287e+00	2.996941438348921793e-01	-8.349559157402021148e-01	-1.447500533483482510e+00	6.000870445631130146e-01
2.038750869769797358e+00	-5.099069345961123600e-01	7.647405425808764257e-01	1.414267509452073135e+00	3.017321985614918600e-01	-3.573485364040386303e-01	6.831730732472576229e-01	-1.157375568735352356e-01
5.880829662817441683e-01	-3.363514244562714611e-02	5.784374358429168472e-01	1.108525877415845295e+00	-1.604147479323146386e-01	3.080163436629622886e+00	1.680504111413755108e+00	-3.836009410565541788e-01
8.652316826272921091e-01	7.966525648613494992e-01	1.329400273170056046e+00	1.851125472398173766e-01	-6.793731932296662723e-01	2.750445277941250932e+00	2.449504856695540411e+00	-4.499375875179717488e-01
1.967074046583743741e+00	-8.207850179769423660e-01	5.244768502263796872e-01	1.976161449292399785e+00	2.830570514602995802e-01	-3.960729990627319119e-01	4.708631604950406224e-01	-3.099530359482192687e-01
4.066516418558945301e-01	-4.574756318283082490e-01	-5.614373164850998688e-01	-4.598913127545180557e-01	-6.651330924372689246e-01	2.965917788167823588e+00	8.047908376254604423e-01	4.187858090362784336e-01
-2.842175000478150415e-01	-6.571153884008397172e-01	-6.836392508604409723e-01	-1.223397960588910038e+00	2.272418142024758558e-01	-1.022199646573899834e+00	-1.350753035910933431e+00	5.615938917907963290e-01
8.045053875687673273e-01	-8.230485427982466018e-02	-3.244627204791816766e-01	-1.004674747732441142e+00	9.242058668718536318e-02	1.996033098711460368e-02	-5.225294764212193854e-01	-5.791630442085330399e-01
1.336611188988140020e+00	-8.768599977602340445e-01	-4.869250470428573840e-01	1.910400397201658329e+00	-2.577638001278640401e-01	-7.483599744274016530e-01	-3.645793792076357231e-01	-6.736677412889393590e-01
1.920100939528404993e+00	-7.732455817346256532e-01	4.973759145476440158e-01	1.812787787482998070e+00	2.558738275827638908e-01	-4.002951993135656639e-01	4.428951239843715304e-01	-3.084472088565757830e-01
8.119698675854611913e-01	-1.191835858458524466e+00	-3.414460849654467611e-01	3.633299280602005910e-01	6.220612289453295585e-01	1.011153117284060987e-01	-6.943438857714330226e-01	-9.965060457248556824e-01
-6.572892136786931405e-02	-3.910164506923313743e-01	-8.002748056844417590e-01	-1.240336710332468284e+00	2.112190275331413125e-01	-5.609629819265825601e-01	-1.262197262043508683e+00	8.244698372922557028e-02
1.795325501690054670e+00	-7.310707644138159100e-01	2.745578356694994282e-01	1.655846487481739793e+00	7.447672085969408995e-02	-5.881856244345905482e-01	2.421279677942039243e-01	-3.013357852988785002e-01
-1.523289167129047716e-01	-5.468146879521434967e-01	-6.855942668264632944e-01	-1.274264354036062086e+00	2.382361029090359628e-01	-8.099128959771998426e-01	-1.288498485751764955e+00	3.244642658489859111e-01
1.423102641844014027e+00	-2.145304225253108210e-01	7.800173613685115193e-01	-7.711595220073172996e-01	6.649088600326507059e-01	1.611949956745102608e-01	3.280730534669891174e-01	-4.810108996386285030e-02
1.944226969833786178e+00	-9.382938062485406405e-01	4.374411627973045502e-01	1.949052320849875342e+00	3.240912722557036107e-01	-2.525049041854047216e-01	3.589986355235665338e-01	-4.345090844989046297e-01
-2.472036880099639788e-01	4.950325189927198277e-01	1.063162079679469268e-01	-3.051037350480337862e-01	-8.979679949644266967e-01	2.194105013653158132e+00	1.345546373871444157e+00	-5.112936573807973506e-01
1.313956821535218866e+00	-7.881534517110182492e-01	-4.627931323868884617e-01	1.645264115357121026e+00	-2.580332234000814462e-01	-7.132350872817436738e-01	-3.610712260735859935e-01	-6.911460416990554689e-01
1.879096112427776966e+00	2.154238087059998363e-01	6.497172382726201789e-01	4.017592008855136454e-01	-1.096067930903945747e-01	-5.436518868778811298e-01	7.273969298470077671e-01	1.339899347054180068e-01
1.246123320144584046e+00	-9.244405091078256032e-01	-4.626314383994543644e-01	1.553296295711153352e+00	-1.062066673553278551e-01	-5.774938323812450758e-01	-4.440055899398837047e-01	-7.799953922686987395e-01
1.466617830119436583e+00	-1.594029288183888282e-01	7.583517869357573327e-01	-7.274375463304398881e-01	6.795900603514755112e-01	2.698498725399273157e-01	3.677913142106042366e-01	-8.778018203118213847e-02
1.850112914728879288e+00	1.545914096288863726e-01	8.450948172140139159e-01	-4.564584935602754995e-02	1.451003838259503631e-01	-2.746263780732819404e-01	7.728490588087599811e-01	1.497193251012575999e-01
-1.203503199195551376e-01	-4.288256156923533902e-01	4.662040720590275300e-01	6.676568431582609042e-01	-1.544198013502188216e+00	-2.927843540722909199e-01	1.286063788910001282e+00	-4.633701279671739170e-01
1.571555353836018298e+00	-1.398339848577119515e-01	9.780648764819267482e-01	-6.539783136148122900e-01	8.592138979422656586e-01	3.546233727582568385e-01	5.729115854616544379e-01	1.190816936523526604e-01
-1.437234567429330756e-01	-7.135177858589365485e-01	-4.995048732665693381e-01	-1.242568377488653120e+00	1.976116143502729683e-01	-1.035470945995746739e+00	-1.218148565653947912e+00	4.651328724695492078e-01
6.376816199414124808e-01	2.846443089635904977e-01	-5.093774556938448494e-01	6.303463038469924173e-01	-1.170767348578077183e+00	2.889802384927898427e+00	8.780665939374063811e-01	-7.811627627921796657e-01
1.988795713820018740e+00	-9.539872089276052458e-01	7.451300876718449651e-01	1.933856870617144175e+00	5.372869682436192118e-01	-1.945920231683467005e-01	5.782100189442711535e-01	-3.020965855367043762e-01
2.001187977810491958e+00	2.653930291920141293e-01	7.531474791662141621e-01	7.840362025795980516e-01	-1.705400610623963864e-01	-6.532855357028681809e-01	9.170327356573335642e-01	3.092007848293575334e-01
1.600098616201950652e-01	-1.638773967921921093e+00	-6.655431506048854473e-01	2.276092833218258671e-02	8.044868447170989700e-01	-4.921485554676211516e-01	-1.389155851112597428e+00	-4.919364710750399605e-01
8.378854718742208274e-02	3.573486390108155941e-01	7.366838643517674423e-02	-4.829232239332698629e-01	-8.400581185450406441e-01	2.455961461653684896e+00	1.275427363459901819e+00	-6.215339771657915069e-01
1.948232303607277283e+00	2.060711968955095952e-01	8.212035865064919449e-01	4.054507826483582100e-01	-1.520881656969545401e-02	-4.672424828946666886e-01	8.555100008754911167e-01	1.948451035797311992e-01
1.526401708057797402e+00	-1.346553393768244122e+00	8.214101981424728471e-01	1.027051078451743704e+00	1.289368161202665064e+00	4.897037541904418201e-01	2.247115168992716017e-01	-5.201676844211213790e-01
1.484605251729957720e+00	-1.708662255281988840e-01	8.261101952401406212e-01	-6.986619215575168296e-01	7.285676711213522339e-01	3.033125456250856389e-01	4.362153524816579919e-01	-4.665604253933142848e-02
-7.837480869003939088e-02	-1.654191966074085141e+00	-8.935498099539556094e-01	-6.534167889269859586e-02	8.290049986472147747e-01	-5.614322966579274876e-01	-1.641953333635576717e+00	-3.020762354925281001e-01
1.213348638739674579e+00	1.812522969438095932e-01	-3.858514526734415084e-01	1.562893179678694899e-01	-6.229999117757145655e-01	-6.981521928078697758e-01	-1.418906482058023277e-01	-3.443606548731687478e-01
1.987534624744926370e+00	1.999270519237640042e-01	9.752458493554919672e-01	4.130934795228031753e-01	5.390029394141102048e-02	-4.489665674384913374e-01	9.770057856513491013e-01	2.743921036539273550e-01
1.837899285405138139e+00	-7.854958526729003410e-01	3.469998349802283499e-01	1.629815304939098874e+00	2.283744353780639003e-01	-3.994501544995361919e-01	2.817873679801636277e-01	-3.724268772080867040e-01
8.984077393399947375e-02	-1.652320820122722633e+00	-7.449850378223930036e-01	4.905122365205620560e-02	8.584552893688444097e-01	-4.595842514670593348e-01	-1.464171972520885490e+00	-4.819491245742780761e-01
3.588780727468935949e-01	-9.752201583064603607e-01	6.723581056431617020e-02	-1.065781456233040325e+00	2.359833583547111258e-01	-1.036741394969239893e+00	-7.699915036958735470e-01	6.091778857823726412e-02
1.890728874913203184e+00	-9.231161995876824289e-01	7.617259550627532017e-01	1.539121829485002646e+00	6.120967387976870011e-01	-9.825753516876097049e-02	5.282522855655646943e-01	-3.207431993570794559e-01
1.888588042473460904e+00	-1.001899737176694706e-02	1.112710588441089499e+00	3.696371572058251842e-02	2.972060733361497897e-01	-3.779185124794560147e-01	8.979698522053256582e-01	3.475787392498510542e-01
1.872589833855888286e-01	-1.420683174114268255e+00	-6.910569586258904495e-01	-1.297612142455148998e-01	6.744462967262070396e-01	-3.747990869045149664e-01	-1.311391752397402577e+00	-5.174649232770676122e-01
1.851845711076216983e+00	1.676394476380189402e-01	6.350771709297782230e-01	3.145437149875706107e-01	-1.151387247175650747e-01	-5.012770634654327706e-01	7.126819196516632759e-01	1.376360355582758044e-01
1.928025966886088627e+00	-8.476209525332311090e-01	5.345132447960556643e-01	1.768738450996882650e+00	3.659022621200307412e-01	-3.082925549657287156e-01	4.244717870147427519e-01	-3.384598704352090870e-01
8.001174406189732746e-01	-9.883765906119209577e-01	-3.303165695343302510e-01	1.073295501199983681e-01	5.031956904107974804e-01	1.106653606726261396e-01	-6.558129972006776498e-01	-9.807315055016577743e-01
1.898013626834683221e+00	-9.076495797138899313e-01	7.217395327421465279e-01	1.584276840952717702e+00	6.120352449367070236e-01	1.524607427722468600e-02	4.942211699658703994e-01	-4.269137635248700935e-01
2.066666269658407273e+00	-9.509837555869887771e-01	8.392864214609067064e-01	2.260301731026718386e+00	4.929380366497660426e-01	-2.488286294085450545e-01	7.241442911735338495e-01	-2.478094769820272103e-01
1.857661186757920246e+00	5.293811101427947641e-02	8.180290200016446800e-01	-5.523507740004277716e-02	1.118462216186316138e-01	-3.917827453129098525e-01	6.820046017336645061e-01	1.776560319592153658e-01
1.876050817134244930e+00	4.410254249678433047e-02	7.257189300281173816e-01	1.352916707859315171e-01	-4.279701470593539475e-02	-6.207058690752759178e-01	6.289644477597402528e-01	2.456129428151787586e-01
5.356665035015824028e-01	3.502423587248333359e-01	-6.248014692601562281e-01	4.226241870994380534e-01	-7.414856761736592361e-01	3.364152653271808013e+00	8.336991374625509765e-01	-5.368943770566731999e-01
-5.450028824767215729e-01	1.898834238407278996e-01	-4.256025229371214191e-01	-1.426261275412931351e+00	-4.524004510016589320e-01	1.757895323506455831e+00	7.999687712365980419e-01	1.180225710458119082e+00
1.208670759306168740e+00	-9.962386729859692425e-01	-4.516756938486414241e-01	1.254321622145882165e+00	3.081189890336868964e-02	-4.382844436891337181e-01	-5.204356265063626585e-01	-8.091881199976411754e-01
1.810730117873595946e+00	1.639471940353929569e-01	6.946806330464082579e-01	5.562001393405798799e-01	-2.375820024032710420e-01	-6.004291491875817233e-01	8.580395900744786086e-01	1.667537899935277734e-01
8.072044483503438839e-01	-2.739227215116738987e-02	-2.747050367658202541e-01	-9.971757567487159468e-01	2.140508696137918832e-02	3.819189475044529325e-02	-4.525655677204545313e-01	-5.901298501578668976e-01
1.936943998635367370e+00	-8.048912157195504680e-01	5.150397272713447272e-01	1.884520581646236703e+00	2.594199876831830287e-01	-3.917337686793254670e-01	4.648684438438450695e-01	-3.053564645451602999e-01
1.757380478749632990e+00	-8.036348897027850713e-01	1.418628326161878728e-01	1.802363869880020619e+00	6.516266202285880826e-02	-4.941428951741319020e-01	1.523285582259828186e-01	-4.751582216526371583e-01
6.211456508087640493e-01	-3.121437950370085090e-01	8.359835693980575966e-02	-7.012298131469489604e-02	-7.445475983205667170e-01	-6.713612100181479692e-01	1.725162118584014637e-01	-4.770440958609322712e-01
8.385421332980333986e-01	-1.045144144078797160e-01	-2.709122359460265916e-01	-9.905487161093610160e-01	9.623129529774759883e-02	-6.590144094831017207e-03	-4.833659181605412525e-01	-5.841505872288765833e-01
1.977264948857706317e+00	-8.922020246370455654e-01	7.177373224190316536e-01	1.921325580611589201e+00	4.107504255469442422e-01	-4.132154489029346567e-01	5.583408857158878025e-01	-1.915869772882347333e-01
1.560721603431059146e+00	-1.278557624367045120e+00	8.882298417545984037e-01	9.347606727404920157e-01	1.272275963800744814e+00	4.881915063788235254e-01	2.972058673760084591e-01	-4.762970233954808563e-01
1.228122261005498261e+00	2.213757367768836859e-01	-3.760899861072605210e-01	2.771510662552579274e-01	-6.793834918554606528e-01	-7.877659605408742216e-01	-9.807345192885191798e-02	-2.940742409425991521e-01
1.217902451837762134e+00	-1.047030492104727761e+00	-4.717700055638265333e-01	1.659678144565558622e+00	-8.108661328632246063e-03	-5.360164602724460936e-01	-4.719007280090511958e-01	-7.742030975079298161e-01
-4.317587324662284787e-01	-2.756494846600807819e-02	-3.663381946395925515e-01	-1.076401621605086456e+00	-7.419756669261485804e-01	2.114835620383659354e+00	1.078815149226451942e+00	1.103246614206287557e+00
2.055300124956234153e+00	-8.253115058327719078e-01	8.552928106907499162e-01	1.820030773273399571e+00	5.242923512254231699e-01	-2.142746882505650596e-01	6.931957871168386021e-01	-2.176228659388048103e-01
8.887148901127347456e-01	6.887656964556448935e-01	1.275656606830191775e+00	3.575693185341778380e-01	-1.026938230534724550e+00	1.476566785040367424e+00	2.504485139029196006e+00	2.136537181779950278e-01
4.861445640007516777e-01	2.717559460265731586e-01	-6.929897071053140456e-01	1.299821678830875016e-01	-5.837602848976709558e-01	3.528490820831291952e+00	8.403292954984081797e-01	-2.100257811306038835e-01
-5.596086402491214917e-01	1.930340104155021386e-01	-2.900395009720649897e-01	-1.461991213564948211e+00	-3.813646458457666255e-01	1.423551049253618084e+00	7.495282954486152116e-01	1.021126617014060489e+00
5.513146984315937527e-01	1.292063256814585559e+00	-6.141684593922884794e-01	-5.459260514917039231e-01	-1.169077142065918729e+00	2.699156972565118551e+00	9.379575094212226904e-01	-2.157938376851402940e-01
-9.409697411616764484e-02	4.055259094254732855e-01	-1.360543558915178475e-01	-1.451347909110042522e+00	-3.645632757629364007e-01	1.903415970824586356e+00	1.080078342214946918e+00	1.300155045153555733e+00
1.302778387385944425e+00	-8.852865131452054559e-01	-4.769973170394832263e-01	1.611882442589479547e+00	-1.635363119029847601e-01	-6.358905697385642819e-01	-4.227823832171476170e-01	-7.249770265330057750e-01
9.742446226402023957e-04	3.732803894076640594e-01	-3.527737216440923751e-01	-1.562339207305571964e+00	-1.250213237294201640e+00	1.550533361049413639e+00	1.056932439054152573e+00	1.224504791604582365e+00
1.231906285801300238e-01	-2.454819734384844354e-01	-4.687023301059259350e-01	1.669922817219424704e-01	-5.652761997095415714e-01	2.804950804134030307e+00	7.411223093872327805e-01	-3.032618252856885133e-01
1.803382617968956270e+00	-7.056151214942822936e-01	2.410667228096915471e-01	1.620773579747663673e+00	8.623591135897482052e-02	-4.947016738445054740e-01	2.357607888461707435e-01	-3.879057828015507470e-01
8.176280852904193042e-01	-7.552678971234445537e-01	7.398219278205874216e-01	-5.288543598066536289e-01	-1.646411427556580542e-01	-8.961360412695238420e-01	1.891473540804093911e-01	1.935378891622281106e-01
1.436914335200960569e+00	-1.277222194901116159e-01	6.717929210887467750e-01	-7.285566780560509548e-01	6.230999722732339929e-01	2.900866015056401404e-01	2.971372968665481062e-01	-1.546434869629811915e-01
1.825548480559144204e+00	-1.048564581595840872e+00	4.370207738352631099e-01	1.898390219806473711e+00	4.598994803165659673e-01	-2.402995605155271164e-01	2.880103871261217030e-01	-4.425586637108262500e-01
1.466432699373014570e+00	-1.356850138646247261e+00	6.790525294411230428e-01	9.740485771199748344e-01	1.210152598828194703e+00	4.353752564170805250e-01	8.975416584769289885e-02	-6.011891323834729350e-01
1.899149114541543337e+00	2.252394758837631128e-01	6.361643402002370440e-01	5.086184617430681287e-01	-1.490551069025011499e-01	-6.197638849965452224e-01	7.442429120753222271e-01	1.762704114749736872e-01
1.216864236618820483e+00	-1.169515484015022366e+00	-5.085712189573524666e-01	1.818902986100379815e+00	2.802498194884267546e-02	-5.234316744071346728e-01	-5.325024693195360426e-01	-8.216862338047392633e-01
8.856404938881462519e-01	1.825112133557619531e-01	9.084180312834844173e-01	-9.504869908962607084e-02	1.690800726914117313e-01	2.718517905385614331e+00	1.814059110017698373e+00	5.058072799625942251e-01
1.306680580452858953e+00	-8.482656521971499997e-01	-4.668927035073509590e-01	1.624601844278235507e+00	-2.066875452970860227e-01	-6.593099970424108891e-01	-3.923104114214254756e-01	-7.254127502580490772e-01
-7.152105634626661212e-02	-1.752488750621201241e+00	-8.987608750381858025e-01	1.517623557239794474e-01	9.238483518338562739e-01	-4.903066069872689670e-01	-1.632707298008608365e+00	-3.974039266958870331e-01
7.790313675217062084e-01	-1.236194438762259429e+00	-3.585439274597175263e-01	4.457405941254433124e-01	6.394885334327287119e-01	1.145704172310609004e-01	-7.075527422998842964e-01	-1.000941948668306214e+00
1.685830341329390247e+00	-1.002304968076755509e+00	1.130725050634866058e+00	7.361854365172799675e-01	1.232961106825665398e+00	5.838225951980766659e-01	5.869420153343869462e-01	-3.309366968024690103e-01
1.551172703544150711e+00	-9.242892023163100657e-01	9.382277384981657642e-01	3.044659644693881728e-01	1.077711360434000065e+00	4.196901628702820464e-01	3.875714633290244793e-01	-3.998940407335910274e-01
1.217591750173018683e+00	2.160704586246352810e-01	-3.887109639794982807e-01	3.461081026754209145e-01	-7.014215909949171879e-01	-7.967844556368692821e-01	-9.405783875516793291e-02	-3.092639276952486305e-01
-3.095653048135876273e-01	-4.903675733182560892e-01	-8.972403565707787187e-01	-1.237722695509853699e+00	3.327093518985636544e-01	-7.195137585498601052e-01	-1.424442627255442240e+00	3.655705682421858116e-01
4.475346817838368740e-02	1.490774585065078039e-01	-7.205045189659124993e-01	-2.558673175077414916e-02	1.307902246044101435e-01	3.655667216518411422e+00	7.407478228009953813e-01	2.357159704325613447e-01
-6.742044035760955678e-01	-7.076822999788716373e-02	-3.823117768923668947e-01	-1.164127793661806409e+00	-2.565514102876427227e-01	1.950430200737404585e+00	8.453834768680834610e-01	1.127320072244245575e+00
1.154326177978392654e+00	-1.089799096818272250e+00	-3.377410077971261804e-01	1.275893217787661404e+00	-1.982237563089069010e-02	-7.180148076073779029e-01	-5.004418028941455265e-01	-6.971906585349784136e-01
1.950664253353648903e+00	-8.599519726648243712e-01	5.410324081120322370e-01	1.951832056023698581e+00	3.460225534005715309e-01	-2.859091922657365781e-01	4.567708976023137635e-01	-3.754442029333553421e-01
1.513415022473971971e+00	-1.124644412166544205e+00	9.059172080175862396e-01	4.900600353923021402e-01	1.198914425638942793e+00	3.648903404985116006e-01	2.725095427567107431e-01	-3.720319821658476522e-01
1.207543939784924358e+00	2.291402739337527750e-01	-3.552717159125617918e-01	2.583044811295501786e-01	-6.747523430335009564e-01	-7.377756082341291322e-01	-8.914194010333367779e-02	-3.812560130333355057e-01
1.524683140988465579e+00	-1.256836731175096311e+00	8.066591010826944519e-01	8.767976647456546813e-01	1.262196331149740391e+00	4.943982953270005809e-01	2.244545831373627176e-01	-4.855575700899846803e-01
1.556085711200801969e+00	-9.992484217444481676e-01	8.353660226339802986e-01	4.177953872862089080e-01	1.090455992042527189e+00	4.334857582825846212e-01	3.018647897813405701e-01	-3.941341220943898604e-01
1.250743720192271313e+00	-6.663202513241405223e-01	-4.411503717119573120e-01	1.145790238608518807e+00	-2.217215320757141561e-01	-6.290212241088424250e-01	-3.905780940136942547e-01	-6.710096215918764928e-01
7.713032928719126824e-01	-1.145628500591612114e-01	-2.695777327862095007e-01	-9.789154009952893976e-01	1.615412111460765021e-01	3.217083935019951491e-02	-4.767543312839020997e-01	-5.783957618613563278e-01
8.303134328801450303e-01	5.911075508988524740e-01	1.550527811504972098e+00	2.150711243506982506e-01	-5.573862145866012030e-01	2.379834664414442358e+00	2.422428804961106241e+00	-4.357498456412914334e-01
1.282115747115198046e+00	-9.290990442947396621e-01	-4.702245811102735984e-01	1.655667162532540759e+00	-1.433917117341468872e-01	-6.460097692879362974e-01	-4.291602129427335988e-01	-7.302644622581557776e-01
7.917880493015202470e-01	-1.398430859748888699e-01	1.489644278757401574e-02	-1.683264885664287891e-01	-6.220709858673659776e-01	-5.966034658822831904e-01	8.070863747738472871e-02	-5.892314258012444350e-01
2.070749738294100639e-01	-2.862233913756371401e-02	-5.377122909456755195e-01	4.979884905257814243e-01	-7.572605556720690689e-01	3.339270114894978381e+00	1.007666081252305279e+00	-2.984832881915870373e-01
8.296486557793067984e-01	-3.455458033965985720e-01	2.575169967271504490e-01	-9.900033425403534371e-02	-6.875481118435666783e-01	-1.278638505442458051e+00	3.748715092788643122e-02	-2.403896655604711441e-01
-1.388940983077710245e-01	-1.389056810898267269e+00	-9.968851529179992843e-01	-2.753713817203787273e-01	7.395831617204080555e-01	-5.139808365935787382e-01	-1.666190720441814266e+00	-2.343526445702172056e-01
3.143830169825758136e-01	-1.637344323895660869e+00	-5.627152292069471651e-01	1.077607215241270927e-01	7.879490220248963617e-01	-4.350257335752778509e-01	-1.264652491827070957e+00	-5.893847943037237025e-01
1.902398578225732217e+00	3.113623093469648495e-01	6.658859962225511797e-01	5.582400131902587326e-01	-2.050405397522759021e-01	-6.756974596148517254e-01	8.169982675393885341e-01	2.448218026329439800e-01
-1.524588282601632427e-01	-1.596611203599049844e+00	-9.532153877899885996e-01	-3.211212810591253242e-02	8.614998099341522053e-01	-4.638415017184538969e-01	-1.659472350324831869e+00	-4.109927283384222640e-01
1.343710057824246462e+00	-7.701636638341614605e-01	-4.640867066256318396e-01	1.405642558165925315e+00	-2.115172182648979160e-01	-6.144369826256832479e-01	-4.018633129797501424e-01	-7.204279078729367569e-01
1.227100070134001797e+00	9.990781636129533738e-02	-3.471857762212772758e-01	1.797270054811638262e-01	-6.258961137065786051e-01	-8.267232176263896726e-01	-1.569922389692829934e-01	-2.671622269397980753e-01
1.326437190189973414e+00	-1.294745420148017523e+00	1.148350739742152848e+00	-1.332707506678185438e-01	1.081046787083534300e+00	-3.316501068333767566e-01	1.593502463265623337e-01	1.090702005871310720e-02
1.500011319266697507e+00	-1.309979767476395551e+00	8.199705435402270259e-01	9.920666758641132343e-01	1.275683804375128627e+00	5.043769367436795603e-01	2.324762977492990657e-01	-5.346763694004699197e-01
7.538038082759376812e-02	-3.069294819524261975e-01	-5.169095613906539155e-01	-7.315127333970988799e-02	-4.086263160590966059e-01	2.806243464452206737e+00	6.562940559385284089e-01	-1.200073784755291140e-01
1.718029696627101588e+00	-1.127502409403916411e-01	8.754488449878481404e-01	-1.708003765069599986e-02	6.920809432483354673e-02	-7.187590284980145405e-01	6.024183893579249105e-01	2.951203456424207894e-01
6.792082646648511801e-01	-1.262879920523916510e+00	-4.463065283508459852e-02	-2.828769569765457459e-01	5.204876556518351904e-01	-5.104663048641028267e-01	-7.052345637083390351e-01	-5.727596579160066925e-01
1.617506925201021462e+00	-1.639259024633100137e-01	1.052629342162030968e+00	-6.151755333322209696e-01	8.337123517671689577e-01	3.245637899510424584e-01	6.369294530248668096e-01	9.074442634130139296e-02
-5.561145689561391298e-02	-1.871673372744188102e+00	-6.769161013052555909e-01	5.640443759769383364e-02	9.441979360892891471e-01	-6.269740475453808859e-01	-1.508315870065081610e+00	-3.477770208396309681e-01
6.184742017357103272e-01	3.201998828467782499e-01	1.811700475877703331e+00	7.713194159975317321e-02	-5.807061645052384868e-01	1.918886900969015485e+00	2.456214955192397298e+00	-4.704071065123786588e-01
-2.624073230610870500e-01	-1.167828741702665735e-01	-2.881235878994732880e-01	-1.240031819022013426e+00	-9.255524855765970837e-01	1.551979236916034788e+00	9.414212887040354083e-01	9.984852638763712651e-01
1.046099888552907364e+00	-1.172914952774791963e+00	-1.692443545402254057e-01	1.288637702674788166e+00	-2.977339619599863596e-01	-1.437215156796149529e+00	-4.408672594310212300e-01	-2.567506378550991064e-01
1.650523446296676244e+00	-1.003449954065573024e+00	9.465801752652877044e-01	5.198129014139081239e-01	1.150748538494457129e+00	4.893690191473605289e-01	4.064476663568482029e-01	-3.394710326108335008e-01
4.505170535958316624e-02	-5.220882951492155089e-01	-5.251757229554677719e-01	-1.263926342805613334e+00	1.803686827318272679e-01	-7.196228660381916997e-01	-1.119012856374036469e+00	7.969605659015424615e-02
2.078752748728273647e-01	2.273906923394830859e-01	-4.401853371169067164e-01	1.101641598927516563e+00	-7.891464629730563507e-01	3.182260876010931216e+00	9.967953974890486624e-01	-8.099289930873260213e-01
1.308372331312131376e+00	-8.958170051094868080e-01	-4.904339127496616380e-01	1.738995523249070585e+00	-1.704125429597847519e-01	-6.408551364354571067e-01	-3.995795761328987949e-01	-6.992797692019512290e-01
-2.696846238685436381e-01	-5.056745153818910099e-01	-7.917808068410172595e-01	-1.271757006578219773e+00	2.672452326306755110e-01	-8.164010036326533326e-01	-1.364624630682516049e+00	4.065900629906828989e-01
-5.034730182582104231e-03	5.419021765633262877e-01	-5.676901766572859387e-01	-1.682630010906294160e+00	-4.540123940275418435e-01	2.095625600245962783e+00	6.775989164482185689e-01	1.140396591072227128e+00
2.046230596304044358e+00	-8.065590420060138044e-01	5.050533594328961984e-01	2.409997791524655764e+00	1.748426171348160252e-01	-5.164045759854086759e-01	5.443886312872596722e-01	-2.536915853589446490e-01
1.585151198546014495e+00	-1.691538637986954863e-01	1.012721884694037122e+00	-6.301551437345986884e-01	8.314239425521536830e-01	3.358571878337346939e-01	6.057138962296104712e-01	6.873490755071620661e-02
1.518391100641516056e+00	-1.390593265801696732e-01	8.908476299419768596e-01	-7.030156528842341768e-01	7.289835602431151695e-01	3.010796253806356515e-01	5.004068105545983469e-01	-2.730581445070114598e-03
1.486909924200435773e+00	-1.335526463237221240e+00	8.793644766386229383e-01	1.026888450983669321e+00	1.363906870041847963e+00	5.832972728678760266e-01	3.044916577992647921e-01	-4.779181929371051352e-01
6.458631791570899061e-01	-1.169276493856765242e+00	2.085134796385981759e-02	-3.419790929543011226e-01	4.461916202542210441e-01	-4.257409068186422951e-01	-6.035114130102980923e-01	-7.038104604083449400e-01
2.074387420184624631e+00	-7.940947273443842436e-01	7.459304405710827091e-01	1.872743841816140398e+00	4.219826388123091854e-01	-2.659245664753925875e-01	6.339621666186751048e-01	-2.416587382629073466e-01
7.915172194868880240e-01	-1.003761018119137954e-01	-2.176978658630438490e-01	-9.677715619330214958e-01	7.887247432960672877e-02	-2.389427537692023762e-02	-4.494837464579245490e-01	-6.535315720622050240e-01
1.873024487696587359e+00	2.558921579490913700e-01	5.159577342763869146e-01	4.897523299753190340e-01	-2.129190894727241989e-01	-6.280401391918521981e-01	6.567430970725867123e-01	1.169746038951476330e-01
7.088654977895954001e-01	-1.742194764641308569e-01	1.944310671290849224e-01	-1.056804514734968281e+00	1.055839061517238608e-03	-2.783267995952631302e-01	-2.606774363580187104e-01	-8.443544917596045307e-01
1.199982292640440429e+00	-9.203987769111565687e-01	-5.467062306980019493e-01	1.505925229119200237e+00	-1.038381174873616725e-01	-5.709748996744991034e-01	-5.204305436731135881e-01	-7.488581087182294427e-01
7.180970384626019776e-01	3.692092157847420841e-01	-6.731073952134314364e-01	2.895849056335120242e-01	-9.117782044293245569e-01	3.480648731090886905e+00	9.031699279624738619e-01	-4.082611182980337428e-01
3.226950334038395374e-01	-1.147645447010792186e+00	1.015935939359368240e-01	-2.423985730770360780e-01	8.083807567910228364e-02	-7.982518470583729875e-02	-2.529181339806833573e-01	-7.924400036029259908e-01
6.187859487480325271e-02	-1.766593960883611869e+00	-4.505256691861795337e-01	-1.649819757445114277e-01	6.828877215558335489e-01	-7.946634925780254877e-01	-1.309256481371291470e+00	-2.861863154833884648e-01
1.940811193550623814e+00	-9.041087599645888373e-01	5.999807558955407849e-01	1.775726084340754518e+00	4.736035455028173025e-01	-2.309722887393252377e-01	4.459453119631111573e-01	-3.286988580591014841e-01
1.131449705862753063e+00	1.908677618731684789e-01	-3.364360051556458675e-01	2.639518778946567390e-03	-5.833681612636567593e-01	-6.506487060216993301e-01	-1.365460431507464489e-01	-3.929073230030458164e-01
2.022743521833817226e+00	-7.387967901468506238e-01	7.565607325089456214e-01	1.747614050283573306e+00	3.948173492257709971e-01	-3.032044307007845108e-01	6.432194386673839581e-01	-2.224776621101684781e-01
7.921306495040288109e-02	3.077291600877793964e-01	-5.291185859098768152e-01	-3.134248512881460669e-01	-8.072517131578812455e-01	3.249438311842675731e+00	1.168338424426072830e+00	2.569519831123656117e-01
1.804707326361320918e+00	1.068965548351475114e-01	7.912738346221044328e-01	-4.900312704034582786e-03	1.279295366538181766e-01	-3.258534951291753856e-01	7.200859461924333793e-01	1.165896647111352713e-01
1.138132236750616144e+00	1.338072393497829138e+00	1.471214430089646363e+00	7.893749096440145774e-01	-1.301939135490454369e+00	1.495505930178766540e+00	2.761226207165399682e+00	-3.490429054161227618e-01
-2.718817675266302358e-01	5.240823175786638033e-02	-2.645300336851561518e-01	-1.383047763756578341e+00	-9.371043314621445575e-01	1.363385566985368502e+00	9.120211706780855243e-01	1.012227359700530016e+00
1.530365018344037153e+00	-1.441053135264112051e-01	9.061216513987158105e-01	-6.951140622374635258e-01	7.614336045902754257e-01	3.132789079545542643e-01	5.113888268327865250e-01	2.188537514411739715e-02
1.618313515670720681e-01	-4.465601144832392899e-01	-5.872171748688876924e-01	-1.239690957282176820e+00	1.513818341709963766e-01	-6.234298171125890464e-01	-1.105897545265984494e+00	4.092858568392801488e-02
2.793427071727264677e-01	-1.851575468011396719e+00	-4.053877596231144076e-01	1.961438449298281705e-01	7.840823882633234376e-01	-6.563797111914638771e-01	-1.243442929475043091e+00	-4.954708118148768992e-01
7.148416814687448273e-01	-2.186841870337240257e-01	1.866756559351352873e+00	-1.086196395437694362e-01	1.023540792359917129e-03	1.258445916689565180e+00	1.959124048116965167e+00	-4.351546957933399851e-01
1.434882019216771276e+00	-1.287878958582104882e+00	6.251834422996678242e-01	8.085988157933807763e-01	1.152778797356587726e+00	3.978742365756680055e-01	4.864744990236841149e-02	-5.948064210484215186e-01
1.157891249725523597e+00	1.384928017317649529e-01	-3.485736910841027991e-01	1.795015062118795190e-01	-6.301231285631401224e-01	-7.122134644159550110e-01	-1.229217264934361065e-01	-3.584706381997401770e-01
1.248844449280835045e+00	-9.330406436254108371e-01	-4.664529289977118465e-01	1.488935534427799245e+00	-7.474953283040904062e-02	-5.169321215620936716e-01	-4.698410492651171610e-01	-8.108132694405985053e-01
-2.508249394910659347e-01	5.518323241866973650e-01	-5.416159783218217338e-01	-1.574482246392115092e+00	-4.787501592753657942e-01	2.034152345899871150e+00	7.584735675976865821e-01	1.159669686589395621e+00
1.161110992717038437e+00	2.270749507759975139e-01	-3.670752679702004584e-01	-3.231559424364618960e-02	-6.105258772407194945e-01	-6.529449855239486400e-01	-1.439146606436801090e-01	-3.560063653930035654e-01
1.730388078965312992e+00	1.399372725701186482e-01	6.361420898797593981e-01	1.359351949258266745e-02	-2.699974392098427808e-02	-4.093333428887662162e-01	6.146930220194060102e-01	-2.517198620769710814e-03
1.621424572023603128e+00	-1.244464191714088397e+00	5.591584767079086360e-01	1.718555091944590218e+00	2.874821268264293739e-01	-9.116188867803934892e-01	1.440857828539976182e-01	7.084117508661808005e-02
-1.242091567527918022e-01	-1.354663766735241026e+00	-1.082998953600607939e+00	-1.109810309524783545e-01	7.996431840604132368e-01	-3.098740566145416486e-01	-1.655292652840516299e+00	-3.983958478647418588e-01
2.685387437707517644e-02	-1.728377780602533775e+00	-6.756207450292418537e-01	1.677575918714585557e-02	8.442269334840102335e-01	-5.461144993031296080e-01	-1.462145869740885784e+00	-5.007338168097017483e-01
1.680292821596390374e+00	-1.160047322020413718e+00	1.138042817646403693e+00	8.911767815578431895e-01	1.310444873848035208e+00	5.549225062761647953e-01	5.596545690569262321e-01	-3.292803235087167213e-01
1.969604064427096235e+00	-9.626880596583766714e-01	6.786334303324417228e-01	2.008317362685215990e+00	4.773548634603249075e-01	-2.433048827476034792e-01	5.326805849637235024e-01	-3.549118739083718110e-01
1.159932432207122277e+00	6.775991103323270037e-02	-3.323454624069910879e-01	1.110365962161678210e-01	-5.746882912163733259e-01	-7.788999026126085523e-01	-1.665512448294058923e-01	-3.026880686108598950e-01
1.668377893829053438e+00	-4.657275133506029452e-02	8.948528583751276244e-01	-1.865420785504671719e-01	1.688302298626848108e-01	-5.599327291439989418e-01	5.972021810706735767e-01	2.516620945418675537e-01
-5.348804387710378583e-01	-1.065689526674725995e-01	-3.188423976065849486e-01	-1.210657087335252236e+00	-9.156723073349930520e-01	1.852138610603574653e+00	1.189885229108179399e+00	1.420633137243035637e+00
9.203523190831125467e-02	-4.545844854825607795e-02	-5.619854672693004316e-01	4.952699031594716139e-01	-5.321879692443849397e-01	3.462846784279037138e+00	9.770336062695096357e-01	-2.138011084575821563e-01
1.533729420143901345e+00	-1.938797391578900020e-01	9.350932803404746751e-01	-6.511694523490356712e-01	7.400671436998249586e-01	3.255430501438979496e-01	5.483789967614817185e-01	1.223465901785866783e-02
9.951240687852469513e-03	2.162502666285004149e-01	-3.821534617380364374e-01	-1.486885188570831184e+00	-9.621526347515841904e-01	1.719297593058679796e+00	8.966449281890513934e-01	1.059020311394960556e+00
1.927644566844014973e+00	2.237716816977062539e-01	6.936886839184196463e-01	5.155396742731130910e-01	-1.194886133819495627e-01	-6.034048386893945404e-01	7.900228619802536212e-01	2.065497695220934182e-01
1.912674164766082319e+00	-9.465801491305545490e-01	3.938772026931909309e-01	2.250014888026947713e+00	2.792313485656766625e-01	-3.061350279403849961e-01	3.597681216796693171e-01	-4.740480936552883828e-01
-4.365856099130291379e-02	-4.094638795097194084e-02	-5.043862443513472682e-01	7.380084948455089000e-01	-4.544234210357485093e-01	3.359947417180911611e+00	9.640649096367669424e-01	-3.590059552710649360e-01
6.157104869567620042e-01	-5.513011656768446178e-01	-2.320382936703274321e-02	-1.040250269728980603e+00	1.055073652117555216e-01	-5.731568883322131214e-01	-5.673849453867219061e-01	-2.542150715910398429e-01
2.202803338487874241e-02	-1.853699264709407046e+00	-5.601411329872553191e-01	3.172355246617664104e-02	8.590756432260890918e-01	-6.873151554434407950e-01	-1.400081541549007991e+00	-3.513602768461996373e-01
1.543033266043610130e+00	-1.138679988108891150e+00	8.170532685896422231e-01	6.208943916904643423e-01	1.125546847370895831e+00	4.340564750576949016e-01	2.440639081028894153e-01	-5.179804552515488991e-01
1.543427041997445404e+00	-1.167798951696778831e+00	8.308246658650776384e-01	7.036426761157121845e-01	1.190535106128328691e+00	4.461936156012720756e-01	2.578740494159600938e-01	-4.659670251735571478e-01
2.003796454030238650e+00	-8.806231837701399279e-01	7.567217916324622262e-01	1.858593873741607228e+00	4.999315575912223752e-01	-2.191603919666943456e-01	6.020927349959301900e-01	-2.783481120286454003e-01
1.518668220807570135e+00	-1.067615027125289107e+00	7.665158719590227099e-01	5.136461531374011402e-01	1.120060843537465267e+00	4.208518394349071157e-01	2.141270082552742537e-01	-4.617619483344399534e-01
-7.423429381573185548e-01	-9.010603711969973617e-02	-2.664708800732506488e-01	-1.215685397435207316e+00	-5.631028692913767619e-01	1.636474029326956403e+00	1.026460116133858236e+00	1.259783315641571644e+00
1.666755663232118767e+00	-3.592024673333205631e-01	9.998769705452582590e-01	1.138272950377116621e-01	-4.149206259172460304e-03	-1.162251197890772580e+00	5.364674825984488971e-01	6.378068928940983096e-01
5.456685711007145390e-01	3.446393819987944029e-01	-6.176902584713395150e-01	3.387791333789723636e-01	-6.970561851606980053e-01	3.278070546526280271e+00	7.772858257722912168e-01	-5.480017873374772863e-01
-2.981526751089576266e-02	9.520959004244575752e-01	3.370339295056205553e-01	4.920431348883705924e-01	-1.518921583144934084e+00	1.667391143761889127e+00	1.796104907253217586e+00	-8.473421088965896741e-01
4.716150037592188871e-01	-2.349858970331669683e-01	2.416362038200079998e-01	6.191329472506923448e-01	-1.268689655397712057e+00	-8.173647508831628494e-01	7.809213741091548533e-01	-4.402661762754306318e-01
4.206702446815360763e-01	-4.963283162080140559e-02	-5.071594884047734286e-01	6.847129071369821851e-01	-1.170653389062818128e+00	2.989429913642286163e+00	9.739103839471189294e-01	-5.524529678346717931e-01
-1.688205099376974827e-01	-8.279844489272598640e-01	5.427091010343683131e-01	-5.186299240159857327e-01	-5.678002430585311622e-01	1.763273756839125461e-01	5.300513108412444607e-01	-7.300090069415984262e-01
1.522259935794630037e+00	-2.124193605041718724e-01	8.924524074665757256e-01	-1.070182795197191089e-01	6.656990423383923883e-02	-4.271648391165862035e-01	7.100215332156466497e-01	2.118168799829396876e-01
-2.156604656640540296e-01	-3.548817821207065348e-01	-4.431070873242528574e-01	6.399427339357562916e-01	-4.703740254601507242e-01	3.284478247383444405e+00	1.081137135413731798e+00	-2.008820785456152599e-02
5.440410217729575448e-01	-6.076149414881284461e-01	1.631773958499920907e+00	-1.038809897557875644e-01	-1.992096966335019093e-01	9.953779991782528702e-01	1.738343275359644391e+00	-3.899147034984045690e-01
1.551410553517326152e+00	-1.296686608091363935e+00	9.324490927866940781e-01	1.048208014644872010e+00	1.280188152163393100e+00	5.233277486201814988e-01	3.464655990248991513e-01	-4.851009011532080306e-01
1.220795121518127857e+00	1.890081166207073504e-01	-3.814889305931476460e-01	2.802704096925591193e-01	-6.558633752482079249e-01	-7.716205982612106551e-01	-1.162844413323039228e-01	-3.150039351410904298e-01
1.196331325694379277e+00	2.523399942775222948e-01	-3.934182798465218345e-01	2.946071143862574182e-01	-7.175166936321263345e-01	-7.865510422217834030e-01	-8.970934394989324434e-02	-3.016134646891436288e-01
1.918955298490907957e+00	2.320449606652190411e-01	6.759613156127131095e-01	5.148580804853352122e-01	-1.266696075760464502e-01	-5.914052538632076361e-01	7.766097052551326207e-01	1.834846672650187471e-01
1.390095658500087428e+00	-4.834585213716813823e-01	8.418942687391955948e-01	-2.196779423581294577e-01	3.857512969408766201e-02	-1.181546088381625337e+00	2.158752905665735355e-01	4.775877400969256725e-01
1.024493312171260495e+00	-4.470097371636757577e-01	1.084727923976670949e+00	-8.459804950837426230e-01	3.386755528987807073e-01	-8.668486127861163570e-02	5.071708360059984377e-01	-3.403260065861594130e-01
1.056938907108765646e-01	-1.642004663860037406e+00	-7.491727027072652145e-01	-9.047474611483312390e-02	7.905529339740975381e-01	-5.594351005083558759e-01	-1.510899468594294470e+00	-3.591182470334529642e-01
6.982560755768782990e-01	-1.376344882847077289e-01	-1.239284600110380219e-01	-9.725402987078488604e-01	-4.016581724574978980e-03	7.092446577926578288e-02	-3.142687315702258344e-01	-7.210889430656163279e-01
8.269143482845696669e-01	2.460936328268475137e-01	1.391959605146831702e+00	5.992756945788434431e-01	-8.319886074768281237e-01	4.200283032275478057e-01	2.089328231362529209e+00	-1.836888771531659525e-01
1.529293703720087994e+00	-1.696118172061944762e-01	9.521916459887741491e-01	-6.578470411748471580e-01	8.363002167998896397e-01	3.523474546597414880e-01	5.524599861612273788e-01	3.221826564325955267e-02
-2.040316430383226631e-01	-7.830306133735652763e-01	-4.454244885029338130e-01	-1.246545612986440066e+00	1.882746376960724999e-01	-1.164879884186691417e+00	-1.215020340708853563e+00	5.755372063405179706e-01
6.714915528034216818e-02	-4.339312875856880108e-02	-4.647788978803743531e-01	7.495085153850516990e-01	-6.645435170473747988e-01	3.144722442531277640e+00	9.477737757294274479e-01	-5.037539450215756665e-01
7.874557556500888511e-01	-1.282489833182044903e+00	-3.387521033677047821e-01	5.107471927177630322e-01	6.719488993118505338e-01	1.403487346902321797e-01	-6.955511498393941450e-01	-1.030834395130414638e+00
1.897744855150929277e+00	-1.094852669956988711e+00	6.919955373087174344e-01	1.876191032060888331e+00	6.345622782416020513e-01	-1.242870914971399982e-01	4.575648371570223971e-01	-3.780369513632126921e-01
2.034836012825225637e+00	2.190950651316446451e-01	9.279002613917052278e-01	6.297585603849620295e-01	-2.501021350435230980e-02	-5.378522874935321996e-01	9.891719948789874373e-01	3.058473505743917742e-01
6.462141235608340750e-01	-5.913263914961702783e-01	1.244628395581117569e-01	-1.080848101515591075e+00	1.378981825623810664e-01	-7.065238237509986474e-01	-5.299148199952136151e-01	-2.560049994380312888e-01
9.877503607465567548e-01	5.157070803257536307e-01	-6.614671971757192237e-01	2.536409776094578628e-01	-1.123031443052757927e+00	3.200791243992418433e+00	8.079467595827921622e-01	-6.188594323038013600e-01
1.859246605588941392e+00	-1.003457331160735988e+00	3.780194438288270176e-01	1.834575551590085452e+00	4.052309836548184108e-01	-2.338006898823170310e-01	2.491245341331368990e-01	-4.596667230509678403e-01
5.321555702940623522e-01	-4.478552407097694671e-02	-6.077728870484783164e-01	2.430210095528266834e-01	-1.024742617177792914e+00	3.452654558499752113e+00	1.063917005491943568e+00	-1.277269708947464666e-01
1.833662233407049591e+00	2.522557939852968500e-01	5.686496228256807672e-01	3.737185396857131137e-01	-1.630612027040367895e-01	-5.820924409521675003e-01	6.733440035351319075e-01	1.291967653802092442e-01
1.803455245118288586e+00	1.194712549419928715e-01	5.661460886929386982e-01	2.718515887146395471e-01	-1.317659048408134081e-01	-6.186556759277750395e-01	5.685823230008573148e-01	1.243854878855894797e-01
1.497979400697942332e+00	-1.023892844259933321e+00	9.202784244581070361e-01	2.467096323034630445e-01	1.041327347026230310e+00	2.898690936410717733e-01	3.253845721740907804e-01	-2.987869757275169458e-01
1.257104034587700037e+00	-1.081438086088757355e+00	-4.558384913895916490e-01	1.626749810176744804e+00	-2.812807811520364604e-02	-5.677592323102058636e-01	-5.057992017072802104e-01	-7.832546848947182783e-01
1.737446061069644276e+00	-1.184040604917115269e+00	4.730238697143783200e-01	1.783331909577674068e+00	6.434724249690504383e-01	-5.613951448708697639e-02	2.138638875700123732e-01	-5.469393447546639919e-01
1.142944729572445306e+00	-1.009423501181465621e+00	-4.427136180661714882e-01	1.324720692838945668e+00	5.224286997936350430e-02	-3.985764756215156579e-01	-5.088474526562796196e-01	-8.651382454538805167e-01
1.704068809339648327e-02	6.684005883890953292e-02	-4.705857641898396615e-01	-3.083505626134924998e-03	-7.021067223869867924e-01	2.984885459060671931e+00	9.734508569197429795e-01	-1.510176172760335778e-01
3.796720568955451736e-01	1.290351554805418965e-02	-6.088269827689875013e-01	2.068175276698173137e-01	-7.012652987034727614e-01	3.325207317031934728e+00	8.693872826687889521e-01	-2.486952759117294909e-01
-1.330681220113163511e-02	-1.648551150551728073e+00	-7.373258837209932803e-01	-1.091061920699022969e-01	8.072593073918066242e-01	-6.095541817864975620e-01	-1.513507173056111155e+00	-3.378999153371284869e-01
1.242383474890709216e+00	2.146508922041322209e-01	-4.000080511576152853e-01	3.061133531709157030e-01	-6.766993584256784100e-01	-7.748803043900671650e-01	-1.159449231592428048e-01	-3.060090056493476318e-01
1.620927515747512260e-01	2.636617001998752263e-01	-4.859095708359807975e-01	8.482284900500234315e-01	-4.855750960906698444e-01	3.444004322048405786e+00	9.845789818468079213e-01	-5.784391792055232351e-01
-3.600085309397150352e-02	-3.434481273675314972e-01	1.363291774069777862e+00	-4.323010162076668106e-01	-5.613382512194639018e-01	1.526262488798302730e+00	2.097346367823960556e+00	3.522958017642126016e-01
1.269779535513388069e+00	-1.022774690034817135e+00	-4.981385223814329688e-01	1.689103039186633959e+00	-6.619445811646378075e-02	-5.676134661346511345e-01	-4.871675098744253640e-01	-7.795238395660252229e-01
7.899773139742911621e-01	-1.252650947180151242e+00	-3.778753901882118127e-01	4.788780967319032911e-01	6.801560139254412274e-01	1.400434140858577148e-01	-7.286224297701350272e-01	-1.006258034529559531e+00
1.541761241166130114e+00	-1.464118976075515222e-01	7.815473903312916137e-01	-7.353668644590414250e-01	6.645843254438132952e-01	2.950728387604455438e-01	3.982113249639431807e-01	-5.917953843036669742e-02
-4.861712210221789121e-01	-2.360712654153946932e-01	-3.150445340403867367e-01	-7.848800696959135070e-01	-4.141233237021011426e-01	1.882962879222591424e+00	7.696205427553903800e-01	5.306519350187379747e-01
1.026392544873913348e-01	-1.416780591643668430e+00	-6.655137948361149469e-01	-2.982259242935905719e-01	6.896325164187535606e-01	-5.360042927793815526e-01	-1.384607840309943105e+00	-3.995569518661540864e-01
2.657634571278592039e-01	4.773443976771375441e-01	-5.009612961499201322e-01	-1.621181811303251230e+00	-8.629598043988013778e-01	1.851345878959560043e+00	7.243120111619956170e-01	9.565137315546550223e-01
-1.667385978997592832e-01	1.665620566701154492e-01	-3.794906167737246983e-01	-1.480680653243492406e+00	-7.540196793363549421e-01	1.674421823762578088e+00	8.178519078142092447e-01	1.042830968175723072e+00
9.399712198070477864e-01	-3.607107931318899174e-01	1.217707406369585632e+00	3.415346647340578023e-01	-5.651367527890223119e-01	-4.231866051640352511e-02	1.471880232192670057e+00	-3.735858881930577136e-01
1.284734181698694133e+00	-8.492208571235894121e-01	-4.689454554374527517e-01	1.605698673275139932e+00	-1.952276436650137170e-01	-6.690951027640660298e-01	-3.990644619216155986e-01	-7.039110753503425855e-01
5.538355879355537359e-02	-3.541589363567906323e-01	-3.774596141054825105e-01	4.641025976244456119e-01	-8.711172159079916266e-01	2.586069933864965087e+00	8.837432377737666211e-01	-3.599542470403157002e-01
1.278568229687778723e+00	-8.861932589388484827e-01	-4.741745906965708079e-01	1.615067823932891056e+00	-1.578577765602753036e-01	-6.222486725473527214e-01	-4.249626500133436569e-01	-7.454994559126733034e-01
2.060254019517467228e+00	-5.825319670925587223e-01	7.528512935832271102e-01	1.786893228032414349e+00	2.460959346544325244e-01	-4.211794370084745442e-01	7.177989810048126529e-01	-1.440218888636644878e-01
1.898567972115555946e+00	1.988638352344706262e-01	9.228523758819461298e-01	1.752487801057451000e-01	7.587461550895802098e-02	-3.973745522226788673e-01	8.946530084644054304e-01	2.232541416242949384e-01
-1.759459026474013421e-01	-1.596166922803383903e+00	-1.077270569329011662e+00	1.411794379126226906e-01	9.946952341294206246e-01	-3.360475358207504759e-01	-1.707318001248710360e+00	-3.923666886547810262e-01
1.908041846279651343e+00	-9.496663564199466778e-01	5.892787528898747462e-01	1.813169820130286380e+00	4.838053718357611666e-01	-2.238353327175783003e-01	4.322704894605376991e-01	-3.630648102207866268e-01
1.908298315324403749e+00	2.442293171671880703e-01	6.523009062278515291e-01	4.710219011097002140e-01	-1.122992930840533143e-01	-5.866080726499153242e-01	7.485238779286257360e-01	2.127641803200183146e-01
1.134381110478599464e+00	-1.198636053139470192e+00	8.947986568467192203e-01	-3.453559886608275620e-01	8.399217397874241264e-01	-3.665177356796083807e-01	-1.534485080764410626e-02	-7.872566530618244074e-02
-4.724937885305281748e-02	-3.602917175819558837e-01	-4.177455684006062264e-01	5.704066871688131535e-01	-7.598213557768086490e-01	3.088537449386298928e+00	1.079603146574434902e+00	-1.333684023428356458e-01
2.098619474376655636e-01	1.084362139381681023e-02	-4.959114611152100616e-01	7.057229914334056664e-01	-8.051470579390387350e-01	2.847343059316742142e+00	7.789566749444664095e-01	-6.952168440647319425e-01
6.444566221496614844e-01	2.465014895853062937e-01	5.556458512307103081e-01	-1.054916532646944294e+00	-2.340951790023323431e-01	1.997431825689343521e+00	1.565133987507607127e+00	1.337592441987751180e+00
2.831375910653083916e-01	2.133014589394799099e-01	-5.937664873407594301e-01	4.041619034577523806e-01	-6.005097392403175860e-01	3.355102093983177713e+00	8.660310149068169983e-01	-4.114948283446009381e-01
1.439527370288908870e+00	-1.304670222158142767e+00	6.469584215937279614e-01	8.438239683685149206e-01	1.181636869351819108e+00	4.227295659655845306e-01	7.024678472514570005e-02	-5.873252406684901228e-01
-1.504140217290750314e-01	-1.682090443582438116e-02	-4.622129633108973956e-01	-9.296135101571496584e-01	-6.438656864320383422e-01	2.398646711860432212e+00	8.981928184005739668e-01	7.339983623624101172e-01
3.612859286750200183e-01	-2.321555005503444791e-01	-6.726272809526675500e-01	-2.132962734061182308e-01	-6.551970388130892164e-01	-1.466474591236918812e+00	-7.973305900003728741e-01	5.225828869057647097e-01
-2.042165907325365626e-01	-5.501697940860776903e-01	6.446349432018179115e-01	-5.308301735115148468e-01	-6.280846104123269935e-01	4.787354797554400077e-01	7.827945187183078524e-01	-9.321543354672725545e-01
-1.419007816212362050e-01	-5.444509110572464117e-01	-7.170177182854985398e-01	-1.264376669152240229e+00	2.425948814144340826e-01	-7.832401968571178763e-01	-1.310412104166478242e+00	3.135559928971130561e-01
8.177102634225000832e-01	-1.234711626510281768e+00	-3.506479723714410190e-01	4.451637702723476586e-01	6.452445052059463393e-01	1.086433439534414125e-01	-7.053378758598159992e-01	-1.006651897627230285e+00
5.491725406462033554e-01	3.402983122895314461e-01	-4.601857857496790549e-01	3.717585875747768664e-01	-8.834823080171295695e-01	3.135851291396832163e+00	9.843034039626491483e-01	-5.211526995491349012e-01
1.237985778573548856e+00	2.698209837517377974e-01	1.153214870377057721e+00	1.413546209678192334e+00	-5.058769526670268135e-01	2.843742938221124117e+00	2.413089009433272647e+00	-9.133561691153241346e-02
1.098703618707184582e+00	-1.377766840698578354e+00	-4.355660046812722119e-01	1.622244157077893378e+00	6.740148719290631196e-02	-8.133786225843089301e-01	-6.642523765511054723e-01	-6.609372094667080866e-01
1.910929796350306020e+00	-9.981821003164108586e-01	6.197594045500476323e-01	1.674616151325553304e+00	5.682487870814563191e-01	-8.065524912892998999e-02	4.292208913947798687e-01	-3.716180098544001886e-01
6.151678193400342276e-02	-7.991566840974050068e-02	-4.740446005873358293e-01	4.925780349759696364e-01	-4.919184027639016410e-01	2.843814713409424044e+00	7.159509173251423775e-01	-5.356117213565557700e-01
-2.585819791065303505e-02	-1.730469588267287806e+00	-9.056744719168553504e-01	2.310628254568021789e-01	9.365812584132551244e-01	-4.156805470760284726e-01	-1.604966131195282086e+00	-4.737638117142148886e-01
-1.075333346624890163e-01	-4.551781081390136041e-01	-7.557970108110836360e-01	-1.234804363495571211e+00	2.450039576441261358e-01	-6.230490651563841409e-01	-1.280332907009335663e+00	1.605840030433244303e-01
8.669579664958452225e-01	-7.006629652311424650e-01	7.787508259557734958e-01	-7.127317617283286388e-01	3.422202009672136724e-01	-1.843249817296745141e-01	1.418294721233619438e-01	-4.514962502992353466e-01
-1.053840563337471170e-01	-1.595179152748060325e+00	-7.585657806405035064e-01	-2.456293725587923582e-01	7.785458824029263258e-01	-6.882924773808507535e-01	-1.553389954594893929e+00	-2.067767138612604250e-01
5.311595035953298183e-02	6.838906974662619653e-01	8.705122021836948776e-02	-7.420735469852671740e-01	-1.127715832370441928e+00	1.908037836228907436e+00	1.239527611703173715e+00	-5.880467992419963208e-01
1.983359013933527315e+00	2.420053746037677256e-01	8.132525888255256463e-01	5.553054300402253673e-01	-6.691059477799476962e-02	-5.133826492155305621e-01	8.907988740344312539e-01	2.060846465302869912e-01
1.153603262183997114e+00	-1.034523599737880772e+00	-4.285991324598907304e-01	1.217082220874609044e+00	8.751873442148197513e-02	-4.183208083979059189e-01	-5.319951429981771840e-01	-8.476953962867315173e-01
7.668172040037821713e-01	5.251044545204824887e-01	-6.092822162962521215e-01	2.435194690757100100e-01	-8.428702639287516396e-01	3.142583764355911580e+00	7.267949044148294124e-01	-7.254117835606525011e-01
1.150967250214157023e+00	-4.730304971987397966e-01	9.026493935380974776e-01	-8.657569791514118096e-01	4.782638663875140028e-01	-2.044712246314594473e-01	2.674206402660661563e-01	-5.993623314119721907e-02
7.649062590042869647e-02	-1.689330330157935878e+00	-7.327817210642156853e-01	1.012910107461391929e-01	8.349834607794970331e-01	-5.020948289935617259e-01	-1.482673487313541649e+00	-4.746337694651268091e-01
2.039860869594669168e+00	2.806092767875452143e-01	7.995375563934671304e-01	8.806245630468368946e-01	-1.803102297327945636e-01	-6.948475062508755462e-01	9.675102120410253859e-01	3.069127265728788800e-01
1.952150570742189117e+00	-5.375411185488591093e-01	3.752537972459056292e-01	1.598601266444614533e+00	4.657351356030428602e-02	-5.260771814146731895e-01	4.101051036762282109e-01	-2.359967330627068816e-01
7.187286997815411915e-01	-4.293965181837269829e-01	1.296967100698962483e-01	-3.072734265055055425e-01	-5.136684295888986895e-01	-9.132257618781813857e-01	-8.088744788819382525e-02	-3.121660738793118339e-01
5.051525377508452319e-01	4.351208246511832911e-01	-7.065903368112881333e-01	1.607941350434760053e-01	-4.737149411318494763e-01	3.493387822714432822e+00	7.278833733756990831e-01	-3.786166925385427429e-01
-3.522510577606650650e-01	1.486791193109206766e-01	-3.292451783301824086e-01	-1.451478712202725507e+00	-6.784379824877443399e-01	1.600544061377125571e+00	8.638293691025330512e-01	1.075695010925401762e+00
1.577799673859833440e+00	-1.311835244547285284e-01	9.936548681179174780e-01	-6.700291611263901048e-01	7.711504032800327035e-01	3.198067369657834336e-01	5.989478552072140527e-01	6.484398617588646441e-02
1.754464532574466551e+00	2.163632853264128852e-01	5.765877986603616945e-01	1.255511239642919663e-01	-9.621548481503869321e-02	-4.895275385134663093e-01	6.185898753211451773e-01	8.432639926524801433e-02
1.941877410954719219e+00	2.371620702629414768e-01	7.361656167240910875e-01	5.845116081076865422e-01	-1.310855685885599087e-01	-6.120889155062250175e-01	8.512055232720775466e-01	2.441208972206770078e-01
1.134245794989774681e-01	-1.850496565892763012e+00	-6.546190125309491181e-01	2.715624467680675114e-01	8.897085192192513148e-01	-5.401257460057886650e-01	-1.438788359864913602e+00	-4.982805313260247893e-01
-3.667559506624015198e-01	2.577489687680332153e-01	-3.495901938927263308e-01	-1.499231753298313263e+00	-5.810875720188968252e-01	1.708093576641427580e+00	8.615775171471561356e-01	1.101208027475303997e+00
1.799000974112749063e+00	-1.160134679015968340e+00	7.066607483418816393e-01	1.526283507329057043e+00	4.996923516095875262e-01	-8.495284589646070472e-01	1.654401747898681940e-01	1.243598909437260702e-01
9.515188493656068225e-01	-3.038684354301774970e-01	-2.756747878525573139e-02	1.963859398917550125e-02	-5.924085088149698697e-01	-1.233775436256537184e+00	-1.376509713884389308e-01	-9.161587458750503066e-02
1.210176236962836605e+00	-8.408490218309270237e-01	-4.335070268328529708e-01	1.208957098799789742e+00	-9.218069445168501630e-02	-5.384242771558798157e-01	-4.519010446018967841e-01	-7.663870389200979627e-01
1.799925802717869283e+00	-1.208516560813197804e+00	5.237924759935266295e-01	2.007770972940608800e+00	5.858803475860860921e-01	-1.464495882007873229e-01	3.117405861500527342e-01	-4.649643713991085114e-01
1.566690690347178672e+00	-8.989775708079106309e-02	9.019938933547215765e-01	-6.198360400970273076e-01	7.560231604094151958e-01	4.243468223707363429e-01	5.332648827211801112e-01	-4.579169598971553901e-02
5.300784530816978757e-01	-1.323388148147616850e+00	-7.963120448687325270e-01	1.259056598081904621e+00	-2.059039232837160949e-01	-1.441420782854319960e+00	-1.133294772104080916e+00	-8.474812917473360796e-02
2.006213286656215011e+00	-9.935222941552550591e-01	7.969224045281938507e-01	1.987933885925286637e+00	5.989335810959033335e-01	-1.576510894332579793e-01	6.068603759673104614e-01	-3.031996327278539405e-01
2.027250120105408726e+00	2.101751506543772241e-01	8.869088051826879981e-01	4.477883358339360687e-01	1.485016002564520932e-02	-4.503622138408244768e-01	9.258140297319850109e-01	2.744325640129641752e-01
1.619599518992113074e+00	-1.287544307730910997e+00	9.975381071179999504e-01	1.021700902829416835e+00	1.320506168523851498e+00	5.345126119090851669e-01	4.050316403209502369e-01	-4.281367172246853814e-01
1.849983209106524473e+00	-1.025683408454791001e+00	5.238756233425414521e-01	1.784330950648889580e+00	5.184338700804551614e-01	-1.759351971163050365e-01	3.406336772934220880e-01	-4.291385226016156129e-01
-1.198448010886350723e-01	3.507111491927955571e-01	-5.020734313468672161e-01	-1.601992080354320613e+00	-3.687366007181023808e-01	1.986990401368526449e+00	6.442621907554664240e-01	1.064570947676142021e+00
1.942499176230581881e+00	2.061794384998333618e-01	7.745866009521574780e-01	4.560913000212910573e-01	-5.608691158973493768e-02	-5.410950074865655823e-01	8.335184916930601373e-01	2.207373442586400003e-01
1.577855003254371224e+00	-1.549325844235078520e-01	9.612260005334075652e-01	-6.291515714211214361e-01	7.688230588731435056e-01	3.488968387310551478e-01	5.680473334178131051e-01	-5.894565155088184964e-05
1.946293806805041271e+00	-8.473987806522539357e-01	5.864157245356599324e-01	1.785721430322554593e+00	3.899315916227125700e-01	-3.007492465630980383e-01	4.681891550024670501e-01	-3.184168942450066320e-01
1.145516233372094073e+00	1.884420912135923165e-01	-4.032148536548231244e-01	1.405476414528793461e-01	-5.894927081282177461e-01	-6.589209883419062663e-01	-1.606249115764084578e-01	-3.570610428686972759e-01
2.193349341912845252e-02	5.315541841636153841e-02	-4.837773190099303178e-01	-1.364510300568246404e+00	-8.291917422753820599e-01	2.014406587885993360e+00	8.079341972409128658e-01	9.978827769043234763e-01
5.368225062234861511e-01	2.013745969945495429e-01	-6.028560332360333174e-01	3.400779276624454894e-01	-8.260929572672172094e-01	3.262183038221642573e+00	8.420168828015986984e-01	-4.701140821932351388e-01
1.602997170519853576e+00	-1.204736266683866519e-01	8.678438687010665564e-01	-6.985944233290066752e-01	7.467862754562397676e-01	3.956295047494067241e-01	5.003978319802921959e-01	2.184172753771418396e-03
-1.351317856771705739e-01	-1.398824460599223662e-01	-4.995194969384009198e-01	3.717111177287004686e-01	-3.910605547772200707e-01	3.254311044367182770e+00	9.572587226569971852e-01	-9.818577783708824780e-02
2.321759385956633504e-01	1.618232637641755511e+00	5.357456786659211545e-01	3.817463009039848698e-01	-1.679492456700810488e+00	1.212067837525504288e+00	1.967697109127886090e+00	-9.832313837528691147e-01
1.172097317050207588e+00	1.788206531633224905e-01	-3.336490249033234878e-01	1.305425589714710455e-01	-6.277756976752107976e-01	-7.333191233415802257e-01	-1.094322626164941081e-01	-3.629674402911514663e-01
-8.823663230147482661e-02	-1.797015454886322416e+00	-6.429815907953712051e-01	-8.299369096191858142e-02	8.327771522226896650e-01	-7.534878342615930480e-01	-1.494901730591781996e+00	-2.315218859903612203e-01
8.458067688000978634e-01	-9.133745075358432053e-02	-2.566295209648394304e-01	-9.981090874772932109e-01	8.408420438493938165e-02	-1.011525333733121314e-03	-4.693674815242630527e-01	-6.086893126681482968e-01
3.851966017780957818e-01	4.462511523156624804e-01	-4.323428545933745148e-01	-1.528020324589701273e+00	-8.972357521139208147e-01	2.360520152199589106e+00	9.688874421372575263e-01	7.878954582468709056e-01
2.153684155088358976e-01	-5.231739852147340164e-01	-4.375838084144438866e-01	-1.280922775927598956e+00	1.776048199973970787e-01	-6.594247719275301289e-01	-1.026351062757782984e+00	1.852822974712972637e-02
1.298288252471788917e+00	-1.402353772753359151e-01	5.075350151343801519e-01	-8.161097973097878322e-01	6.388727902793054358e-01	2.605046989530662715e-01	1.377779070508888259e-01	-1.754160211443886175e-01
2.476845398444744162e-01	-7.537611706522394650e-01	1.739577164372325901e+00	-1.741434206517619709e-01	-2.691215231262108487e-01	6.603781385578341157e-01	1.720424846026726851e+00	-5.956923856643440152e-01
1.815844928252489554e+00	-8.399534333297871136e-01	2.895480962391697721e-01	1.845549800153883480e+00	1.691525093120783696e-01	-4.623979489290642730e-01	2.579304825636734022e-01	-3.928128746027648166e-01
1.043621841072703005e-01	-5.971855634512122091e-01	-4.475974551264139678e-01	-1.234613819880236996e+00	1.644094201175194114e-01	-8.038141083065776238e-01	-1.081150760489003160e+00	1.278579003619589316e-01
-3.011436416132978189e-01	5.027545233130772395e-01	-4.656143232052949998e-01	-1.117224850195452701e+00	-5.352049723480426513e-01	2.193434670297731870e+00	8.472386039434421923e-01	6.794120895777948643e-01
1.591698565585630165e+00	-1.131760864112318465e+00	5.909333253564443833e-01	1.100836650423264951e+00	3.843407812014100755e-01	-6.478875792405848211e-01	1.439265502707507416e-01	-1.441783073000447724e-01
-2.723415658704522735e-01	-1.770248666594236964e+00	-1.058946232316293479e+00	2.594139105901080988e-01	9.228123500934606316e-01	-4.894500685995560874e-01	-1.763502995430249909e+00	-3.109662600948818745e-01
8.387285419950993859e-01	-1.325626970923630132e+00	-1.759883197992685999e-01	1.509533200583404455e-02	5.858964300393700864e-01	-2.783199960160298581e-01	-7.401246605934184153e-01	-7.433711169400232244e-01
1.258281245647583590e+00	-7.957027546675179419e-01	-4.639587466472753774e-01	1.301380649730706107e+00	-1.442167039801540429e-01	-5.671464789616419422e-01	-4.297539183811857622e-01	-7.160277357488715744e-01
8.134637117229353009e-01	-1.065609893276511233e+00	-3.183553581317949965e-01	1.378957686454029274e-01	5.345685158068522735e-01	4.435090397634229575e-02	-6.798398409085595340e-01	-9.535679729411311589e-01
1.081136634692363874e+00	1.470238442747126839e-01	-3.238415711908078642e-01	-1.427190496929723329e-01	-5.056608689040196225e-01	-6.089695782568750326e-01	-1.748513503451919748e-01	-3.717631818296268098e-01
1.194746162168946357e+00	1.933551050250103265e-01	-3.597266496990194073e-01	2.119464391940871217e-01	-6.430279483482677083e-01	-7.219190332560997403e-01	-1.148215953028632608e-01	-3.712333553034208311e-01
1.223021385004170680e+00	-9.643107147402523172e-01	-4.551504709257712111e-01	1.421893469097155860e+00	-4.396502487025779476e-02	-5.363144070695097243e-01	-4.798897888284898161e-01	-7.804030831234034515e-01
-1.399232671767767777e-01	-1.305540779391405781e+00	-9.631332909089539429e-01	-3.761749185322665334e-01	6.185459607098948709e-01	-4.439640422928401442e-01	-1.565919570066706568e+00	-1.803883611938190135e-01
1.996382118703277753e+00	-7.902442783149868921e-01	5.604795584091146754e-01	1.985724040880257446e+00	2.545855664627698078e-01	-4.058174678140423208e-01	5.150185704532447284e-01	-3.147927630550122480e-01
1.535827286759630983e+00	-1.165292889465080028e+00	9.584753596257399311e-01	7.234028377615708827e-01	1.151201586669323929e+00	5.074378792232435709e-01	4.246071941356648338e-01	-3.924290852193111911e-01
1.888738733862728836e+00	1.548725394541038691e-01	8.061714121056953175e-01	2.388094626099414308e-01	2.991260726828587346e-02	-4.293482249581346832e-01	8.027622651192157788e-01	1.840448709390527793e-01
1.250130950838191701e+00	-9.300984791425268572e-01	-4.624276319701632332e-01	1.497184859476523799e+00	-9.466907852730077622e-02	-5.838837267534859876e-01	-4.554436632750309966e-01	-7.553789920886314624e-01
1.223686457519097326e+00	1.957803959483139511e-01	-3.702319709652429069e-01	2.877993328818826413e-01	-6.646869579006979833e-01	-7.809319742315493640e-01	-1.037877534248220907e-01	-3.193364595197123457e-01
-1.852236763850234891e-01	-1.805311834786634151e+00	-8.365947182542565752e-01	1.453787767961789434e-03	8.757813617766334602e-01	-6.842277615694755122e-01	-1.645439995706953429e+00	-2.498530432280553493e-01
3.316773533674052254e-01	1.083613501827318526e-02	-5.945141725889848683e-01	4.045424769995883407e-01	-7.478618218386375860e-01	3.577606308178500338e+00	1.049167484823880336e+00	-1.824670234616105891e-01
6.598358741674946737e-01	-6.530130269075002936e-01	9.651971751467054716e-02	-1.094704236339671732e+00	1.604105349540788095e-01	-7.616232147814449016e-01	-5.725459885361992018e-01	-1.355822820629860037e-01
1.478814276194231780e+00	-1.823055499482816588e-01	8.536049702874247691e-01	-6.885593810956999183e-01	7.523330210440908328e-01	3.163266060867190310e-01	4.631779134130116216e-01	-2.483970242896453573e-02
1.271737249563381855e+00	-1.028991119089812667e+00	-4.758327844235506476e-01	1.761472480595644541e+00	-8.180096648554559258e-02	-6.038379726019562632e-01	-4.554891161974975455e-01	-7.734320244381212017e-01
1.926573670747165901e+00	-1.020347293429553437e+00	6.132196115863220998e-01	1.994914269061399681e+00	5.259654436277403367e-01	-1.594048785112605615e-01	4.496394459399016275e-01	-4.133885382529017272e-01
1.962063757899513261e+00	1.767893760064802311e-01	8.953168516291013512e-01	3.767143664284974269e-01	4.279453760217455383e-02	-4.493444665058916598e-01	8.971138119681563161e-01	2.395177776378695500e-01
3.624702409603958175e-02	1.576862131106263887e-01	-5.270890927509414015e-01	1.395123319573686183e-01	-5.219826831129134037e-01	3.190965349580525690e+00	9.145438085766094405e-01	-2.267859563371047993e-01
5.006652252864107755e-01	-6.905336567583789664e-01	2.579136188807596430e-01	-1.690416134064198495e-01	-4.365518146187358783e-01	-5.285885718643015263e-01	4.905806926390833544e-02	-7.062902311524605903e-01
1.961210006608839151e+00	-1.058178076241429455e+00	4.958864394222691208e-01	2.315101274784208574e+00	3.962552009218701099e-01	-3.097347141709740903e-01	4.120377343371242618e-01	-3.990544476505842320e-01
-1.295931193021989114e-01	-2.353718142404789548e-01	-4.606364094125909858e-01	3.500069557783798690e-01	-3.620120811832380214e-01	3.054561151378032413e+00	8.866081569077350899e-01	-1.244018859083666634e-01
3.196501597267269457e-01	4.687306544653183082e-02	-6.312897575264520000e-01	3.677505749601733820e-01	-6.722937756708172730e-01	3.379032290816931017e+00	8.562069626078530060e-01	-3.212731396493994085e-01
4.270399349173463754e-01	-6.954251145009734403e-01	-6.590839131230409598e-02	-1.158399264808127382e+00	2.002278501063388116e-01	-8.201101633721770146e-01	-7.509870227160612144e-01	-1.010189946540535587e-02
-1.439858784144035231e-01	-1.614122344367172390e+00	-8.624018809123261686e-01	-1.083535285274021820e-01	8.293309954648404592e-01	-5.425951875265569990e-01	-1.613398240951035234e+00	-3.877964978658620110e-01
8.601465535747410129e-01	7.856899648100656997e-01	1.529861768303176550e+00	-1.805510311161766593e-02	-6.478998226528638327e-01	2.333162435271079804e+00	2.477407746678731648e+00	-2.873290159240039499e-01
8.373346741427055706e-01	-1.170693580551609658e+00	-3.847387508384338406e-01	3.379745753000745201e-01	5.923812697620438605e-01	1.158301874441925727e-01	-7.264024265659247970e-01	-9.875520091269073264e-01
1.278504105497588972e+00	-9.113312702354612327e-01	-4.656473865300364556e-01	1.650562076489021868e+00	-1.748121618606886807e-01	-6.685941538721191790e-01	-4.131768074612289787e-01	-7.068135393126706578e-01
1.991504008091660172e-02	-1.908580375127217010e+00	-7.501807912871191197e-01	3.616760195607718886e-01	8.958509746012441877e-01	-6.069608381549540521e-01	-1.525209316375326862e+00	-4.274675364798949939e-01
8.020070196544029084e-01	-1.323192978469699632e+00	-4.076240835940391771e-01	5.879500793697937100e-01	6.758759984016313727e-01	9.247475936344740077e-02	-7.755735774311226516e-01	-1.010422679614429775e+00
1.870715832500506215e+00	2.407902034416404546e-01	6.808598284130190637e-01	3.524248294243326196e-01	-1.008176988993351592e-01	-5.212440379075707897e-01	7.519518531534838957e-01	1.405237473512291335e-01
-3.092541359073675555e-01	4.207789175200132847e-01	-4.604685226513062224e-01	-1.524372033084134159e+00	-7.605874505536167618e-01	1.929061659261931849e+00	1.014849762843567316e+00	1.434039379314459239e+00
-2.006380196659015569e-01	-6.776181109681764791e-01	-5.833448451098677268e-01	-1.243235301193626574e+00	2.166843180235195065e-01	-1.012863273194849034e+00	-1.277410817712778535e+00	4.793968489897622587e-01
8.292158053684266505e-01	-1.397125159656596338e+00	-3.486155993112772800e-01	7.388002085302389776e-01	7.039728338462052371e-01	8.683083441806463409e-02	-7.247155424668352275e-01	-1.035892210323798190e+00
1.486686268955234480e+00	-1.153350873876276550e+00	7.153402715812001711e-01	5.995158285084938310e-01	1.133369468962048376e+00	4.005336186774478557e-01	1.473077706945054577e-01	-4.997254292939805609e-01
1.571669984822050337e+00	-1.197565294229017141e+00	9.862575884330858633e-01	8.512108363904697939e-01	1.307541115717816727e+00	5.271181650791955109e-01	4.044098477379950429e-01	-3.941977670214120155e-01
1.916484010146702888e+00	9.750968439071019955e-02	1.004475056551423551e+00	4.502021116507254339e-01	5.668189247004129516e-02	-3.836772867858528335e-01	1.028632656299606207e+00	3.066087144762618122e-01
1.396235238089920783e+00	-1.202717815078031771e+00	5.451177361988576164e-01	6.187316927120508625e-01	1.077622933081602286e+00	3.573985051537628688e-01	-1.069820914768341256e-02	-5.975257262154123339e-01
1.226839929140541574e-01	1.208375453546491451e+00	4.191877382900680571e-01	-2.577223277359337317e-01	-1.342666483679337608e+00	2.248355793241356260e+00	1.777564496904880720e+00	-9.952609247681092342e-01
8.294156708847554293e-01	-1.315741571852881986e+00	-3.490463600468690086e-01	5.874197381108210436e-01	6.669526254882811589e-01	8.102833175337972871e-02	-7.187123899059473242e-01	-1.017619904365040240e+00
-6.604537052190817548e-01	-1.870233073573361327e-01	-1.422924503029778520e-01	-1.118009639961120794e+00	-7.465966345129871895e-01	1.208725532667970670e+00	9.793041672001109310e-01	9.895420896229816243e-01
-2.320233520998124799e-01	-1.908932589658315360e+00	-8.355374719211909884e-01	3.015663480203103486e-01	8.412238948757011503e-01	-4.656464469517675453e-01	-1.509111279008593876e+00	-3.293047078923794224e-01
-2.571354496876240847e-01	-1.597653213939028150e-01	-1.618511019510930626e-01	-1.186508783125981070e+00	-9.332196122444762487e-01	1.116879902276699976e+00	8.483637950289750762e-01	7.674726148418020699e-01
1.214208518479138244e+00	1.727120848708163237e-01	-3.853332131065059230e-01	7.046643251507528349e-02	-6.025300536918919425e-01	-6.635932858106720067e-01	-1.569551503352719646e-01	-3.479310619724265696e-01
1.175600590018017089e+00	-9.047729164514684008e-01	6.450474924967519730e-01	4.056485313595048492e-01	3.144796665266372249e-02	-5.253585893832954934e-01	2.940333602945874869e-01	-3.921382000198462836e-01
2.032206133528408731e+00	-8.081395434310405523e-01	8.006872101689456178e-01	1.781723702530062292e+00	4.843600152623484534e-01	-2.396796022724453634e-01	6.515466974774546394e-01	-2.309216948966215932e-01
-2.534488227894730605e-01	-5.266024579751831247e-01	-8.125174826863346134e-01	-1.239023130565138464e+00	2.661424606201899246e-01	-8.002055334024040789e-01	-1.388272640689246940e+00	3.673678881970496857e-01
8.008130722786047651e-01	-1.152750152203156492e-01	-2.626994106008645469e-01	-9.721771769698348553e-01	1.067860828155851871e-01	-1.448798624894127168e-02	-4.780135444127121547e-01	-5.968331658868828438e-01
8.076135771863472979e-01	-9.561012942286957195e-01	-3.205351788451317741e-01	-4.535656617454341538e-02	4.191306058673616719e-01	1.250749116765360047e-01	-6.134369188746900958e-01	-9.039914887739119997e-01
1.863967708215055419e+00	-1.018541171546419211e+00	5.050178864700411996e-01	1.968016888544939391e+00	4.776390823159521459e-01	-1.768397357819499194e-01	3.631962268480309897e-01	-4.523804483387396935e-01
1.570145568218803911e+00	-1.187948101277664703e+00	8.358245656110682154e-01	7.985101302029370407e-01	1.199857609592535956e+00	4.881938258280795750e-01	2.669667914639018980e-01	-4.869248146803061283e-01
-5.685798040388655439e-01	5.156655754287281512e-02	-2.687544027311857264e-01	-1.379758352634999241e+00	-6.583745664289974986e-01	1.527026961770248770e+00	9.628803111094380585e-01	1.174422372366935363e+00
2.938010284290577534e-01	-2.231682742979751721e-01	-5.297582972697736370e-01	6.894579826147208268e-02	-8.180785176716519613e-01	3.011481513176189395e+00	9.605892854540432069e-01	2.244121155248263166e-02
1.468610040167040109e+00	-1.073461004095184190e+00	6.487857585742038413e-01	4.473728906874433475e-01	1.066490552788386781e+00	3.731575160262109447e-01	1.019414612520033320e-01	-5.074355111345257852e-01
2.003172867588640216e+00	-9.160669223472256428e-01	7.681393078395294394e-01	1.952701574077159385e+00	4.664836768537140022e-01	-3.137565332408822627e-01	5.991262478501995226e-01	-2.597329503587486044e-01
8.188328546366504535e-01	-1.043490963972859786e+00	-3.304629232550750917e-01	1.209783931330184470e-01	5.384508111497452454e-01	7.791926713981306429e-02	-6.706288632121163440e-01	-9.606294608797458778e-01
8.623929325806284352e-01	-8.889251074122802576e-01	-3.281304910745923009e-01	-1.030744291793889711e-01	4.512415825605368691e-01	8.706629904065726899e-02	-6.459392564676232906e-01	-9.099853351436950621e-01
-4.691601450545553331e-01	-5.325244993517298520e-01	-9.806703689953685243e-01	-1.175894947932899059e+00	3.088306922961981393e-01	-8.533015978819799008e-01	-1.503162651120875770e+00	6.052630081803400675e-01
1.515871621218599641e+00	-1.057934550309099553e+00	7.641805711519600308e-01	4.776976591974625430e-01	1.106736929761856558e+00	4.067161582323093882e-01	2.135716448333571105e-01	-4.533587531164372519e-01
1.258074891885385682e+00	-8.862735533499553897e-01	-4.525991713733015787e-01	1.566548090507460245e+00	-1.448574547888447084e-01	-5.929437742033537573e-01	-4.193182748118338687e-01	-7.949678608852157602e-01
1.937500901066404158e+00	2.320411370352992442e-01	7.064234086775098564e-01	5.475759763671607105e-01	-1.276076354681904557e-01	-6.138275812650367813e-01	8.092256015368339828e-01	2.109413108915128565e-01
8.006138722428040033e-01	-1.116077486575160205e-01	-2.673175498645208870e-01	-9.743735774572853670e-01	1.071963967612565294e-01	-1.582331303577742473e-02	-4.828923941486197857e-01	-5.919849662715872540e-01
-3.721752141200720398e-01	-2.031072516631761415e-02	-4.492409018096812368e-01	-1.195131965874331126e+00	-3.294287073736602012e-01	2.401999752865963789e+00	9.232339401485375463e-01	1.162377583128355596e+00
-3.502379304298923191e-01	-5.152211866022189668e-02	-3.800705643305059556e-01	-1.303605016863723209e+00	-6.707859640020330527e-01	1.882289710735247867e+00	9.134979443459130266e-01	1.125110404065459591e+00
-2.406377030152856422e-01	3.326096073811606324e-01	-3.968960203990787305e-01	-1.531791580894602767e+00	-7.648303879214168877e-01	1.765543552883907630e+00	9.157979981999235797e-01	1.194214614101163141e+00
9.397079430353717511e-01	1.213465110964388138e+00	1.226683087650481285e+00	9.431121784111914375e-01	-1.282044410581413052e+00	1.684717266952828751e+00	2.601706333898666124e+00	-3.626834306806155928e-01
1.981163931833858749e+00	-9.195486360616348387e-01	9.606151730442883396e-01	1.659263470011038466e+00	7.218333773003424714e-01	-1.595755000663702516e-02	7.172181392006631295e-01	-2.237643798896751246e-01
2.624755572233228307e-01	9.530204161041874733e-02	-4.089891363116064937e-01	8.008159957339653356e-01	-8.242047806477171834e-01	2.900509179322138031e+00	8.971973448486204594e-01	-7.691845231631869728e-01
7.496779584882963254e-01	5.634187408348958481e-01	-7.097761997756698582e-01	-7.210619329957920765e-02	-7.002352388102814906e-01	3.247700855959057442e+00	6.635602000766458453e-01	-4.508268132285526142e-01
1.569075791266962838e+00	-1.330074432279320928e-01	9.921294116779136862e-01	-6.445994861926578334e-01	7.683271808888252341e-01	3.546016218840318812e-01	6.072908504228040627e-01	3.604294585871353762e-02
2.441780357127532053e-02	-1.810909195353810119e+00	-7.766751882843007104e-01	1.682925971508665852e-01	8.961311623736150089e-01	-5.378667337079732214e-01	-1.547274737702832192e+00	-4.244167569519798899e-01
-4.864341691791700395e-01	-1.475736420534621840e-01	-2.399062758169497322e-01	-1.214060032126703659e+00	-9.559423594389835355e-01	1.510250239654058024e+00	1.084814221190977701e+00	1.182230575467950962e+00
1.499062987993929452e+00	-1.720983205101275504e-01	8.361409139799457213e-01	-7.078094974173934073e-01	7.281427186477529290e-01	2.855698091908038250e-01	4.339645618605541544e-01	-2.129878850074878524e-02
1.263321792811921362e+00	-1.048746945521433993e+00	-4.781125938915206652e-01	1.761445886031896668e+00	-6.097088079756301376e-02	-5.887186513648394737e-01	-4.650360761705116808e-01	-7.766062657279425574e-01
5.109543739014008601e-01	-1.008862647361517428e+00	1.225093388446168857e-01	-4.342694509677026415e-01	2.555631878028396531e-01	-2.663760276438456587e-01	-3.964322944535793036e-01	-8.232489494553815179e-01
8.760432650958767387e-02	-5.963058743960235608e-01	5.362800306173665099e-01	2.620491973093003191e-01	-1.157197931477428554e+00	-7.289677236669706017e-01	8.113689438654336783e-01	-5.226831215943512632e-01
1.105219866427567421e+00	-1.195959219632923176e+00	-4.703036759525492938e-01	1.353015955301594575e+00	2.322244580802489966e-01	-3.326093223926574471e-01	-6.098165574409702971e-01	-8.931186004935295353e-01
5.266233161687254860e-01	-1.860136377913988726e-01	-6.074841223075588825e-01	1.245183670381880131e-01	-7.725227388967893516e-01	-1.800947457725238232e+00	-7.023786390581334693e-01	7.003234837801672885e-01
1.186975391735117513e-01	-1.857681818378121297e-01	-5.154357171882754107e-01	2.982886188504487723e-01	-6.443575311535263417e-01	2.984213424858815245e+00	8.139831789425493458e-01	-2.998751595173486661e-01
1.206902114930451964e+00	-1.015681214575022473e+00	-4.551419396616776525e-01	1.464879493908245900e+00	-2.314560902565350117e-02	-5.168351798299015698e-01	-4.866083033602410790e-01	-7.912669712364076569e-01
1.224917171217145162e+00	1.817119983673454453e-01	-3.810616853403559490e-01	2.141393976549002820e-01	-6.392883626263970998e-01	-7.374803030848186003e-01	-1.278098903734625480e-01	-3.256590172946106643e-01
1.499329672783701772e+00	-9.359426520107952951e-01	7.562558860161616714e-01	2.677860876916438038e-01	1.058273186539941513e+00	3.941177683252655717e-01	2.291530606214276511e-01	-4.063484202021224734e-01
1.317390208907609495e+00	-8.280540507720401955e-01	-4.737625057539386342e-01	1.808483715590219365e+00	-2.787423298306723751e-01	-7.605559623863823449e-01	-3.568567933076364218e-01	-6.838250246592417758e-01
1.434385133455754691e+00	-1.515078463976983481e-01	7.423326231375592110e-01	-7.484473472564864283e-01	6.386710914321573895e-01	2.535274157069860590e-01	3.472599693220547179e-01	-1.535319136452328870e-01
1.517219875741248947e+00	-3.166276789723477814e-01	8.884786325980852384e-01	-3.441260705012776089e-02	-6.986000279449362804e-02	-1.189436914426048819e+00	4.029802440463021163e-01	3.929887635566111648e-01
8.669005519103463175e-01	-1.366041479036178563e+00	-3.618968842376419914e-01	6.840776667447172610e-01	6.685039342770253690e-01	1.198456573250526874e-01	-7.207419387261264632e-01	-1.027110860021151151e+00
-8.977679602491173139e-01	2.924778634121164012e-02	-2.126075184284982045e-01	-1.262763453225266730e+00	-3.833058166244766585e-01	1.241941630478778258e+00	8.707026359902769741e-01	1.117981283184737773e+00
3.192822049422614494e-01	-9.622133384959397073e-01	2.566691234992848902e-01	-6.541287215434435920e-01	-2.921972492255675569e-02	-3.464119078534828589e-01	-2.382899425926112980e-01	-5.774999782746622623e-01
-2.150482628798771056e-01	-4.628418332330281326e-01	-8.318549357596942695e-01	-1.196785329822618316e+00	2.027611229728216724e-01	-8.096523100131306494e-01	-1.357864172982149231e+00	3.610378441782130521e-01
1.216152065912952329e+00	-4.447653456139815664e-01	8.470409378388129573e-01	-1.000582653162207514e+00	7.537311324382440780e-01	-4.202363984221526017e-01	6.778453035714671060e-03	5.508557510662768220e-01
2.016572451510957320e-01	-4.217484502970456073e-01	3.406029237662372977e-01	3.481072451838062021e-01	-1.141887493067313297e+00	-3.889931105102428233e-01	8.273839827007520853e-01	-6.521787687653536336e-01
1.409986990224845860e+00	-1.531187472583664277e+00	8.343815522466498935e-01	1.144685336181228807e+00	1.245276446711511609e+00	4.106781407436760345e-01	1.938534877630019304e-01	-5.438867351508829273e-01
7.261113077357823631e-01	-5.357034172670893657e-01	-1.533975744202876190e-01	-7.884107391820742716e-01	2.474873653233271575e-01	-2.160795496468879973e-01	-5.434470630147671955e-01	-5.678984890190402757e-01
5.974815080704058978e-01	4.830933406833041177e-01	-5.770422349591285416e-01	1.025944116984697785e-01	-6.450066828223977033e-01	3.122726061675428877e+00	6.951811376859446945e-01	-6.568126012122225132e-01
1.363103373448424804e+00	-3.534192985703674683e-01	8.873727872409667983e-01	-8.327432823559247632e-01	6.602524445630388872e-01	-1.011483198731818328e-01	2.920813440684210116e-01	1.106463429709338142e-01
-7.317596477322818593e-02	-5.343412870430556127e-01	-6.514713343098242904e-01	-1.269852720660016310e+00	2.507735062616385235e-01	-7.206566924068056323e-01	-1.238935970710700829e+00	2.233092098301183159e-01
1.024325652191531433e-01	2.446381502193918089e-01	-4.652447854070838051e-01	-1.489047311685430586e+00	-8.445443660839715427e-01	1.919843546379526034e+00	8.033302248701853499e-01	9.943850213105843716e-01
1.571659592134850625e+00	-9.721998578592789819e-01	9.882407519487316216e-01	2.638150953881272520e-01	1.115128709155549735e+00	3.181674190229384358e-01	3.701307018718429376e-01	-2.623284949591341286e-01
1.175996076824593839e+00	1.525806435859385635e-01	-3.650009117451933904e-01	1.191019807241198714e-01	-5.908159725745537605e-01	-7.002178870793355214e-01	-1.473266604833794735e-01	-3.509700450666895510e-01
3.889795424111013311e-01	-1.652390459980407789e+00	-5.595951613783799461e-01	4.299252832015759695e-01	4.826477668512460517e-01	-8.558592646964056083e-01	-1.226669056096148402e+00	-3.733326066301172474e-01
5.646881027017613963e-01	-8.993682604711351614e-01	-2.356219662834746487e-02	-4.588675012745823123e-01	2.119966258511122303e-01	-1.920029988085554529e-01	-4.321404810394417484e-01	-7.324720511218063557e-01
4.986307204928273062e-01	4.784700728037574735e-02	-5.378475778311226918e-01	4.706032513818125818e-01	-1.000501468403344196e+00	3.007160236960161548e+00	8.550190478171834085e-01	-5.528101144089497820e-01
3.439530138746510479e-02	-1.559721786945684752e+00	-8.177991424636057438e-01	-4.535559527676725350e-02	8.240611145358869294e-01	-4.455445300631175609e-01	-1.509365347644065602e+00	-4.462511821455270589e-01
7.903825890854199177e-03	-1.741025271397768526e+00	-9.278138822709735001e-01	2.885515778032339829e-01	9.459757799384040933e-01	-3.784820244474089712e-01	-1.613528503321319585e+00	-4.950033658299488604e-01
1.807519052082435129e+00	2.428572535801465648e-01	7.548279213058456394e-01	1.605843790151593176e-01	-2.909813146806145001e-02	-3.383352030694642409e-01	7.679817980869224625e-01	-3.404061268465863321e-02
1.424615959330524650e-02	-1.733602795778027283e-01	-5.171096490711397653e-01	3.622968443165738295e-01	-4.783983276192720346e-01	3.232700955539942633e+00	8.973062596502582311e-01	-1.943652032481389957e-01
1.804503859027569934e+00	1.650304443959094425e-01	6.533321655077926060e-01	1.675807565702886748e-01	-2.051517405455175608e-02	-4.493656457871581522e-01	6.653739936529036170e-01	1.100490316378816280e-01
6.732410358672564765e-01	-5.389983124401543924e-01	3.731958759232732736e-02	-1.078590337692971524e+00	1.498766408908563386e-01	-6.173100372482424048e-01	-5.439267805576936121e-01	-2.688656955702863338e-01
-3.959825532491966643e-02	1.295698640668711266e-01	-5.832571473105659932e-01	6.264603052840389541e-01	-1.969904329936237042e-01	3.570907928413951105e+00	9.044197842207764015e-01	-2.538159829356745334e-01
-1.433579014727691670e-01	-3.371401033130695390e-01	-3.720718372225915727e-01	5.771110944137514132e-01	-5.222279998601232487e-01	2.935482687623368392e+00	9.529256836780665152e-01	-2.721839506908395601e-01
2.926761074659695039e-02	3.607457933553014362e-01	-4.706945621226866217e-01	-1.595842288701507350e+00	-9.222082269700334622e-01	1.937805964688424476e+00	9.174373624937940397e-01	1.250922077716751790e+00
4.133196491105482484e-01	-6.123635427505459417e-01	2.578299724339808696e-01	-9.914885303415779116e-01	-8.439101619612450478e-02	-4.508938682228161299e-01	-2.603551851499604219e-01	-4.942971114804650679e-01
1.066894570583056367e+00	-3.854260835899501192e-01	4.797970764746822270e-01	-9.703797183602621557e-01	3.972782913361838086e-01	-3.038868860328731714e-01	-1.239343113393833740e-01	-1.190401242043530733e-01
1.267954930518351064e+00	-9.734530392267444210e-01	-4.843485069283591238e-01	1.685929906154829627e+00	-1.063943541454398373e-01	-5.814069225057235668e-01	-4.578705896842523715e-01	-7.897063590076661699e-01
1.287277083550561363e+00	2.398684576140346636e-01	-3.941385751663020742e-01	5.142412278459423947e-01	-7.472299662816105359e-01	-8.717520109851043530e-01	-6.270061131380509634e-02	-2.568222995359119576e-01
1.804756437318942419e+00	-1.132724100405286372e+00	6.164670564720527990e-01	1.736163925628141369e+00	7.075815033335266513e-01	-4.279222162365121235e-02	3.536134674172412007e-01	-4.385668208914126343e-01
1.428195099456529116e+00	-1.165013970181297820e+00	5.183087464934682531e-01	5.392484648515666334e-01	1.089792586424967569e+00	4.116274330181246555e-01	-1.822680018299363894e-02	-5.625575673720191183e-01
-7.703754752340842282e-01	-4.866478532101008447e-01	-9.080802149600665507e-02	-8.388127906222911934e-01	-7.226121038826709420e-01	1.289693572413861400e+00	1.049349886231991213e+00	9.284272417663860244e-01
4.065592609989930328e-01	-1.481401023337901801e+00	-8.525391708519811096e-02	8.236639202385545588e-02	6.201953839600478080e-01	-8.615295823139718090e-02	-5.524839028326030688e-01	-6.962399536161177904e-01
2.570997380564395973e-01	-5.496574082617335932e-01	-3.788714015291561044e-01	-1.202650272577796553e+00	1.470702540515259615e-01	-7.034460671593241177e-01	-9.779479631813330354e-01	-1.570833359631801027e-02
5.444515180368517671e-01	-5.072708034827448920e-01	2.267112354998440105e-01	-1.027386887905184176e+00	-2.538601650713858543e-02	-4.617724573147535816e-01	-3.055233872904011827e-01	-5.331661177251806327e-01
8.408456782118894912e-01	-1.415258495204131828e+00	-3.550822709441835423e-01	7.804156392053394065e-01	7.134786492207594311e-01	1.011086131594090831e-01	-7.315161101275867717e-01	-1.046411848870252292e+00
-5.946165684751364422e-02	-4.753948983655457150e-01	-6.966082454969215743e-01	-1.274858608140281735e+00	2.253957330831197758e-01	-6.461989988683890518e-01	-1.236462163199801401e+00	1.372419057308347790e-01
1.484461854948257553e+00	-1.364003388779084225e-01	8.783349582219645013e-01	-7.224441523376979868e-01	6.773436361116946802e-01	2.873865014386366989e-01	4.982081991810491384e-01	-2.197918218945428548e-02
-7.704254945557718059e-01	1.281587206727941297e-01	-1.146129820544477540e-01	-1.374396658223879797e+00	-7.570397345873001171e-01	8.996235036599917745e-01	9.957456598313897400e-01	1.186012686425801599e+00
1.228870583242831271e+00	-1.010911311774933541e+00	-4.891743927052962793e-01	1.644815868073028708e+00	-5.487871346273090478e-02	-5.539372575085544925e-01	-4.843103230992152342e-01	-7.922476525227523103e-01
1.575171078201494490e+00	-8.991865186449734537e-01	9.669160864662272870e-01	3.030692816230703412e-01	1.084613944285856446e+00	4.380352968592135521e-01	4.378761050839767299e-01	-3.241456158205094917e-01
7.689943731527774107e-01	-1.212379023810220557e+00	-3.596741200596362820e-01	4.032470932020867371e-01	6.565137731847991986e-01	1.399992486153922300e-01	-7.109779858099485317e-01	-1.022074486669699356e+00
9.680481922489544422e-01	-9.733049756268190578e-01	8.321756616976110354e-01	-4.408866113126693187e-01	6.097826713347538341e-01	-1.288710162175427942e-01	1.376339249048670055e-01	-3.675574957484880612e-01
1.893660668891972598e+00	1.569512953508569730e-01	8.478945305837490842e-01	1.571528863223632111e-01	1.118435372779614800e-01	-3.736068508303789226e-01	8.079374470668982955e-01	2.085147190184551969e-01
1.444197378052299641e+00	-1.167998088056781958e+00	5.336213885397418366e-01	5.772188226000133371e-01	1.077784661215289486e+00	3.999560096551410537e-01	-8.098633161948316783e-03	-5.629974857438888591e-01
1.431926507228946210e+00	-1.439274726629280743e-01	8.045703963267589742e-01	-7.278832979671929770e-01	8.306920146956779938e-01	3.642992462448229052e-01	4.146452625256741853e-01	-1.545220729368422877e-02
1.207844317550348823e+00	1.718900512755474341e-01	-3.478081498413915229e-01	3.240947578719954869e-01	-6.736819943656211507e-01	-8.295289684767979121e-01	-8.783846314819231116e-02	-2.874970297555328735e-01
-6.878259463196617629e-02	-1.858520834963762969e+00	-4.180350479189330337e-01	-2.145492118886506150e-01	8.115759627638425844e-01	-9.292240296180108716e-01	-1.362033453846103637e+00	-1.442924401301442505e-01
-1.630341923692598671e-01	-1.428760396443755187e+00	-1.111898468387574113e+00	5.171202670479560504e-03	8.086912904721772488e-01	-2.777634287158455839e-01	-1.669823179295094384e+00	-4.120227360557616181e-01
-1.562035196231867928e-01	4.685278913905924769e-01	4.058972960857251677e-01	5.251639847155744611e-01	-1.725434249897363825e+00	9.370613906599178922e-01	1.798045831544508477e+00	-5.300913205702205699e-01
2.034103143639075295e+00	-8.383925189479569662e-01	7.919220283278027850e-01	1.844275326480031785e+00	4.919932547916728294e-01	-2.317602383995047699e-01	6.427818040065633731e-01	-2.481334876348273710e-01
1.433237785608103776e+00	-1.159216250820623850e+00	7.135227218305174590e-01	6.298487277673139317e-01	1.029916429773209074e+00	4.567564774656007187e-01	2.032647661933071892e-01	-5.155518504471525709e-01
1.994329376049923386e-01	-1.656333876200870581e+00	-5.776319506380960256e-01	-2.534646580435642033e-02	7.743088504200779099e-01	-5.454624238051781759e-01	-1.334313791288607387e+00	-4.716867020522989007e-01
1.905541116739681851e+00	1.626971191324554089e-01	6.970531154790872153e-01	5.508435501285612323e-01	-1.459656519510608153e-01	-7.247098993637943742e-01	7.555730202190484857e-01	2.647738408108031849e-01
-2.690644954143744938e-01	7.213099255960891965e-02	-4.927963086843288321e-01	-1.316418298236412987e+00	-4.038526037448588180e-01	2.268941890435306252e+00	8.328637937806632197e-01	1.160466174629491309e+00
1.940940883132533212e+00	-6.504040370086977552e-01	5.716100064702672734e-01	1.579476721876324596e+00	2.711830662768250355e-01	-3.474063885195937118e-01	5.016764663343040720e-01	-2.675857421786232426e-01
6.702493829166091821e-01	-7.745286263330860253e-03	-5.744302200935671454e-01	-1.763328405932758705e-02	-1.062448577671933458e+00	2.920323750676258268e+00	8.178992046887494372e-01	-3.123112290088123633e-01
1.125350548578388787e+00	1.078066400623189092e-01	-3.467534084080680090e-01	5.528443579114604434e-02	-5.737222707155731349e-01	-6.640944045535117635e-01	-1.471712449508614518e-01	-3.566221245512651850e-01
1.915882113353382099e+00	-8.101179165185901088e-01	4.455376986632709202e-01	1.868260145833919639e+00	2.474707179893816944e-01	-4.156124958034908001e-01	3.930901386540192055e-01	-3.339933886137265162e-01
1.157985583237954419e+00	1.553608676384151399e-01	-3.623673000014373535e-01	1.752977876860764561e-01	-6.416464791799617595e-01	-7.154739333303284932e-01	-1.101247422770060824e-01	-3.257560908523116638e-01
1.128519232190158261e+00	4.233216523676106013e-02	-4.339333870678787619e-01	5.201527944784740676e-01	-7.688014992115527191e-01	-1.304292670006596877e+00	-2.703545313293506114e-01	5.006493032590503267e-02
8.016365356246132334e-01	-8.224329331843448221e-02	-2.981921384892055049e-01	-1.013768965496584240e+00	1.019420877324967445e-01	2.081017776097127819e-02	-5.013202429810303951e-01	-5.844076055618981913e-01
1.913574104627062233e+00	1.430648521005316309e-01	1.162233984478527660e+00	4.371629214609902281e-01	-2.089384007914065573e-04	-3.472398416262725274e-01	1.184467361937110219e+00	2.399232286556166049e-01
1.494198089728774326e+00	-1.265804026696250473e+00	7.459801974047114426e-01	8.283933604870328260e-01	1.202639413501290555e+00	4.422091442492528390e-01	1.662712022082359631e-01	-5.339696611093374123e-01
-4.071918411876604416e-01	3.588239621341583474e-01	-1.645678485742188835e-01	-1.548625541242650394e+00	-1.193764546628594436e+00	9.501865156700649573e-01	1.112073525475344882e+00	1.296698871151481303e+00
1.593107626607255800e-01	9.949088568276087674e-03	-5.673144713290779739e-01	2.535842459724106934e-01	-4.732702107952919124e-01	3.176228831395044416e+00	7.777563567648887455e-01	-3.251552748781792457e-01
9.992445168826041835e-01	-3.743598285133768466e-01	1.423242107198499640e-02	1.252271655682979934e-01	-5.659727764962796392e-01	-1.546824332029328675e+00	-2.051598476425665896e-01	1.117163736762389059e-01
1.215409926699051457e+00	-1.479803529223263414e+00	3.885550428935783951e-01	6.604854119979671756e-01	1.211075920848947662e+00	1.615112505510858942e-01	-2.732141807736525041e-01	-5.389910619055624519e-01
8.539464970095103080e-01	-1.191276331630439556e+00	-3.640106338804467434e-01	3.673146466182858338e-01	6.375489727176646415e-01	1.530216195388355849e-01	-7.048840164352048188e-01	-9.872885472539738583e-01
1.854709242105898159e+00	-6.617488556495644270e-01	3.203999319337141327e-01	1.561285290626343691e+00	1.378230312378677103e-01	-4.736510636231897609e-01	2.973296984326024295e-01	-3.086909079091904595e-01
-2.228978545961754765e-01	-6.181433926096504550e-01	-6.758410131422860623e-01	-1.240015945385112950e+00	2.510364318219703850e-01	-9.207139256495434632e-01	-1.323591414170801173e+00	4.360599824507686573e-01
1.783702269271658869e+00	-7.472191603276903127e-01	4.976272815762021184e-01	1.108788460754897676e+00	4.274065565146408230e-01	-1.875609450101387854e-01	3.137231234321005147e-01	-3.593659766414168399e-01
1.864765585400748105e+00	2.794452481640661290e-01	5.157204368202652489e-01	6.761159262932526781e-01	-2.894357042484798637e-01	-7.419914439995579647e-01	7.052543694961925791e-01	1.252342841686536479e-01
1.290539652134150339e+00	-8.949010842137981037e-01	-4.816830377939717578e-01	1.721274599198470590e+00	-1.856844766651906675e-01	-6.630080534734537068e-01	-4.125560111154153442e-01	-7.438488493111634625e-01
8.174575999047227759e-01	-1.192429960059813832e+00	-3.365314865688032731e-01	3.522106804447373563e-01	6.055131935375892560e-01	7.298033862613384493e-02	-6.972315885333731922e-01	-9.886863368541923824e-01
1.154647046170135916e+00	1.574707593951424067e-01	-3.554043324902524947e-01	5.074145582104873375e-02	-5.761799747792373250e-01	-6.838393727651980170e-01	-1.508505625191529642e-01	-3.525347089247704568e-01
1.505776553174767107e+00	-1.131889943385554931e+00	8.071823934857779159e-01	6.214914172980477991e-01	1.140268240533323540e+00	4.295653889225755084e-01	2.492296503566708288e-01	-4.613303819808815542e-01
1.969477215930709901e+00	-9.254254185341201921e-01	7.107031574851383482e-01	1.828216805180062243e+00	5.270095845368567566e-01	-2.002500868435359571e-01	5.384394500827581753e-01	-3.119254352811857700e-01
6.293725804300477344e-01	-6.259353540692418338e-01	4.290703711948096188e-02	-6.691056427784105587e-01	-1.950760717883583684e-01	-8.150154681790727773e-01	-3.699042671025207230e-01	-1.320215810599253969e-01
1.627914816510861895e+00	-1.500514916462399873e-01	1.109654010893126319e+00	-5.504175354824591970e-01	8.440826916643386912e-01	4.008311993459171552e-01	7.144864264500659923e-01	1.253648637647497011e-01
1.523914109284896901e+00	-1.226673145705280410e+00	7.878040068535799856e-01	7.840795293694915458e-01	1.196490202573043948e+00	4.449920892278145246e-01	2.104463412601255135e-01	-5.040885048740869623e-01
-5.384356646615412467e-01	-1.570280705575881341e-01	-3.704895325386751703e-01	-1.153751399495653418e+00	-4.175723771213954993e-01	2.029808610930892154e+00	9.180840640564039701e-01	1.154045820946883349e+00
1.288964306157066808e+00	-8.563364174239899151e-01	-4.963309663599415056e-01	1.693748443819439453e+00	-1.802757229190568022e-01	-5.840865118623900232e-01	-4.270852128053950758e-01	-7.906648952414107034e-01
1.579627146594623222e-01	7.215888033568093607e-02	-4.895821404912458208e-01	5.236465336164340956e-01	-4.752678172909345911e-01	2.917130602341845957e+00	6.977534770230408023e-01	-6.335700563472573821e-01
8.819180974576662502e-01	-4.131162554424081534e-01	-7.595977478988751724e-03	2.122576292070513237e-02	-5.935058737384349969e-01	-1.328700585076276974e+00	-1.567907834761866903e-01	2.197426376894742739e-02
1.171713230243482506e+00	-4.762141800053393270e-01	1.246462290219482849e+00	3.167295704093102682e-01	-4.235371566387372000e-01	-7.109096343454792688e-01	1.178039006530297694e+00	1.741467973308378214e-01
1.982391331019308423e+00	2.183996908177115726e-01	8.562742568602901283e-01	3.842094552807560071e-01	-8.955008371008340781e-03	-4.746532407919035190e-01	8.893975716353746952e-01	2.562306080114661877e-01
1.475356660049173207e+00	-1.576918737667068748e-01	7.726895399883636495e-01	-7.229722270035718878e-01	6.975928499907948499e-01	2.852998285958730507e-01	3.826909865505369046e-01	-6.578401770184001685e-02
-2.939811010515027689e-01	2.602723921434472176e-01	-2.036447654068370139e-01	-1.458057629573084268e+00	-9.458441283846513725e-01	1.060231160699518060e+00	8.988383123526763052e-01	9.726899994917093117e-01
2.652541626352221127e-01	-2.773710885028041195e-01	3.908107574143822593e-01	3.890612903652743704e-01	-1.174415047936818279e+00	-4.717787239782138542e-01	8.961980855244712219e-01	-6.949263317213475455e-01
1.191216118916671673e+00	1.659751786049257494e-01	-3.800269052744124076e-01	-1.498406104584197292e-03	-5.689858626463978331e-01	-6.353227439698656553e-01	-1.771824761050706243e-01	-3.662236562031263021e-01
7.962660133236271198e-01	-1.267000016911492333e+00	-4.287473437345428739e-01	5.115732469610055899e-01	6.548787037977867875e-01	1.187461978005830698e-01	-7.806992728185410124e-01	-1.011117222723886266e+00
1.913196971084163645e+00	3.462922154713052869e-01	5.873648032544125375e-01	6.742479922137236681e-01	-2.354325654070888729e-01	-5.602255924785563002e-01	7.588388570028415936e-01	3.899853987969967295e-02
1.014350259992254921e+00	-2.269355741932303216e-01	-1.283019940703879480e-01	7.475255331486560517e-02	-5.882684797941837296e-01	-1.089008187185504406e+00	-1.525114447639127346e-01	-1.262642889031511395e-01
1.835395593813883952e+00	-9.100386257681667423e-01	3.513397534203587247e-01	1.851353542201120694e+00	2.783061222989393624e-01	-3.661472070813301394e-01	2.779962575396313640e-01	-4.173945556986426442e-01
1.717905974786270162e+00	-1.110945504650485027e+00	7.461464823816599257e-01	1.377142991565252883e+00	3.065671170021717629e-01	-9.527173535074149324e-01	2.458138448345024707e-01	-2.561958341638245068e-02
-2.367556239188304823e-01	-6.858647181230879131e-01	6.411190606615007059e-01	-4.445854496391830613e-01	-5.601350797854778296e-01	6.008069289440669536e-01	8.063973741081026381e-01	-8.964772522831423451e-01
6.857669664977529278e-01	3.274405302792124939e-01	-6.988484916204458219e-01	2.400296267772987491e-02	-7.458417975774976894e-01	3.394290280016372563e+00	7.764511974682541950e-01	-3.196698381478170758e-01
7.823485572181418934e-01	-1.108879851916884984e+00	-3.395627647891334977e-01	2.463852952303539068e-01	5.991838606267361200e-01	1.498157335769145782e-01	-6.697671586492192075e-01	-9.791791545075284597e-01
6.239934862831215678e-01	-1.718669973827760877e+00	5.229230372921718495e-02	-2.674435447665515775e-02	6.906318241597140251e-01	-7.315832987178131352e-01	-8.137893444456257841e-01	-4.949191449975581247e-01
7.925056940009086448e-01	-1.168294912590779611e-01	-2.079433756118667098e-01	-9.897178620483094713e-01	9.412687172773565036e-02	-4.688003952307900901e-02	-4.495782665758480401e-01	-6.351520199415474632e-01
8.173113213219164175e-01	-2.332927462977858746e-01	3.431474036343867828e-02	5.452033372347067641e-02	-7.337599442743085731e-01	-8.947444072005213966e-01	1.069684713168111978e-01	-3.729724788467161378e-01
1.232210091004392494e+00	2.198895115763182806e-01	-3.597675139460534965e-01	2.826368128049951967e-01	-6.810666693175290165e-01	-7.760511309729068996e-01	-8.620483341972844105e-02	-3.397524788620363001e-01
1.753969719056084564e+00	-7.679666704038414782e-01	1.832932538570090086e-01	1.619470329239600881e+00	1.082209100117384470e-01	-4.713852746746252098e-01	1.660450766766742858e-01	-4.225303638995475120e-01
1.280101792634344759e+00	-9.985647609944799941e-01	-4.788661898350314305e-01	1.751474902905465258e+00	-1.047123701910899901e-01	-6.202673517122624380e-01	-4.463243981673912786e-01	-7.568926339627887190e-01
-5.804142732087004541e-02	-1.410423840685940400e+00	-9.098436140398676875e-01	-3.335908392073578810e-01	6.814996906335062388e-01	-5.421411233926652917e-01	-1.600858893319722753e+00	-2.055527082819637863e-01
9.816587120865168103e-02	-2.607355535763739712e-02	-3.653543441451013174e-01	-1.335638250687042117e+00	-1.148681730789937516e+00	1.662249441115467574e+00	9.132479743265816685e-01	9.713551293093392047e-01
2.063943747023725628e+00	-8.049972753967279404e-01	7.430569620200705439e-01	1.901698563709388612e+00	4.078419274461363986e-01	-2.449730061270758708e-01	6.303826737657527435e-01	-2.963140242901122212e-01
1.267804732423141401e+00	-1.005206083053819865e+00	-4.751454220966228048e-01	1.590338000243340266e+00	-7.992432326556810074e-02	-5.402302418448364785e-01	-4.639060130719851460e-01	-7.711249755332073574e-01
1.564642057091407024e+00	-1.708670095726343152e-01	9.583922437342727862e-01	-6.536856242777473458e-01	7.829352403490545953e-01	3.198986787854929403e-01	5.556954660794846124e-01	2.101183758546720792e-02
2.133921966091460176e-01	-8.519143889175417872e-01	5.843011451366247888e-01	-9.760627227699983921e-01	-1.302965535321395085e-01	-5.940451242787740949e-01	-1.031957617633253027e-01	-4.851627829057593710e-01
2.752532225979705816e-01	1.304101518136369098e-03	-5.621193324501978505e-01	2.990688128903750131e-01	-6.531615319687054111e-01	3.323238248341941148e+00	9.087344535496587605e-01	-2.962385037580509417e-01
7.869112017348057764e-01	-1.158568087808623942e-01	-2.686542750055807560e-01	-9.741545180790173175e-01	1.388780542120534589e-01	9.670647852760311247e-03	-4.797954686177289263e-01	-5.866135462137457290e-01
2.053099645505419346e+00	-8.323067114338340566e-01	7.141050296456039614e-01	2.110488190262872710e+00	3.994026976441087950e-01	-2.414234848864649230e-01	6.291726320720980592e-01	-3.236108544333372028e-01
1.989661685852520234e+00	-7.761935004213931233e-01	4.914080485145651545e-01	2.083701348632117423e+00	1.925506545010902681e-01	-4.762988166625925501e-01	4.874343997745440582e-01	-2.861457652357078385e-01
9.059129646815470283e-01	5.470057848836946679e-01	1.234555995022421637e+00	5.476967054563375292e-01	-1.326168017052506976e+00	1.259441061532462713e+00	2.549691594051389565e+00	2.044932380128750282e-01
7.342508895170601901e-03	-1.867023426950500165e+00	-6.631200119755422673e-01	1.237952563216633967e-01	9.058437678047666086e-01	-6.422386920470986027e-01	-1.490577513407140620e+00	-3.607184631530558905e-01
-3.745671731009380528e-03	-1.679517087698668254e+00	-5.702002310811659092e-01	-1.835080078365485257e-01	7.293798551061305702e-01	-7.026818278584195943e-01	-1.403933835536114394e+00	-3.848723967312954741e-01
1.307181432886115990e+00	-8.598118986324091439e-01	-4.738382060534901963e-01	1.683820517384478244e+00	-1.986098314970004275e-01	-6.676447696111628138e-01	-3.883268871183386262e-01	-7.053460922432442937e-01
7.703683261468212695e-01	-6.326983787604131826e-02	-2.412902373148442803e-01	-1.023958553167040320e+00	7.492158871441795265e-02	-2.992192869311467371e-02	-4.519837385284427578e-01	-5.838042505833099804e-01
3.374175961692125192e-01	-1.446714689404554388e+00	-8.431581374669204765e-01	1.184793058577177316e+00	-1.524003415397238437e-01	-1.544664095564331818e+00	-1.238630793260957486e+00	5.441721376589581105e-02
1.949195679862935293e+00	-9.159202667512569285e-01	4.489979775576745102e-01	2.221206765711717157e+00	2.642856766359930609e-01	-4.128397622070368866e-01	4.165841257386179719e-01	-3.637355443672339317e-01
6.446681185568809980e-01	2.752920754358249011e-01	-6.979177331035656406e-01	6.382497647738125113e-02	-7.595353124407367984e-01	3.479551513154901965e+00	8.414319667421737980e-01	-2.471876329430376940e-01
4.671230565705734028e-01	-1.391479989291870556e+00	-1.139712323272819156e-01	-3.229198758388471258e-01	1.454241293709791272e+00	-3.982666861836201000e-01	-1.022289821255457420e+00	3.058104865444091214e-01
1.861530260488925892e+00	2.205438949487071587e-01	6.457863494260930315e-01	3.309660237446871989e-01	-7.933887883126937435e-02	-4.945891412481268068e-01	7.075866354624452681e-01	1.302275601658697823e-01
9.485741949564070463e-01	3.368074752751629153e-02	1.058421714798393892e-01	-3.356064256523046407e-01	-5.420050138598155876e-01	-6.512652148305942967e-01	4.341012429022476915e-02	-7.368722561047587050e-01
8.036171780252709951e-01	-1.135760630842086311e-01	-2.669059976770480902e-01	-9.717474704660071794e-01	1.094137467106368611e-01	-1.405647785644342090e-02	-4.820382828149013532e-01	-5.941017342027496984e-01
-2.556659006988838967e-01	-1.608291244828349953e+00	-9.184433385365615710e-01	-1.801003917654207809e-01	8.160864031207457625e-01	-6.583153667802151832e-01	-1.683387352072758025e+00	-1.680401895984580674e-01
5.295576030426809577e-01	-1.218760451258147137e+00	-3.811618602010569123e-02	-1.168264917363955185e-01	4.055056637525472074e-01	-1.341455620713597474e-01	-4.877335810726149967e-01	-8.372999603669846191e-01
1.358050473280212778e+00	-8.196108900429359689e-01	-4.914000918877925450e-01	1.920642110675900183e+00	-3.013901040611808302e-01	-7.798059128805262530e-01	-3.392154510924772493e-01	-6.484804838170183938e-01
-2.319075019314969510e-01	-1.470053895012113809e+00	-9.184557711672645119e-01	-3.281984834472328472e-01	7.249954808387197858e-01	-6.848166527091120726e-01	-1.656751895172503097e+00	-1.155167834854545911e-01
1.266934333733029661e+00	-8.023695995580122364e-01	-4.467659148363263277e-01	1.429686357176452427e+00	-1.847862007637274262e-01	-6.383006397601038717e-01	-3.989141593265581043e-01	-7.226046639814183159e-01
1.181203097639434763e+00	1.785515697403637636e-01	-3.722966938148393745e-01	1.490388040294425842e-01	-6.048478673796663374e-01	-6.792420159038152772e-01	-1.444433384696921230e-01	-3.755742028210624639e-01
1.137790015052933867e+00	1.779910432533147457e-01	-3.313119796331293609e-01	-2.519797013225309745e-02	-5.537384156381504052e-01	-6.100846118968688003e-01	-1.551998755451101941e-01	-4.383428476474268143e-01
5.269884533007201943e-01	-3.933608806075977737e-01	2.923558959838830629e-01	-1.000433503803472846e+00	-8.177431047152547428e-02	-3.131582772004469772e-01	-1.821374737890207041e-01	-7.461921355121319266e-01
1.240791186470159291e+00	2.270925847712749468e-01	-3.674243142968015019e-01	3.569174702851626857e-01	-6.994042974160349369e-01	-8.098014377580927681e-01	-7.799211466180390462e-02	-3.193583771029908092e-01
1.495044323100249040e+00	-6.808329718988153090e-01	8.379827508949508896e-01	-1.087858808528776172e-01	9.244014526904917872e-01	3.561345932290800320e-01	3.427109082294682030e-01	-3.217011581631379902e-01
1.430661105682744072e+00	-1.242799046111955352e+00	5.914492947531075906e-01	7.126693142154275629e-01	1.131445251203059499e+00	3.900415040486103768e-01	2.274491937882916481e-02	-5.901399119359552747e-01
7.994036984567360893e-01	-1.291508061511531524e-01	-2.567302695853200256e-01	-9.795002631191662701e-01	1.123724760085590968e-01	-3.637814215179597382e-02	-4.849674257853304749e-01	-5.805777750250447067e-01
7.709601472489356899e-01	-1.149263381217183605e-01	-2.306306517536074463e-01	-1.027321712308065127e+00	9.001243120460039604e-02	-8.118011581940612342e-02	-4.723876937420947719e-01	-5.421019890879427150e-01
-2.247740942147142262e-01	2.128069820364485720e-01	-5.402010457931392118e-01	-1.437997168743534449e+00	-4.403038483169824380e-01	2.201594744995172270e+00	7.774759984562314985e-01	1.220354379234727782e+00
8.180382858934822643e-01	-1.024363658134750249e-01	-2.611589017395989920e-01	-9.939167584949449852e-01	1.240006810018644545e-01	2.147543146246875395e-02	-4.715338218810484761e-01	-5.922999106133456371e-01
1.197351229703246256e+00	2.016059431929018986e-01	-3.714445715972542472e-01	1.903541228488610793e-01	-6.444291546586062847e-01	-7.417973948975760123e-01	-1.155081819634835583e-01	-3.200458757215837724e-01
2.024319995389228577e+00	-6.055526607448522558e-01	8.727300490834247748e-01	1.333420832792133082e+00	4.636205768531142524e-01	-2.089193836594554488e-01	7.095364783435337275e-01	-1.562987099352011189e-01
7.959766116327658958e-01	-7.995055398383123235e-02	-2.898027276959732057e-01	-9.420607144531003563e-01	8.397413232756922863e-02	2.841145790223386508e-02	-4.901125798439035508e-01	-6.267098228714172992e-01
2.003562137582280300e+00	2.506499413524028164e-01	8.910296361763889728e-01	5.761854992301984613e-01	-5.612762276972004666e-02	-5.497253321064523579e-01	9.666226751724064092e-01	2.989852331463149770e-01
1.927703215460318420e+00	-8.653928601254363695e-01	6.382453145805633277e-01	1.686828691329530727e+00	4.490504940838714876e-01	-2.434776051523798168e-01	4.809098631221395137e-01	-3.370215575635406857e-01
-1.761551980301708231e-01	2.449306093673711271e-01	5.535624260791227602e-01	-4.981635779069321646e-01	-9.977867483401035020e-01	1.370140703978213192e+00	1.306032464779890212e+00	-9.591522327096874134e-01
-1.781974826575558057e-01	-8.654057274836856051e-01	3.718613259182894648e-01	-2.955726153986874549e-01	-6.220801122643443426e-01	4.396749150899172398e-01	5.811087088290347591e-01	-6.658755284137721775e-01
1.965737992471761508e+00	3.080644625025993344e-01	7.839979055343538894e-01	6.733002465078359311e-01	-1.558347334163308062e-01	-6.121100665406448149e-01	9.263911134668386671e-01	2.400007732433178109e-01
1.443703754786825444e+00	-1.347763592537502664e+00	6.773793252023336819e-01	8.533044168385957029e-01	1.191337987948548838e+00	3.663876796837033378e-01	6.066783849463507072e-02	-5.710623629608551077e-01
7.785454911004446865e-01	-1.019642524488820479e-01	-3.036883288643042467e-01	-9.869463604078898555e-01	1.077875110920964719e-01	-4.764125274001109259e-03	-5.117251764221502075e-01	-5.853499435408567875e-01
1.838623561242013205e+00	2.479682436884594610e-01	8.194457398376159274e-01	1.321801262727048121e-01	-1.845105583758526249e-02	-4.545629750924628509e-01	8.289830937934232757e-01	2.023323542761220062e-01
5.845606980292125110e-01	-5.352722007716281816e-01	2.058980395331706514e-01	4.113842533989120476e-02	-6.988517873080531961e-01	-8.783338504606048591e-01	1.262780403161556930e-01	-4.596319222787966785e-01
1.765516867987629857e+00	-7.127989295974219708e-01	4.728421618666603377e-01	1.257161875841771526e+00	3.544084684292271858e-01	-2.548744935362158848e-01	3.615308566812691082e-01	-3.304865029196268900e-01
1.390152453937420152e+00	-1.276092171265129194e+00	5.130621643553455735e-01	7.343233567485144553e-01	1.106674339228966630e+00	3.746255709194424854e-01	-4.132862841052448860e-02	-6.282440311908954467e-01
2.023284416485441106e+00	3.478936942407021560e-01	7.296452621075267819e-01	8.150802245872862395e-01	-2.284169824090725998e-01	-7.068557332499653123e-01	9.294071747142781392e-01	3.310112057075550451e-01
1.027246493917492565e+00	7.397272480734067290e-01	1.315010190242622112e+00	1.088405786357709015e+00	-1.275062254913995607e+00	7.136814147987966539e-01	2.372525798416186493e+00	-4.764049089182899599e-01
1.284444759424816507e+00	-8.291883146220976331e-01	-4.702859192515932429e-01	1.375328063178726801e+00	-1.481254977446467003e-01	-5.891223333231444537e-01	-4.406384255341205258e-01	-7.250161632888608709e-01
1.647825992615367552e+00	-1.141297794293056223e+00	8.415113732159420490e-01	7.035809001815247488e-01	1.163022033170026948e+00	4.902198921842380597e-01	2.879134637808977715e-01	-4.358866570377450955e-01
2.052556625896020392e+00	-7.727153416272148911e-01	7.299821128905836787e-01	1.957556610746932435e+00	3.838187464476790489e-01	-2.709518762578684847e-01	6.407192540207315989e-01	-2.782115612622748646e-01
-5.488234271677616682e-01	-2.219169340060367090e-01	-3.702547866798308052e-01	-1.014144669822132361e+00	-3.549386880359332586e-01	2.104754083014496846e+00	8.944358968727044168e-01	1.022161431061304748e+00
-4.136609549862251822e-01	2.040816283119562813e-01	-3.841204920521798516e-01	-1.487021552673557734e+00	-6.256823435040868020e-01	1.669931970533478749e+00	8.569268868328017152e-01	1.195997343442326777e+00
7.997173535914781084e-01	-1.344019688162903847e+00	-3.453606880774823251e-01	6.293746530926858096e-01	7.257826174605122027e-01	1.298454112619683021e-01	-7.169422554872594278e-01	-1.041466020392387337e+00
1.526036943164358117e+00	-1.268615825246204087e+00	1.088263432696577881e+00	5.143634811683395203e-01	1.210084031183461528e+00	1.725587593547966425e-01	3.377480906123236926e-01	-2.816360010642628975e-01
1.629047391023437541e+00	-1.452638462374780670e-01	1.089899771182056831e+00	-6.070623842045955731e-01	8.458406105376794493e-01	3.359113514890177954e-01	6.703945431981429559e-01	9.617494905797044358e-02
1.768543560696629546e+00	-1.031658551830497705e+00	5.221034513625758544e-01	1.576503324720350152e+00	3.834782573228147640e-01	-5.460336108356447227e-01	2.282604700493901240e-01	-2.464463321680980257e-01
1.686013835453025855e+00	-1.318175669843394682e-01	1.052690286588545909e+00	-6.293446207323710739e-01	8.183350412187782030e-01	3.608803686762865892e-01	6.538671339786367165e-01	1.216754874452101176e-01
