8.694256668635050866e-01	-4.892707672305891993e-03	-1.490626931528970522e-01	-5.414228778849791146e-01	2.733215789048620281e-01	7.515699349355037251e-02	-3.534175852450525679e-01	-6.598632898973630923e-01
8.446998692023066635e-01	-8.861082198888409200e-02	-1.964341304042242220e-01	-5.289615270894337806e-01	3.147265340330051009e-01	7.626273389158319538e-03	-3.909295583881983727e-01	-5.564269299946759118e-01
-6.530931759496527711e-02	8.584915437643245162e-02	-3.521305032683142988e-01	1.121016125782490436e+00	1.062006800867256517e+00	5.612216229097782838e-01	-4.873140566064823598e-01	1.055828084828864366e+00
1.422031321247422819e-01	-3.941495085024165346e-01	-4.063901231468503017e-01	-9.279534628995635137e-02	1.617057712567268268e+00	-6.723072817759504494e-01	-1.145532098304737012e+00	1.199479287070706945e+00
1.781878816420436440e+00	2.194143428926864925e-01	3.529856713423619174e-01	2.378170714519136086e-01	-1.197963186143764791e-01	-6.444615127254742504e-01	5.586059471964516243e-01	4.324698353176723020e-01
5.301958663005021943e-01	3.520612506958474830e-01	-1.216394378607987603e+00	1.856908589799581843e-01	-1.342515106735265640e+00	1.763848005670213714e+00	5.524379778424113319e-01	-6.573907705416742742e-01
4.805056677768398954e-01	-5.384442556568227456e-01	-2.863637911665635749e-01	-8.855168051247687411e-02	-6.076711218250817614e-01	2.340610221096932619e+00	7.113493095537603006e-01	-1.603400259561028607e+00
9.599247885226334098e-01	-3.587703911384575450e-01	-2.821484554481162865e-01	-1.184664805401560939e+00	7.404935358565435388e-01	-8.384246847045525586e-01	-8.747263539897882634e-01	-2.125774125112551149e-01
-1.140436177221058715e-02	-5.467043553975962089e-01	-3.483968596514543936e-01	6.851559637735944452e-01	1.772651826566553179e+00	-3.078280292383591688e-01	-9.812266892709941013e-01	1.243560381667728532e+00
1.054944292465842981e+00	-1.263845801243270728e-01	-2.438978271928207708e-02	-5.991347284587156263e-01	2.555412267340033128e-01	4.429913225289870693e-02	-3.403082919369516124e-01	-1.021703812558269586e+00
1.484838985032113090e-01	-1.404431755336831567e-01	-7.297435427315454026e-01	-3.134162053320119212e-01	-9.313624051286973904e-01	2.017742970040016459e+00	8.706841955006742184e-01	6.159388537384549167e-01
2.638307912372908626e-02	3.075384252797522810e-01	-7.228388678819690494e-01	1.131108964570290532e+00	-7.703426493483266357e-01	2.924111489137502407e+00	7.801393843869172118e-01	-4.429450865192109954e-01
1.074768181569923930e-02	-4.573354197660716713e-01	-3.531992869611916830e-01	5.559191622887855733e-01	1.704092798477923720e+00	-2.942953580298134919e-01	-1.000243560983247182e+00	1.150497776823632634e+00
4.027640230148840095e-01	-6.146290835592598256e-01	-9.252466267135901062e-03	1.638671429472530194e+00	1.439311775870731447e+00	4.691684386846110555e-01	-3.977464927998842770e-01	-2.671953346766292592e-01
-9.909385069351944048e-03	-4.670420099064845898e-01	-3.881480710711571191e-01	6.294119589916901125e-01	1.736147792170381843e+00	-3.066201924802126055e-01	-1.022442355369057587e+00	1.142391979298629678e+00
1.219807101797412141e+00	-4.541314419519760781e-01	4.211252274579786459e-01	1.786222545656495075e+00	7.470676071009301200e-01	-4.699689684562602388e-02	4.355282729105667272e-01	5.112981180897786526e-01
2.224013443021611858e-01	-3.537470650884492751e-01	-1.637232666185348962e-01	-9.364914641983613786e-01	-7.232070688880198883e-01	2.225402897763521182e+00	1.067146380169191167e+00	7.440407728463332981e-02
8.975638967693271297e-01	-4.318010166147958073e-01	9.943884849456875452e-01	1.320950952272044177e+00	1.297640984007202514e+00	8.090184341283865876e-01	4.535113936532575440e-01	5.473002751890805317e-01
-4.467829124964770027e-02	-2.446257407262409922e-01	-5.413146921658127386e-01	-6.448659688278737256e-01	-8.736329835280632894e-01	2.265317780267143810e+00	1.086533935282325336e+00	8.364918606964852898e-01
1.132839336253387508e+00	-1.191534639964987319e+00	-1.728706460981453974e-01	-6.106655863686882846e-01	-2.631224887048398964e-01	5.380759320945115443e-01	7.284462703097421832e-02	-1.453938404505682902e+00
2.760998207804999383e-01	6.606260810322845956e-01	-6.227990576274781143e-01	-1.355235810016955478e+00	-1.140962288838857752e+00	1.723014965418997679e+00	7.780595201088971180e-01	3.811369048501828116e-02
2.025134692898909794e+00	-1.118836635657753709e+00	4.028771545823935929e-01	5.442626933014377971e-02	-6.451725814406955584e-01	1.326791642762432943e-02	1.109417956088500912e+00	-7.285305385586113847e-01
8.143101313022234056e-01	5.104864470332580728e-01	-6.314423045467912887e-01	-1.020407943521945970e+00	-1.360715514316442665e+00	1.657529262279828552e+00	6.682491347341608101e-01	-1.862703600552249039e+00
3.525310462827291325e-01	-7.088658202113272688e-01	-2.392300622424937684e-01	4.940146950089649991e-01	1.696272866089453935e+00	-3.965935804822048327e-01	-9.660869316163794851e-01	3.917097191749214224e-01
2.130415551653264405e-01	-5.209015494644304578e-01	-3.278511552956855923e-01	8.636640398262275531e-02	1.664628079745394285e+00	-5.536445538503689257e-01	-1.074932240657025861e+00	9.224676870734594969e-01
9.309106498498137539e-01	-3.255118034525750770e-01	-2.660022600943319770e-01	-1.098650813303587714e+00	7.219888091862085577e-01	-7.329252487914352798e-01	-8.248068419441831889e-01	-2.425634254513966692e-01
5.561869923070847377e-02	6.520556249826166273e-02	-8.270876182133715115e-01	9.628917739438864754e-01	-6.749289386005169478e-01	2.668831185258871752e+00	5.778868423728299453e-01	-6.939227296573596826e-01
2.768702279950647216e-01	-6.270752923374640631e-01	-2.762107023546843121e-01	3.801827885311609423e-01	1.677936460632230231e+00	-4.107529854162876304e-01	-9.978507579681346051e-01	5.953676597574679707e-01
5.557344096400810285e-01	2.096962448430320924e-01	-4.090053761472332017e-01	-1.160229997305863625e+00	8.391724139407700234e-01	-8.100064286995706242e-01	-1.042163619104136574e+00	6.820899048489577066e-01
1.048715236953579488e+00	1.888560811995970701e-02	3.421161154441462182e-01	-2.774887995870617408e-01	5.050456161029829305e-01	3.331668622169965399e-01	5.389500054511647820e-02	4.712066504927175936e-02
2.072170312679732229e-01	-7.484299710136380623e-01	-3.032184308040543064e-01	3.399015521129863382e-01	1.819362501197439475e+00	-5.706271173877822678e-01	-1.079893022296043448e+00	8.544437359900279860e-01
1.338856234662899602e+00	-1.072448351964517821e+00	2.556869665665369995e-01	8.143833505273423423e-01	1.160636526237521116e+00	-9.148581119596495004e-01	-2.350560908200979293e-01	4.311440202824338153e-01
6.265450354274592071e-01	-4.121019893476099427e-01	-6.463756881229096307e-02	5.234863175763612153e-01	8.593007639320747737e-01	3.620431034878332510e-01	-3.645274884967236173e-01	-5.461397335935345154e-01
1.299974511447858250e+00	-4.388928578250322343e-01	7.265058159314152775e-01	1.799527369503876706e+00	7.681811079723633862e-01	1.273430355526249946e-01	6.866170893228994432e-01	7.126801614273539087e-01
1.210238919412724767e+00	-5.698745302013169534e-01	1.105432795338762986e-01	2.100485701727583976e+00	6.379421166329602988e-01	-3.262677445901122630e-01	3.194909458656647883e-01	4.423760199692996498e-01
-2.869378804301585956e-02	-1.577216401775016485e-01	-4.255902388692496818e-01	2.755621192159139476e-01	1.492199478821824910e+00	-3.009491333107169320e-01	-9.821101995552140584e-01	1.411448516777423112e+00
1.284234340625972193e+00	-4.453132302917337526e-01	4.670848445097686152e-01	1.835201670370623317e+00	6.860187093194860530e-01	-9.826180764573447246e-02	5.265228304329118147e-01	5.963634326655162798e-01
-7.882732034517780928e-02	-6.040561909272474939e-01	-2.988050358648705607e-01	1.116407343220822357e+00	1.863309362144554449e+00	-7.243814327365068195e-02	-8.873443004745287244e-01	1.181302863999713182e+00
6.785855369996637299e-01	-1.069079198065647551e+00	-1.520121745553128234e-01	2.878007952672808067e-01	1.613601370085109066e+00	-5.403680373428944028e-01	-8.843861405736285208e-01	-1.735562196479299990e-01
1.288147364395626937e+00	-4.313495665302422566e-01	5.242679167976381782e-01	1.789160641167854449e+00	7.113819802052507857e-01	-4.804555655136460990e-02	5.422297164031382177e-01	5.943083054915677677e-01
1.336305837128995977e+00	-5.902610581578946469e-01	4.196041560448323660e-01	2.212814791377941681e+00	6.188687387700032572e-01	-1.972421588764781408e-01	6.245385814484969433e-01	6.811134015295694510e-01
8.325922840148939352e-01	-4.320579414409675967e-01	-2.095282953288547453e-02	6.751827559596478012e-02	5.424221475640607082e-01	4.161871649946048968e-01	-2.097448388969805899e-01	-6.945476698893441325e-01
1.504805414074728676e+00	-1.242439605460740441e-02	1.333083011319158295e-01	-1.399657995488292339e-01	-5.946438709611524126e-02	-3.124272366114501098e-01	2.324407606634608381e-01	-2.466560924631381324e-01
1.230964966863041132e+00	-4.559198923900052991e-01	3.440974778062030337e-01	1.834699334723736586e+00	7.102249022170986636e-01	-1.329338407357370522e-01	3.997210472723263242e-01	4.847843018567317142e-01
1.243605503330296180e+00	-6.260420136311609651e-01	6.369435241063332587e-01	2.253227047622863299e+00	8.138733706161226378e-01	7.401263833078354504e-02	7.118996258380266839e-01	8.016983584705779098e-01
6.339512224494815440e-01	-9.646936617754706678e-01	-1.529854460957366935e-01	5.786782792052659330e-01	1.518276414756986048e+00	-3.363907997722397347e-01	-7.777783914328519899e-01	-2.025368151817431295e-01
1.144565667799344100e+00	7.468831351250862505e-02	-6.439686101149989517e-01	1.432995912270998151e-01	-2.047247559081688539e-01	-7.162116846137848158e-01	-2.863988040728413509e-01	-3.196345884869615239e-01
1.630987845797609470e+00	2.467736836740770656e-01	2.122913225848266638e-01	1.581816193230274059e-01	-4.606075352136361489e-02	-5.625480866420004000e-01	3.589785436422505138e-01	2.744692193266403124e-01
1.701337680357298821e+00	2.391639825752258919e-01	8.442344637736401425e-02	2.752619656853879104e-01	-1.686687739733980784e-01	-7.801030789108021057e-01	3.819290112160922401e-01	3.308576617544690124e-01
1.879361098385693207e+00	2.505775970053870649e-01	3.689643994514755221e-01	3.804262848067104241e-01	-2.194640567223268557e-01	-7.212576644953387905e-01	6.616891494470685808e-01	5.019121991192163623e-01
1.310706224753936944e-01	3.434516260160253021e-01	-3.542696788165683452e-01	-7.840958259167318811e-01	-5.161631923528011701e-01	1.953854162133319861e+00	5.773819780290118109e-01	2.530378944034912259e-01
5.747236827766689649e-01	-9.284478282975034968e-01	-8.207023323950222993e-02	7.199693480394454559e-01	1.548685362765905849e+00	-1.654424674115889671e-01	-7.045133240434138244e-01	-2.224273963698545353e-01
4.814624637202443713e-01	-4.514335440579673731e-01	-1.164546189854869934e-01	9.506858780423211863e-01	1.029720702972343860e+00	4.281819391314135026e-01	-3.615709772772496278e-01	-2.815402802576083552e-01
7.139337396971133787e-01	1.647438061847279478e-01	-2.279653774531573973e-01	-3.665803029233630772e-01	3.798569092841123096e-01	7.862192498047058942e-02	-3.989742086817628097e-01	-3.112933547692647851e-01
1.203334856105749084e+00	-5.218125414685395036e-01	2.876369101398709160e-01	1.966729073117698956e+00	7.214888985770416818e-01	-1.801508036102018040e-01	3.872552951043598535e-01	5.034552683688947594e-01
9.845970302446199751e-01	-6.621886955748932380e-01	-1.681197547542905846e-01	-5.939331802781666614e-01	3.963791821184274589e-02	3.184916217117960691e-01	-1.854039804112884993e-01	-1.093150717587676901e+00
1.721359443230384478e+00	2.592809714338031313e-01	4.796639248379316323e-01	1.416899732687935121e-01	-2.062134247978368237e-02	-4.307361064056318134e-01	5.435175878331975907e-01	3.442924272411909126e-01
4.824148328639479844e-02	-5.934429429501769659e-01	-3.200158583502368259e-01	7.751478654874817131e-01	1.757006614874883965e+00	-2.472784807714899225e-01	-9.427091356114987164e-01	1.034680560916980907e+00
6.483166619071412118e-02	-7.343222811579478426e-01	-3.156971558525800692e-01	9.213698549309550234e-01	1.875530590395241504e+00	-2.620693354661808860e-01	-9.886416256918064693e-01	8.039764218231195692e-01
4.289512036172408171e-01	-5.379856945946461799e-01	-4.611294656572503814e-02	1.432398292708590315e+00	1.325163018088895805e+00	4.137117197634955779e-01	-4.013779366802200932e-01	-2.387467675739518291e-01
9.133972602964715581e-02	-5.769730733044491355e-01	-3.067327043127688890e-01	7.405354861798483235e-01	1.721780061500728598e+00	-2.190294268578074355e-01	-9.315635430941600070e-01	8.849918181507120396e-01
8.064833118788021782e-01	-1.123406928792289039e-01	-2.309495518523446145e-01	-6.104502554914058576e-01	2.791478406162605230e-01	2.526869814994470165e-02	-3.764051990872919751e-01	-5.285038993460861034e-01
1.475460950423235884e+00	-9.866098722642392405e-01	5.583449613623956420e-01	1.347868459453488876e+00	9.871822621206599591e-01	-6.806476393464213626e-01	2.362240764888157707e-01	8.474115571806882796e-01
-1.908696371601683803e-02	4.864769389387089138e-01	-2.543918934976073243e-01	-8.580749411292972750e-01	-5.759943542217035306e-01	2.215278995213248336e+00	8.211808528764473758e-01	7.675915797486303482e-01
3.244967979080843890e-01	7.269354473125776428e-01	-3.216529663481724755e-01	-3.981474465489656667e-01	4.833676890551538707e-01	1.171681421437547332e-01	-5.445676524907430149e-01	7.286683429346971774e-01
-9.151054896665962446e-02	-2.233433039087754091e-01	-6.939391501789305972e-01	1.000975700839168203e+00	-5.302563584048007872e-01	2.868820491595287070e+00	7.260663736223023079e-01	-3.557924871529765110e-01
4.382361364052621555e-01	4.445843244725758980e-01	-4.142747893588208941e-01	-1.013843480629419647e+00	8.021997822648389009e-01	-6.621265926934050139e-01	-9.872242434041008652e-01	9.046785629386797645e-01
1.752018634892320348e+00	2.321703698505643010e-01	1.344626475522396891e-01	3.262578546654246181e-01	-1.834936254388021271e-01	-7.904356681607455082e-01	4.436703530137633411e-01	3.649834328793482574e-01
4.696929000109308361e-01	3.036875164429254648e-01	-4.256612688075633866e-01	-1.112528348030171088e+00	8.119846231698915062e-01	-7.604714556631307909e-01	-1.032459183043807016e+00	8.604423476560588702e-01
-2.121540654195478923e-02	-4.866270847863802262e-01	-3.535541978314033496e-01	7.684921428201202387e-01	1.709773229889773427e+00	-1.969787019674759665e-01	-9.345620663818466900e-01	1.176730912746079216e+00
1.092007596509644740e+00	-4.947636071244197464e-01	-1.849203863878035592e-01	-1.202727230719861318e+00	6.590499362756487844e-01	-7.576842285550517975e-01	-7.947719152423364797e-01	-5.259424636967883204e-01
4.004753726544790227e-01	6.080531276011352793e-01	-7.207572317541468543e-01	-9.856605144787804473e-01	-1.259933700692769110e+00	1.625172203630020906e+00	8.287659844219388283e-01	4.569274329765085074e-01
9.518308877291131731e-01	-1.043245054722892862e+00	-4.289227306946721829e-01	1.016896955399061886e+00	1.003855646105126675e+00	-8.897577598824237821e-01	-6.349649727839123958e-01	-1.352958479592536456e-01
6.528926984756519558e-02	-6.823813344628185673e-01	-3.336625694239697681e-01	4.380371212305673168e-01	1.884594744221864238e+00	-5.194510615216023641e-01	-1.100550991279640733e+00	1.064669227000603957e+00
5.974068614514098652e-01	-2.002438139343211063e-02	-3.852884455025278321e-01	-1.435499109499893899e+00	9.941968729624218737e-01	-1.153533693657756487e+00	-1.166455259822342549e+00	8.766260091386504083e-01
5.361977254235865686e-01	3.052692986502467676e-01	-4.442389357612845924e-01	-1.178067547185740249e+00	8.628227669475632133e-01	-9.091907235387262087e-01	-1.102373672666431048e+00	8.418068778600231727e-01
8.017530947133040264e-01	-1.788781345498789699e-01	-2.915983493678562799e-01	-6.804318644758171608e-01	4.460271658631188019e-01	-2.349649240307463416e-01	-5.377654789522721135e-01	-2.797738659616323953e-01
-1.287091525145061255e-01	-3.486768639531168112e-01	-5.717397532067821642e-01	1.053197775430414262e+00	-4.950822058088793498e-01	2.952476444905612674e+00	8.918072003224229993e-01	6.007144804423947271e-02
1.368805698285046613e-01	-1.652476879664131204e-01	-1.046549795163782326e+00	1.056843707335904714e+00	-9.517886081248949637e-01	2.513722033892768604e+00	7.027792330565842960e-01	-5.313943792234449015e-01
1.133327984194407945e+00	-5.006401370471460499e-01	2.837429093762195986e-01	1.823324386936155062e+00	8.213914097233248057e-01	-9.205709253787229540e-02	2.785593662415577487e-01	3.607831583763108640e-01
-1.195016139018953288e-01	-9.148087496212037317e-02	-4.042287863763266431e-01	-7.498056783462476726e-01	-5.962030238302273855e-01	2.392767281098484133e+00	8.959157355188024363e-01	4.269995081769542011e-01
8.931794423003751593e-01	-9.487890957980108508e-01	-2.527031559000163519e-01	-4.885488761665391366e-01	-3.596633181051171746e-02	5.099448274814799564e-01	-8.108090553110978982e-02	-1.041324229622871966e+00
-2.793735567809584736e-02	-5.171209002642609409e-01	-3.812833594525836256e-01	4.979548388002797976e-01	1.760217944559296477e+00	-4.298904727277548243e-01	-1.033661281908384799e+00	1.403995873962946561e+00
2.998338219331039833e-01	4.147370997586111718e-01	-4.483609482934186041e-01	-1.131845896730768963e+00	9.383985691256174766e-01	-8.533344174141279659e-01	-1.084244287014246799e+00	1.374623388350264097e+00
2.671485735808531992e-01	-1.035879325573143064e-02	-1.113602898501181437e+00	9.939762636796926065e-01	-1.130086618092198902e+00	2.333264709514780932e+00	7.218104742086302039e-01	-3.992197370005025614e-01
1.828074583854414903e-01	-5.334934224089269428e-01	-3.272910951280822434e-01	3.553320631094511461e-01	1.639394682147755633e+00	-3.834340436468294810e-01	-1.000476873748747941e+00	8.331851443387087164e-01
1.229345001272885263e+00	-5.365526609665828284e-01	1.634996797885181208e-01	1.581003969583215651e+00	7.408808055857103447e-01	-3.293294260404941998e-01	1.448302451766321219e-01	3.680409087823647840e-01
4.856651094051490647e-01	2.269046673026034189e-01	-4.350663301005275319e-01	-1.218089145649590144e+00	8.880549256935216240e-01	-9.251629255480023906e-01	-1.098508060171170087e+00	9.507890692670308841e-01
4.178548517830172893e-01	2.462161865725161769e-01	-4.629023521162286547e-01	-1.305282145412353545e+00	9.584976607553181704e-01	-1.104302312234985317e+00	-1.166180219982675403e+00	1.285020001417249036e+00
2.141799523316463005e-01	-5.410472551794182072e-01	-3.784163576647194827e-01	-3.901586410169469860e-02	1.657688539151217721e+00	-7.197766426849593335e-01	-1.134374864845226094e+00	1.098396252169052234e+00
1.282433181814325307e+00	-5.443074740967367431e-01	3.410123880103834715e-01	2.099149284119923298e+00	6.687245213620508499e-01	-1.604802110936822401e-01	4.851779322920604098e-01	4.724645872455790485e-01
7.539933655455265393e-01	-1.036929419715229894e+00	-4.231016408557305430e-01	-5.195104016207819919e-01	-7.099868445151356067e-01	1.422651425302820849e+00	6.015225268267271330e-01	-1.459044991864515861e+00
1.998722933180693828e-01	8.238750911125283238e-01	-4.164348154421474435e-01	-4.043472184146934545e-01	4.433609587489459880e-01	1.165698333762103106e-01	-5.939355178102690980e-01	8.867839844495039037e-01
2.386550912281732162e-01	-5.028951095982777675e-01	-8.043856340603963151e-01	-9.223827583492884008e-01	-1.020694489404508909e+00	1.376254463016761242e+00	8.191970304340149278e-01	5.569855399882251978e-01
9.549716488768822398e-01	-6.494045987800811659e-01	-5.867458683512634110e-01	2.094470654954085909e+00	4.593015482587166631e-01	-6.742327742876296215e-01	-2.381993211071694594e-01	-1.410538810734904280e-01
1.171397862530491496e+00	-5.605070776685844303e-01	2.144498347321530385e-01	2.065950313213144263e+00	7.234791044657734593e-01	-1.708845397953804857e-01	3.533153512910691685e-01	4.722225769344891577e-01
5.785700855251820762e-01	-4.777743658473323496e-01	-1.542544776541330542e-01	6.188121383334512782e-01	8.253981368532119500e-01	3.717681580763695925e-01	-3.458192247529298657e-01	-4.175555081063208607e-01
1.269127360867140730e+00	5.459448148673477774e-02	-7.577547585136510389e-01	3.551795761376644878e-01	-3.726603278333904812e-01	-9.148899672084978008e-01	-2.119468483996891084e-01	-2.400366724051024025e-01
6.190759663625006182e-02	-5.303542921160888657e-01	-3.461189699810859888e-01	4.289777480721697067e-01	1.723824215031144691e+00	-4.041606249477844859e-01	-1.019294105786552995e+00	1.122965883495072870e+00
1.282481145843997472e-01	-2.225057521688335593e-01	-4.199084682547641889e-01	-2.355786910633554943e-01	1.480603327569984806e+00	-6.474682977512622450e-01	-1.111074985132370463e+00	1.336766827640497812e+00
1.327671635058326194e+00	-2.466154990794043600e-01	2.196041629010864471e-01	1.335982366152326239e+00	4.945581437942149772e-01	-2.748475170204258688e-01	2.937492610183943809e-01	3.193608930356352515e-01
2.268483096253446907e-01	-6.768196629130941444e-01	-3.426215789450833271e-01	-4.073756668820610605e-02	1.763605409507548849e+00	-7.861534034368879986e-01	-1.160132974892922331e+00	1.062550416851787638e+00
6.978067278662325457e-01	3.083830560450361025e-02	-2.800597114224390727e-01	-3.846307165912353221e-01	3.349937235047766304e-01	1.031430921207466822e-01	-3.867439455538313475e-01	-3.258838179601826202e-01
1.308621339428070574e+00	-3.321815365409678256e-01	4.474136289884302897e-01	1.707162930043487847e+00	5.953293054929551520e-01	-1.555993716267771443e-01	5.373159271324680075e-01	6.985173852777123438e-01
-7.272711056971177535e-02	-1.268959267114513033e-02	-3.313075095324222730e-01	1.116218257342478593e+00	1.128389631207789456e+00	6.003397191483393902e-01	-4.985202696515345644e-01	9.584048039301797939e-01
6.998856181613239968e-01	1.484637289172709707e-01	-2.688215543945753905e-01	-3.872277050441428892e-01	3.737584568924782191e-01	9.525324165561155354e-02	-4.363165043044037739e-01	-4.763709464244905711e-01
1.585914207983982527e+00	2.315368717088711892e-01	8.233985014814296788e-01	-5.072021312854803066e-01	-8.994134842577788946e-01	1.957250211035730825e+00	1.676868356134968430e+00	-6.622986944196694870e-01
1.671070372826136130e-01	2.729028112250957427e-01	-7.591896916648837035e-01	-1.023389168289940143e-01	-1.102033831236544970e+00	2.331133081336198565e+00	9.414330076115734469e-01	3.534720314148871445e-01
4.849338817208980190e-01	-3.750886593087566223e-01	-1.098161011276540394e-01	1.011552198428140370e+00	1.074275558034354816e+00	3.594770662873244538e-01	-3.946749045963090508e-01	-2.561298848075279078e-01
9.659841627369808448e-02	-5.035704379369908557e-01	-3.567793142584791410e-01	3.581957588835407158e-01	1.688407102984437191e+00	-4.391871035954369451e-01	-1.034420478166885982e+00	1.102949562117097493e+00
1.517263872061727303e+00	2.003005179168231009e-01	5.474951018598658847e-02	7.129438023646048062e-02	-3.621828830694492907e-02	-5.245784150616172870e-01	1.954064771767736464e-01	1.013489918275809198e-01
4.741185551544546684e-01	-2.182998133898715887e-01	-8.352961079328138361e-01	-5.047594044783032530e-01	-6.559848402312442595e-01	1.136556336647271737e+00	1.952581712650666435e-01	-4.971079060693558982e-01
1.660467277821979337e+00	2.015508405488976862e-01	1.541326505613528075e-01	2.147105937337973613e-01	-1.054460018208217276e-01	-6.048045782260823566e-01	3.893796609367221051e-01	2.891642582367782710e-01
1.104586777739399173e+00	-1.201469666005482217e+00	-1.897358821290625608e-01	-5.501057649554013107e-01	-3.423504044865858242e-01	7.111820135313422497e-01	1.758056982971092363e-01	-1.498801920973926061e+00
1.246744862001716525e+00	1.853684382193136471e-01	7.657079211243734695e-01	-2.397057688938910580e-01	6.409455983463580031e-01	3.735794122650261673e-01	2.721738878048404753e-01	1.571297148922521092e-01
1.812394670615330439e-02	-1.642649550641410994e-01	-9.398021606957353002e-01	1.078201261699549551e+00	-8.003498898580567733e-01	2.746638327193229312e+00	7.056989649301301792e-01	-6.944920152724736173e-01
7.776494882533593334e-01	-5.509686502988911938e-01	7.188713319062508544e-01	1.414068505723431457e+00	1.344500699907006602e+00	7.458678376556039380e-01	2.219887116297487306e-01	3.276872444741188439e-01
1.068275250304373258e-01	-4.076987184354193272e-01	-1.024993975169542215e-01	1.760395914513269267e+00	1.470437243691985030e+00	6.252918777596568889e-01	-4.287433346009910662e-01	3.636001206252471585e-01
-3.644757432154720200e-02	-3.642467323399238843e-01	-3.894152993522658757e-01	4.158210109702372703e-01	1.660545689410504178e+00	-3.658612280626712399e-01	-1.003393079483264838e+00	1.450867487700874925e+00
3.730060815680419362e-02	-4.734771360032627996e-01	-3.487762968917871298e-01	6.137878599237243105e-01	1.681523941093134855e+00	-2.630401186546392212e-01	-9.618046615388081699e-01	1.087905266478279120e+00
1.652304697217832075e-01	1.785616995216086911e-01	-5.698168755968171517e-01	-9.337708775701561992e-01	-9.061764632656464924e-01	1.831060349830556211e+00	8.190050935786695741e-01	6.313812534454524839e-01
8.096656531919751432e-01	-7.893737901667643442e-01	-5.242703780366231303e-01	2.442051433670818561e+00	6.875609623048655195e-01	-4.801019573014005393e-01	-2.207194263991620053e-01	-8.770590390866588038e-02
1.720178094102755573e+00	2.682511677935468519e-01	2.046832863221174359e-01	2.500351429336970521e-01	-1.267285329097398161e-01	-6.577561035612304874e-01	4.313707648599846012e-01	3.367394726023805185e-01
3.453067086510152595e-01	5.217851145695883153e-01	-4.578604454659340184e-01	-9.713775541649919409e-01	8.087463850212516236e-01	-6.711748406431971015e-01	-9.996834813198238745e-01	1.110168797434277543e+00
7.852162237753237406e-01	-5.067304641838340507e-01	7.835319691563141786e-01	1.366498375846442404e+00	1.421926446588608339e+00	6.891861177621999568e-01	1.831092932593609557e-01	3.256177020536848987e-01
5.488058009149620053e-01	-4.161096856329270510e-01	-2.097639898696663507e-01	1.089834134577456926e+00	9.480105650263380701e-01	1.867973966786850015e-01	-3.864787153171284073e-01	-3.081936016649333143e-01
-1.781443471408456500e-03	-1.634819152000360210e-01	-5.136871614017991527e-01	-7.369623001183852606e-01	-9.071889829108380487e-01	2.222120951320150084e+00	1.081368612062541645e+00	7.795551422048112578e-01
1.063613124046413061e+00	-2.556509487214870813e-01	-2.399249057408228691e-01	-6.156777817244578621e-01	3.114523435915776961e-01	-4.556427358395011007e-01	-4.185789242470141502e-01	-2.306748836970331229e-01
1.683520715697807368e+00	-1.786174852102650201e-01	2.544889666107653658e-01	2.057744824203441847e-02	-1.962383840674757352e-01	-2.596334401389119861e-01	5.491984504710977211e-01	-1.658244325073596481e-01
1.720382512176176881e+00	1.377370318498330748e-01	2.421328569967699795e-01	7.127903518656104886e-02	-4.169940241858472590e-02	-7.843447711661207800e-01	3.503251219550117534e-01	4.462916095692273100e-01
3.371514791404778277e-01	2.550509541850407569e-01	-1.099320402151725995e+00	9.108312260684812145e-01	-1.050181849071035289e+00	2.191468435716229735e+00	5.261603533373842012e-01	-6.660407933780966294e-01
7.904379434100993196e-01	-3.873099674931337888e-01	-2.533965371672696199e-01	-4.221078097544256891e-01	1.379325743399593684e-01	3.379919244877057083e-01	-2.034439106748855974e-01	-5.999706155963075993e-01
-3.684310588870636644e-02	-3.719036305667938747e-01	-7.717289887092914080e-01	-9.264776238592051794e-01	-1.046254843873006157e+00	1.733986200316719906e+00	1.005386663074380849e+00	1.077530406102072513e+00
4.577675848959212312e-01	-8.352292152183266039e-01	-2.069303685786101354e-01	5.734552168519032600e-01	1.687450678086693356e+00	-4.083224092210858691e-01	-9.306587283525435961e-01	1.374639778491177078e-01
8.251122996461349723e-01	-3.305362358595474448e-01	7.100102465417440500e-01	9.413956960748049996e-01	1.250018443337148843e+00	5.977525461407027230e-01	1.247811624194930524e-01	2.245755903459660252e-01
1.581257546665354730e-01	7.799855657281362653e-02	-8.666976023472383606e-01	6.265814579661914685e-01	-5.826895970610204145e-01	2.236334768682747942e+00	3.233846029890304896e-01	-7.785349622949135906e-01
7.230677050281876239e-01	1.358650618952043088e-01	-2.590660700802352445e-01	-4.283257197099417102e-01	3.390624974677824977e-01	5.063771727547285856e-02	-4.114798146635390008e-01	-3.373242676120931649e-01
1.287767346176500238e+00	-6.226603288496681543e-01	3.615060144269839348e-01	2.205683856322604885e+00	6.662453636684904090e-01	-1.958574964811977681e-01	5.357643716286845104e-01	5.964615244323834276e-01
1.306541491283460754e+00	-5.237609724552235724e-01	5.135941730047679510e-01	1.791166724784069908e+00	7.577682117114813432e-01	-8.769395999272937281e-02	4.785700957326192162e-01	4.762819268572965337e-01
1.625170376250818283e+00	2.152256582535057861e-01	-3.183401125650905938e-02	2.607233920795771764e-01	-1.517175040550702014e-01	-7.381070805583371808e-01	2.534857543162731264e-01	1.872259163787400316e-01
1.837387952791216250e+00	-9.187317878286579420e-01	-9.441600624370030670e-02	3.956049725034117004e-01	-1.661374080323709146e+00	1.161303626625660668e+00	1.885728942257074214e+00	-1.009529695473384781e+00
9.990779945825495334e-01	-5.429375695290868942e-01	3.314326526819174612e-01	1.808780288330517960e+00	9.789678119793129296e-01	9.855878592956041073e-02	2.185183947082028899e-01	3.425708559953381527e-01
1.654739776181391564e+00	2.498345556668929712e-01	3.942141773428914364e-02	2.422063459259813922e-01	-1.452324473947338157e-01	-6.973868482573892802e-01	3.069629311582319775e-01	2.306204263011585875e-01
8.243981992859193975e-01	-5.626008549152745619e-01	-5.915848085910687670e-01	-1.707934356796250164e-01	-1.152242096789849457e+00	1.896910546619124727e+00	8.353051409928888837e-01	-1.540043763262280319e+00
1.233919440067224649e+00	-5.514551046287375913e-01	4.696832120128568988e-01	2.044417518389608279e+00	7.628195157687648331e-01	-7.787681540218059639e-02	5.426080887522993779e-01	6.483855700978133907e-01
4.755256694989492550e-01	2.909338403806178697e-01	-4.370449163984088670e-01	-1.144446373541274875e+00	8.577381238382180140e-01	-8.384507294189857962e-01	-1.064261184676590144e+00	9.062153241967149109e-01
9.346837991963929948e-01	-4.853781793958509283e-01	1.051996789823373524e+00	1.306503579354065581e+00	1.335703326135468050e+00	7.923921021334751069e-01	4.511646387031802430e-01	4.688981176351690872e-01
1.410742999592560498e-01	-5.069853401086387157e-01	-3.771998554333222953e-01	8.786303974301479247e-02	1.688945250706663126e+00	-6.138460371444885988e-01	-1.115242000017673929e+00	1.128328924329487615e+00
2.335415548088842774e-02	-5.250416441403215062e-01	-3.510575079574618229e-01	5.353030107130711812e-01	1.742745401763323487e+00	-3.581993841015582158e-01	-1.007172820855539719e+00	1.191548614038258069e+00
1.584035926088953827e+00	2.221575751892607975e-01	3.306843253201899868e-01	8.148995108620966932e-02	4.747929902636008337e-02	-4.294898094250608200e-01	3.716773065384060271e-01	2.405565907323815034e-01
1.770451764034655096e+00	2.529257921498866413e-01	1.794298150327196806e-01	3.199157405701800183e-01	-1.867428697658318204e-01	-7.519228800621460262e-01	4.749391995088099172e-01	3.868021829342233597e-01
1.358019287855641632e+00	1.118288081759752639e-01	-7.257033892366683281e-01	2.754002762666801774e-01	-3.429819586171081736e-01	-1.146071591619558738e+00	-2.653980359015442603e-01	-1.680657566164062422e-01
1.386721815822351989e+00	-4.590997376042567080e-01	6.850421820007489560e-01	1.872741345299596905e+00	6.440772747208848292e-01	-6.295334528225728088e-02	7.582613935946194150e-01	8.068957633281037545e-01
-7.992349267504310351e-02	-2.702148257045102753e-01	-4.513347590879856486e-01	-5.992440243119926402e-01	-6.150857757765340050e-01	2.263763657638598215e+00	9.264456651297140466e-01	6.976778825257852201e-01
9.177615523306642542e-01	-1.120618502142922912e+00	-2.280732020608799426e-01	-5.634374265988076891e-01	-2.800818303659582953e-01	8.966367442467116922e-01	1.902281818018363158e-01	-1.324114118684589281e+00
1.558349535792818430e-01	2.299872300729216834e-01	-9.443141205036172936e-01	1.102023463613672094e+00	-9.934407496558762540e-01	2.664838587530210745e+00	7.511108553934396914e-01	-5.002661480368399971e-01
1.363135220580317997e+00	-5.349292580526302521e-01	1.448506969477734163e-01	5.546370655862822296e-01	7.433852770495524842e-01	-7.164248175367685656e-01	-1.234711381657513374e-01	2.671292341512309099e-01
1.649604417641284293e+00	2.146375622319496579e-01	-6.100252942203541334e-03	2.382089155915660672e-01	-1.608559548552954688e-01	-7.337049598337342937e-01	2.794765156298156805e-01	1.640662524720646609e-01
7.547586250401025487e-02	-6.129518336223855890e-01	-3.485657455916602587e-01	5.254675422061505508e-01	1.804180017577113881e+00	-4.275877790983815263e-01	-1.063728615610379569e+00	1.011189400791281390e+00
-2.859237164933222872e-02	-3.885019111942595860e-01	-3.833428246219570124e-01	5.416826107183777550e-01	1.659753238515924600e+00	-2.911057960733295369e-01	-9.802551557418904826e-01	1.323915415125409556e+00
3.206408203287091085e-01	-2.877965689655999637e-01	-1.258287112846469658e+00	9.377377496956511571e-01	-1.113521382784661951e+00	2.090431113513494754e+00	5.942668208689732001e-01	-7.088993457673183896e-01
4.979084712746416619e-01	3.092093800504236434e-01	-4.169061433167229325e-01	-1.108447225168346151e+00	8.340827835289550407e-01	-7.659998851726220748e-01	-1.032518513396002868e+00	7.912985875311786543e-01
1.119636995902846682e-01	-5.526575297866836989e-01	-3.852071582951597795e-01	1.951622607093824943e-03	1.738025508306588307e+00	-7.234078210328727110e-01	-1.152501307737111125e+00	1.301815757707344812e+00
1.449549055878434745e+00	-5.308246468535697815e-01	1.330510090977624904e-01	2.225499425120676555e+00	2.816583083026482637e-01	-6.018107860216320715e-01	6.242234681665297380e-01	7.891923863389382898e-01
5.970435200793688946e-01	1.402246317004074982e-01	-3.921747819271406699e-01	-1.182422640179198847e+00	8.556244741955997268e-01	-8.355223343770020739e-01	-1.043805675049975346e+00	6.061071383432504733e-01
1.249768928854061434e-03	-3.876316297508826669e-01	-3.868025716933432001e-01	1.966087584080612183e-01	1.669800253341968910e+00	-4.936225083911233158e-01	-1.063849685997994898e+00	1.430818326721171374e+00
1.056501815639939279e+00	-1.066498224092840674e+00	-1.589240926538939558e-01	-6.366919768555703296e-01	-3.544591285334380282e-01	7.883638386639838513e-01	2.310258124008918723e-01	-1.324673917946625590e+00
8.895360892531029018e-02	1.669366471937990259e-01	-1.413148467984203238e-01	-8.110474823607185524e-01	-5.353165500386927178e-01	2.286501371467236421e+00	8.781679636974931702e-01	4.117829803514186371e-01
9.084574968373274051e-02	-4.531653628188785365e-01	-3.706073320737444110e-01	3.351030923499838665e-01	1.647502718303112790e+00	-4.506850612527348310e-01	-1.027107691088073871e+00	1.213367870137971094e+00
9.963691052615437638e-01	2.990291533764438681e-01	-6.218114282431943529e-01	-6.064986509689312966e-01	-1.451130045828938675e+00	1.711926937088658285e+00	7.533021246151556660e-01	-1.969311588538175117e+00
9.227323872561679075e-01	-2.697098583530959104e-01	-2.509209270636234557e-01	-1.130578781931779409e+00	7.687882684815264822e-01	-7.783874514341891926e-01	-8.542099644207398201e-01	-1.146219689620360527e-01
1.282229082641278550e+00	-5.072726100990057052e-01	3.965587211316857763e-01	1.986941756195027775e+00	6.731654437073836261e-01	-1.591315729022372838e-01	5.111928804410174054e-01	5.958352454310038571e-01
4.599988650279783764e-01	3.933123576415405998e-01	-4.342825864764229826e-01	-1.089813256893735760e+00	8.323548741022611663e-01	-7.826475968988743093e-01	-1.043341448912475489e+00	9.173395979344094453e-01
9.274179703400405872e-01	-3.526926785555686283e-01	-2.725132613784711499e-01	-1.117499760727024283e+00	7.253980784118833069e-01	-7.403624423558829992e-01	-8.290991097977508106e-01	-2.375644313210110159e-01
5.674921318547421212e-01	-1.109369103638979448e+00	-9.535689800789015624e-02	9.338448540684763932e-01	1.734286847898121708e+00	-2.828823987341060886e-01	-7.734173030156179518e-01	-1.804922330912464845e-01
1.284821547467112746e+00	-5.126431779545432832e-01	3.671738808811562116e-01	1.991028199779163010e+00	6.753090036125888318e-01	-1.851755123832423688e-01	4.823559051269150633e-01	5.585296892806810298e-01
5.322344021295611904e-01	3.881780752382448796e-01	-3.657755847583862852e-01	-9.240326869027999379e-01	6.730360153388202926e-01	-4.986639186284038683e-01	-8.502802649993104200e-01	5.254521716798048470e-01
1.650964613767138323e+00	2.620432925441856797e-01	3.219390526084756621e-01	1.753924888195182441e-01	-1.918459284632026071e-02	-5.296159094009469381e-01	4.371249161132594319e-01	3.466207883219832864e-01
3.894020792615695559e-01	2.432326000130795862e-01	-3.926657193159324155e-01	-9.294151796297288604e-01	-7.091788379984826918e-01	1.668473850329514230e+00	5.889885120099386251e-01	2.672556283444216252e-02
5.649965548859344766e-01	2.043515176975917169e-01	-3.821844633094871879e-01	-1.123568569142705753e+00	8.375958559510026102e-01	-7.573066993690381610e-01	-1.010247589137410751e+00	6.280644833860016263e-01
-6.948692169877195013e-02	-4.152951682108639853e-01	-3.531330049760402767e-01	5.912373789273922542e-01	1.730639404187213515e+00	-2.531644305700432862e-01	-9.700719517859939245e-01	1.374388189893879897e+00
5.346008618500530662e-01	-8.540309486722433840e-01	-1.978847537625183506e-01	3.951883812048148092e-01	1.643544334392172734e+00	-4.843369130007867951e-01	-9.395874396848308274e-01	4.900701657090483776e-02
-7.628519724319905715e-02	-1.400005087048083741e-01	-2.529932140187409195e-01	1.490003853194380667e+00	1.319082661246541166e+00	6.582378511511425279e-01	-4.748874690872689208e-01	8.580898043266392827e-01
1.166554576378689090e+00	-4.878340256380469531e-01	3.142326522439380376e-01	1.970247945164441461e+00	7.426797856315966451e-01	-1.006623453948680413e-01	3.962562978003977276e-01	5.171540181480327458e-01
1.090005856835030151e+00	-1.452679217180687044e+00	-2.600360822715899745e-01	-4.308043444592128401e-01	-5.076022795171828417e-01	8.695142020993292808e-01	3.694093939111360303e-01	-1.573330298772215752e+00
4.279750859412824182e-01	4.103023431341550342e-01	-4.339066642102812343e-01	-1.109547669808447434e+00	8.486921183602542662e-01	-7.943214343956577217e-01	-1.049141680138761856e+00	9.932001414823418139e-01
3.620796863589609282e-01	4.402938277295285197e-01	-4.875048978288302748e-01	-1.101325622480729738e+00	8.474229873490366494e-01	-8.737751291418105470e-01	-1.071903030090169073e+00	1.285004590250061085e+00
1.547923541856835450e-01	-5.185935806793535718e-01	-3.525481397421240670e-01	4.475510481791262207e-01	1.658117698641331961e+00	-3.882289853628164700e-01	-1.010847014003158018e+00	9.082659876795861065e-01
6.460634857730365166e-01	-1.023453116549845721e+00	-1.605430018058530695e-01	5.438613122514081022e-01	1.565190326487052364e+00	-4.091115070417960520e-01	-8.148704096589708401e-01	-1.960677833601572329e-01
1.507949096757173368e+00	2.164583114162636213e-01	3.298289225632766719e-01	5.311363361448111914e-02	1.106518585952975947e-01	-3.528314571792363630e-01	3.297294156659354991e-01	2.299186029748538640e-01
1.234035571236597795e+00	-4.811862904093744397e-01	-1.736330976523382252e-01	-2.287415040631148311e-01	-1.248551022135636762e-01	-2.078505941677956034e-02	9.056781051942251748e-02	-5.662643148260617654e-01
1.201360215480387295e+00	-5.282930923655934086e-01	4.728204266107381981e-01	1.972113900355599636e+00	8.076129800464955100e-01	-3.787702054463951140e-03	4.892761702071191099e-01	5.738657411183500923e-01
1.415079229921461623e+00	-2.130374048418182120e-01	3.486630393665436367e-01	1.271385180480528954e+00	4.533539280160542306e-01	-2.876963440831974972e-01	4.136725010664983326e-01	4.051924359838918188e-01
3.163804376148388053e-01	5.066367191157223893e-01	-4.772252652568401143e-01	-1.038925348368379131e+00	8.538424986511111703e-01	-7.775263089560072727e-01	-1.054815677739148860e+00	1.260359793414815410e+00
4.472836750213554646e-01	6.431584349386887389e-01	-3.101318426285939456e-01	-4.407216644592231169e-01	4.305695865937214650e-01	8.349778117223018159e-02	-5.720767463500283645e-01	2.633338824521899713e-01
4.673862243480907952e-01	3.555526971089718602e-01	-4.214346614426324189e-01	-1.129893838705118281e+00	8.700266570190653415e-01	-8.280465663464384729e-01	-1.062652057698337815e+00	9.428957750684993089e-01
2.727916832968719230e-01	3.624571689979346756e-01	-6.628470431664739149e-01	-1.020746800428829815e+00	-1.052939361942433871e+00	1.628242145001894681e+00	7.781387240677245520e-01	6.213327184958151728e-01
1.266843470027495755e+00	2.226178244846274967e-01	8.267152661333189156e-01	-2.181813659228216962e-01	6.639044986750120003e-01	3.705738112094341674e-01	3.183935467555056298e-01	2.683120402363072809e-01
5.999308286079721442e-02	-3.101926619658014750e-01	-9.079606215991110618e-01	3.963482051881936918e-01	-7.169414813889462001e-01	2.292861862966617537e+00	5.888942662531709837e-01	-4.074829760445101701e-01
9.585418225150337257e-01	-3.979193899468732032e-01	-2.733118120861262601e-01	-1.217173726383103505e+00	7.769567654820958014e-01	-8.689316951539858280e-01	-8.898654017528044857e-01	-2.242537805100140447e-01
8.972906713252412625e-02	-4.795585453691794675e-01	-3.465449020532657687e-01	4.694373067276241263e-01	1.667215883651074870e+00	-3.390766903279669453e-01	-9.920032513573231459e-01	1.030294686656341607e+00
1.335694633448285762e+00	-3.168392175495080010e-01	3.095422774696322543e-01	1.575393421007110994e+00	5.476421635062219684e-01	-2.401981261343457130e-01	4.009712890059401458e-01	4.166868995825158128e-01
1.586356837062584235e+00	2.569129846568137809e-01	9.514444325987791995e-02	1.406637176717966953e-01	-7.343324290261800391e-02	-5.708351279434454861e-01	2.698880173214178724e-01	1.991925857189831561e-01
1.765018976568204945e+00	2.431560538170079722e-01	2.051914422882690492e-01	3.239241119695182025e-01	-1.647130443494228547e-01	-7.464850186515475938e-01	4.834356397977250808e-01	3.882035550617878306e-01
9.990812712593671874e-02	-6.129898963123064926e-01	-3.212923192849750920e-01	4.437629498937041839e-01	1.772553688006902384e+00	-4.496877088821441548e-01	-1.036924418041122564e+00	1.083838943005425826e+00
-2.163007485024596721e-01	-9.686525249214940347e-02	-2.661334353399522068e-01	1.607354777448575245e+00	1.395251111191722515e+00	7.744521455458336368e-01	-4.634224482779288334e-01	1.186071951367390742e+00
-5.551428012486269575e-02	-2.568533991968757410e-02	-3.082072734282776394e-01	1.248556188998891203e+00	1.171849343020645806e+00	5.992730925952871601e-01	-4.930978730904251317e-01	9.135859118351211672e-01
1.042139343268646545e+00	-6.490119367012269214e-01	-3.665611244484656694e-01	-7.142614475374173821e-01	-8.303680698355353496e-01	1.119661035635925783e+00	4.638101748051146611e-01	-1.650563028101507790e+00
1.244723561431295922e+00	-4.215770200951043378e-01	4.343257052184069655e-01	1.631124316638956406e+00	7.440809007209829851e-01	-5.161761524560128100e-02	3.849544475711016434e-01	3.647752560273950229e-01
1.183116322961534461e+00	-3.689351488282618385e-01	-4.550718357906708422e-01	-5.487840421094011267e-01	4.808211256945857381e-02	-6.907647537105927604e-01	-4.751389943471321931e-01	-6.115021933066883131e-01
5.079810570592561136e-01	3.279495939769392354e-01	-3.953062192827037080e-01	-1.027512463281184507e+00	7.750453215480831437e-01	-6.407121300636585692e-01	-9.625651017787246744e-01	6.703810035304043069e-01
1.771361478868347161e+00	-1.816697649794617175e-01	2.895049327698119290e-01	-3.801902221714886787e-01	1.853215675822642572e-01	-1.104513931095489454e+00	8.554645116326659027e-02	5.723213041370039944e-01
1.091076405588831566e+00	-6.308038526032226923e-01	3.664875731261947323e-01	2.190548871600376479e+00	9.063939849587205888e-01	2.479281506556137160e-02	3.938579492868431453e-01	5.228445903012141072e-01
5.054620340082508489e-01	2.455113039194058711e-01	-4.248448245241121524e-01	-1.163364592892338623e+00	8.621703867160300794e-01	-8.377101525439588636e-01	-1.063276136537322225e+00	8.282265277458523700e-01
-5.931257454983599083e-03	-6.336500811949405954e-01	-3.784599301855686715e-01	4.829332713856133164e-01	1.829327446678512548e+00	-5.382522216903222745e-01	-1.072443841282754828e+00	1.415002791519100800e+00
2.008501625413846581e-01	-8.986152440776649930e-02	-7.066262163644171368e-01	-7.507185437320899046e-01	-9.911291674446358613e-01	1.780429328230700881e+00	8.456225148098723832e-01	5.964314477051172458e-01
8.193434883271160096e-01	-4.032844705640504235e-01	8.095364295032551061e-01	1.175501631073745168e+00	1.332822600077232522e+00	6.908555828633100582e-01	2.254702671300853889e-01	3.430369930675661316e-01
1.147978191191239006e+00	-2.010428437923451050e-01	4.417707753325125775e-02	-6.707988992240113690e-01	2.635134951578635976e-01	-8.773879218712411082e-03	-3.326406866883375724e-01	-1.106815202802083675e+00
5.869114365539853662e-01	-1.745025530494658528e-01	-8.401652616707936394e-01	7.702314252828693641e-01	-1.156143865955586270e+00	2.294201586979215168e+00	7.996555902101553093e-01	-9.862910861852551836e-01
1.545359031710940689e+00	-2.688377280803879166e-01	5.211065604847764376e-01	1.548374672958968912e+00	3.411336124128552250e-01	-3.274780002587430738e-01	7.179284672473293938e-01	7.356262437287584000e-01
1.631989844125038003e+00	-3.881969798812256456e-01	9.833683545902746626e-02	8.221142657815483368e-02	-2.715922156165483936e-01	-2.190934073982631070e-01	5.637099369197214882e-01	-1.823962898121690157e-01
3.869074307753095909e-01	2.282672830189267088e-01	-4.992204964377992549e-01	-1.254007141793527680e+00	8.697537673377800926e-01	-1.009760933204183253e+00	-1.102163319942920827e+00	1.306149041442594694e+00
5.204920232207135289e-01	2.837218837062255306e-01	-4.015218141073935154e-01	-1.119512743826537537e+00	8.240139972724889184e-01	-7.487308213211504304e-01	-1.025016592138422222e+00	7.192531432003361758e-01
5.491261685079584787e-01	1.466976531315880294e-01	-4.199501412215117524e-01	-1.282384756578252460e+00	9.065646207671008705e-01	-9.817793002487741338e-01	-1.116069725583134664e+00	8.378160717196898588e-01
1.754642912008785860e-01	-3.976999162198380233e-01	-3.324334139604995797e-01	2.934447301811326514e-01	1.565404662239537226e+00	-3.357062953067828093e-01	-9.823256176878711887e-01	8.453775722183284325e-01
1.753626327579015154e+00	2.977764330780097168e-01	5.077641236743313247e-01	1.798797625921186305e-01	-3.711653116898846333e-02	-4.524590350372272307e-01	5.856303552836426007e-01	4.476341537368159207e-01
6.884590071389254384e-02	9.726402240800774424e-02	-8.689277469640328544e-01	8.208519211313751729e-01	-5.753852354559085835e-01	2.491327091353854328e+00	3.724566142964925719e-01	-1.014482309935836879e+00
2.074836946123733150e-01	-2.064450519817944973e-01	-1.074424645611664619e+00	6.526297027748282353e-01	-9.580772423164439777e-01	2.296778162979544291e+00	5.986735580853981276e-01	-8.015288655674855933e-01
3.390513936380128435e-01	2.382683740352248281e-02	-1.224054981932737762e+00	9.287436379226219341e-01	-1.113437659033607474e+00	2.164899314683314202e+00	5.110024694914245824e-01	-1.005997810525158798e+00
1.275959940132519232e+00	-4.053767671743935819e-01	2.785519567922721818e-01	1.696492324010000052e+00	6.035532559008602860e-01	-2.143188439468736717e-01	3.842343949137175807e-01	4.594972803593013744e-01
5.521606093088855527e-01	1.767844911949291442e-01	-4.439640651000757443e-01	-1.287736746572146762e+00	8.799469428687151096e-01	-1.034880012939632721e+00	-1.126910989560075071e+00	9.222391403708166679e-01
4.166393247770155961e-02	-3.928620166914184031e-01	-3.332510745834472710e-01	6.249752293248681534e-01	1.619337652764833102e+00	-1.573744248259586476e-01	-9.257959491518430450e-01	9.586790499007540323e-01
-2.859018935437425413e-02	-5.569586566060817923e-01	-3.854817401864388815e-01	5.571658274187000215e-01	1.756423914637706085e+00	-3.897751310991219298e-01	-1.016008511648271329e+00	1.366623578303015840e+00
9.584871087664307288e-01	-4.575323992436208242e-01	-2.738787225697160710e-01	-1.300019451945899851e+00	8.419767473240857836e-01	-9.472185681042359917e-01	-9.426870899726335074e-01	-1.984493647430289054e-01
1.767488767051937082e-01	2.545200936000807657e-01	-1.031823227871386139e+00	6.331033284080282986e-01	-6.453705271281318101e-01	2.132484984474905421e+00	1.577429553394968098e-01	-1.348990117820883627e+00
1.111585142531312131e+00	-4.855876673885464734e-01	9.022540208212004309e-02	-4.421645682946191425e-01	1.401400322376232244e-01	4.587169330054784444e-01	5.526859171418027628e-02	-6.762439537767358511e-01
1.722935835702656959e-01	-4.884811419719310432e-01	-3.577914342156912619e-01	3.701293003768647005e-01	1.614111644792119549e+00	-4.129465453334474345e-01	-1.007031316178909064e+00	9.371717304681220773e-01
1.289759366335575086e+00	-4.757343074576976250e-01	6.823934959684127000e-01	1.801501071396501397e+00	7.824914710837799214e-01	7.269881494438737435e-02	6.427048071221062031e-01	6.953304811441148869e-01
1.179344979978232955e+00	-4.533540697477147496e-01	3.554255363395940615e-01	1.820657489516139815e+00	7.688456315204953428e-01	-6.680876282481001960e-02	3.682733829633990652e-01	4.546047635199001458e-01
1.162825806373193327e+00	-5.089808867312566321e-01	7.047589780943448456e-01	1.908858907666663773e+00	9.304893295793731367e-01	2.740391617615836606e-01	5.945432506003119899e-01	6.681014632713918600e-01
-9.855348941129221663e-02	-1.672166156315582630e-01	-4.242951556623471010e-01	3.632179813225784315e-01	1.520927736493698168e+00	-2.294978285097274140e-01	-9.516078580777813656e-01	1.552735130408929631e+00
6.327918736699592595e-01	8.839104583907603230e-02	-4.072476827419942991e-01	-1.206929321975735547e+00	8.428919224603874660e-01	-9.255137314927811554e-01	-1.055281692843026420e+00	6.331052973547457441e-01
1.065370985665957893e+00	-7.328560681650253539e-01	3.274552455865894496e-01	1.795204523243396633e+00	1.088005992302858660e+00	-1.064273829352992418e-01	1.183713923069886487e-01	3.825008665889535475e-01
2.201500005414439576e-01	-5.819137037708473903e-01	-3.014292792648678998e-01	3.886721287068204966e-01	1.666916359553074045e+00	-3.882145626741702604e-01	-9.931580914096136414e-01	7.190609517279977769e-01
5.246026604065220922e-02	5.164869538188368581e-02	-3.737367295636638276e-01	-1.030012858551224708e+00	-6.238791460899272279e-01	1.939951935693846385e+00	7.787257726627864196e-01	5.833053764369853234e-01
1.723479658888235733e+00	1.585230976035302553e-02	5.895500433119976735e-02	1.942421326946290605e-01	-2.494817147899675014e-01	-6.278101840385762467e-01	4.398337850009390593e-01	1.237452521087950563e-02
-8.195569873557648211e-02	-2.128125899944408039e-01	-4.371821521300408575e-01	4.261464724670493975e-01	1.570748265900673513e+00	-2.774204119813528657e-01	-9.916938071148282408e-01	1.473967233110314634e+00
4.478845127505498014e-01	3.808930396182845790e-01	-4.471060637429866702e-01	-1.084710455012518171e+00	8.231404409481481999e-01	-7.878471862364907485e-01	-1.042554838720711530e+00	9.648538789901413004e-01
4.365343543300531648e-01	3.092128584169043792e-01	-4.363522015537414367e-01	-1.210649176219434464e+00	9.422884383219726212e-01	-9.357077891809931769e-01	-1.130963734848386748e+00	1.037661030885422608e+00
1.915632788368728301e+00	2.319541200996089458e-01	1.456348695849842279e-01	5.229302946008335118e-01	-3.818581585349696272e-01	-9.638984761552623626e-01	6.606945476109189475e-01	5.870320196094052090e-01
1.593901762919620158e+00	2.284048145586470568e-01	2.683683250722744829e-01	9.686057306120199328e-02	4.089204108785438052e-03	-4.761818693786948331e-01	3.515970129182917625e-01	2.297860999976003016e-01
4.275016526785865301e-01	5.642390298502724111e-01	-8.748877547576647817e-01	-1.458693759964691417e+00	-1.505326495124873487e+00	1.168416093086390273e+00	8.475556873612568598e-01	5.181621067364043931e-01
1.472619782520973031e-02	-1.613670140711482293e-01	-5.683405494549601533e-01	-6.639413576149497676e-01	-8.416154160140841833e-01	2.113791065458668683e+00	9.606335580333029700e-01	7.565066768901328453e-01
7.738581302153738628e-01	-7.948772489815871811e-01	-3.583198759596222249e-01	-4.554137597624100531e-01	-3.937900394104455054e-02	5.187502203275573542e-01	-1.185190826309570483e-01	-8.732633634931167288e-01
1.188871754198654429e+00	-6.161565218678233952e-02	-3.490845529059831698e-01	-9.740162006952500784e-01	-1.306482585814612518e+00	1.332075692444536719e+00	7.632120286817535293e-01	-1.737705149393561799e+00
6.919927199465180090e-01	-1.177116697272348356e+00	-1.423050378161167528e-01	-9.991431091994087965e-03	1.675877362307265361e+00	-7.380392885676974046e-01	-9.483566238236538215e-01	-9.733498445022177592e-02
1.444060460622566877e+00	-1.386230872284969218e+00	3.895159893741300117e-01	-3.267878681389277951e-01	-2.613405566878564401e-01	9.841813051350079000e-01	7.764685912553097591e-01	-1.065339795857122240e+00
2.817753764145837780e-01	3.092100352572066946e-01	-6.677361697175143718e-01	-6.390360282142301118e-01	-1.031118688307289366e+00	1.793928547589924039e+00	8.173760426857633599e-01	6.951782188337876089e-01
1.706124339396281719e+00	2.279181648235215352e-01	1.942660402964712374e-01	1.651266917696533609e-01	-1.292957999302023486e-01	-6.659078465845956751e-01	4.096021190813727841e-01	2.367587709352073078e-01
4.495489090942949018e-01	5.880639618363401322e-01	-3.191604146262174146e-01	-4.302726133592364999e-01	4.488115976169112509e-01	4.973658564591475900e-02	-5.614843047159904232e-01	3.168142646479725766e-01
1.094442236354894238e+00	-5.593912594599143029e-01	4.485095884678587108e-01	2.078464495730617756e+00	9.369573232428464182e-01	1.257103979289528883e-01	4.069029572475834633e-01	4.815018172618100722e-01
2.633651634589441737e-01	1.049227492564446529e-01	-6.925687021102258090e-01	-1.417695463639308207e+00	-1.214495054846881583e+00	1.473986984539270351e+00	9.077979714192443428e-01	4.866078256167724048e-01
7.251448742990437846e-02	-1.860600388608165123e-01	-3.843018544016145177e-01	1.264613804882843140e-01	1.450348091824864127e+00	-3.202024740666386537e-01	-9.710778431611705175e-01	1.124690153968927131e+00
6.997732346858143160e-01	-7.636976184276758062e-01	-4.442616104764800511e-01	2.292900458327308932e+00	8.409063734006361202e-01	-2.679392838896990092e-01	-2.621198554862381180e-01	-1.324784192801659599e-01
1.985429706729742450e-01	-1.339042865024289986e-01	-4.043667394719741570e-01	-2.528601859626528614e-01	1.347095842379219865e+00	-5.269368199161907906e-01	-1.052181434156702622e+00	1.088925504163900992e+00
4.126057391971578170e-01	3.497221387945250726e-01	-4.708200488422202290e-01	-1.179741238282896232e+00	9.019722186118905860e-01	-9.535562487193811609e-01	-1.121755779660998265e+00	1.149585149381993521e+00
5.243052542430470808e-01	-2.385741459930839359e-01	-2.872209516463749557e-01	-1.081346793092663905e+00	-7.368369135199848152e-01	1.848731253145485587e+00	6.232299210916976140e-01	-1.625182292123233729e+00
1.631700247878913546e+00	4.941104149525225864e-02	1.511588610358546858e-01	-1.384579154450830962e-01	7.434699172539153966e-02	-7.820888360094935265e-01	1.278010146152719351e-01	2.839325041473519939e-01
-4.123885059791485702e-02	-4.954543815012502073e-01	-3.955935541688173629e-01	5.534779460997634182e-01	1.770307161269461416e+00	-3.954447458887792588e-01	-1.048559996337081301e+00	1.357244933533586995e+00
1.211196376255642804e+00	-4.777573620326379111e-01	2.787771400228399310e-01	1.857946318912560013e+00	7.248941907619167457e-01	-1.168960152322095353e-01	3.289143851055001955e-01	2.990966628994124465e-01
1.187987875422034323e+00	-5.190867828437303322e-01	3.649175896801554186e-01	1.958516458113648273e+00	7.791768286507012586e-01	-7.663304922264099761e-02	4.092651152058562891e-01	5.091768084673395922e-01
4.565043071831509369e-02	-6.430551327771953929e-01	-3.570196657546336749e-01	4.579245150646120144e-01	1.826071266845791019e+00	-5.107590798343545346e-01	-1.073788643243153595e+00	1.213342608667536959e+00
3.275881530046823031e-02	-3.439726145220745601e-01	-8.534695533591586392e-01	8.585083616415531971e-01	-6.541914386322084107e-01	2.488681928370496621e+00	6.464773485788631868e-01	-3.051288473660481171e-01
1.337501216300365892e+00	-9.241399849407065936e-01	3.383576969329595840e-01	1.097108486675479000e+00	1.033423377078404926e+00	-5.789622607064776050e-01	-5.519933340355434592e-02	2.963540956233632895e-01
6.826366381146948825e-01	-6.812426450007567783e-04	-3.651108407633322783e-01	-1.204616794722851436e+00	8.659688325162925304e-01	-8.792380650135045439e-01	-1.036511973009142329e+00	4.362175677515205963e-01
6.820495590667328134e-01	3.605544345250342175e-01	-7.150036466211795450e-01	-5.687626355907200448e-01	-1.306927257079385729e+00	1.929227845667778718e+00	7.389615882027678051e-01	-1.160421800320341479e+00
3.666107958571681036e-01	4.894107157002568487e-01	-4.810001338342429489e-01	-1.097145001279051568e+00	8.087121718533473169e-01	-8.295054947393598610e-01	-1.046074837868464114e+00	1.240634389030025098e+00
4.172020032179762916e-02	-3.456154255553832155e-01	-3.879755865674355819e-01	4.164279640937011973e-01	1.600813604238700005e+00	-3.193823957775480116e-01	-1.001860098805607446e+00	1.141340388589825894e+00
1.311799050449777404e+00	-5.645027878125803422e-01	6.482859439451068573e-01	1.612382381329592329e+00	8.571218870483887642e-01	-1.588737358700281418e-02	4.803896907161492313e-01	4.930633575805879465e-01
1.318795223148571782e+00	2.274555753608339670e-01	9.083099949125762462e-01	-2.056880733609481871e-01	6.586161979701617986e-01	3.948245918201229721e-01	3.923588729795103314e-01	2.797780778026681126e-01
1.923949554555504371e-01	3.660182891120535853e-01	-1.005992684776218837e+00	9.991360110863859445e-01	-9.538559961448691560e-01	2.499769870563958385e+00	5.677650433153121901e-01	-7.502878911983443810e-01
1.764666430930317276e+00	2.793686069416141393e-01	5.441481814961529606e-01	1.881514790073816612e-01	-3.348174692588368195e-02	-4.507141726720613195e-01	6.225840233585349104e-01	4.553367636904905869e-01
1.014222334922602053e+00	-3.732352800970162310e-01	-3.365213046700738508e-01	-1.071970596925467367e+00	6.344578473020798803e-01	-9.006803010259455400e-01	-8.332259811291545804e-01	-2.591987220051674146e-01
1.183666361819232016e+00	1.686156821921824256e-01	-6.981257103111262463e-01	1.802288804619660012e-01	-2.825144707093557028e-01	-7.697273233987962371e-01	-2.810179269080373410e-01	-2.746413945497174769e-01
9.887892582460819924e-01	-1.097343449619390343e+00	-4.102364958377840432e-01	-5.818364578784849250e-01	-7.243666278795007907e-01	1.024245015992918173e+00	4.540039218430848011e-01	-1.516649793115046219e+00
1.157196909761997461e-01	-3.163909490268457247e-01	-4.267784792151349538e-01	2.734931891797596215e-01	1.491524191975599711e+00	-4.346646882640806120e-01	-1.002835631546725059e+00	1.213702285833879957e+00
1.367664846845047855e+00	-3.515864932831033740e-01	3.307466016857563140e-01	1.683361624229904097e+00	5.228146786875736973e-01	-2.649530612609400926e-01	4.655862818193522434e-01	4.783392007015806469e-01
4.084286652044454291e-01	4.109860651424651623e-01	-4.682366205009521054e-01	-1.114579550924909679e+00	8.435068778498941988e-01	-8.780714324761168532e-01	-1.068496806311244995e+00	1.154485163821895588e+00
9.481045777959021814e-01	-1.269785374525199462e+00	-2.487012310419457750e-01	-5.657869758432575447e-01	-1.809907003736568876e-01	6.563850758974653088e-01	8.438577407567468547e-02	-1.229682709473430169e+00
1.992082445173876115e-02	-5.399992097481622899e-01	-3.751210889347740274e-01	3.810003683280980824e-01	1.762921397793146383e+00	-4.942304743312062043e-01	-1.065967118246412326e+00	1.320583155643996420e+00
1.201458109428857446e+00	-5.577233461851753837e-01	3.769427443807091826e-01	2.073909682718322767e+00	7.757343714412496816e-01	-2.442244020887557321e-02	4.327666570346133668e-01	4.665308355405661800e-01
4.550207201811581892e-01	-4.091995372096216554e-01	-7.397962888752861177e-02	1.109861429180424297e+00	1.159120887891539553e+00	3.930889714484629427e-01	-3.915891216550845821e-01	-2.404508362580763670e-01
-9.069635855902291599e-02	3.775962319262954336e-02	-3.792790305968077869e-01	-8.718225717511541850e-01	-7.990239905073669435e-01	2.353017288942174545e+00	1.099803020625319983e+00	9.212998873693133417e-01
1.194972050097348859e+00	-5.484786806136541237e-01	5.710347957186763246e-01	2.010873571961974804e+00	8.529380543268477721e-01	9.711116797915737842e-02	5.578737675980105504e-01	6.324281154681830053e-01
-1.863427947594714987e-02	-5.484162027222646563e-01	-3.479441468863544440e-01	6.910591479983938523e-01	1.756603229564191571e+00	-2.894221139169233514e-01	-9.612219818799812021e-01	1.287697472609165228e+00
1.500482577037417942e+00	-9.020952887342430504e-01	4.708584616698368031e-01	8.107251332065416038e-01	9.477142866537894283e-01	-7.927684403562479387e-01	4.806791225115221444e-02	6.411939775851245304e-01
-1.205660842228257340e-01	-7.507119346235782698e-02	-2.792623566710689120e-01	1.427755100895655271e+00	1.292746164897794925e+00	6.668594420134129619e-01	-4.890451663662758186e-01	1.007969603504068834e+00
-9.824018581481104573e-02	-5.278701329921750007e-01	-3.826929771491781040e-01	6.748480063925731409e-01	1.809734795191191736e+00	-3.504662664776220793e-01	-1.007277481119786211e+00	1.537644525260318584e+00
-6.640827700263103595e-02	-6.390143301998834069e-01	-3.481206160457170906e-01	8.476972455213354074e-01	1.861250101688639802e+00	-2.942372632893578976e-01	-9.783342499644138712e-01	1.345583336549303066e+00
3.224681393739217694e-01	7.383044585544998872e-01	-3.677330962131056813e-01	-4.539475316299708130e-01	4.575002872434511536e-01	5.396409838743396192e-02	-5.961209421161816069e-01	6.043850515932656098e-01
5.183201350419684994e-01	2.168945875588154382e-01	-4.215724278044687967e-01	-1.249243109532096163e+00	8.958666132824480988e-01	-9.472719882158842086e-01	-1.106756638734476494e+00	8.890311948692458666e-01
5.468320264560012633e-01	2.321844218203996391e-01	-4.004082634035336374e-01	-1.135534056054458452e+00	8.363250944116892294e-01	-7.782243671711545074e-01	-1.026639943827883261e+00	6.925898460213606445e-01
1.057119287993407042e+00	-5.465994314127734510e-01	2.476526362091600875e-01	1.958445765556141360e+00	8.836589749452742337e-01	-4.210588068116833532e-02	2.421806792128982644e-01	3.940595749885707488e-01
1.926073850279735045e-01	5.696593584955207401e-01	-4.941072423889458776e-01	-9.613124286451766309e-01	8.577296421448029617e-01	-7.058441000579299685e-01	-1.010870936134350417e+00	1.546352649128398316e+00
1.238507043956617704e+00	-4.301163013415721381e-01	2.960384400085859236e-01	1.767262150814925326e+00	6.782426287253712216e-01	-1.751433128889508528e-01	3.603380567616999985e-01	4.419627701171648937e-01
1.297694621007301041e+00	-4.824617094881841761e-01	1.128020454195307054e-01	2.044184557104471001e+00	4.987569943619590274e-01	-3.931002092720877195e-01	4.023041980411383722e-01	4.984391599143979112e-01
1.191908532572263146e+00	-5.630402131255796139e-01	1.438742372304490924e-01	2.178075973024573564e+00	6.450568364474486005e-01	-2.782451556615925803e-01	3.719885081036478081e-01	5.387681359143462467e-01
1.702008688419041071e+00	2.595479126623099209e-01	4.399782364887746544e-01	1.542354936803653764e-01	-1.228696230423888085e-02	-4.667883800438658026e-01	5.160325352207589811e-01	3.754218384386911467e-01
1.082359040343546353e+00	-5.353977348919805035e-01	4.707537708365020501e-01	1.905495382302053287e+00	9.444926766673279461e-01	1.237335442225053067e-01	3.862189127992479154e-01	4.831438958914078263e-01
1.259597915778300603e+00	-4.837424658810331457e-01	3.491173343217184311e-01	1.978113025538249747e+00	6.663509166834279407e-01	-1.440440155571714176e-01	4.735766244286715443e-01	5.501229024848764970e-01
1.214429566964772222e+00	-6.897672687013453041e-01	3.094504864616645090e-01	1.414689400964088684e+00	9.764499101311691076e-01	-3.430610988041291609e-01	6.133143156081403979e-02	3.843193836102084537e-01
1.075776504100110609e+00	-6.812405470949796094e-01	1.317575387094823691e-01	2.325956233631003123e+00	8.226073186975533247e-01	-1.731514153363697406e-01	2.817285321189569869e-01	4.517631542038513803e-01
8.170658286540832815e-01	-1.065111557796007302e+00	-3.031046409574219558e-01	5.768272317845734021e-01	1.321391147586764570e+00	-7.066896535916005195e-01	-7.951552487275481695e-01	-2.118200624186476755e-01
4.131685190954079712e-01	4.347628058613385305e-01	-4.234856386322310984e-01	-1.039160994630256241e+00	8.406102651453309926e-01	-7.161519183995767035e-01	-1.019207321856525850e+00	9.744302689819469565e-01
8.003978277646249806e-01	-6.180239210874975686e-02	-5.880433935057265415e-01	-9.220437271928156875e-01	-1.188315452034438557e+00	1.585483599258179277e+00	6.737302299057041921e-01	-1.431960602506540559e+00
-1.535980934673605858e-01	-4.622191642332816874e-01	-4.259592904563601623e-01	7.350532859380735085e-01	1.725682488803198966e+00	-2.619074023605015289e-01	-9.600293023317374441e-01	1.663500966371159961e+00
1.681469604985662558e+00	2.553171145140674669e-01	4.929174209439257659e-01	1.299992996111793975e-01	3.166951958739634004e-02	-4.159609265023010982e-01	5.271966999101627138e-01	3.862303627564078190e-01
5.353055924692513567e-01	-5.423915067047609950e-01	-6.696225723913687422e-02	1.007602709024128851e+00	1.093683931312959601e+00	3.954801588487685815e-01	-3.756776994707213824e-01	-4.075461036322743369e-01
1.127481200835615205e+00	-7.519390367159213273e-01	3.793626231996075626e-01	2.287572054271079125e+00	9.321473937846056490e-01	-8.523380361935278815e-02	4.132168627362601265e-01	6.250768307683075564e-01
7.026448522054803969e-02	-6.163569066139342745e-01	-3.187439805097996848e-01	5.521985371980352442e-01	1.793169793659651789e+00	-3.808051116695433946e-01	-1.012228782156013418e+00	1.073285698859070658e+00
1.385121787450772857e+00	-6.163575809383395887e-01	-4.972045767631838586e-02	3.856898868625904253e-01	2.261047534819247140e-01	-2.996476798464959845e-01	-7.854772077169525427e-03	-6.192188924463034594e-01
1.277931433136941353e+00	-5.101598353417063914e-01	3.491907899804683746e-01	1.999615788004449835e+00	6.565916305728000113e-01	-1.945220062868580624e-01	4.854522203511395517e-01	5.812841470125276189e-01
3.408248646045731189e-01	1.016010733387631426e-01	-7.613380586877700473e-01	-6.106898634256462399e-01	-1.070676612348597123e+00	1.652181903814899933e+00	7.798558736741626474e-01	5.926396655298181715e-01
4.595525986571026844e-01	3.368582693553342500e-01	-4.333340482101492031e-01	-1.158832235624796647e+00	8.788377097733266474e-01	-8.709660093515629864e-01	-1.082266475357605673e+00	9.779550668020603466e-01
3.450085239941568238e-01	4.701092698985881446e-01	-3.977019330874644321e-01	-1.095075097733857694e+00	9.040976563806231159e-01	-7.177467627619793511e-01	-1.038456909782068172e+00	1.117817367786332783e+00
8.678220313043398804e-01	-1.139771726255401241e+00	-3.539998814819651507e-01	-5.132562720653922606e-01	-1.792454201042893436e-01	6.025780536560607636e-01	3.378119226382453322e-03	-1.073571878299682814e+00
6.160365881074217342e-02	-4.945744480913962238e-01	-7.256547008361693418e-01	-9.211460749829788464e-01	-9.974858074278663000e-01	1.698730449451919089e+00	9.847099565374676233e-01	7.923930348033980664e-01
-4.010471429698284074e-02	-3.322477474597433922e-01	-4.006245070475645820e-01	4.670976965245359214e-01	1.626375953879001024e+00	-3.116632542084125101e-01	-9.871072467677058926e-01	1.399671291484223534e+00
4.705717789212112145e-01	-3.406687479536517071e-01	-6.914195972624846698e-02	8.656821167038066811e-01	1.078062354209228690e+00	4.042511931370272316e-01	-3.905111604990255669e-01	-2.635018772733310755e-01
1.306713176919322761e+00	-4.796644492125499704e-01	3.662131252733710207e-01	1.945670548507468123e+00	6.153518935145834146e-01	-2.254946593536371058e-01	5.184761556262156290e-01	6.190401556010246553e-01
3.670156984132003086e-01	3.481259199352909617e-01	-4.728878157505244650e-01	-1.205849036243450856e+00	9.219226130757322002e-01	-9.887424696975066762e-01	-1.123903685286959719e+00	1.326774518194987262e+00
9.470140261799915304e-01	-3.732190788853955721e-01	-2.650919594542810453e-01	-1.167554215922248284e+00	7.619757545834477952e-01	-8.070749684933359314e-01	-8.643573350331033023e-01	-2.365361961367117571e-01
1.296348840981188744e+00	-6.190581499113141373e-01	2.347345172321835538e-01	1.892070247752747125e+00	6.926786976769595539e-01	-4.101770931387183627e-01	3.279174847526854508e-01	5.764561626436000008e-01
1.119397865613217080e+00	-2.722119594917659091e-01	-2.895096854505788131e-01	-3.723576841412048477e-01	-1.215935604515648416e+00	1.727688832297473720e+00	9.177339329590161743e-01	-1.309071420020983645e+00
-5.668301663534206641e-02	-3.583651567879219679e-01	-4.016152808716678679e-01	4.809442524079714509e-01	1.658242427683676024e+00	-3.313461215930127435e-01	-9.964241173422149211e-01	1.457119344516687676e+00
4.882424596941769002e-01	2.271678200653231283e-01	-4.325599223841757879e-01	-1.249578355384758588e+00	8.878830544131576241e-01	-9.484021671077893512e-01	-1.103544407245276471e+00	9.618460468933365259e-01
3.429479604819299920e-01	5.117161864962553874e-01	-4.130554707174149964e-01	-1.060089852875510052e+00	8.611084097344696708e-01	-6.823353875870679097e-01	-1.015036702397684287e+00	1.094719690501703813e+00
1.118696440110548362e+00	-6.586331173214566848e-01	3.292468554965098937e-01	2.210999990799237036e+00	8.619153540240960254e-01	-6.189818254808389375e-02	3.954662866257381282e-01	4.945911876936759377e-01
1.197039573952552116e+00	-5.677005298646888853e-01	7.501810994947898381e-01	2.045045391987487804e+00	9.173687333558833146e-01	2.609371568545017506e-01	6.828383019293335909e-01	7.382390725855578761e-01
1.320602658857553680e+00	1.877555514784401691e-01	2.831284892027911004e-01	-1.436410260789751370e-01	2.691160863483000321e-01	-1.630310191908101169e-01	1.379971126206749332e-01	8.834268307393616793e-02
1.553722459114870613e+00	2.387940177728436753e-01	3.761126782593393614e-01	1.668059141314147398e-02	9.685551647225054683e-02	-3.673863953452101150e-01	3.718033871558895642e-01	2.818678543217000287e-01
7.642698005780289572e-01	1.097819234820850143e-01	-2.171065175181097762e-01	-4.383006430396603759e-01	3.528285152495369559e-01	4.599698582868444463e-02	-4.032993940197057148e-01	-4.201897338228270939e-01
1.205283400268105432e+00	2.042511548454587766e-01	6.982232984646842278e-01	-2.456045049912132239e-01	6.476684345898064965e-01	3.308133567308445544e-01	2.086744456794923930e-01	1.865507752763880811e-01
1.165540023428113914e+00	-7.204855874753210987e-01	-4.269782660518902095e-01	6.339728011654878204e-01	3.860331611833251464e-01	-6.451048676509474333e-01	-4.111365538950014775e-01	-6.435136696071676043e-01
1.670210474716989468e+00	2.538142941310825851e-01	2.403400606245520155e-01	1.862584003343916716e-01	-6.202959129286569201e-02	-5.904825962675797069e-01	4.009843752232016278e-01	3.064495076617245739e-01
8.673766840740153583e-01	-3.597857690078962167e-01	-3.223140208558584741e-01	-1.156709382958856391e+00	7.509358480099718181e-01	-7.833486936903415465e-01	-8.820791650957650054e-01	-1.021218175020049135e-01
1.434013499753858056e+00	-1.310111843997996961e-01	-1.081733917185399713e-01	-8.189493427221190558e-01	4.073680468408146238e-01	-1.491922520073057701e+00	-4.823083432129752768e-01	8.953706266288223858e-01
2.732316993478312028e-01	-4.784193381687130292e-02	-1.225076881061071932e+00	1.008434431725537817e+00	-1.098335963480985056e+00	2.250308468308898746e+00	5.691170491436406964e-01	-8.711199308250141549e-01
1.631106242614423385e+00	2.463889231182583017e-01	2.650242395963502418e-01	1.904017156296430591e-01	-2.141804990784435328e-02	-5.446904836296176944e-01	3.935741921869542193e-01	3.176929948163776385e-01
1.575885488213697672e+00	2.351910274447948923e-01	3.658896713290740177e-01	5.177454138755411411e-02	7.109498602665489941e-02	-3.886588098243721201e-01	3.832981455048929398e-01	2.468414445454786832e-01
1.251435916458345510e+00	-5.987018528524641336e-01	3.712029607858821079e-01	2.125696491600218341e+00	7.288225482597293636e-01	-1.392746920785490616e-01	4.753625113563222371e-01	5.090225564695826099e-01
2.301869302615733026e-01	-7.074705085597151610e-01	-2.979088892889865670e-01	3.591119172198031229e-01	1.816655175355634366e+00	-5.078632849065186639e-01	-1.090520694130286294e+00	6.174368059011231535e-01
9.708017818865912751e-01	-7.193659399872507354e-01	8.588548712164420507e-02	-1.568965443021746453e-01	3.435167374518123262e-01	5.461555287054911112e-01	4.320358732274776070e-02	-5.928035901447333833e-01
4.147135725862703959e-01	4.419102165789878800e-01	-4.780414812570513705e-01	-1.080756877459568832e+00	8.079824549200275152e-01	-8.397098796830235745e-01	-1.048091519554097850e+00	1.168044702354526176e+00
6.355664101618032635e-01	1.049338524517868521e-01	-3.927267112789529779e-01	-1.123367403406033471e+00	8.301757257213011609e-01	-7.912386652185471325e-01	-1.025609694991529208e+00	3.917838385193424533e-01
1.580307374344547489e+00	1.896035310962863596e-01	5.719187556357852031e-02	1.393274349036600079e-01	-8.271042242329353089e-02	-5.957620092792939026e-01	2.549355353727438822e-01	1.287602931760724878e-01
9.748830552178348041e-01	-4.247767882587083488e-01	-2.637173257970405471e-01	-1.230621116029638085e+00	7.696893467581226167e-01	-8.511103248360240014e-01	-8.880714292948914679e-01	-2.950743831121609984e-01
1.321007493543493672e+00	2.646971502092753115e-01	7.851644091353532362e-01	-2.249205394823465542e-01	5.631451778597731384e-01	3.372669265273645633e-01	3.309315503677573433e-01	2.177668898860461999e-01
3.515095642457528591e-01	-4.374071938185240538e-01	-2.700671100789214796e-01	-2.710428766162867875e-01	1.570269784777422961e+00	-6.179724282282887948e-01	-1.090852759720656096e+00	6.636401093911754590e-01
1.259600547515461466e+00	-4.508848531680668126e-01	4.901932052906758930e-01	1.652097295972994928e+00	7.435715570625505144e-01	-3.942807174549723542e-02	4.646222828669052118e-01	5.318873938582759919e-01
4.810860164883401513e-02	-5.588508594468255541e-01	-3.184915852958280502e-01	7.765985346076516027e-01	1.695903467157630296e+00	-1.587070893747877520e-01	-9.037871036252770329e-01	9.225299639207653613e-01
1.117005973898737292e-01	-2.825343171947644616e-01	-7.601172002979027509e-01	6.988292424815082393e-01	-4.927587341693959178e-01	2.291723649594106238e+00	4.617201971869675514e-01	-4.681048596608823886e-01
1.024190867942196492e+00	-9.438948500234094485e-01	7.567124238240676704e-01	4.610374054224249951e-01	1.704293148149909509e+00	-1.937757084938467877e-01	-2.372767447826876208e-01	4.408055955447894303e-01
1.751820820746752272e+00	1.867753127082058540e-01	-7.222594227979982351e-02	2.499471132498611858e-01	-2.940231992464608646e-01	-1.009293880140764932e+00	3.335059138054901062e-01	3.161619137235252008e-01
-3.761872660579733407e-02	-3.972013230201166256e-01	-3.861026482539700599e-01	6.280195159347241596e-01	1.644543174196402058e+00	-2.348994092406903322e-01	-9.479532279994057342e-01	1.306819340511121252e+00
7.135209566927944724e-01	1.811041546363219845e-01	-2.776608780592746961e-01	-3.967625183233420283e-01	3.295438825460469401e-01	2.811340864958780661e-02	-4.256305426092167332e-01	-2.698478631144920481e-01
1.139785335355578910e+00	-5.553996177151818703e-01	2.475248624339327630e-01	2.066999076306408778e+00	7.890730564776231581e-01	-1.204016409218739841e-01	3.266099691839765562e-01	4.556643847298247896e-01
-1.837499681861934631e-01	-6.372791452940626544e-02	-3.089599349306063059e-01	1.493742498302099486e+00	1.311187424876421703e+00	7.069482593482531163e-01	-4.835375500388199299e-01	1.165203349273987499e+00
8.270955605130455579e-01	-5.071980664857923538e-01	8.847688275618662557e-01	1.367726408202067923e+00	1.344629734181492786e+00	8.013651398637734458e-01	3.597667948849902486e-01	4.731232656648983737e-01
1.234455870714854075e+00	2.159821652519316737e-01	7.531247605973410142e-01	-2.382871772841555214e-01	6.504142506425452108e-01	3.808817081214526667e-01	2.565599705011163967e-01	1.242205855790812774e-01
9.404306895952156964e-01	-1.239678522646165293e+00	-2.550678086862724347e-01	-5.908807794770105648e-01	-1.868708595924861715e-01	6.542919564312515979e-01	6.440473625257546464e-02	-1.274700858931183678e+00
1.251416325514520089e+00	-3.666622765191080435e-01	5.406344669198465125e-01	1.562630702564303364e+00	7.520257237108798343e-01	2.034987691391641762e-02	4.679145739859633668e-01	4.972652983848540043e-01
7.417155322333277567e-01	-1.038160908214691647e+00	-2.138412833295233462e-01	2.120506614987592575e-01	1.496151850979781095e+00	-6.370499370325615196e-01	-8.912765022547602944e-01	-1.787024889071986145e-01
1.068919561262620110e-01	-4.405029338529269367e-01	-3.549367254509976366e-01	4.236790843875006263e-01	1.622010591815310043e+00	-3.448343266959979503e-01	-9.924970107536890129e-01	1.025820042700031465e+00
8.580142298547253077e-01	-2.208239336930939989e-01	-3.045912900952014168e-01	-1.180764138249452255e+00	7.964686655938012505e-01	-8.465165290544031107e-01	-9.404566635968742982e-01	-2.278103687263526717e-02
2.099683645880441596e-01	-6.745893471594849311e-01	-2.702005790949708608e-01	6.684543294595549634e-01	1.718138136339346866e+00	-2.746675481984537925e-01	-9.337673247184379299e-01	6.131717588559554288e-01
1.258457499923080647e+00	-5.068898530138861158e-01	3.015155630116560515e-01	1.938776113785155797e+00	6.474333712633411064e-01	-1.972267827478481617e-01	4.448523785978116818e-01	5.496435471962848318e-01
1.836683377473694145e+00	2.465181107859768239e-01	6.756858679976750492e-01	2.435002158855300858e-01	-4.919062333188253117e-02	-4.475124868119616517e-01	7.474780544684034300e-01	5.183052917308328400e-01
3.621373973636412558e-01	5.118987955818004032e-01	-8.083756045461600870e-01	-1.034636404148794320e+00	-1.302389671506687607e+00	1.527407894596563231e+00	8.272369167675380774e-01	5.756209014204433094e-01
2.299733492677905333e-01	-3.374178612878201422e-01	-3.937791810786739344e-01	1.633966969637798416e-01	1.455755500553504334e+00	-4.488709815546368387e-01	-1.005344443665159293e+00	9.369557809363600054e-01
1.103767205675475899e-01	4.968375334519713193e-02	-8.717026994362605530e-01	1.114430866626040961e+00	-6.270132343181034074e-01	2.510794163008184920e+00	4.844762761595546863e-01	-7.293248335872184462e-01
7.823029059676235297e-01	-4.238197662219527206e-01	7.478754419496568273e-01	1.216872004645060068e+00	1.358066712362850259e+00	6.721418646900095828e-01	1.663687497366123647e-01	3.092177765829892122e-01
2.091391427115643353e-01	4.122966815676381014e-01	-6.557412678343238488e-01	-1.101395319122717931e+00	-1.093821301318096184e+00	1.744396797218607853e+00	8.431569187533132226e-01	5.619715635662444475e-01
1.258773071815914024e+00	1.763165761681224908e-01	-7.207685946416988454e-01	2.296056382518845695e-01	-3.488152919344000846e-01	-8.719824668658016087e-01	-2.486029249466006064e-01	-3.296709948620552000e-01
-2.398046213699388252e-02	-1.043821756876826962e-01	-4.784439629638858049e-01	7.108181803980966051e-02	1.425594080456261237e+00	-4.542289053976972246e-01	-1.024323175879222614e+00	1.630288515807737149e+00
1.335242460103256867e+00	-5.218246344027073214e-01	5.593020224299803944e-01	2.073300212187769720e+00	6.587311406386028301e-01	-8.137797969233576123e-02	6.911158696983961125e-01	7.654741525150841053e-01
-2.358958952659464051e-02	-4.501974560826343952e-01	-3.842315409778706004e-01	6.630044691702356996e-01	1.681379892759413019e+00	-2.859386548864117916e-01	-9.620170629912673244e-01	1.314339379514898321e+00
2.235723705074538215e-01	5.591784136643263015e-01	-4.977226050865142803e-01	-1.006045944273016524e+00	8.621932188645384798e-01	-7.754497619233581274e-01	-1.037776110144813302e+00	1.532037510509247191e+00
2.285200366634891345e-01	-6.095768482068770755e-01	-3.946740920205876191e-01	6.931771429160848985e-02	1.713778142268600035e+00	-7.157709301862860141e-01	-1.168155908398832654e+00	8.897643830121222397e-01
7.386843581720773377e-01	-5.252616040083480931e-01	-4.220851718466985258e-01	1.596568016212109420e+00	6.934981318943871376e-01	-2.282634879275165785e-01	-3.157935285096918343e-01	-2.303160458795329435e-01
1.155940960791176142e+00	1.170500859277393002e-01	-6.737754326952565265e-01	1.758814903780575589e-01	-2.261466671956227081e-01	-7.758243932527377762e-01	-2.930723853186940064e-01	-2.556911816954209882e-01
5.207312087157632829e-01	3.007367275001583407e-01	-4.162324167927649032e-01	-1.085548445135110063e+00	7.949833268379281614e-01	-7.285606703540009610e-01	-1.004992475576008681e+00	7.206032267429227645e-01
1.271585852015731266e+00	-4.922143347920341916e-01	2.025986651232067060e-01	1.845020279450282352e+00	6.267425851262639069e-01	-3.268692818720910775e-01	3.343571015655932843e-01	4.790935729225533901e-01
1.139230289824422648e+00	2.223821046648671029e-01	-5.672130801790634669e-01	-8.316647567473450797e-01	-1.598810138256980373e+00	1.549231410302901457e+00	8.831438820053757466e-01	-1.925284689879774636e+00
5.153004826576639275e-01	-9.653414873255335149e-02	-2.143274236118945519e-01	-1.356552968231641065e+00	-8.181681930320057194e-01	1.650108275397563329e+00	8.109267350341822223e-01	-2.658483884241950035e-01
4.133895806584282351e-01	-6.273572071273113560e-01	-6.133863203597566399e-02	1.533537562280509414e+00	1.346504497226079122e+00	4.489074441817078598e-01	-3.863887473920043503e-01	-2.308191443795051812e-01
2.095270198904742587e-01	3.186850642968476199e-01	-4.224691198975500384e-01	-1.409412902213573959e+00	-9.021934918730302178e-01	1.704426331829594243e+00	8.227292270221061576e-01	4.153633170049068069e-01
5.974127853124935328e-01	1.854908398271765124e-01	-3.933260363918899549e-01	-1.100007947777071005e+00	7.921848311793530106e-01	-7.549320745821094247e-01	-9.902502266976659362e-01	5.448646056044632591e-01
1.303913860959859949e+00	-4.293432045067256952e-01	1.957284458576815933e-01	1.807733746213476378e+00	5.325126738796222003e-01	-3.269027003444441859e-01	3.772518042463879340e-01	4.267513448775702711e-01
4.308336586586164474e-01	3.555100046394871205e-01	-1.190609805088889361e+00	1.011850389101527803e+00	-1.293038136185931108e+00	2.194198446705431405e+00	6.457697457109669026e-01	-7.057115801524798115e-01
1.880465091973517189e-01	-3.401659159838443802e-01	-3.841469826738164173e-01	3.200698572339097936e-01	1.479068335119832378e+00	-3.548106527157239842e-01	-9.708954934161201367e-01	9.518877627425891275e-01
1.200418027261775933e+00	-5.540985515767877789e-01	4.073120515195297608e-01	2.047784274590574327e+00	7.862919257267643180e-01	-5.630978779920096933e-02	4.543631234283536102e-01	5.107620653550679624e-01
1.176262631339912490e+00	-1.962340820953280829e-01	-5.812838126575218256e-01	-7.662426533368819070e-01	2.390809492635785349e-01	-1.399544472100545223e+00	-8.069468437570415098e-01	1.580297678591159327e-01
1.373578487386330593e+00	-5.558006001971627086e-01	4.676813817959253328e-01	1.910719733904768347e+00	6.694500156614535680e-01	-2.585886267410130168e-01	5.453717366205604877e-01	6.883973281595777705e-01
4.710319114622793513e-02	-3.547266008433340723e-01	-4.105547515334258546e-01	4.954744160752437843e-01	1.551302506217952182e+00	-3.123976251417044381e-01	-9.607754055037508456e-01	1.242989406718234768e+00
1.319383749345760526e+00	-5.278027460952718908e-01	4.195187178745176659e-01	2.046162637289366870e+00	6.510060278067185680e-01	-1.438642742189079615e-01	5.455818977561474048e-01	5.452946937500333657e-01
-2.143823336033740326e-03	-4.433099694550644565e-01	-3.732163219571023038e-01	4.536583946764430331e-01	1.692419080199356829e+00	-3.719039217039003531e-01	-1.016773373107478839e+00	1.298838292443978748e+00
1.275498216608988544e+00	-5.917589453567333457e-01	2.585158322289781152e-01	2.240703938703937137e+00	6.126330488613860314e-01	-2.897327483885677180e-01	5.099698823943749071e-01	6.564123802235057870e-01
1.617921563047578060e+00	2.154061699867767243e-01	4.625784028249765867e-02	2.038398295025434237e-01	-1.088211889011772432e-01	-6.620582898314232301e-01	2.760315050118107849e-01	1.807255815453663594e-01
5.141635470680410158e-01	2.814860965311930530e-01	-4.130514681224944917e-01	-1.117981484845706808e+00	8.311614047864461785e-01	-7.660333924421740548e-01	-1.029886775618286121e+00	7.491891773304637514e-01
1.362630043057994733e+00	-4.418130575400894822e-01	5.097490908382240615e-01	1.868406021378132387e+00	6.008500619651157004e-01	-1.621745918402136000e-01	6.299048879977169335e-01	6.953334891218141411e-01
4.604938367104253194e-01	2.987801391914294280e-01	-4.282168390714045092e-01	-1.192923618389005957e+00	9.001916473915321237e-01	-9.140457584162424709e-01	-1.091468036314689583e+00	1.039207775584391147e+00
8.802491177397476774e-01	-7.443148668282897340e-01	7.877968810034885472e-02	8.810987014219415214e-02	6.932294130494905948e-01	3.576211410148879000e-01	-2.054278652214658607e-01	-6.732243793419162570e-01
-9.067508647371097519e-02	-2.329351198791058952e-01	-4.195511096794671824e-01	4.570546264076135734e-01	1.581835439549564848e+00	-2.765717532140405388e-01	-9.671974934485690900e-01	1.575906481907255685e+00
1.036876376047938531e-01	1.534018668799420893e-01	-8.952801806800523288e-01	8.083015028278482950e-01	-6.226201278910333814e-01	2.455655151136407977e+00	3.694946765456457727e-01	-1.040313671398069184e+00
1.596404028461261060e+00	2.355268638977661977e-01	2.078374419219829183e-01	9.402049263049316874e-02	-2.725047957377788391e-02	-5.152130255120477287e-01	3.157996669796225286e-01	1.971552118532251263e-01
5.158452297001390185e-01	1.308232597162513888e-01	-4.297649282600778387e-01	-1.446203970837672603e+00	9.571500623747547509e-01	-1.202007683507491320e+00	-1.185969899365906466e+00	1.110883029771984720e+00
2.753456863778180885e-01	8.022768193062043141e-01	-4.525612685443990424e-01	-3.810075818969267947e-01	3.680463765471690407e-01	7.262548312774810833e-02	-5.802753250422256759e-01	7.790094734293804279e-01
8.207131355540149276e-01	-6.545213638649182153e-01	-3.000164253233993938e-01	-4.862354559953545596e-01	1.211495874186453714e-02	4.134381327201318013e-01	-1.610192393757375606e-01	-8.248838393479510644e-01
6.954495014806906239e-01	6.414972750348010844e-03	-2.017922351292148475e-01	-2.333340455761067911e-01	4.955029600023320158e-01	9.277375457495556921e-02	-4.163726872789548783e-01	-3.813014653612061267e-01
1.937498285174157897e-01	-3.659940759692522638e-01	-3.211434854660971672e-01	1.631029550065425382e-01	1.544629759187839957e+00	-3.481385308232544662e-01	-9.899940934362068123e-01	8.244123471637405665e-01
4.364236784854391704e-02	-5.993143814351141740e-01	-3.531376005211335767e-01	5.289748667414931882e-01	1.785389897931664249e+00	-4.265341972278705596e-01	-1.035561659264264245e+00	1.171426183104336660e+00
9.864334088564112868e-01	-5.948915129156036041e-01	6.358898290029312284e-01	5.668306637588770291e-01	9.149402122497982681e-01	6.835616350398513452e-01	2.435944516512397739e-01	-1.346891842351204682e-01
1.025479093708646205e+00	-9.409870137431372017e-01	-2.066709036439970115e-01	-6.142747122759582012e-01	-1.055821263307385044e-01	4.356660685131083510e-01	-7.982350997758572153e-02	-1.258452341195731128e+00
5.880184539201425142e-01	-1.064437589059727962e+00	-1.205556899975818025e-01	7.620539982065378526e-01	1.655995133277180065e+00	-3.134595536368915414e-01	-7.846830370184411096e-01	-1.917734431559276753e-01
1.290600862833348461e-01	3.094806942925631965e-01	-5.001490384534615918e-01	-1.110872882601946499e+00	-9.073029557948263379e-01	1.866503726769761284e+00	8.568222371240488133e-01	6.592409736045783397e-01
1.201039413603434136e-01	1.236277938318833536e-01	-9.624804743457786582e-01	9.367490191674716637e-01	-7.738416045537932497e-01	2.500695597657929703e+00	4.957757327539483727e-01	-8.269276784141115222e-01
1.574538532023974868e+00	-1.295272818985639285e+00	-4.614327262576188304e-01	-1.710945443560998869e-01	-7.453193597924850922e-01	-1.991676567082955596e-01	2.735793599662983411e-01	-1.575577504764109182e+00
1.112109974274851476e+00	-5.466728796403649282e-01	2.486506280289212112e-01	1.938965469244050777e+00	8.404458896470636819e-01	-7.657517108345297807e-02	2.572524903694617948e-01	2.984470322275419307e-01
9.705380199246421702e-02	-4.550202439032772217e-01	-3.966983628846058596e-01	3.409798607758424138e-01	1.628261432515460294e+00	-4.710589518950668575e-01	-1.035226218158724398e+00	1.200205386646339134e+00
1.369893897468101418e+00	-4.796297136191867150e-01	2.034021336139159863e-01	2.083981742397605696e+00	4.283788220034083771e-01	-3.870612647353814939e-01	5.379686951355999724e-01	6.646245678982661831e-01
1.456806061003633745e+00	-5.545605181463769684e-01	6.568428814433123764e-01	1.674280642904109273e+00	6.914895074241965700e-01	-2.285227458607182460e-01	6.166918156098556425e-01	7.247272191134837005e-01
-9.509717810058149201e-02	-2.116678244259344865e-01	-7.203172572539894292e-01	8.717124153583462043e-01	-4.054053083124796175e-01	2.778485204548832854e+00	5.330770305654559671e-01	-7.942010022949352877e-01
-4.952858992658969173e-02	-1.638582800613425927e-01	-3.553208289584379731e-01	-8.984018116579589597e-01	-5.497081649324363495e-01	2.127547481562830356e+00	8.540896314036799941e-01	5.652668203886743736e-01
4.114982448750728050e-01	4.136674751535652783e-01	-4.867116437868966861e-01	-1.116147425013410910e+00	8.261892561796959633e-01	-8.897085217743951890e-01	-1.072873792460253606e+00	1.193978736400284291e+00
-5.319888469942560261e-02	7.185728210301435270e-01	-8.671023641030738138e-02	-8.478910205861238669e-01	-4.852070340908127832e-01	2.381727214767138001e+00	8.660675188464197483e-01	8.133818289169227889e-01
9.671891284254164889e-01	-2.251999040465671731e-01	-4.737084895201994494e-01	-1.643109767453690695e-01	-6.271744468069739842e-02	-2.015827816092697622e-01	-2.566921151604283913e-01	-5.594924929417222081e-01
-5.910820916739720904e-02	-4.288289505040944194e-01	-6.986924166598037500e-01	-5.508353646297677736e-02	-8.872886236823905870e-01	2.725858670995430444e+00	1.047819923604121684e+00	-1.538862771306260535e-01
4.854825449113175928e-01	3.418604491874253082e-01	-4.088936830621240359e-01	-1.053643998472584498e+00	8.025739720117066600e-01	-6.849547574838480424e-01	-9.928172642568851014e-01	7.516555791822780996e-01
1.149779448306148311e+00	-4.930205752925612694e-01	3.967732716544728477e-01	1.810989203803281766e+00	8.183534819897789747e-01	2.362387545446982540e-02	3.797956345597350847e-01	4.573050769893371448e-01
4.211681603679197083e-01	3.017796521276582267e-01	-3.609867452232087270e-01	-1.217283275919919472e+00	1.016353828189726416e+00	-8.569914417169001153e-01	-1.107207731376985249e+00	1.039353391869008991e+00
8.189767175408322331e-01	-1.236445638314058112e-02	-1.898449403668927005e-01	-4.511021642692727984e-01	3.008437445374725905e-01	9.226647204345565789e-02	-3.636699304400903832e-01	-5.599525261962159384e-01
1.623631558508886741e+00	-9.519097250018458967e-01	3.853584959406531896e-01	3.072876485308293493e-01	9.034738927239666095e-01	-1.201111179193607104e+00	-1.197974299920291780e-01	6.414576882277953640e-01
1.716872409140458133e+00	2.745938599765509469e-01	6.753292587085277243e-03	3.082376571550983768e-01	-2.377271265804116740e-01	-8.180920932975203064e-01	3.790322238058876358e-01	3.308194991084978387e-01
-1.455245652329212602e-01	-2.086378616730640290e-01	-3.822914480702769846e-01	9.997243963147025569e-01	-3.360124265703209323e-01	2.957771988848081790e+00	8.735823268861921953e-01	2.990438838525221188e-01
4.009905380074529346e-01	-4.859928607285537439e-01	-2.977660107788221988e-01	-6.547920189242743827e-02	1.508421945382573792e+00	-5.715359777122862583e-01	-1.053976781753909853e+00	5.596370030428308162e-01
1.319978434532252498e+00	-3.863262836375387921e-01	1.790170832628755482e-01	1.695593217757056959e+00	5.006041906841425249e-01	-3.644475625889477821e-01	3.681148318163652289e-01	4.336229884895568820e-01
7.212418585735483334e-02	5.545329195583905690e-01	-1.310229422767465179e-01	-1.115093468006610244e+00	-3.260536126086565623e-01	1.962628679247873320e+00	5.378159891490108535e-01	1.793189562838252982e-01
6.840390830798752653e-01	1.736604406139315160e-02	-4.021023869648596705e-01	-1.247884085213370353e+00	8.353071246753253076e-01	-9.497927890110695603e-01	-1.061714338447556250e+00	5.109423920805888919e-01
4.687425735454268660e-01	5.859696417060832052e-02	-8.431551155221582716e-01	-5.643301325459464390e-01	-9.467729211721886973e-01	1.571812480476189045e+00	4.388989299105500175e-01	-6.371396840136366313e-01
1.656016504668870737e-01	-4.338849537264659606e-01	-4.074412424844585101e-01	-2.385782068670787848e-01	1.628913856789261150e+00	-8.119955952094305429e-01	-1.187031150490593046e+00	1.296417899193373247e+00
3.019463982764740151e-01	3.323866970613886807e-01	-1.169140102426170724e+00	1.044086512517621523e+00	-1.123921749727228026e+00	2.385370810818960408e+00	5.554861437387393908e-01	-1.151238348944570555e+00
9.973427502935262590e-01	-4.725222570687430124e-01	-2.500959761690151884e-01	-1.276228185602290788e+00	8.008816829184892683e-01	-9.071466693170570084e-01	-9.044233427265537806e-01	-2.616128384718891531e-01
1.619370245792868257e-01	-5.878139961877325570e-01	-3.242871963364555299e-01	2.474022087790766489e-01	1.726086491520346655e+00	-5.220489981390884493e-01	-1.065327786030171531e+00	9.764149899941069188e-01
7.781407671347554400e-01	1.110856772161699924e-01	-2.138481402298573475e-01	-4.244730883962843926e-01	3.453972969142001248e-01	4.193970138448849250e-02	-4.021855279446995279e-01	-4.340976657703641828e-01
1.005993579010090233e+00	8.153108988443807936e-02	-5.565236848807146863e-01	-2.750135542975114256e-02	-4.659401816449380146e-02	-5.310058832488747660e-01	-3.526766394049209441e-01	-2.915799603036609011e-01
1.824632316790082420e-01	3.824455938086619711e-02	-6.292329939704078834e-01	-5.951787666025151191e-01	-8.820351848633308789e-01	1.879397244496709307e+00	8.076179687526182649e-01	6.718140892522941332e-01
1.337076402989195723e+00	-4.947172550885167719e-01	5.902429422420196747e-02	2.078513128103739671e+00	4.441591379061646250e-01	-4.733303249818192060e-01	3.934946535092810338e-01	4.485317954523564965e-01
-6.833636215405376746e-02	1.945213682227836804e-01	-2.002391453672079935e-01	-8.769109200452319675e-01	-4.033728157619397847e-01	2.249872151677369647e+00	7.779446384720821728e-01	5.860374132346493070e-01
1.293916038287152181e+00	-5.415827014143896612e-02	-3.037237856064735619e-01	-7.028275651951839675e-01	-1.447141690404852854e+00	1.410610327870981173e+00	9.544095124631702953e-01	-1.192000397332130257e+00
1.302997779751482010e+00	1.944233038215268661e-01	8.553055642466779185e-01	-2.620799751096390406e-01	6.874588770216859546e-01	3.189964393013001165e-01	3.110073337084112710e-01	2.554951256019029615e-01
1.657991444852584317e+00	2.576343107273461053e-01	5.323037413354204661e-01	9.480381815554937697e-02	8.089317459358513762e-02	-3.559412602070098908e-01	5.234664696753048574e-01	3.822042789799492968e-01
7.057793259562695765e-01	2.740115916806300234e-02	-2.411031134570030265e-01	-3.888418935414049149e-01	3.454762269636905136e-01	1.565974982613778377e-01	-3.677915220518396255e-01	-3.581505315454013294e-01
4.388698288497195898e-01	3.961320282101230550e-01	-4.178756079703276338e-01	-1.126737668116744473e+00	8.463746495242218115e-01	-7.680930876059333112e-01	-1.036940359811354684e+00	9.273039291160493081e-01
1.703781799657650309e+00	2.337065807794002359e-01	-1.315280701466133573e-01	3.521217284431584216e-01	-2.923825740489445768e-01	-9.265246310459882562e-01	2.877756501850335935e-01	2.604501331656381424e-01
1.209522892498264612e+00	2.341452576068070168e-01	6.567196047052729080e-01	-2.448079916931946154e-01	6.043078893492905834e-01	3.266426321838517000e-01	1.964582115062543100e-01	1.448848671694081269e-01
3.561042648826353574e-01	-4.993349111791883788e-01	-3.023129614909916274e-01	-9.090562922842035376e-02	1.554708244150728502e+00	-5.920876064049583887e-01	-1.073369321832253309e+00	6.223562308328316472e-01
5.997435511787344020e-02	-4.216371278290813596e-01	-3.971145796909210102e-01	5.629846186144527032e-01	1.602359028757486259e+00	-3.150436210580589980e-01	-9.721662887940993869e-01	1.162727133006578262e+00
1.120617596077471578e+00	-5.135004313008940668e-01	2.082530120090913817e-01	1.919373252827457854e+00	8.000231076224789684e-01	-1.150731453461239229e-01	2.470113835412758307e-01	3.292449266524672957e-01
1.575631832184719805e+00	3.179732675048959623e-01	3.784088360344362023e-01	3.890046714197015199e-03	6.365362362254715911e-02	-4.239565234338859567e-01	3.726629050791987474e-01	3.612466219918498145e-01
7.179514843636957133e-01	1.420864007452435074e-01	-2.539305684291693899e-01	-3.951385828244763920e-01	3.727533226564504476e-01	5.784798370265177569e-02	-4.244262995726940102e-01	-3.876744969407167618e-01
-5.440085547397274963e-03	-5.678789732591525974e-01	-3.496411065888603287e-01	6.121761276218603554e-01	1.781926449001691060e+00	-3.538844669945191423e-01	-1.002392511291579247e+00	1.234882184006361738e+00
4.026946232431143358e-01	4.032853490054832957e-01	-4.833267600208879244e-01	-1.114245611149140336e+00	8.422866359623156773e-01	-9.213586641816402523e-01	-1.077116907865789619e+00	1.232142292555853835e+00
9.468668423626047659e-01	-3.124316494186964444e-01	-2.817696292440594608e-01	-1.112009691042422421e+00	6.960140723057823831e-01	-7.593600196084493437e-01	-8.323383491862792471e-01	-2.334415469439844737e-01
-1.720331602697541817e-01	-2.450773622357533266e-01	-2.444846324633923040e-01	1.901615091686954306e+00	1.462968322960004786e+00	7.720890701414757640e-01	-4.295967654078530207e-01	1.068027928368725732e+00
3.476154565744926650e-01	3.756884876748441959e-01	-7.775314792610590331e-01	-4.226151162171619680e-01	-1.339349200824404562e+00	1.891279934198304202e+00	1.047052916975139469e+00	9.133713270065121348e-01
7.892638244458297092e-02	-5.076252400622330851e-01	-3.218782318266928399e-01	6.466110427209876832e-01	1.681530750466686097e+00	-2.360416021404949660e-01	-9.381540748969803278e-01	9.760007134820806174e-01
6.709253844934011113e-01	-4.530147110550249434e-01	4.566775639778708484e-01	1.269768901205100997e+00	1.364493966745344844e+00	5.597352890464767361e-01	-8.697699861542758371e-02	2.394814104377174235e-02
6.138292665397429015e-01	-7.427809097055019238e-01	-3.137659585483878466e-01	2.041753224427140800e+00	1.027588780792248135e+00	-4.153232532732026305e-02	-3.253578345056084009e-01	-2.788398129762843514e-01
8.990500854140698328e-01	-1.548201300558904814e+00	-4.065927871756060963e-01	-4.487216585502548094e-01	-3.998443968023901451e-01	7.941099437482119772e-01	2.814790507505813277e-01	-1.172305089658885580e+00
1.657460202174744879e+00	-8.186112507303225372e-02	2.338696424512323457e-01	-2.986620218842602759e-01	1.896743438019434236e-01	-8.906215084673471116e-01	7.407180849744379736e-02	4.151199460176853151e-01
1.122417701744394147e+00	-7.359243559218111574e-01	1.978279671115912575e-01	2.350897553553001895e+00	8.302309552962784389e-01	-2.153420806529649789e-01	3.447874283190934253e-01	5.729059705184830209e-01
9.174722755925498463e-01	-5.270067699984682941e-01	-1.834164571102099295e-01	-5.357009846382222440e-01	9.524384997037567413e-02	3.318200142142970210e-01	-2.089640230471466464e-01	-9.708303593342433313e-01
8.531304471760264851e-01	-9.127030841423210417e-01	-3.282639104049124845e-01	-5.730907522746678806e-01	-1.419451943385260095e-01	5.698096417171977235e-01	-4.509754627066405591e-02	-1.040848053068881729e+00
3.662598588972409974e-01	-5.566530886845335591e-01	-3.000931558172382774e-01	7.423956300204166692e-02	1.597222275725923568e+00	-5.396227931865967831e-01	-1.055144640598643324e+00	4.889245727027234367e-01
7.221197918939661897e-02	8.860922914848831100e-01	-4.568651877534893324e-01	-3.673367456622312344e-01	4.727156899833852566e-01	1.700254324817358498e-01	-5.915239614366095688e-01	1.150877326671561951e+00
1.173439020799782240e+00	-4.798297299791632886e-01	4.306660249931868467e-01	1.732889200849093703e+00	8.514970794759503248e-01	-3.136093389964490080e-02	3.511446455348344875e-01	4.842219207808906578e-01
8.124426777587263615e-01	-8.849419876270278040e-01	-3.368222600964010938e-01	-5.735617930954639565e-01	-2.198843551558588572e-01	7.740952507579909048e-01	4.829661211375702035e-02	-1.173398808592936993e+00
8.218733017597945611e-01	-1.275422911496902900e-01	-3.012587401744161730e-01	-1.124158138584416378e+00	7.846645902273965412e-01	-7.939821058308391688e-01	-9.218609340575237843e-01	7.469405989625066411e-02
7.206146289773468494e-02	3.544861188379492267e-01	-3.031837279965542975e-01	-1.038159777260423411e+00	-5.790543997199355530e-01	1.983500003357669739e+00	7.257473692921291297e-01	5.205538256380192186e-01
1.376664482713253257e+00	-8.908401191293641164e-01	5.449261505435872843e-01	1.581452611033171918e+00	9.704324043511016740e-01	-4.540776421750405967e-01	3.199239546011189983e-01	7.771326293983926714e-01
1.050554751738760895e-02	2.563388394108352397e-01	-6.382829731885706348e-01	8.754137592212565266e-01	-6.082533302031777334e-01	2.778401188218942774e+00	6.693998754614739477e-01	-3.341232809398326786e-01
5.351235104714081592e-01	1.963550745579764889e-01	-4.154769625345376971e-01	-1.244880042053121860e+00	8.843662847734302668e-01	-9.255227862188771804e-01	-1.097118121784666833e+00	8.285163674104920606e-01
1.010458148131282430e+00	-8.328455519796963413e-01	-2.956623119977799807e-01	-8.098801507259901777e-01	-1.106474351456298688e+00	1.502009566064968382e+00	9.000640351538244932e-01	-1.643456188389075256e+00
2.886243394718127075e-02	-3.892544713947496127e-01	-7.243995537140287544e-01	-8.353426820645253326e-01	-9.664158705018411899e-01	1.952179767216384754e+00	9.519608985853101890e-01	4.466547942256806625e-01
1.410156940289391203e+00	-9.115000492751523797e-01	2.548301470547979786e-02	8.880727227384742628e-01	8.367978929882340378e-01	-1.086722233290243089e+00	-1.954385467510607044e-01	4.972976140487264107e-01
1.412077212246324986e+00	-3.070930788625327867e-01	3.684010068021785766e-01	1.625624695366682859e+00	4.595848375324876334e-01	-2.520155510841375901e-01	5.187074643692322073e-01	5.635801385925434115e-01
2.931780904071722427e-01	-7.736301080789923512e-01	-2.697161701558992708e-01	3.525208678079548297e-01	1.774893591241010427e+00	-5.272172708270153052e-01	-1.041093026937635502e+00	6.095290082391671138e-01
4.161685768714648015e-01	3.826741259508956716e-01	-4.698841991206076374e-01	-1.093610661776558635e+00	8.308356855709581046e-01	-8.281486870110807974e-01	-1.054423165007928986e+00	1.091152496716263132e+00
2.424280748964350862e-01	-5.723875378940470604e-01	-3.205594892596056456e-01	2.218217548828250452e-01	1.683199972771047603e+00	-5.054469881497243300e-01	-1.062226631838555146e+00	7.445315093737094880e-01
1.109245453701803441e-01	-4.498918172859708853e-01	-1.152611712834175961e+00	7.381485682705142271e-01	-7.979089335500416658e-01	2.210782387761093037e+00	4.652836253483221274e-01	-1.012798274411959909e+00
7.206235809801089798e-02	-4.848476575209829664e-01	-3.537048993636706107e-01	4.138070134421861224e-01	1.685875465785054761e+00	-3.906134560236013686e-01	-1.019613593469823831e+00	1.120640216995441474e+00
1.401751413066244289e+00	-4.685621285866692354e-01	3.637331279628789327e-01	2.022708574778232293e+00	4.899334194649740959e-01	-2.793277610463696936e-01	6.109655458365116365e-01	6.878020934408879405e-01
7.451425101697649600e-01	-3.598413237685366139e-01	6.897818842438512288e-01	1.139334523852443271e+00	1.331917264029074843e+00	6.494302461327938758e-01	1.108705875820382991e-01	3.427930844426346768e-01
5.439337975338016662e-01	1.564024188037264618e-01	-4.202868241823914941e-01	-1.323673570341699302e+00	9.061074420853134637e-01	-9.947373284728053822e-01	-1.125671106744618122e+00	8.218820192214479903e-01
1.340064356588058225e-01	-4.917817075391468506e-01	-3.808427454516972732e-01	2.209395948666276477e-01	1.676365317027177948e+00	-5.421078236691561081e-01	-1.085449465135627234e+00	1.097397343880110121e+00
1.883457687369686218e-01	4.444799229748963576e-01	-3.919843835571151791e-01	-1.110370310018256257e+00	-7.202120475611569761e-01	1.785656300710574573e+00	6.988174240945674853e-01	5.013620033487917738e-01
1.258278549036487615e+00	6.568587669504635240e-01	-5.641703714590196733e-02	1.785962457620576815e-01	-5.041229231934103022e-02	-5.729199069072585804e-01	1.540454645035504999e-01	1.169150888195808591e+00
6.550872047348025307e-01	-4.202007449315107723e-01	6.876595329369433740e-02	1.272713761346390138e+00	1.098489688851193025e+00	2.751215851996883788e-01	-2.109900355777657999e-01	-4.753704014601666666e-02
1.608876453850255794e+00	2.465825196290780397e-01	5.233751516207212351e-01	2.167305380372466228e-01	1.077151902391754873e-01	-3.436433137629953949e-01	5.261062789367442205e-01	4.311591927626071130e-01
-9.836856839575883193e-02	3.855610198389517462e-01	-1.325831319295404653e-01	-7.505256542433047517e-01	-5.651229712417910056e-01	2.551524833586940044e+00	1.032560851939935853e+00	8.598969123501273293e-01
4.898185512547177378e-01	2.856813746461773773e-01	-3.715081637842853057e-01	-1.088161525464018675e+00	8.663838539933409466e-01	-6.801603866795870035e-01	-1.003704839676350824e+00	7.189858395037291849e-01
3.521503849144875797e-01	-3.929625029133045899e-01	-2.939568141144433544e-01	-1.509237681985485871e-02	1.481839568600025414e+00	-4.689550440357842520e-01	-9.976863566444951203e-01	6.198615385585537485e-01
1.716737057390841370e-01	-7.474982739574311807e-01	-2.938228944825843070e-01	5.252359552713331547e-01	1.801238278919459423e+00	-4.351900350595584444e-01	-1.024703168880789939e+00	8.272604125030986744e-01
2.565550396845481806e-01	-6.195060010630420999e-01	-3.249313321169142177e-01	-1.347091156308407103e-02	1.710935392002993272e+00	-6.850705728104249381e-01	-1.121926846533454203e+00	8.759706998177195780e-01
1.038746390291144905e+00	-5.655330559798827927e-01	2.503229913747487823e-01	1.969850159086172781e+00	9.086497952522745170e-01	-1.171919272904305316e-02	2.314271926535798884e-01	3.667185879737314691e-01
-5.534754703869330245e-02	-3.567360700766229464e-01	-4.004444786868917583e-01	4.892647957289188443e-01	1.655459660716444015e+00	-3.223763100081326605e-01	-9.930004036262320977e-01	1.442877939568476986e+00
3.685477399697347778e-01	4.874265068826650893e-01	-4.335193546788794206e-01	-1.030993007028051744e+00	8.477960597229640127e-01	-7.372209731563706958e-01	-1.013929996364163033e+00	1.182173635497574260e+00
4.874372633655510434e-01	2.105235632428923143e-01	-4.422641184780351509e-01	-1.337441615529236572e+00	9.469248761837883999e-01	-1.082666207280379211e+00	-1.167602662546855852e+00	1.039079957506330754e+00
5.371657490368104693e-01	2.377309680491897781e-01	-3.951303895312234249e-01	-1.115347959451412629e+00	8.338280820398922266e-01	-7.442328724956233099e-01	-1.015379214433314914e+00	6.689090621733870812e-01
1.466890232189419274e+00	2.233952625629589128e-01	1.213979596507468173e-01	2.907632648577534312e-02	3.691361536786388897e-02	-4.518608568933191738e-01	1.895731023607707677e-01	1.614321506423804786e-01
1.215650042794740537e+00	-4.454657181337174365e-01	-4.045784766736448268e-01	-8.096205323225926787e-01	-1.178855497540993724e+00	1.178081528503148068e+00	6.263148905671490629e-01	-2.040508437601808112e+00
-4.435094194713680438e-02	-3.936154359888133919e-02	-4.824260674496874124e-01	2.843770887935722080e-01	1.362006074942035516e+00	-3.066983869701623844e-01	-9.467322706195285820e-01	1.588632770370083769e+00
5.311988966532460443e-01	2.484589369416365934e-01	-4.120493816026303269e-01	-1.149506164248016882e+00	8.419389821695404397e-01	-7.977589157740250236e-01	-1.043441573342610340e+00	7.311718775768358825e-01
1.292999915849368131e+00	-4.148270088431787461e-01	6.053598153813855021e-01	1.741314718840604181e+00	7.375109007112148340e-01	2.226096695004994852e-02	5.813645919998630118e-01	6.084306538227288730e-01
1.096382838660294512e+00	-3.114543466533511995e-01	-2.631510448429463800e-02	-6.368188457797766544e-01	1.828593455691325254e-01	1.038591308021136334e-01	-2.918797736073817095e-01	-1.150251037476335503e+00
1.305811943517779961e+00	-4.488765560443080949e-01	2.280757776199267284e-01	1.749939182219186540e+00	5.131147582160737741e-01	-2.587249676856179792e-01	4.412740522672276011e-01	4.956322794065856074e-01
3.011879774519056197e-01	5.480955084517695752e-01	-4.870073706577732753e-01	-1.016501582684565141e+00	8.288097112991231752e-01	-7.301613480169750758e-01	-1.036199248392172256e+00	1.228459110632053486e+00
1.058163827901527521e+00	-5.038989137823219888e-01	3.708119547803169214e-01	1.846319197737009921e+00	9.097692891961137729e-01	5.457144471387318646e-02	3.087135896534566881e-01	4.213821644010122824e-01
-1.406079344920419666e-02	9.838516900402539678e-01	-5.153547152762493200e-01	-3.312022709767196149e-01	4.391001688704668227e-01	1.749872086141007477e-01	-5.901147493467001626e-01	1.403056989747934580e+00
4.700281468793970907e-01	-4.119730669285361357e-01	-8.875656918374327797e-02	1.047837727788607731e+00	1.133187818164602012e+00	3.642624987490287736e-01	-4.005323642093346903e-01	-2.557319359266257974e-01
9.814076935611477648e-01	-1.085111748789546304e+00	-2.190997626487442562e-01	-5.752499907739929697e-01	-1.172224284161099001e-01	5.541498245476036422e-01	-7.161714980685263479e-03	-1.208226852786367767e+00
1.338707459758799345e+00	-2.322286401584353344e-01	4.497682862000172976e-01	-9.644028513573642547e-01	8.784765193950255791e-01	-5.143974297996144474e-01	-3.301144666288729490e-01	1.647387178660953966e-01
1.283394484417686776e+00	-4.893445859021844369e-01	1.727355303011190724e-01	2.068302454138257307e+00	5.393341524014396704e-01	-3.063773155721588592e-01	4.283819639003934032e-01	5.563801572254536421e-01
9.730465073587731828e-01	-3.902972463583045948e-01	-2.353962014890069177e-01	-1.238398740847702850e+00	8.002929078595220069e-01	-8.558280101609716528e-01	-8.726877618096203770e-01	-2.051193287425479572e-01
4.930834012571735370e-01	2.869811256688179490e-01	-4.452400098386214977e-01	-1.222649635431040327e+00	8.787807420214776011e-01	-9.832813417613833762e-01	-1.108253427005990277e+00	1.047843937092704625e+00
3.192960412218293631e-01	7.216663678977046636e-01	-3.618978415592319364e-01	-4.188522522526322844e-01	4.762201231862772111e-01	8.049230191865017203e-02	-5.982971662284459757e-01	5.662726918817562183e-01
9.222560088484794694e-01	-2.632875950084100358e-01	-2.585838867607481717e-01	-1.057437861439733950e+00	6.577009660099484289e-01	-6.477638493843568268e-01	-7.660780109355704859e-01	-2.470975677917593705e-01
5.963786249544161810e-01	-1.020247308408747111e+00	-1.129086195998270925e-01	5.524956966841718664e-01	1.633308604563431521e+00	-3.416850789682379652e-01	-8.061109119686733493e-01	-1.790171911535133331e-01
1.177955615542030321e+00	7.706441019609905352e-02	-6.755092790635883748e-01	1.639602621243201330e-01	-2.238856984919954662e-01	-8.071005904515194951e-01	-2.981205466196435450e-01	-2.846248824408448841e-01
2.103734102307878828e+00	-1.000390739638180593e+00	1.992804134620448642e-01	1.846227248058271986e-01	-8.592159443273497121e-01	-2.145810325947296593e-01	1.123588197094091301e+00	-8.015848035751034217e-01
7.016850075953411370e-01	1.466314313977047645e-01	-2.356523720248203946e-01	-3.877758374442743516e-01	3.972549953809417778e-01	9.744787562468686104e-02	-4.204673851367703441e-01	-3.899595617101582756e-01
7.474089104801426853e-01	-6.955959010154483257e-01	-2.888706523391187386e-01	8.486212339800215387e-01	6.002069735495318969e-01	1.391757754058706720e-01	-2.757547563672502755e-01	-5.546983270188118320e-01
3.160656202415784155e-01	-6.933676174141226722e-01	-3.201000803223852387e-01	-1.057281463878925326e-01	1.722582696091146781e+00	-7.976837056939993786e-01	-1.154265076197340312e+00	8.516261682757938489e-01
5.720415758153740704e-01	1.931125467424263109e-01	-4.413161837113771524e-01	-1.209580839418177955e+00	8.399686070829680551e-01	-9.691319024632157886e-01	-1.088636456643930828e+00	8.160147362598061394e-01
8.309865807387717407e-02	1.336086296872375512e-02	-5.614727711689884160e-01	-7.002991333533383767e-01	-8.644889193126895632e-01	2.147162086582635521e+00	8.909894088636564069e-01	4.190547689939795872e-01
1.376617760925684220e+00	-1.095671854994650030e+00	2.838339771267414102e-01	2.013491172329102685e+00	2.852550232200209979e-01	1.399558508874835239e-01	8.617936421249676737e-01	4.073996775578677676e-01
8.351849738817380686e-01	-4.173363219180207251e-01	-2.730143291117715920e-01	-6.667897815242793680e-01	-9.648983747620587526e-01	1.848038208568368423e+00	7.754280733521400348e-01	-2.114081063081098666e+00
1.197591004254312086e+00	-4.926051265514680977e-01	3.972150947667847376e-01	1.761669514131802838e+00	8.075088464479291961e-01	-4.518152111380955432e-02	3.476624366586369419e-01	3.651327258953426802e-01
4.299711985590796148e-01	4.230694571731393738e-01	-4.452419781531052334e-01	-1.048513951254292698e+00	8.409848785587281661e-01	-7.403599388988924002e-01	-1.048733857482602838e+00	8.816160297215738240e-01
3.851426783598655423e-01	-6.215326207502130940e-01	-2.860760491801260796e-01	-1.769292114560804333e-02	1.636537025972029546e+00	-6.282276913545998820e-01	-1.090177054724885020e+00	5.183249085046663929e-01
1.206426085684522365e+00	-5.820346092088705126e-01	3.773804409638195079e-01	2.114163142240895965e+00	7.697662935014097929e-01	-9.703227048158816204e-02	4.669531765682649604e-01	5.639428595392117494e-01
-6.323561648940430324e-02	2.878550343495378527e-02	-3.187443659819662045e-01	-7.149698138778850520e-01	-6.731885504738757131e-01	2.400599251758219310e+00	1.022084381534398734e+00	7.924891676628514903e-01
1.253167670788883026e+00	-5.453765535070157489e-01	1.874865457822113834e-01	2.140094029976390644e+00	6.101518193657570199e-01	-3.062079307423875574e-01	4.177091240542870620e-01	5.481688791609548028e-01
4.468536216091438806e-01	2.281742954000847978e-01	-4.642615693741883320e-01	-1.287205807716938377e+00	9.286754022211952675e-01	-1.073700995107132794e+00	-1.149097637007956418e+00	1.199837659441729709e+00
3.926366651262823138e-01	4.602683751383257471e-01	-4.346606856962068055e-01	-1.101707178350560978e+00	8.364595330438525655e-01	-7.783081851110401628e-01	-1.044382160191922759e+00	1.078743670858414827e+00
4.855908818042699027e-01	2.833440731806738944e-01	-4.289924584731560908e-01	-1.209184625218918452e+00	8.810735728074921003e-01	-9.064792952237779033e-01	-1.089911903736591636e+00	9.370424969089039546e-01
1.212478954659949482e+00	-5.157948477249303387e-01	2.621496278865331764e-01	2.088126221770502777e+00	6.705934696550462926e-01	-1.291664747872793562e-01	4.241611592467433578e-01	5.365472004513550663e-01
-1.807519276226534077e-01	1.377333619257497255e-01	-3.622550520902410032e-01	1.097124202075235644e+00	1.150868755942252797e+00	6.347593258963907248e-01	-5.238882942260096875e-01	1.239378777212798877e+00
1.001547974488139481e+00	-9.269285066876900014e-01	-1.991042919943766809e-01	-6.544732167626359232e-01	-8.421159192802431248e-02	4.324209998830441104e-01	-8.390816022763836202e-02	-1.239249010320045974e+00
6.095092772023589234e-01	-1.218497917227607807e+00	-1.326700850276250898e-01	6.404012097634436129e-01	1.769925206348297753e+00	-4.742032124619368627e-01	-8.805941270384708419e-01	-2.004147220232772308e-01
-1.073165981724954164e-02	-3.600251300387103393e-01	-3.990022984555559038e-01	5.702100651529030673e-01	1.613436968364624802e+00	-2.711976396887855190e-01	-9.665201276424267851e-01	1.277232701456578967e+00
1.356475839326239052e+00	-4.522500517955216348e-01	6.787278258761924032e-01	1.923968930777116837e+00	6.667795491039137934e-01	3.748151235764126538e-02	7.439486994253561303e-01	7.725269521557116548e-01
1.931942299982503108e-02	-4.163119386169530367e-01	-3.783308025683883025e-01	3.840307811050166498e-01	1.676386850108251503e+00	-3.884778008480687106e-01	-1.028226521327229248e+00	1.231665695614194700e+00
5.110868267645468643e-01	-1.151321273544693602e+00	-1.370234773944646600e-01	6.037554015679522657e-01	1.859004943044641145e+00	-5.290943848057617638e-01	-9.381173694000654040e-01	3.927363128804672865e-02
1.344462866514410271e+00	-8.613730021785219737e-01	2.227855862661841380e-01	1.439042927876254430e+00	8.992002515136821028e-01	-6.997427130010538399e-01	3.922969257784048036e-02	5.421146990175380598e-01
9.968888467486763938e-01	6.713254298076382076e-02	-4.743470234689628473e-01	-1.506881092794940813e-01	-4.978449868316527430e-03	-4.385017302839704367e-01	-3.502420362077946492e-01	-3.838453324912093900e-01
7.972474997352410608e-02	-5.346472383305231890e-01	-3.672265525185653967e-01	3.060019255498892532e-01	1.736680280020890477e+00	-5.129037844936246149e-01	-1.083386816020094345e+00	1.166003199719822359e+00
5.343145886240181497e-01	2.082030534106934228e-01	-4.174404838478283919e-01	-1.185717783903613265e+00	8.598245724446981209e-01	-8.504267358080522810e-01	-1.064051527694564570e+00	7.723278658740135860e-01
1.752147791740214844e+00	1.825358991944238118e-01	2.349137899300160481e-02	2.744373213743968032e-01	-1.932456029155835975e-01	-9.111132462058025849e-01	3.426631703170142651e-01	3.004653830197568376e-01
4.348046539573915403e-01	4.742321242926864633e-01	-4.089102810352826523e-01	-9.546454167016646952e-01	7.310745129522009389e-01	-5.647163142347833009e-01	-9.222277179792104373e-01	7.910600710107497102e-01
1.063325406679964891e+00	-2.597513361406535992e-01	-4.063001486300131249e-01	-2.583654038667544950e-01	-8.977140681337507366e-02	-2.449811189437432479e-01	-2.480916153616198327e-01	-7.062481962353538423e-01
2.954683677037870937e-01	2.000590550335093754e-01	-5.579626205167905750e-01	-1.061228243905195212e+00	-8.083505502930555808e-01	1.515435108029308475e+00	6.109836390425749109e-01	3.642760053834182554e-01
7.743753733407840456e-02	-2.066294982605760000e-01	-9.699320339886641218e-01	1.158736940665751947e+00	-9.888934743895141377e-01	2.704632257117252081e+00	8.894913976135726541e-01	-2.430282385424626934e-01
7.207517437459264320e-01	4.606739923456186492e-02	-2.570619196430313225e-01	-3.937696735712331031e-01	3.412275545439750202e-01	9.279899361660237656e-02	-3.856109409654228104e-01	-3.498879784221738953e-01
1.167549038386334725e+00	-5.985341606137282167e-01	6.044382913969894577e-01	2.133765680286445310e+00	9.017543729254475782e-01	1.509776095771532822e-01	5.898653846633846731e-01	6.755749421782188957e-01
2.934154099536293581e-01	-2.366548750525483691e-01	-1.035287009259311386e+00	8.362181841994460740e-02	-9.297523220710279812e-01	1.978210068601103044e+00	4.840457502961591496e-01	-9.394842274155315032e-01
1.898057170906375657e-01	-6.359682595474527300e-01	-3.028364004888641769e-01	3.531578980791915123e-01	1.733260841560047671e+00	-4.624828911430508005e-01	-1.025786063875069321e+00	8.508545345200534404e-01
-2.034634503884568957e-01	3.553496815400258857e-02	-3.694538470899541571e-01	1.406048241209724825e+00	1.214811111221722140e+00	6.678473864189519160e-01	-4.912302989951665144e-01	1.299284931949952426e+00
-2.010231413640367268e-02	-3.516405299181564748e-01	-3.791521494117139346e-01	5.862411702483932840e-01	1.608960418743651699e+00	-2.318154478290504750e-01	-9.403560968007160792e-01	1.310989790757709939e+00
1.707027907244182963e+00	2.463863891439540266e-01	4.332207848979295894e-01	1.457330683957174522e-01	-4.119579615523362263e-03	-5.039668144066677957e-01	5.021398045668704624e-01	3.963031610630317059e-01
7.741330318575045943e-01	-3.641290337897343243e-01	-2.056776243264585996e-02	9.042601648410941717e-02	6.333240778051484332e-01	3.158218948527076742e-01	-2.591386998665351493e-01	-5.329690349220378431e-01
4.339025464257931231e-02	-4.827934851296203367e-01	-3.260020335999821439e-01	5.055520214514802602e-01	1.696913068421846527e+00	-2.660273291143470664e-01	-9.702886731160713651e-01	1.069277995684293714e+00
8.417090790147396806e-01	-6.590194413142861363e-01	-5.092859806857616967e-01	1.949346690044742703e+00	6.418091686603684121e-01	-4.818887416577891658e-01	-2.916593992995158979e-01	-1.739202193998960477e-01
1.743063692053514302e+00	2.436447806103638480e-01	5.174901389420468734e-01	4.770903278427144484e-02	-2.944270794024367657e-02	-4.626777510724655595e-01	5.698529772174940611e-01	3.244138962377223212e-01
3.261266188870697857e-01	1.637619337677202747e-01	-8.222825473044415023e-01	-7.590025136468502298e-01	-1.197662232458876819e+00	1.623527647218807157e+00	8.331867005246172964e-01	6.320960574839464829e-01
8.021057634888996146e-01	-2.521313578943646938e-01	1.000796046284659901e-01	-1.007592766729677181e-02	6.516396280627605453e-01	3.322081057598991749e-01	-1.915783624020781506e-01	-3.849791499991738752e-01
2.486022960965844630e-01	-7.297916707090044142e-01	-3.140837077521128617e-01	6.132152547613478610e-02	1.785451934124135054e+00	-7.280091076604341405e-01	-1.138503936440141251e+00	9.319359918322096537e-01
7.106512186152180721e-01	8.815922934258474397e-02	-2.666675274992624800e-01	-4.096442158384334120e-01	3.405025442824887172e-01	9.774048038756112666e-02	-4.042643542794506772e-01	-4.012704009550632778e-01
1.254631802281809705e+00	-4.672289148038977769e-01	4.265832676479006658e-01	1.870018187615866134e+00	7.175725140477993147e-01	-9.645474009189075604e-02	4.764790429010001827e-01	5.544353599530694732e-01
1.729636896685569747e+00	2.172388156942397230e-01	4.543734884342601754e-01	1.863794462956425979e-01	-4.299953009922031361e-02	-4.810773420986823590e-01	5.789020371687494393e-01	4.281721810813644558e-01
1.393258256898204372e-01	-5.463644150166377944e-01	-3.566431522746318916e-01	1.893228326818319485e-01	1.703260938613646802e+00	-5.581956080097161266e-01	-1.080402455954515117e+00	1.092042890989151971e+00
1.244140068686064721e-01	-4.496772228623445722e-01	-3.568336616934342787e-01	2.831237474778422469e-01	1.636636599874164322e+00	-4.308273740838560739e-01	-1.027791493616068585e+00	1.057487709852674929e+00
8.667341382485350687e-01	-8.569442798247944859e-01	-2.534108478694402922e-01	-4.488535091567966151e-01	-2.448693736517372835e-02	5.336598871756088602e-01	-3.823148017305735141e-02	-8.356824029344895877e-01
5.200850521816074989e-01	2.340084576044129394e-01	-4.284687302945767162e-01	-1.132840453418063831e+00	8.350467307953640672e-01	-7.839995737828074907e-01	-1.046902025124852864e+00	7.157594460235976452e-01
5.066374335987331445e-01	2.596655146930627600e-01	-4.498463647979010771e-01	-1.236350983355512190e+00	8.963804985808629944e-01	-9.799278270041171801e-01	-1.131240927647069405e+00	9.434586665341484490e-01
4.667491508503307518e-01	-4.175172595613458326e-01	-8.661375013849004212e-02	1.111673480721556917e+00	1.149416059724216232e+00	3.740172667336172929e-01	-3.984836824024543533e-01	-2.519887955335832763e-01
1.432294898191139199e+00	-2.624804013898155985e-01	7.018987616624393633e-01	1.392521201866260494e+00	5.686135050770649846e-01	-3.963616546139350078e-02	6.831324776376805907e-01	6.533875202510166513e-01
2.199297597179524777e-01	5.239680565110625965e-01	-4.520275749467241866e-01	-1.050613199651313945e+00	9.294904001064380195e-01	-7.773226371048237437e-01	-1.045711777763485895e+00	1.548666187516956061e+00
1.779992986389135945e+00	-5.164687191292973711e-01	4.366806282660721239e-01	3.631487445213563148e-01	-9.619913585884946050e-01	1.559774053908230096e+00	1.467594209788968929e+00	-1.335607123802858398e+00
4.542665049204763772e-02	-5.411563651769016881e-01	-3.943814952345880975e-01	1.966874701240169110e-01	1.763595179375150757e+00	-6.271560689740699468e-01	-1.129779077515624452e+00	1.354926103161804285e+00
1.048310783639907762e-01	8.652833377337910692e-01	-4.547988482437169133e-01	-3.726052408643501512e-01	4.645772431261345203e-01	1.494291298036361515e-01	-5.964880948660368221e-01	1.072376910458445298e+00
2.469986791975931073e-02	-3.894677866809642675e-01	-4.077045173512257592e-01	2.195749072987936701e-01	1.635303539382548577e+00	-5.203108065533750271e-01	-1.056281406784605581e+00	1.400450775934573233e+00
1.031663064078993886e+00	-7.954330417319113167e-01	-2.795330620631780172e-01	-8.117881884728272990e-01	-5.382859901595399288e-01	8.427743018706467248e-01	2.307073299555731372e-01	-1.682978792608780028e+00
8.688340696835697985e-01	-6.903055402292876952e-01	-3.228054420747800135e-01	-6.660733762724329043e-01	-6.640130654618360273e-01	1.204465589146507476e+00	4.846426986935716830e-01	-1.152842299545697502e+00
1.223590910979049262e+00	-5.602352857084981208e-01	4.744071120802254571e-01	-3.041353682834754824e-01	2.380907239707978351e-01	7.136071667539933827e-01	4.430096424814887746e-01	-3.104966496509645735e-01
3.882372306510507021e-01	2.807063350321241657e-01	-4.106997678301786969e-01	-1.188137342318839718e+00	9.245153396967097370e-01	-8.148780482149815541e-01	-1.061349155284742718e+00	1.070661975819775735e+00
4.827771485625838022e-01	2.861065485517118034e-01	-4.384116056651545801e-01	-1.220342314024060792e+00	8.900635170111007577e-01	-9.470362876072323521e-01	-1.107654179144529349e+00	9.778781344572740064e-01
1.312478461464376300e+00	-4.622543049856375208e-01	5.979167214001961383e-01	1.883122581913459603e+00	7.061891098945900502e-01	-3.030402924297727341e-02	6.394371483649440302e-01	7.127988272142385950e-01
-8.682697781800251258e-02	-3.086688872177533738e-01	-4.245936805427530936e-01	4.260854244153726156e-01	1.638230737131407988e+00	-3.575779406476506939e-01	-1.007519304875730937e+00	1.595730070201007766e+00
1.783785904752854368e+00	2.097170448446795954e-01	3.527555798753283511e-01	2.076928513228783468e-01	-1.009017000370497352e-01	-6.766699936882242250e-01	5.183693239785569506e-01	4.293796301690391282e-01
1.320335817990034299e-02	-4.439535737554625161e-01	-1.002565840195125180e+00	1.038828708292934166e+00	-7.736502493024152161e-01	2.596873776079877238e+00	6.831782271067773360e-01	-6.174054888666650198e-01
9.569453122165061387e-02	5.283194733942652155e-01	-5.524332683466272043e-01	-1.111877704055593163e+00	-9.280864221154561111e-01	2.066831632841841682e+00	7.849746326801414487e-01	5.030271542997949430e-02
4.454811817913345573e-01	-5.565555960044867856e-01	-2.047305837587212740e-02	1.358254846156205398e+00	1.320214283397229238e+00	4.194066660288942039e-01	-3.938122502011067172e-01	-2.984559927902893373e-01
1.396315116645703014e-01	-6.327730634629106232e-01	-3.143244456916494678e-01	3.724735572841009201e-01	1.748603623316640654e+00	-4.516584122936286305e-01	-1.027019829470503076e+00	9.319864815945618775e-01
-6.924784295437703963e-02	-2.292597307230483383e-01	-6.794702695070176102e-01	6.890438121890510859e-01	-2.808069413426215188e-01	2.549097865022802445e+00	3.918851887227109421e-01	-7.243853893917927556e-01
1.588791178140928517e+00	2.269228280047820012e-01	1.091182822715318357e-01	1.490219976286186188e-01	-5.995974025460786699e-02	-5.887310686275883942e-01	2.764494453818537312e-01	1.963613929434227801e-01
8.120953116105392167e-02	-5.938958917688574868e-01	-2.649359804841397992e-01	9.759764204563595724e-01	1.727282604396618515e+00	-6.275908730292818760e-02	-8.515486031919252685e-01	7.581141514163738382e-01
1.157137772799648801e+00	1.626663303188864151e-01	-7.185410569782739731e-01	2.062861330067402854e-01	-2.720126157529356714e-01	-7.185659815149700869e-01	-2.943443176393036320e-01	-3.849990998809060816e-01
1.686604906172092688e+00	-7.814848079076002207e-01	2.512022716736325156e-01	8.541408239806500546e-01	5.527548887007697198e-01	-1.185068171217680044e+00	1.269763274902723782e-01	7.425732924482200126e-01
2.360522932902393567e-01	-6.192776306035078226e-01	-3.378397370142116052e-01	1.324574554431604267e-01	1.698200494203899735e+00	-6.297654635077437613e-01	-1.096733982605666124e+00	9.351737520447419572e-01
4.266759280159431178e-01	-8.065175265686279626e-01	-2.680040054123637994e-01	1.185452120160016831e-01	1.708681942579177049e+00	-6.817629842707304544e-01	-1.072040116516091102e+00	4.563490877587956795e-01
7.935623136900100683e-01	-5.744449402570361851e-01	8.235879989920827926e-01	1.531505632874266665e+00	1.453217635288611032e+00	7.248353463896700655e-01	2.437877949329932681e-01	4.161440217267865505e-01
1.751127821250929584e+00	2.415791235360312539e-01	6.078232893694988093e-01	1.638999896826507097e-01	3.094831576556032748e-02	-4.219207756967323086e-01	6.168746182461217753e-01	5.048495668857092555e-01
1.607087940930674863e+00	2.462782979997461819e-01	4.203829795916315115e-01	6.871689873139594229e-02	6.798147102284356202e-02	-3.860809418234943946e-01	4.358083698263043315e-01	2.936540617845904144e-01
-1.415680146115120830e-01	-7.146138451269408443e-02	-4.079559686080234671e-01	6.152055638575644192e-01	1.469842823515268737e+00	-3.723204700767104858e-02	-8.661754222959906491e-01	1.526363335326880399e+00
4.102244055578334048e-01	6.099061909534742032e-01	-3.268595880524456376e-01	-4.376414384478825026e-01	4.488328608722850221e-01	7.762010588192297389e-02	-5.476425802167321777e-01	4.549829411050349548e-01
9.339596413931622321e-01	-9.170241602864829256e-01	-3.869171346824708535e-01	-5.151238885833964165e-01	-9.416073827994488887e-01	1.496484359458484681e+00	7.423757196588052221e-01	-1.597189574910705012e+00
1.212856931961935780e+00	-5.788638563106314194e-01	7.186398540651940392e-01	2.146509874287742647e+00	8.957717530105678838e-01	2.402862359422450189e-01	6.898543097177645134e-01	7.011297807766733170e-01
1.610040720986216201e+00	2.073002834197290867e-01	-2.405656559223894042e-01	3.597843761148429298e-01	-2.918321985139838981e-01	-9.136429542418692540e-01	1.864941700985656703e-01	1.510594092501162944e-01
-7.979592884202958702e-02	-2.804274470952703990e-01	-2.450031490644104804e-01	1.719193032073051297e+00	1.372086043045461778e+00	7.094409259632962206e-01	-4.305235410879624802e-01	8.510282280145670120e-01
1.172012314337761429e-02	-5.459341286770101886e-01	-3.698454154571009789e-01	5.486787474611567461e-01	1.753468558317182291e+00	-4.124183372481670107e-01	-1.019576146535485561e+00	1.294473811153508569e+00
4.599681439220232315e-01	-4.241955279543052626e-01	-7.433946552055457901e-02	1.094756745881882321e+00	1.165081625187786241e+00	3.791199583425474140e-01	-3.977135535245625575e-01	-2.596285397363538583e-01
1.244300803073113082e+00	-2.039695492083657968e-01	2.438323898283137059e-01	2.210213502223750126e-01	-1.047453043025814878e+00	2.449708956723233300e+00	1.479389037657329542e+00	-1.050086483077838917e+00
1.624432935145751600e+00	2.233728888002411705e-01	4.456576781027224432e-02	2.216410201088448717e-01	-1.133490514381565728e-01	-6.760165710217884705e-01	2.849256843141276807e-01	2.110244539906715178e-01
1.062108028869965581e+00	-1.360107771708050972e+00	-1.759281306015644253e-01	-5.664948472115480804e-01	-3.147897637196268583e-01	7.683353859023906995e-01	2.188601118335823659e-01	-1.555131305678690845e+00
-2.359189462019109854e-02	4.363410466716040326e-02	-3.010165800466069741e-01	1.007036909793667112e+00	1.116310768860506508e+00	5.421932578548005477e-01	-5.180683410208902773e-01	8.474943399900833896e-01
8.364547754361586485e-01	-4.219153742095267390e-01	8.665573886867852238e-01	1.185149843530384217e+00	1.323353045172126041e+00	7.307753874103487535e-01	2.976036636312620054e-01	4.067295944977198929e-01
1.265632578985729451e+00	-4.104849376042761233e-01	2.024994719047900904e-01	1.796322735362704037e+00	5.765384988840029923e-01	-2.900543928069468369e-01	3.583748693295050192e-01	4.573481366697080275e-01
7.895973503887712130e-01	-9.805133898875492693e-02	-6.441982524652063447e-01	-6.773060260867757032e-01	-1.365037384691777378e+00	1.882162449843384655e+00	8.515789584704418491e-01	-1.771414405437889972e+00
1.630214958360257649e+00	1.969547008059917281e-01	7.285404697408429109e-02	1.315769051785329880e-01	-1.249825313067808724e-01	-6.376455029345434733e-01	3.039284126396382124e-01	1.303945984778299150e-01
-5.479229037974542305e-02	-4.862856796007615223e-01	-3.917476444772872157e-01	5.396964091207703262e-01	1.752196974267991036e+00	-3.947610281491277240e-01	-1.023727614054835700e+00	1.467378767993557709e+00
2.335698311984189257e-01	-6.046189027132761185e-01	-3.072506082773201475e-01	2.920130781809565090e-01	1.699039084097854424e+00	-4.746725636081348121e-01	-1.041296475526224841e+00	7.231171451287616847e-01
1.046603825659745635e+00	-7.238267921627233870e-01	-1.489865660800808733e-01	-6.299446137005241253e-01	-1.291990222521627665e-02	3.186469673325958429e-01	-1.652208074798760529e-01	-1.217874566395236835e+00
1.106092714171986513e+00	-5.184205262411127890e-01	-4.126599465132791966e-01	1.122337910240548409e-01	3.919298008762055474e-01	-6.473259347347775083e-01	-4.956885142649382625e-01	-5.140472094245293055e-01
-2.585228289004944946e-01	3.285505062852153157e-01	-4.268554132886765440e-01	9.575523024876191336e-01	1.065072154122717718e+00	6.112456546219464659e-01	-5.399633582468564841e-01	1.552489621034209399e+00
-5.295545435582147548e-02	-5.357648506016330359e-01	-3.737919615201670265e-01	6.505577782818875443e-01	1.725658977391386406e+00	-2.579850443209736888e-01	-9.629241244146078404e-01	1.323086940690069380e+00
1.137659908881363924e+00	-9.036528873309628007e-02	9.572934103663796601e-02	-5.458451201038192480e-01	2.511386460468718052e-01	1.112205456435242240e-01	-2.143242318439242400e-01	-8.123011017469585759e-01
-6.982955065896519903e-04	-4.772173133656404942e-01	-3.848796339807399880e-01	3.209143295798625450e-01	1.709857660361226772e+00	-4.734127593748170271e-01	-1.047998652335607961e+00	1.368319384597024513e+00
1.859005310426705915e+00	1.386416605450382367e-01	2.444502310783390475e-01	2.750939519844383119e-01	-1.956483916884223795e-01	-9.464036579621960543e-01	5.256559022434131867e-01	5.654074008033721510e-01
7.577472449960731549e-02	-4.242940973102884983e-01	-3.914125335313372589e-01	2.723449320007171881e-01	1.647374847379265317e+00	-4.709199597130054316e-01	-1.057104821453236809e+00	1.193763847612550055e+00
1.614087225871732700e+00	-1.576657216224910951e-01	-1.126758599322237875e-01	-2.689163832841695023e-01	5.555027551424852883e-02	-1.051582581549178386e+00	-1.388749084572574732e-01	1.449811795717798057e-02
3.332892662540741791e-01	6.587290250208125419e-01	-6.394362690434084451e-01	-7.972316905540357546e-01	-1.154961902191686818e+00	1.768930357092004080e+00	8.606830181871127916e-01	7.336589011103817892e-01
-4.375205380241511260e-02	-3.855945803350681600e-01	-3.786534530407095200e-01	6.258803784795677894e-01	1.644206361596726396e+00	-2.207580215750084562e-01	-9.384774790752344886e-01	1.338407704552228683e+00
1.302660426523625459e+00	-6.357938179810482815e-01	5.633510147428069104e-01	1.587725079743034229e+00	9.035483984916572453e-01	-1.906843553195301522e-01	3.824551216159368106e-01	6.473725337924995937e-01
-1.715942309935649390e-01	-1.146534876562857880e-01	-2.886581191784223788e-01	1.613590535567575923e+00	1.363965363652351881e+00	7.190612146016942541e-01	-4.797257113615585600e-01	1.081895244421689828e+00
1.655273975560000110e+00	1.762376356623174545e-01	-3.147978236779355732e-02	2.151636215259096763e-01	-1.504261741926618268e-01	-8.258457988571472619e-01	2.403984892600300738e-01	2.378125350625681644e-01
1.589555846852826138e+00	1.290541471503237059e-01	1.122429755031452703e-01	-3.752359058153863919e-02	4.484501211757534189e-02	-7.515906481523875193e-01	1.369428961899649133e-01	3.696197114733815181e-01
6.017487845607183417e-02	-5.144651042647612194e-01	-3.602609287044360453e-01	4.944890406201913891e-01	1.705015509557512132e+00	-3.808545929501202520e-01	-1.009927545713700248e+00	1.140248624356286378e+00
8.752951057881779295e-01	-1.900354872208789014e-01	-2.491780380211388035e-01	-8.037451857402116984e-01	4.764180028590321858e-01	-3.305987018496188146e-01	-5.808929752171032579e-01	-3.611947874162790839e-01
4.666494841187327491e-01	2.507075803440425021e-01	-4.266113471890934927e-01	-1.386457605771393320e+00	9.357385123291024343e-01	-1.098466022773411321e+00	-1.156635557587670782e+00	1.126396115004207665e+00
8.466622284937260767e-01	-8.325794890398949821e-01	-3.039726794787377950e-01	-5.092155394645179189e-01	-3.574771246918906353e-02	4.802303231987155585e-01	-1.212233266182551894e-01	-9.828396957918364985e-01
1.074431022394760626e+00	-4.865017511679626816e-01	4.394622172569990770e-01	1.726490618513465858e+00	9.292326785593647553e-01	1.594174245219288633e-01	3.108282771798689392e-01	3.333696784942060676e-01
1.258588560597825978e+00	-4.706948002619286697e-01	4.721201122134731643e-01	1.860520468417314888e+00	7.341330263040315440e-01	-6.684914170069594652e-02	5.018229923282894189e-01	5.643540616510689389e-01
-2.256384950078082000e-02	-4.339924113305828612e-01	-3.905663035518066595e-01	3.755029987553064053e-01	1.703625924089438914e+00	-4.385183685786491203e-01	-1.037769142996690652e+00	1.435849296347698090e+00
1.106492635953737036e+00	-4.403077243860343271e-01	-1.026180590958603173e-01	1.861308585795293791e+00	6.068313137067151697e-01	-3.388627964145242699e-01	7.064296893638505326e-02	2.425044669114970186e-01
-9.329077449863974053e-03	-3.364960486608293833e-01	-4.152686780421294688e-01	2.234966772637131949e-01	1.617956781361743257e+00	-4.610528069860249656e-01	-1.048363064288191593e+00	1.452924195667051777e+00
1.631296918442175947e+00	2.372585194329015768e-01	1.571158424227129258e-01	2.266751761124223274e-01	-6.787045832296749459e-02	-6.050213080221513717e-01	3.452016912477618993e-01	2.422451188301534830e-01
-6.012727378313734161e-02	-1.570364051695921914e-01	-8.567514444906990656e-01	1.094240591041686805e+00	-7.068107743247243890e-01	2.762873336158214510e+00	7.290592408364668930e-01	-2.465929878366334149e-01
2.408426730992197506e-01	7.997464883919582768e-01	-3.964905405129467986e-01	-4.523138593011751252e-01	4.620630864709246444e-01	8.203099932943537509e-02	-6.007395330734490724e-01	7.770315858559659894e-01
1.368700909784593134e-01	-4.932782229687184827e-01	-3.692287779763012145e-01	3.567218049328280821e-02	1.674621936050973314e+00	-6.281509123347326362e-01	-1.113856030038542055e+00	1.191807530413559357e+00
5.295945327876188102e-01	3.566686922184465480e-01	-4.108473835446186939e-01	-1.078943295939583491e+00	7.841642267608472938e-01	-7.465077692651884700e-01	-9.990457770517687797e-01	8.059991043080083628e-01
9.089379441503022683e-01	-9.194587338209199157e-01	-2.452469914168703968e-01	-5.165871708238399806e-01	-2.617291604372485453e-02	4.678220263154506675e-01	-1.042385415998011433e-01	-1.059559339559233537e+00
1.126094766329278851e+00	-5.675716799120422706e-01	4.612828941391842186e-01	2.091337641338572695e+00	8.820006239436880557e-01	6.005004752973815835e-02	4.678926348859845374e-01	6.234621214100298792e-01
2.457923876010625064e-01	-7.554112923240298150e-01	-3.115824304013404267e-01	1.860790927583706733e-01	1.798475604065465250e+00	-6.726109483288509328e-01	-1.110139803169688744e+00	8.787093779399628435e-01
2.312589294586513411e-01	-7.853702043713073344e-01	-6.821429173757120878e-01	-8.052337802481106532e-01	-6.906427511656547669e-01	1.283497306801702820e+00	6.435308468062493903e-01	2.422799470797937227e-01
1.545185957592679848e+00	2.157555097472570738e-01	5.555438653084640577e-02	1.364824663154841911e-01	-5.118392091144721018e-02	-5.807482598138818952e-01	2.260574596399517466e-01	1.733444877294447184e-01
1.456634275961322389e-01	-6.101556608778536256e-02	-4.337039058067118091e-01	-2.883658097847199842e-01	1.352820253666275896e+00	-5.601507432980925572e-01	-1.078536796720417135e+00	1.221367983529979995e+00
-1.010774481206338105e-03	-4.504878957567480802e-01	-3.075570736762600066e-01	6.315029982115650808e-01	1.716766963580261818e+00	-1.865297803913933405e-01	-9.355163483438813099e-01	1.100002916027281730e+00
1.353906912096175308e+00	-5.320004610624211594e-01	3.855049839342149509e-01	2.035840952287752526e+00	5.890737934585634772e-01	-2.568102188633740179e-01	5.589271585441319967e-01	6.155824372356395457e-01
4.932471010646982679e-01	2.652035163987903621e-01	-4.274067120379355655e-01	-1.218587270936079658e+00	8.904686317575098986e-01	-9.208098950387351156e-01	-1.097534066347128023e+00	9.294723192528778766e-01
1.348745030258305944e-01	9.459010371962400798e-02	-6.748771971362607092e-01	-5.105839691054676610e-01	-1.314778832556895649e+00	2.221541000881186001e+00	1.287102834103891258e+00	1.111605154668269035e+00
1.696611237112888304e+00	2.725870653685458223e-01	-1.503727424208334588e-04	2.747680471458903151e-01	-2.066099013552229746e-01	-7.453491500612560161e-01	3.241506433148593214e-01	2.259621631420589416e-01
-1.606032377231481900e-01	-1.329139598078540596e-01	-6.306154220736909233e-01	8.976821462920624439e-01	-3.601930154949456453e-01	2.945582776817636805e+00	5.945465957760410758e-01	-6.825941751426629622e-01
4.354001005849986172e-02	-2.373988485297318929e-01	-2.154299833713080592e-01	1.474578717950783213e+00	1.294426144727647054e+00	5.982788202129065702e-01	-4.560526437564225710e-01	5.935460611459190128e-01
1.039095961671179513e-01	-1.117821052371103380e-01	-9.375850422481846191e-01	1.004019685234625481e+00	-8.249457045520931509e-01	2.545367308905535975e+00	6.666259508422998081e-01	-4.675114260491526896e-01
3.137854888344590587e-02	-6.735714529091612057e-01	-3.061967577271637042e-01	7.766163638349332654e-01	1.830822281071382562e+00	-2.746008568448587428e-01	-9.649109410382092911e-01	1.041832353561578106e+00
4.749879725363412852e-01	5.058010176847101969e-01	-3.660360625239322818e-01	-7.730334009182079358e-01	6.040337270547417869e-01	-3.515985438126384421e-01	-7.804669021123648021e-01	5.676833232054495637e-01
1.517204902068373107e+00	2.016835370512194137e-01	1.651256437826453538e-01	2.892900384385932444e-02	3.202460761398995964e-02	-4.766383172990907302e-01	2.337603878280271885e-01	1.776275153842056531e-01
3.012410827012138026e-02	-4.378512611113068442e-01	-3.269790242008093206e-01	4.960221713559358481e-01	1.690650539329568103e+00	-2.687202708963976061e-01	-9.777029390164658773e-01	1.115308747665946898e+00
1.260985231671216678e+00	-3.342051267822648830e-01	4.104255159318839219e-01	1.466335979643029530e+00	6.878582485889341847e-01	-8.870319560480384447e-02	3.608548640323952506e-01	3.687843077274984838e-01
7.660240970946639028e-01	-4.392730785510180480e-01	-1.263548849058819534e-01	-1.848097543541807677e-02	6.680828566652617928e-01	1.364623392707281779e-01	-4.128982832889396826e-01	-6.313414559268707427e-01
8.971328356451125918e-01	-1.795422140429990820e-01	-2.513410427894086085e-01	-8.672037423450119631e-01	5.640062557142334621e-01	-4.652424596731167816e-01	-6.699028825964633560e-01	-3.282708796459409828e-01
2.793882903430170428e-01	-1.342171037672569012e-01	-1.107824454661551439e+00	6.279964555562406181e-01	-7.314821548333606538e-01	1.882044279151808830e+00	2.334135382240327683e-01	-9.796218244670563680e-01
-2.314165703398772256e-01	5.236207868542847033e-02	-3.389632292090020149e-01	1.345200148696779952e+00	1.277887963401772131e+00	7.013074756845372182e-01	-5.198100298384534801e-01	1.257743136339434464e+00
2.225321572635298728e-01	-5.851600513781826107e-01	-3.638075562162407239e-01	3.487941219860023201e-02	1.705583511299181732e+00	-6.647362222522884556e-01	-1.141457011410899058e+00	9.071756675305943096e-01
9.597505451547737598e-01	-8.018780611933797875e-01	-2.043425494276285004e-01	-5.668308964113062398e-01	-1.555738846382996414e-02	3.994065037421611342e-01	-1.296927174575807917e-01	-1.096642791021397834e+00
1.144104457523465346e+00	-1.251076898243495827e-01	-6.169986702152555624e-01	6.699316977722347827e-03	-1.715554103511210404e-01	-6.816379350572616680e-01	-2.962232172472146763e-01	-3.886073321777195888e-01
1.140226342074169841e+00	-8.396053623848331871e-01	-3.817899973802298397e-01	-4.887995002337031103e-01	-1.089860571627268016e+00	1.392265086491595971e+00	7.445892563746143722e-01	-1.913069588145551059e+00
1.732643415177328672e+00	2.436459695602774811e-01	6.051641515085537382e-02	2.689380595336410273e-01	-2.212830585614165013e-01	-7.970717794874552231e-01	4.094994662189479495e-01	3.379283359507384010e-01
1.151032268087800015e+00	-6.268733662097697446e-01	2.978378842938895765e-01	2.110682758536771786e+00	7.700472013530833548e-01	-7.288792072513479436e-02	4.265145027119545684e-01	5.498149631646783719e-01
2.342769474974555621e-01	2.577680630462951816e-01	-6.840105071186335373e-01	-1.099977736108313175e+00	-1.113770557096409819e+00	1.631228563499551365e+00	8.559117917166868539e-01	6.966201914427340158e-01
3.870439985012153472e-01	3.262193324829417707e-01	-4.744949544516193218e-01	-1.125737459390242279e+00	8.479705511821278296e-01	-8.270541676431742983e-01	-1.058661475734816948e+00	1.137134760371249165e+00
2.297391763297964851e-01	3.902873377432120039e-02	-7.498553736828967864e-01	-7.185874563855603192e-01	-1.262910489887282495e+00	1.911997033992898443e+00	1.066000237065471756e+00	7.850316887173885982e-01
1.029696543842568479e+00	-2.067961184477520031e-01	-8.342127437181834360e-02	-6.713292615768944316e-01	2.975084249966084560e-01	-5.659698031035507310e-02	-3.977518228037364989e-01	-8.923472162456954626e-01
-1.856239947207377894e-01	-4.325316163321755170e-01	-4.190163760138592708e-01	7.765448693171304040e-01	1.770836564233051469e+00	-2.799739081711520861e-01	-9.722053255552006723e-01	1.775570859766032683e+00
2.227041027701641696e-01	-5.333219142530037232e-02	-1.053429748957623646e+00	1.002959489158970374e+00	-1.019346540000671819e+00	2.414896486877311954e+00	6.961860401957244981e-01	-4.873501940067548333e-01
4.596295828545878814e-01	-3.448477866977887191e-02	-1.009706955275025964e+00	-4.927411121762333146e-02	-1.432671667698156792e+00	1.692389509267803849e+00	9.861492490530108235e-01	7.745812598601407029e-01
1.268883720397691039e+00	-6.606508575688830875e-01	2.933797772546800076e-01	1.965455478970132841e+00	7.622685546561195347e-01	-3.392174581314466031e-01	3.528286124146116087e-01	6.093992161517178818e-01
8.595239037897448031e-02	8.617293067300750842e-01	-4.468976880824006015e-01	-3.575576089181730088e-01	4.631947295286027999e-01	1.883571959197452295e-01	-5.693437194018512448e-01	1.157271002436459639e+00
1.666179748730852950e+00	1.098567537108537384e-01	-1.323953113409762072e-01	3.641529014111927198e-01	-2.835594476368851202e-01	-8.374146667136586064e-01	3.273229697983873754e-01	2.630141731719615183e-01
9.251620292402599199e-01	-3.069028526000872614e-01	-2.094083470482484832e-01	-1.115427614249895116e+00	7.405852466575817417e-01	-6.581526091636767939e-01	-7.929450910072005643e-01	-2.681501066517026355e-01
1.627547624090006861e+00	1.507212198334255404e-01	2.111647538409271718e-01	-1.250065173953439357e-02	3.099187424645755140e-02	-6.579663636648168668e-01	2.513779882276702682e-01	3.018567723999621144e-01
1.052598747141128221e+00	-6.643578766698596816e-01	-4.215449829175400009e-01	4.486121887176178213e-02	2.862245205888581945e-02	-1.323605979696307056e-01	-2.384593015486458079e-01	-8.987848756550887996e-01
1.509373573927750289e+00	2.828394576003219196e-01	1.932482046932613995e-01	4.454109663799244584e-02	3.535730250134112851e-02	-4.699061663873412842e-01	2.510430997661282082e-01	2.730076520510290594e-01
9.437377962046404889e-01	-2.799464034863721196e-01	-2.772361191846226536e-01	-1.172160148282898717e+00	6.608476207808551273e-01	-7.208543823151651875e-01	-8.161520632244347873e-01	-3.330074139277297007e-01
1.728135051721806814e+00	2.380218956813461573e-01	2.749557377591104190e-01	2.276696638615701707e-01	-9.202927744541944399e-02	-6.587940287584203025e-01	4.612949709255872444e-01	3.863254250846406279e-01
6.804783558037026392e-01	-1.107150787184502105e+00	-1.734766498679336522e-01	1.471598268726717340e-01	1.634330835451623942e+00	-6.243867826986703173e-01	-9.360331871526051950e-01	-1.959329976135695817e-01
2.918156484214134982e-01	5.353541793103919755e-01	-4.567615286829431187e-01	-9.762578408593401980e-01	8.474946598153030308e-01	-6.743822138064992089e-01	-1.007658985206703273e+00	1.253059938853409383e+00
-2.270779018870185961e-01	4.169065276070885728e-01	2.249394549428493095e-01	-1.010472597610596379e+00	-8.054242611883505321e-02	2.624482630626473689e+00	8.562495942086751910e-01	5.852845149772296640e-01
-6.574286947176533058e-02	-4.316386839605860226e-01	-4.047858971162360819e-01	2.742941298046642773e-01	1.744493662312913695e+00	-5.201955313470711939e-01	-1.079572797249187532e+00	1.638324023284068787e+00
1.067369931692785656e-01	7.886767251106194254e-02	-7.682671408334126317e-01	-8.008816059852388314e-01	-1.222544928639738071e+00	1.857031334417292623e+00	1.046910036892599871e+00	1.065237554555390709e+00
1.137721514712471071e+00	-4.669612863906876243e-01	3.613194156753034569e-01	1.771088948415583841e+00	8.270074543034966474e-01	-2.275349451856546051e-02	3.240577398232665773e-01	4.133429641401877297e-01
4.037833250225181803e-01	4.192847608300703799e-01	-4.083265357719042532e-01	-1.066533172776891414e+00	8.817857525148916631e-01	-7.244847469166155740e-01	-1.034053816176365048e+00	9.899784218752714082e-01
4.971550352655231819e-01	3.079875315730891128e-01	-4.273667707012077654e-01	-1.134096252332055244e+00	8.493181038509257652e-01	-8.246088593582285853e-01	-1.057747706965425749e+00	8.508923258319032179e-01
1.266885599095641801e+00	-6.305747045421520314e-01	3.835338207875401695e-01	1.995045552049995896e+00	7.667769716372988542e-01	-2.798496960256871002e-01	4.414316453127777873e-01	7.988665298918469215e-01
7.148335550611133460e-01	9.984024353889162096e-02	-2.576308217622440000e-01	-3.942239122315998046e-01	3.610504035588997795e-01	6.285785724030661104e-02	-4.064709081843884131e-01	-3.296971450438324069e-01
3.581314218616412082e-01	4.206279652754860710e-01	-7.455755279681962611e-01	-5.746017542584056503e-01	-1.223364421999938667e+00	1.771980902208586395e+00	9.041185036987675616e-01	7.830890067679503463e-01
9.553807117268462434e-01	-4.285377066043550287e-01	-2.687147768067635334e-01	-1.287071665927956854e+00	8.245876976383667012e-01	-9.179352815010284328e-01	-9.259961030487466882e-01	-2.080551855860801880e-01
1.482837558452754223e+00	-2.429831203517664184e-01	-8.142434984925592256e-02	-1.083231355933118312e-01	-1.810747257456185311e-01	-3.102515693524374729e-01	1.703681797838506318e-01	-4.767674357788120876e-01
1.234791383932553721e+00	-4.547082734385418656e-01	2.920724406778952842e-01	1.864570783068118853e+00	6.779639740905536449e-01	-1.634313313884181440e-01	3.820121857871593973e-01	4.736316195230310666e-01
8.402095459673003530e-01	1.360858081973590761e-01	-8.124588097916862761e-02	-3.893799889989196239e-01	4.237343970925088188e-01	9.402051786683414403e-02	-3.135257013489795574e-01	-2.981429287497169289e-01
1.266218270008278024e+00	-5.173229102730541040e-01	-8.567056561769814671e-03	2.081799050109546467e+00	4.908355632802335333e-01	-4.762026436242097205e-01	3.137036497180709649e-01	4.353708093057480077e-01
8.876496872315717268e-02	-5.378546072574494907e-01	-3.735322260817617868e-01	2.615232791615821895e-01	1.733476743036638901e+00	-5.468629719230553299e-01	-1.091022750543751307e+00	1.183501518233439409e+00
1.537353179944064507e+00	1.577636160637187202e-01	2.322370046134879240e-01	-1.502196404304164887e-02	-1.738447403171296604e-02	-4.102501788445902520e-01	3.696725251816007640e-01	2.292016299635854792e-01
-8.353281704722716194e-02	-2.477123428280726958e-01	-2.176028570349825553e-01	1.751733761412206380e+00	1.418401878047685916e+00	7.019192081824180418e-01	-4.431664532884586616e-01	8.536409418864102649e-01
1.592208216874005045e+00	2.154623230778765774e-01	5.189430700729510959e-02	1.826619083413005551e-01	-8.813758065561200228e-02	-6.282712177407100418e-01	2.643661918210733486e-01	1.908441247417774767e-01
1.645938827369441748e+00	2.467797059630928158e-01	5.067042375450862002e-01	6.150159988895959051e-02	7.614279640302495933e-02	-3.521977718179694072e-01	4.949513886275361818e-01	3.293319004106246006e-01
-9.614445758219661298e-02	-2.778466269791828869e-01	-4.594697452876628230e-01	-4.223604022841175309e-01	-7.303036418659649698e-01	2.425421363411725206e+00	1.090911165072526723e+00	9.282745293578422707e-01
1.675054957444587211e+00	-3.464241059469513884e-02	2.040988292929995229e-01	2.539713892253161465e-01	-1.609947196015080739e-01	-4.687621007034861731e-01	5.454358279065290027e-01	2.713973827783690562e-01
1.453075658614588761e+00	-3.306381600390222442e-01	3.629513719050464493e-01	1.720002008851746478e+00	4.160183332327949124e-01	-3.364869863746989265e-01	5.740351810106291142e-01	5.804486820297591887e-01
6.732530228110731318e-01	-1.026657793225567383e+00	-1.801988007969450023e-01	1.623521122636062686e-01	1.588436700261375290e+00	-5.972967917687189709e-01	-9.225117856186401122e-01	-1.326256544030492701e-01
1.160370723737199072e-01	-1.797265539594087858e-01	-6.965131106462887356e-01	-1.402645230507533425e+00	-1.221119248699794380e+00	1.591875748953786252e+00	1.073480211590594369e+00	7.395526500723155205e-01
1.112059217023188218e+00	-7.027001504286315425e-01	1.098567572992239505e-01	2.357971538402852563e+00	7.472613765971500843e-01	-2.221046381310540219e-01	3.446009165476356939e-01	4.814153947441387471e-01
-1.075328904243041395e-01	1.661323327775668379e-01	-2.088590728687784448e-01	-6.052412668236102355e-01	-4.813775147406137433e-01	2.498128275466179549e+00	9.294690118258809308e-01	7.323830762055625332e-01
-7.765094794118118648e-02	-4.223116558860742775e-01	-4.221410465705481840e-01	4.410349639522455067e-01	1.722482224044368682e+00	-4.326589092045874385e-01	-1.048199935408451244e+00	1.573630194366885782e+00
8.309110228725181679e-01	-4.072393795957336970e-01	7.940441966699652854e-01	1.093566737715589099e+00	1.277773166842171459e+00	6.972463438271613301e-01	2.478710122264053406e-01	3.576873692277874883e-01
1.012348495719586960e+00	-1.138716614518871406e+00	-4.920039803867450323e-01	1.286983575085791420e+00	9.357559787093550074e-01	-1.094609647798661989e+00	-5.928924295176782877e-01	-3.320476130080080718e-02
4.048364194396331106e-01	3.838361276670213540e-01	-4.386252476690132851e-01	-1.142188359245811968e+00	8.924807646200050293e-01	-8.546529087012123549e-01	-1.085389923045311011e+00	1.095887670667055946e+00
3.121081724565043514e-01	7.171187497761880580e-01	-3.610020471079484206e-01	-4.107504240810773699e-01	4.749019123031218981e-01	8.445916189124136331e-02	-5.890806528104697293e-01	6.178377307758389225e-01
1.103690293732565664e+00	-6.792647112975374046e-01	3.355487195881233786e-01	2.330734006159455696e+00	8.738640399097166167e-01	-3.363223794477224193e-02	4.319468480734809379e-01	5.817735053609940366e-01
1.287587010777210272e+00	1.801947202053071351e-01	8.129819499687780393e-01	-2.619296465594934675e-01	6.484775932405894006e-01	3.340777441566114003e-01	2.937957755892315337e-01	2.138534273395774621e-01
1.624022041003696293e+00	1.788960479001716342e-01	1.814500769949956294e-01	1.147506147681614380e-01	-7.192878631358651242e-02	-5.409985746196851464e-01	3.270002865836596495e-01	4.123579697363072283e-02
1.770204214389441866e+00	1.081680814558667880e-01	3.436044678248689754e-01	-4.321627491228274831e-03	5.178315321388515802e-03	-7.657709957429411629e-01	3.730365853031737400e-01	3.994108328535448393e-01
1.407125236154046055e+00	-3.891789086223312877e-01	4.245284001292712883e-01	1.688998752449310414e+00	5.149156988840635218e-01	-3.019271940555842693e-01	5.621672922728364608e-01	6.573623198157769743e-01
-6.767820634558510684e-02	-3.293208998140659816e-01	-4.030593035074810926e-01	5.733495755791613302e-01	1.636526657211718305e+00	-2.564163047202535628e-01	-9.671829348994760434e-01	1.424858167836381639e+00
-2.745774961407202244e-02	-3.411012592204178406e-01	-3.696520504681123920e-01	4.791664945917618046e-01	1.643381876977916489e+00	-2.645412156304141615e-01	-9.737016778989210364e-01	1.305515530946070646e+00
1.475854236192173152e+00	-3.625580349804184976e-01	6.814288803147131590e-01	1.693576121392107892e+00	5.239110164511212586e-01	-1.155889273121002286e-01	7.610949403509598143e-01	7.060763413524565602e-01
1.470582250785214651e+00	-3.053274809293988756e-01	2.906900705495976123e-01	1.585187043607213964e+00	3.401313148086082538e-01	-4.527320712634064215e-01	5.375836424625669574e-01	5.965810983697149572e-01
1.534865839215301841e+00	2.152829258966285353e-01	1.251383342490883788e-01	8.088613623017423815e-02	-1.717638681010637269e-02	-5.183563339343961740e-01	2.498893743174854243e-01	1.727044655126071526e-01
6.341862337268102667e-01	1.342139861185565886e-01	-3.674384283823999287e-01	-1.137157294744437053e+00	8.188628721390264209e-01	-7.869439362385297621e-01	-9.990634148127358616e-01	5.248375966489180477e-01
1.408958001464010623e+00	-3.899002857418517598e-01	1.532706389943214176e-01	1.815355396778234986e+00	3.674110325344743799e-01	-4.953467209805620941e-01	4.595215204383418239e-01	5.664496233514464407e-01
2.555334708235632024e-02	-3.372815217147577815e-01	-3.683984533658727356e-01	4.191368707833504348e-01	1.596291172433625061e+00	-2.984125278807597259e-01	-9.684451148896747741e-01	1.200068085388047656e+00
-3.459300374464167882e-02	-3.431335366313617019e-01	-3.732226705896136143e-01	7.049986015631036773e-01	1.613987927881994411e+00	-1.478467469062978712e-01	-9.180585414320616700e-01	1.221974613051487246e+00
4.084552506289704787e-01	-7.470985775245817528e-01	-2.483397224876604803e-01	3.032680479490830749e-01	1.707045877164040437e+00	-5.307087577126490263e-01	-1.029842690035841946e+00	3.339407436342788360e-01
1.223410869950563917e+00	1.358247558644697928e-01	-7.505186308969111764e-01	2.919144478163207546e-01	-3.242375253123163659e-01	-8.318201090365806571e-01	-2.700086120025793623e-01	-3.978271326614158387e-01
4.258705048846083141e-01	-5.413084415114047809e-01	-5.277525960160796281e-02	1.449389819274253588e+00	1.329055982093636068e+00	4.217914171676200308e-01	-4.064030677204574782e-01	-2.659278122512992448e-01
3.198933043332725656e-01	4.982670828623242398e-01	-4.991343786941280225e-01	-1.059128177771403001e+00	8.456368375452907316e-01	-8.324764744398350791e-01	-1.065040020900698270e+00	1.353103674443234983e+00
1.896251039776816749e-02	9.485789808890238151e-01	-4.803451577881474033e-01	-3.899672589740288409e-01	4.652226367416472108e-01	1.629289925810505635e-01	-5.993162916212012581e-01	1.272150764690115121e+00
7.128455698777472760e-01	-1.890751675939440490e-01	-1.363171766295984688e-01	-8.079251110478368192e-01	-1.043618672811871040e+00	2.138006360599344902e+00	1.068078206635381777e+00	-8.384208156353493147e-01
1.806555030522798200e+00	2.486162829192906931e-01	4.223347658233849167e-01	3.812132131388222822e-01	-1.420727700603613697e-01	-6.323240027761503068e-01	6.593755992107361852e-01	5.567794766843408016e-01
9.453785216339044561e-02	4.958504950357799368e-01	-5.058928709554255665e-01	-1.329748004229246217e+00	-1.105152622330146883e+00	1.893830036589535526e+00	1.021561398364102535e+00	8.376617682917886221e-01
4.768328401277934780e-01	9.308178276438092147e-02	-1.239781775014840326e+00	8.469746475265086394e-01	-1.240128613194350748e+00	1.887119830785700669e+00	5.628727547182533764e-01	-4.920265565289649867e-01
1.057894426841749613e+00	-4.160709092146587795e-01	-1.838746192751696540e-01	-9.461613395045056496e-01	4.279003016174008356e-01	-4.013055967830882476e-01	-5.881170883669244454e-01	-6.481530798566688123e-01
-1.112445492844051434e-02	-7.167454598354085216e-02	-3.037854370904284340e-01	1.217218519430686374e+00	1.123216772037805899e+00	6.020263153860236915e-01	-4.725615684280209394e-01	8.051674806002869778e-01
1.195664099790521018e+00	-5.924378881862305546e-01	3.798149762987701461e-01	2.023420129340602003e+00	8.175612752108056824e-01	-9.846086974802169267e-02	4.065606176704920083e-01	4.828166192228713349e-01
1.528239049280002704e-01	-3.198701400617309232e-01	-1.065855929817108860e+00	9.251336766188411609e-01	-8.000580728324123703e-01	2.265601717241479740e+00	5.253045064791275198e-01	-6.414660885519550826e-01
1.122348770841609555e+00	-8.649329239537505432e-01	1.592127661872482780e-01	8.251301441793829072e-01	1.192765698580115608e+00	-5.362476665917944585e-01	-3.005977224348164722e-01	1.245245438648409364e-01
5.276054824080919081e-01	3.349218200169463699e-01	-4.304936659909520680e-01	-1.070185444473176650e+00	7.613514893296601249e-01	-7.350746533186603981e-01	-9.970549845976134362e-01	7.402795153569023956e-01
1.224039461474785817e+00	-5.177815869935676468e-02	-2.316322228190267896e-01	-3.047259002897155789e-01	-4.023347813038578857e-02	-3.561074626361065421e-01	-2.400064997347778617e-01	-7.706103313281457146e-01
1.719010419576096682e+00	2.263656449939736304e-01	2.593436505099210310e-01	1.961964916733859865e-01	-9.833651696014474031e-02	-5.982113012109626649e-01	4.338822550401761902e-01	2.266788031004239867e-01
1.300045132189281194e+00	-3.696811200873486025e-01	4.630926181014751730e-01	1.636448534888228501e+00	6.620099535440655547e-01	-9.970129573564884273e-02	4.799387106110035717e-01	5.188484299662006194e-01
3.002913662069236489e-01	-4.678896774976119555e-01	-2.994484828406339116e-01	1.520771019345721342e-01	1.555320680423571078e+00	-4.284055524000549564e-01	-1.007218684284537868e+00	6.167840638813495424e-01
3.889393638262226283e-01	3.584190889324497808e-01	-4.236025370076538787e-01	-1.174049898793981583e+00	9.334974926652817029e-01	-8.760422967469585487e-01	-1.096038313299511957e+00	1.153637601063510765e+00
9.448220323629679118e-01	-9.202478058530138005e-01	-2.751522698735240913e-01	-5.885297829876482423e-01	-2.953860473670362752e-01	7.693678218208002129e-01	9.222266419888350275e-02	-1.334119909184796837e+00
9.651938618395794478e-01	-2.542492007694685530e-01	9.329229417312755457e-01	7.407005285607242140e-01	1.170989939505511446e+00	6.282489553766937851e-01	3.138736104438436536e-01	3.681774382228969467e-01
1.428366684226144656e+00	-4.858980412561233475e-01	-3.041385463918237775e-02	2.013060617157449883e+00	2.451660613874443451e-01	-7.073519009739971386e-01	4.326270123484761143e-01	5.471910469322507353e-01
9.709215870913504576e-01	-6.644720973320886737e-01	-2.671761812981655049e-01	-8.955137130991362993e-01	3.487737079294672138e-01	-2.555575434754708830e-01	-5.057922895801707508e-01	-6.468646363532818411e-01
1.116269010623457625e+00	-4.276399846467184851e-01	2.317992248280772716e-01	1.659813458547668930e+00	7.654035650274646496e-01	-8.965903108100850560e-02	2.307440497497114107e-01	3.222875571272879047e-01
2.451558432279850042e-01	6.219031947202469102e-01	-6.017962449110988432e-01	-1.311888550325500891e+00	-1.141494737856605823e+00	1.595431592729460668e+00	8.481179112083130356e-01	7.410663533244374879e-01
1.771658594273747944e+00	2.064819869669603791e-01	1.904839438276895447e-01	2.639145335078510457e-01	-1.812467455903394864e-01	-7.200605181290749002e-01	4.502463927613630235e-01	2.321878805654753741e-01
3.662963455096527321e-01	1.393126119924431860e-01	-1.188880940319966051e+00	7.588533990502397408e-01	-1.092253389729852753e+00	2.046165236943170207e+00	4.751513395402343631e-01	-8.022272769193887765e-01
5.613365026123359192e-01	2.087062923879377252e-01	-4.581684177289448989e-01	-1.274853348249966434e+00	8.568700235845879698e-01	-1.016790104704421882e+00	-1.127528875101075689e+00	8.655492557638593265e-01
4.415642199109911514e-01	-5.569326661951109481e-01	-4.110980663742873353e-02	1.446441488182749424e+00	1.326129504374305323e+00	4.131838764343327419e-01	-3.999567292826182729e-01	-2.628122517865054686e-01
4.800101484103721505e-01	-7.865361914164531801e-03	-3.996750030305215584e-01	-1.288704910960862593e+00	-5.414858287809193316e-01	1.214058671036516657e+00	3.232306694498399136e-01	-5.761429618368543171e-01
3.777308789402092359e-02	-3.739594352830143964e-01	-4.305473230283958785e-01	-1.944131387116405929e-02	1.590426088127009363e+00	-5.992780626799870669e-01	-1.097456025947258329e+00	1.465075082846654109e+00
3.174846767022859728e-01	-4.888891864065939563e-01	-3.163589928794443007e-01	9.001518861361082480e-02	1.556083945284687742e+00	-4.923015978608719090e-01	-1.029386494050940071e+00	6.265456138274412279e-01
9.966676046419302715e-01	-6.287125466070705437e-01	3.987801267761674762e-01	2.081462374576999785e+00	1.020427996756140043e+00	1.284405214151544405e-01	3.264422927046621292e-01	4.791464551585784548e-01
1.069037776073828772e+00	-8.039677933452825664e-01	2.862803163832333686e-01	2.344286117861477781e+00	9.266262636218270954e-01	-6.706548014769153632e-02	3.757793168123005900e-01	6.124134220190329270e-01
1.449052052551556224e+00	-1.505749905396414512e+00	-6.882201436469569389e-01	-1.372272596291448932e-02	-8.617493596124261579e-01	-2.706297065913146338e-01	3.890545322353796687e-01	-1.183203382184915498e+00
1.305608171063519896e+00	-5.526733496241054144e-01	2.648060256581293848e-01	2.166769765738451703e+00	5.674043756318627452e-01	-3.148351151863497122e-01	5.248097460491650823e-01	6.649456797910779926e-01
1.883918137465762643e-01	-4.636717319271537741e-01	-3.932057787945226757e-01	-2.863512589304441081e-01	1.633709875785496868e+00	-8.497960582506212113e-01	-1.186485687920681098e+00	1.287316725769681813e+00
1.991718456086370714e-01	-4.610608135676641517e-01	-8.314687483832077231e-01	6.590623613502606393e-01	-7.629641524874574143e-01	2.439653366052125794e+00	6.645236305724937509e-01	-8.648312492275799235e-01
8.885185805851320007e-02	-7.175698078711372808e-03	-5.290514009545629337e-01	-1.049393590664090992e+00	-8.094595048643347113e-01	1.878970335045583750e+00	8.046639128693848786e-01	4.173092578909964323e-01
3.084463254914722175e-01	6.094397266232735033e-01	-4.589599525762703691e-01	-3.408029042959290766e-01	3.172540915015042984e-01	1.577192944831803390e-01	-5.175909302139563017e-01	6.783442564600198343e-01
1.738278648929819092e-01	-5.387385807323908926e-01	-3.352253857603464393e-01	3.137266019635650549e-01	1.679231447626021057e+00	-4.504510487687609643e-01	-1.038267656565016850e+00	8.936773324201024993e-01
1.601764051257497545e+00	2.906850703626752130e-01	1.602888136265584185e-01	7.567767792245828906e-02	-8.434514535587821216e-02	-4.731318022790839684e-01	3.244569901240315080e-01	2.192369691635570883e-01
3.799922529913511426e-01	2.496256692864305127e-01	-5.035759784451002696e-01	-1.218661293461638984e+00	9.084074134845048221e-01	-1.022738735072626470e+00	-1.133870694091758224e+00	1.293604512526123074e+00
2.626427544496540145e-01	5.334312435372268180e-01	-4.923554635749274877e-01	-8.992688955833957332e-01	7.813791473925284503e-01	-6.098140441006490997e-01	-9.594498568753695444e-01	1.304095034999178893e+00
6.265629767093536806e-01	-5.924663168182502104e-02	-4.258185723442868831e-01	-1.177495201256591573e+00	8.061756775990341906e-01	-8.313357702918465764e-01	-1.012415661665628352e+00	5.175612397842684897e-01
5.548628875238872937e-02	-4.891993258629115382e-01	-3.437317154877897463e-01	5.174323266065620208e-01	1.685786723734534087e+00	-3.192571455880541809e-01	-9.910574770776553466e-01	1.095357204635549309e+00
4.695682991975995701e-01	3.274062511192797897e-01	-4.292006593241267653e-01	-1.150757654365049065e+00	8.744359285606726484e-01	-8.542307764742753662e-01	-1.075503312154425517e+00	9.389328965389946990e-01
5.697992701118471670e-01	2.421737071138999331e-01	-3.862402498777017246e-01	-1.031443499929725727e+00	7.653985961152557360e-01	-6.681248151083997167e-01	-9.511763025346091638e-01	5.531103008300471968e-01
1.436809747576228702e-02	9.629398285640201616e-01	-5.337120783316487982e-01	-3.559810680342060385e-01	3.804192680000994531e-01	1.756838060027818282e-01	-5.726457205651600546e-01	1.351381512921904449e+00
8.200638100483870208e-01	1.414408481536656714e-01	-2.172425208648911810e-01	-4.335680539562323244e-01	2.833826092136745856e-01	2.702459152793168506e-02	-3.919691880387962679e-01	-4.654671028475542149e-01
1.053520737952920117e+00	2.492901885105058002e-01	4.622200570083874194e-01	-2.885227125710242979e-01	6.268839014997923398e-01	2.683654754557694977e-01	-7.303246507745085776e-03	1.407293721462020142e-01
9.994517629291412852e-01	-2.032964598094027797e-01	-8.382338371734150695e-02	-6.185457194592014485e-01	2.777131356957003860e-01	2.286043165588405590e-02	-3.604041003102702034e-01	-8.841572583168427757e-01
4.110702484777037369e-02	-5.210997862521042634e-02	-9.070753486313306579e-01	1.127594852792388469e+00	-7.455578707357681800e-01	2.695036653146411609e+00	6.354118320307253764e-01	-6.641571621057446029e-01
-2.555309599219630912e-03	-3.305087225843235665e-01	-4.075930396687691415e-01	4.718574141046090187e-01	1.605335970098302312e+00	-3.192930245765120967e-01	-9.962856300244817831e-01	1.263437711593162316e+00
1.758259908088762202e+00	1.612345302451103912e-01	2.224202982201079759e-01	1.478045934192916688e-01	-1.073979185694666355e-01	-8.007367361415417273e-01	4.053723816134728319e-01	4.016661350113562290e-01
2.654466180905135086e-01	1.565402346785445542e-01	-1.135984827932963404e+00	1.102736406437591743e+00	-1.067040298453084013e+00	2.370413682490680074e+00	5.923896056600779225e-01	-7.866993897716438866e-01
4.007228881166236545e-01	8.576663539123451363e-01	-8.651700837589049176e-01	4.671826473072831498e-01	-1.035600197070166040e+00	2.176410854891029700e+00	5.299428840891148296e-01	-5.936715543984846244e-01
1.474390908451899684e-01	3.127973840719991405e-02	-4.270148597395536649e-01	-7.184550129703565213e-01	-7.670406524039127261e-01	2.161394256423248006e+00	8.596825425767670170e-01	2.662244757846087273e-01
6.544426664918158165e-01	-9.972479796449520428e-01	-1.336420705109727380e-01	3.309228347638392687e-01	1.563160638417384396e+00	-4.382761461543336901e-01	-8.266516853733290038e-01	-1.991581278624552365e-01
1.913182097470811915e-01	6.837626822877933552e-01	-4.849555132647284106e-01	-7.232998674981033771e-01	-8.279135051423054392e-01	2.220436294329232396e+00	6.806894020093997577e-01	-2.225422902672810344e-01
-3.227182372255434691e-03	-3.881478907176666993e-01	-3.911282539685886350e-01	2.161345789999208900e-01	1.671907588435154857e+00	-5.129061284685526578e-01	-1.054566436588748823e+00	1.524658151449785226e+00
1.573970275319878764e+00	2.297698707354749181e-01	2.317418069658575275e-01	9.200021485909762320e-02	6.068580469116652276e-03	-4.885829951044571295e-01	3.230214810108329448e-01	2.405902920197142691e-01
1.631367816635716839e+00	-7.712009902389728166e-01	2.492168872121725276e-01	9.893464681909359681e-01	5.432920765756084069e-01	-1.034852232475813594e+00	1.930605493046260446e-01	7.410340740692877848e-01
2.876401796919819120e-01	5.428910173407834883e-01	-4.862875376445541242e-01	-9.929523734385455880e-01	8.299963637175131748e-01	-7.401220874901812685e-01	-1.023747174467308341e+00	1.343357063578548338e+00
9.110214796890205857e-01	-3.438825899220048776e-01	-2.637909326018555434e-01	-9.018142323758703283e-01	-8.193086420000126324e-01	1.421875268514041224e+00	5.858628657285176455e-01	-1.542627556674429412e+00
2.075745536395681989e-01	2.066425563520291886e-01	-5.680556635327697057e-01	-1.490643975197031290e+00	-1.100006576229727084e+00	1.549277218918390986e+00	9.165517972448781192e-01	6.214909288805061660e-01
1.445337986920931517e+00	-3.582530690400741458e-01	2.654549164263741989e-01	1.744578318365836545e+00	3.695482460825888493e-01	-4.334170244360043833e-01	5.339110932201454052e-01	6.075617917670814716e-01
4.931234579427234976e-01	2.663707546272705562e-01	-4.047831589360091908e-01	-1.189695916101757733e+00	9.130212813921743109e-01	-8.419369822027762407e-01	-1.094803338510176527e+00	8.071628553145796525e-01
1.306725909179235368e+00	-4.614615706733168343e-01	2.808729107387372137e-01	1.898667465261350662e+00	5.737786333197787414e-01	-2.917607309463500775e-01	4.607207286407392077e-01	5.651669907494216716e-01
1.528870815597483390e-01	-5.492966847303453193e-01	-3.394606153757213640e-01	2.535610381138948544e-01	1.707395152576743680e+00	-5.033334582959697601e-01	-1.062213559780699201e+00	9.972429425409552461e-01
5.966052183961668698e-01	4.703247632326910954e-02	-4.178037101572429357e-01	-1.339248981360294799e+00	9.200818895514901730e-01	-1.056247879805445322e+00	-1.135319703906687128e+00	7.758441391666344167e-01
-3.848031707415520281e-02	-6.152744201270801128e-01	-6.172665932063323702e-01	-7.411803476543982194e-01	-8.190838709712232601e-01	1.948179199906014292e+00	1.027117020642021927e+00	8.129217647591873153e-01
2.256143872417823715e-01	-1.284433925585115321e-01	-9.798674871995157742e-01	1.006991091313986342e+00	-9.979850062554042056e-01	2.390793649077741279e+00	7.633057927899223882e-01	-2.120541868521524931e-01
-1.324883163747059556e-01	-2.097477346662933728e-01	-4.277189113931579856e-01	5.295361113291325861e-01	1.585968703301207094e+00	-2.364841026755203079e-01	-9.502440495292211464e-01	1.671052929407727206e+00
1.657020101595691353e+00	-9.922902851488751841e-01	-5.787129004070998978e-02	2.708064795184020324e-01	-5.619501310566440422e-01	-1.133434229688864286e-01	8.915204031169328136e-01	-1.653192469769926010e-01
-3.790813496328818144e-02	-3.333945655660992546e-01	-3.859259179851862731e-01	5.821740036194720247e-01	1.632955406375764307e+00	-2.290958236756489297e-01	-9.772354294993601531e-01	1.266644246306338761e+00
4.237752191259464007e-01	-6.686749989020568385e-01	-2.803723995018080339e-01	-1.661480870669052867e-01	1.627069908328577341e+00	-7.312549131807862812e-01	-1.100749608481298658e+00	5.458619107592533881e-01
1.203402990218287311e-01	-5.782618730016348962e-01	-3.129656086842104723e-01	7.904710781742361192e-01	1.709649570789421258e+00	-2.159380742497839789e-01	-9.264818170697994848e-01	8.360669460564933431e-01
2.330163434543353895e-01	-4.176129709848283023e-01	-1.053632852506991124e+00	7.379171945055471582e-01	-7.694681785410150132e-01	2.044917622756129205e+00	4.539076703530700030e-01	-6.704480380581308019e-01
1.600994149071429007e+00	2.146134337189685992e-01	-2.206873078040640923e-01	3.222201992789828773e-01	-2.661052171682459222e-01	-8.412608282341488275e-01	1.699377044849341434e-01	1.262275523652489351e-01
1.156877956422816878e+00	-4.690093509606474420e-01	2.401397212686095795e-01	1.808387495102316445e+00	7.546272006659214826e-01	-1.473354871200650285e-01	2.795543366301114219e-01	3.855891383225618085e-01
1.249831511470976819e+00	-3.605877863832903096e-01	1.799412437791654551e-01	1.636921946410538453e+00	6.123974760802894934e-01	-2.372395786779734062e-01	2.625151885734982593e-01	2.539860970867631740e-01
8.128428139591459267e-01	-7.285103248977052859e-01	-2.104247387033749417e-01	-2.069611757228721205e-01	2.512387543318678196e-01	4.018922545998772078e-01	-1.951421840339172542e-01	-8.333993513604643910e-01
1.727511334367782814e+00	2.444241652699924716e-01	2.452253954540780378e-01	2.385781515090751315e-01	-1.070045731965549168e-01	-6.206069432391856378e-01	4.440003044872917748e-01	2.437225224517521327e-01
4.141026429641398443e-01	7.365486791417719115e-02	-5.829496521814955257e-01	-1.471209245768523077e+00	-1.211274232538914086e+00	1.604116927829560391e+00	8.854000467901258498e-01	-2.822372361159177778e-01
1.687300054888265288e+00	-1.394224676171059052e+00	-1.624695267996904835e-02	2.676202383959971898e-02	-6.507548169196176735e-01	1.398825311420373863e-01	9.387732705458771143e-01	-6.154436007848385071e-01
-5.279893922761974556e-02	1.007916290484738964e+00	-5.218988455879435273e-01	-3.192004161111317018e-01	4.622932387128185217e-01	1.791370443250978606e-01	-5.958685514800975414e-01	1.498420314385336294e+00
1.146792857280420241e+00	-4.155634299211422578e-01	2.603674289752064830e-01	1.615975205645028057e+00	7.644900232778326643e-01	-1.088040393586741650e-01	2.364130104827120438e-01	3.220316007341766373e-01
2.147074179530105154e-01	-7.444624039274408966e-01	-2.862206599655094941e-01	5.180530893404368120e-01	1.786668943554480915e+00	-4.376182531175636381e-01	-1.013486717642909651e+00	7.298636886057928708e-01
1.241304815736402195e-01	-4.140967513312467929e-01	-3.361306136542638878e-01	3.546264103497422382e-01	1.613382468248971691e+00	-3.274728233840026870e-01	-9.874826899496784716e-01	9.106529058750997274e-01
8.799455406012766101e-01	-1.411832174904861237e-01	-2.473429725708701232e-01	-8.378840283898126851e-01	5.423459696466873536e-01	-4.260821428196255867e-01	-6.403223324802670424e-01	-2.954161811855001707e-01
1.590479783175838824e+00	2.194770029284394408e-01	8.992544372315164347e-02	1.654843258743093348e-01	-6.819592099249946471e-02	-6.052223477729140599e-01	2.760652989058651197e-01	2.011660078884792424e-01
6.614937572602300753e-01	-7.059957075810715521e-01	-1.760738941381504163e-01	2.572502861905330285e-01	1.271396012856602198e+00	-2.640370448752034638e-01	-7.385938599255494896e-01	-2.994699395662460684e-01
1.540938893234820029e+00	2.227802749023639894e-01	5.311472364252647904e-02	9.581114087636842525e-02	-5.879554749436478878e-02	-5.635572277000792107e-01	2.235689703066092715e-01	1.466618238273109665e-01
3.374145909302276869e-01	-7.143433523539356456e-01	-2.432180741662118839e-01	4.552985645966574624e-01	1.709997560387741755e+00	-4.197889792055942149e-01	-9.779916306499583101e-01	4.609940323782443783e-01
1.250124399016524279e+00	-4.843361836138364573e-01	3.788726780822656570e-01	1.810320053448248423e+00	7.237377071980409804e-01	-1.198981695641735956e-01	4.043518491254521896e-01	4.023232963870218004e-01
1.510255483949848321e+00	2.185298873241384998e-01	2.610039946881950179e-01	1.524450852346966555e-02	7.512650471873962010e-02	-3.940328273639921441e-01	2.880761504104797366e-01	2.081633289986529189e-01
1.579121632107388651e+00	2.348940506986014476e-01	2.189246836948039732e-01	8.878999471127028975e-02	-6.038974755433230632e-03	-4.863678453351164555e-01	3.195432328953526913e-01	1.883957596130586276e-01
7.211135865304493797e-02	-4.018327374299748289e-01	-3.755318958415024277e-01	3.148795480359085075e-01	1.623732137684770871e+00	-4.046399185415747723e-01	-1.022309003269123995e+00	1.171309545225830195e+00
8.203147691277883347e-01	2.515768780846728836e-01	-1.788097158717412150e-01	1.995942655035671809e-01	-9.343293977621404123e-01	2.425349854457421905e+00	8.260682332775381997e-01	-1.683928936008325161e+00
1.297959910281578644e+00	-4.298897493367236922e-01	1.845239005715052782e-01	1.811522436727164287e+00	5.523983811172823444e-01	-3.271578406765785485e-01	3.551720662590828193e-01	4.253809851229669592e-01
1.206066439192749806e+00	-3.982210127582586634e-01	2.182762918134280861e-01	1.665876498371344105e+00	6.810215292306099899e-01	-1.859402778329358741e-01	2.629367436268274516e-01	3.152748326399330003e-01
1.510773596681444397e+00	1.919089907593296840e-01	-1.256520744796250921e-01	7.632071861098350951e-02	-9.012287386751148544e-02	-7.355175321018306844e-01	5.570467874149377663e-02	7.948159580105418343e-02
1.294767501867260640e+00	-3.209840408019868363e-01	4.277765285300417775e-01	1.511507286067808709e+00	6.585354484691896548e-01	-9.509742480285723887e-02	4.121565454505795589e-01	3.904838497139588860e-01
1.056589592720125204e-02	-3.620573844018178944e-01	-3.858775766304248234e-01	6.449010056523633017e-01	1.587010725081829055e+00	-2.144761386021947491e-01	-9.309253067634809531e-01	1.186497447715344489e+00
1.625240642592252316e+00	7.960894980572377766e-02	2.745647918513677288e-01	-5.953794841519600978e-02	2.852511733914275122e-03	-4.793989617774552792e-01	3.248450859163767301e-01	1.621153399437125497e-01
-5.901730227626909853e-02	-2.414898043805626671e-01	-6.671470317821720508e-01	5.422780830743201275e-01	-3.990845245094655769e-01	2.604539518049665325e+00	5.212024211175224631e-01	-6.100485182184550714e-01
2.535229349635766405e-01	-3.168897450965971752e-01	-4.158485744470336587e-01	-1.339740020023522937e-01	1.439192312171462262e+00	-6.357545704548913656e-01	-1.081339696790517335e+00	1.055269151349176759e+00
1.218802946800159548e+00	-5.959786967650764211e-01	4.673378807644386068e-01	2.166603938759317671e+00	7.776677616344591648e-01	-3.695280962269115871e-02	5.634713109592524027e-01	6.701655126347719760e-01
1.181949822190161647e+00	-6.729742654996245799e-01	5.793275863462100661e-01	2.280341056506745456e+00	9.060843296591607476e-01	1.167624779920557049e-01	5.891035456457148767e-01	6.122953721482262690e-01
4.223448046347899609e-02	-6.488068648681852846e-01	-3.452722735072590865e-01	5.909690578228833369e-01	1.816450937652478892e+00	-4.239855163889869605e-01	-1.030630493106272860e+00	1.158600580098927635e+00
1.586699675463562720e+00	2.250802497837880167e-01	2.399901456784708509e-01	8.913443703553308728e-02	-2.429602958374355026e-03	-4.902979949512649149e-01	3.335358094596924117e-01	2.267124123289946669e-01
5.565305105142422937e-01	-2.560767864544495898e-01	-1.506353548350657934e-01	4.503546875163033647e-01	8.713195837430688373e-01	2.240151395161409376e-01	-4.246488653143157266e-01	-2.770865706900650371e-01
-3.925670509894367277e-01	1.286763614735834671e-01	-3.732456118447181059e-01	1.563898929545870953e+00	1.332406930078487983e+00	7.893272014658379021e-01	-4.802075970434326324e-01	1.779809432541543668e+00
1.077448894156629311e-01	-1.700479596525071024e-01	-9.872485572790096198e-01	1.048667975616695891e+00	-9.368169372614191248e-01	2.574319231301671618e+00	7.706844214562741380e-01	-3.685573553457021645e-01
1.152905475343913189e+00	6.109843230808516268e-02	-6.383841376151677682e-01	1.249646064694359682e-01	-2.078253443867050798e-01	-7.170118216881992135e-01	-2.872951951626868672e-01	-3.466853875488067338e-01
3.382440642586034274e-01	-1.835442742064388386e-02	-1.226256391721939565e+00	9.934180808888585235e-01	-1.062548379072484783e+00	2.083712650289525570e+00	4.833629733588137301e-01	-8.176637926656897815e-01
7.953073175709944875e-01	-4.507140277205241574e-01	1.445245159608686547e-02	2.788875513459075917e-01	7.799266773473289005e-01	2.506766743578557333e-01	-3.622299050666674680e-01	-7.874606943723414521e-01
4.960060957857951314e-01	2.860089121469415741e-01	-3.770128755979466617e-01	-1.084074888629898759e+00	8.569722753118589331e-01	-6.906838209794209371e-01	-1.003027468522646348e+00	7.159739721247557753e-01
1.354303669863938353e+00	-4.643394470915193084e-01	4.706690126335509872e-01	1.480453625472775592e+00	7.098533297076560222e-01	-2.665118503212521306e-01	4.023267148499763413e-01	5.866660091839825952e-01
1.397126396865051801e+00	-3.156909802885863314e-01	6.626246508354916021e-01	1.517709120924515487e+00	5.973093000407829756e-01	-5.469121811485357088e-02	6.722963629541223174e-01	6.694449489953115950e-01
-3.318490216066034559e-01	3.321888930582366228e-01	-4.394775033778818840e-01	1.092536880035609892e+00	1.118136850836177310e+00	6.485668967930390272e-01	-5.305357059453724711e-01	1.744704895256572907e+00
1.584641696531759791e+00	2.382489462471540087e-01	4.297782284456247437e-01	2.559306258459548983e-02	9.397995548495788332e-02	-3.568301326947156960e-01	4.277704341685398814e-01	3.243944905244797172e-01
1.215839159021458116e+00	-5.938645572996448241e-01	2.832232766279609848e-01	1.702971469007904748e+00	7.885728570282543037e-01	-3.099286746889490241e-01	2.720927692994808411e-01	4.390080446885407661e-01
9.710362758496035029e-01	-1.112574755684427208e+00	-3.664154145359683756e-01	-5.147851090665453988e-01	-6.099675310171657205e-01	9.792868381157028290e-01	3.999132538808842785e-01	-1.301296137785859175e+00
3.509776202499894637e-01	4.768211919118948705e-01	-4.558821127522847405e-01	-1.093143214502717120e+00	8.495484024799012657e-01	-7.982101004071645578e-01	-1.050521701575430455e+00	1.201492390109531350e+00
9.129641706513768051e-01	-2.557642358853341458e-01	-2.291920752774856129e-01	-8.022520185004011761e-01	4.445780431687959555e-01	-2.944290304961776350e-01	-5.556399494139072637e-01	-4.696637382514137204e-01
9.488934781973665245e-02	3.842138828477430490e-01	-3.041331576073958987e-01	-1.249923761185278259e+00	-6.564987178091966635e-01	1.884604335778070849e+00	7.581453636722425005e-01	5.166103572610791783e-01
1.786902228467922349e+00	-4.024592373335721951e-01	3.471760333492125428e-01	-1.405674521830464763e-01	-1.944843607482135972e-01	-3.973146386793244833e-01	5.957027294285939245e-01	-8.059357694051832999e-02
1.620704500635617551e+00	2.430577451984536064e-01	1.369843886203088446e-01	1.083237817111283030e-01	-8.344993564131940322e-02	-6.119267069832626804e-01	3.201744419425295862e-01	2.105626624944170744e-01
3.209265860767053224e-01	2.651515015891597882e-01	-9.339343241481536939e-01	9.201039780829267656e-01	-9.607710712353715321e-01	2.354956288963657940e+00	6.362953319722401968e-01	-5.223482814440039146e-01
1.309834141897237458e+00	-4.893712006197217246e-01	2.513890658589117422e-01	2.012295632593983363e+00	5.718093457114530320e-01	-2.965911383882766095e-01	4.584602812628738588e-01	5.336819232177382188e-01
9.121289466034543381e-02	3.356311624640664348e-01	-4.038002399597934722e-01	-5.989676529253146198e-01	-8.716654647989235949e-01	2.335112644569869556e+00	1.010883927121294601e+00	6.839638079077487998e-01
-5.201317279747511707e-02	1.129690370827116097e-02	-2.607605228571005518e-01	-3.769604416184180185e-01	-4.905502862229956240e-01	2.399246488988759474e+00	9.151826707345632750e-01	8.477512653220342642e-01
1.096533827644081027e+00	-4.883664361709667001e-01	3.030648682399523786e-01	1.769568451991992308e+00	8.567228318687477584e-01	-3.805106350752865407e-02	2.609293815117281756e-01	3.514484326498301670e-01
5.714145420007097353e-01	1.601691014634187005e-01	-4.182010650126427587e-01	-1.228856898671494724e+00	8.699522376677055746e-01	-9.104124526724166611e-01	-1.085284891555686526e+00	7.290887515694132182e-01
1.162776545976509368e+00	-7.182733182920825188e-02	2.076983492979269930e-01	-5.475442326297520479e-01	3.373694907794647646e-01	1.239099480879995718e-01	-1.983220571427464773e-01	-8.220946777389848137e-01
9.859624471192091066e-02	-1.199153233210225877e-01	-4.406500068613658505e-01	-8.074807749219344022e-02	1.407019853738812110e+00	-4.837170474777115481e-01	-1.053040519068216163e+00	1.268406477464861792e+00
4.626473403763864400e-02	9.592139984073267955e-01	-4.870279914408224275e-01	-3.717003819469126280e-01	4.171803339093541618e-01	1.954054085617047409e-01	-5.766682818597855809e-01	1.238281737011501571e+00
1.362648423080704552e-01	1.828017554872817807e-01	-9.039188047646301571e-01	6.083823211462461300e-01	-7.115439592465711005e-01	2.376594408766455224e+00	4.207900714113452789e-01	-8.396112381636331445e-01
1.109102574542419894e+00	9.590138736724684865e-02	-6.571797990527560307e-01	1.421532704081051035e-01	-1.900251321693322837e-01	-6.717495266260327114e-01	-3.009427992884587955e-01	-3.255775363370084219e-01
2.817633579804421640e-01	-1.173562757886274233e-01	-1.101278026432827239e+00	1.013327912961275334e+00	-1.120480038849118509e+00	2.281538824544833144e+00	7.517023456397032843e-01	-2.535972917205033816e-01
1.221414634196653637e+00	-4.073607886802247946e-01	3.198318657364266349e-01	1.625499633223812745e+00	6.908898808345679265e-01	-9.416094756689570577e-02	3.466027823750239545e-01	3.633483344255631353e-01
9.749660643989376263e-01	-8.214935782237863249e-01	-2.451569215874913610e-01	-7.813869806626544401e-01	1.412041343508785296e-01	7.048413415726872966e-02	-3.063537291749240943e-01	-9.187085549689812947e-01
7.506227315011626544e-02	-4.320031702493888626e-02	-3.849769403027165637e-01	-1.145243507003820271e+00	-6.495908109587821277e-01	1.839785630510644365e+00	7.841410224097106196e-01	5.044632340657444480e-01
2.804323872213168589e-02	-1.981734160201085171e-01	-4.828438125382266688e-01	-1.020098717505853125e+00	-7.705973708702422709e-01	1.930454460656242821e+00	9.081648838004485746e-01	6.343165202627245591e-01
5.224115136619550404e-01	2.668477091638138399e-01	-4.476854150303171131e-01	-1.029341340008342209e+00	7.175302724976575508e-01	-6.749407542717582587e-01	-9.629323081115240823e-01	7.080469899075334528e-01
1.237863743087660229e+00	-3.323125958563612897e-02	-7.203814412153135560e-01	-5.121717107419043735e-01	3.281813604374718418e-04	-1.749671344748615187e+00	-7.249595147038915277e-01	6.817860502451406068e-01
9.835627773530133400e-01	4.306462058553309769e-01	-6.232407788478470101e-01	-9.516449041104776407e-01	-1.506993104217348334e+00	1.569250841302402444e+00	7.653084964896575970e-01	-1.681075124189918668e+00
3.035092500145060157e-01	-1.456172176913279603e-01	-1.283755306000006646e+00	1.043787884174123937e+00	-1.214177328275656054e+00	2.193264040078777288e+00	6.659339636033225762e-01	-6.004790306825366075e-01
1.291563585475753229e+00	-4.237584066420826967e-01	1.461783923511201788e-01	1.826181709008023901e+00	5.415142035905304851e-01	-3.461908396914071262e-01	3.356949431673064144e-01	4.018312377809467040e-01
-1.561042778024582800e-01	-1.690377182145529067e-01	-2.595433174997553438e-01	-4.194909922140143133e-01	-5.371451065144338122e-01	2.639270742514415513e+00	1.079449294160225836e+00	8.231344257564702227e-01
1.528513625761059869e+00	-4.688839254489083896e-01	7.948205963496360327e-02	7.921714597777427258e-01	1.263311162678112942e-01	-3.416762654710751579e-01	3.166468042675255612e-01	-1.165262422144877907e-01
5.273455791824120942e-01	1.659504738427667048e-01	-4.267847887234664239e-01	-1.368101989533589302e+00	9.192886093530971969e-01	-1.077732298567196878e+00	-1.143580694149622046e+00	9.744384193547029893e-01
1.710953168652467493e+00	2.890526259043544322e-01	-4.933993109204865696e-02	2.913505788012195619e-01	-2.582043374969039684e-01	-7.808401927121639829e-01	3.141690988296844678e-01	1.987509594781727562e-01
1.685412851061568240e+00	2.185453927110868333e-01	8.456852731197284090e-03	2.510797465472042744e-01	-1.836247751495702629e-01	-8.077240244664125601e-01	3.233052541040511429e-01	2.630729804829556873e-01
1.705918123458083357e+00	2.506815703571065868e-01	-1.197086859702565786e-01	3.756646445860603589e-01	-3.012962986068640769e-01	-8.949436059621855843e-01	3.172458533767784084e-01	2.759988656536958018e-01
7.392529240690955961e-01	1.293054419544366618e-01	-2.353763776197127233e-01	-4.059966967280203565e-01	3.681933121640258433e-01	4.626683246417839096e-02	-4.140836116797069200e-01	-3.772468588483275931e-01
1.918419649231223323e-02	2.000694006158348914e-02	-4.853535939962502210e-01	-7.604174962996622655e-01	-8.096188191357395203e-01	2.127505643577051408e+00	9.431682741565939887e-01	8.005248140677756474e-01
4.872205947002026249e-01	2.304368205424150717e-01	-4.392006922654984602e-01	-1.073635174285973992e+00	7.818365015883420588e-01	-6.977825916960047614e-01	-9.869551054404477330e-01	7.511271702580418763e-01
4.779204617405319322e-02	6.594717841829592642e-01	-5.568011804786412444e-01	-9.662379788537064362e-01	8.634075201822927204e-01	-8.323754989440996788e-01	-1.030819137018604836e+00	2.064667464049954049e+00
3.936513777618783072e-02	-5.141796220572375509e-01	-3.336624338454475258e-01	7.263279369445303502e-01	1.701939214367229170e+00	-2.128661214953554148e-01	-9.371626648441114815e-01	1.020850272648428092e+00
-8.211201893422747679e-04	-4.845865032118379934e-01	-3.518775755432370644e-01	6.309550159536406744e-01	1.722906534390261202e+00	-2.745592730557366856e-01	-9.761027348356707822e-01	1.164832763891075373e+00
9.008679277838832489e-01	1.226353864777620373e-01	-4.440291028920663741e-01	-1.910778970013071454e-01	9.132288547989238225e-02	-2.880096784458273662e-01	-3.835209841552346677e-01	-3.453103027502709144e-01
-2.619886037702577955e-02	4.043166046863544416e-01	-1.660560519427093096e-01	-1.045366806836414586e+00	-4.282257890691920643e-01	2.174614480432929930e+00	7.416421391440800592e-01	4.875892805368654548e-01
8.457496839117012444e-01	2.544032238021231018e-01	-6.148331194757996609e-01	7.443000456061633907e-02	-1.243162101892743898e+00	2.024240914430757599e+00	7.648785513439688710e-01	-1.131857516484655823e+00
1.802259662258091644e-01	5.966233200303859840e-01	-5.257687684803157291e-01	-9.907132395439358641e-01	8.627906619522813791e-01	-7.938421167513678434e-01	-1.051119552143399138e+00	1.635383433960756250e+00
1.579652422559373104e+00	2.181575495734692505e-01	9.793658653437242734e-02	1.646774850428422143e-01	-5.674475249370004165e-02	-5.896789594968584458e-01	2.739490146665135017e-01	2.027214223424332606e-01
4.245559252877417755e-02	-7.055944135253010285e-02	-1.039620917423658364e+00	1.887323093913642891e-01	-1.108018547606616666e+00	2.541878308269286624e+00	8.235376677715839921e-01	-5.788924555300685171e-01
6.336864450633905577e-02	5.895842688382140206e-01	-3.902231404032698858e-01	-1.213249267582479307e+00	-8.776400208785888335e-01	1.985764042200333090e+00	9.019262225010946654e-01	7.820514004940837260e-01
-3.130271737842292481e-03	-3.546327408404479908e-01	-3.534472993886139669e-01	5.422052607028848836e-01	1.631721801410520589e+00	-2.127918822028319057e-01	-9.483975219220355246e-01	1.178163766326953743e+00
9.870368543861683941e-01	-3.921774197492768343e-01	-2.774958576736856752e-01	-1.241536721074084415e+00	7.516377095548306686e-01	-8.830138743654645239e-01	-9.016958695847030469e-01	-2.651846582996849055e-01
-8.201994241235617197e-03	-4.185793686305632200e-01	-3.952938689295332764e-01	3.632364288787298112e-01	1.680566633362941431e+00	-4.315502128942648175e-01	-1.038120423806637271e+00	1.387531701349937752e+00
6.074221378279057171e-02	-1.772319349947966693e-01	-2.102718019620426482e-01	1.365305182778125292e+00	1.267294643427345768e+00	5.653536567351012954e-01	-4.721425708316304148e-01	5.853090451205087419e-01
9.438169909348773645e-01	-7.151760799868900342e-01	-5.877606621567150746e-01	1.978707510681982251e+00	5.259025690487469928e-01	-7.111997523761328655e-01	-2.891842751152065571e-01	-1.147640610487083851e-01
4.432881182066127912e-01	3.034740262148462042e-01	-4.022675086242609721e-01	-1.205964802818863646e+00	9.357717973842453185e-01	-8.852502599767679836e-01	-1.100180871277513406e+00	1.013611889192898019e+00
8.172842729514592786e-02	2.853825173439609175e-01	-3.960258245786023590e-01	-1.084567657210179503e-01	-8.823713007440994183e-01	2.478380041946092849e+00	1.130865202916550016e+00	1.054560092432443419e+00
6.207555921213635530e-01	-1.030977526679708323e+00	-1.182695632153843018e-01	4.902420695239483872e-01	1.620040754746267186e+00	-3.831882153709625372e-01	-8.153493094576856892e-01	-1.898049921942715212e-01
7.821360514606685577e-01	-6.873917846453280189e-01	-5.033090746844885999e-01	2.200077105437470593e+00	6.993261541487001409e-01	-3.992834813102610347e-01	-2.657598992787396086e-01	-1.403883052233676765e-01
9.133345749519051759e-01	-9.557096153593954702e-01	3.252134030628903716e-01	-6.213203322916623084e-02	1.645851850420876339e+00	-5.135087761497191261e-01	-5.999135186109240125e-01	1.630600827381802620e-01
1.596241709796152985e+00	2.294825687390396329e-01	2.284949957718895863e-02	2.292723769655370947e-01	-1.100487515699688779e-01	-6.641782876529819246e-01	2.706638444706183089e-01	1.722361537804960041e-01
7.217756380231294955e-01	1.397145871461497879e-01	-2.295147070863263195e-01	-4.009569723445380318e-01	3.862524724180645963e-01	6.164224505451534886e-02	-4.129560630120583387e-01	-3.429932106628185706e-01
1.356770913183083627e+00	-2.985755158838834245e-01	3.614639745734059550e-01	1.540952389003136469e+00	5.294769199124390591e-01	-2.382231221257647413e-01	4.498812089062547148e-01	5.181469222869485858e-01
3.589271220927730544e-01	4.252098796791172752e-01	-4.553021532240035807e-01	-1.109199728123994033e+00	8.845823845907814231e-01	-8.354513971345685075e-01	-1.070029626805420575e+00	1.211959467587451655e+00
4.113202923094777530e-03	-3.954604907960603266e-01	-3.943783098809643395e-01	2.729646286315829951e-01	1.667093222318785539e+00	-4.732286446208937569e-01	-1.050382731582725881e+00	1.430169970789619605e+00
1.695386650116776250e+00	2.508833284667156827e-01	2.515020126017709634e-01	2.167299245598041935e-01	-7.729248988095580031e-02	-6.196182413052927496e-01	4.298451862610144225e-01	3.372956912167483501e-01
-1.299903604687406011e-01	-4.692348832208996234e-01	-4.053811831821592104e-01	7.673611612021707939e-01	1.764016849633128770e+00	-2.933791910053432095e-01	-9.741486514052343226e-01	1.618367745423342718e+00
4.333975312857776818e-02	-1.150301711257496196e-01	-6.072439702484366819e-01	-7.590457500506455624e-01	-9.187235489799281396e-01	2.026421693405956681e+00	9.646255134532025766e-01	7.649688858681313874e-01
1.267988732111250960e-01	7.320101047020244334e-02	-9.726597574958666392e-01	7.025556004329736037e-01	-7.769221670795101176e-01	2.425426558207758099e+00	4.633344263011054398e-01	-1.009756310807644830e+00
8.902635951825726979e-01	-6.985618557528997519e-01	-1.283559667117544767e-01	-2.824021852423775347e-01	5.120230561215243226e-01	8.595612414172326687e-02	-3.624094066375799783e-01	-7.902036458038278477e-01
1.245667851121434744e+00	-4.805451740370948466e-01	2.317563406820115912e-01	1.939736052704774005e+00	6.369372496961848151e-01	-2.522324686007670347e-01	3.815538545806052007e-01	5.081931903548961849e-01
1.254373062156682206e+00	-4.980119440763234873e-01	4.177408163596464385e-01	2.014390939177585604e+00	7.185636111752637945e-01	-7.541514903302493078e-02	4.991026922174607305e-01	5.081450956990347656e-01
2.034451591423304340e+00	-1.279764930121249256e+00	3.177865258374721336e-01	2.800486424511461347e-01	-6.182953480596978801e-01	-2.056319548875246705e-01	1.116843348274792369e+00	-4.315887958829598414e-01
4.131885232703513822e-01	3.032047366222260232e-01	-4.769748568901179819e-01	-1.236731047147390905e+00	9.112584989669846314e-01	-1.053208476003501870e+00	-1.135972833531798232e+00	1.284042249517090006e+00
4.817914153495256313e-01	2.303937581747647900e-01	-4.416549380984574058e-01	-1.158965622739142276e+00	8.454922644861884162e-01	-8.395569770743377402e-01	-1.060349679613838081e+00	8.867662120846248053e-01
-3.870475827825946985e-02	-4.533751417070212841e-02	-7.341809679673995115e-01	7.169763355075035038e-01	-6.036067275720071734e-01	2.721353826608857496e+00	6.477447709700471234e-01	-4.124760855357170186e-01
7.947949776232974273e-01	-1.277921352902322560e+00	-2.156817487904697794e-01	-4.134361324854599617e-01	-4.623842466607017698e-01	1.368903088225260412e+00	5.811465400080054744e-01	-1.172330828076866949e+00
6.985669533072235149e-01	-3.984511468291138114e-01	4.742247618750587979e-01	1.124613699863635130e+00	1.298534745622868858e+00	5.463559883216427826e-01	-6.447587532214391071e-02	6.466329647978180661e-02
1.209738110844496450e+00	-4.848021532610740647e-01	4.161596226856030256e-01	1.905115392405001717e+00	7.657654805531607378e-01	-6.037925989521596842e-02	4.462637063715978458e-01	5.512303744229911651e-01
7.999353086650076161e-01	-2.342548237374384168e-01	-3.750175195465072497e-01	5.035415454159396509e-01	5.065544857128886358e-01	-2.392918603150730184e-01	-4.056873952902683711e-01	-2.818140533283459703e-01
1.746780032225185408e+00	-9.460031087188678408e-04	-5.752398636900052376e-02	2.524635848645229511e-03	-1.189663561383947771e-01	-1.092050420265117561e+00	1.183629937284313705e-01	2.295235703317783649e-01
1.838582676885193834e+00	2.131663254167112942e-01	1.271309153007860460e-01	3.514510355856824697e-01	-2.759436632211868523e-01	-8.655139930226114497e-01	4.991354474927872653e-01	3.568335702409164978e-01
7.478366188925222868e-01	-3.248736018663800351e-01	-6.293186500169020703e-02	-7.630408237609515032e-01	-1.020585956326088839e+00	2.263549254801202615e+00	1.088206182925826271e+00	-1.471445360053329710e+00
6.463991968152885681e-01	-5.586311382746025900e-02	-3.989180305301066043e-01	-1.378877379140523329e+00	9.400539356026837989e-01	-1.088901594067734235e+00	-1.138886263458835924e+00	6.529755968076904615e-01
1.422938124803464710e+00	-5.553599335348998745e-01	3.683653452000076323e-01	2.015469631452258437e+00	5.134111028531157528e-01	-3.390137383415132155e-01	5.790612744494046948e-01	5.131056287381422498e-01
5.459456163051449318e-01	1.607765671856498102e-01	-2.198964513746845262e-01	-1.275405430274625829e+00	-7.756146579280056574e-01	1.700802589234274853e+00	6.799104818645101966e-01	-5.156931304255079063e-01
1.332272410553063446e+00	-2.946073451360590179e-01	3.682995598438222329e-01	1.477199348457542971e+00	5.690375424918019398e-01	-1.965441641498447412e-01	4.127315001842438158e-01	4.557962120763992542e-01
9.613762152647716830e-01	-1.666074911887462096e-01	-1.167878580127885285e-01	-5.695153173895545207e-01	2.057458130992344536e-01	1.162781295481775390e-01	-3.145412678109084648e-01	-8.932365709728600223e-01
3.170434215144486978e-01	6.066424586288554632e-01	-4.290970601588175448e-01	-8.605753125316533136e-01	6.782283506854083210e-01	-4.294736731133794172e-01	-8.557914773708412692e-01	9.656221104832850566e-01
7.156823760348751673e-01	-4.162032550169329076e-02	-2.762992741867167368e-01	-3.957347229749841322e-01	2.998813137591102018e-01	1.441610197131796556e-01	-3.618065499596014312e-01	-4.030904495107136554e-01
3.598797797422396139e-01	5.361446434713419418e-01	-7.581319596581093112e-01	-7.112785292525873881e-01	-1.365719983797074599e+00	1.775083081829692100e+00	1.006309966459122851e+00	8.538558682469891137e-01
2.843214935049806491e-02	-3.644839111044014812e-01	-3.732007001708462224e-01	4.248087218192703185e-01	1.640831637442456747e+00	-3.129263293532535406e-01	-1.003346694284088514e+00	1.157335518017958531e+00
-5.073207377243290489e-02	-7.977815888270382849e-02	-2.631539696682115848e-01	1.303911880229611020e+00	1.236964991778982670e+00	6.268444368092292995e-01	-4.857598361401689879e-01	8.489720675228743518e-01
1.165764668361288336e+00	1.020082215455612451e-01	-6.689948953878153137e-01	1.803900002485394893e-01	-2.280541257408457145e-01	-7.759337844343431323e-01	-2.860068161440960655e-01	-2.789299607464417741e-01
1.160486021363094089e+00	-1.349253327593282537e+00	-1.782119190287635158e-01	-6.177757748950435390e-01	-5.237157274070280977e-01	8.194612771626096359e-01	3.730189585177469125e-01	-1.658335662756471374e+00
5.795119474678378513e-02	-4.832138617803623526e-01	-3.774511638430722016e-01	2.752195153381280512e-01	1.710733837966088133e+00	-5.047314540416021345e-01	-1.082959490092124222e+00	1.231766211435784797e+00
1.052169635841302631e+00	-1.080572895865224092e+00	-2.065654778579722184e-01	-7.327974947291044927e-01	-2.963954094897167102e-01	6.422183095466823533e-01	9.426758011701409645e-02	-1.518734420478717428e+00
5.105270484625814564e-01	3.967988160242736928e-01	-4.565364651277454833e-01	-1.071160628238112533e+00	7.609625696137310991e-01	-7.842240184161889394e-01	-1.025754636695263899e+00	8.505541988900142680e-01
1.058835951261058339e+00	-1.151245435150135998e+00	-2.596346328570409145e-01	-6.127255492105723178e-01	-2.654928314575386028e-01	5.148974868764488733e-01	4.323002616624344041e-02	-1.337565034106822370e+00
9.743252867332563572e-02	-2.590922334400538318e-01	-1.695474520375262195e-01	1.495357887801679997e+00	1.329347564086488021e+00	5.701838082966655952e-01	-4.609348368367096604e-01	4.631979590785225698e-01
1.013905224831219920e+00	-1.400678853586028727e-01	1.075397481786926623e-01	-3.979377711431768549e-01	3.343174823559584841e-01	2.908843391921221988e-01	-8.769032749803634674e-02	-3.992537445129124007e-01
1.102838149413322588e+00	-1.136284142552494020e-01	-2.686601751421511253e-01	-3.719987980745283473e-01	3.514997593799910891e-04	-2.539656852310998025e-01	-2.952298044047366732e-01	-7.899010100203408546e-01
1.440560145977734186e+00	-2.692109616912145564e-01	-1.057774132587278697e-02	1.561544673501302549e+00	2.158387658552771149e-01	-6.034976935522928798e-01	3.461547942945147893e-01	4.192121559924896212e-01
1.864828030623285615e-01	-2.887576595993851525e-01	-3.575757260725536124e-01	7.989490132847701376e-02	1.482002378264782205e+00	-3.978670491050037006e-01	-1.009595567988899711e+00	9.246346249855789123e-01
6.021915256679492012e-01	1.305422398911403603e-01	-5.494028714277990888e-01	-5.779502845037193248e-01	-1.131469794884043756e+00	2.156028057334100190e+00	7.670697936452572918e-01	-1.530965282426303586e+00
4.932895031432811273e-01	3.278446744552653280e-01	-4.158674099703735250e-01	-1.147288973475487195e+00	8.520716303259215918e-01	-8.216308957683837733e-01	-1.051507536964573664e+00	8.806835542457837063e-01
4.514910066424732138e-02	-6.044517888429997710e-01	-2.861399344096861030e-01	5.807805925703434236e-01	1.823768083819124808e+00	-3.220749893122018537e-01	-9.932757984727763612e-01	1.105717112598491259e+00
5.012598061555871842e-01	-5.973484767885529623e-01	-1.579161879815027814e-01	1.635824482605049646e+00	1.194683365780394801e+00	2.242010968184156572e-01	-3.746024249427351571e-01	-2.322234715873204014e-01
4.037923200756821096e-01	5.240918099676830089e-01	-9.876428408668657122e-01	-2.908096165668369038e-01	-1.617493083870700454e+00	1.874721197468113276e+00	1.091825098465571298e+00	7.772991807188752711e-01
2.380183713840617610e-01	2.468439699331538562e-01	-5.546843031015212810e-01	-1.178809408771331446e+00	-9.147803839752470800e-01	1.603733627241405113e+00	7.446273070444292541e-01	5.186839503736950796e-01
1.687665982312959168e-01	1.972055575135317484e-02	-6.976059140360599820e-01	-1.172539561508154637e+00	-1.122057401382473341e+00	1.623362037823070425e+00	9.171239491207819894e-01	7.498787197912455404e-01
1.693326594870050217e+00	2.720183356880080394e-01	3.182686676747189525e-01	2.259732272542978315e-01	-5.846338122698252482e-02	-5.446775023673182670e-01	4.650262233413773316e-01	3.604328974815695918e-01
2.106196258432203039e-01	-2.311051286671078897e-01	-3.785396881349649134e-01	-2.921161720717413424e-01	1.459933370223652771e+00	-6.241713615154941275e-01	-1.099641156267956887e+00	1.108479705416525185e+00
9.016237869985918030e-01	-1.196801952920256484e+00	-3.133763596636936488e-01	-5.844325091229827240e-01	-1.843323113497533083e-01	6.019977034054683207e-01	2.666327721368844106e-02	-1.183420983267568172e+00
7.230601604261063242e-01	-1.597882048749393880e-01	-2.899372434249606334e-01	-4.007947463198231475e-01	2.382924670550050639e-01	2.077652295820105188e-01	-3.160285881510724870e-01	-4.541763260195742502e-01
5.340420221102518683e-01	1.600852343867424366e-01	-4.261174096471286310e-01	-1.291316876502742295e+00	9.186760772319090274e-01	-1.008058737817109529e+00	-1.130113792615427215e+00	8.924214064080021602e-01
6.580490376551687004e-02	-5.586788831177862402e-01	-3.478824458682097109e-01	5.301754020554392266e-01	1.736393665219501559e+00	-3.801651633415069065e-01	-1.009812524766978248e+00	1.103579011173051683e+00
6.486194191730974001e-01	-1.977530625000425146e-01	-3.731999853074436380e-01	-3.752326968693516784e-01	1.958780808009843999e-01	2.595217640375318546e-01	-3.024649601098196583e-01	-3.689285519756712595e-01
-1.348223569704525525e-02	-5.741719441529895551e-01	-4.029564388226734573e-01	4.411935877879814005e-01	1.769016277975128837e+00	-4.773499016470664214e-01	-1.066159828450356173e+00	1.356867958216807502e+00
5.917610443393055419e-01	3.747233724566134683e-02	-4.103564493676754577e-01	-1.406182265874684312e+00	9.291792148376277760e-01	-1.097966978915168257e+00	-1.144411645746210793e+00	8.171939396975018699e-01
9.976002741112258154e-02	-4.888986251515476944e-01	-2.925374263754937920e-01	5.961785744604463089e-01	1.683496887908604522e+00	-2.027492318242393732e-01	-9.350455206781910222e-01	8.643296944384624148e-01
1.267770165138743410e+00	-4.761305365589150185e-01	1.462637952271219899e-01	1.960799583581679606e+00	5.736931101343851758e-01	-3.033752763822674114e-01	3.554776771491002241e-01	4.057898796211406589e-01
1.700681906152472278e+00	2.575384891142293853e-01	4.088540743636984720e-01	1.735519850549016307e-01	-1.973068828278082276e-02	-5.003855711630088576e-01	5.034112336505961460e-01	3.800395634870257777e-01
7.371582036404551452e-01	1.440191590180643355e-01	-2.351534660461413184e-01	-4.064362039813609329e-01	3.670933152248156417e-01	4.213202682856056341e-02	-4.160960371469875629e-01	-3.538195904435316175e-01
1.039734380787777357e-01	-3.512286060231946117e-01	-3.952839393238544718e-01	3.205275739195583007e-02	1.582546716644974039e+00	-5.440313176007626206e-01	-1.076889928190703172e+00	1.243633316362970032e+00
1.021390930990162815e-01	4.298414898642748394e-01	-7.755753491036702085e-01	3.248799663068401844e-01	-8.207491368600792203e-01	2.558363741585874873e+00	6.166439093739959354e-01	-5.785752941885721201e-01
1.473322349497268591e-01	-6.724980146900665368e-01	-2.958220662904418874e-01	5.033307435328976398e-01	1.798668362308936786e+00	-4.052674331676269226e-01	-1.022636880987006780e+00	8.569195519892255364e-01
1.675415339055613240e+00	2.390855524179752167e-01	3.287446078278911665e-01	1.808320979230930714e-01	-3.798960648671875773e-02	-5.246311355945152410e-01	4.629797213275516077e-01	3.736147030167651928e-01
-3.667964338723041923e-02	-8.167078994361096633e-01	-3.252541242683476552e-01	9.906429953364355168e-01	1.947577560668363184e+00	-3.347144017506819558e-01	-9.757666228354077154e-01	1.260565956333240312e+00
-1.904703182632282443e-01	-1.067829648479269172e-01	-2.930460739832722039e-01	1.604876528763255594e+00	1.359350510525305422e+00	7.284381932392351988e-01	-4.722672093135045213e-01	1.158299202696162933e+00
5.075143573512500006e-02	-1.384422332811033052e-01	-3.706454731306405570e-01	-1.064210554166132860e+00	-6.418911016152194504e-01	1.980978486441223207e+00	8.321457702215291352e-01	3.710358629373825545e-01
9.137125156437558848e-01	-1.773791362036818697e-01	-1.439612086352332065e-01	-5.004837715854878466e-01	1.938747357242201486e-01	1.937563955954072215e-01	-2.894178560822827651e-01	-8.134621467530109840e-01
1.279746841013769676e-01	3.962459261121341614e-01	-8.150209015049199035e-01	9.589921410077555386e-01	-8.318971386685674041e-01	2.672349365934978405e+00	6.548417645976697399e-01	-5.316458845825943191e-01
7.999307425198777244e-01	-1.013872516229933629e-01	-3.261818601379597449e-01	-1.130170430541338034e+00	7.824302419652332530e-01	-8.144753901710739541e-01	-9.432931080477240382e-01	1.260044308746011976e-01
9.297784463532128285e-01	-3.211412549528585014e-01	-2.656441021503145317e-01	-1.091825385335987830e+00	7.178207769465342336e-01	-7.254221173526715916e-01	-8.205286887444049881e-01	-2.438407399944060583e-01
2.834973297926894342e-01	-6.480885999463830149e-01	-2.998494558121380660e-01	1.155472411170719305e-01	1.705052793249333787e+00	-5.954262873578031190e-01	-1.076928494230993794e+00	7.295810415908208224e-01
4.532888839857363017e-03	-3.893975315633516066e-01	-3.886973714643401911e-01	6.264088127645126569e-01	1.618059041228218975e+00	-2.509622729212013792e-01	-9.508817754297820279e-01	1.223001766975692739e+00
5.845225289689283121e-01	3.177259397285315812e-01	-4.561706513418442577e-01	-1.084384478635103122e+00	7.147298133582583590e-01	-7.904075718349382607e-01	-1.005755159880768801e+00	7.172373205174669142e-01
2.934675319371046198e-01	-5.325076383377022049e-01	-3.411580095670527779e-01	3.373459458040188597e-02	1.599763166244928758e+00	-6.015064259038621630e-01	-1.075054905097487135e+00	8.016063693099588772e-01
1.717304008043633479e+00	2.686553723425303408e-01	1.067142806248368159e-01	2.073806955418569242e-01	-1.808736130410074916e-01	-7.529228526589131221e-01	3.937722510617258642e-01	3.106625922821840691e-01
7.947865931593660616e-01	8.441689289380674421e-02	-1.091217769000999149e-01	-1.244069133989997633e+00	-1.056485687088861480e+00	1.925932023023131823e+00	8.872354934085175948e-01	-1.869277226169979267e+00
7.955323459007667131e-01	-1.762981201048936519e-01	3.570977846622811480e-01	4.362651600293437348e-01	9.581094399290535080e-01	4.093224295061557716e-01	-9.328074296818121558e-02	-9.611307170780344217e-03
1.331109239846807735e-01	5.908551406689943608e-03	-6.303659682549495047e-01	-5.557135606583257781e-01	-9.748694456003708098e-01	2.048054055593689249e+00	9.585679561196112086e-01	7.919008327899144106e-01
7.239700704707640044e-01	1.432276167601735928e-01	-2.423931860676126204e-01	-4.091820103756872440e-01	3.746006663793689517e-01	4.541647887088773317e-02	-4.172863178025010278e-01	-3.464836442906548686e-01
5.574356868388717912e-01	3.013989809339564507e-01	-4.392350185938075913e-01	-1.051086884996604853e+00	7.432209606800234125e-01	-7.575982259602321855e-01	-9.913722251766531324e-01	7.042896182122433402e-01
1.536171785372054122e-01	-5.907075189931245696e-01	-2.905675132035242525e-01	6.722877469804042772e-01	1.725599040531275552e+00	-2.559555441937430564e-01	-9.499244577842741455e-01	7.520002395519388427e-01
3.635988641824058898e-02	-2.775539167802559271e-01	-4.431739865170604142e-01	4.901693965427437183e-01	1.502023098922190991e+00	-3.050112096663418204e-01	-9.731571855526208736e-01	1.257766233510856813e+00
1.196413408394878530e+00	-4.319552704774800578e-01	4.405569935238736745e-01	1.709350465000569974e+00	7.929240661629619602e-01	2.147301723431858933e-02	3.971066316480444947e-01	3.901632228834865379e-01
5.725837065081369470e-01	-9.311990160814059836e-01	-1.718916629335694168e-01	4.441222248336458844e-01	1.599023903479922959e+00	-4.171213189510190045e-01	-8.654000640465252525e-01	-7.385822234152819576e-02
6.675584863979735495e-01	-1.558050014078158629e-01	-3.766990645278997518e-01	-1.509743593955020780e+00	1.003484837729848422e+00	-1.230526305684614519e+00	-1.179640525304080478e+00	7.109391506461157917e-01
5.448873977656609746e-01	2.550191144547028221e-01	-4.159830674996862765e-01	-1.204399584300043680e+00	8.579231170341951040e-01	-9.100480707040937700e-01	-1.071857842153746132e+00	8.828252577455839578e-01
1.235755307898276367e+00	-1.137784452454462469e+00	-1.049394772010193988e-01	-6.106886835625123799e-01	-2.895132796594143132e-01	5.103792853166179144e-01	8.974440610501574489e-02	-1.633843531106153657e+00
1.193014098542997559e+00	-4.585118381708974677e-01	6.687756567631788496e-01	1.739795218440411739e+00	8.841859518476103963e-01	1.975332855937195764e-01	5.488890440827653983e-01	5.839098137509707298e-01
9.020263502458626403e-01	-1.729425454585001853e-01	-2.455544327822216377e-01	-8.830286279205791233e-01	5.391346861841818106e-01	-4.439575580112316566e-01	-6.524608233805865298e-01	-3.607516332848852425e-01
3.441840343867139107e-02	-3.704013691808294984e-01	-3.703480867352795802e-01	2.418375771920594219e-01	1.637084727777483373e+00	-4.193091528225295628e-01	-1.028278820521670633e+00	1.244026308234270406e+00
1.719229246030334224e+00	2.406085644099752729e-01	5.424762733636429024e-02	3.149510732519653633e-01	-1.763969810302865038e-01	-7.681209541193970702e-01	3.640704340588157839e-01	2.131175138176351069e-01
-4.014011695207896774e-02	-2.483657873959775886e-01	-7.640391332544758107e-01	1.054598766728645831e+00	-6.720230313238181319e-01	2.839807491933002304e+00	8.085997962285644824e-01	-2.888613279359533714e-01
1.112209914953244810e-01	2.056170629379764081e-01	-5.855582723780458076e-01	7.128365537020762144e-01	-5.465609835365677904e-01	2.456321576380440685e+00	5.977131312851033940e-01	-1.881883590156122749e-02
1.310826815046034488e+00	-2.970380457834319032e-01	4.248470348769305405e-01	1.368393224825115162e+00	6.354215289604895345e-01	-1.458157990206648824e-01	3.905642682272875144e-01	4.197035107911369356e-01
1.752047366722966792e+00	2.721300722591351029e-01	2.234874008881317098e-01	2.437229655598275313e-01	-1.707830306153858002e-01	-5.823470750106222171e-01	4.500210970318156978e-01	2.039337272596677131e-01
-1.440982642377612311e-01	-2.556137586203859891e-01	-3.764776161876237093e-01	6.976022929958248797e-01	1.636819460772690471e+00	-1.057728583991906640e-01	-8.983954848066669774e-01	1.533947419230680342e+00
1.263202754113159409e+00	-4.834649818882071348e-01	1.681373495000505203e-01	1.898054997722426585e+00	5.991146765891528503e-01	-3.294689995125939519e-01	3.387168784364013030e-01	4.646748138929135963e-01
7.027209784389035763e-01	1.245374400513078739e-01	-2.332978510965841579e-01	-4.252851286407104969e-01	3.791700888698292804e-01	9.349809555333896127e-02	-4.006246663838846644e-01	-3.304084178547089246e-01
6.001726779602534201e-03	-5.523290187325101686e-01	-3.491711463258913017e-01	7.754363672985504774e-01	1.740909128839555953e+00	-2.576948967343312136e-01	-9.510798118978472937e-01	1.142654781779247841e+00
1.143451422869353529e+00	-6.370546766159482788e-01	5.249035062729270340e-01	2.208298533223633786e+00	9.030195228416648678e-01	1.164262541615261604e-01	5.431650447641311885e-01	6.350387908483339228e-01
3.977222730995617628e-01	8.510434142822957959e-01	-9.807517984045477366e-01	-4.840506434701583593e-01	-1.366946204979719193e+00	1.898659837341707624e+00	6.925103691502972891e-01	-3.067053910925011118e-01
1.772872587178740300e+00	2.417253778721414614e-01	3.698054713743251787e-01	2.619091993630804915e-01	-1.028766344615666267e-01	-6.180419942145186640e-01	5.529308749921482136e-01	4.153194157785403684e-01
1.387872554356596844e+00	-4.898990742292948508e-01	3.787791697853691852e-01	2.009029206666443024e+00	5.011352868843016450e-01	-2.935344130294567644e-01	6.278057384442129463e-01	7.287362105722235972e-01
4.484796527000114441e-01	3.232307299797482214e-01	-4.470461111625522732e-01	-1.064557910109036110e+00	8.195115692673761165e-01	-7.456315267303181837e-01	-1.023459024059402811e+00	8.999082583061677187e-01
1.730103976331725635e+00	1.350448929412306487e-01	1.256952476787092099e-01	3.247365888048001081e-01	-1.922176126877321312e-01	-7.143760972142577659e-01	4.610859692232093243e-01	3.014594731969266195e-01
4.009362296069877152e-01	4.211080580090598158e-01	-4.427969893284035563e-01	-1.096520178371020116e+00	8.457943486181432879e-01	-7.855672584381802048e-01	-1.057238219590035389e+00	1.043392826851827104e+00
1.258220735060228135e+00	-5.046529575477057827e-01	3.248857986154113364e-01	1.961115895677103094e+00	6.621740841770110686e-01	-2.103173578842403579e-01	4.597901511297778354e-01	5.690074091646039056e-01
1.509685618972078203e+00	2.291103006355677818e-01	4.173913824461910060e-01	-2.245468292718598088e-02	1.668391900004989048e-01	-2.786005847688363124e-01	3.533188012006600598e-01	2.608580754219937958e-01
6.013733604416883205e-01	1.305554140854466583e-01	-3.936469351705528807e-01	-1.211608325069559289e+00	8.556320258149853197e-01	-8.550190230883343290e-01	-1.050636228503670111e+00	5.980395093581322152e-01
8.740752072598398925e-01	-9.708692279018021898e-01	-2.913335231879122245e-01	-5.338201983667933970e-01	-7.415392291716169093e-02	5.167165374600098948e-01	-7.492630712201986398e-02	-1.019939575644077889e+00
7.876733566441432854e-01	2.797281782021682206e-01	-4.967930995816802198e-01	-7.526304752169694634e-01	-1.208294456114178628e+00	1.906249819381234500e+00	7.118690586324439851e-01	-1.913162317545587632e+00
7.094229802961253828e-01	1.469087980469961918e-01	-2.689089196286129635e-01	-3.909784774495088655e-01	3.666022282611718364e-01	7.512781850644532911e-02	-4.333884202188766910e-01	-4.485886316433116416e-01
1.229719093436940497e-01	-6.325520486540011644e-01	-4.101140930635880921e-01	3.974974518515372868e-01	1.719566721146842614e+00	-6.246476717745246265e-01	-1.078524029630957948e+00	1.270152445188607260e+00
-2.954260529369244406e-03	-7.226397217807709050e-02	-7.487092542941548023e-01	1.075570059537085621e+00	-6.906953656963085164e-01	2.838037544857515471e+00	7.708919732343686437e-01	-3.580749827823012099e-01
6.761539278372776796e-01	-8.025922847808265592e-01	-1.732178367673157804e-01	3.011505957895646568e-01	1.327173041208550508e+00	-3.236652741639310937e-01	-7.452396708512870616e-01	-2.637295658475579119e-01
1.600136190667960534e+00	2.964922629769786155e-01	2.368218514239929517e-01	-2.738102337238493625e-02	-5.465935523983810052e-02	-5.220709828278201625e-01	3.599316348544725486e-01	2.323083133537505729e-01
6.165331954717101492e-01	-1.009853602128249150e+00	-1.313477070150960990e-01	5.351940392120756451e-01	1.587940967327995168e+00	-3.574563517951748204e-01	-8.012168820666386582e-01	-1.971625370281690492e-01
2.110872150208459308e-02	-1.711684752564105461e-01	-4.342327363652201955e-01	-2.569415975935781041e-02	1.506509635303355576e+00	-4.927633273283025805e-01	-1.070928008139065746e+00	1.399695744692340149e+00
-8.956956529581132365e-02	-3.076195155765350520e-01	-4.265014553533424402e-01	4.473613353879973831e-01	1.635048838642098046e+00	-3.524268345978178729e-01	-1.002905053356348386e+00	1.603538030514799484e+00
1.227896044123171659e+00	-5.070009392607330856e-01	4.588454339460751319e-01	2.054155438532671241e+00	7.663841130700329574e-01	2.369538784332589354e-02	5.147714479900383777e-01	5.353539446985753347e-01
1.733573077007159124e+00	-2.382624825484100095e-01	1.000182475455007047e-01	-4.240831101836520789e-01	1.597507869788395429e-01	-1.261570095058164309e+00	-5.383934350259687168e-02	4.903607009315372744e-01
1.882887879048370516e-01	-5.914371554035573464e-01	-3.273110243171059031e-01	5.076797522586486977e-01	1.600023146788020156e+00	-2.683737344326269092e-01	-9.316378671000922207e-01	7.128430408242074634e-01
1.635211062425595330e+00	2.213977729999240529e-01	1.517739608845264376e-02	2.484445578161029733e-01	-1.342192835802386575e-01	-7.113705435133825805e-01	2.826878174205720851e-01	2.102902829591815625e-01
1.361193724790193682e-01	-4.784120220335768559e-01	-3.299872263512992343e-01	6.620604543808347175e-01	1.607027405151135513e+00	-2.228094854327448970e-01	-9.157552434207227865e-01	8.309633575768494707e-01
4.027130561082824523e-01	3.958309955814092174e-01	-4.554726697254420364e-01	-1.119190577058210678e+00	8.779008319810862604e-01	-8.504146863639617804e-01	-1.080877198235884240e+00	1.097707372532791936e+00
1.596131997100759481e+00	2.025380671431951940e-01	3.292598766340121275e-01	-2.947167177906455729e-02	2.190870358620562036e-02	-3.911276882921828624e-01	3.523275209680782893e-01	5.341016594880565460e-02
4.286842563108311799e-01	-5.457103154775189147e-01	-4.672792244987753613e-02	1.455381639290280749e+00	1.331281258341363571e+00	4.116833097323422952e-01	-4.007858047413261904e-01	-2.376467447400302246e-01
1.232305135340432178e+00	-4.211486596994107878e-01	4.276517008509309603e-01	1.705930131075299006e+00	7.391618661757050068e-01	-3.665914566868289787e-02	4.197529629681873153e-01	4.419857901390571997e-01
1.125283231968451592e+00	-5.782526642305846343e-01	3.502462388589109299e-01	2.074022339705947626e+00	8.566648231132528712e-01	-2.936825309994617328e-02	3.784112194605225854e-01	4.950079407798900211e-01
1.317939133929670437e+00	-6.010536564887082323e-01	9.347437801043897987e-02	2.292281117204642893e+00	4.652948060982531886e-01	-4.800541456083577962e-01	4.773627423302346795e-01	6.323431232768497168e-01
7.549798845582833540e-01	9.403379724303029263e-02	-2.448786326187822326e-01	-4.937816102411203278e-01	4.020318073574577489e-01	-6.001134252977012584e-02	-4.596320009748827706e-01	-3.344816450582245304e-01
1.617808014343350864e+00	-1.376140124842517298e-01	-1.736146025002998361e-01	-2.994193349998490183e-01	-1.959830188498284498e+00	1.774761008641212889e+00	1.946019679439852990e+00	-1.151680260099328112e+00
3.753909141412345996e-01	-3.367177430734610288e-01	-4.850357965298743856e-01	2.356612228799320752e-01	-8.025303986592463579e-01	2.583912854264721393e+00	8.285372435102116295e-01	-1.176140542446375559e+00
9.031196385380084735e-01	-7.164006121471346855e-01	-2.857795444684811392e-01	-7.032214931295279747e-01	1.752288203460976024e-01	6.099228975471597536e-02	-3.288637785163261440e-01	-7.630821896952521000e-01
4.902087202838341096e-01	2.319693198160278358e-01	-4.333464986323538604e-01	-1.256022644032946500e+00	9.169876694714043097e-01	-9.907745998084935835e-01	-1.124162468195858411e+00	1.001996826100414850e+00
1.687004623086905131e+00	2.552145689456041255e-01	3.309530679292045363e-01	1.930640355531457186e-01	-3.834706012228435851e-02	-5.472430905788538968e-01	4.587355587472226048e-01	3.526440320511217141e-01
1.761984352886206251e+00	9.774864453353548921e-02	5.094500859446331464e-01	-6.289659142997353070e-02	8.914910808421158683e-02	-6.622846410083288449e-01	4.406184267501833673e-01	5.170424928857255686e-01
7.306680710182779093e-01	-6.661726990288967531e-01	-2.285739369634182672e-01	-1.596307590233815021e-01	2.788751316526310586e-01	4.666599841064050236e-01	-1.832927904638502470e-01	-6.858656934544442585e-01
7.669593600959403457e-01	-5.714089646815436740e-01	-4.595171636213412070e-01	1.746233043759050974e+00	6.623669512986628538e-01	-3.036279488231747314e-01	-2.936439444753861649e-01	-2.180562691092081951e-01
4.358746434092980460e-02	-6.830764462030190776e-02	-8.310793527432009942e-01	1.013994788621340959e+00	-7.403513216986113976e-01	2.682329819855221675e+00	7.003502866186515075e-01	-3.887654939586698832e-01
1.005644027054576561e+00	-1.154795799833081421e-01	-7.751384115006702824e-02	-6.352993387290321037e-01	3.245389189135158281e-01	-5.776858602485868133e-02	-4.066095718605893805e-01	-8.311499327708420370e-01
1.191377513968438162e+00	-5.709102823804468319e-01	4.654667332786618927e-02	2.092671487186978041e+00	6.066582115118979157e-01	-3.748695000729102556e-01	3.035046932160850863e-01	4.704676043766985449e-01
-4.065687627357244399e-02	-4.880238952255888663e-01	-3.672430029794805373e-01	7.640890330547811526e-01	1.741895875192451149e+00	-2.414598210024999914e-01	-9.619873688619734464e-01	1.258387068876230641e+00
1.703841425042084967e-01	7.926817301343094813e-02	-6.402266093118146317e-01	-1.121613843372882391e+00	-1.131911972604499272e+00	1.774032777994353882e+00	9.864221455073685085e-01	7.417424917199775258e-01
1.019209302799166439e+00	-8.115435142110649647e-02	-2.726398230106943377e-01	-3.702966648588941201e-01	4.920638802986866678e-02	-1.744917221389710449e-01	-3.012822975479543808e-01	-6.889141164010745833e-01
7.417646340228092328e-01	1.300517009369926147e-01	-2.186539690060258501e-01	-4.096696335626157093e-01	3.761053757199425140e-01	5.859922888772788746e-02	-4.101054230681374646e-01	-3.778391016692467241e-01
2.449564267414736929e-01	5.949993517527885079e-02	-5.299724114808619380e-01	-9.870770026607901260e-01	-6.857393241592404376e-01	1.629255169369070000e+00	5.580558707836219545e-01	6.637888211128306626e-02
7.978156105146777533e-02	-4.408527361084288443e-01	-1.089543666083997664e+00	1.043632687359872913e+00	-8.847291169144013701e-01	2.469011298754501649e+00	6.883787758008682589e-01	-5.828147466635039686e-01
1.655247427435251550e+00	2.609533157160175421e-01	4.456929403558118619e-01	1.087169714638505924e-01	3.679751508304393570e-02	-4.128835389689147206e-01	4.825505444149554846e-01	3.356264506493593092e-01
-1.052116472633677913e-01	-2.566293983719575289e-01	-4.217136487667756395e-01	5.294509326059307908e-01	1.601847731395633856e+00	-2.531955554587329571e-01	-9.630412621898319925e-01	1.570093505749603047e+00
1.702346211074857729e+00	2.227707104504843827e-01	-2.619913372960247858e-02	3.022025147365429154e-01	-2.277749263751466802e-01	-8.256439730108048325e-01	3.424540582122053145e-01	2.388137914412454543e-01
1.830706366639313076e-01	-3.709696113237196530e-02	-9.227253663269447959e-01	8.070724265830682143e-01	-7.266638322701111097e-01	2.292915434373125283e+00	4.786610470926231375e-01	-5.685738382004756897e-01
1.184603011053794619e+00	-4.250549903846657096e-01	2.386130614210274226e-01	1.589251865926692542e+00	7.470992220019084806e-01	-1.709174827315066147e-01	2.145725826068286823e-01	2.928543255053634997e-01
3.360763657225041001e-01	4.252200769845136952e-01	-4.666737978346590099e-01	-1.139788222178269361e+00	8.956102464384482209e-01	-9.006010036360242443e-01	-1.082298044106134061e+00	1.364696625468032387e+00
4.588299215815758725e-01	2.098613929388764288e-01	-4.323164041384562895e-01	-1.341019718242402403e+00	9.697746307875699801e-01	-1.125947170059086622e+00	-1.161093029596012682e+00	1.249214503550255317e+00
3.555816644619710920e-02	-3.577362265820163145e-01	-4.110879721266519349e-01	3.226848540499454021e-01	1.594479512696173495e+00	-4.281347098426794839e-01	-1.022035702137948698e+00	1.335466961199610836e+00
1.690589264816215964e+00	2.246680951912194135e-01	9.853117852803217058e-02	2.505788413861522179e-01	-1.378853534420611815e-01	-7.360044936488663314e-01	3.569559486510539559e-01	2.870745162397724259e-01
1.324481706872021824e+00	-1.861663041386387440e-01	1.178151050158986191e-01	-3.160370888657972333e-01	-1.051259170216085614e+00	2.038074516961766669e+00	1.293012767583760381e+00	-1.474888271148525387e+00
9.286389642762341579e-01	-3.417924575377174201e-01	-2.575026811968906815e-01	-1.128011636704535636e+00	7.540182435398247174e-01	-7.527622970899424670e-01	-8.412397674582914320e-01	-2.290374204591329454e-01
7.093027913155606212e-01	8.089410487572290531e-02	-2.642822673664711464e-01	-3.901605652661329637e-01	3.538139586791677060e-01	7.526501253423328874e-02	-4.007427709441435670e-01	-3.278683605804420531e-01
7.227856623909100220e-01	1.368163620486107235e-01	-2.444569411242751567e-01	-3.968083084794885584e-01	3.756524844468127622e-01	4.536000104633446800e-02	-4.160764570527307193e-01	-3.333179902375769110e-01
1.281903464279195104e+00	-4.196314909333604404e-01	5.797150163177861026e-01	1.720468292029440960e+00	7.392042729781308497e-01	-6.563248355202230301e-03	5.571783092353630451e-01	5.910671031179317580e-01
9.717726933494486019e-01	-4.316883071880562861e-01	-2.868132888459080099e-01	-1.281085757801905478e+00	8.053071919085009744e-01	-9.472730495586222377e-01	-9.356987255854741781e-01	-2.017184802549403522e-01
8.421289688538016183e-01	-1.287801715715812589e+00	-3.703276606071386756e-01	-5.135217828717503208e-01	-1.969990175068705995e-01	6.446124873875274108e-01	6.916272211258345237e-02	-1.023867944596686952e+00
1.082118768441387768e+00	-5.869439470547340720e-01	2.521984460406412332e-01	1.998561493979423842e+00	8.723805823920987024e-01	-8.879164732195481136e-02	2.714206201024154108e-01	4.165322395501305230e-01
8.153591117274681110e-01	-9.543546743018501699e-01	-1.967530542084755252e-01	-3.301917860432487251e-01	1.388906704734337527e+00	-7.607973043558367010e-01	-9.464353744924463019e-01	-2.162960741003966680e-01
1.157921644135886829e+00	-5.316044077930057732e-01	6.554617330403510467e-01	2.009411995384002836e+00	9.154646469757427019e-01	2.286792453875192144e-01	5.853180147937648847e-01	6.382198901655842249e-01
9.929411655913542578e-01	-3.135094526663108616e-01	-2.863598087003006443e-01	-8.833396555630540492e-01	4.277183068680528444e-01	-5.446586095098465696e-01	-6.189831686508605602e-01	-4.094300161817622241e-01
1.174804371787456780e+00	-5.398529926110590127e-01	2.700261313471841174e-01	2.024572055404978865e+00	7.396779682635371556e-01	-2.109491117602373400e-01	3.823655053335220932e-01	6.453097393790543368e-01
1.140424155453496624e+00	-5.708577926046027873e-01	4.070022817480771771e-01	2.069165390543235894e+00	8.682252844700161232e-01	9.032786485273280874e-03	4.160968864443690407e-01	5.055382016981776472e-01
1.066029838898191251e+00	-9.913927226119149116e-01	-1.067276891137287492e-01	-5.213271356892227315e-01	6.553781788364299032e-03	4.187390292189620555e-01	-9.796448503598473301e-02	-1.388830646356853826e+00
-4.089579908721908963e-02	-2.454832408868103666e-01	-4.439437987293091692e-01	1.188698105353519219e-01	1.564138938132326739e+00	-4.851336950869811204e-01	-1.054799235451105544e+00	1.609521512950598865e+00
7.653306784824240872e-01	-9.644769886087806166e-01	1.680579035215886419e-01	5.559740586155496045e-01	1.651494457600461097e+00	-2.677378869248837057e-01	-6.027421792406024714e-01	-3.293118729212966833e-02
9.241135179991840642e-01	-3.204577303743164629e-01	-2.683424550745176496e-01	-1.070995981329812885e+00	7.015089372003963097e-01	-6.983835620191315430e-01	-8.042702098727958493e-01	-2.456928483264905760e-01
1.298432918072770059e+00	-4.472640606129944518e-01	5.041398250697896044e-01	1.827031594319890484e+00	6.768834167142001590e-01	-7.893392102077095851e-02	5.663130066135432239e-01	6.407363820409301969e-01
-8.245025239103180581e-02	-4.915329771793089386e-01	-3.702556907579487855e-01	8.286712261417953362e-01	1.754437937268421566e+00	-2.098702622384082950e-01	-9.435725979762480398e-01	1.370673753520344373e+00
1.618636870635176583e+00	2.359577114446789470e-01	2.634503159615160239e-01	1.275072089715828805e-01	-1.434366076253678485e-02	-5.157596369336274744e-01	3.746924215676416536e-01	2.854901934897684512e-01
3.470758631516562831e-01	-7.551739756057697095e-01	-2.243253874724979446e-01	4.847894117930531821e-01	1.744134816220600737e+00	-4.157852388803887078e-01	-9.787789203115694336e-01	4.046272161340819240e-01
1.677220291806853947e+00	2.114436396487762992e-01	-1.020504379244799031e-01	3.435120457038691177e-01	-2.445422028790274205e-01	-8.767250421995227416e-01	2.800517400365890031e-01	2.307810966386460716e-01
1.095462807364533830e+00	-5.726961674211539233e-01	3.616376073877459740e-01	2.025478749933187217e+00	8.962204132694385761e-01	3.549295417425712973e-03	3.528737760745256358e-01	4.686952615627758556e-01
1.069724050361321177e-01	-4.858491381296921041e-01	-3.319339631598906548e-01	5.573090125499102765e-01	1.709802607192166368e+00	-2.722912795562326127e-01	-1.004762144856599093e+00	8.013941381412772458e-01
1.337799179221394130e+00	-5.444600594058791598e-01	4.569751668680094303e-03	2.077071511661184200e+00	4.182354650939368312e-01	-5.511800645544540078e-01	3.595658295824959438e-01	4.434606158968076306e-01
1.624240339522401655e+00	2.742759543391384280e-01	3.350928223518970794e-01	6.749736195834099561e-02	1.433509007462634155e-03	-4.622145574414219804e-01	4.071910750507717891e-01	3.071750946063802612e-01
3.827895199859596698e-01	3.950514548309640439e-01	-4.610950270163899911e-01	-1.116130455446026293e+00	8.726366234502643815e-01	-8.507410774249195562e-01	-1.072312761571801998e+00	1.167078500121338624e+00
4.660358399537207763e-01	-7.438121545528492140e-01	-8.783475679948810066e-02	1.406657244413889396e+00	1.240170427064741565e+00	4.748241038347008613e-01	-3.570175402521043595e-01	-3.375731306450098224e-01
1.165954954207495176e+00	-5.249687219870684540e-01	3.186012668975068962e-01	2.073194095834204997e+00	7.620344287584299714e-01	-5.396645164066152245e-02	4.096806324426023882e-01	5.482184623520657274e-01
1.515138928297707632e-01	1.995608414380886375e-01	-3.630983537454285925e-01	-1.193926423090032829e+00	-8.439933815606527334e-01	1.967384911305949613e+00	9.082587080500378329e-01	4.602498388981182686e-01
1.161185532599276371e+00	-4.788730013696121945e-01	3.205653710895205455e-01	1.898742563721898424e+00	7.736657333136071069e-01	-8.381100805930513653e-02	3.590698693464161595e-01	5.002637383449298758e-01
4.800837891040243832e-04	-4.220954149486967899e-01	-3.960194718551628412e-01	4.139762859070542644e-01	1.695024722307108433e+00	-4.017605108098314393e-01	-1.046704867860156041e+00	1.270413193784789119e+00
1.350659039545619278e+00	-4.448967258444349593e-01	4.932979961127335056e-01	1.957659858950928422e+00	5.990683669710916703e-01	-1.239592233923089981e-01	6.328556293107838737e-01	7.006669438804877803e-01
1.438217263745308339e+00	-3.114936891998275614e-01	6.592115854058397950e-01	1.290586796389788793e+00	6.191204847247075982e-01	-1.358955066899312225e-01	5.754647368133938290e-01	6.241249400419779381e-01
1.312098350771207844e+00	-4.797138659761303048e-01	4.963148440049408583e-01	1.963057206769504903e+00	6.864216628535145803e-01	-9.245847794301084721e-02	5.800347839385591175e-01	5.971187296003406253e-01
1.148451424608982308e+00	-6.835569513346756443e-01	2.646485764676591579e-01	1.951403455221325522e+00	8.993707701212317884e-01	-2.171136024472830328e-01	2.361570622546950438e-01	4.885407198207181723e-01
8.553137437457659642e-01	-8.179639343330844525e-01	-5.064199942809047839e-01	1.998463237207496190e+00	7.923882662025295565e-01	-5.640378475058329677e-01	-3.753911487730124952e-01	-1.989146671693642343e-01
9.729197943490750511e-01	6.423402462775859578e-02	-6.823275073578020100e-01	-1.015383746047438418e+00	-1.550213569599035113e+00	1.474621304393022747e+00	8.243393957666742544e-01	-1.781166539062668530e+00
9.633739231349965904e-01	-4.691295024773001754e-01	-2.759328938501953155e-01	-1.321739607867680633e+00	8.510072403791982820e-01	-9.732288603577053943e-01	-9.550557498448714044e-01	-1.957360965410183951e-01
1.302848519437869168e+00	-4.707942512909790156e-01	3.177359582440217878e-01	1.931574828762903095e+00	6.031523743544330296e-01	-2.468590145976995165e-01	4.761609922428403641e-01	5.779749766551884882e-01
9.200013002411551177e-01	-2.778892999286226573e-01	-5.732209086179699264e-01	-7.215724640345446694e-01	-1.552217598192195069e+00	1.884112387137488520e+00	1.098032784131424355e+00	-1.588178788965092680e+00
8.677006384256785720e-01	-4.258720269062806763e-01	-2.012006458751756099e-01	-9.392221735690258200e-01	-8.442603636826282454e-01	1.571866015117422855e+00	6.431161160337024452e-01	-2.161687183605748075e+00
1.654853071276804144e+00	5.331921545076537261e-02	4.446117374758026264e-01	-2.134956699874613895e-01	1.893303340631725673e-01	-5.260414029844572292e-01	2.659783491138114075e-01	2.315585251679415646e-01
-1.315334880642591853e-01	-4.242173733163825400e-01	-4.342938697195619646e-01	6.035190164467709728e-01	1.673135694042817256e+00	-2.818612738640176030e-01	-9.680809082797908749e-01	1.634908715398001089e+00
4.358403400577360864e-01	-6.447293982779219723e-01	-1.022246322399484875e-01	1.551540047402575340e+00	1.278885513673729823e+00	4.048311504530787142e-01	-3.663870141477437725e-01	-2.182713548750178645e-01
1.239317257104414871e+00	-6.369817836212157136e-01	4.120767992833932469e-01	2.124414271636853258e+00	7.856900507158134372e-01	-1.579409500926265697e-01	4.909359389957919095e-01	6.626456112475507254e-01
1.190107762246736423e+00	-5.707417727111454564e-01	4.679263888995260912e-02	2.154937161204957707e+00	6.241631475580791122e-01	-3.544658406801721728e-01	2.937924039606501503e-01	4.531786621474782617e-01
-3.451748571002528909e-02	-5.009779042062831866e-01	-3.670243003430367912e-01	4.377080792869974535e-01	1.777682072390804224e+00	-4.263589478009526257e-01	-1.043758646764904263e+00	1.423031724906007156e+00
1.721219904452570226e+00	2.201282160039869928e-01	2.940867629112763060e-02	3.265005674079964337e-01	-2.037322116220581791e-01	-8.325099787296701415e-01	3.724021495695418738e-01	3.106689187600182311e-01
2.568538265926570974e-01	-1.423276880413029966e-01	-9.043504290237954768e-01	-9.777415281449015616e-01	-1.248628898844484247e+00	1.441876364402790101e+00	8.622505824065759272e-01	6.321879332357480674e-01
1.734775272832582482e+00	2.412775528040323192e-01	2.242273463939522260e-01	2.717457764009047483e-01	-1.271358300682385312e-01	-6.956057964368626001e-01	4.593195226491302297e-01	3.722307805273575854e-01
-1.414964600247992921e-01	-4.094418130954449730e-02	-5.037682807553465203e-01	8.913112971098817450e-02	1.449216712911484573e+00	-4.522637751888345381e-01	-1.019661069608614135e+00	1.997193656751397484e+00
3.470737049189800416e-01	3.002823117428004007e-01	-5.048993172052336220e-01	-1.197795567561491303e+00	8.618568830931334634e-01	-9.536255747670050464e-01	-1.087131733989477489e+00	1.354151048331965423e+00
3.743774033301430770e-02	8.236937322065443490e-03	-5.066015228146845129e-01	-7.960328578248020426e-01	-8.487423741223449891e-01	2.110316367006580318e+00	9.497507203742758808e-01	7.371295435635926152e-01
1.071879839618661512e+00	-5.296723733276227364e-01	4.767049401399935382e-01	1.931085093452059143e+00	9.429093221106222833e-01	1.395939211111834055e-01	4.007998842440190224e-01	5.024071090509529824e-01
1.216081702543295062e+00	-4.901361423711718679e-01	4.392545890035879363e-01	1.863538511902316452e+00	7.669425213243432626e-01	-7.395969482698527830e-02	4.651866891698945849e-01	5.477669346190614519e-01
1.098869256963867225e-01	-5.852280676571334217e-01	-6.377144375164673917e-01	-8.195355479804778964e-01	-7.511727466129246578e-01	1.665656933846330290e+00	8.009470125236610727e-01	4.184242054994313231e-01
1.035897631279891984e+00	-6.059379262012416084e-02	-1.482984823182652207e-06	-5.466319703334633351e-01	2.960868304892747549e-01	6.505430489341249012e-02	-3.060431125772967720e-01	-8.375146839221326855e-01
2.106265618585518307e-01	-5.283486508017939398e-01	-3.214922936765662320e-01	3.409776443528956813e-01	1.628974450079914149e+00	-3.972352431146052854e-01	-1.003570786726511566e+00	7.885670077941057121e-01
1.654344614117106316e+00	2.256263427671195421e-01	3.906371055585038388e-01	7.874894486726896625e-02	6.458245532171350001e-03	-4.390178967215634387e-01	4.409278645922074524e-01	2.404376911529968464e-01
1.139237581405939670e+00	-6.490938918996991269e-01	4.189386128343930427e-01	2.124570805999070000e+00	8.316406732684844538e-01	5.653199941280902946e-02	5.008302004594784584e-01	6.035399269796162258e-01
4.295100268556589773e-03	-5.718003837880725193e-01	-3.790932582025412501e-01	4.972140331270182845e-01	1.772000445985917993e+00	-4.697510984311676352e-01	-1.043777126168579539e+00	1.348146502272355107e+00
4.268302333843639329e-01	-5.389080154865579786e-01	-4.431464680439504977e-02	1.423849814756061427e+00	1.325944770081230573e+00	4.155121076838687588e-01	-3.999198583737532675e-01	-2.403127333903583296e-01
1.314593750039629305e-01	9.411308163067638732e-02	-5.176165331737695441e-01	-7.734924844238709740e-01	-7.320547449453641553e-01	1.879438517443208889e+00	7.362329220449779221e-01	5.829049824838234972e-01
1.741472867420388315e+00	2.304331577626691219e-01	2.061263545900414440e-01	3.544565821365106006e-01	-1.472229244235397638e-01	-7.111746891282210159e-01	4.769150284890563141e-01	3.561216542428883858e-01
9.358241939346546578e-01	-3.238906497307884047e-01	-2.753687909726619254e-01	-1.050392478181734868e+00	6.660476720442110032e-01	-6.647138011558023640e-01	-7.891020630967052751e-01	-3.330680515537819963e-01
1.172160868968398634e-01	-2.243761318728677012e-01	-3.569034224969369617e-01	9.662495943507502794e-02	1.516542563354876139e+00	-3.368463665170824406e-01	-1.013523152527920690e+00	9.945162730887322500e-01
1.676038892964100135e+00	2.163982588366818727e-01	8.301757744629623126e-02	2.443040961807431133e-01	-1.393140696923488298e-01	-6.986315294808554954e-01	3.432026388773162795e-01	2.283585294565166346e-01
6.074219172790991106e-01	5.265117132253187282e-02	-4.019345067374764935e-01	-1.330209093264328457e+00	9.047827919660530460e-01	-1.006461259501207017e+00	-1.116593309156553193e+00	6.983799415270260935e-01
1.179442962088833369e+00	-2.526393767635412013e-01	-3.179382034093731768e-01	-3.517049730097920324e-01	-9.939989403794387279e-02	-2.918145303629671727e-01	-2.533743404478084882e-01	-9.140742650090699639e-01
3.995590987442798614e-01	3.544864580623557915e-01	-4.006358164407821665e-01	-1.155562766519484308e+00	9.462468396910769242e-01	-8.217313404338112415e-01	-1.081107456206771511e+00	1.070034186432436751e+00
1.513235796848216852e-01	-5.818926668105913746e-01	-3.617180230878932479e-01	2.803794429566995872e-01	1.715895461810076572e+00	-5.523671136533783166e-01	-1.077553536583847560e+00	1.056414423752281007e+00
-3.020749075629720892e-02	-2.343469152793841923e-02	-5.017255155905865349e-01	-2.395671806892741007e-01	1.420664033850885133e+00	-6.197550406996179539e-01	-1.123054378966780398e+00	1.717241288158390056e+00
7.706851874613762643e-01	-4.004091615745322130e-01	7.322185891222141585e-01	1.170523681230649204e+00	1.359148610229606202e+00	6.762900817313062252e-01	1.385515939942002506e-01	2.403868934900967869e-01
2.861827675669020854e-02	-2.254212252050312171e-01	-7.055891997689646145e-01	-4.045260265813499512e-01	-1.251187431350579304e+00	2.308864043656271736e+00	1.341898985528227950e+00	1.159235942278505238e+00
8.003790199349686274e-02	-2.275864759204538346e-01	-4.087829456769592751e-01	-3.069304393002072334e-02	1.502006599129599218e+00	-4.994917579261460849e-01	-1.055548301973281866e+00	1.296842347259897776e+00
1.304696281002579727e+00	-5.208394296242970789e-01	4.663730872341949052e-01	1.938575426542162639e+00	6.996002238388058236e-01	-1.420589039062571390e-01	5.394841663626457340e-01	6.553337432298427245e-01
2.055408823625048398e-01	2.940765060993223434e-01	-9.435861336396387244e-01	7.929051093312173837e-01	-8.476705283482274256e-01	2.393865128959160593e+00	4.974283751171901802e-01	-7.305355654803805665e-01
5.229251256550992988e-03	-6.266670809761233363e-01	-3.031002842302852329e-01	7.524907109103613490e-01	1.831930537150104010e+00	-2.595590164675453115e-01	-9.664952555623891328e-01	1.095347042179756425e+00
7.076417189730332957e-02	-4.019770791910186603e-01	-3.571828316212868892e-01	4.719989994912096032e-01	1.609778269853610944e+00	-2.925231480697035868e-01	-9.679028553504241961e-01	1.065290466931695601e+00
3.353828864112504693e-01	4.617712908239739455e-01	-4.572936241524760415e-01	-1.099438945521519884e+00	8.754649257983871946e-01	-8.319725019342508743e-01	-1.057957532516097698e+00	1.284792012247506721e+00
1.258588580751642816e+00	-4.261387665345164333e-01	8.246247672271631024e-02	1.785840624804488685e+00	5.319032021492646756e-01	-3.836808666429712966e-01	2.886354276379998196e-01	4.024006374648255724e-01
8.414254965205411052e-01	-6.570810896708909610e-01	-3.077465306870014183e-01	-4.831224624499554365e-01	-2.033746926114651452e-02	4.093879267701319713e-01	-1.477089889905444653e-01	-8.183057222756048299e-01
1.186996579960182818e-01	-5.228192838927069319e-01	-3.171438101301069512e-01	6.452727635048853827e-01	1.668602798003582910e+00	-2.331691540270384166e-01	-9.387971831084118701e-01	8.430821041129628046e-01
7.195607902597662697e-01	1.465468481701891479e-01	-2.469792087181358620e-01	-3.939101219174597768e-01	3.710287717025044785e-01	5.128044013472148749e-02	-4.154727463002231835e-01	-3.251142419035105147e-01
6.674565280743007811e-01	-9.098988554554066077e-01	-1.381473731043414976e-01	1.340790969057388260e-01	1.490799064088469628e+00	-4.456713888057383666e-01	-8.329149931246710992e-01	-1.994715626689572696e-01
1.340985277962956967e+00	-3.738683200048005806e-01	1.538462032529447077e-01	1.712609318142749748e+00	4.592209032318956829e-01	-3.921418338030285833e-01	3.703786311527800246e-01	4.585058933500862910e-01
2.785919166849092354e-01	-2.856520081341152872e-01	-3.311687538297455324e-01	3.245906528102995847e-02	1.412852300254741067e+00	-3.746700278042749410e-01	-9.723977031022883466e-01	6.867043048922840676e-01
7.893659328231852346e-01	-1.019458622660906588e+00	-1.679534024200418640e-01	3.266651150636556977e-01	1.438929037625310769e+00	-5.894892980446612141e-01	-7.966368474288286761e-01	-1.830994421312578946e-01
1.337976582919376822e+00	-3.042017991615281192e-01	1.964834873710337992e-01	1.667002403127242571e+00	4.747288453481670056e-01	-2.562833787741553015e-01	3.616720847725878318e-01	3.712432375792909522e-01
1.004540221864748561e+00	9.893017194295566918e-02	-5.280129579427854658e-01	-1.515378456654778716e-01	-5.521110876463633521e-02	-5.186724719594985045e-01	-3.398821358315784469e-01	-3.234776873352117610e-01
1.465158852691030300e-01	-3.299072796415402631e-01	-3.769654756533403761e-01	2.490760296655921135e-01	1.523931588136865356e+00	-3.797140765717844091e-01	-1.000636655264777186e+00	9.888960218826050586e-01
4.426771407367493527e-01	2.792203520555686103e-01	-4.513628337687183301e-01	-1.263413084536003206e+00	9.232444857746211486e-01	-1.024376561823914011e+00	-1.136008438139210597e+00	1.156988344775523370e+00
1.590136320771258882e+00	2.201910131818211880e-01	4.258767704347005134e-01	-5.874862792317105814e-03	9.145171351096614831e-02	-3.787048899535577218e-01	4.143910722918000000e-01	2.946845553284611618e-01
2.933645588966762308e-01	-4.031185757286119831e-01	-3.442045010544640959e-01	-6.517015871242547165e-02	1.500820698794372188e+00	-5.801140586023498802e-01	-1.049028846615406962e+00	9.257563915415670808e-01
-3.561205694141917136e-03	-7.605504006574657916e-02	-4.249219718557396552e-01	2.048230132686677529e-01	1.414215964798645864e+00	-2.843276906927555969e-01	-9.616600441941060007e-01	1.363573729223946263e+00
1.233986206276551423e+00	2.090552213218561384e-01	7.543003673091817074e-01	-2.298711543112192113e-01	6.504248617225014684e-01	3.640498706803613760e-01	2.636842147743091447e-01	1.932657978495194440e-01
7.591692190323855449e-01	-8.140405687267148194e-01	-1.984364010882374019e-01	-1.500105118901260970e-01	1.305623234269581712e+00	-5.638845910026160091e-01	-8.536701680840418360e-01	-2.173545860252209805e-01
1.403743748271413461e+00	-4.337660236656433743e-01	5.165716412112476563e-01	1.883296910217455933e+00	5.488408443953526339e-01	-1.947172108367779264e-01	6.721406506783758061e-01	7.340301572606218183e-01
1.352666081304292112e+00	-3.642065011714107348e-01	6.650148661732113720e-01	1.808461307119491046e-01	-7.766688867669929719e-01	2.068779223004304502e+00	1.655317775238814626e+00	1.353906204112476086e-02
9.641366958476541571e-01	9.551605099127008502e-02	-1.612019011022321202e-01	-2.737262887263147149e-01	2.344349611895454877e-01	-1.064043530599354664e-01	-2.215399094673811964e-01	-1.812786468545267149e-01
1.337202439831425838e-01	-3.778599448230197111e-01	-3.459425024435981433e-01	1.439176109738442011e-01	1.600089253812601919e+00	-4.263310997187631513e-01	-1.032279066788518440e+00	1.038419378417653860e+00
7.860150789927987658e-01	-8.919658132119399896e-02	-3.490710945661881226e-01	-1.129592443381358891e+00	7.722311555068389621e-01	-8.186382650445477305e-01	-9.560168089110167022e-01	1.305902663817887777e-01
8.905710732619478431e-01	-9.086040242132209510e-01	-2.020738360217070873e-01	-3.474459131602294359e-01	1.293084157909845322e+00	-8.424344587209988688e-01	-8.945446161926557949e-01	-1.375603387750160556e-01
2.150403341962900394e-02	3.693231064590725143e-01	-2.266610522197002320e-01	-1.044908535454006193e+00	-4.819246256922148364e-01	2.071748775632143769e+00	7.162605435566261614e-01	4.710352517792075755e-01
1.617511752616412890e+00	2.428200423973899957e-01	3.306283546514848792e-01	8.060684916045125770e-02	2.659768396391915674e-02	-4.825237374674761215e-01	3.893665265445095391e-01	3.131202516921758328e-01
1.342212640624890485e-01	3.629993324909125407e-01	-4.698095974354007942e-01	-1.109450676478597853e+00	-8.957425452021936518e-01	1.907600018586542490e+00	8.580837869337794022e-01	6.338145028877283371e-01
1.401029234807609214e-01	-7.836024933600402864e-01	-2.632538139883344730e-01	8.468831094266023873e-01	1.895776609981643324e+00	-2.723919685453700112e-01	-9.862274165556921268e-01	6.076039010379514771e-01
1.188194502981210876e+00	-5.283390619914147823e-01	5.092606168931100852e-01	1.960127229034598129e+00	8.386650091767980930e-01	3.225758982715627721e-02	4.993154995649717875e-01	5.817031223867733525e-01
9.346169285249834591e-01	-1.052446903687523250e+00	-2.679737429580001939e-01	-6.440481119094415563e-01	-8.107796470325898119e-02	4.496119636893632365e-01	-8.526793186412411074e-02	-1.126141044922869705e+00
2.024457501913974333e-01	1.174199313267148825e-01	-9.103742513740266107e-01	9.699662022499829783e-01	-9.090167529865752494e-01	2.481206911287520800e+00	6.753162021445867635e-01	-3.910817808399768003e-01
5.050972020583843758e-01	2.306674974607794970e-01	-4.367564932820440227e-01	-1.243416871870475227e+00	9.100839360181857129e-01	-9.604298438159993845e-01	-1.126077489921986752e+00	8.970119241158304169e-01
1.239123621469977454e+00	-4.904727256092804022e-01	7.126676466981491931e-01	1.925297384832816538e+00	8.371926173619933520e-01	2.296389634298412474e-01	6.620715310967809630e-01	6.893587805330401164e-01
9.410663711528379771e-01	-7.435089915796114224e-02	1.375212199623356835e-01	-4.094648972196586745e-01	4.082034467037530812e-01	3.820661122093716999e-01	-1.469327066801935366e-01	-5.343696946842785289e-01
4.074211705017670160e-01	5.622772367718849029e-01	-5.512499353327618978e-01	-1.031916246710859797e+00	-8.429784089341043618e-01	1.430624894592469554e+00	5.128829424673256865e-01	2.635357621029720265e-01
1.856835488635749654e+00	2.520082578716319466e-01	4.324419176788679708e-01	3.325311406369312883e-01	-1.621611135901257217e-01	-6.586424249851732249e-01	6.698750229290455493e-01	4.479243288584922600e-01
1.307187941013465693e-01	1.390244145676294008e-01	-7.438922909099174863e-01	3.974714701820547536e-01	-2.888690034723753186e-01	2.068143901521718231e+00	7.613911035793897997e-02	-1.051432681169597094e+00
1.751987667939881310e-01	2.294052678320923355e-01	-8.829870066353318059e-01	6.793757004032486835e-01	-8.696429702559601571e-01	2.439755160212281115e+00	6.134227286356292996e-01	-4.485137308560280256e-01
1.368952049347613054e+00	-4.615055224357952346e-01	3.837724951324723577e-01	1.941274525063283019e+00	5.322494655660029439e-01	-2.629579096402415717e-01	5.878366638643675035e-01	6.806042613053866486e-01
3.056301074417068220e-01	5.597001382126558511e-01	-4.653667673989515530e-01	-9.418104999007426148e-01	8.022468177476177464e-01	-6.472283422585903834e-01	-9.853743022073248037e-01	1.205009327220727844e+00
1.439366905014784592e+00	-9.452057785164477144e-01	4.205584859789235352e-01	5.054985700085270484e-01	1.100135684196543506e+00	-8.543263565793779435e-01	-1.684160176585510205e-01	4.396696304947222411e-01
1.647765406610794736e+00	2.328565577765207284e-01	3.630744488421128180e-01	1.229979828938723707e-01	3.956177287529567821e-03	-4.489041361810989228e-01	4.301292556321569815e-01	2.211675328641073690e-01
6.624395249259569241e-01	-1.136704451727423182e+00	-1.504398875705175720e-01	3.409833480341477041e-01	1.678833771849204792e+00	-5.663225677984109474e-01	-9.044609488739706604e-01	-1.659349280889927392e-01
5.161893947342437450e-01	-4.949733911140036247e-01	1.015564893417371661e-01	1.348649808221380697e+00	1.321642937269267515e+00	4.715155582614944385e-01	-3.036013512805967318e-01	-1.985465543294974988e-01
1.115770847734036009e+00	-5.437581826206187019e-01	3.627969682646956517e-01	1.974982132731731177e+00	8.742754552276525981e-01	6.352895927279347821e-03	3.487421284831959678e-01	4.367573980975154591e-01
-3.790471180225511022e-02	-1.437341811495311816e-01	-4.740626534366536582e-01	-1.795134306981015920e-02	1.494798917291109364e+00	-5.522855787633533797e-01	-1.074053727765355015e+00	1.702892835127754800e+00
9.125460673179142113e-01	-1.060329326319855214e+00	-3.120864480467840374e-01	-5.620420781111672426e-01	-1.694390208127452835e-01	5.739106810609867493e-01	-2.112002305174879788e-02	-1.186951009476054919e+00
1.303239131266004769e+00	-2.871954292344948145e-01	2.323129951691426387e-01	1.304992610277067033e+00	5.693606844137450995e-01	-2.940444757994301050e-01	2.470916634869422257e-01	3.087657611091177978e-01
6.121992100335887921e-01	-9.458601140962529241e-01	-1.747323965882042474e-01	4.436771412745041387e-01	1.563284991219173525e+00	-3.971636364278521292e-01	-8.589099164520159757e-01	-2.197000943603303891e-01
1.129449682581338266e+00	-5.714383345622717769e-01	2.083341531863042995e-01	2.051472910959190710e+00	8.022722076672190727e-01	-1.519067948008717694e-01	2.722287079423657552e-01	4.043363928293222664e-01
-4.226559031984375436e-02	-4.174784065904423858e-01	-3.984749190773038685e-01	4.626519537426349582e-01	1.693658830839671170e+00	-3.827957803468318709e-01	-1.018889121953151067e+00	1.443963963570735309e+00
1.690825672204817387e+00	2.271568161559135157e-01	3.205746644953776370e-01	1.348146701547826287e-01	-2.212609820944685599e-02	-6.131603456541289132e-01	4.188612373359739127e-01	4.000518045150761037e-01
1.089127134794842661e-01	2.610753493773257938e-01	-4.305566630796356931e-01	-1.088600055857939841e+00	-7.323913871923481977e-01	1.885567590262261950e+00	7.498428535395164074e-01	4.468783038265056184e-01
4.610995491660129231e-01	3.988533191070564587e-01	-4.315915672575978967e-01	-1.072601335548565959e+00	8.245732272176673483e-01	-7.635710233548681503e-01	-1.039869236595592161e+00	8.810291970277578377e-01
1.787288226851643458e+00	2.422461199600669246e-01	3.466981369934412083e-01	2.938570239698979347e-01	-1.266476825083554247e-01	-6.624134655389005699e-01	5.625573155735774655e-01	4.430968672576242051e-01
1.204420603290007108e+00	-5.559101267210709851e-01	4.609660545094788064e-01	2.141238652341988846e+00	7.743307334665933128e-01	-4.403904803389663281e-02	5.537500240933855844e-01	7.247421745648342517e-01
1.087913551397920342e+00	-7.516164589696233689e-01	4.385107930425642397e-01	2.411846904037730610e+00	9.168714356314647818e-01	9.709434550442692935e-02	5.362798426875345914e-01	6.728404925488699062e-01
2.461237622605650099e-01	4.749735308145820456e-01	-5.199386094905649180e-01	-1.088328516114453581e+00	8.924688317722959674e-01	-8.953830344893127791e-01	-1.093385177962641785e+00	1.541076883640571271e+00
7.950790703001733850e-02	-3.671680171411855764e-01	-3.620166713749845555e-01	2.248459030133909686e-01	1.619935780652353552e+00	-4.050549665840045277e-01	-1.045039588999900459e+00	1.123005667854648948e+00
1.270570304102547787e+00	1.641274386481812730e-01	-7.177315299464913645e-01	2.886470884548793525e-01	-3.395715856285566603e-01	-9.371612309078268810e-01	-2.408088429355109417e-01	-2.466484856396266023e-01
5.618350092154041908e-01	-2.312430566205675719e-01	-3.605940472371908512e-01	-8.880801062145786684e-01	-9.421193277291810553e-01	1.840925938521117189e+00	8.472170556027853738e-01	-4.790559939551356505e-01
5.072692046910827202e-01	2.945719016185973649e-01	-4.244246903100349910e-01	-1.135184100968050780e+00	8.459233665249650258e-01	-8.177550310896115615e-01	-1.053926445135295209e+00	8.194458914414757267e-01
4.227812394900747894e-01	-6.414661920946259643e-01	-4.028340616055049728e-02	1.709507381089424127e+00	1.416065191802290624e+00	3.992645393640211759e-01	-3.935954304342607624e-01	-2.331585673085111998e-01
-2.487956387859784155e-03	-6.774800139695361656e-01	-5.027292267969762918e-01	-4.202142967680662644e-01	-4.803214828284108617e-01	1.986038194063171058e+00	7.923631816603899924e-01	4.715616049497484141e-01
1.631660945504921356e+00	2.183121872966755916e-01	2.697064065196735916e-03	2.483172830535867459e-01	-1.363711137875611157e-01	-7.172955544177563869e-01	2.736973570370501152e-01	2.043763954243858760e-01
5.756395388532765667e-01	2.116212546517297344e-01	-3.952861096073749247e-01	-1.120263961539687658e+00	8.028525816798766090e-01	-7.561702934460058367e-01	-1.000295889707472075e+00	5.954318771068537464e-01
1.532437604525012098e+00	-4.957081918810253285e-01	-5.499702507939249752e-02	1.754196060061053997e-01	-3.196354866112903204e-01	-5.223444084290062434e-02	5.855060482350771256e-01	-2.582607370302612004e-01
7.822397121227378514e-02	6.844179779616315074e-01	-5.110155882012489270e-01	-9.593970450670121775e-01	8.649577554000504875e-01	-7.267876772680826880e-01	-1.002530944265774382e+00	1.870675386004192031e+00
3.242923670210244858e-01	-3.031881922201822843e-01	-6.691576382912125531e-01	-5.095358226914159516e-01	-6.170924882724763139e-01	1.369576733533955482e+00	4.644101522070877008e-01	2.785040761432697742e-01
3.766781376481310728e-01	3.920324879176120270e-01	-4.629052973190440068e-01	-1.141874816594907305e+00	8.891143263219767334e-01	-8.915830113583432803e-01	-1.089326579601594069e+00	1.219306228838173300e+00
1.121218808146974277e+00	-6.347303257440289892e-01	4.545365779283757623e-01	2.175324310584959342e+00	8.799387747557176898e-01	2.340798814277275652e-03	5.056787997121779954e-01	6.393015602285389010e-01
4.690133797877066302e-01	2.686565272430876394e-01	-8.445064105723474324e-01	2.282532271036131349e-02	-3.829386016832193596e-01	1.252906746309738528e+00	-1.529660504840896773e-01	-1.312959460597542982e+00
6.822944848908376603e-01	-1.011516531995898083e+00	-1.612581555329510585e-01	2.451572363580330483e-01	1.550165302852700711e+00	-5.134748462341629516e-01	-8.669492331683087416e-01	-1.897397671867606384e-01
1.200630802263390251e+00	-1.617870106350614845e-01	-4.952703083668943962e-01	-1.173195129330090597e-01	-2.143095638176866213e-01	-4.896246574662107554e-01	-2.415123779735036114e-01	-7.163577185299637717e-01
6.404002390361192010e-01	-3.484780742797607411e-01	-1.528216882621874495e-01	2.479926026485697599e-01	6.574578217224540388e-01	3.194987674303377823e-01	-3.337851983176987614e-01	-4.692512898082306094e-01
-1.306943344245182770e-01	-3.626053581521791469e-01	-4.222727952261168261e-01	5.256001959148229874e-01	1.704850837463621094e+00	-3.542410351193680529e-01	-1.007253062787961895e+00	1.701893212906965935e+00
1.683615139603007738e-01	-6.766052959235491215e-01	-3.093653047079021334e-01	3.541310625331225426e-01	1.777821026362766510e+00	-5.110649391982095002e-01	-1.049797545162549417e+00	9.133674005096938942e-01
9.334230005877128811e-01	-1.189508575743525309e+00	-3.391074404733440684e-01	-5.291810330642332527e-01	-2.036178393018905908e-01	5.284311730749678970e-01	1.048053887294339570e-02	-1.173510723365347008e+00
1.592556697081826567e+00	2.153738162362043573e-01	1.508159085702343027e-01	7.440495004467599649e-02	-6.435313807674256092e-02	-5.537809813961019900e-01	3.220096084530904568e-01	2.104332891221062651e-01
1.419012615043041547e+00	-4.483611167788310037e-01	4.436265437738334816e-01	1.909473833151089650e+00	5.189616359725376382e-01	-2.398374160117777432e-01	6.200892970076224975e-01	6.555501814407138639e-01
9.945668739866045938e-01	-1.421333281375774193e+00	-2.854459369740169894e-01	-5.033041562033337968e-01	-3.087388807771767607e-01	7.023851979210116170e-01	2.129920717957720089e-01	-1.213792064257682046e+00
2.555173839960346305e-01	4.076977836148339973e-01	-5.031101606867783849e-01	-4.814949399762255000e-01	-8.393748207070417244e-01	1.923662389527212691e+00	7.705728169466002919e-01	6.836255994385924684e-01
1.655993922550018205e+00	-8.237961786664278752e-02	3.296300891102509345e-01	-3.640105702333963911e-01	2.515351030948358435e-01	-8.205896965870626003e-01	9.218131267133046480e-02	4.116819955016367549e-01
3.317303734924654801e-01	-5.660707540957591322e-01	-2.345915826930779491e-01	3.187891001149635306e-01	1.631115113325816823e+00	-3.641015271572893286e-01	-9.634732518822747283e-01	4.560542656732234357e-01
1.571857760543098781e+00	1.998819021544699648e-01	4.503363681496799775e-02	2.262761919504695518e-01	-7.825156206458522279e-02	-6.201470932660004820e-01	2.664690370668560959e-01	2.060087518223211733e-01
4.851551561889109188e-01	2.817448212952877729e-01	-4.274415837112722216e-01	-1.241636335596445928e+00	8.959905531800200773e-01	-9.654729949175042680e-01	-1.118108292996456088e+00	1.002922421551196042e+00
1.664211508211679957e+00	2.434596533279608510e-01	1.750837485642385560e-01	2.117058198468578234e-01	-8.411532884159646228e-02	-6.346384767869261978e-01	3.698404960233144800e-01	2.859761376550503109e-01
3.380363031958526498e-01	4.761956145736051527e-01	-4.760085892329567470e-01	-1.065777606198613503e+00	8.603620374174993923e-01	-8.121455238547204969e-01	-1.067050636562348220e+00	1.235030338280391327e+00
1.799561842992168703e+00	2.649811616932887803e-01	2.878600135435658292e-01	3.144931832024788765e-01	-1.701472327185091227e-01	-6.885136664813569229e-01	5.454205274266361592e-01	4.292746072373325172e-01
1.275921666865248716e-01	-5.540997386295012372e-01	-3.349381061604633780e-01	2.970881077637185230e-01	1.717478399247279075e+00	-4.830452265947131618e-01	-1.051172080204138215e+00	1.034106904539779270e+00
1.789546267905669508e-01	-6.028024937368954284e-01	-3.420443816381907864e-01	2.056569628201976863e-01	1.729198028161374801e+00	-5.843396040188242324e-01	-1.087721389386053339e+00	9.999124474881063707e-01
1.680164131855003129e+00	2.171357122946568630e-01	-1.060112890500342075e-01	3.368307402967080644e-01	-2.549672576930606116e-01	-8.912155565687412961e-01	2.849483104026125924e-01	2.463566171721441322e-01
4.533070418519191680e-01	-5.184630523800182189e-01	-1.110266347965532530e-01	1.245083762413490724e+00	1.170216319583960995e+00	4.200156389103554821e-01	-3.834683462345674920e-01	-2.648627779132396998e-01
1.771011194604772632e+00	2.111305279201864671e-01	1.127506570626393145e-01	3.428178817087857433e-01	-2.079860180144359194e-01	-8.510030730120836662e-01	4.499154019860112097e-01	3.999458682679017940e-01
1.227249577206802389e+00	-4.297755357459596692e-01	5.340302626803800079e-01	1.701918559548119880e+00	7.881979991991594492e-01	1.023366533327187133e-02	4.859374418101919391e-01	5.286432062134291954e-01
4.148886005271185118e-02	-5.884678707772077466e-01	-3.773309768511775575e-01	2.108927927198898933e-01	1.794446189600558350e+00	-6.354396974714288104e-01	-1.118159189768762385e+00	1.396001764855032690e+00
8.690350882786523901e-03	-7.353679207608977419e-01	-3.407534905094871669e-01	7.304900629927590927e-01	1.835658258289843747e+00	-3.404831437306199970e-01	-9.876217185869219373e-01	1.148111694513672010e+00
1.170831439816250485e+00	-4.279328212846471025e-01	3.929532119619506547e-01	1.807147266910857475e+00	7.753832274121511547e-01	-5.229265420972994960e-02	3.958194929543611407e-01	5.790026650249091578e-01
7.986250747853676502e-02	8.852809514760241472e-01	-4.483037847336466264e-01	-3.686200235429570315e-01	4.747541429757936027e-01	1.719790683706914902e-01	-5.874214061669120746e-01	1.146540310362117010e+00
1.304712382366146339e-01	3.163617417793246345e-01	-4.989673706697090871e-01	-1.103109018290955090e+00	-8.776112803310686106e-01	1.857620722798120960e+00	8.215658783697162848e-01	6.127404076143799783e-01
-2.430109540894475340e-01	-1.127349454674685114e-01	-2.720712955706858782e-01	1.655658302450866870e+00	1.431389978031309518e+00	7.624015456038313321e-01	-4.694824902254659538e-01	1.232182870814054532e+00
-2.769093221893328266e-02	-3.129296621465022521e-01	-4.049111693153439884e-01	4.998907249486631565e-01	1.592610840254824023e+00	-2.913790112149596268e-01	-9.690654100533740989e-01	1.362976975301017024e+00
2.130032503455029647e-01	-1.667908978425911570e-01	-9.377865257528892329e-01	1.056165616024806075e+00	-1.004375039910409884e+00	2.529067839364585790e+00	8.292292249178156993e-01	-2.976342832740802025e-01
9.593773986377153173e-01	-3.509121550045205540e-01	-2.603521466196325740e-01	-1.127461589103993189e+00	7.105674356499162014e-01	-7.524441936872776626e-01	-8.287100973188578079e-01	-2.840494081769677770e-01
-1.567216577866832050e-01	7.343386660067599547e-02	-3.317167424972823908e-01	1.183998815849945707e+00	1.189918895495438056e+00	6.431597482360947859e-01	-5.159251874657354575e-01	1.156506981088706976e+00
8.651876017881121594e-02	-2.183883003855585647e-01	-3.750282780664690452e-01	1.701177106525306182e-01	1.490455986762358576e+00	-3.496881490315978391e-01	-9.808251965687505569e-01	1.199741024566531422e+00
7.246550425977700272e-01	-6.147046507728046172e-02	-3.569696289275374190e-01	-1.285135089918322038e+00	8.790333331046485954e-01	-9.671618778381921855e-01	-1.069032080693512077e+00	4.052978690377844195e-01
1.760833760536153259e+00	2.208701559720512020e-01	9.671813286359798312e-03	3.760560125195305803e-01	-2.565117421781683005e-01	-9.110802030111011529e-01	4.150918075738573854e-01	3.734780559966009994e-01
1.043162161189593595e+00	-5.434797816673931914e-01	2.870388806842926188e-01	1.878781263911542432e+00	9.185241631644786020e-01	5.666180285863520183e-03	2.336073668485403876e-01	3.573291325474213798e-01
7.630466032415550437e-02	-1.188633203032826886e-02	-5.539272992108907889e-01	-6.772948538832916920e-01	-8.422369920896420892e-01	2.047903640589013197e+00	9.009895492622184143e-01	7.346820434742147299e-01
2.339636805449060719e-01	-6.593935685134558744e-01	-2.777024267526747581e-01	4.885244876407654480e-01	1.710425253431783865e+00	-3.573617452643769177e-01	-9.773919462734637076e-01	6.417826091127563082e-01
-6.183133908824648729e-03	-4.612793246719631424e-01	-3.033646759125681602e-01	9.886673868479717298e-01	1.655723276952071110e+00	1.132634082130123954e-02	-8.228582524841016044e-01	9.458148222548738993e-01
1.666399251428537509e+00	1.917259423004268049e-01	1.530444188741797718e-01	1.958210555975844758e-01	-9.558357736042004393e-02	-6.542338848175369703e-01	3.707685427740973205e-01	3.039279845558678361e-01
5.362454062923350806e-01	-4.986240747054679900e-01	1.517090949749524131e-01	1.356049289471055408e+00	1.319266631157229641e+00	4.847027210613373271e-01	-2.578758600322867967e-01	-8.902930532376901462e-02
2.426933398558153154e-01	7.400122416901988576e-01	-7.879617902656265160e-01	-4.299024374661807313e-01	-9.886573666137549177e-01	2.089032204996526865e+00	5.650439383847795094e-01	-3.781755779097047410e-01
1.665129203926964951e+00	2.824050840783749461e-01	4.310696856983284864e-01	1.355907813289413122e-01	1.943438913052353972e-02	-4.617719979794293050e-01	4.818858392737520591e-01	4.112629061372925499e-01
8.624643030318130954e-01	-1.928896095385818910e-01	2.623632480219196816e-01	-1.116284362075611991e+00	-8.902611782184700617e-01	2.074984693050558882e+00	1.084280905623850266e+00	-1.231554210321303300e+00
2.067203024001710299e-01	-4.827239830727400594e-01	-3.017549838065324841e-01	4.487531145639641061e-01	1.599472144348608849e+00	-2.829905846709749873e-01	-9.533120639798753349e-01	6.958578428604434984e-01
6.872651740018039801e-01	-1.161358301003922344e+00	-1.394363523715909103e-01	4.695284150286135189e-03	1.637068566306964179e+00	-6.751218915326070436e-01	-9.204115600009049603e-01	-1.556271173788993101e-01
7.004625207839373369e-01	-6.758125143727048423e-01	-2.613870283239365100e-01	-3.794087011761792527e-01	1.356920111810842489e+00	-7.608823590982114471e-01	-1.010730990015735520e+00	4.619732461095682474e-02
8.187430673074312937e-01	-1.133347594283121929e+00	-3.568900615426006118e-01	1.186177874454243053e+00	1.255477474767756396e+00	-7.341771700854649030e-01	-6.790320360408808043e-01	-9.700029045896817192e-02
1.661490883146211628e+00	2.574879551264591671e-01	4.696259760407197614e-01	1.076875593533009323e-01	4.206946390456064999e-02	-4.158461742378105619e-01	4.994160122923416711e-01	3.776968849997596744e-01
2.384454225441648978e-01	1.854191310526856762e-01	-1.109910791783266459e+00	1.060942207840801954e+00	-1.080343206027393421e+00	2.453770048379614099e+00	6.348663638445060098e-01	-7.835644046470595647e-01
-1.522041389709787680e-03	2.803288110549142509e-01	-6.728716323853181080e-01	-4.585760710075758029e-01	-1.025779699864658667e+00	2.379702783653911968e+00	9.835193539333749735e-01	5.785184303328154698e-01
1.581464784853381378e+00	2.010168835187971792e-01	-6.414718235589633721e-02	2.182915906668642381e-01	-1.462458953212225077e-01	-7.061385392709887965e-01	2.135424939119636989e-01	1.584094075365013177e-01
1.352952882838186710e+00	-3.084942374364327833e-01	3.499209184257535687e-01	1.588485399804489218e+00	5.237802748387634377e-01	-2.581394293419239094e-01	4.588570008883394724e-01	5.593122450403444912e-01
4.354686383359444024e-01	3.163094442409132290e-01	-4.062285199873339470e-01	-1.225271168297861646e+00	9.342822606934347851e-01	-9.413787210908423075e-01	-1.090341107270587084e+00	1.182294259525073166e+00
6.633358361215330179e-02	-2.056441390494727350e-02	-8.735689553919703254e-01	9.969384417122230113e-01	-8.322516827379120574e-01	2.686891043236087739e+00	7.356782944438043925e-01	-4.060618807955007070e-01
1.035657721192364100e+00	-7.424589090378930223e-01	3.067830050762385685e-01	-7.104878893713144350e-02	4.206571882225591530e-01	6.751699655593387250e-01	2.354118244571251628e-01	-4.010732087539153334e-01
1.716092791341971457e+00	2.189604351943727212e-01	-1.615290603622378252e-02	3.423861379668873828e-01	-2.253568492683047653e-01	-8.626729731081196340e-01	3.538521188789156002e-01	3.044358654264736064e-01
3.834221665261591805e-02	5.667465565389440130e-03	-8.091853755918370084e-01	9.765078317824220644e-01	-6.426307874507697360e-01	2.648103393076765233e+00	5.829419434644445008e-01	-5.637283844066564020e-01
3.814211222995178563e-01	4.621078316749283044e-01	-4.473306595753512305e-01	-1.034189830742818117e+00	8.375249844380577846e-01	-7.388525161781622774e-01	-1.026402318734344732e+00	1.092514228902154549e+00
4.467970649056188792e-01	-4.797885338307717462e-01	-7.176069880482682795e-02	1.293086230906524303e+00	1.219199868807828269e+00	3.824639102232783028e-01	-3.817977796705718241e-01	-2.391218915675627221e-01
1.304396372735738829e-02	-4.787348247395694090e-01	-3.832575439954412633e-01	1.068190914723151086e-01	1.742552950378990051e+00	-6.143517815118804126e-01	-1.117666479988137951e+00	1.486171772930827029e+00
6.552689593691898851e-02	-4.237628366857282280e-01	-3.956909814881864884e-01	7.034892498721453391e-01	1.596723245253642398e+00	-2.407085424051325917e-01	-9.442660522659359623e-01	1.058949526729429103e+00
1.263330574890585867e+00	-3.384125406416847032e-02	-4.278979580053476339e-01	-9.165814910668519389e-01	-1.340742416764294065e+00	1.186169468513564640e+00	6.540897637752099980e-01	-2.004746160235327146e+00
9.091018087056099706e-01	-6.104216129410473535e-01	-5.496786406145633963e-01	1.957230541648511180e+00	5.060666640266363592e-01	-5.529939869002798991e-01	-2.590632418790529412e-01	-1.894178534770304123e-01
-1.038000835964136004e-01	-3.359461851831510026e-01	-4.436923736062178270e-01	3.260329422724260739e-01	1.690001293618348388e+00	-4.680134036688468613e-01	-1.068368610520603834e+00	1.687340420067181768e+00
1.538772443612431429e-01	-8.845279750724306667e-02	-8.928992116778347032e-01	9.184630061214988928e-01	-7.749034071871085949e-01	2.508457248467817813e+00	5.920681939798420057e-01	-6.956693238433845350e-01
7.188385712051879040e-01	-4.296626473192874385e-01	7.790319026804122249e-01	1.209566314901110662e+00	1.440838443622908027e+00	7.174400599386897559e-01	1.385288211155194793e-01	3.425393601236994545e-01
2.296841560383563186e-01	-6.023058533352892985e-01	-3.214273008527297470e-01	1.468040415824785339e-01	1.704919855644094540e+00	-5.846629038469827178e-01	-1.078924790993981198e+00	9.156213555992712694e-01
2.753392206757210858e-01	1.784227661236160722e-01	-7.416561442914317848e-01	-5.719998502267966689e-01	-1.153215938741512181e+00	1.863791290995185923e+00	9.309823559962718820e-01	7.404636499119550130e-01
1.352277486739707379e+00	-4.439428095697099397e-01	1.250723977674558784e-02	-1.133459383299136425e+00	6.512951712553912698e-01	-1.083972244343646585e+00	-5.443483599234378856e-01	1.009534954810697438e-01
1.044989529788861171e+00	-1.319128914215669246e+00	-1.603600263495102152e-01	-5.235695328164686746e-01	-3.826504526960187169e-01	9.218930563509960541e-01	3.263953085171576451e-01	-1.518225166621151923e+00
1.968924428964772266e-01	5.073704185798473265e-01	-4.409046119982374390e-01	-8.829234319632571770e-01	-9.384730952719514407e-01	2.020875243975706059e+00	9.046257189057996806e-01	6.683205905529655544e-01
7.708232341492100570e-01	-5.139176099625436533e-01	8.225657211152871406e-01	1.489369202286990213e+00	1.434024551592641750e+00	7.585151648729504537e-01	2.513303084521540942e-01	4.033617011564642474e-01
3.974368174383358654e-01	-5.572308803542446176e-01	-7.354846249834912086e-01	-1.995831544760920673e-01	-9.402188832959909037e-01	2.059529297692680672e+00	7.705767656418344158e-01	-8.119646874003677572e-01
9.835275426804863663e-01	6.023329742777218387e-02	2.949264916275631254e-01	-3.159790054805480253e-01	5.291310392542147856e-01	3.464424003208338432e-01	-4.252270943432850253e-02	-9.537018419971823868e-02
1.161833468227246868e+00	-5.012545005528790121e-01	3.482043529637528501e-01	1.936941989287360943e+00	7.899504328715069024e-01	-9.391327960908622818e-02	3.806672573196108744e-01	5.466751289098987776e-01
1.273028637174702160e+00	-7.205047268754793954e-02	-6.416548630467437953e-01	-1.074664209585002028e-01	-9.958787308285113604e-02	-1.112827395883199788e+00	-4.430826504091268658e-01	-1.782143343537331004e-01
1.123167680255062528e+00	-5.389153095983953978e-01	3.870403289934565283e-01	1.867143570176437395e+00	8.814285080640076320e-01	5.518649693145888380e-03	3.348311808019795999e-01	3.813327651271736785e-01
1.569574097557605019e-01	-3.453150248739397798e-02	-9.714537512862231328e-01	8.772366355802497795e-01	-7.786254433113001250e-01	2.388870606318421519e+00	5.039930627472033464e-01	-7.067700659767078841e-01
1.628258338356596724e+00	2.375085233469849955e-01	2.922595495184396874e-01	1.334295274295727585e-01	-1.014064677824893027e-02	-4.810547919100097713e-01	3.998074988712911337e-01	2.517293009808352355e-01
9.240115170721701077e-01	-1.213306164107795793e+00	-2.881721718873661575e-01	-5.909817850604269784e-01	-3.138718111437394098e-01	7.869287723697061532e-01	1.784753952734966231e-01	-1.293994931608456245e+00
-2.647234972644952125e-02	3.420551396251929333e-02	-4.979995043683374534e-01	-5.254945174268369490e-01	-1.086903365047677594e+00	2.480903964879661139e+00	1.314063850840132996e+00	1.141580597444090017e+00
7.405588452638562913e-01	1.641268125626425822e-01	-2.584385225878250147e-01	-3.953192979841475552e-01	3.383201825370968363e-01	2.775051695763113002e-02	-4.132810324512197209e-01	-3.303670800855577072e-01
7.907000969308977112e-01	-4.492239090212324371e-01	7.176623271384470204e-01	1.141635861007044062e+00	1.352658845575528179e+00	6.415937697950245822e-01	1.157009889327032248e-01	1.665841410546768930e-01
8.442040164082689202e-01	-8.502222636041891768e-01	-3.478035251787336968e-01	-5.050414087776812222e-01	-1.513261249352641225e-01	6.019710283654772232e-01	-5.204383527755695321e-02	-1.067405077218324116e+00
7.597142131933295461e-01	1.808022230242148087e-01	-2.667659047203878031e-01	-3.965210011668892087e-01	3.041719851572147193e-01	1.612217351548482502e-02	-4.086221722917946497e-01	-3.393510705407825068e-01
7.898881463852381879e-01	-2.115666536252889252e-01	-4.123848825675274776e-01	2.619537368432449109e-01	-9.951279125974654693e-01	2.261833753958946147e+00	8.001023788177893392e-01	-1.576265898821485045e+00
2.157927668463315851e-01	-1.902553691689113924e-01	-1.128049237290336571e+00	1.200620268161276982e+00	-1.200886747121119758e+00	2.530350009133442324e+00	8.942586319259754335e-01	-3.488942557282611601e-01
1.353521493058289060e+00	-9.341943742113634208e-01	2.232849415010162708e-01	6.574222503142266305e-01	1.085232494599282393e+00	-9.605413624926045779e-01	-2.521858917479706808e-01	5.340412483095999807e-01
-1.238118228764522981e-02	-5.378546277839262313e-01	-3.778875521319466357e-01	3.861617702699711718e-01	1.777994729443270527e+00	-5.001525720984586476e-01	-1.065223889693078352e+00	1.402940591482474630e+00
7.828618261045778848e-01	-6.161126813227140175e-01	-1.505662699156643802e-01	-2.748569278929192949e-02	8.028089002700870003e-01	-4.360629600668296246e-02	-4.955879273554079645e-01	-5.330399086859174407e-01
4.628888405679294493e-01	1.684938180506116712e-01	-4.174383108583029633e-01	-1.299974139407147788e+00	9.789896375083338986e-01	-1.013178865171797449e+00	-1.144567353461379389e+00	1.052484099001315343e+00
8.436415339120345580e-01	-4.328927993252331685e-01	-1.636134956306556365e-01	-4.786006836869000636e-01	1.578997328830708535e-01	4.086192598037761137e-01	-1.982744524180342360e-01	-8.308535306469410076e-01
1.032577567856615586e+00	-1.074878233694479962e-01	-7.863921713889659992e-02	-5.971917938287422123e-01	1.956925907513119567e-01	5.505032330132431095e-02	-3.310144601479822479e-01	-9.866593181233548338e-01
6.308827244232348974e-01	-1.840526302038601458e-01	3.491490674014247064e-02	-4.488712034651505256e-01	-9.343301866807488532e-01	2.438072513588218193e+00	1.289083590666796786e+00	-1.981008239725885467e-01
8.537923228386115060e-01	-7.147916095584851970e-01	-2.118504253971130735e-01	-3.102456627747466889e-01	1.684074820228716463e-01	3.838939586510521917e-01	-1.798107469546069981e-01	-8.825412081544281584e-01
4.679198923045808645e-01	3.565219017947138802e-01	-4.227061811085103260e-01	-1.088080926523017355e+00	8.386212729555652112e-01	-7.631764498837312338e-01	-1.033082643166350234e+00	8.780219024643458603e-01
1.368300606409099229e+00	-3.156248390810643123e-01	1.454532583498292786e-01	1.665587047832087331e+00	4.244394199459384787e-01	-3.975606741861273385e-01	3.661202354814508952e-01	3.796431102303208238e-01
-5.442706711643263001e-02	-2.694313185742853167e-01	-4.376051224984971455e-01	3.692555068051750489e-01	1.574036940572633769e+00	-3.939076801593570654e-01	-1.007245583183274729e+00	1.574873914156672772e+00
3.036528373883772836e-01	7.677834046613292163e-01	-5.470445614210879270e-01	-4.880339960090261386e-01	-1.135821002969775728e+00	2.016202407435991439e+00	9.695348173268157899e-01	8.926053655705054046e-01
1.030854349465553099e+00	-1.099941464861541596e-01	-5.482898932678057502e-01	-6.805306219796142253e-01	-1.168311685554458412e+00	1.385623007483749225e+00	5.364111130992955667e-01	-2.268245287573284585e+00
2.702143323256220309e-02	-4.842078723383210215e-01	-3.585001658140458680e-01	5.805886040875758436e-01	1.699502215096252211e+00	-3.035083714019066181e-01	-9.839527028788428442e-01	1.138390941057564554e+00
1.330797405574269288e+00	2.115074786636242654e-01	-7.231626321014186232e-01	1.485298841344048770e-01	-4.349386650320363201e-01	-9.987084695967557435e-01	-2.052155170114211558e-01	-3.260618209017123181e-01
1.561478299051518359e+00	2.558566003809092937e-01	3.398501595178675672e-01	1.087030774571485919e-01	6.624204830092723928e-02	-4.032134144362062300e-01	3.790056194217548136e-01	3.105429424426468521e-01
4.493822126607401324e-01	3.108833888331518081e-01	-4.064760605221098833e-01	-1.162613925273038529e+00	8.718464217409471750e-01	-7.758537428231995214e-01	-1.041659732242536496e+00	8.921060401046599919e-01
8.373514203322044436e-01	-4.419957327083042786e-01	1.023336149104765003e+00	1.307603500828113052e+00	1.388926210653083748e+00	8.491861487141298959e-01	4.272449606906085773e-01	4.966643417931701499e-01
8.890335498274584136e-01	-1.241138112719234687e+00	-3.237031034423867304e-01	-5.482106308971615993e-01	-1.685186213654722154e-01	6.001639857428131553e-01	2.111217606332368990e-02	-1.118862686340403867e+00
1.332149390923772270e+00	-3.265485612224257594e-01	6.997467514909649910e-01	1.523093414699031589e+00	7.093391898368857085e-01	7.647833799909792285e-02	6.211312428296709154e-01	6.129104291144289451e-01
8.079668987365509758e-02	1.483363428894396152e-01	-9.138105372709244278e-01	7.808140108581967942e-01	-6.273277652022591910e-01	2.427703113187902773e+00	3.633346286250979107e-01	-9.285256904507828146e-01
1.177166612558475434e+00	-5.472161314393687581e-01	3.628428450153778906e-01	2.038752384481597346e+00	7.857630919468987507e-01	-7.443233355452910649e-02	4.289638874567072158e-01	5.560138671069326799e-01
1.228919221414254359e+00	-4.881548249113432103e-01	4.109479377926297250e-01	1.909583508299514287e+00	7.446124973718852846e-01	-8.672692880130257465e-02	4.563585547794440922e-01	5.480605021071051075e-01
1.147886793348032564e+00	-1.130801700357165762e+00	-1.651213164119620658e-01	-5.308502018475927953e-01	-5.848748004262500633e-01	9.931942061769106767e-01	4.316027577647609803e-01	-1.635785877110547348e+00
1.202432396115079127e+00	-4.773953764168865632e-01	2.868582593487117860e-01	1.959900383145644076e+00	7.022926032154324094e-01	-1.239624411366010981e-01	3.877440676999714952e-01	4.929409738539708985e-01
1.037894445750727479e-01	-5.367999837889141368e-01	-3.361765035911367661e-01	2.088818694083068306e-01	1.743389901333576963e+00	-5.211573444067001404e-01	-1.076806057698538766e+00	1.140921427250770614e+00
1.068238737669359395e+00	-5.492889103755005387e-01	2.438887512771582833e-01	1.979254629648546926e+00	8.683941641681313106e-01	-5.406633317449865278e-02	2.528453533368707484e-01	3.893199087278597093e-01
1.645586139248321755e+00	2.753906897579319057e-01	4.955949954171623428e-01	3.280689337166418917e-02	6.312578130908801100e-02	-3.863230560012358428e-01	4.994140631024063248e-01	3.670167256163038849e-01
1.871747871297181343e+00	1.483452964728975976e-01	3.225516742063149200e-01	1.686079701348304205e-01	-1.747244074066366393e-01	-9.198562852353847630e-01	5.562507383743199307e-01	5.644853075197097114e-01
7.376356167060036384e-01	1.049022400919090159e-01	-6.218412479822813532e-01	-8.579921768331078002e-01	-1.353797267883277033e+00	1.885589575271810592e+00	8.315744663580412199e-01	-1.610091990693279351e+00
2.914345769830383182e-01	3.529165628552314304e-01	-1.031025194754245256e+00	9.084526323609244391e-01	-9.508612554550277540e-01	2.266334420941134908e+00	4.848775278548086431e-01	-7.703205540810492691e-01
1.165548842135214924e+00	1.782576517012579576e-01	5.737591684020827421e-01	-2.959078017368954039e-01	6.050479003672478706e-01	2.859248013995968063e-01	1.013928363321219550e-01	3.283009457654118002e-02
1.390024664153811873e+00	-3.606046673129431057e-01	4.042323207401807839e-01	1.315191142655354417e+00	6.183039284471802954e-01	-2.984182461598500757e-01	3.575646399078938331e-01	4.137446124042103435e-01
4.147009756501851552e-01	7.102822411247380341e-01	-6.156580506482376425e-01	-7.738852576779009507e-01	-1.239833186297563783e+00	1.791151591903129336e+00	9.158478019109203005e-01	6.483100470987138708e-01
2.027636445537043031e+00	-1.054374840765160748e+00	4.401421541700217821e-01	1.819367669052008862e-01	-7.382350997332580711e-01	1.522318625638037770e-01	1.324520786030635167e+00	-4.620922582235573728e-01
1.653923889930941193e+00	2.542790749909383807e-01	8.891964092382093066e-02	2.277518196203421885e-01	-1.127396434442069773e-01	-7.074137054726177265e-01	3.156265037840678134e-01	3.072159780080923608e-01
3.412376039168804054e-01	-6.756011344563898069e-01	-2.367148428127915094e-01	7.662608822810567100e-01	1.614937081985713396e+00	-2.311208513491330441e-01	-8.608523911383859639e-01	3.332176581931671211e-01
4.283914413380492947e-01	1.632054241205132261e-01	-9.755762750894003688e-01	8.693648205941569840e-01	-1.041102984432093148e+00	2.139796223851912593e+00	6.033638040223621157e-01	-5.498959436364699860e-01
1.618685604283973900e+00	2.532233667017531609e-01	3.034029926771759644e-01	1.743700165154919712e-01	3.793881405823811004e-03	-5.085712092845912080e-01	4.028201557259593057e-01	3.395995337362402444e-01
1.332190130909402193e+00	-2.801429391965212234e-01	-7.041560572098164439e-01	-3.863390261856746721e-01	-1.409137868521216808e+00	6.020820893269549501e-01	6.963669810960807505e-01	-1.926744203616808981e+00
1.581179483446598422e+00	1.691560428240347080e-01	1.866717591313943048e-01	2.815826057162115759e-02	-2.816490073596177816e-03	-5.328909623315590816e-01	2.619221002401008747e-01	1.336011510406889813e-01
8.047276407203798332e-01	-9.275361053662690702e-01	-2.413381264863767584e-01	-1.496642054597120859e-02	1.341697421238639665e+00	-6.821434834021458116e-01	-8.789719015504685595e-01	-2.327578115644756140e-01
1.453501423772444845e+00	-4.042967900790843117e-01	1.173691781637884457e-01	1.362295502094227784e+00	4.018801732051257569e-01	-6.527532551587188481e-01	2.784747047222478900e-01	4.779299368759650779e-01
1.718922535794713768e+00	2.270972794921791993e-01	1.190539113243974934e-01	2.304493251031770884e-01	-1.705533785156838622e-01	-7.522404417310631919e-01	4.016548295622325293e-01	2.875890507355659542e-01
1.597680547022023223e+00	2.328050106859362589e-01	2.095190319768024112e-01	1.247615674404883301e-01	-2.111472742264142166e-02	-5.311455070215927998e-01	3.306950900424605599e-01	2.478307415947770820e-01
1.135894167443135094e+00	-5.126799632913009441e-01	2.827585591952568311e-01	1.875639813534855094e+00	8.144699931614259869e-01	-7.906180737083493004e-02	2.870762415305365689e-01	3.700015841614499590e-01
6.367479759422173258e-02	-5.841689485942487270e-01	-2.833964262136627887e-01	7.418600335020567593e-01	1.746120765969188637e+00	-1.920509519271788590e-01	-9.179722398756997581e-01	8.679701017410459407e-01
1.852763095874485622e-01	6.329567675210642230e-01	-4.844377761122630743e-01	-9.287748605665228085e-01	8.434290597934226419e-01	-6.702257930406158026e-01	-9.919995163929488102e-01	1.563532448400364316e+00
1.230345843064990730e+00	-5.883262288434625287e-01	4.347777326183307478e-01	2.116219402089837054e+00	7.866987619711277580e-01	-6.043784544235270700e-02	4.983092392226666778e-01	4.739936924139261931e-01
1.057805990209531810e+00	9.457745434259209882e-02	3.518334476327461546e-01	-3.090292979102617354e-01	5.378301875781793528e-01	2.669396183524648802e-01	-1.466079272596801375e-02	-3.844712612697108456e-02
8.019594912465277670e-01	8.395790289218343916e-02	-1.850856967505276895e-01	-4.401760456128549492e-01	3.461171420441555568e-01	5.586148382968303405e-02	-3.922413959855122756e-01	-4.948735219809391461e-01
6.470530053464443876e-01	-9.916821018883923422e-01	-1.527595573015442798e-01	4.369488322597838703e-01	1.534031398413153280e+00	-3.994335905110431573e-01	-8.106270502791951271e-01	-2.059155149877384960e-01
4.429457411698051184e-01	4.095400880817762213e-01	-4.250837201839069435e-01	-1.056678849684683508e+00	8.260494140256783302e-01	-7.301967512335274524e-01	-1.020920268172882173e+00	9.032803738874949362e-01
1.567724709582136722e+00	2.492597492407603033e-01	3.496136564882351694e-01	3.408658188299653474e-02	7.014283271755403226e-02	-3.851416347849018207e-01	3.699622501401966246e-01	2.352003152943120956e-01
3.480172123510540949e-01	-6.225343392969855394e-01	-2.994291689440132728e-02	1.759826474095131266e+00	1.484901471959409580e+00	4.729149581919651624e-01	-4.096029363415913394e-01	-1.344573160480481699e-01
1.473622380964313194e+00	-9.709038832672857167e-01	2.482592013244392104e-01	2.350706349547861396e-01	9.664328035142585316e-01	-1.075252704002692239e+00	-2.338567600404731217e-01	4.946619318631886864e-01
8.079585070585112438e-01	-2.548482835150888137e-01	5.612685263956538329e-01	6.320777594497936080e-01	1.116458956764388333e+00	5.109489653817388399e-01	1.609405163022908924e-02	9.733235476732970959e-02
1.529524789178104083e+00	2.398203515631290583e-01	3.578715837567179037e-01	-2.969318341616772328e-02	1.006927925047915867e-01	-3.533173474198500474e-01	3.461105665617055793e-01	2.472533969657641773e-01
1.208501122205851014e-01	-7.120015048533105961e-01	-3.366420754941759630e-01	5.514316446835090257e-01	1.749301512544726434e+00	-3.795823013468420104e-01	-9.942032722052430715e-01	9.297547301883192228e-01
1.680229443630813391e+00	2.533277922384022940e-01	2.742663164911558482e-01	2.332511098508139591e-01	-5.742502231372691862e-02	-5.881394597415654513e-01	4.356597990947060905e-01	3.481441122706021574e-01
1.259550511326833488e+00	-5.415195130903772691e-01	1.796338963911691400e-01	2.040046673209649164e+00	5.773298921007911089e-01	-2.938147785979467463e-01	4.207437167278483825e-01	5.502094018380423446e-01
1.270256623009763830e+00	-5.541014896594997907e-01	1.120530839904140263e-01	2.086792945386508169e+00	5.642379752981104835e-01	-3.813857209305576701e-01	3.289237771917977726e-01	4.451477241702706533e-01
1.679642593728246425e+00	2.481155622803935812e-01	4.349300852726999400e-01	1.202626854824084823e-01	5.890486887262000315e-03	-4.500600605755443739e-01	4.918993537325619947e-01	3.362728407980087320e-01
8.096421633387794747e-01	-7.191598383968016428e-01	-5.256755969160328279e-01	2.302725561173194713e+00	6.641290719853075730e-01	-4.636704175799055694e-01	-2.381179782211337026e-01	-1.003144588474498278e-01
2.991701791837840241e-01	5.233339005681254541e-01	-4.233420709201244359e-01	-9.849729054336732181e-01	8.824119338946564417e-01	-6.380134775677824832e-01	-1.009081532804593007e+00	1.162366985776240202e+00
4.801870467582089463e-01	3.413692851485382596e-01	-4.228487620127484581e-01	-1.086031829518996572e+00	8.353389558891867184e-01	-7.503735737555321528e-01	-1.034237166342909520e+00	8.023133886436786266e-01
-2.363605411871657902e-01	-4.710747313872530317e-01	-4.014990931834259147e-01	-8.027047733271186480e-01	-7.226110225382482710e-01	2.456817737713422822e+00	1.237375572498169651e+00	1.023898924021417578e+00
9.577855588838486423e-01	-3.981479565874357918e-01	-2.609646432548240469e-01	-1.207179635291582898e+00	7.887072430673855994e-01	-8.499675900582482901e-01	-8.849526773206295438e-01	-2.236809381034411404e-01
-1.293997987027412089e-01	-2.286872043489706630e-01	-3.985942592354150271e-01	-8.990664934158953958e-01	-8.413061637378200786e-01	2.416043207901193313e+00	1.208423622710059098e+00	8.560570066303635484e-01
1.275868231112419759e-01	1.139781633728851884e-01	-6.209903124527581531e-01	-6.518268600299730320e-01	-9.196811524216287337e-01	2.041188299278207108e+00	8.642134134781468413e-01	5.581340779934835794e-01
-1.005581176231065688e-01	7.144021161888655658e-02	-3.532330905938397270e-01	-9.814448823816512846e-01	-7.605002712411704779e-01	2.311118067732431669e+00	1.067122591245096785e+00	8.878429211452362191e-01
1.252611505338521170e+00	1.763146793788385736e-01	5.607200008967210270e-01	-4.295954451621390446e-01	5.445935771457429686e-01	1.293279081936634933e-01	1.077866737638265571e-01	1.567790448177295293e-01
4.863339941459431381e-01	3.090297721443227008e-01	-4.270448591398879890e-01	-1.148289677164810119e+00	8.663160748591431926e-01	-8.415395226864583744e-01	-1.069725976962214720e+00	8.827157823719850027e-01
1.355341498312803983e-01	-5.717575076556191682e-01	-3.823018410957186308e-01	5.141051456449380330e-01	1.663579705199178527e+00	-4.381553102063291960e-01	-1.009846540079961663e+00	1.062862206859655601e+00
7.506461284480400731e-02	-1.274773984328815002e-01	-1.025676634531847764e+00	9.945216807799649450e-01	-8.813856496288899889e-01	2.596561600656428936e+00	6.532447744385796451e-01	-7.343347744349729700e-01
1.188876545785646277e+00	-5.258537566617192960e-01	3.494838920649290248e-01	1.982430695396242282e+00	7.479290314662579986e-01	-1.414538174101346857e-01	4.390531701373734386e-01	5.685627941920483597e-01
9.736990924616021337e-01	-6.999951587858382895e-01	3.472017198094801138e-01	2.256878164331588277e+00	1.066477983093154780e+00	1.323950087464993985e-01	2.942010546675460914e-01	4.108960538587600464e-01
7.393854520770242189e-01	-2.469889117840039922e-02	-2.170523565027692725e-01	-3.638081506879787264e-01	3.400994721034359958e-01	1.718546757179501561e-01	-3.076558654274622051e-01	-2.736746715695370646e-01
2.816333500259374234e-01	-5.159366760862084123e-01	-3.723333741410362330e-01	-1.958004977123290191e-01	1.605330928561322867e+00	-8.048052606763088646e-01	-1.151981035803975040e+00	1.023451320061076864e+00
7.578889887969422201e-01	-8.857480118763546573e-01	-1.564815863508618454e-01	-4.090447480907792588e-02	1.376892972041344976e+00	-5.270223313048999492e-01	-8.348786948937833019e-01	-2.438584725763284777e-01
1.034033988981166274e+00	-8.291207966909818206e-01	-1.678823614173083900e-01	-6.207822645620612034e-01	-1.431918326651794027e-01	5.304638384282006625e-01	9.525281449857980753e-03	-1.100125449336693650e+00
1.647445985628970266e+00	2.415584525862255194e-01	2.111558970604076879e-01	1.717040269079740389e-01	-5.613577364741897946e-02	-5.543266335326231253e-01	3.652872858044760029e-01	1.842454021847614309e-01
9.063433828127905878e-01	-1.091171287392888045e+00	-3.321219757528782734e-01	-5.254611321471357455e-01	-1.765210619050250895e-01	5.599418486536912321e-01	-1.537716746113595295e-02	-1.087259109033409166e+00
3.141110109193192557e-01	4.326982548075799517e-01	-1.104483900010215569e+00	8.577335327033432932e-01	-1.109869340339984189e+00	2.304064648112287284e+00	5.509442111225616445e-01	-8.371274397086614361e-01
3.184267841440653335e-01	5.304850734508573806e-01	-4.615796990747025319e-01	-1.077171684059477386e+00	8.116753147136238633e-01	-7.364842103079601854e-01	-1.011733445716222146e+00	1.253930175532472102e+00
1.144217845977789860e+00	-5.376194720664205784e-01	2.372358105685506147e-01	1.942670028999996079e+00	7.929179761214881772e-01	-1.419824696156899990e-01	2.835735955117069107e-01	4.163614081841573444e-01
1.009191110363082844e+00	-4.349438278780553002e-01	-2.522761400035786195e-01	-6.526282669290384142e-01	-1.163484506063414692e+00	1.812704086342304510e+00	9.146006171232529125e-01	-2.100289065928246490e+00
1.793756211501172260e+00	2.677828410284420757e-01	4.623632414717935291e-01	2.690437417755154881e-01	-9.325454596288601516e-02	-6.179839090954039049e-01	6.222741580953979890e-01	5.714612696798121450e-01
1.308963322041034050e-01	3.178401592054851121e-02	-6.054027427328194655e-01	-9.354576040157088768e-01	-9.047594351276823099e-01	1.818164784422754421e+00	8.299358190061679741e-01	6.510950593061770597e-01
8.548808632706718091e-01	-3.898379586099287586e-01	-4.310921388093348350e-01	-4.259601687636491718e-01	-8.863337025721834683e-01	1.667009801393476209e+00	5.756966955412338161e-01	-1.667859857330512119e+00
1.177366508424978475e+00	-5.328490667529464098e-01	1.350869807805968603e-01	2.046629705762867069e+00	6.788127804954021682e-01	-2.681690898394930023e-01	3.021581968369949633e-01	4.700736426662519007e-01
4.964130143114349192e-01	3.420347788918819409e-01	-4.269566548593133337e-01	-1.154963198728373719e+00	8.250627979352839203e-01	-8.199066175702600656e-01	-1.049114142342408407e+00	8.586682017436038095e-01
1.723882435134213242e+00	2.181168935439496137e-01	-1.050766584392146125e-01	3.648078329966854549e-01	-3.016014280660221925e-01	-9.595014468873084290e-01	3.347644654051719626e-01	2.973225822377663641e-01
4.422556713333277711e-01	-5.465889964271187784e-01	-5.076204866693091455e-01	2.375582227680097969e+00	8.887673398223040477e-01	-1.549497012081947067e-01	-2.940725240584795563e-01	4.455504704251329051e-01
1.725959351834321698e+00	-4.443010987477403750e-01	4.291898574874664085e-01	7.651587308509827379e-01	6.609049375312443797e-02	-1.798463906100946641e-01	5.474588528174046953e-01	-3.212371954680646180e-01
8.970581400573992559e-01	-1.471046758793350673e-01	-2.479491492616030524e-01	-8.731739399669079527e-01	5.273325447611304506e-01	-4.379862396303563776e-01	-6.462479911173703018e-01	-3.370454445564145529e-01
2.471433033041939287e-01	-5.918772376033465399e-01	-3.492187076347544883e-01	7.241065737023556423e-03	1.673323686254960752e+00	-6.803954049416821581e-01	-1.114580143242616339e+00	9.633651133187749460e-01
7.308509969813026252e-01	5.423187793591860428e-02	-2.509648064046942628e-01	-4.024494243081646050e-01	3.405042351484729446e-01	8.249758793600267537e-02	-3.915813288780531920e-01	-3.765762546048032622e-01
1.661111001033639845e+00	2.552965830319017249e-01	1.358123691921173937e-01	1.629719307645893511e-01	-1.124896487847792947e-01	-6.547798418744951165e-01	3.545510187740674168e-01	2.264515047510710644e-01
1.295044446669384675e+00	-3.454052829183674733e-01	4.424416585291272019e-01	1.618316614473364057e+00	6.510124013036037161e-01	-7.402252756660866739e-02	4.577464004942392028e-01	4.877319398072026413e-01
8.936854331284723729e-01	-3.441857361611384558e-01	-2.088073743652361647e-01	-1.016269935880536490e+00	-8.623658239122334868e-01	1.491252649659728924e+00	6.287111096311192027e-01	-1.855504211169566098e+00
8.324926648483294001e-02	-4.357167311077778660e-01	-3.891513543948453835e-01	2.748869234987423305e-01	1.673609721911208936e+00	-4.696124302110521453e-01	-1.078892473128234775e+00	1.105157637661242420e+00
1.864873464692093918e-01	-7.709235032098757379e-02	-5.123218718322090082e-01	-9.620418471177831776e-01	-7.062604913967793774e-01	1.681213126072182540e+00	6.769411118077206524e-01	3.884666311588852450e-01
3.680478926807670970e-01	-5.148516573911575689e-01	-2.713115871391352796e-01	2.036941227819019096e-01	1.548264445429550218e+00	-4.220836222046576158e-01	-9.843006532737872405e-01	4.437740974974429542e-01
4.283792121099889716e-01	-7.566950283797175825e-01	-2.844466156274224056e-01	2.402976555024539107e-01	1.615667827238227439e+00	-5.607183980146056568e-01	-1.004999499521201489e+00	4.076640942732309703e-01
1.492355067024390136e+00	-7.637513330668028733e-01	5.116471357551790611e-01	1.395850792598801293e+00	7.971493066204621281e-01	-5.632385545460941723e-01	3.396563513680935786e-01	6.865057124942122169e-01
7.493208673696835076e-01	1.299945633670749334e-01	-1.007703604426909288e-01	-3.608835894362989460e-01	4.648487314885224042e-01	1.817416213132426739e-01	-3.247471255609383212e-01	-2.521529924507482923e-01
3.336537179471628090e-01	3.514808886201432614e-01	-4.805462269868761016e-01	-1.220006401116132455e+00	9.403613978271606610e-01	-1.019697294096997275e+00	-1.134429232440370861e+00	1.439728159492387416e+00
3.237759514149534112e-01	-2.479379257895018285e-01	-8.255333109851321627e-01	-9.821952837625973487e-01	-1.139897003542452936e+00	1.338205663093630093e+00	8.257789637046955011e-01	5.717669721590287191e-01
1.680612501839401640e-01	-1.227801324657285531e-01	-9.710051318967239942e-01	8.690981963171812152e-01	-8.478758446254304193e-01	2.381689716610995600e+00	6.169946539314106193e-01	-4.639648759986100823e-01
1.096312377202854682e+00	-7.014511303635042605e-01	2.159759477636330194e-01	2.321986728126548272e+00	8.532792316664585819e-01	-1.212551572998260691e-01	3.246701406938553025e-01	4.388278910909370056e-01
7.503592483933110291e-01	-5.393439714178778210e-01	-4.325895804271402967e-01	1.723564482515529628e+00	6.733067791240260336e-01	-2.621532693681766224e-01	-2.822996484200765432e-01	-2.018524058389518927e-01
-2.066644732857867220e-02	-4.450201454886866803e-01	-3.488509185832009973e-01	6.835295406802197604e-01	1.700174765324679038e+00	-1.905022723882439928e-01	-9.536085326164320808e-01	1.135816733741292772e+00
9.281597517516413376e-01	-1.458278771099530413e-01	-2.777473316500139178e-01	-8.600682769040519648e-01	4.992323861005864560e-01	-5.010343688029607057e-01	-6.637532280303464205e-01	-2.803209010902981135e-01
6.737355133798111906e-03	-3.456426473018714418e-01	-4.459590467353036769e-01	-8.158231227175661848e-01	-5.733958096651151637e-01	1.948521433442925721e+00	8.066796380388682186e-01	5.293171943196693929e-01
2.087315784903565064e-01	-8.567636034102101353e-03	-7.532073416531200882e-01	-7.454051587299924675e-01	-1.270568430329578113e+00	1.888937455628654893e+00	1.097455928702543826e+00	8.907668710593040773e-01
7.720287608629045062e-01	1.390122863518143403e-01	-2.458991714564150166e-01	-4.126812835538818391e-01	3.104713670905369649e-01	3.215702910522481861e-02	-4.008414313821548336e-01	-3.904564239222010347e-01
7.394532499475426901e-01	1.824653060986579367e-01	-2.549675676534863267e-01	-3.825129464063121709e-01	3.311762362327396181e-01	4.295309659788955348e-02	-4.039165518357000773e-01	-3.148131038600806564e-01
1.226157857947887120e+00	1.197870056247765658e-01	6.844127822157562990e-01	-3.856836907120435032e-01	6.799738677188583713e-01	2.086587007680715811e-01	1.413515968737322770e-01	1.844521683772608056e-01
1.180246443490944763e+00	-5.337303340502325133e-01	4.216271673163810574e-01	1.952082568167202936e+00	8.062175109377776039e-01	-2.950692407209994789e-02	4.477046490546192636e-01	5.408169120413580666e-01
2.022977599254388581e-02	-5.293916466473828075e-01	-7.785620588318277191e-01	-9.193132300493276343e-01	-1.276232675310321252e+00	1.905093328703941769e+00	1.276115111754772879e+00	9.896851582186985130e-01
2.246170564833798178e-01	-4.117327860829358976e-01	-4.355345579315266225e-01	-3.581197054347021180e-01	1.454864381472994239e+00	-7.495050483951963827e-01	-1.129933404718073575e+00	1.156114057719904942e+00
1.588771430955612907e+00	2.388659810615440249e-01	3.206331506895027106e-01	6.629309401520895595e-02	3.864202923044859905e-02	-4.187122054042969332e-01	3.691393990475556053e-01	2.100822299485335942e-01
1.703711109239590460e+00	2.325279885721171225e-01	2.298569034653359655e-02	2.956382738357134499e-01	-1.973115202773496335e-01	-7.741228716472711158e-01	3.526677436444421998e-01	2.720107092918409575e-01
3.858023824268282387e-01	1.333433457371277497e-01	-1.277008975849195149e+00	9.970490508136370389e-01	-1.385302688146514694e+00	2.234869348769840780e+00	7.502747685972372960e-01	-6.205859193131333384e-01
1.396424851054243632e+00	-4.823531804130165024e-01	5.588913956378795955e-01	1.987942577680775535e+00	5.683812677882961184e-01	-1.978740349195360348e-01	7.319688006164768446e-01	8.342041039535931235e-01
1.957813412410580878e-01	-4.275416228689687959e-01	-3.336848199810995563e-01	9.446411844429490612e-02	1.599895571478485268e+00	-4.876742765042125227e-01	-1.045930912275343072e+00	9.487914095598399822e-01
-2.274514790083580762e-01	9.201351566647114621e-03	-3.591497656932042815e-01	1.453192323140227726e+00	1.258355525790321172e+00	6.871114491143738290e-01	-4.902328949942570957e-01	1.341519263943136808e+00
7.060249690677003476e-02	-5.945934202449809636e-01	-3.496638505258702345e-01	5.834491835544158844e-01	1.752909299983203661e+00	-3.702173720619458264e-01	-1.011592453325499408e+00	1.050555958387478395e+00
3.276510539173562164e-01	-2.277625031936674760e-01	-8.982670932824629584e-02	-1.980016256072370529e-01	-6.011655249486685948e-01	2.596137918490115215e+00	9.578622491949336792e-01	-5.053397300452372454e-01
1.227215462469726681e+00	1.668031452528938030e-01	7.056571406035837546e-01	-2.548175135729188745e-01	6.218762876864063482e-01	3.470065174309826528e-01	2.292028870263911333e-01	1.313613667819919228e-01
1.034325331131761505e+00	-1.581322418633622495e-01	1.635061138665724889e-03	-5.547686044480005796e-01	2.589148627331399055e-01	1.474700254421861811e-01	-2.389012875909541922e-01	-8.015013725076441942e-01
1.014681294118623400e+00	-1.236921909097898453e+00	-2.308297581408709775e-01	-6.123216193033654831e-01	-1.926276002132847609e-01	5.712379355983334683e-01	3.308317646544375878e-02	-1.341171869612382661e+00
5.113645006397160575e-01	2.842835212361101149e-01	-4.204110100888630575e-01	-1.162658167292440314e+00	8.539170226159259469e-01	-8.526838955164357525e-01	-1.067228070176180710e+00	8.440534127282318666e-01
2.541747447942399596e-01	-6.630551366891443976e-01	-2.839174337194477205e-01	4.346673294734871296e-01	1.736845173346506899e+00	-4.143569932219049456e-01	-1.019759735255484800e+00	6.037040084692895103e-01
-6.514486336613792283e-02	-1.091621577622745587e-01	-2.633430745723762678e-01	1.407908513623541413e+00	1.281308209537449061e+00	6.317403806996874094e-01	-4.830710017474825757e-01	8.729198564905062963e-01
1.568591778717944196e+00	2.226275503859554139e-01	2.578870897068892276e-01	6.978970076885379625e-02	9.052481746581533817e-04	-4.680346217002859244e-01	3.605285266999928018e-01	2.589539240824570987e-01
1.369588142291485511e+00	-3.969226053261360465e-01	3.183771604049839832e-01	1.736030396808184051e+00	4.943993471120776140e-01	-3.460423673733475924e-01	5.090633322857972543e-01	5.890227029375597612e-01
1.162805485923664506e+00	-4.582744221362329284e-01	3.942051875495470314e-01	1.724139935011137048e+00	8.014888721061913524e-01	-2.745812933330506536e-02	3.654256138909610097e-01	5.345591507172636758e-01
1.078689437767217596e+00	-6.573664819614775112e-01	1.752378787557508921e-01	2.268266857430769168e+00	8.361222577765372588e-01	-1.382048501935227436e-01	2.990352237736580987e-01	4.688243169415869382e-01
9.720891870967658388e-01	-1.255033295458965803e+00	-2.664177916345336627e-01	-5.134023392755125981e-01	-2.205606418875548091e-01	6.603491961797541832e-01	9.765925156543993346e-02	-1.237607060704212003e+00
3.820043992644769348e-01	1.313357671874036681e-01	-9.177421499519071713e-01	-5.874084848076048804e-01	-1.438588010205984480e+00	1.671342103194528361e+00	1.003002658838255678e+00	7.361896901705072827e-01
2.174162870951002191e-01	-2.321039891136821576e-01	-6.595972387480413257e-01	1.619600629872118280e-01	-9.205849166733117706e-01	2.641065453603612667e+00	8.807965230815463231e-01	-8.269777976227443705e-01
2.783182478824489658e-01	5.114465281403098862e-01	-1.128128601902269823e+00	-2.908870303370681976e-01	-1.190879686490008416e+00	1.985569288690766099e+00	4.869927317898575803e-01	-1.032623149780688809e+00
7.437058690170759157e-01	1.236223529289731671e-01	-2.236282057220878583e-01	-4.127420603072657346e-01	3.750316614894380063e-01	4.778676441918686818e-02	-4.115421903590535391e-01	-3.747425631566874138e-01
1.232882729670457200e+00	-3.906065757992305265e-01	3.260246404599400627e-01	1.673620775650709103e+00	6.978512362657656176e-01	-1.208856108411623664e-01	3.457980790269172822e-01	3.675699212811607275e-01
1.547237095670592311e+00	2.163199166854239686e-01	4.272814851180021245e-01	-1.742981400285417010e-02	1.296997505634586156e-01	-2.963440506681214170e-01	3.828139664423648725e-01	2.359564790836633785e-01
8.135774667463621102e-01	-3.989012206581615261e-01	-3.411887171024342025e-01	-1.544180484476143755e+00	1.002385686300657275e+00	-1.297285798755488218e+00	-1.152277813060225808e+00	3.653542186930411328e-01
1.774437082146194555e+00	2.189660434041532378e-01	-1.683700781353368592e-01	4.770346732182476623e-01	-4.014576332537324599e-01	-1.110135030154512092e+00	3.848632282029395002e-01	4.001139636172354463e-01
1.642592295084037146e-01	-3.968086083714152390e-01	-3.523658810209610026e-01	7.062669626110588961e-02	1.595646823757867594e+00	-4.910809494365854233e-01	-1.055087975611258111e+00	1.020955820570420780e+00
3.930470681836341074e-01	-1.061022615545671559e-02	-3.349474540855494342e-01	-7.304637400143775272e-01	-6.294307361420613534e-01	2.033142657324435554e+00	5.808467207159732082e-01	-8.993850678253644260e-01
-3.577111974908381287e-02	-4.487909633317165303e-01	-3.766066423962702858e-01	6.997277196479431138e-01	1.712937915312041648e+00	-2.429530377252867301e-01	-9.717253699724267557e-01	1.235906643527437732e+00
1.715420760448663207e-01	-6.771026877750947470e-01	-2.832861028337336773e-01	5.814724456052314805e-01	1.752446591207798887e+00	-3.357334206850638991e-01	-9.750491910109100324e-01	7.450606691909991142e-01
1.141734322766161824e+00	-1.075362141965419793e+00	-1.307586283820102169e-01	-6.801898897917065812e-01	-2.267356030709685721e-01	5.149398755174329212e-01	4.347725160526214050e-02	-1.473355851808124894e+00
1.151072148494406644e+00	-4.747102454524388393e-01	3.773155323982296805e-01	1.760040542983681844e+00	8.313903660825889830e-01	-3.657216309776226831e-02	3.349713134812383197e-01	4.200021190749098077e-01
3.537738950999674281e-01	3.418416350008603999e-01	-7.683395911949321144e-01	-7.057053340918788553e-01	-1.236185120193489473e+00	1.717821944047850824e+00	8.995451252037418577e-01	6.987333137661531079e-01
1.703522656784764999e+00	2.113166046794312802e-01	-9.632380398626634588e-03	3.263684636478757506e-01	-2.103531540788198262e-01	-8.283540221049304764e-01	3.399111674241750425e-01	2.551051004097579789e-01
8.867952263414925484e-01	2.648761584503642741e-01	-2.942352217671171943e-01	-7.698613529090185814e-01	-1.284519714228145926e+00	2.072473855790668562e+00	9.449825447661336364e-01	-1.677136909555365651e+00
9.927801509034561711e-01	1.552846641787985205e-01	2.394795043411141189e-01	-3.533175109253405832e-01	5.276724622889620298e-01	2.048291464240186710e-01	-1.110722353375210580e-01	-9.904876104163266859e-02
1.143545857093772655e+00	-5.711720976494145674e-01	3.741479053394669574e-01	2.002374509669463620e+00	8.402672687467359625e-01	-1.497634536207691561e-02	3.935802722726609026e-01	4.781362850861489155e-01
3.541279928372096375e-01	4.524013766130364766e-01	-4.679257802096970509e-01	-1.079260552942732376e+00	8.585413930449290465e-01	-8.173965546840091800e-01	-1.058186923981057959e+00	1.223152784066292575e+00
7.097293366308902174e-01	2.188446807283400408e-01	-2.231706207852292845e-01	-3.855219631312445938e-01	3.911639604822306215e-01	5.784069548093370705e-02	-4.109086983426527007e-01	-1.999334284672659168e-01
4.464046544546843576e-01	-5.045651681737910454e-01	-3.760044390612421461e-02	1.278330593599358078e+00	1.270829750909394651e+00	4.134268270087709807e-01	-3.959336822624846541e-01	-2.759339049772757124e-01
1.710832335238938295e+00	2.637138785493845505e-01	2.885688409173986502e-01	1.808037218851033245e-01	-8.886793176444851561e-02	-5.510585159099901098e-01	4.463830016346093110e-01	2.770625484093226509e-01
3.629804934033853403e-01	-3.464801097729430235e-01	-6.232409997159387566e-02	1.155413428530343456e+00	1.268217286635431540e+00	4.100696338964707199e-01	-4.465487007244789974e-01	-7.116445802704883528e-02
-8.227968903898176534e-02	-3.821099338876379203e-01	-3.757765152979206658e-01	7.533516574477385763e-01	1.675555846667571291e+00	-1.650617619243922585e-01	-9.235955324523660304e-01	1.356460807933945301e+00
1.299769306656234358e-01	-4.397212302721780208e-01	-3.252704060798122243e-01	3.755702876024462622e-01	1.618598281235781533e+00	-3.330112980619669427e-01	-9.882118834422183307e-01	9.299790012410692475e-01
7.202705324044365032e-01	1.452800447055062893e-01	-2.169184254042713367e-01	-4.007590487988762495e-01	3.941047149981355968e-01	8.028622060832746321e-02	-4.140709993626540131e-01	-3.611235002287676576e-01
3.893061472887028307e-01	3.483563749311107127e-01	-4.652075653581350112e-01	-1.195143534561773135e+00	9.128080131498667038e-01	-9.597269183011473137e-01	-1.117428577061991390e+00	1.232823322358624241e+00
1.553354112327786085e+00	1.579950770241454749e-01	-3.941135141119846141e-02	1.996501549045246182e-01	-1.191057766348718183e-01	-6.193087710364827414e-01	2.267048173791207932e-01	1.515159061603808255e-01
1.404617847490857718e-02	8.740498902884343835e-01	-4.995044629835641570e-01	-3.205580051225579430e-01	4.214449034699046526e-01	2.555278221643934589e-01	-5.604387567709450124e-01	1.250986544694510982e+00
-5.676402304040138735e-02	-1.077979777595499261e-01	-2.772038873045867824e-01	1.405178678141810300e+00	1.249546436968175467e+00	6.311550682003284063e-01	-4.780525546898804490e-01	8.677227790540136265e-01
3.736544895422050372e-02	-3.973130418121217367e-01	-3.701221542090452621e-01	5.881121059632115067e-01	1.610270706254559592e+00	-2.543116583631886418e-01	-9.508975434798141446e-01	1.154370129945450962e+00
1.064913592496323780e-01	3.601218433747811754e-03	-8.754902579504671989e-01	1.083593394601114479e+00	-8.073637702575872099e-01	2.609384873848198172e+00	6.896407796225282327e-01	-3.798819773449396142e-01
3.705699254071151416e-01	3.847425774032279255e-01	-8.194883263471366419e-01	-1.227249874212559044e+00	-1.299042459904080404e+00	1.400978925585591117e+00	7.887392597900196867e-01	4.025469757704863150e-01
1.615913239811567204e-02	-5.123622334620514529e-01	-3.101598344913171768e-01	8.692215047578526477e-01	1.704941891652524077e+00	-1.047603356234149546e-01	-8.924548072524305375e-01	9.694197462360213402e-01
1.642645394408861481e+00	2.576988240061194313e-01	-7.930814004253955440e-02	2.787713532291692942e-01	-2.069985963931070816e-01	-7.599124446889373719e-01	2.476130393752973280e-01	1.786772692090976000e-01
1.071684336137509685e+00	-6.015131216763547339e-01	7.325006912101805767e-02	-6.566143806988707921e-01	8.639451133231186297e-01	-4.051365851571506749e-01	-4.896300035562750619e-01	-2.016391036437450712e-01
8.743369426733665906e-01	-3.900488997647868494e-01	-2.017061428422572966e-01	2.445032467724042591e-01	4.713671504404809420e-01	4.461931971521684859e-03	-3.284731860491535982e-01	-6.719020227072812768e-01
9.755273533678385234e-02	-5.629644977813552664e-01	-3.911072165017876467e-01	-1.982505628551807855e-02	1.745899806985457881e+00	-7.599257669637524693e-01	-1.160841437682456734e+00	1.394262826066369421e+00
2.367087136588242324e-01	8.605241663759877202e-02	-1.012253070651664588e+00	1.149973373435489332e+00	-1.162106742751338961e+00	2.571485111813791136e+00	8.759424067133004810e-01	-2.888112590709124849e-01
-4.898396622378831111e-02	-1.986454116446461915e-01	-7.134169291207005381e-01	1.249086946456093639e+00	-7.889409293414102464e-01	3.015371943981591141e+00	1.013968536211306004e+00	-6.934156612397370141e-03
2.477018831991985026e-01	-2.962541921429555081e-01	-7.284108300116876045e-01	8.002326529998929905e-01	-8.349320928517951490e-01	2.692253133277926924e+00	7.725040144034653888e-01	-1.094714211629746137e+00
1.699951011850223903e+00	2.274603080594296556e-01	5.525330194008598594e-02	2.951433715193578222e-01	-1.717191798253768775e-01	-7.803286227522774343e-01	3.605341807276745136e-01	2.968861434235123831e-01
1.031870469831814185e+00	-7.038780227778729248e-01	-1.992906214636211426e-01	4.442319186630868111e-01	4.196824767356627794e-01	-7.166545486298056544e-02	-2.789256731339672668e-01	-9.393373279966955591e-01
8.777950070993144616e-01	-3.906849132267127822e-01	2.931659200424804324e-01	1.292514528443776900e+00	1.016560777158394213e+00	-3.361875040429195272e-01	7.643990188250829321e-02	1.562144354851442873e+00
8.082574645143256742e-01	4.647032910204583755e-01	-7.937316038025099552e-01	-9.630235863751454017e-01	-1.538522077974337599e+00	1.329153560354234154e+00	8.172652514052950457e-01	-5.191349706210937054e-01
1.662581535365976082e+00	2.551187601226595492e-01	2.253195942041621713e-01	1.763103744837603848e-01	-6.485675847494588864e-02	-5.933465839552866106e-01	3.895767670717935061e-01	2.989645450799048865e-01
1.178500058444127863e+00	-5.063805939340049189e-01	2.385865476583704237e-01	1.940723257458828233e+00	7.452716795606300071e-01	-1.489989123524022019e-01	3.108374096733828029e-01	3.735855523597739758e-01
9.619593763847275047e-01	-4.177193374311287122e-01	-2.668438495043336522e-01	-1.231719369240083850e+00	7.947710306506950984e-01	-8.741812597483217262e-01	-9.013916656042619824e-01	-2.390179727258811282e-01
1.299037374737307682e-01	-7.315096126319619030e-01	-3.213062784757441670e-01	3.660886720530873717e-01	1.850252244831557924e+00	-5.945257686379346040e-01	-1.084725048291128369e+00	1.120066063211853313e+00
9.543624232334082524e-01	-8.316241130718451391e-01	-8.034847425190651260e-02	-4.242994847482498000e-01	5.004494746496648827e-02	6.202073416379044746e-01	1.036432667965379167e-01	-6.577197578925348953e-01
1.234030106853076125e+00	-4.749241252161776616e-01	5.442818181797862143e-02	1.898538742473365515e+00	5.572334285024380662e-01	-3.972851128974373425e-01	2.795731991104010716e-01	4.159576138349271868e-01
1.271027372135728140e+00	-6.590361643616130527e-01	2.448564166289110833e-01	-5.464915150339912930e-01	1.389216355505673572e-01	4.279554424536918811e-01	1.034851166807788658e-01	-9.102758183383871105e-01
6.759394469627678648e-01	-1.019675753706990595e-01	-4.857119399734082243e-01	-5.884251673753926326e-01	-9.897853334013700932e-01	1.822766793897354631e+00	7.380523886673237000e-01	-7.400327798107139143e-01
9.793334658128294290e-01	-9.366036075341198641e-01	-2.171486576392059886e-01	-5.867897093580458634e-01	-6.006403839183353105e-02	4.367349974404289292e-01	-9.831099744820709363e-02	-1.187892539757320121e+00
3.410918062751703839e-01	7.001488300694608258e-01	-3.269802735043714215e-01	-4.135321710735383460e-01	4.922171033604318402e-01	9.844922608318966428e-02	-5.756226698525859220e-01	5.717911417180696620e-01
1.370583270272314191e+00	-3.506875952359898574e-01	3.611169965573387541e-01	1.581127613517151920e+00	5.456322217225937354e-01	-1.911953519568400095e-01	4.238622227936380549e-01	3.542387063985610873e-01
1.281788658179444429e+00	-4.945089341277262296e-01	4.243965361851855800e-01	1.956108295366924654e+00	6.830369400225693166e-01	-1.365897882035485289e-01	5.226132099312271739e-01	6.125747441027238338e-01
4.115742468710055224e-01	2.525240663772273519e-01	-4.687957543112649672e-01	-1.303744977376413372e+00	9.582139843584770444e-01	-1.109644132223279955e+00	-1.169598248788189299e+00	1.303352703008192837e+00
6.386414334250681835e-01	-5.314995796878830836e-01	1.862450551127105280e-01	1.028359116245700644e+00	1.239059590713633474e+00	4.115989686528583880e-01	-2.674767199912659321e-01	-2.275782215030276168e-01
3.129780987948120319e-01	4.397732837057958255e-01	-5.011375116162830601e-01	-1.093400179130107119e+00	8.622035123002155244e-01	-8.761910816872752195e-01	-1.074282400234021217e+00	1.392217404010322568e+00
9.470923125013499533e-01	-2.693988746089935327e-01	-5.076976203492294948e-01	-7.800235117342657620e-01	-1.223275195661454928e+00	1.589087787061753909e+00	7.383795820257007536e-01	-1.889439573283927754e+00
-9.795732813766696093e-03	9.713831553270401153e-01	-4.932454538264200439e-01	-3.448037808096016676e-01	4.719495997179464775e-01	1.875101175406584941e-01	-6.065554499194515392e-01	1.316109273320955619e+00
1.228302119462645559e+00	-4.920304094310652965e-01	4.055134767904187143e-01	1.923121216637524444e+00	7.391405875494759803e-01	-9.255507224127645927e-02	4.614465789132116136e-01	5.529737702156909407e-01
1.268513604143455042e+00	-4.775947912424072239e-01	4.620320635611465665e-01	1.912826304685753653e+00	7.111889929912131869e-01	-8.690728734351581275e-02	5.243659623483565291e-01	6.027210941041061254e-01
1.764297408572207959e-01	-6.142978418705649091e-01	-3.590960843696641702e-01	2.358469812853459524e-01	1.723956507344785116e+00	-5.994428893135519409e-01	-1.090218224010710557e+00	1.042279106156331903e+00
1.212159016909696019e-01	-5.081516414634998924e-01	-3.598595602713345332e-01	2.168881621926653791e-01	1.705918153293543460e+00	-5.221910230633921568e-01	-1.083781430492749109e+00	1.071563899318483504e+00
2.843663676839983112e-01	4.061228427783182271e-01	-5.032002148427080490e-01	-1.136129631826628961e+00	8.984298672522134099e-01	-9.330527261713851273e-01	-1.095247113614200796e+00	1.501091531912427612e+00
2.082115953111777218e-01	-2.766274313041974242e-01	-1.147910457654755190e+00	9.395494965652788633e-01	-9.330682574917368299e-01	2.262363728359258364e+00	5.573889071898353587e-01	-8.049198242770396750e-01
5.430720455010732417e-01	2.429656837948116210e-01	-4.050642462526848342e-01	-1.172012608831423774e+00	8.322580869037047302e-01	-7.924610390306556784e-01	-1.036263821665713403e+00	6.886436697292006581e-01
-3.112976958396965754e-01	2.961457898687092083e-02	-3.580017165781211319e-01	1.582818711809938828e+00	1.330445770219172985e+00	7.467787068994804489e-01	-4.838307805638912829e-01	1.546131320183344204e+00
1.723881729547011021e+00	1.225536564333759570e-01	2.869890136695945060e-01	-2.274786794488185826e-02	-3.354910454637625994e-02	-7.629878078747757142e-01	3.680049316138718218e-01	4.138908482684860446e-01
8.972065052109268191e-01	-2.512368840056548036e-01	-1.696499189651981543e-01	-5.167274435173516700e-01	1.900054904563329705e-01	1.841466450558008616e-01	-2.955381844236972810e-01	-7.914905513527058512e-01
1.408144439464450670e+00	-4.053824420983355159e-01	2.946717236340550272e-01	1.902696815190076718e+00	4.584443613452762190e-01	-3.425516671461891760e-01	5.369063423894083753e-01	5.438364428853883492e-01
-9.212418713221798283e-02	-2.698965093241576518e-01	-4.721906072852268266e-01	1.224477022973059770e-01	1.626596882138025002e+00	-5.690745066375133554e-01	-1.098384078690280985e+00	1.808748443659208505e+00
1.517740167407691798e+00	-3.140951501988505923e-01	5.131538835511629815e-01	1.487250328242168740e+00	4.280812952907740998e-01	-2.657180649844146370e-01	6.064629100830166708e-01	4.854523498516641888e-01
9.900699793689230477e-01	-2.523786051978586520e-01	-5.797462114836027247e-01	2.649663849070014177e-01	-1.145072744306412371e+00	1.876773283063763120e+00	7.037359607335267331e-01	-1.722557559356262313e+00
3.307265173072512776e-02	-6.769761041606165985e-01	-3.033148954816792253e-01	9.321338092477835513e-01	1.815491148808554556e+00	-1.995357658520700850e-01	-9.251812777605409321e-01	9.658529045332560070e-01
2.928330015810629572e-01	5.498456005626808363e-01	-4.763612914227671746e-01	-9.731834650721201685e-01	8.258815825772422015e-01	-7.013526904245912519e-01	-1.011352971712591309e+00	1.286990280818247623e+00
1.593659336691430617e-01	8.304073463390564402e-01	-4.353641096534981436e-01	-3.774606669240461732e-01	4.511461983900905137e-01	1.318587144096158847e-01	-5.855394018946731283e-01	9.844841125292225215e-01
4.291823608416083236e-01	-4.388729747855849572e-01	-7.411124128163733282e-02	1.246915911112288944e+00	1.234834462882912876e+00	3.893256243113450421e-01	-4.136065734591019005e-01	-2.037415433901413331e-01
1.136245429030061649e+00	8.294080579354171090e-02	-6.496953979170843052e-01	1.424749407351647845e-01	-1.982413765159501962e-01	-7.239221417084900079e-01	-2.935330086466602650e-01	-2.931435315098633865e-01
4.713007874147012721e-01	3.520793896208050944e-01	-4.150951107870253787e-01	-1.087432279577513317e+00	8.355195079881734266e-01	-7.462535396693742440e-01	-1.030481468731970551e+00	8.431649053994046961e-01
2.667810062205446808e-01	-3.620692508981301905e-01	-3.639472740011986396e-01	-2.924097680312486847e-01	1.514285218641415076e+00	-7.147031028267286645e-01	-1.135333317406850950e+00	1.011722036517562096e+00
6.255811715466709222e-01	-4.278119900427959643e-01	4.735258124896221665e-02	1.188618882010476829e+00	1.104744525698307722e+00	3.316248047753771466e-01	-2.427491975020538706e-01	-1.600936460996356669e-01
4.713464940073755494e-01	5.974579385944412957e-01	-3.560662061010753665e-01	-4.360211051081398503e-01	4.153071865294102327e-01	3.795206392180428684e-02	-5.783349952478362699e-01	1.246298119720497810e-01
-1.253224858286394461e-01	1.087970342020357251e+00	-5.405907592612133605e-01	-2.837265504749184042e-01	4.956139646742404037e-01	2.432270420625909368e-01	-6.108358335283486928e-01	1.594854183431811734e+00
9.344968448697865693e-01	-3.613071994737804271e-01	-2.538934964606530120e-01	-1.189716918058346895e+00	7.826445575008087463e-01	-7.995193632437889164e-01	-8.674394362106789824e-01	-2.140247304350534896e-01
4.197531678018479040e-01	-5.011243208126160420e-01	-3.287071846547660603e-01	-1.906581427672479623e-01	1.511306543569494565e+00	-6.891693145529754760e-01	-1.097211722492600128e+00	5.757092522158797632e-01
1.660426991655930218e+00	3.270909474857233157e-01	4.922119451842994486e-01	1.375683547452102029e-01	1.527325157047884630e-02	-3.006425037291579616e-01	5.229540530406572296e-01	3.335140082655065896e-01
5.177637931631198231e-01	-5.956800556975148098e-01	-1.920036982583719354e-01	1.647553454541330176e+00	1.144594994845357760e+00	1.968858390185996843e-01	-3.711224143124595698e-01	-2.482216949080961466e-01
3.423242892225878964e-01	9.513300422264836520e-02	-1.055745701113027124e+00	7.142517676822374151e-01	-1.064664739524619597e+00	2.241663628742384340e+00	5.834279096472082538e-01	-8.128267790252338143e-01
7.244363551538398616e-01	1.437594413566500584e-01	-2.425231521023099301e-01	-4.103116894280613436e-01	3.743347771845865757e-01	4.103200202805652036e-02	-4.167854266306630362e-01	-3.366305920097078519e-01
2.185029642849492248e-01	2.997636949540820606e-01	-8.786256678438656431e-01	8.142245475988714176e-01	-8.054245884093007568e-01	2.358603056476816118e+00	5.169739320780071257e-01	-5.121551042748272442e-01
5.428876450579833701e-01	-6.484084457314174266e-01	-5.622060459130469035e-01	-4.627313981304407298e-01	-7.721676893228274219e-01	1.807089124461769947e+00	6.086924609920312257e-01	-1.520305549020930513e+00
1.152886127992437837e+00	-4.214824829942195872e-01	5.885872758011734263e-02	1.758437552646739510e+00	6.405568765454958680e-01	-2.410697140134275829e-01	1.822386954922785851e-01	3.094852904128723159e-01
7.666032092899086048e-02	-5.049054292616069750e-01	-3.910313750127396015e-01	1.498339187168399311e-01	1.700053465837021882e+00	-6.005820935823958928e-01	-1.099980756823947248e+00	1.315813725921882282e+00
1.420410417213874288e+00	-3.880293682523147103e-01	1.089217230875396403e-01	1.555424433228678405e+00	3.962130160987608063e-01	-5.797129220472712063e-01	3.236572835053317387e-01	4.692644978891265528e-01
1.320391487847716316e-01	-4.638897273002791644e-01	-3.191805291976406167e-01	4.150425728319735441e-01	1.658265571014688522e+00	-3.136732719130633229e-01	-9.886847495370126859e-01	8.847337122693224032e-01
2.771077101035940293e-03	-5.308345530829003955e-01	-9.041141856112556718e-01	1.030663417511947788e+00	-8.977236030363806574e-01	2.656647914759889595e+00	9.801407072993978398e-01	1.090242302049610756e-01
1.442925392990759947e+00	-3.771282698039702952e-01	5.768296623058793982e-01	1.605704478615631148e+00	5.585336768453091905e-01	-2.068911366099542015e-01	6.345232996951073456e-01	7.039380818128355699e-01
1.290075363348476056e+00	-4.500764586657842736e-01	3.510267561974373951e-01	1.915749621392137003e+00	6.248439433191558257e-01	-1.589792438439417421e-01	4.807689645892435637e-01	5.614303598755318037e-01
1.570087404642662054e+00	-4.714112721749093293e-02	4.771194319835565523e-01	-2.845522538379081090e-01	-1.182251718487037806e+00	2.043608159593621298e+00	1.493197901739347522e+00	-1.398178068350242498e+00
1.600290711408780320e+00	2.379959117517717881e-01	3.917009608422212796e-01	4.157655393810213984e-02	6.234507002333657122e-02	-3.962523082610866498e-01	4.071899000466728813e-01	2.634636066627978890e-01
4.705188064132741488e-01	-4.057991158473440718e-01	-6.255278224204656456e-02	1.025059612203071291e+00	1.143507844516255645e+00	3.837584516838937199e-01	-3.842188714148205286e-01	-2.509920259102322859e-01
3.319947661609117251e-01	3.649766358028696533e-01	-9.502519620109033394e-01	6.734128105028364120e-01	-7.799478818674678848e-01	2.042636229052982699e+00	3.150343302723610517e-01	-7.601984914262273074e-01
1.307269372152110865e-01	-1.986866645676001464e-01	-3.456464315219228700e-01	2.961326206761019653e-01	1.437839119592440484e+00	-2.095569592473190967e-01	-9.170877443589680045e-01	9.247960968463085907e-01
1.236376174459508315e+00	-5.234259076595242366e-01	1.173244552851743783e-01	1.999968226827183893e+00	6.238095193986807896e-01	-3.364265327440555953e-01	3.056594776467722596e-01	4.185608292685558673e-01
5.678890272754361090e-02	-5.876533524664936392e-01	-3.353670742979327213e-01	3.831815077081662801e-01	1.794499781625940482e+00	-4.749317934888656056e-01	-1.057232448655341717e+00	1.199296095894019754e+00
1.294024900959286795e+00	-4.863976298088040773e-01	2.626227123738440472e-01	1.977921399296040939e+00	5.911183362421804643e-01	-2.823341786485894511e-01	4.490164703944786728e-01	5.579847941204520989e-01
3.028571659977863928e-01	9.638925963521027818e-02	-1.049327315578768793e+00	8.745679893559417106e-01	-9.944117849997355929e-01	2.205534816284870470e+00	5.677451229613319494e-01	-4.921478106529411645e-01
2.158198686877066952e-01	7.775623868067605970e-01	-3.752223062923836228e-01	-3.917256281455793743e-01	4.843438114550979168e-01	1.617435070344129255e-01	-5.817212459913806422e-01	8.018095867715275826e-01
5.781394540208271149e-01	2.767882183790096873e-01	-1.354744292880126988e+00	6.144175935734431659e-01	-1.241316115812343579e+00	1.584313223860988273e+00	3.055690898299242009e-01	-1.056863445889324682e+00
1.031528619837103200e+00	-7.717511967659062000e-01	1.986256705729755045e-01	2.627156828296527191e+00	8.473567089893224713e-01	-1.209887398904162525e-01	4.267097797589038954e-01	6.747446745350457187e-01
1.355850048267495667e-02	-2.487104221848289165e-01	-8.863309410750285222e-01	1.005309703427343049e+00	-6.894932199704861819e-01	2.622741276498276264e+00	6.442319695157882053e-01	-5.103998036687599216e-01
1.311401470422717264e+00	-4.299089629947396296e-01	2.726157880746555850e-01	1.940990035494267296e+00	5.378483279930406091e-01	-2.236815704983556585e-01	4.781567302671558828e-01	5.693222682532603773e-01
3.829432418987779863e-02	-5.030628624015225370e-01	-3.184424187932004546e-01	9.096648118375066927e-01	1.669078212024636576e+00	-8.650664550951144005e-02	-8.697125449869287372e-01	9.114498602420881834e-01
2.289618067490342690e-01	-3.321986859284523641e-01	-1.477706669344307500e-01	-8.767375371766682468e-01	-5.729038398830824663e-01	2.405262524034511351e+00	8.326509239301468357e-01	-1.142154789278213567e+00
1.795083166997011981e+00	2.620875513499819620e-01	6.679564101550763411e-01	2.349906178904190290e-01	-1.078420429858692117e-02	-4.063510394850386453e-01	7.181072243032817770e-01	5.223552139883583800e-01
-4.649570398379831992e-02	-4.690753453323603939e-01	-3.606335977778192814e-01	6.894308599840107687e-01	1.733531783982685814e+00	-2.480047650621869382e-01	-9.636412926491285669e-01	1.302807764960100645e+00
1.717537452341794335e+00	2.354490522675871389e-01	6.258527241766514981e-02	3.184556124167552404e-01	-1.809752136913178600e-01	-7.841641308775378905e-01	3.788949838858944874e-01	2.810848580640057937e-01
1.119023933878440902e+00	-6.073951122723035834e-01	3.767690508547578698e-01	2.179703081747216498e+00	8.074166032901798351e-01	-6.768338954346472119e-03	4.933242221209142020e-01	7.359137719924007115e-01
7.006452146053635532e-01	-1.013141416035838960e+00	-1.373755297223620830e-01	5.092215278555074082e-02	1.583152494647344088e+00	-5.801530192701618294e-01	-9.032978707138413776e-01	-1.605902872976645301e-01
1.153195700109263866e+00	2.131234062538886198e-01	-7.991798406961849732e-01	-4.387869543004017103e-01	-1.008621977928072094e-01	-1.762170225236412646e+00	-6.924154586076665119e-01	1.065697265719578013e+00
5.000693108687956911e-01	3.550978163332469961e-01	-3.978291050549781493e-01	-1.000335326421112780e+00	7.574400185329079882e-01	-6.147177748804895092e-01	-9.457351238535831595e-01	6.820410971887445051e-01
1.266167646008827807e+00	-4.327939773574040472e-01	9.992436319645389697e-02	1.835750597549785645e+00	5.246560187666416963e-01	-3.583874653101237207e-01	3.211318794880424488e-01	4.261455124113900372e-01
1.071494758024764904e+00	-6.167945343567410310e-01	2.898751515154905922e-01	2.230480612684966335e+00	8.816793028129841225e-01	-9.053584934687230329e-03	3.510024895656492783e-01	4.888071769464844563e-01
7.198502705206173413e-01	1.240112016713557364e-01	-2.499748539518055757e-01	-4.225794201499760150e-01	3.618265197288770829e-01	5.128744095079104670e-02	-4.096806314055639331e-01	-3.375080736818744653e-01
1.671653999598405660e+00	2.106067831240727994e-01	4.842290865942593392e-01	-1.068417515930672884e-01	1.124545893853245021e-01	-5.949568843446493283e-01	3.996998714200760139e-01	5.513264786504751269e-01
-1.237978910861288993e-02	-2.037805871236966493e-01	-4.319419777649795011e-01	-4.941424564867240993e-02	1.541044235874787560e+00	-5.615819268637536332e-01	-1.074463388978960099e+00	1.646459971595144012e+00
1.253174902838964488e+00	-4.542268699737692650e-01	5.117641653937406998e-01	1.804851594823089656e+00	7.683438775469922932e-01	-4.265007750710883561e-02	4.963260279218273396e-01	6.033002378580327729e-01
4.764144341372795188e-01	3.023234583254941210e-01	-3.670807543207695867e-01	-1.125487119573674422e+00	8.964808929602726684e-01	-7.187132036297414484e-01	-1.034737957262746644e+00	7.823785738271791246e-01
1.240390640745853146e-03	1.306022090820858905e-01	-1.609592192406073541e-01	-1.311720616611722567e+00	-4.402017628921431336e-01	1.953499251009855664e+00	7.596661792893147913e-01	4.258871229796180047e-01
-7.558299004905753848e-02	-4.332966867787350074e-01	-4.028443689399865413e-01	4.929445416146506220e-01	1.730829693629128974e+00	-3.981350959397209621e-01	-1.025225848079083679e+00	1.570077353301156275e+00
-2.284153116766150238e-01	-2.785049303417789779e-01	-4.780700882903060056e-01	7.119347767845335406e-01	1.622897159157482339e+00	-1.666425260541095354e-01	-9.376975649665597601e-01	1.807748841158803188e+00
9.821390093931784415e-01	-9.235689777432218861e-01	-4.319022986020620292e-01	6.316811891800516721e-01	9.113135710616026008e-01	-8.723015299235306053e-01	-6.677180775130240331e-01	-1.938850423085399510e-01
1.000853015306017724e-01	-3.097022256613832236e-01	-1.051875588319405086e+00	1.124084987452597995e+00	-9.733538254932160294e-01	2.580614942043847115e+00	7.936460151305869681e-01	-4.358353450992805134e-01
7.207531479172454292e-01	1.500345052552193859e-01	-2.516838170623034165e-01	-4.274770881834322189e-01	3.652462816563046277e-01	4.822260257251233945e-02	-4.217838657550184722e-01	-3.837906599419450004e-01
1.605197614351842716e+00	2.290651922801451301e-01	1.251474303402906052e-01	1.550967247717093545e-01	-6.527446519781615608e-02	-5.954062295231642432e-01	2.942071132774309872e-01	2.053233761980605421e-01
9.950065591593052483e-01	-2.389519497761059819e-02	6.345832180634752850e-02	-4.256373090673561954e-01	3.628372922531510336e-01	1.789210750077386280e-01	-1.877244034159634700e-01	-4.579812310828850763e-01
1.319942953889492454e+00	-4.413357703605984006e-01	6.224170163448027315e-01	1.703761068217873209e+00	7.407400068990689368e-01	-3.390832022007207042e-02	5.817212608108937033e-01	6.560105619377643027e-01
8.103664459681945154e-01	-9.173207347955266711e-01	-3.002291598632237934e-01	-6.172486079734691433e-01	-1.432153740443425638e-01	6.673643010313395907e-01	2.625952987551000151e-03	-1.032776586829570187e+00
2.232013514037999580e-01	2.507870978380173366e-01	-9.486098782965606269e-01	9.397360895258690672e-01	-9.236394447937747998e-01	2.442263530747030842e+00	6.065950038314488202e-01	-5.574047635176386795e-01
-3.421826179976980575e-02	-4.120460350629957524e-01	-9.105284297336501131e-01	9.474052854474491747e-01	-6.528807997727936741e-01	2.646862147146317401e+00	6.515716684987474805e-01	-6.143589830453355383e-01
8.549952044683232222e-01	-6.218056275721420834e-01	-5.317069224884851675e-01	2.027102250753933355e+00	5.775313124751548788e-01	-4.906340320063780625e-01	-2.619483715692466075e-01	-1.584668143221487635e-01
2.211474397927147006e-01	4.506880244578362893e-01	-5.833484558824616473e-01	-1.022585097308132962e+00	-1.018093183383468325e+00	1.766480982836493352e+00	8.311763023563814023e-01	6.866568447679897158e-01
8.637337829224256414e-01	-2.365193941602050098e-01	6.198298417095158275e-01	6.787265778150759488e-01	1.100890862295911932e+00	5.218966002176645969e-01	6.822299834882522562e-02	1.409623498251025286e-01
4.169066093071669421e-01	-5.470201549075954794e-01	-3.272891816442905499e-01	-2.618852005363149216e-01	1.562413277301493597e+00	-7.903559345300247285e-01	-1.143011391415597044e+00	6.342922442864417087e-01
4.065511534715291475e-01	6.100815832033698038e-01	-8.063586521731553880e-01	-1.332463643675064313e+00	-1.322714924209001497e+00	1.394172214667203313e+00	7.442597801890641351e-01	1.596256291622981660e-01
7.143863577678597476e-01	-9.849740655897509800e-01	-1.758082604537657134e-01	4.613229976871529442e-02	1.504828508627830796e+00	-5.843441618213504052e-01	-8.933420721254267116e-01	-1.974224153915399294e-01
1.085339717120122449e+00	-1.278919327136124773e+00	-2.330080164227432138e-01	-6.470086671237803566e-01	-3.766048881598153542e-01	6.663946689785613664e-01	1.778343114635851929e-01	-1.558321267538766319e+00
7.943053371954317265e-01	-6.459185684373780489e-01	-3.884495967894920354e-01	-7.441310475413346337e-01	2.590407297969222200e-01	-7.846771790213924458e-02	-4.216427908998907070e-01	-4.384076318212206669e-01
8.107475542631654708e-01	-4.265970653517559552e-01	8.123772346240807352e-01	1.230618471196323505e+00	1.353546240198135298e+00	6.986993526578703095e-01	2.285647228478942250e-01	3.608574138012797805e-01
2.052860030915640843e-01	-5.896023478807671525e-01	-2.707149414916716346e-01	6.354189174451126965e-01	1.679929857350805689e+00	-2.444665199695703894e-01	-9.252174162901949384e-01	6.462592196596574912e-01
1.461097706944722407e+00	-2.147221281088830536e-01	7.163106948167029531e-01	1.342058765725458347e+00	5.369998089940437591e-01	-3.834009314859072176e-02	6.962785180144792641e-01	6.113555997151025601e-01
3.127110615979871167e-01	4.706727766958591630e-01	-4.922505036609414186e-01	-1.070495618777130620e+00	8.772437005934988763e-01	-8.338514779553304335e-01	-1.080575080933599441e+00	1.298507300787046459e+00
8.194742942330203173e-01	-4.409554320134682626e-01	8.361600993648888869e-01	1.288237046040811906e+00	1.343676927260602616e+00	7.333112922485398588e-01	2.747901611937798583e-01	4.017490134882716335e-01
2.149096191885749851e-01	1.602164847908452150e-01	-5.809600995096910747e-01	-8.768278881333767538e-01	-7.511644583968101196e-01	2.060083954773937354e+00	5.342117966564996490e-01	-1.019170860914455412e+00
1.087400338101929931e+00	-7.435243599127489000e-01	5.012217500984225693e-02	2.168019824575987187e+00	6.810748005647645487e-01	-1.498648819205489757e-01	3.345902285123495412e-01	4.793763059893573208e-01
1.407722098296048774e+00	-4.629832632709972029e-01	4.655540681052507956e-01	1.831622544392168983e+00	5.654224360605254462e-01	-2.551476087866296760e-01	5.950421660756095577e-01	7.089693492965014610e-01
2.444644709490855772e-01	-2.701674098934316870e-01	-3.284335237166444710e-01	-1.511911720310981366e-01	1.462715947870980804e+00	-4.773413406776504941e-01	-1.030871526906965485e+00	8.324338327302915896e-01
1.220290339805848223e+00	1.317198747459437380e-01	-6.942418764009486987e-01	2.505278517997068799e-01	-2.830824475312137545e-01	-8.579762936502761672e-01	-2.626112056050736165e-01	-2.586398786357617663e-01
1.466515711427926583e+00	2.064115882391981682e-01	1.765478348024239474e-01	-4.133534217357398913e-03	6.483263972068145642e-02	-4.004316552419147635e-01	2.137284793062654287e-01	1.375392781452761670e-01
1.735793881196827648e+00	2.432551233502000809e-01	3.502956765988477494e-01	2.498713992106949555e-01	-7.595979686928767960e-02	-5.940062799334709931e-01	5.138172379473127105e-01	3.938378795933290544e-01
1.158756936092836254e+00	1.070819127191126596e-01	-6.843599945958549480e-01	1.837788980245944892e-01	-2.334960588931229708e-01	-7.533890585600759859e-01	-2.938705784367634521e-01	-3.353999166849180313e-01
3.949092704940581067e-01	-6.414708291515430760e-01	-8.595557473713972760e-03	1.698859857271638685e+00	1.468552774131899552e+00	4.486721236793587697e-01	-3.950576669076204528e-01	-2.284164257183439739e-01
6.858552643800273074e-01	-5.820053938769685631e-02	-3.802102552259287171e-01	-1.299230518353803321e+00	9.031419770063374708e-01	-9.957296606329276711e-01	-1.089093417934835273e+00	4.950182221326698828e-01
4.169846186850235670e-01	3.009283288722675032e-01	-4.909886590744927948e-01	-1.131645294537061197e+00	8.271452469713292954e-01	-8.788549420863630557e-01	-1.063925362728350477e+00	1.135100807287383606e+00
3.388126336187929355e-01	-5.000574995242983434e-01	-3.031789630748600861e-01	-5.696956030559719580e-02	1.555793972305025807e+00	-5.607170682276331197e-01	-1.054767699354950850e+00	6.243699019726507426e-01
4.497487890534979105e-01	4.500649452948948248e-01	-4.810616536879177563e-01	-1.069922712552640265e+00	7.661947344904020962e-01	-8.202434558626793271e-01	-1.040830663566985503e+00	1.068891524316923913e+00
1.554497262014090442e+00	-1.837049460354669983e-01	-7.264230298480853221e-02	-4.415643202602068107e-01	1.886223991452780635e-01	-1.079679588066345675e+00	-2.115136058408059183e-01	2.156426451653372101e-01
1.162216449910976168e+00	-6.619714510997063428e-01	4.139929756641119729e-02	1.478119990222290792e+00	8.040585976064253959e-01	-3.997827264567169192e-01	-5.514098572847203096e-04	2.659246016125681455e-01
1.105977160209771215e-01	-7.415775529599134552e-01	-2.936063409400958002e-01	8.710510627581796728e-01	1.833887831346937114e+00	-2.659444199760629957e-01	-9.586936416087905588e-01	7.737433285691521778e-01
8.331346100311793901e-01	-7.748667752626819949e-02	-1.968485951132301626e-01	-5.258271813757544599e-01	2.376094419778506106e-01	1.401862372763512943e-01	-3.353058016659000717e-01	-6.934626458603053711e-01
9.527084628062369998e-01	-4.107356764112356506e-01	-2.565614097673479255e-01	-1.233185882527262356e+00	8.154686993576844012e-01	-8.683913919119659042e-01	-9.009987803224925873e-01	-2.090321157621355674e-01
4.920666975054461822e-01	3.359064256104762336e-01	-4.102279014611590058e-01	-1.181477516615285994e+00	8.364466260322848123e-01	-8.021127859999135357e-01	-1.040458109032408984e+00	8.274856292989130058e-01
5.549185075340733464e-01	1.276413196444846354e-01	-4.257606816665900906e-01	-1.308499955301895223e+00	9.132855053978531368e-01	-1.030335627038558854e+00	-1.130744030562115254e+00	8.717895009092070380e-01
2.701637929130721316e-01	-2.865413646964127745e-02	-7.084100405405411305e-01	-1.093983457885658872e+00	-1.036110661219633133e+00	1.470990596411118734e+00	7.727698621089259534e-01	5.381157787440533635e-01
1.102583699817771157e+00	-5.424317912250683493e-01	3.437677293889493946e-01	1.874126989774293373e+00	8.414652876408238447e-01	3.185114925661294838e-02	3.500238734302255073e-01	4.513012832329904578e-01
1.158128699450773791e+00	-3.772873808242764304e-01	4.050233325587226929e-01	1.464550404829745744e+00	8.082899166408098468e-01	8.301708910332730729e-03	2.884843075392271028e-01	3.014543908769066194e-01
1.818507149673761480e-01	-8.918601497197585770e-01	-2.473358949467658885e-01	1.020027003655789910e+00	1.884482938532291652e+00	-2.522959987835153850e-01	-9.223774875593070410e-01	5.978537127593104294e-01
1.100902456250955508e+00	7.096950426830606062e-01	1.201526092700502535e-01	-2.549023802534324812e-01	-1.093520410913155994e+00	2.095557442877652665e+00	1.514874110544607300e+00	3.100811337191832773e-01
2.069399018732891726e-01	2.417988057367895516e-01	-8.317147487686304963e-01	1.054040077368105566e+00	-9.316551205424939974e-01	2.671364513083951842e+00	7.461278537193652971e-01	-5.617244194127936074e-01
1.388075278679986369e+00	-4.447333549051942780e-01	6.129884749437268798e-01	1.858326351179794722e+00	6.168864166425596096e-01	-9.582534509461429484e-02	7.005597258826162799e-01	7.267896522113564961e-01
3.928681338284882307e-01	4.649329772644932302e-01	-4.795649302160848726e-01	-1.015365938849934535e+00	7.755356034082876437e-01	-7.546211500852978427e-01	-1.004606015095295124e+00	1.176475377237034881e+00
1.187361193352889366e+00	-5.218336722698749819e-01	3.790710572991302652e-01	1.971876340284399509e+00	7.949947490246996873e-01	-5.219315925044954591e-02	4.034826871796941550e-01	4.697223718305573170e-01
1.327762520401576829e+00	-4.762244291358070925e-01	3.393006693574246446e-01	2.011251812478264345e+00	5.980401132924344498e-01	-2.098913164126863795e-01	5.044359450336677320e-01	4.693236269409711281e-01
7.555019333584783725e-02	-6.101969839434924214e-01	-3.617770850199960031e-01	3.090515265071160367e-01	1.784819070907887939e+00	-5.700741242329733227e-01	-1.089259308414674443e+00	1.241332826086604557e+00
1.253184743128067602e+00	-4.761688892973779952e-01	4.029969315768072713e-01	2.000285463244787287e+00	6.858819211108788672e-01	-5.022068372649869661e-02	5.070837690400832320e-01	5.796697365256389123e-01
1.122484625457322416e+00	-7.224932900729884658e-03	-6.471824009226917473e-01	9.684668175143129609e-02	-2.077239892846832470e-01	-6.552320093538004375e-01	-2.786531120480207346e-01	-3.525930280250824111e-01
1.196618229556890789e+00	-4.898304395285790203e-01	4.031358957051466296e-01	1.888471765128131530e+00	7.848815518354554932e-01	-5.088122269201690584e-02	4.168764877451781592e-01	5.019076990122118831e-01
6.813495061397409902e-01	-3.052327373559791668e-01	-3.260708578188862838e-01	-5.852359630408993096e-01	-1.141577860308340409e+00	2.220872892144821975e+00	1.051403704552140272e+00	-1.624306550886859712e+00
1.105700168102196734e+00	-6.054277417014406470e-01	2.914631391383729619e-01	2.050904576859033046e+00	8.800530444930332319e-01	-6.985111159812922021e-02	3.009604754954249284e-01	4.369183440014884900e-01
1.949031183431111647e-01	2.701315537558726110e-01	-1.035578804610328030e+00	9.176554338806933719e-01	-8.586909320023194958e-01	2.405425655709461097e+00	4.316986323665572556e-01	-1.075420135545382738e+00
1.330013080891777610e+00	-5.510264141208490729e-01	1.684119038527431000e-01	1.895336356504544684e+00	5.635789963327522134e-01	-4.825438133312898170e-01	3.657700079221303247e-01	5.837148191690557653e-01
1.289339826286782120e+00	-3.824761101670915431e-01	3.265258285213676892e-01	1.649999369629362445e+00	6.104734732051839696e-01	-1.948089906485050149e-01	4.052728654657681284e-01	4.633143787841777494e-01
1.645842875387675042e+00	2.855160291366646286e-01	3.523592218844115997e-01	1.182791417858708449e-01	-7.045024157487099307e-03	-4.686464253572305005e-01	4.310009897180897553e-01	3.498939270013692315e-01
1.141222285528299851e+00	-4.609065802134777456e-01	3.863181971537398285e-01	1.792354913836590846e+00	8.262801292651729135e-01	-7.401272652804345709e-03	3.534179546509143011e-01	4.765034854134315156e-01
1.263345293784319257e-01	7.869066457898699074e-02	-5.579928238721175715e-01	3.002861615754683078e-02	-1.077147845322636854e+00	2.449097435505526388e+00	1.220270767959208857e+00	1.066921383195352568e+00
9.383187979893470310e-01	-5.022959543951884820e-01	-1.605152399110114092e-01	-5.320912696834892985e-01	1.339679126121237629e-01	2.811626135341027122e-01	-1.875196191580141558e-01	-7.660153938797653606e-01
6.528728375529456729e-01	-1.101993126570234516e+00	-1.734391584977150735e-01	5.123574881262713543e-01	1.638780213263266283e+00	-4.873691186876568104e-01	-8.749684883836337246e-01	-2.068775051407181487e-01
8.947939781773781021e-02	-5.310470416020545148e-01	-3.407914912790455109e-01	5.515855085733556429e-01	1.698030539947976925e+00	-3.350229215608119815e-01	-9.853631911190435799e-01	1.013639941961183233e+00
1.219954964681093657e+00	1.303007355955554392e-01	-6.954980123574806550e-01	2.452042330000769876e-01	-2.824038569703135604e-01	-8.591276253876815039e-01	-2.657711261218133614e-01	-2.631029577589985013e-01
4.805913853669929736e-02	-4.552570432581748983e-01	-3.778165422180109201e-01	2.938671305611432194e-01	1.684470199380840860e+00	-4.710225742818886507e-01	-1.057236355550765561e+00	1.262980610178003005e+00
9.647627004577137289e-01	-3.356130929193542611e-01	-2.389191940482943421e-01	-1.121681670991888424e+00	7.349460737246971131e-01	-7.555303231309316025e-01	-8.170591310683926745e-01	-2.276201293004309067e-01
-1.363662923638965241e-01	-1.614088979380058908e-01	-3.897573396663940315e-01	-2.471855722309708736e-01	-8.149047188337134040e-01	2.724105369855755576e+00	1.284601395495481801e+00	1.095610193541589616e+00
-1.239394572885057499e-01	-3.885829044016660128e-02	-2.891263338733695565e-01	1.355921488590674073e+00	1.263637148968099755e+00	6.605209747164605405e-01	-4.864152126882708704e-01	1.057647943711699678e+00
4.508069147050917103e-01	4.022862247459743079e-01	-4.761264980951278036e-01	-1.142095791454592169e+00	8.019767444076807417e-01	-9.272138017044045943e-01	-1.063359698295482714e+00	1.111465149487518289e+00
1.838004405265836638e+00	2.436551919468645522e-01	5.261514580723537504e-01	1.774223491056328983e-01	-7.313763592477356967e-02	-5.717235275728597133e-01	6.155631488180456357e-01	5.242232933048811550e-01
1.066068357989950144e+00	2.109292425044271557e-01	3.182817003308231474e-01	-3.073548541495851882e-01	5.156971630703734988e-01	2.002191956625142821e-01	-4.849569868935411227e-02	-1.326643326910642746e-02
3.458322669905750102e-02	-5.433126109341400722e-01	-3.536934123513573169e-01	8.487125996799489425e-01	1.696762657708771549e+00	-2.003341616924300683e-01	-9.236779336122906692e-01	1.047229099683891995e+00
4.368151753607105170e-01	-4.513881300107024375e-01	-5.169331096148231663e-02	1.233682444258541677e+00	1.233502526001628130e+00	4.243655790846689868e-01	-3.913899928118842464e-01	-2.373695987301092380e-01
7.654854585763459784e-01	-1.111614769643116118e-01	-2.272809107068609891e-01	-4.210666169617023891e-01	2.666969011579434778e-01	2.054086049737836039e-01	-3.202129901910311105e-01	-5.279169895116180289e-01
1.802876929540293771e+00	2.258180227201796175e-01	3.336518343212526716e-01	2.931138571050759256e-01	-1.608635073000675153e-01	-6.380143331310453858e-01	5.755810887265764286e-01	4.078396067716064111e-01
3.156366816751472459e-01	1.162338552035687977e-01	-1.003309863332996432e+00	7.334422962416815572e-01	-8.603871593353806801e-01	2.074269361584923477e+00	4.275885130352843344e-01	-5.801760541250832182e-01
1.417186697003258944e+00	-3.720767037047077452e-01	3.459621806994760407e-01	1.781300791633201319e+00	4.431133352432721217e-01	-3.467411534120045102e-01	5.650962763147256984e-01	6.636024359337469036e-01
3.476978581508471944e-02	-4.087089843425693592e-01	-3.555170515775384898e-01	5.639910362549821476e-01	1.634024901813145414e+00	-2.458398862081677683e-01	-9.520077481150640564e-01	1.097929767926734357e+00
3.841900712179582289e-01	4.461087483756720484e-01	-4.815859919439621772e-01	-1.078662564075598906e+00	8.624090228474040609e-01	-8.381690827399951305e-01	-1.086861728416081974e+00	1.100724027237907521e+00
8.899648054074621450e-02	-4.956961474836132919e-01	-4.002903259453039486e-01	-1.818770558743501575e-02	1.699705197126730960e+00	-7.133715613517971343e-01	-1.143555956973206111e+00	1.396340953289974873e+00
1.512365224705318478e-01	-4.151901365112860010e-01	-3.754133506328229397e-01	1.602526145622483467e-02	1.606346111976802105e+00	-5.773979986947925802e-01	-1.089031381083919614e+00	1.137989424856078902e+00
6.906105598062733941e-02	3.404371649414471568e-01	-5.139463801305094171e-01	-5.730774032919165872e-01	-9.182906426431858282e-01	2.425086684202337306e+00	9.419964280038458648e-01	2.201439488237251774e-01
1.805014026131214200e-01	-1.226938117875893235e-02	-7.048013689786790659e-01	-1.086132364920896709e+00	-1.071842577052805723e+00	1.692237011389222001e+00	8.688719821964701051e-01	5.219152390571397682e-01
4.556405144653992156e-01	4.087294605569428141e-01	-5.058264776153298392e-01	-1.118502736423521604e+00	8.046365552999983350e-01	-9.100220103858549514e-01	-1.092258949047397731e+00	1.079656882700254839e+00
9.849322967649789540e-01	-3.268375448454664545e-01	-8.456792344442377873e-02	-6.522415004986923392e-01	3.559664077566154217e-01	6.105202008913138134e-03	-2.954583259375386795e-01	-5.139512989357936101e-01
2.908896722673930957e-01	2.961237082012924127e-01	-4.333631037563025479e-01	-1.371179344310694548e+00	-7.985396467328400583e-01	1.504351148642042002e+00	6.613252385413619372e-01	3.647454747053250901e-01
1.123472916159034413e-01	-5.832145018858506669e-01	-3.081528809024632887e-01	7.685613288847249480e-01	1.703171645192871564e+00	-2.123814056002964745e-01	-9.212527442460648475e-01	8.266001061244878656e-01
1.248304041281703469e+00	-6.135107098269655390e-01	4.050901870770627911e-01	2.002926663308465027e+00	7.740729098923710971e-01	-2.105163408085216070e-01	4.642363530613370370e-01	7.165454277884173440e-01
3.764733380708201738e-02	-6.100132294914839548e-01	-3.240152786081463288e-01	7.683277929189108457e-01	1.774937387725604054e+00	-2.684267415625166686e-01	-9.590577953984020798e-01	1.052011253877032537e+00
1.707661675281034963e+00	2.376533264153764258e-01	4.264526996357589361e-01	2.056003706914643625e-01	-2.804676394537981149e-02	-4.775666694351415886e-01	5.292837293291918765e-01	3.714248104084272861e-01
8.789980603650550117e-01	-1.163767049763696770e-01	-2.555249771929920533e-01	-7.818615528182004670e-01	5.121698896043433979e-01	-3.989719541700770811e-01	-6.212047928070052460e-01	-2.841246603348037136e-01
1.121148315923447214e+00	-8.073092527874160540e-01	5.075841618267248334e-01	2.046721135273594783e+00	1.026690282708599300e+00	1.157458652590525189e-01	4.034003768387219857e-01	4.656465372681377612e-01
2.445709117777377373e-01	-7.030024520608104677e-01	-2.636808300217659551e-01	6.360306740924940305e-01	1.736660133322551980e+00	-3.247428533731595568e-01	-9.552666306631416582e-01	5.735459470096582191e-01
2.908531493443566318e-01	4.630198997810428541e-01	-4.687874225496202474e-01	-1.159265982343284263e+00	9.012550213679166866e-01	-9.165768025587438528e-01	-1.078169718019913459e+00	1.505948477488821879e+00
1.101590307824308779e+00	-5.587321124153121765e-01	2.266933682973574504e-01	2.131393167961990631e+00	7.768929280544866200e-01	-1.402841899564489792e-01	3.526221243795715776e-01	5.182029786357512657e-01
2.949721363572785915e-01	4.901593247304737444e-01	-5.190656876382910845e-01	-9.694255232962443181e-01	7.777169806403999575e-01	-7.446620998143282932e-01	-1.001287855167245056e+00	1.352840573319752604e+00
1.144213757574869678e-01	-2.632326679487963506e-01	-1.102771294813125413e+00	9.970230150695881255e-01	-8.723116796992756994e-01	2.429718317866844668e+00	5.777991857521467267e-01	-8.259154712637210016e-01
-1.028529099146568843e-01	-2.811693172243120431e-01	-3.599234690805026560e-01	6.575990909444422439e-01	1.634087203777790487e+00	-1.542927416013955000e-01	-8.963772561928604610e-01	1.492219918581783933e+00
1.256307189602055230e+00	-5.627164658623652338e-01	2.900878371250144028e-01	2.175641288024971587e+00	6.606624167135223269e-01	-1.931113098806906403e-01	4.743072276887726479e-01	5.581844208545018171e-01
5.954655866056934865e-02	-6.859872493059927523e-01	-3.252221297028970448e-01	5.167334622770934915e-01	1.851233553859557457e+00	-4.699719718261205492e-01	-1.049566754576231054e+00	1.151888632762988252e+00
1.078333240524705916e+00	-5.955970062225711681e-01	3.208449883541776293e-01	2.103280077920939295e+00	8.966311436148299840e-01	-1.593905905357289460e-02	3.358120108080764332e-01	4.819900246583020964e-01
1.246551042950119648e+00	-1.031687637408316816e+00	5.602618122776625853e-02	-5.856708710958987707e-01	-1.009437705245071343e-01	5.275820719595821773e-01	1.276706362078082468e-01	-1.314014634195392883e+00
1.634620570617700830e+00	-7.380596513604583686e-01	2.156378348854194604e-01	-5.162112259121138802e-01	-4.631247031985522011e-01	3.933366944935363096e-01	4.684441225072520920e-01	-1.554658993693029068e+00
1.962614175212350764e-01	1.197238502547901540e-01	-7.243702828795132165e-01	-4.609747344586914708e-01	-1.185141188064058770e+00	2.027967339951486370e+00	1.056138379265923355e+00	9.416881619639499990e-01
8.660086785100853390e-01	-1.170407085497187971e+00	-3.270280168748301852e-01	-5.439223745471325477e-01	-1.507550192281727208e-01	5.957441408941250849e-01	5.623951565114609918e-03	-1.063349560353434198e+00
1.697955330281964548e+00	2.914803328134392135e-01	7.056728405478457367e-02	7.351917210281724846e-02	-2.211908778488620442e-01	-7.724787777817844203e-01	3.820630622302983448e-01	2.795173734096899620e-01
8.546601094593314629e-02	8.944901551071823831e-02	-9.147612843258930981e-01	9.365635071417102164e-01	-7.712556271115978968e-01	2.617657493095322252e+00	5.698067603186067753e-01	-7.985853494931260954e-01
-6.289965749476192358e-02	-8.864099634261712879e-02	-7.464168325392348535e-01	9.726766390684777885e-01	-7.233155116198042300e-01	2.859416565628403628e+00	8.398996733998208564e-01	-1.027609366876228031e-01
1.454738779664127124e+00	-3.242330529807643802e-01	4.827966003702968134e-01	1.507872356428309857e+00	4.879322321870352419e-01	-2.779044181305162509e-01	5.739564027599296514e-01	6.285311566383451343e-01
7.095768267369018112e-01	-8.618855981701176727e-01	-1.779561730708920098e-01	8.668201121808116749e-02	1.381308114781851337e+00	-4.692928073307207626e-01	-8.225659622247444291e-01	-2.183812352771607457e-01
1.639614407820638275e+00	-6.712755354225105053e-01	8.623465815787217936e-02	3.356714917946633236e-01	5.203272811574841672e-01	-1.249403910032575116e+00	-9.966107603164314765e-02	4.971887383938636273e-01
5.329742349363760789e-01	1.107104050421399144e-01	-4.504072414539319058e-01	-1.225096238504673307e+00	8.732119585852600174e-01	-9.146890753986056666e-01	-1.095128363989307241e+00	7.802235966721022820e-01
2.018149236078567443e-01	-4.934771778646674933e-01	-3.778140912936905349e-01	-1.215058014489008159e-01	1.631171343031123211e+00	-7.183668281363916330e-01	-1.136334814419375450e+00	1.127349527691411613e+00
-5.985819505171191546e-02	-6.194271926410128692e-01	-3.435528731688002879e-01	6.839638277279375123e-01	1.868204341413247427e+00	-3.663390692471469312e-01	-1.012609994035113870e+00	1.404204110723358490e+00
-1.490389662114870728e-01	1.389065373099182543e-01	-3.266919415730755172e-01	5.793146617061966097e-01	-2.860695311894162485e-01	2.941063795611672305e+00	7.266517945061737871e-01	-3.505255362300606359e-02
1.218688307131818194e+00	-5.193919351174262067e-01	4.399875900298271247e-01	1.989018403291818560e+00	7.654795982748157090e-01	-3.251120459384636285e-02	4.910853225763111007e-01	5.859998244880952889e-01
-7.174665381981099044e-02	-3.576477066706449381e-01	-3.604995948340775636e-01	7.000914697654866403e-01	1.660118301513036965e+00	-1.509818865616368300e-01	-9.161539846402939613e-01	1.286093797605714073e+00
1.839105248066686960e+00	1.089939182923694572e-01	4.468301487105242886e-01	2.369291457542003765e-01	-1.084039121705028252e-01	-7.099382182703036781e-01	6.203703233710384790e-01	5.531724436894018826e-01
4.404112136053427440e-01	4.043997886509809181e-01	-1.144462119917998733e+00	7.037802741572541931e-01	-1.028568339970194812e+00	1.942345631038121745e+00	3.252044801712147271e-01	-1.102948051067860868e+00
5.615549789344560505e-01	1.682017296217723223e-01	-4.127286513622477337e-01	-1.219416837036570112e+00	8.722131682917456663e-01	-8.903825750153677721e-01	-1.077909635498923269e+00	7.324518280960752303e-01
7.681108784615484630e-01	-4.177771628954774497e-01	6.944741312997013694e-01	1.287380799515818186e+00	1.342684701154090332e+00	6.888094993547156930e-01	1.411155308564427391e-01	2.570361834807693979e-01
1.461181566760751394e-01	-1.000682002489611255e-01	-6.469139643363497338e-01	-1.404582843962452809e+00	-1.151434175793515591e+00	1.724625413724458767e+00	9.907992658450739398e-01	2.575590232521676182e-01
2.513110743134044367e-01	-5.055903700276934698e-01	-3.587301503645538570e-01	-6.639560993572492242e-02	1.616284703628514841e+00	-6.800970726498570817e-01	-1.112659890109783722e+00	9.694714955949584878e-01
1.024666961580802393e+00	3.508449187965134719e-01	-4.715072680669850080e-01	-1.121027431334791213e+00	-1.477146001460282188e+00	1.557612075134104268e+00	8.538126241556548424e-01	-1.479328601082348094e+00
9.490040186522582522e-01	-5.720918139078060571e-01	-5.982101810847091361e-01	1.995424647856929523e+00	4.111708763534829836e-01	-6.572706076030658817e-01	-2.354074551900714740e-01	-1.276410370458669896e-01
1.654937984274722496e+00	-2.149807534614633364e-01	1.019110091447672506e-03	-4.273127334837307223e-01	1.659797554101181682e-01	-1.200855463477163765e+00	-1.307206461178887780e-01	3.734193875085847769e-01
1.967523817988974244e+00	-1.033173821151400773e+00	5.208975279844954009e-01	9.862400990658673483e-02	-5.852844529369032323e-01	1.396108297082387928e-01	1.237367897640044623e+00	-4.063070292952143947e-01
-4.530291062855687327e-03	6.164905272465910635e-02	-6.206560945106677218e-01	-5.747532312365198903e-01	-1.113495155086900557e+00	2.451681544847226224e+00	1.191254592607805307e+00	7.115064046226169392e-01
2.577552066354117932e-01	-4.869685145831863515e-01	-3.117617635961406619e-01	9.490969588056888395e-02	1.613805555257710633e+00	-4.865378381438261179e-01	-1.050474691949648154e+00	7.131476639967715414e-01
1.224926655276733500e+00	-4.351838224521238918e-01	5.018574771795640821e-01	1.750458095197388930e+00	7.850210040862735106e-01	9.661119407199283970e-03	4.630227418610578516e-01	5.153525224872629318e-01
1.098372280993867717e-01	-3.947685514668552442e-01	-1.053478804822431503e+00	1.027606525449489272e+00	-9.033133292136894532e-01	2.442414006612117383e+00	7.197261919090813809e-01	-4.103938307559628074e-01
3.267611242732806898e-02	2.415007544226793479e-01	-5.475895351819174417e-01	-1.044682262465480127e+00	-1.013760532474076159e+00	1.996719814839914564e+00	1.005766430476561224e+00	9.240826399890750276e-01
8.076139595401204962e-01	-4.817452701866777875e-01	2.363358286522533602e-02	5.496440264529526276e-01	-6.793461424249532810e-01	2.523298391326248780e+00	9.265238522140333277e-01	-1.758699320853009729e+00
8.873704968216665767e-01	-6.392457463924184902e-01	-5.671785978139012308e-01	2.170416240929253338e+00	5.275077450877583285e-01	-5.693220249724891824e-01	-2.341375843042807492e-01	-1.089343551517224506e-01
6.051595146393561331e-01	2.235714745300459994e-03	-4.044647087082731129e-01	-1.410228156358046769e+00	9.447682855768471111e-01	-1.124471236187409184e+00	-1.158077669818593503e+00	8.216380293464659035e-01
2.416585436610715898e-01	-6.183892881121758750e-02	-7.908169927191643911e-01	-7.302624662069246986e-01	-1.104600407993419076e+00	1.685658367633209087e+00	8.645095732415871703e-01	7.014953037176070438e-01
9.401424981648126566e-01	-3.314979237215051056e-01	-2.713289302370988643e-01	-1.098274413372724689e+00	7.144744585134287229e-01	-7.536599181380720935e-01	-8.250962428175812047e-01	-2.398028716527426940e-01
9.731271457317692830e-01	-2.867226838759330265e-01	-1.459385544351997077e-01	-6.647099887516888517e-01	2.925170154785782239e-01	-4.282050195557161876e-02	-3.984210883695787353e-01	-7.938855288178988667e-01
9.918136212062679258e-01	-1.153276931571809660e+00	-2.493630087277920737e-01	-6.031203509517570893e-01	-1.683736816946749537e-01	5.536770672467236087e-01	-1.099366387435541693e-02	-1.342400104161670882e+00
1.370119536396058990e+00	-4.927055266528521660e-01	6.307981648537586139e-01	1.834885923326824653e+00	6.845760938550984331e-01	-4.370263747887653816e-02	6.465835236067960512e-01	5.711630497469208922e-01
8.727357515266984667e-01	-3.819161940700676466e-02	-1.611031427650098102e-01	-4.924789116199234651e-01	2.651921196494456123e-01	1.064685631217864997e-01	-3.523153336760965204e-01	-7.393960394827825411e-01
1.085147907319757632e+00	-4.974875789331439924e-01	3.716918246827374261e-01	1.835335585982893924e+00	8.837917917981635840e-01	4.069099425281697685e-02	3.203440914769316028e-01	4.461555719421557709e-01
4.744361560893142205e-01	3.400572970378432647e-01	-4.231035310787709114e-01	-1.132090149118845090e+00	8.650356581239916354e-01	-8.249032577892299045e-01	-1.061617442460402128e+00	9.140272409571452705e-01
1.364735189563909712e+00	-1.489087732398866881e-01	5.817819555612895321e-01	-7.365597570799544691e-01	7.917399803039921746e-01	-2.478851366188709882e-01	-1.468263556978996742e-01	4.102287042095609237e-02
1.205265360518450457e+00	-4.528752670362354293e-01	3.618936993362870114e-01	1.857968177217754757e+00	7.408072941977238424e-01	-4.919563509422753000e-02	3.968215379160280332e-01	4.710997944839617757e-01
5.440521930611031953e-01	-1.180002225400076238e-01	-4.349308356628541761e-01	-7.085953169028088583e-01	-6.890726435831218133e-01	1.822982945661401510e+00	4.359081283334678147e-01	-1.672962085674556398e+00
1.265474579338259353e+00	-5.263106498245071485e-01	2.285029186198928308e-01	2.031069189673985864e+00	6.214475376617494273e-01	-2.937407461691347033e-01	4.154047212622995477e-01	5.548887284522983077e-01
1.265862664104294710e+00	-3.592124574535139891e-01	5.162083805786492618e-01	1.559082065664338490e+00	7.214542251903158787e-01	-1.337314948715568469e-02	4.661532203898273163e-01	4.843730176010458965e-01
3.654333476646215439e-01	4.668727435040989082e-01	-4.528205316141530878e-01	-1.045091498144403719e+00	8.454065815974733944e-01	-7.552780203962071726e-01	-1.037587729567390982e+00	1.134930249748355546e+00
3.933890037721229360e-01	5.532494239885699105e-01	-5.334196172975698147e-01	-9.865170967657040935e-01	6.961904359873154480e-01	-7.893839404741314070e-01	-1.007258537184236413e+00	1.266733201754868698e+00
2.691188737206067771e-01	-1.587642713217650159e-01	-1.089366702643398188e+00	5.407385460965051793e-01	-1.001718907125333402e+00	2.147175866374434694e+00	5.728966129302919263e-01	-6.789498604710281215e-01
1.442957445215014900e+00	-7.570984335761989925e-01	5.860453813936261636e-02	1.359015706892449771e+00	6.498492675422012921e-01	-8.650193924467597384e-01	2.309376756359660110e-02	3.847102226753428833e-01
1.456848423877811438e+00	2.067898364280545132e-01	1.570609686490306578e-01	2.638479965166942720e-02	6.079848379934364722e-02	-4.101357177387204289e-01	2.150194371417032402e-01	1.885975113848841200e-01
7.715988915777760582e-01	1.197361438149583956e-01	-2.959049894195984187e-01	-3.569457630038012086e-01	2.883864745704569077e-01	-6.193391654171030714e-02	-3.993227813054707198e-01	-3.259463249528539164e-01
1.321671635744360307e+00	-5.336220692446586034e-01	4.173283922842569993e-01	2.076658047065462753e+00	6.591827249336029704e-01	-1.541477795121793948e-01	5.488010412316670639e-01	5.188042410331658028e-01
-4.363218298613782964e-02	1.522644368839594642e-01	-5.575704232080878064e-01	1.021179623406118120e+00	-5.359776820250014007e-01	2.915863400888018209e+00	7.497525717970723313e-01	-2.050982110739099640e-01
1.720992013679331523e+00	-6.856493967610129137e-02	5.337062609740605978e-02	2.428971263060215324e-01	-2.667569597738083109e-01	-6.011042583135873807e-01	4.767066663773722457e-01	5.924602370939030527e-02
1.381408280310652437e+00	-7.390262188040733760e-01	2.190158417531753166e-01	1.870279876969348720e+00	6.703955964207353180e-01	-6.233697633102616154e-01	3.196309600335213719e-01	6.998319371339487560e-01
1.663151620363800820e+00	2.199940806430756568e-01	5.488119029218566092e-02	2.430364988119611824e-01	-1.387592165516443599e-01	-7.060237129060096262e-01	3.144382953930631164e-01	2.012363219625172284e-01
1.006282929914098512e-02	-6.007592540927045865e-01	-3.333746563983588374e-01	8.051663019106389818e-01	1.785207180522904613e+00	-2.480917461351336284e-01	-9.582198037855147454e-01	1.080119402890440172e+00
4.436257086177864961e-01	3.624986324877228494e-01	-4.631636929262401003e-01	-1.142774484355026487e+00	8.695834332067968742e-01	-8.918177828074815849e-01	-1.097439037232946113e+00	1.025183654126628152e+00
-7.444626709836445200e-02	-1.623154335087750588e-01	-4.061807046793581288e-01	-7.782988826863446175e-01	-7.766550995103508326e-01	2.329537048735771609e+00	1.093931192728495594e+00	8.377356505483695148e-01
1.544997990729646276e-01	-3.678351470790822697e-01	-3.614585660075361195e-01	1.947399994471618601e-01	1.561237535443830149e+00	-4.088490626219664081e-01	-1.019375983813310071e+00	9.725657539490906167e-01
1.423092570793053735e+00	-4.528281347294643711e-01	1.566596421566676389e-01	2.027456846172874805e+00	3.242308296790397115e-01	-5.338243932879286335e-01	5.575490478094471403e-01	7.028420942088910994e-01
1.763793049301146221e+00	-2.981467584543473492e-01	2.952532030264319873e-01	-5.755654163412530222e-01	2.890790165489221519e-01	-1.214401812371392664e+00	-2.810980568125439477e-02	5.725172674344687351e-01
1.352656417554305879e+00	-5.037491244710081695e-01	3.065958611060999317e-01	2.018139353129668745e+00	5.459587689647096287e-01	-3.301709298110728219e-01	5.275169079928057059e-01	6.455331394012913115e-01
2.697376788274938875e-01	2.562591412317613004e-01	-6.470985346440614183e-01	-1.315536103936131074e+00	-1.102880940736375770e+00	1.510889176503985354e+00	8.162378516982399246e-01	5.099187331118636424e-01
1.057362720604147599e+00	-1.217533067389958257e+00	-2.696473762806964047e-01	-6.325824218580264890e-01	-4.082430482628974788e-01	7.194906506088583065e-01	1.905023971210652034e-01	-1.577043033768051661e+00
6.160394988517813308e-01	-3.260928671846926030e-01	-1.316367686339351417e-01	-4.734473223256982499e-01	-8.544134875658088157e-01	2.412615499643855355e+00	9.427129267227759568e-01	-1.708561863024993910e+00
1.060900516007694083e+00	-3.038926001328096649e-01	-5.323256641595163624e-02	-6.207068277961254044e-01	1.852139703311392882e-01	1.140967042509534873e-01	-2.934652732984138201e-01	-1.085401199065563205e+00
5.377899811432951260e-01	2.724535542993136161e-01	-4.665473129538402208e-01	-1.228969409620613851e+00	8.344279820073705611e-01	-1.005223788980709188e+00	-1.110364626771795926e+00	9.804140803641699931e-01
1.221296756514450799e+00	-5.454431845846814397e-01	2.900981535313910120e-01	2.067935609486149851e+00	7.027085571582121215e-01	-1.880848510262825568e-01	4.265223899844565736e-01	5.509708851395740403e-01
1.273043731989022209e+00	-4.605014156129693115e-01	2.027768088896212684e-01	1.885799381401771946e+00	5.902062826089632397e-01	-3.004507489168107282e-01	3.714615236904138529e-01	4.774673284030991893e-01
-5.984620537297889037e-02	-1.569961834588889937e-01	-4.620072966759148914e-01	2.689781145092646694e-03	1.517021510693914221e+00	-5.172641425222254119e-01	-1.063963543680949808e+00	1.731567568757194753e+00
7.587103619320906267e-01	-5.044253637939036805e-01	8.198296941512540625e-01	1.640199188895011373e+00	1.385006764270752422e+00	8.460327061271293303e-01	3.270607824246152817e-01	5.216541066639199808e-01
-8.023984051685954799e-02	-4.522900255119006313e-02	-2.262524129599350620e-01	1.268005499841258210e+00	1.276967876322748330e+00	6.848295886945139355e-01	-4.783063271991012666e-01	8.828129440997757316e-01
1.621839873984124880e+00	2.514139769188791229e-01	3.153251707132570525e-01	1.081923934328572340e-01	1.222285626692575650e-02	-4.794169216187006977e-01	3.914591195766600751e-01	2.783144524678377030e-01
4.687357183294207363e-01	3.550303581791203200e-01	-4.186117541213348336e-01	-1.062555080470817481e+00	8.419980301414234924e-01	-7.311592612084212295e-01	-1.028312130892010456e+00	8.124264638727648480e-01
5.198428094949144596e-01	2.923295606721408868e-01	-4.189612691694007407e-01	-1.126823797400966498e+00	8.315694978242252899e-01	-7.968190106923734861e-01	-1.039792509171187707e+00	7.874945823483036067e-01
2.147813723201126845e-01	-4.750726590232434710e-01	-3.550655547232785536e-01	-5.979580057642518848e-02	1.627166106752723440e+00	-6.490494958221706412e-01	-1.107966651511349321e+00	1.034730717706808800e+00
1.648038841214937822e+00	2.375695260757946514e-01	5.064920914297824095e-02	1.949273753213680016e-01	-1.389626430213804498e-01	-6.819052380661212442e-01	3.005338352828840209e-01	1.900951691235006069e-01
1.518236964774342779e+00	2.492956397239085298e-01	-5.303275984447473196e-02	4.103336393206537605e-03	-2.645805367981414469e-02	-7.677503890449036694e-01	3.494124448132171490e-02	3.388070070798019917e-01
8.319545030459114532e-01	1.971303895061118638e-01	-8.334212681880370441e-03	-3.571624461974114428e-01	4.930998935072031242e-01	1.463491208296035517e-01	-2.768529611678136604e-01	-1.581388425634387973e-01
-2.909305786636675120e-02	4.501139910874243366e-01	-2.695321732791308711e-01	-1.125180981237870359e+00	-6.880858144426101886e-01	2.231312315164847515e+00	9.097088437292323304e-01	6.257490973538150092e-01
1.717655287861112212e+00	2.039438248295721012e-01	5.779396596560679167e-02	2.501559478450942620e-01	-2.026344161759425222e-01	-7.641277413111748906e-01	3.820779323543809225e-01	2.443222006493353526e-01
7.102702580293929202e-02	-1.681436193295255122e-01	-3.807348087408327642e-01	2.769549977201916646e-01	1.431378502051932955e+00	-2.283817471923182962e-01	-9.371018248929431360e-01	1.089638846111609993e+00
1.053210805667519068e-01	3.119562600150446730e-02	-9.536321225357151654e-01	1.132087582311106067e+00	-9.583188498908558062e-01	2.686113741334445137e+00	7.795695794576307236e-01	-4.126595401183911216e-01
3.833330083953695455e-02	-3.979348014943993039e-01	-3.501420261341557927e-01	7.010422774082459840e-01	1.588998542804052505e+00	-1.343843403756852795e-01	-8.940019493756040658e-01	1.002635935714742299e+00
1.425333656384134839e-01	-2.408310174644762713e-01	-7.874527039457240862e-01	-7.609355615112826099e-01	-1.112143696623984379e+00	1.779362919671207965e+00	9.746430451648058213e-01	7.936325469702940616e-01
8.731245342633975337e-01	-3.229928098676722592e-01	7.684680711229574523e-02	-1.270750857762926955e+00	-6.342360098407324731e-01	1.497500469801206657e+00	6.227301922384119726e-01	-1.817007779224920183e+00
1.646389190767395982e+00	2.519161466472005229e-01	4.236498890269748685e-01	1.200125880260599909e-01	3.480690132916805513e-02	-4.307057518702668286e-01	4.680943789303346758e-01	3.405063918274512380e-01
1.135738555304120379e+00	-6.504841959823121078e-01	2.674797658272760614e-01	2.067012907682402201e+00	8.633999932154207135e-01	-1.766196725383763211e-01	2.884035378111864389e-01	5.109406889549908959e-01
1.392014224723439497e+00	-4.110619726535336693e-01	4.347620694673847153e-01	1.827121763295990409e+00	5.300927204062966247e-01	-2.434791223585371644e-01	5.960851399964740560e-01	6.644690623356714898e-01
1.208475854064119170e+00	-5.288258406089856312e-01	4.897932509390030553e-01	1.991231218496309685e+00	8.056831355416558260e-01	1.024021834469965309e-03	5.094621642563968988e-01	5.919157280949214339e-01
9.012156889795724934e-02	-7.612648965924609379e-02	-8.719279119057944394e-01	8.030223850834959931e-01	-5.940264683558817982e-01	2.436543685656544778e+00	4.223295966753701780e-01	-8.638526664906345243e-01
-3.983086828768376414e-02	1.427447461770422754e-01	-7.931533852434141663e-01	1.886626523926900612e-01	-9.609080978585869959e-01	2.826824447094936854e+00	9.028963325638929005e-01	-4.077994541674905826e-01
6.105983481775315025e-02	-5.673485106384598131e-01	-3.859478643114187535e-01	1.832494592000229183e-01	1.760856366266362105e+00	-6.464118835687469034e-01	-1.117292925748594845e+00	1.371458165644959148e+00
1.564543732331832082e+00	1.886191796121294562e-01	2.321247328128671350e-01	5.406942936990264542e-03	4.093833041811005546e-02	-4.974575056253445204e-01	2.726956491181719011e-01	2.021429830486918544e-01
-1.706003548509403278e-01	1.224786040649809282e-01	-3.784723886220826006e-01	1.151495600811279552e+00	1.133322973672346468e+00	6.064991350635023926e-01	-5.167222209784374520e-01	1.249094771262603487e+00
2.695387032757129431e-01	-5.950386504478584193e-01	-3.381171615200233016e-01	3.207051172884753387e-01	1.635797943040919966e+00	-5.182329886534341457e-01	-1.028045847073249863e+00	7.787914968082467748e-01
1.257952626005698793e+00	-5.461992276316673944e-01	1.960572544117862581e-01	2.002601598488979118e+00	6.504313553358688216e-01	-3.137500321507346035e-01	3.557773514161418627e-01	4.846501669968125703e-01
5.719696343855817933e-01	9.224482786312154792e-02	-4.027461312636334001e-01	-1.345009546200856443e+00	9.375874092101456059e-01	-1.054670614314111354e+00	-1.132261401469699447e+00	8.790238062194791757e-01
8.062320241916098862e-01	-7.223489476163151846e-01	-4.976835496036896012e-01	1.809281345291575693e+00	7.678864591067396939e-01	-4.256909657633817234e-01	-3.878353365711557643e-01	-2.709551069045514349e-01
1.341437518722791156e+00	-6.858929459665438211e-01	3.037282042053898179e-01	6.086579686376358822e-02	1.002707144256840266e+00	-7.326650298995408539e-01	-2.549767794123815046e-01	2.908248395334323000e-01
1.480071506147639937e+00	-8.712672869007610510e-01	4.361415575743946560e-01	9.062432606459014384e-01	9.469336529682664816e-01	-7.859404190468081142e-01	3.579296656731523196e-02	6.098397838859834774e-01
1.719977247068549264e+00	1.563673406339406158e-01	-8.172563919193394366e-02	2.649244519562937161e-01	-2.367266812656709796e-01	-1.002930057013383225e+00	2.747342868586663545e-01	3.344968624501196142e-01
1.120189472338397607e-01	-8.923161752162034333e-02	-7.000260097128432335e-01	-6.876473691179689762e-01	-1.021227558939868940e+00	1.977990507057500569e+00	9.516332573764179070e-01	6.920939955156799606e-01
-2.667671913751410925e-02	-5.522426525287540411e-01	-3.367066101520390653e-01	6.264021200875514728e-01	1.803068879500334898e+00	-3.189608501163561649e-01	-9.969232932284521898e-01	1.271754721692610612e+00
8.716213431349850715e-01	-2.842533015908269012e-01	-3.071060400870851415e-01	-1.234769652503491022e+00	8.331927917549831752e-01	-9.068928034976290187e-01	-9.665741372528696695e-01	-2.903537223295499584e-02
4.282560546724447081e-01	-5.353400386296369717e-01	-4.512527652276106943e-02	1.427856540749890213e+00	1.324067240664879685e+00	4.159365485942770335e-01	-4.007058958878066401e-01	-2.381540227873435167e-01
2.338320748509680469e-01	3.350302131104009318e-01	-7.089167249663642645e-01	7.817726162851849070e-01	-7.228901958500080216e-01	2.316507818054452272e+00	5.864654266321379650e-01	-8.132160702025494070e-02
5.358274060419371265e-02	-5.906448429893989410e-02	-6.087671804387673191e-01	-6.523763197968075467e-01	-8.949608104968278521e-01	2.055096967398410968e+00	9.321652323404093776e-01	7.736356301109632572e-01
6.495677638188537273e-01	-2.583581520447190694e-01	5.654388183994091266e-02	-7.918437269834149861e-01	-8.530332259319388655e-01	2.203300552578987936e+00	1.111566829811188040e+00	-5.185322355586031717e-01
1.183111487838930387e+00	-8.794185841292143646e-01	-1.423218694492166814e-01	-5.831109228834698843e-01	-8.168620588127475934e-02	1.699074367233539551e-01	-2.919473108613534346e-02	-1.027920368868493695e+00
1.794679006333622873e+00	2.184522426636530124e-01	4.484196938449170888e-01	3.190735684711898390e-01	-1.077258330475285714e-01	-5.884218369545862748e-01	6.476772160639605591e-01	5.090485085852370917e-01
1.078832868335313444e+00	1.879381246969273611e-01	4.488860321942057530e-01	-2.916411339704528816e-01	6.049829185922954711e-01	2.631800237115124452e-01	4.229994874298897978e-03	3.641331783381923648e-02
6.368975193437990123e-01	-6.565905204323801980e-02	-9.136736694719707064e-01	-3.402909221556257302e-01	-1.315137991244214932e+00	1.736846110502730633e+00	7.373948877155894754e-01	-6.765295480484472268e-01
3.020374966284603002e-02	-5.342152520830393270e-01	-3.669796525683852173e-01	5.813840817216193724e-01	1.698863454133347162e+00	-3.130955258170805555e-01	-9.812813486967596477e-01	1.138684282678765314e+00
1.221850680719100968e+00	2.078086425869200282e-01	7.339571317852843224e-01	-2.381434650292765798e-01	6.535675750047867938e-01	3.422578116826054395e-01	2.385638223356783549e-01	2.081128339506129743e-01
2.292272466734678882e-01	6.964399102624333482e-01	-4.497782280704844537e-01	-3.218482350949251058e-01	-1.043069551788219584e+00	2.251268981330676322e+00	1.045720234444425856e+00	9.226452721857658634e-01
1.196659091327022750e+00	1.470203810383973464e-01	-7.007241483083316291e-01	2.150400528085151808e-01	-2.889595279566701258e-01	-7.955372480466226248e-01	-2.677595426595434924e-01	-2.639354939491466157e-01
1.558821904424979143e+00	2.441986470938282416e-01	3.042230503528765562e-01	4.572339884239325081e-02	5.485892301235066604e-02	-4.273457823246320508e-01	3.421670052831490283e-01	2.715869412239763081e-01
2.970021120019129546e-01	-7.752278515191993180e-02	-9.749682553409583230e-01	7.846790304267829974e-01	-9.705403443349285286e-01	2.297386881491951804e+00	6.285051026902787052e-01	-6.164171078374097723e-01
1.277866195927819248e+00	-3.724544896372294911e-01	1.687150818358771065e-01	1.622372850738549310e+00	5.500314927960396894e-01	-2.887189998749166708e-01	2.973268424380030583e-01	3.490069091893306941e-01
1.496061403067267426e+00	2.458193454380426524e-01	3.747142434558027313e-01	-2.358088074550690819e-02	1.495171073609913304e-01	-3.043793414061365943e-01	3.240644625098204612e-01	2.697490205531818952e-01
1.049779481770620526e+00	-4.603994041458004394e-01	-6.511037241007262555e-01	1.822058522644265377e+00	2.192316701643214349e-01	-7.962973493932815616e-01	-2.199407945084285720e-01	-1.219515776858416112e-01
1.270892275290570250e+00	2.155306296791938137e-01	8.231869562976005250e-01	-2.300343093098740910e-01	6.642330900827553286e-01	3.573891098325975846e-01	3.119458943769821135e-01	2.623153428311811863e-01
1.689376713075127823e+00	1.458215517316217014e-01	7.111682526997648024e-03	1.721711452020298627e-01	-1.387220970571324263e-01	-8.876099056174090451e-01	2.595821071797398405e-01	3.208503102459641099e-01
8.460357160996007098e-02	-3.501808011196671511e-01	-5.679608920947213369e-01	-8.906800009711435262e-01	-7.834723221051801412e-01	1.832628121336430604e+00	8.537087334186105325e-01	5.028801257990133111e-01
7.334521105917993777e-01	-1.154466801318169589e+00	-1.955558290978497982e-01	-5.732192107880884624e-02	1.607400782092336167e+00	-8.035053379553590558e-01	-9.807116800124419109e-01	-1.057513602815994824e-01
-2.233081693728440967e-02	4.459510691277391858e-01	-1.998442466394314554e-01	-6.509470800717093164e-01	-5.167891138155337183e-01	2.322824828699002975e+00	8.463756902293747553e-01	7.903428360679849440e-01
1.220056189279947967e+00	2.074249051182430470e-01	7.300732909454028530e-01	-2.389605317471074353e-01	6.529337504525458691e-01	3.410136346907511329e-01	2.353048762731730081e-01	2.057598204798261332e-01
1.651497715007641309e+00	-1.806691343726171406e-01	1.364973672988354925e-01	-6.656004157877998262e-02	-1.870513562580171651e-01	-3.249712301626091482e-01	3.486683488918933538e-01	-4.102150592419267494e-01
-8.059692572707817526e-02	2.262335556639234746e-01	-3.188994694371394267e-01	-1.293611966063464846e+00	-8.168312928747133439e-01	2.193329923392688841e+00	1.066364015467810455e+00	8.047473159008160515e-01
9.025679059223855605e-01	-6.361686412504201638e-01	-5.784273990069176419e-01	2.152193497515865861e+00	5.107455290499732792e-01	-5.935285657078128718e-01	-2.413538184887598359e-01	-1.389622356758493382e-01
5.926427877574474978e-01	-4.319711076988045906e-01	-1.122760535421543082e-01	6.095309052985656839e-01	8.682224620205194476e-01	3.460274564720339785e-01	-3.613738431148167396e-01	-4.462736629948358402e-01
7.862736826387003997e-02	-4.171559562333502780e-01	-3.754536387546912324e-01	3.383164565782979527e-01	1.627534434192128510e+00	-4.278601180802634740e-01	-1.016531891683364552e+00	1.236354802742769099e+00
1.284153988169601579e+00	-6.236414469455898724e-01	4.194953837220233295e-01	1.764816373478326872e+00	8.153557562136701797e-01	-2.536668325544024771e-01	3.711933560565633394e-01	6.098071825113378086e-01
5.008954958306782723e-01	3.793532496258658071e-01	-3.918180129785727162e-01	-1.134046959683636224e+00	8.126297387789838123e-01	-7.265722497398517943e-01	-1.014647508594298531e+00	7.503805719905317639e-01
1.095232916978236881e+00	5.173651833741876871e-02	-6.369767391285580116e-01	1.027445602003096703e-01	-1.625810755105504268e-01	-6.659111104906337841e-01	-3.059726231856146339e-01	-2.943826885268288063e-01
1.150211149112474240e+00	-5.394738469215886179e-01	-3.279651062275892870e-02	1.897657428809213176e+00	6.318029090132206704e-01	-3.760050390517953867e-01	1.544031178559349127e-01	3.361976300715294741e-01
1.662253652751529476e+00	2.485244084186696567e-01	8.163969133159823532e-02	2.347418474649272391e-01	-1.321242951592272452e-01	-6.733884143861923466e-01	3.327369127567346152e-01	2.519262104999679397e-01
1.233175434613060339e+00	-4.983965365830045346e-01	3.427251913909621361e-01	1.943110431028944873e+00	7.113714472810354073e-01	-1.484685641186432037e-01	4.291963147206753204e-01	5.312458012418272979e-01
1.297204013679459589e+00	-5.003021165375154400e-01	1.611681193942246793e-01	1.886411843077379968e+00	5.815642213460747723e-01	-3.872297613195662680e-01	3.385484204396034258e-01	4.728660522306383229e-01
-1.257082175913635386e-02	-4.907762096403779917e-01	-4.004588039139041489e-01	2.923634191573387109e-01	1.736520717086873056e+00	-5.386054598115146419e-01	-1.080907059890316102e+00	1.479076691289248568e+00
8.938714416807035379e-01	-3.392141257265230414e-01	-9.267284294451419435e-02	-4.585728767036754139e-01	1.903253742341652344e-01	3.693086347721620810e-01	-1.029787240442949642e-01	-5.152626284307223470e-01
5.932997995650794998e-01	-9.639469393067261471e-01	-1.622661451857570492e-01	4.953665434445763127e-01	1.614384952833553433e+00	-4.185816498159313781e-01	-8.669917800970405874e-01	-1.373456197573128812e-01
7.005745809980934435e-01	-6.798201059049747697e-01	-4.493775522957773605e-01	2.104836746624378474e+00	8.141054040028770089e-01	-2.641951576516691769e-01	-2.993922387763071624e-01	-1.947094982274781838e-01
1.364874019949116057e+00	-3.908498337387090737e-01	5.795892961906840002e-01	1.719975915215631534e+00	6.388108352003769586e-01	-8.647641385136276004e-02	6.253143180642084520e-01	5.868385504074393744e-01
7.972192017156782828e-01	-1.008116299596307219e-01	-3.187938037582765949e-01	-1.075704937104775993e+00	7.550665891757989412e-01	-7.475428410070497076e-01	-9.029059701830236540e-01	6.424978886352655794e-02
4.963942434339623233e-01	2.101702419354835316e-01	-3.755045168705419822e-01	-1.277238366149433757e+00	9.503993811908206801e-01	-8.877315706142154816e-01	-1.095609445661504644e+00	8.546965577774225942e-01
-2.061163059416124821e-01	2.284640240289925461e-01	-3.771991175078409642e-01	1.031354353373461041e+00	1.123444715477802447e+00	6.337842473019381639e-01	-5.288606500739715388e-01	1.347980094579026122e+00
1.333704430927982187e+00	-4.523477240354437656e-01	-1.487470051589489806e-01	1.826006980264560653e+00	2.557551451785136098e-01	-6.583198384205507514e-01	2.812903215536581847e-01	4.282637639635618054e-01
6.466791894515860895e-02	4.839781416919508583e-01	-4.403118098546303649e-01	-7.467480517499354153e-01	-9.559429150832824407e-01	2.286801272526353124e+00	1.033452809654462623e+00	8.001743357105293164e-01
1.626544314428455262e+00	2.356709166192712257e-01	1.451865574445704854e-01	1.903028033840024891e-01	-6.893243179876933080e-02	-6.018805348743253569e-01	3.280481918630764882e-01	2.270643053877972606e-01
1.635883797083875102e+00	2.790194874643032730e-01	2.490892996999272968e-01	1.759109722960575661e-01	-3.204490144910209642e-02	-5.671893601126695161e-01	3.778865080783624375e-01	3.437458141128526545e-01
-2.591794726712480512e-02	-6.068429276925150218e-01	-3.244670142148111114e-01	8.642329488474358445e-01	1.809589066085865339e+00	-2.162092152331783479e-01	-9.402489714943517152e-01	1.150919287392779600e+00
7.252882301559747669e-01	1.362967326357128750e-01	-2.469847127480134241e-01	-3.952802656531328451e-01	3.714947385132302826e-01	3.930018770969995190e-02	-4.155245300615545423e-01	-3.330724558886560271e-01
5.322352238124715695e-01	-5.537625951140365821e-01	-2.756873170090005931e-02	1.515751289166614058e+00	1.247227208254629405e+00	3.239428258299718033e-01	-3.192210584200458334e-01	-1.815374344834151943e-01
1.650618899747368973e+00	2.570697817771097071e-01	4.886544462401861688e-01	8.987293790925691972e-02	6.248878895551099322e-02	-3.896360435257688604e-01	4.991079822326117688e-01	3.767834375225294630e-01
1.156859229330556182e+00	1.964980447082195492e-01	5.426380996112865063e-01	-2.822366846781357852e-01	5.897378138369471223e-01	2.952154003766798707e-01	8.893722919033794638e-02	-7.590025401224198207e-03
1.954281099327447979e+00	-1.219004148025213619e+00	2.654428112510360815e-01	-1.181239143597687391e-01	-8.027412366922506148e-01	1.083713963297038285e-01	1.165847417070563941e+00	-8.768918436172113973e-01
1.086203326409499015e+00	-1.274827554283157527e+00	-5.460872979001680366e-02	-6.093283459332248242e-01	-2.071470061545911123e-01	7.726339063252655182e-01	1.882554855609093747e-01	-1.507693186493307191e+00
1.997616479004094003e-01	1.288763938033665735e-01	-8.502542347180072069e-01	1.424724960158124110e-01	-8.059541645275696276e-01	2.133002044984197543e+00	5.288815454896983459e-01	-2.977144445207917101e-01
1.338246269054514270e+00	-9.478558065471949234e-01	-6.035625342826077544e-01	-1.611453157349142518e-01	-5.220826966554606985e-01	-2.871024640598874855e-01	-3.147434434880237893e-03	-1.182714271467483869e+00
9.554986873318050966e-01	-3.262435529499557729e-01	-2.791723199321304305e-01	-1.110457095003239747e+00	7.126341657056569634e-01	-8.075784001303056847e-01	-8.365538005789107112e-01	-1.938543215121888985e-01
1.499798151626197118e-01	-5.724584179463565459e-01	-3.296055613851595067e-01	6.594281611196537440e-01	1.657146786632126112e+00	-2.800989632362873571e-01	-9.500226364262339684e-01	8.467129342872716791e-01
1.015074843182471653e+00	-1.481050746617139369e-01	-7.915445582789001899e-02	-6.406008447641025061e-01	3.068339016467620528e-01	-4.746075272772698472e-02	-3.970169374004120511e-01	-8.607113503816942179e-01
8.611200980356092938e-01	-2.587238598472748619e-01	-1.564320708549234440e-01	-2.170811431966061800e-01	3.530410244925195062e-01	1.042253485816495434e-01	-3.109380215925511282e-01	-6.874777423270610477e-01
1.027691588026793612e+00	6.615942673325092560e-02	-5.705155744311434241e-01	-1.036271656912965584e-02	-7.237854908725049885e-02	-5.536002641408941383e-01	-3.389237107019079653e-01	-3.149360178382890063e-01
8.706967952504930386e-01	-4.793161498005882870e-01	-5.769662665906766241e-01	3.742782294670053966e-01	-8.753999996795510663e-01	1.786882156916626219e+00	5.389177159761713298e-01	-1.690963832839973202e+00
2.210643709490975606e-01	-5.519534851356697747e-01	-2.952379978491329049e-01	3.552776797201653847e-01	1.656408808836503654e+00	-3.824662731539405502e-01	-9.902668538525568609e-01	7.240137857056061499e-01
-1.007569261820993600e-01	-4.428643028437088680e-01	-3.941109763270886357e-01	7.624432199237906049e-01	1.703388986122850168e+00	-2.065128493268212906e-01	-9.407765275059948307e-01	1.449424963834432756e+00
1.289354071331108909e+00	8.628869447661480230e-02	7.218718807441122376e-01	-4.006201623119091670e-01	6.896772044106168620e-01	1.277071472582590184e-01	1.335074826619423172e-01	1.817580007977337153e-01
2.153367476246190182e-02	-4.540644343865842258e-01	-3.537550259051396306e-01	5.242536430331301567e-01	1.684301928753943356e+00	-3.076558708193428138e-01	-9.804370108954291174e-01	1.159210455175659904e+00
-2.183765459055758695e-01	-1.167012504526541705e-01	-2.981025182875987611e-01	1.671700874570690054e+00	1.381419368301193717e+00	7.544285114994412345e-01	-4.655087727950125709e-01	1.220486762470228470e+00
9.544280079429713348e-01	-4.063727814611267086e-01	-1.163307112858738279e-01	-7.772717702169210652e-01	-9.182716507307695508e-01	1.741490803543765065e+00	7.780632759564626300e-01	-2.004905245868318087e+00
1.570797740834228184e+00	2.371862060960083507e-01	3.221101898815752484e-01	1.123724273419528102e-01	5.555786620288943878e-02	-4.308720766485812370e-01	3.723144200335529730e-01	2.811753955352252476e-01
5.157724702811236073e-01	3.065679320012634212e-01	-4.043817362535028770e-01	-1.136390522818709448e+00	8.064662516989337115e-01	-7.348271147766398670e-01	-1.008529025867839435e+00	7.061173176903685622e-01
1.241673330485897786e+00	-5.690205249410603683e-01	2.091793953988918819e-01	2.119484503824423438e+00	6.265479588550556533e-01	-2.719239891684653854e-01	4.298960609089192975e-01	5.704609812692065240e-01
1.094178109509970076e+00	-1.028883638335476025e+00	-4.893672717321884136e-01	5.385111093233790891e-01	8.307112269747258804e-01	-1.187810284480212308e+00	-6.908287327975499714e-01	-9.288377120409420373e-02
1.868477957007566581e-02	-4.682055177908582833e-01	-3.963155374285185495e-01	4.303267211605536491e-01	1.685387045612613433e+00	-4.715438069990908199e-01	-1.028645760912265894e+00	1.379282952790652050e+00
1.042593260896635676e-01	-2.570207997162903824e-01	-3.984164396655242024e-01	2.422352306147429191e-01	1.478278320855010319e+00	-3.524580037004427790e-01	-9.823426656504394838e-01	1.144782097631898754e+00
2.240701946087003682e-01	7.044794180126788818e-01	-4.598026339556467446e-01	-8.406513854359556337e-01	7.291220045629145385e-01	-4.920077913801788050e-01	-9.025353402394212798e-01	1.285952760677633755e+00
1.290999929337466323e+00	-5.230471776237761994e-02	4.520779112444471837e-01	-1.112200302204901403e+00	-7.690658265919234626e-01	1.357239491246783780e+00	1.236001538198383098e+00	-1.489598720971274937e-01
2.534620591074584484e-01	5.746283261893090355e-01	-4.917645996267342445e-01	-9.353657543872159197e-01	8.105525951772954985e-01	-6.701392855291200545e-01	-9.939211285279575536e-01	1.366556655930192932e+00
3.498254771034379207e-01	-1.025154181042063108e-02	-6.868071407535086825e-01	-7.539749349157288949e-02	-3.368036192844630072e-01	1.491107705675738693e+00	5.831526394941312363e-02	-5.642773686038832226e-01
1.654151270362643089e+00	2.360757755091605070e-01	7.836324091766153077e-02	2.437515274920681874e-01	-1.185570939504087679e-01	-6.767224534182214590e-01	3.218898270297625430e-01	2.135184478314518797e-01
8.833751727576384383e-01	-3.685585986947227388e-01	-3.282768745309352365e-01	2.737001943952181993e-01	3.189946936518698317e-01	-8.147138306571684307e-02	-3.033392978017647179e-01	-5.641712775778920941e-01
6.122748861051034996e-01	-1.027657744736250711e+00	-1.216828521226285542e-01	6.127530329261806630e-01	1.606170540734870089e+00	-3.379470247368184244e-01	-7.857585966748568129e-01	-1.962339412390675664e-01
1.754198801465860047e+00	-6.521223956337921512e-01	1.829326917198342006e-01	2.782712490222586169e-03	-3.738238764316687557e-01	-1.007676032735825705e-01	6.743451930843626929e-01	-5.064377594180841102e-01
1.082433346258856455e-01	-4.284024139826589361e-01	-4.105134722466067254e-01	2.792486751987593996e-02	1.594339901873638388e+00	-6.126262234975082821e-01	-1.079876090179429537e+00	1.361303446334043876e+00
-9.813304094306270209e-02	-2.853486529775338121e-01	-3.595203549262298015e-01	8.637010248788523636e-01	1.605882411620670469e+00	-3.237353413321399781e-02	-8.493286971369379268e-01	1.385260868126241274e+00
1.188481639249415744e+00	-4.774368208066264718e-01	3.419969240628254470e-01	1.856186776195218879e+00	7.681201145633617111e-01	-8.679630389043667404e-02	3.656991910311362393e-01	4.510357367938764295e-01
8.748135282506430688e-02	-7.630345334488277675e-01	-3.494002821545938997e-01	4.311253697799301010e-01	1.827012398558416351e+00	-5.397653642520858774e-01	-1.061758308594040079e+00	1.149139834980507757e+00
9.188903770525695958e-01	-1.245202596992806443e+00	-3.128459029369495270e-01	-5.547871631274158277e-01	-1.928439228659712401e-01	6.031772681679429260e-01	3.853690362680661785e-02	-1.171805101041112795e+00
1.012809153888480695e+00	-5.381742313027345626e-01	2.168481459336738804e-01	1.813077175056148072e+00	9.197699836337940305e-01	-2.918917531177303570e-02	1.596019345365239095e-01	2.799563480862469200e-01
9.713704376934428897e-02	-5.618490684732562190e-01	-3.419490241174550915e-01	4.845612041205007436e-01	1.726619589039260383e+00	-3.987493101332315049e-01	-1.016627030978140445e+00	1.031867055749137396e+00
2.779281333987909108e-01	-8.288260922051127189e-01	-2.263426007012916685e-01	5.476686096347944677e-01	1.820420544449470324e+00	-4.341096671682879160e-01	-9.851837023927558779e-01	5.171026883580456257e-01
1.175352298253013794e+00	-3.157063507773397726e-01	9.300808537124530262e-02	-7.976692420938038541e-01	4.244332712777413863e-01	-1.401174675569963335e-01	-3.550057795864425825e-01	-7.606755976340563441e-01
1.772753308078778067e+00	2.448661926213480389e-01	3.641192142849408730e-01	2.380274707372382337e-01	-1.135268767894208608e-01	-6.386945654188068699e-01	5.606894472264293272e-01	4.391676135652540225e-01
9.582461267293568286e-02	-3.923085625489075023e-01	-3.761646340957965906e-01	2.680148864798154729e-01	1.604938082244181219e+00	-4.330059332598241162e-01	-1.024913312376564356e+00	1.150679517035830823e+00
7.755942198510326069e-01	1.376014673818676814e-01	-2.414173740127661116e-01	-4.151817880077206535e-01	3.175224101232840823e-01	3.985207253953086670e-02	-4.075732411100237984e-01	-4.477429601134694237e-01
-3.640104955892902727e-01	1.795935270342719769e-01	-4.332422810027467541e-01	1.523217010465881538e+00	1.231064408240464925e+00	7.306441887621298870e-01	-4.888241452662936970e-01	1.779355329896856741e+00
1.191171720826635028e+00	-4.897958152449140012e-01	3.064336700521311796e-01	2.006302695608525255e+00	7.027988664656438234e-01	-1.161917287632227569e-01	4.297888138241326983e-01	5.525823596291574713e-01
3.738114462633966850e-01	4.473577873793533888e-01	-4.966626268114862630e-01	-1.093335300231666585e+00	8.240115650068577935e-01	-8.742194362187218903e-01	-1.065880984567875833e+00	1.280045995983835949e+00
1.837332951942681092e+00	-8.616292890365845336e-01	2.039354680147248133e-01	3.109478626297067227e-02	-4.207411545076198411e-01	-2.268866250449198263e-01	8.145856635191411899e-01	-2.690153040707870535e-01
1.735505050001240557e+00	2.515357888508708006e-01	6.606075334853537262e-01	1.492840072097177118e-01	6.783347161296940375e-02	-3.217456278106919920e-01	6.387038856508402418e-01	4.279780537680506480e-01
1.998302813866896233e-01	-4.008453844015508749e-01	-4.130943680675549512e-01	-3.684501579157191675e-01	1.573526335480440519e+00	-8.799116532247553968e-01	-1.193706131611609544e+00	1.332157368015996379e+00
1.657058145259004744e+00	2.411741743857576947e-01	1.457002215597716921e-01	2.107301258871156768e-01	-9.288478983800881050e-02	-6.473290789308082660e-01	3.520542859532905799e-01	2.702862441516764580e-01
1.612899334077506630e+00	9.761629185086925786e-03	-7.298152147260957142e-04	-5.494537426794875445e-01	1.518212679667945708e-01	-1.615587783955358958e+00	-1.625887900271222597e-01	1.359480039586797862e+00
3.160921002189116535e-01	-3.344417163689956118e-01	-3.486212268058002661e-01	4.982646803135584376e-03	1.424732005151685632e+00	-4.563585519238771981e-01	-1.005723903469444958e+00	6.879906090116243433e-01
6.595336844337466031e-01	4.394740445087710889e-03	-2.130411365212220298e-01	-4.311340807271195619e-01	3.661879596862588349e-01	2.749230325498447924e-01	-3.436162684857216321e-01	-3.998591808514939672e-01
-1.117123611301351904e-01	-2.295551608796187748e-01	-2.395606042913311917e-01	1.782710668549793098e+00	1.431901917310010264e+00	7.174668752004058625e-01	-4.598581915873479198e-01	8.686487462834121542e-01
-7.796407592582998980e-02	-1.550732225168506284e-01	-6.124605789037541603e-01	9.053542251064801150e-01	-3.688960360394586968e-01	2.788902888622255993e+00	5.733052003227643301e-01	-5.369299117656556319e-01
-1.436960532835487026e-01	3.656506453333609186e-02	-2.615803489410090665e-01	1.204897315446116224e+00	1.255756871027755794e+00	7.104791933453967756e-01	-4.920959620788369349e-01	1.051910685023095482e+00
1.232754418330098245e+00	2.185946449968093896e-01	7.549154018733716942e-01	-2.612506829651541351e-01	6.498803286879583085e-01	3.449491896938173263e-01	2.562382922610575986e-01	2.101768859559142166e-01
6.600413353612131218e-01	1.052238766772424228e-01	-4.304107048513605149e-01	-1.258655043157363096e+00	8.074612904477322939e-01	-9.828617793843773542e-01	-1.080197613847074800e+00	6.625384674803700413e-01
1.745049877189102538e+00	-2.897402947508443405e-01	-4.406022219031349024e-02	2.581698076407957232e-01	-3.925531934620250518e-01	-5.073197216106523078e-01	5.302578789604398546e-01	-2.228683594252924283e-01
1.287496346889167143e+00	-1.434699239468210097e-01	-6.581638455787323094e-01	-1.751516511700246248e-01	-6.273011452027468793e-02	-1.153105118848153587e+00	-5.029144624738619562e-01	-2.817685435221461421e-01
6.825350606937911069e-01	-1.114195888695304726e+00	-1.615460996715062936e-01	2.201012574656120713e-01	1.614845542555696234e+00	-5.803042912909485151e-01	-8.956783226068413262e-01	-1.531982805617276844e-01
1.841315765484596856e-02	-4.654285368935657807e-01	-3.129327168164453554e-01	7.049502229322787139e-01	1.699130941787045490e+00	-1.577073046189802485e-01	-9.241418018603769768e-01	1.027887085651401300e+00
1.185861808395113570e+00	-5.124086961778475668e-01	2.977938444560024323e-01	1.953321637704551472e+00	7.531014254146856102e-01	-1.303012809890375379e-01	3.655761979219003255e-01	4.746920061944078784e-01
1.129502232822447771e+00	1.170953225954883548e-02	4.068513677189591338e-01	-3.372902523832768118e-01	4.920153464576556002e-01	2.967736412552571812e-01	3.900463619433774953e-02	-1.525982548188180299e-01
4.709611793422791015e-02	-3.397767351437739336e-01	-4.171293282065854924e-01	7.959937394745143086e-03	1.603545366576516251e+00	-5.886272995156786036e-01	-1.096997748166562259e+00	1.432072429173254058e+00
1.687871599808167922e+00	2.409890437150400688e-01	8.601042922414478542e-02	2.861027246963768755e-01	-1.414243686819435519e-01	-6.868845675656241045e-01	3.593086215276296014e-01	1.960084226584779821e-01
8.699725987445586783e-01	-5.202007400694595995e-01	-2.338837409207717155e-01	-5.436835025198211158e-01	7.090351021703819590e-02	3.247521076731273992e-01	-2.038274373435922382e-01	-8.604775860797967413e-01
5.294122239283500786e-01	1.515067384383673443e-01	-4.223575223352661334e-01	-1.285472969169651147e+00	9.230762479864990100e-01	-9.812524542394006621e-01	-1.130033096497367939e+00	8.565624196128109880e-01
9.411742542286973823e-01	-1.677103365302619331e-01	-2.037665741066239378e-01	-8.473902179624326347e-01	5.083959385220611082e-01	-4.006399741462675079e-01	-6.224910324247175941e-01	-4.263787181214475086e-01
1.278557369932535437e+00	-5.025210781830652396e-01	2.889886724977202004e-01	2.068626654860745706e+00	5.959274792044999547e-01	-2.641589715066158806e-01	4.984126359076825885e-01	6.420632185632082489e-01
1.610504668108797555e-01	-6.014387835854591025e-01	-3.410095912179297861e-01	2.759602494394404748e-01	1.736861181230130891e+00	-5.372929478240850987e-01	-1.074996557823476362e+00	9.871795427957450464e-01
1.255676184551223873e+00	-9.219520893094166336e-01	3.021187911287768202e-01	1.345907133992884530e+00	1.089963378778211034e+00	-5.683799435437424385e-01	-3.791680002414305611e-02	4.742266014622341652e-01
1.096121012572800923e+00	-5.014391817763934611e-01	3.227762555752869966e-01	1.522527260134181493e+00	8.475996559586475021e-01	6.105718614157091412e-02	2.208114671889629399e-01	1.541963103098078769e-01
7.627064205867542523e-02	-5.662113056926703081e-01	-3.074947749661591789e-01	6.433945283406350413e-01	1.742190947282425073e+00	-2.632450826070339422e-01	-9.608467862700152962e-01	9.499978742126253817e-01
1.561647123980156593e+00	2.387262973652407860e-01	1.630427789847580800e-01	4.908026926858848754e-02	-3.231437618292336972e-02	-5.332251869185379300e-01	2.922866248103755948e-01	1.952330493543936729e-01
7.089573843842864598e-01	-5.153869988691078818e-01	-1.066137386208987209e-01	3.146331370961976681e-01	6.890910700471866157e-01	3.329317813937568427e-01	-3.231290210426648879e-01	-6.435339870380007987e-01
-7.035596396211909499e-03	9.570177447479099042e-01	-4.962536346257584441e-01	-3.413148036244598171e-01	4.659618189383901710e-01	1.746481659829912658e-01	-5.960304993188446643e-01	1.352585601228745826e+00
5.649372884038547649e-02	1.392018480920242662e-01	-4.103504891811144972e-01	-6.528856553249291483e-01	-6.759434832914341662e-01	2.109485389935087607e+00	8.383278200662904744e-01	7.216995369212351186e-01
-2.483259716159145203e-01	7.036590797539141184e-02	-3.565343360779879567e-01	1.340440365932785927e+00	1.250775944067478385e+00	7.014816156128171887e-01	-5.038134571726352595e-01	1.379686690283921102e+00
6.105795580120088051e-01	-1.120313640077409967e-01	-2.007788133783376672e-01	2.028729942759174287e-01	6.747677985259405986e-01	1.927185671707324077e-01	-4.108227989047114059e-01	-2.961035204339227955e-01
2.365330733883837522e-01	2.971514812398153849e-01	-9.735976464960630627e-01	8.989323678841620868e-01	-8.968019780525561258e-01	2.376440478171909287e+00	5.192132311660909716e-01	-6.953082872041348450e-01
1.670559843845841330e-01	7.173833673337473571e-02	-8.502748407457763058e-01	8.398766707656430963e-01	-7.278982355849880070e-01	2.405945571366050917e+00	5.405014235853083937e-01	-4.660408342879152621e-01
-5.262211118821068581e-03	8.655726667924102946e-01	-5.528038371993860833e-01	-6.923165165020153111e-01	7.225088084690592938e-01	-4.532927325403997010e-01	-8.766032490062014570e-01	1.894502111856199544e+00
1.206919948327630054e+00	-4.946454659879256366e-01	5.717808633471119784e-01	1.904746232449531229e+00	8.418592743769781617e-01	9.689644501226432616e-02	5.298476904708113722e-01	5.754595409951358542e-01
4.468108503758719263e-01	-4.961443089459285916e-01	-6.186224671093874111e-02	1.317141310951340127e+00	1.258035396154445484e+00	3.979054057039871917e-01	-4.005804433569865042e-01	-2.491683148257599067e-01
1.714004037610331377e+00	2.808713973125056551e-01	4.264054516842569198e-01	2.168738095468037419e-01	-2.596268812101486245e-02	-4.111610711956776298e-01	5.275762735716801322e-01	1.487189274840133302e-01
7.418068345941509767e-01	5.805363271124927560e-02	-1.836497824766887554e-01	-9.306956361907395836e-01	-9.714345639764220275e-01	2.035220867542363088e+00	7.879372429519549970e-01	-1.780021612124485397e+00
6.879775327576534427e-02	-2.771917427325254479e-01	-3.790614430642793575e-01	3.092469045086875812e-01	1.529637290914840797e+00	-3.092257426098776185e-01	-9.765469106421924561e-01	1.137774934299962126e+00
1.166013827080773613e+00	-5.713747990524792320e-01	3.371473517762985095e-01	2.046702697098033319e+00	8.086257312179963019e-01	-8.275837866176445623e-02	3.847808229149488057e-01	4.718884524766100430e-01
1.744091200120367668e+00	-3.459554916940091318e-01	1.679351533882872671e-01	-6.203780076553516709e-01	2.741541309142688232e-01	-1.340721261146228249e+00	-1.177392410941779238e-01	5.364432343046614537e-01
6.459247551594041736e-01	-7.896884915460798682e-02	-2.299195929878130318e-01	1.394675813256181784e-01	5.827447613637189994e-01	1.690991305129095623e-01	-3.858243807808355852e-01	-2.533153258009276376e-01
-5.458321504637010657e-02	-2.816445835445094414e-01	-3.861111277749381676e-01	3.915296512696462283e-01	1.623145675400098797e+00	-2.968958050772897428e-01	-9.861890599262622681e-01	1.450606788288915538e+00
3.893865014169431982e-01	-5.637833930956790557e-02	-1.109831123481619608e+00	7.757424581051201029e-01	-1.096102004330972379e+00	2.011159231036909301e+00	6.030933126798271315e-01	-3.766997473665035789e-01
1.759415468783340764e+00	2.020062555951989414e-01	-1.370223132838385149e-01	3.711819638289274303e-01	-3.671180371129989517e-01	-1.081301127922833727e+00	3.707429582189658568e-01	3.782690711042769882e-01
-9.454961548153435758e-02	-1.227628657508584020e-01	-7.496775891500346845e-01	1.067584884443205429e+00	-7.328571356994878494e-01	3.038035276402141438e+00	8.871764820395082740e-01	-3.546168324135522965e-01
6.691475765720888980e-02	-5.737605878830353001e-01	-3.377953701301191214e-01	5.917036997749267613e-01	1.744151275374054899e+00	-3.436106053983233877e-01	-9.936986953391550026e-01	1.057542594089399435e+00
9.681668936259106850e-01	-3.629802892405669112e-01	-2.508686794984826274e-01	-1.306975269680747953e+00	7.829841681409792642e-01	-8.708935373912607414e-01	-8.900806999310830747e-01	-2.342784411694432967e-01
4.270070150556325439e-01	-5.791792598048050023e-01	-5.981785244240561683e-02	1.566200605811788993e+00	1.353012371249094459e+00	4.070672193368879976e-01	-4.026394218483068665e-01	-2.608316707656686551e-01
7.836938100169416055e-03	9.492134825736874282e-01	-4.842194100177745764e-01	-3.623051741565340711e-01	4.679434682383560307e-01	1.719869432570787504e-01	-5.946852007377412264e-01	1.312506997136744902e+00
3.222793002127907203e-01	9.196111646163716014e-01	-5.972638745590620468e-01	-1.454555846044311096e+00	-1.130011231077575840e+00	1.817072015868664847e+00	6.627062960718524964e-01	-7.701644833456696704e-01
4.526309925393078304e-01	2.620404237104734246e-01	-4.378720307679030976e-01	-1.264882831145365483e+00	9.377422772384943483e-01	-1.020411314757862842e+00	-1.135082374683108686e+00	1.136275603185559646e+00
1.135339267264920071e+00	-5.999676057549554464e-01	3.538206977726530145e-01	2.114969579069549965e+00	8.476492954790048051e-01	-3.695064558306719593e-02	3.991847875023246672e-01	5.109494458558897501e-01
6.885653393545146939e-01	2.386934654056718785e-02	-3.705671286321303715e-01	-1.151906146941652942e+00	8.194900917771302806e-01	-8.326957612106171691e-01	-1.003906307472974158e+00	3.880711857501238926e-01
4.697907357070173484e-01	3.593125771901145571e-01	-4.303965312323416725e-01	-1.099552214030583341e+00	8.529834864760001967e-01	-7.838374091229433072e-01	-1.055605933002185637e+00	8.555621302872050693e-01
7.769470466073788995e-01	1.289000389394335255e-01	-1.612957653173558714e-01	-3.835777428267803102e-01	4.033843115296383286e-01	8.234032874498671550e-02	-3.538405943703966106e-01	-2.847240383233745065e-01
5.950340770265936108e-01	6.187516658168752404e-01	-1.130080859870268961e+00	-2.820377709151786205e-01	-1.306532900708581746e+00	1.647517513257394262e+00	3.819753417182086830e-01	-1.353717348162285727e+00
4.162304990548566508e-01	-8.047202006181627398e-01	-3.320176528303791508e-01	7.877574546606670725e-02	1.688988610610833607e+00	-8.021159954386050117e-01	-1.114069889863014362e+00	6.918040599489009290e-01
1.128383523170281455e+00	-6.136921038314955279e-01	2.381584586346107424e-01	2.041655117039046896e+00	7.519682408459402723e-01	-8.150514416014723040e-02	3.775022672498261067e-01	5.017917956566882998e-01
7.406396765513336700e-01	1.015494273014679039e-01	-2.484122455023952125e-01	-4.410665241579935225e-01	3.823275407887080646e-01	-9.427109622687598889e-03	-4.347885756835425664e-01	-3.341923095337553384e-01
1.664647786122694373e-02	-2.493387143958631924e-01	-4.588736950336723130e-01	3.102237809166847882e-01	1.491857715298917642e+00	-4.169108322711503334e-01	-1.002411035653402172e+00	1.469809535581185322e+00
3.509591095796879001e-01	-1.202958980754278984e-01	-1.000250023823941792e+00	7.425324769521821633e-01	-8.639551372643456961e-01	2.104855312589515748e+00	4.598155621167615559e-01	-7.923260366404460964e-01
1.608585282131051342e+00	-1.142082608858034087e-01	1.234303813390952853e-01	-2.804899046242235183e-01	8.910851891608755071e-02	-7.253761075200005903e-01	6.143669790807343434e-02	5.776540282853226405e-02
