5.406459817201177964e-01	-1.021494883819987987e+00	-4.760197244663328386e-01	2.175188594811453324e+00	4.768003968110698931e-01	-2.979261953545430108e-01	-3.213710650783732081e-01	-5.306113582120354222e-01
1.265767099908322146e+00	-8.693988052207275441e-01	5.955058601849073652e-01	2.089764034599273845e+00	8.931466425859574398e-01	-1.081540464050321781e-01	6.031363609603423992e-01	3.241725720293714419e-02
6.885913710272650867e-01	-1.076339891277247940e+00	-5.940361221645646950e-01	2.616358266417106559e+00	2.029581734273541160e-01	-6.201323938457657947e-01	-2.289571450160509947e-01	-3.561043281482543232e-01
-5.790071128162622704e-01	-1.352346647630001009e+00	-1.993555018620468688e-01	1.324589994866611997e+00	1.819629853499458827e+00	-2.539693744363153982e-01	-1.345412843375934475e+00	4.702090366385576758e-01
1.505900360209532662e+00	-7.595588459614416310e-01	6.145795193398565504e-01	2.248931978847638735e+00	6.866732173534296768e-01	-3.387660792566332124e-01	7.616210310921952553e-01	2.026437861091686110e-01
1.478445672462781690e+00	-6.410264414355572038e-01	3.706370566579849646e-01	2.104399445675469771e+00	5.208713267746464259e-01	-5.115273675801033093e-01	5.497812752234757516e-01	1.595769038712332166e-01
-3.540807705031783215e-01	-1.322037356891634152e+00	-3.560385797579475042e-01	6.467942124702282802e-01	1.545638950907781917e+00	-5.425238157589883370e-01	-1.473752552579920883e+00	5.952395781246540007e-01
1.080880810290421046e+00	4.769053633230235234e-01	7.150600172800093413e-01	-2.790612967308435666e-01	9.862141997805877747e-01	2.040798881767707518e-01	3.048748184858687815e-02	3.752458387260949602e-01
5.294828387383035961e-01	-3.956543804378669926e-01	-3.376037191721146802e-01	2.686110241000209120e-01	5.206826897592796710e-01	2.921461687803542095e-01	-4.814478710026103836e-01	-7.506126250172722170e-01
1.428072496651627610e+00	-3.866679795693602761e-01	-6.027841030491911667e-01	-4.779153886208930002e-01	-1.196869978984885646e-01	-9.805629177542319885e-01	-7.247830826068760723e-01	-3.426504269849476314e-01
1.944171548918386616e+00	5.360914318560434655e-01	4.287987754050284206e-01	5.156879999265354675e-01	3.578494160610524999e-02	-8.993822865091387619e-01	5.174122746434002273e-01	5.972239255266460489e-01
-7.547189224420298992e-02	-1.215909531735291704e+00	-4.083552039934516542e-01	1.059871447532110822e-01	1.347753026338420312e+00	-7.237003843218334787e-01	-1.491191037036747158e+00	5.123840833153483487e-01
3.035427042406248499e-01	-1.228098591990160471e-01	-3.871806515099362467e-01	-7.259819125216027125e-01	7.403822260935735144e-01	-5.879625421319918388e-01	-1.224753889155751896e+00	3.500262430917174816e-01
-3.912947671049041287e-01	-1.275106661347372716e+00	-3.299517588825173209e-01	5.444218407409965321e-01	1.578858408589875140e+00	-5.236890839357049021e-01	-1.483724283722656745e+00	6.075352682658631265e-01
1.793005663060966759e+00	4.876239856282200136e-01	5.433594163536797916e-01	2.450598216313364941e-01	3.083558119419718691e-01	-6.264767864556036736e-01	4.264120735065117240e-01	4.954697581544513785e-01
1.359700679787174016e+00	3.555218055137092659e-01	7.572081339407844558e-01	-4.445832776908915096e-01	9.141624983328200393e-01	1.750615115601113492e-01	1.805998759726901437e-01	1.173373912353657122e-01
9.618065347466713266e-01	-7.567476338024977656e-01	1.032716348694874275e+00	1.106470868314662015e+00	1.462281061834823426e+00	6.438322070952141596e-01	5.326364693487277702e-01	-1.628309803643747944e-01
-3.711633043257136499e-01	-1.516882037846164710e+00	-2.658522563841835828e-01	7.751689551265354972e-01	1.745825030118097310e+00	-4.978214235378716213e-01	-1.444771807650183648e+00	4.346907049742895213e-01
-7.858326482566942994e-01	-8.508216250184391649e-01	-2.106047652854829422e-01	1.310240420530845551e+00	1.670709195532014801e+00	-8.985820036293305779e-02	-1.319266299025256606e+00	7.867566674153170236e-01
-1.050909183531585772e-01	-1.550951398107594414e+00	-3.387041813028666137e-01	7.508518277226277071e-01	1.535097785579936369e+00	-5.502923228165458314e-01	-1.351962641455236813e+00	1.828246369894692136e-01
8.665131893316713185e-01	-4.349199141767422505e-01	-4.377095439725773307e-01	-1.056322523472702279e+00	5.732387581482089045e-01	-7.830999585218693104e-01	-1.159201266024959986e+00	-9.522093196847708496e-02
1.054377888065546193e-01	-2.652416746920598367e-01	-3.864648204221595162e-01	-7.963962665568017352e-01	9.361423681250813367e-01	-8.459149897531608175e-01	-1.453683494673345233e+00	7.985021842109958357e-01
1.999224048554595790e+00	5.102912758202344801e-01	6.631211847621156785e-01	5.613149328226042512e-01	1.621394460832158435e-01	-7.951540230582732072e-01	7.161689053339110878e-01	7.155714333041036657e-01
1.068332975293336595e+00	6.783344058695424117e-01	6.407503204304886291e-01	-9.463370841483569329e-01	2.389639951534965334e-01	1.826737642757679803e+00	1.385186106637931180e+00	1.367734275780536635e+00
1.853107750143058396e+00	5.368205481802381662e-01	4.121090336471931459e-01	5.757481311390306722e-01	8.354016628043688109e-02	-8.830143259093461428e-01	4.629867962730221942e-01	6.702219167220384577e-01
1.736556117532291443e+00	5.002723446839658639e-01	3.562748595320937017e-01	3.079005173168750664e-01	1.791205480179302312e-01	-7.084742032285710200e-01	3.108984793799668411e-01	4.125205843609118794e-01
4.942556859137773317e-01	6.917869385379777913e-01	-6.267518988830441673e-01	-2.444816422534553002e+00	-6.567365477131709151e-01	8.688300302852404178e-01	5.372836273615592129e-01	3.145827277896235397e-01
1.505273717300160019e+00	-7.032632672360528137e-01	4.968101073322952477e-01	2.320685482438949343e+00	5.772068712604274676e-01	-4.512464937297706036e-01	7.061772537831909613e-01	2.706034315550512881e-01
-5.814492736754609536e-01	-1.378543517998756185e+00	-2.527756737832122513e-01	1.232824457044262356e+00	1.749949624990734254e+00	-3.419551805148817181e-01	-1.392945016864847174e+00	5.841520134518540797e-01
1.339361581567017678e+00	6.390342926557548431e-01	2.972008182780047081e-01	7.584912741960964100e-01	-4.559313946176936638e-01	2.517870679241141829e+00	1.895398404772550949e+00	1.053863495874597378e+00
1.326884086915252059e+00	-7.569077607555247944e-01	7.542635989352967085e-01	1.867865883639898472e+00	9.530275505697954896e-01	-4.703093733120433662e-02	6.977827350741129253e-01	8.713229859895885165e-02
1.738270566069564982e+00	5.201713711719111455e-01	3.458729309703454935e-01	3.083817497437542077e-01	1.597137918217730046e-01	-7.351181797277710483e-01	3.078866932878041585e-01	4.629115500043400333e-01
-4.909547225550591754e-01	-1.186079471843639821e+00	-2.931714419002610650e-01	9.011783373354445015e-01	1.627335558046146824e+00	-3.669345621342031682e-01	-1.418932056570108013e+00	5.714917388716482805e-01
1.439521201638478964e-01	5.702155309399787875e-01	-3.619530297897084470e-01	-1.826738666499805541e+00	-3.469236223287579246e-02	1.693525629025219192e+00	5.189288277210725164e-01	4.163019639679559347e-01
2.720710726356942444e-01	8.947034016823081082e-01	-9.559073176376837733e-01	1.192075326054074624e+00	-1.027666051998801899e+00	2.905726864626825279e+00	1.033264535419068819e+00	-2.571596548932634230e-01
-1.642304627277848400e-03	8.468074923137569598e-01	-3.917509030013365257e-01	-1.833841959389241882e+00	-1.985250367461982579e-01	2.040455444128005169e+00	8.277446667072886344e-01	8.707914085974797214e-01
1.129302290859067970e+00	3.934681874599362250e-01	-7.266745725242858001e-01	5.934223051634522905e-01	-4.302088996177055868e-01	-9.662533757933661205e-01	-3.735365494619155569e-01	-5.054022168898521239e-02
1.153475764289084438e-02	-1.162817601974975190e+00	-3.663470442015815398e-01	6.087956504917887424e-01	1.276999728216170471e+00	-3.644732396783866846e-01	-1.204925745092807698e+00	-1.299044339501840943e-02
1.889080722809988622e+00	4.855459031222236210e-01	5.608345786904167518e-01	3.728477807635984798e-01	2.250974173095106057e-01	-7.384743307569154869e-01	5.125455380780509218e-01	5.959164287575051677e-01
1.516475302374238998e+00	3.607019066381696448e-01	1.071704873644449441e+00	-3.312346278498112251e-01	1.038258831611139632e+00	2.202363068656978951e-01	4.708997623718303993e-01	3.396045434836339472e-01
2.619039012333885807e-01	2.652494073104916805e-01	-7.774952012002173118e-01	7.200501882613130622e-01	-6.748535756017703946e-01	2.786394297824766664e+00	9.255619461568175277e-01	-5.711208366837696726e-01
1.436754959749334759e+00	-6.724431855219308307e-01	4.142783656874867715e-01	2.182650182683661733e+00	5.671449431476597303e-01	-4.603196872450518451e-01	5.846005323290616174e-01	2.337312691988300273e-01
1.959960897906749988e+00	5.627616724199222542e-01	2.292556889718829205e-01	8.116256970358861622e-01	-1.386710160274322312e-01	-1.049557472169832639e+00	4.735381595391344733e-01	5.849960735363959330e-01
6.391548639857616010e-01	-1.178692288422400258e+00	-5.907913318005065806e-01	2.754290662381002175e+00	2.443190096866090788e-01	-5.459130198968283887e-01	-2.005713723017292782e-01	-3.498449196086552138e-01
1.166764584683076533e-01	1.144091778920847569e+00	-6.400015023174210338e-01	-1.426710006513003837e+00	-5.203426461020446148e-01	1.801425566437660164e+00	6.990913790297583752e-01	1.092113273159192710e+00
1.727040465644317235e+00	-4.256583192036200169e-01	4.893478862477116387e-01	1.926569777740268385e+00	3.707472667018938961e-01	-6.379745659931435053e-01	7.304939489298454269e-01	3.847220315633935739e-01
1.930230044526443756e+00	5.461079384790723523e-01	2.416808311232679363e-01	7.208154576008769521e-01	-1.062250073762944225e-01	-1.062209818529109562e+00	4.502874732738259000e-01	6.362103001435241989e-01
1.863989107206894147e+00	5.269042358827307204e-01	5.005913569495986648e-01	3.948501010239998665e-01	1.826431219569242814e-01	-7.311751842518947608e-01	4.786292450709241919e-01	5.390649124447937091e-01
-2.911882137332431619e-01	-1.247403874779905442e+00	-2.980936935602621629e-01	1.040578561827581350e+00	1.550439852701017251e+00	-3.095729607701455666e-01	-1.292491733617930905e+00	2.289267018647277996e-01
-4.572722058892887964e-01	-9.998787163529901934e-01	-3.026236834968005773e-01	7.231196780770386967e-01	1.535543358772450961e+00	-3.387069460075530225e-01	-1.404091857644859775e+00	6.091340843204416933e-01
1.208985910438996836e+00	-8.279849940773856276e-02	-1.265178642292848488e-01	-5.098222184612342112e-01	2.246477725483027044e-01	3.796803149223002549e-01	-1.305391985499452234e-01	-6.681246089693697598e-01
8.165576926878472808e-01	-9.047757487476005833e-01	-4.500981127432931439e-01	-2.521103550608816968e-01	5.531434789502429616e-01	-2.640419889832982259e-01	-7.723046067406830195e-01	-5.109873243986775559e-01
-3.289503807629300391e-01	-1.206613584841462528e+00	-3.697744255558648718e-01	6.849065439735644301e-01	1.482020762619281395e+00	-4.795193578539501678e-01	-1.441394712063074124e+00	5.412720793413083875e-01
3.003440307372267082e-01	6.993441118736880568e-01	-5.986709333030045821e-01	-1.897860336192459974e+00	-4.650472833716751131e-01	1.262205335442127208e+00	5.310468643674649547e-01	7.728659538753539504e-01
-8.482279291564258361e-02	6.520818939958572535e-01	-6.844031459409960494e-01	7.317264462001010772e-01	-5.763469755897377977e-01	3.112668646711045373e+00	1.098877345485450352e+00	2.781930556701956991e-01
1.231575703164885738e+00	-6.435488962927767842e-01	4.529436373795522330e-01	1.667043606379457810e+00	8.110307559536388267e-01	-1.916998769670398839e-01	3.904633315365622082e-01	3.883943491209129739e-03
-2.542394987415313445e-01	-1.127122904040166018e+00	-3.405397608708322643e-01	7.082918830663570420e-01	1.459652342087624399e+00	-3.774906333375924183e-01	-1.352419766627258824e+00	3.268943724379899107e-01
1.999187426977336868e+00	8.338797740831773719e-01	-6.466468780078736822e-01	-1.412973440597916852e+00	-1.401549331957026023e+00	1.435841264534896577e+00	1.079594890018043873e+00	-1.463177814526762210e+00
-4.594051042761916892e-01	-1.222974534595099305e+00	-3.276367625649407866e-01	6.980128267414946741e-01	1.583486904643417237e+00	-4.884388494604467446e-01	-1.476967230235461059e+00	6.740337707772849907e-01
1.800615512220429704e+00	5.190019484437682351e-01	2.659737467947653200e-01	5.043197935071029869e-01	3.106853277716108142e-02	-8.703597081057277141e-01	3.385219250649027511e-01	4.740062781671709469e-01
1.860459303342760995e+00	5.535797125004524588e-01	4.271781477079645839e-01	3.462125838776689557e-01	1.235396109971577117e-01	-7.846450174887270590e-01	4.241932719742803615e-01	5.213686905247871817e-01
1.418862800781101274e+00	-7.405933461271968499e-01	5.466958885681210134e-01	2.078251922340025093e+00	7.198537473628835448e-01	-2.987846285099539090e-01	6.353498813660785061e-01	1.141283158864404013e-01
-3.399814564910778047e-01	-1.281995202705106474e+00	-3.392038262728121478e-01	6.691081209387558237e-01	1.551378105133556673e+00	-4.857101034413592311e-01	-1.440580278270054970e+00	4.989405451068137376e-01
5.676358315832935597e-01	-1.382830140027462518e+00	-2.931745608107851064e-02	4.071387014952726480e-01	1.443125201423162363e+00	-4.052559209906958504e-01	-8.770156195862485182e-01	-9.417382115968515877e-02
1.369400632109217808e+00	3.755066551718844736e-01	9.110025512352709631e-01	-4.105870642023763950e-01	1.015366511740460442e+00	2.544920542550230258e-01	3.044886896374742191e-01	2.132493232949065620e-01
-6.652064316505330865e-02	-1.161024865076635493e+00	-3.837838959919858683e-01	4.032901742063546013e-01	1.351375187338643924e+00	-5.181159708044810186e-01	-1.370613145136665212e+00	2.644547383412960695e-01
5.909824847094934386e-01	-1.137415543425140285e+00	-5.396954288658863952e-01	2.582210673116387412e+00	3.504319896556521985e-01	-4.822608258982530871e-01	-2.497697519935473676e-01	-4.166272475105008977e-01
1.407657309233457665e-01	5.489148935048633327e-01	-3.875853932964846149e-01	-2.017708616407841493e+00	-9.664805479881399819e-02	1.534579531349858250e+00	5.212290286200187417e-01	4.904379798439773008e-01
-1.397265265448876248e-01	1.041569385224607069e+00	-6.323354683011276345e-01	9.534641094948107520e-01	-5.860471922488136309e-01	3.261882698211324705e+00	1.120824387810156475e+00	1.479379049621752096e-01
2.032180941737828372e-01	-3.490427552842095826e-01	-4.265660928271500785e-01	-8.479010483661717501e-01	8.727246158397584663e-01	-9.380482419252811344e-01	-1.466781087750369306e+00	7.754192897955407560e-01
1.011208040585259482e+00	-5.376247532275061358e-01	-4.066044728928011054e-01	-1.147715694726307412e+00	5.836432385401246759e-01	-7.911029968857570260e-01	-1.098925930965830355e+00	-2.443340027176270912e-01
4.634408013335838961e-01	-1.063668677402971774e+00	-4.766624205227011912e-01	2.391418627804406061e+00	5.120657483300499191e-01	-3.079220240135465136e-01	-3.220562000310819295e-01	-4.506060063983947650e-01
8.222041344409349861e-01	-7.930755461378622417e-01	7.741730904366370680e-01	1.228308070550581999e+00	1.392948356921630992e+00	5.778513262957257757e-01	3.064951969905120310e-01	-2.652836303900246162e-01
6.369555261198869278e-01	1.410095786913747318e-01	-3.804314740702958719e-01	-4.238098370607188414e-01	3.791402024166959928e-01	-8.465697357408914769e-02	-6.899690340896946772e-01	-4.482673168297216515e-01
1.945761103887589050e+00	5.123966165925013527e-01	5.557702194528201245e-01	2.407709253883525413e-01	2.065053578842913073e-01	-6.898160191905126082e-01	4.997514789482061515e-01	4.128056471956149664e-01
1.958696758155595852e-01	-1.046667636561735559e+00	-1.824285866098116216e-01	1.730239511243298667e+00	1.072356172175387146e+00	3.252318887531457925e-01	-4.219957363621931190e-01	-7.388549095568931468e-01
1.180600826460306563e-01	6.532103761457543900e-01	-6.701647329564393019e-01	-1.604881552934893429e+00	-5.686996709504623659e-01	1.642098728060479518e+00	7.782041838614635054e-01	1.183269647096008237e+00
2.192025372157060836e+00	-7.244116880091963084e-01	-4.778662284297448271e-02	-3.624526777815962886e-01	-3.817338252389912423e-01	4.579522919341424969e-01	8.724848436195926649e-01	-6.486148399275729615e-01
6.763380558148772703e-01	-1.102202449403645312e+00	7.746982702320647229e-01	1.123505558020569062e+00	1.682849629572799932e+00	2.755293049172735653e-01	-6.429874024703023661e-02	2.398772667916410084e-02
5.472188864853432255e-01	-1.055593940305021183e+00	-5.011935058288988776e-01	2.316434250879330303e+00	4.372457397288005976e-01	-3.589877972436730791e-01	-3.015013542045517081e-01	-4.796651660615829371e-01
9.816920675574987154e-01	-7.158599704802384167e-01	1.027692864996163857e+00	1.034693775938729132e+00	1.440153555990442147e+00	6.292558141591515497e-01	5.254642601500806309e-01	-1.527992728636650421e-01
-1.526815118962467632e-01	-1.133568468960293396e+00	-3.771505058245976927e-01	4.000501387005775955e-01	1.389912448106829457e+00	-5.229203139840634673e-01	-1.412094853218801127e+00	3.854395806046425621e-01
1.393950898018072593e+00	-7.890403007859875251e-01	5.701041220754863303e-01	2.020699117618695695e+00	7.769062050349261339e-01	-2.427297634406240523e-01	6.216397993313917958e-01	4.671242206800579888e-02
-1.903478776255832228e-01	-6.332386217467503298e-02	-3.579266388928530884e-01	-5.157416264303408271e-01	9.441656014812265241e-01	-8.103460129702891868e-01	-1.437785971004131857e+00	1.189271782834982805e+00
6.698468427390085189e-01	2.535014826179500802e-01	-3.681956278949862771e-01	-3.593226522520474586e-01	3.242818176181551659e-01	1.573799562676107822e-02	-6.268991303719501085e-01	-5.969854749447388587e-01
1.236972398962433162e-01	7.511645081116733458e-01	-7.358153619728241557e-01	-1.640383539966415283e+00	-6.923231676989116679e-01	1.434625591851553583e+00	7.346070374934171587e-01	1.353874141871196590e+00
2.208475834352183753e-01	2.051991317038304730e-01	-4.642517918318612158e-01	-1.636411657776808415e+00	-1.515401363032088666e-01	1.606660301648113576e+00	5.503770415302855490e-01	3.519676825906558060e-01
9.124985870534380039e-01	-8.396109978398801355e-01	1.012034667880784999e+00	1.467310849806384043e+00	1.482648104314013171e+00	7.327056383750879531e-01	5.435667000389745596e-01	-2.548246574939490028e-01
-3.760903214920784943e-01	-1.369143303121198363e+00	-3.432118985241099929e-01	5.477946835102528444e-01	1.583102268529354539e+00	-5.858322864146747744e-01	-1.502089866425015519e+00	6.168644350767840123e-01
-4.374764715828868278e-01	-8.839511660559074002e-01	-3.181149426785859768e-01	7.412679142983157332e-01	1.464531645834485252e+00	-2.735530245857002996e-01	-1.362688623752161599e+00	5.407836014027611604e-01
1.870498257258985664e-01	-1.847329168651950515e-01	-4.368427437917377087e-01	-7.053005299970888098e-01	7.738487590496102575e-01	-7.667445810992120636e-01	-1.364076206337194730e+00	6.671215894690090131e-01
4.074676063145563631e-01	3.574540208245650108e-01	-1.078717834334998793e+00	8.612417235694417306e-01	-1.006960423561900297e+00	2.279203892313363067e+00	8.126717103565788136e-01	2.328374588749223262e-01
9.493677528859570947e-01	-7.179294730497429722e-01	9.544483025362484607e-01	1.030111540163590300e+00	1.415928108041456746e+00	6.125007529975327047e-01	4.620919483609561285e-01	-1.855811728908339509e-01
-5.810053668333552412e-01	-9.708129065214512465e-01	-2.982138007506591748e-01	7.238602304851921021e-01	1.573497442448350325e+00	-3.777694785845866488e-01	-1.456767633100070292e+00	7.837812628639682089e-01
1.004781160780310767e+00	-6.983877564391023363e-01	1.051703372092829492e+00	9.976390529580079214e-01	1.438850759510351240e+00	6.267169605794790099e-01	5.482473638481960565e-01	-1.354046238864259066e-01
8.952122608898767098e-01	2.633315904618127590e-01	-2.769371170361305534e-01	-8.491251465157301226e-01	-5.314311151521383669e-01	2.781668907649131217e+00	1.394470217289818681e+00	-7.266242067621636602e-01
1.305678694206508839e+00	-3.662512726592929702e-01	-4.252307103020911971e-01	-9.827791886373538066e-01	5.442609773542136931e-02	-2.351954644804453987e-01	-5.896722460412731071e-01	-7.688849816630431988e-01
-9.559903946518516493e-02	7.525784311468426413e-01	-3.350215115709057057e-01	-1.866619956550525261e+00	-9.088716167777631527e-02	2.133581310468970926e+00	8.513110209420621244e-01	8.503491840586285822e-01
-4.723398600830295835e-01	-1.496352283886206891e+00	-2.738965152033621120e-01	1.233416419523217122e+00	1.724896724399169523e+00	-4.334593476923093713e-01	-1.406472642433729492e+00	4.632552719016632681e-01
7.668896254635444443e-01	5.992215323794320980e-01	7.836833985094314725e-01	6.413414822590060016e-01	2.151876413367113106e-01	2.913577864950788410e+00	1.898734955899918697e+00	1.030404673968715379e+00
6.898657237464831393e-01	4.539533698568736786e-01	-7.334356433553216315e-01	-1.437708799595756926e+00	-7.767984915070880181e-01	1.787024836939760553e+00	8.418127161810066150e-01	-8.139315290185989218e-03
6.203916798297574864e-02	-2.823588420382666664e-01	-4.063187412584869929e-01	-8.302122760049497341e-01	9.001852695044540997e-01	-9.832804995473225507e-01	-1.491941274908659576e+00	9.717016299558489667e-01
1.208416030077332115e+00	-7.497254399397378366e-01	5.179378366122173727e-01	1.959120551329281978e+00	8.600129682838035805e-01	-1.531072618731274537e-01	4.789564081514333660e-01	4.225010044278143528e-02
1.605212295519036658e+00	-6.414878429537248516e-01	8.915367838183867466e-01	2.109314157605529871e+00	7.658082438014409687e-01	-2.338451118809440898e-01	9.897861001315234608e-01	4.792124038860986479e-01
1.379980830327386832e+00	3.267333743503389454e-01	8.353612454832367584e-01	-3.551097094069917692e-01	9.472959959650233408e-01	2.349142566053915582e-01	2.853594320569302623e-01	1.979466606544711405e-01
-3.169916735629983717e-02	8.545558019868013666e-01	-7.351056064962021575e-01	-1.129415498209968893e+00	-6.521875522159171767e-01	1.863217735143707143e+00	8.587040962935662547e-01	1.601450181605096335e+00
-2.002868304235823627e-01	-5.279359244698732245e-02	-3.346160891242572211e-01	-5.243465427858290395e-01	1.001527121270347376e+00	-8.114932061603788993e-01	-1.457487967192333533e+00	1.228097080420460729e+00
-6.766105539070437214e-01	-8.690293023508036674e-01	-2.716602162604318527e-01	7.612289506942784278e-01	1.588803473981431624e+00	-3.536624788141768394e-01	-1.450309934366466047e+00	9.147200385016054369e-01
-6.028932913860266529e-01	-1.093707208382837193e+00	-2.307392406265257878e-01	1.337876379813173422e+00	1.684623139551098214e+00	-1.665127993841111209e-01	-1.307886251978414460e+00	5.060808520407039657e-01
7.485741483150132325e-02	4.703533347254523211e-01	-4.077733870385337189e-01	-1.707677435422282564e+00	-8.755880726392853419e-02	1.758365137389392707e+00	5.741788495853891172e-01	4.895908928501910284e-01
1.511487092001023491e+00	-6.398059075531966622e-01	8.314025819188070043e-01	1.892753919735094215e+00	8.405974415446573200e-01	-1.898888632241483576e-01	8.405861951296155210e-01	2.722107595953624504e-01
8.740058979274322182e-01	-2.745651714062896098e-01	-4.207485281805526944e-01	-8.346833205939035993e-01	4.658896305099675672e-01	-5.383060775222274774e-01	-9.522227373406135786e-01	-2.935187188965694416e-01
1.263192099769661070e+00	4.707708695624688855e-01	-7.732444726579680294e-01	7.439366315818665143e-01	-5.793580484804268238e-01	-1.088693084792212940e+00	-2.948343340920204780e-01	-1.422040408215770844e-02
1.467617365702116539e+00	-8.506975123618042423e-01	5.010041162243428214e-01	2.443093587462812799e+00	6.312290631276075148e-01	-4.159857373527687807e-01	7.118388468604722741e-01	1.893398361559643639e-01
6.617424557068496416e-01	-3.897283414411793490e-01	-4.785192417850432367e-01	-9.692535082864339735e-01	6.351625808080646474e-01	-8.944086591877768999e-01	-1.297370195316377872e+00	3.056143645543550891e-01
9.600226726875367433e-02	-3.371240960452578928e-01	-4.122974398633245663e-01	-8.131558191918369927e-01	9.131056419835834603e-01	-9.851141619674669281e-01	-1.501287471243843985e+00	9.375416083671737066e-01
1.449133254096590218e+00	-9.946849367863631608e-01	4.490092922217189253e-01	2.820694789605755926e+00	5.725266671095811111e-01	-4.600103607796744987e-01	7.907892328576361374e-01	2.300751329650298493e-01
3.170489781720673972e-01	5.728929050308062543e-01	-9.125842393310782397e-01	9.727163451177635034e-01	-8.966021819869647302e-01	2.772815185116926262e+00	9.476951568965840123e-01	-3.973252696179325749e-01
5.015586950525346976e-01	4.946988163735563382e-01	-1.182584324433148426e+00	1.292141740088522006e+00	-1.319939509656899990e+00	2.569563057356342828e+00	1.082946378988089098e+00	6.386195855437026836e-02
1.731012852884862729e+00	1.379629600117090904e+00	-6.938182550848440711e-01	-1.538597939804290160e+00	-1.302984886980715462e+00	1.419401712845316021e+00	8.421874603670321813e-01	-1.284249078720206327e+00
7.566976749194039842e-01	-2.567473209842217885e-02	-6.770400638399434179e-01	2.910478177061507354e-01	-1.091206911231355631e-01	-1.938845367258613672e+00	-1.094416536129047657e+00	1.589736141459156871e+00
-4.478715842030387556e-02	-1.278947619551221715e-01	-3.850267618463853458e-01	-6.302233542823523216e-01	9.062339199191877803e-01	-8.232348758849868942e-01	-1.437131954445584281e+00	9.884981647174169161e-01
5.650416090822543147e-01	2.582986236465137919e-01	-3.842111913056701633e-01	-3.010934118947881100e-01	3.560039301931343658e-01	5.409639856711943862e-02	-6.394095254190909072e-01	-5.124925063832099781e-01
1.206965407949007613e-01	3.069028387824689064e-02	-8.032180963769266491e-01	-1.107796662655853748e+00	-7.169847732645900917e-01	1.881019274517442330e+00	9.928568522873664204e-01	1.206718557216076571e+00
5.443304276781775475e-02	2.406608208076230770e-01	-5.606930031375800816e-01	-1.460846059309331313e+00	-3.498706608551612196e-01	1.988316473813015461e+00	8.728374413014807764e-01	8.348539343828129677e-01
1.291307812486928164e+00	2.965874593617475186e-01	7.149374696553791875e-01	-3.956137300493910436e-01	9.206320927149017619e-01	2.746237484596977252e-01	1.711886469365059837e-01	3.031114792639211242e-02
1.116385056222238825e+00	-2.651583006250458618e-01	1.813098365338587925e-01	-1.564867918478523579e-01	6.816160088811590301e-01	2.953973945948010771e-01	-1.187585326652363243e-01	-7.132725470362959452e-01
1.406294685168272940e+00	-7.815557364955406650e-01	6.455500410967546232e-01	2.091256687849773144e+00	7.879330847021130957e-01	-2.028435517203275029e-01	7.359146198924426674e-01	1.652506454479630016e-01
8.812109247023485192e-01	-5.850787909846454360e-01	7.597813993908959507e-01	7.574039532539699193e-01	1.315464090719135948e+00	5.539493770967938158e-01	2.584547609835866067e-01	-2.663361772429124197e-01
3.604616035349088032e-01	3.008535095953074889e-01	-5.301490829767776525e-01	-1.125980287033893967e+00	-4.699207816409909366e-01	2.574903073095054840e+00	1.084307251579297304e+00	-1.925098290953024260e-01
-2.500825364562098696e-01	-1.350128711409934956e+00	-3.395538362398946020e-01	9.305925026973546066e-01	1.493409871239934628e+00	-3.473976392022665727e-01	-1.292328588200864603e+00	2.808219541059339130e-01
7.666821033971723542e-01	-1.628896292353473774e+00	-3.864942386041220757e-01	5.982069169300149314e-01	1.010227135931416997e+00	-6.143516969823817897e-01	-9.239328332846077352e-01	-5.766703796374901270e-01
8.555262001284212880e-01	-1.322371284742100694e-01	-4.865023209178839236e-01	-5.246970850587754365e-01	1.395553345841583220e-02	3.089262044593142909e-01	-3.668572838712514383e-01	-6.401818766493462265e-01
6.122146840742705987e-01	8.817562660825051246e-01	-8.302614317104288766e-01	-5.415887551278654177e-01	-9.994562311423115242e-01	2.539773509631144677e+00	1.110262836506610284e+00	-1.761086899531969507e-01
-1.216537054637413656e-01	-1.366136464813831886e-01	-3.578703299706192942e-01	-6.077205816498891799e-01	9.745947151760743221e-01	-8.465112696097266687e-01	-1.465406379501544176e+00	1.116457902480636477e+00
-4.752810409587757134e-01	-1.271068532070649182e+00	-2.670659468832741190e-01	1.217314414966144565e+00	1.670628171963399744e+00	-2.865468233436002099e-01	-1.346520593257393372e+00	4.026619522091939296e-01
1.847596951704892909e+00	4.749389191428478596e-01	5.040563980487330342e-01	3.899833205646500156e-01	1.965317345544155547e-01	-7.163202162908980375e-01	4.925348539464066144e-01	5.692788035712659234e-01
1.497238003657131777e+00	-7.434408029733217127e-01	6.602509172569952511e-01	2.208761950428343557e+00	7.331679436662947857e-01	-2.891159010363714144e-01	7.672456088499330917e-01	2.502558261590994704e-01
8.071892733533441167e-01	-8.133739713268344218e-01	-6.373083650695250402e-01	2.294391057267620049e+00	4.419965287170610213e-02	-7.419301636995018212e-01	-2.691611576008522966e-01	-2.942898588883600119e-01
1.149699742754860976e+00	1.682677677253546777e-01	-4.557142492047714516e-02	-5.384971583754641911e-01	4.056347671715523351e-01	1.003901388999995647e-01	-3.124814029134453386e-01	-6.379566644205826309e-01
-4.345000498480721673e-01	-1.257323000480921049e+00	-2.912919995366433090e-01	7.988575171809336739e-01	1.642493061899691575e+00	-4.009543320878901085e-01	-1.422655036644117521e+00	5.211725953156475244e-01
1.592035267471218818e+00	-7.262514265277771885e-01	4.174621057342957076e-01	2.459658912607208592e+00	4.410353403071253786e-01	-6.078687068201149568e-01	7.238990135192844289e-01	2.963216961665153804e-01
1.008935464760052358e-01	-3.681637953174632383e-01	-4.143414181431281373e-01	-8.332868659380021636e-01	9.180551114791433154e-01	-1.009293245143570328e+00	-1.511132242187673169e+00	9.520148558677787864e-01
5.398934296083235385e-01	2.673173464593941451e-01	-3.936341927054777257e-01	-2.926249788748355174e-01	3.560995348586518672e-01	2.329271938920678131e-02	-6.477793972953372892e-01	-4.378405201782322176e-01
1.416175354149477261e+00	-7.499651183234619101e-01	4.564064201019902844e-01	2.138190239706831086e+00	6.585570702916837549e-01	-3.197967554883476282e-01	5.816389953556256875e-01	7.021877507320670175e-02
1.874827411457624216e+00	4.833848768086528858e-01	6.260370226220483003e-01	3.076834134012593758e-01	3.040133199835909905e-01	-6.460578520864674879e-01	5.270946165055753196e-01	5.630515578238947105e-01
9.076260497572175012e-01	-5.422973925553842278e-01	-4.950657153442246661e-01	9.980056012261202536e-01	1.639822412821220488e-01	-2.732319541139653363e-01	-3.702381279907150380e-01	-7.497769006216304932e-01
1.536623478857322533e+00	-6.195092735463746392e-01	5.708868127659429970e-01	1.856078926067995516e+00	6.538938795397667425e-01	-3.480153361117546140e-01	6.410043236462285021e-01	9.295108704559038038e-02
1.758553553292075966e+00	4.779114621794305351e-01	4.031748718369542184e-01	3.030363200585923789e-01	2.032145590407346825e-01	-7.015966415883635454e-01	3.554253606026610002e-01	4.606005239110946281e-01
5.611668067530554138e-01	-8.038972062632152582e-01	-5.038694489436021939e-01	1.858038561033250602e+00	3.968763199898859284e-01	-3.196888710524612986e-01	-3.722977722459180350e-01	-4.828940144978747240e-01
-5.680125859753522299e-02	-1.468171321405402185e+00	-3.480680100753124617e-01	7.999142054214521957e-01	1.474628559625960733e+00	-4.765262408535518301e-01	-1.299266909111389312e+00	6.986785569926287631e-02
-2.664255606034455701e-02	-1.113738253723763755e-01	-3.894758679892216247e-01	-6.020456899029398290e-01	8.793580617568368396e-01	-7.707368077741225676e-01	-1.403446725118797422e+00	9.194217639719199919e-01
7.904461897764325506e-01	-7.807428853013845815e-01	7.108892893322573681e-01	1.119108706963128919e+00	1.376287648791000962e+00	5.590892496911059606e-01	2.297404570874496677e-01	-3.275973553315048026e-01
6.495465256830915690e-01	-3.633588201981818866e-01	-4.552100703984168217e-01	-9.670437255575802249e-01	6.285385688911142577e-01	-7.750953802966142892e-01	-1.230385590290813624e+00	1.234941812488079271e-01
3.829248480723167480e-01	5.527589300915916048e-01	-6.259926731163423241e-01	-1.733615493354104364e+00	-4.407505725102102700e-01	1.085678227607180801e+00	3.883001392760703219e-01	6.044410666618469374e-01
5.940194226770683095e-01	-8.699775809174650210e-01	-3.545223206049472608e-01	4.313600242702853027e-01	6.963835921523526817e-01	2.969317139824510787e-02	-6.218944789258944450e-01	-6.984062083870101745e-01
4.030987973757118592e-01	4.250247463992382624e-01	-1.088381326075690492e+00	1.120376677306798241e+00	-1.156968056558490998e+00	2.673873138525260984e+00	1.099265418622706658e+00	1.330887936532938742e-01
1.549698382222263193e+00	-7.890975895295626596e-01	5.193758243374382300e-01	2.249278206215634679e+00	6.160000444507554018e-01	-5.016820552804092115e-01	6.728387716639574467e-01	2.737148108662381674e-01
-4.346561144380062247e-01	-1.225638111994945545e+00	-3.183615009210966074e-01	7.467386586289268546e-01	1.587166473261515609e+00	-4.429514792142078550e-01	-1.450772253725176819e+00	5.825690015750348838e-01
-2.886779079884249644e-01	5.549738049736360757e-02	-3.112879608154604516e-01	-3.933088978699963434e-01	9.781043020009236866e-01	-7.030760000207315619e-01	-1.391930767760868548e+00	1.248170224996226096e+00
2.089826450479220998e+00	8.951816340755991419e-02	4.263026678514643120e-01	1.358883979542883924e-01	1.867514092509615919e-01	-1.172588824825885112e+00	2.407250978661301666e-01	7.495700356059752378e-01
-2.146141209908526692e-01	-5.333632534557649491e-02	-3.395363030288228723e-01	-5.205858190934584684e-01	9.669166822009296336e-01	-8.311653913073050459e-01	-1.455649781054174641e+00	1.228006447615123342e+00
1.490111481833780616e+00	-7.188866948538972235e-01	8.501358211241820673e-01	2.019868570925122508e+00	8.748296004582750696e-01	-1.855476363001030138e-01	8.407941201303998913e-01	3.254907623823425356e-01
1.517903848990132865e+00	-5.759410233004411683e-01	4.144283380831185193e-01	1.974781012412006875e+00	5.323944105793907422e-01	-4.652043153231436579e-01	5.566882051885538862e-01	1.315666291943278499e-01
2.261661991275652484e-01	6.529802663009895980e-01	-9.853070950953860541e-01	8.356248052420442995e-01	-9.872515359027682624e-01	2.694013637968817321e+00	1.045430523360966868e+00	4.655115329965512361e-01
1.375954437159040422e+00	8.240677800721871726e-01	-8.600723815529087712e-01	-1.048351615938416748e+00	-1.409995626798081547e+00	2.065429433111535484e+00	1.285254391699037546e+00	-5.684494936492163752e-01
1.929106723493955844e+00	5.472033230752095800e-01	1.101106831688034998e-01	9.259374235834163525e-01	-2.176181042898288065e-01	-1.183294905228531091e+00	4.244406653622900261e-01	6.794622048013811977e-01
-2.608132990803301299e-01	5.481221794910426381e-02	-3.339888387197123554e-01	-4.114079311432277675e-01	9.514734228025053531e-01	-7.000033146526647432e-01	-1.394331952620506021e+00	1.182381784835446314e+00
2.440641045364901895e-01	1.795164164119504302e-01	-8.983785715567822461e-01	-1.197079175482349767e+00	-9.004727910726282314e-01	1.474143491310469178e+00	8.986539108103402951e-01	1.482709085591058518e+00
-5.562319785432883607e-02	-6.599667916440604687e-02	-3.882839153004367660e-01	-5.436905807338306973e-01	8.622820509258835031e-01	-7.197742068471627563e-01	-1.375352323830792312e+00	9.250452833434859023e-01
-3.936261728714491870e-01	-9.139518591127486491e-02	-3.084812973597603203e-01	-4.753685027004696528e-01	1.032098003822359500e+00	-8.969299219678088519e-01	-1.481208457838340209e+00	1.575566411530388455e+00
2.119198482996699440e+00	-7.788068174271767230e-01	7.232641274061899495e-01	7.664220795081907456e-01	6.931245969409938201e-01	-1.020134561817603203e+00	3.627295379504696937e-01	6.619465003296454153e-01
3.069807146425861388e-01	3.365226927783114275e-01	-6.154329342839743866e-01	-1.862209829621343404e+00	-4.775276485687891537e-01	1.287275579472757503e+00	6.007769147408814625e-01	6.749570646517490946e-01
8.233228239643403112e-01	-9.449948827760070724e-01	9.073626291917906705e-01	1.424856269249299645e+00	1.502402524683742469e+00	6.399915980583859021e-01	4.250545503386512491e-01	-2.672867568985634046e-01
2.013876604531432135e-01	4.641985431686857511e-01	-6.322269051419036057e-01	4.316460872365919244e-01	-4.818448015034994536e-01	2.762529767863474817e+00	8.737516850856104078e-01	-2.532686476619576688e-01
1.003566316050659379e+00	-7.934259049730022495e-01	1.110675341166557084e+00	1.164817358633145394e+00	1.491635528660178789e+00	6.560489839803209655e-01	6.081335905731957148e-01	-1.213608387341403166e-01
-5.012489621919833382e-01	-1.028871582350125102e+00	-2.552762308160202442e-01	1.212388596192562451e+00	1.594552944572522613e+00	-1.673156353021534315e-01	-1.300402316515933299e+00	3.820478213847781634e-01
2.322556445835715633e-01	-8.948593541738263379e-01	-2.024557777335933562e-01	1.479756624565412793e+00	1.014061958505885874e+00	2.908158742234007166e-01	-4.626960365481741499e-01	-7.348961121657140438e-01
-8.331305295502834662e-02	-8.905453586458153548e-02	-3.659356900863491857e-01	-5.865808809840059590e-01	9.294451350186746508e-01	-7.650317517110901688e-01	-1.415736322772760181e+00	9.951586804300662781e-01
-8.150084351738096089e-02	5.738286576362006119e-01	-5.630606228486791931e-01	8.917699024558727317e-01	-4.554530522277510651e-01	3.310460495607122411e+00	1.099672817553433379e+00	-4.182644353829125250e-01
9.371329894743329891e-01	-3.125021324347763141e-01	-4.450521771968541374e-01	-8.151142814890903754e-01	3.410560368596056713e-01	-4.228302268362476024e-01	-8.582464290786052663e-01	-3.476294381815216994e-01
9.101372775788343361e-01	-8.015000946812597116e-01	9.107377759578147991e-01	1.213117428625493543e+00	1.413835928006782261e+00	6.507025901111115340e-01	4.589513559666605902e-01	-2.197159727064977308e-01
1.828503737105307447e+00	5.419772174698078704e-01	2.847355946473782429e-01	5.564416956154686345e-01	1.101134381158963560e-02	-9.111582871551442420e-01	3.671408370904615248e-01	5.403844095560664806e-01
1.805968620940386460e+00	5.140347068582837853e-01	6.533081182835762668e-01	2.453896627869709135e-01	3.766447277683483419e-01	-5.862250344057394758e-01	4.866386419389249207e-01	5.952046924117586624e-01
-4.268602441167830830e-01	-1.436350867037973433e+00	-3.118292304907861467e-01	7.906613660460627413e-01	1.648981813288224574e+00	-5.093937962126702246e-01	-1.464093718284940060e+00	5.779749152054062256e-01
1.465265993734635286e+00	-6.656932718012603667e-01	5.354211824181649426e-01	2.014829487003924946e+00	6.656892848347066849e-01	-3.585429955919651746e-01	6.333277711492569795e-01	1.605706071972276827e-01
1.327625769583716142e+00	-7.945091143822271551e-01	4.176549332627575439e-01	2.128136913265072927e+00	7.016881859703358870e-01	-3.267626423727574836e-01	5.141283717672766596e-01	5.334338997225374079e-02
6.983357557394298532e-02	-9.828971525529957010e-01	-4.314359857717630642e-01	2.553502554579830663e-01	1.174205005334230334e+00	-5.546507701194755002e-01	-1.337888170299064816e+00	2.467083931569857558e-01
1.760019816808912285e+00	5.124028753938270064e-01	4.938834171282779906e-01	1.561890352698499518e-01	3.025497226357931613e-01	-6.118024589867379071e-01	3.583458160950621085e-01	4.345100384281713746e-01
1.300862275139991420e+00	3.334143519206171913e-01	7.204745720440344225e-01	-3.628886235256472692e-01	9.161232574990391120e-01	2.050504367887407420e-01	1.601384357201538211e-01	1.093151324978359762e-01
1.022639375192873956e+00	-6.111849294772879748e-01	9.547631600705528410e-01	7.962832983449190660e-01	1.353953180009431545e+00	5.875620495071617322e-01	4.581243587407447526e-01	-1.933974951387232299e-01
-4.571704858807154048e-01	-1.511915524023035751e+00	-2.646634140196981733e-01	1.032066314013503350e+00	1.748969971755721220e+00	-4.451145770229872345e-01	-1.422972158140701326e+00	4.874038072377098185e-01
1.708515500234884410e+00	4.969026480282268676e-01	3.699088973766411770e-01	1.834804573575052888e-01	2.283969072706141246e-01	-6.630934347662608142e-01	2.766044281581299114e-01	3.934828929869548797e-01
1.015083206838171659e+00	-5.718210757114027265e-01	-4.568507228619460014e-01	-1.267783739684044342e+00	5.468570663475504912e-01	-9.221624515660997723e-01	-1.161855601188499953e+00	-1.270542011950675509e-01
4.815488748889886761e-01	6.924267100847192324e-01	-7.132973079954081363e-01	-2.279840878257456183e+00	-7.669734582608934703e-01	5.750173410074683744e-01	4.673519819214859705e-01	8.042898751626532672e-01
1.471102663687237966e+00	-7.080097639475912974e-01	5.875165082745209544e-01	2.000777732722715196e+00	7.100386862866789883e-01	-3.156841024807990337e-01	6.783241856133511716e-01	1.549071337084587385e-01
1.562786165747007017e+00	-7.114968610175305130e-01	6.035722609903242386e-01	2.195004115837585257e+00	6.333368794647707967e-01	-4.249012831836700976e-01	7.668675144637407959e-01	2.595210445085053830e-01
1.689882016735006598e+00	4.764434580763161065e-01	3.402463217250060734e-01	2.437310308925522140e-01	2.128595990407761707e-01	-6.744163618244114478e-01	2.633977087597724753e-01	3.880693773609995567e-01
1.259328094046863189e-02	8.205719660950399064e-01	-7.968402609416288529e-01	9.217679491671585401e-01	-7.524750351168888463e-01	3.024589239416698216e+00	1.066281436159041363e+00	2.164175219447925791e-01
1.721056190693155408e-01	6.459840016775506566e-01	-4.950250287965471396e-01	-1.572747184313118662e+00	-2.065079312378388654e-01	1.612503439265075000e+00	5.049818432058538198e-01	6.307507210339267090e-01
1.257606096488075531e+00	2.928704340267995754e-01	5.808596999924866555e-01	-4.114529239791610005e-01	8.490764415979973334e-01	1.831701558436777399e-01	3.884885358123188470e-02	-2.735090053055146131e-02
1.220290729899349058e+00	1.131212815328751953e+00	2.244411563869299076e-01	-1.857363730051445842e-03	-4.692161182515025009e-01	2.343141777502551815e+00	1.759103029925741968e+00	1.350384403354850882e+00
6.128459806788572051e-01	-1.824532514846034958e+00	-3.524661859188790713e-01	7.819805415801899251e-01	1.203166569269453534e+00	-5.755164151772304004e-01	-9.650070650143222073e-01	-5.050104505532626575e-01
1.060401828282756087e+00	-5.065828980752872246e-01	9.726627299497927481e-01	6.849312656045359882e-01	1.323767251062592409e+00	5.815355495649267015e-01	4.643615716701581242e-01	-1.458181554114269807e-01
7.011318628865946534e-02	-2.057375346485387502e-01	-3.619894180487177593e-01	-6.919045855639452958e-01	8.851150595905179497e-01	-7.715425131548774296e-01	-1.356322256222703748e+00	9.259704007585276564e-01
1.774315467705299021e+00	-7.337735021271672708e-02	1.035311581297490457e+00	-8.899450218953028902e-01	1.174833487417656031e+00	-3.764866567549292609e-01	6.512765505825479639e-02	6.440416502996666459e-01
1.717922083046636295e-01	9.877185475269258941e-01	-8.663797247194681139e-01	8.181385300066682520e-01	-8.247281690988996772e-01	2.699690440620564846e+00	8.886697232164710858e-01	2.717669947239738093e-01
-5.339856537114370805e-02	-7.892022844778696922e-02	-4.899335520831596957e-01	-1.237921597295693843e+00	-2.899492460918967618e-01	2.484263348609847100e+00	1.181418395289480783e+00	9.035217803010004989e-01
9.621497000253085297e-01	2.917926517968159050e-01	-6.775468930346963958e-01	3.606369633272623609e-01	-2.552420409307216698e-01	-7.285802346620433578e-01	-4.690241946390871219e-01	-1.679200429523351190e-01
-5.715593082993958296e-01	-1.293390097422350227e+00	-3.033116405125576009e-01	7.029095862579766152e-01	1.672795692309177795e+00	-5.288174058130152844e-01	-1.524158816414124873e+00	8.174643850520035837e-01
2.647535808258503209e-01	6.896413629005506696e-01	-1.000110869256139567e+00	1.192236180941661949e+00	-1.079957922045011509e+00	2.920455484956262282e+00	1.140683033579315886e+00	3.101261533689841920e-02
1.278286099871317194e-01	-2.760753871861390540e-01	-4.096376428236538358e-01	-7.770016132180347368e-01	8.856067457501086704e-01	-8.916443777393427972e-01	-1.452201341856804939e+00	8.328671358378503253e-01
2.828208561749021022e-01	7.720263320649706218e-02	-7.099159504041037128e-01	-1.386783736535674327e+00	-5.431492428718829313e-01	1.494357538744117919e+00	6.826835046858831246e-01	7.399026954996564820e-01
1.415689499931141571e+00	-7.137741631226853789e-01	4.350626996719122452e-01	2.030974409460587715e+00	6.446180409904088693e-01	-3.632752069198674216e-01	5.422024574809590769e-01	4.655746711929648063e-02
1.765348145962055026e+00	5.305314706185908502e-01	3.734915768308726958e-01	1.169903891179784328e-01	1.894522717455795202e-01	-7.260823197605092982e-01	2.910539759995134368e-01	4.283282016296058869e-01
2.119102106779836292e-01	6.437225822169929668e-01	-7.801768048341405359e-01	-1.120292038833735404e+00	-6.468676677694111810e-01	1.554184405388761681e+00	6.598796499124006676e-01	1.221204145932143437e+00
-2.911552261103505512e-01	-1.360642578630170574e+00	-3.333452563353803688e-01	7.784909158998120082e-01	1.566034872214195017e+00	-4.774186473978314638e-01	-1.410522464585603375e+00	3.821103453690591345e-01
8.841314261661172846e-01	1.113960495458580668e+00	-4.750999182715973101e-01	-2.106098757537660848e+00	-5.789265137232815217e-01	1.576969188284935930e+00	6.596771028831648342e-01	-4.085145105971063617e-01
1.125210562890932575e+00	4.893964145181714520e-01	-7.468930517656137136e-01	5.853635024647262375e-01	-4.667272875564277834e-01	-9.399868149726990918e-01	-3.579007385377671047e-01	3.336171454539960113e-03
1.723817656871981852e+00	1.767641637670288812e+00	-9.006968634190504197e-01	-1.480049253952466781e+00	-1.569925730808546138e+00	1.144077565030232169e+00	7.569039067649447894e-01	-1.019402075853051315e+00
1.857710347283281660e+00	4.866431390642463328e-01	6.458122165419371008e-01	3.694475232639126139e-01	3.104234658127816848e-01	-6.384051849757793606e-01	5.701291359289187843e-01	5.904672636696433052e-01
1.557022795702247109e+00	-7.477802791119278480e-02	6.501747413619984872e-01	-8.330379646432687357e-01	9.910693397726682008e-01	-2.876360628604690550e-01	-1.531161556625213194e-01	2.122986737929374867e-01
1.386126509481135693e+00	-8.912418433107931470e-01	6.065174184695917292e-01	2.340898461723791790e+00	7.847399066871990625e-01	-2.467473113629323478e-01	7.244616208628980036e-01	1.393847522805293782e-01
1.259416547707706613e+00	-9.960262115256626192e-01	2.890622606549435591e-01	2.541637068948390699e+00	6.496200944585951431e-01	-3.820814731037686096e-01	5.038748363561529331e-01	-3.291999482746208990e-04
3.302326089099469897e-01	5.526424612341074294e-01	-5.536449840088715213e-01	-2.474681127279930060e+00	-5.287707153832786888e-01	9.661061151494282351e-01	6.117765753591631883e-01	6.889356244202310409e-01
7.797325414648820230e-01	-1.079977093368524210e+00	-6.072360971330829083e-01	2.848927381475117038e+00	9.924507539189966754e-02	-7.785353015281110123e-01	-1.567766920613273551e-01	-2.733212829080838846e-01
-7.575888847132737636e-02	-1.282192750527269443e+00	-4.123784949736519212e-01	-4.824248450314183589e-02	1.357850042621805420e+00	-8.311936956069736482e-01	-1.543373966624722149e+00	6.145438386057904268e-01
-1.620211745592584907e-01	-1.262544584721210672e+00	-3.205346387973056488e-01	8.666573497068675858e-01	1.459498140223269624e+00	-3.023048537841838690e-01	-1.238807004817933599e+00	8.670142462150523532e-02
5.578288695574863398e-01	5.657021692480745934e-01	-3.017464927295941401e-01	-1.984475603444944225e+00	-3.326051261151574678e-01	1.374259575713523196e+00	8.312727651682622065e-01	9.600535239499152773e-01
6.556141817749064904e-01	-9.711987026102735232e-01	-5.672399950566963112e-01	2.316464738581332394e+00	2.622147907861797633e-01	-5.216021949164016958e-01	-2.843797779614585797e-01	-4.008575152794314200e-01
-4.373244074846954210e-01	-1.186411191609424209e+00	-3.218696165991586922e-01	7.346854708497216890e-01	1.576086825416742165e+00	-4.310326077251280252e-01	-1.446551116922791147e+00	5.870233794843265906e-01
8.661314200947763942e-01	-7.910092753430707502e-01	8.110722856644595469e-01	1.129579800771872700e+00	1.396093566804651465e+00	5.840512773245130074e-01	3.282655264174135223e-01	-3.125781315420929629e-01
3.410718258638842371e-01	-5.904607508373596048e-01	-2.764607621792521397e-01	9.277753199888560953e-01	8.047673129390960911e-01	2.435298530314138898e-01	-5.141501695699443042e-01	-6.921495794146699243e-01
1.603853730672164302e+00	-3.373185199309217674e-01	1.072542454912809723e-01	-8.675175392969748378e-01	6.314049603014219025e-01	-8.738896880876422246e-01	-5.273251812838871677e-01	1.941606098292663063e-01
7.137335855878601532e-01	-7.614920089355935451e-01	-1.467221772757588971e-01	1.593192394121265565e+00	6.889472685246241790e-01	-1.095239317609748853e-01	-1.727344478373946113e-01	-4.102828169219743804e-01
1.894320230294904928e+00	7.729728545225225123e-01	-6.267903245108015220e-01	-1.389286991679309580e+00	-1.204230077323702686e+00	1.275538945670619650e+00	8.203106184129789202e-01	-1.504259452629615579e+00
-1.678232635461713029e-01	-1.543247452618671245e+00	-3.204068245726576780e-01	1.039509126686255280e+00	1.574387505256975572e+00	-4.630874954960542134e-01	-1.311181119980857845e+00	1.568732723021187270e-01
6.555595483236804910e-02	6.648342431254168350e-01	-7.635990254988579418e-01	7.336645527591186822e-01	-6.766442451428448246e-01	2.976749667041567182e+00	9.987731714701703067e-01	-1.087393324226195862e-01
1.132733387049916107e+00	3.641346969047400961e-01	-7.243941716623196747e-01	5.732531086109018403e-01	-4.224097106532344048e-01	-9.702526017823899229e-01	-3.753371139478841600e-01	-3.889590557374318636e-02
-3.824344758362325791e-01	-1.051405248275446125e+00	-2.945412435329054501e-01	8.730459174582282378e-01	1.532502981296486988e+00	-2.994503151502864169e-01	-1.343297044358993331e+00	4.555337085872519509e-01
1.946165758838499737e+00	3.157366792917138953e-01	2.028293096026598241e-02	5.626556017263112386e-01	-2.514242907754153378e-01	-9.055335915420231752e-01	4.417126292079545102e-01	3.749300103022186748e-01
7.743778518357473384e-02	8.401445851627671324e-01	-8.694365428959179853e-01	1.009873189204906652e+00	-8.264650150859385036e-01	2.899973308392727933e+00	9.610594776609987511e-01	2.736799489917879358e-02
-2.460963883754343218e-01	-1.325005096429531015e+00	-2.939645625576223775e-01	9.463382776139733776e-01	1.571647983896275580e+00	-3.758003045710358592e-01	-1.323214830833918221e+00	2.328423291602935985e-01
9.137170676283152826e-01	-3.836747034066217421e-01	-4.298321900965793030e-01	-9.784914031888838348e-01	5.170509668027469807e-01	-6.797830607269785830e-01	-1.059294460860909393e+00	-2.297908377656749934e-01
4.141410528953549941e-02	-1.270340659387906301e-01	-3.861274125784215916e-01	-6.356860992382782349e-01	8.586105966121742039e-01	-7.412147066098956349e-01	-1.369017184985088509e+00	8.210922094486170497e-01
7.924114039346341620e-01	-8.978580007494554316e-01	8.908719262459409149e-01	1.411063798289707405e+00	1.497347765942742326e+00	6.565495890776948951e-01	3.915234499423045911e-01	-2.684319690249571400e-01
-6.793305858462115321e-01	-1.182975933015812720e+00	-2.178496258355398785e-01	1.345410593087611240e+00	1.758129160718801431e+00	-2.220356325309546797e-01	-1.359745359987404534e+00	6.299199108905992883e-01
2.000722478667303905e-01	4.170462606991466314e-01	-6.100893944808025715e-01	-1.882699922463090481e+00	-4.849682832784633635e-01	1.441930239420427640e+00	6.974918973554912194e-01	8.640188296414508251e-01
1.465225092263531925e+00	-6.958481720038128815e-01	3.929760574286577102e-01	2.297902622187910193e+00	5.292408605718869063e-01	-5.186225305607984337e-01	6.049383855463758008e-01	2.003559392540089079e-01
6.085058140755558176e-01	1.711781874761492406e-01	-8.963919168825074113e-01	8.316540494574728992e-01	-9.471129357442265029e-01	2.611785908968412340e+00	1.024856990321930006e+00	-5.480215137165376227e-01
7.608729716831311718e-01	-1.597442139749648826e-01	-4.188439347047137606e-01	-7.485006518421579713e-01	4.590738202671105217e-01	-4.447204796850156572e-01	-9.208838129790971605e-01	-2.425074174035665442e-01
9.484537272761369708e-01	-8.992084487715177321e-01	1.098307474681617268e+00	1.368663451277318366e+00	1.528246676721522146e+00	6.849288890433901100e-01	6.142817413126064885e-01	-1.678032307374607013e-01
-3.669089488225654727e-01	-1.511672338082247657e+00	-2.718386981237284616e-01	1.281248408112901638e+00	1.694138158038236197e+00	-3.778582449074871508e-01	-1.330519177371157324e+00	2.751501293952618998e-01
1.625780365363253210e+00	-5.414712710777062066e-01	4.418669999782859348e-01	2.100663118815716324e+00	4.344939851315559043e-01	-6.109135336900319846e-01	6.682402612702197375e-01	3.023950384984271378e-01
1.916163017406987912e+00	4.662227199274268652e-01	6.004253568516929596e-01	2.456445821499779469e-01	2.685644643736844195e-01	-6.166018090493280424e-01	5.235204565438228430e-01	4.513463266954271802e-01
1.122771639709402303e+00	4.353103182455661524e-01	-7.276258786029408121e-01	5.457945796593122179e-01	-4.317485842175972088e-01	-9.232853025364179400e-01	-3.722617726808297722e-01	-9.261561035483596716e-02
1.259631978049940426e-01	-1.631720492249118637e+00	-3.529235518191670140e-01	6.251711340609693579e-01	1.445827983558953589e+00	-5.948771359828103344e-01	-1.282333298045933434e+00	-1.861048746738491050e-02
1.481149548619274281e+00	-3.519774370204316605e-01	3.110186856892503404e-01	-1.093987221793209397e+00	9.326742399130887318e-01	-5.707549470169548389e-01	-5.197261829366602859e-01	1.320319818781298116e-01
-3.368868609062216635e-01	-1.107820268642814909e+00	-2.956300072870290951e-01	1.012491976495228929e+00	1.513870018784549742e+00	-2.532237798413337626e-01	-1.274811190476065059e+00	2.637528747145952424e-01
5.478623657621217724e-01	-7.907525168876627930e-01	-4.295204399297654629e-01	3.458147273755346474e-04	8.059687307754357377e-01	-4.179276047385411252e-01	-9.978107535946197926e-01	-2.560988008006820915e-01
-3.624397476318948486e-01	-1.260248129102488068e+00	-2.424700342399460085e-01	9.320199078514654900e-01	1.663125504397140464e+00	-3.370745715035820544e-01	-1.345404689568730605e+00	3.963572832497108678e-01
-1.088663423036647683e-02	7.766882545841968799e-01	-7.334823853444306652e-01	6.034327446984555365e-01	-5.287524172325291927e-01	2.678214016302366218e+00	7.683851945778895631e-01	2.513186660570808084e-01
1.393292191234300814e+00	-1.050755716042209853e+00	-5.658632588266325758e-01	-5.456325737712615087e-01	-4.199065544436824116e-01	8.557719848168274801e-01	3.218681638448362969e-01	-1.072229411877354988e+00
-3.294770969016073137e-01	-1.455562307693501145e+00	-3.053788309916550259e-01	9.969079647264206256e-01	1.631729166811203280e+00	-4.414657558794488068e-01	-1.375030739195476803e+00	3.548585265415031276e-01
1.636009654481360154e-02	-7.009387454915555482e-02	-3.956595037820827554e-01	-5.747822538251916580e-01	8.132198381657159691e-01	-6.388236403472311586e-01	-1.310139871074185391e+00	7.464243583162848417e-01
1.357769095011730487e+00	-8.769842231416556944e-01	4.416070184759373074e-01	2.357926767259468370e+00	6.872621211521904305e-01	-3.439908207973788046e-01	5.867797259465118431e-01	6.426399209052380268e-02
1.978686906136074564e+00	1.243435673732811164e+00	5.346864215435508383e-01	-1.218862106539107870e+00	-3.921992231541954199e-01	1.993736250648438180e+00	1.629268339747669936e+00	-3.723585282620229808e-01
1.352285903281789325e+00	2.549492105667420239e-01	7.683262752515771510e-01	-3.731630147121553498e-01	9.191833786346167434e-01	2.516361353349670371e-01	2.510553533320211694e-01	1.646240816447017141e-01
1.486627817164853038e+00	-7.411108774449653991e-01	4.575209102591929478e-01	2.285696552625871458e+00	5.813156391460359007e-01	-4.512942867740820097e-01	6.531529008107408441e-01	1.764023048563183316e-01
1.091906877825005617e+00	-6.409914661594803276e-01	-5.236082657793718065e-01	9.291016853822758881e-01	3.939590931206018998e-02	-3.306659227612253060e-01	-3.249251332013885496e-01	-8.643874609984842916e-01
3.065327123894300509e+00	1.223460878066215951e+00	3.752282003746336136e-01	-2.650329877821860358e-01	-1.187428079203449283e+00	8.619682732621750665e-01	2.182226051622217611e+00	-4.955530311356119433e-01
9.734998325983633682e-01	-4.912549071259771361e-01	8.375626443398086485e-01	5.980515772822967424e-01	1.287351847708512409e+00	5.384241516680191575e-01	3.333693949057008332e-01	-1.868269952569453773e-01
1.138614387037635733e+00	1.945991881589291816e-01	-1.861596018689898047e-01	-5.749556652320474415e-01	2.623808880978649172e-01	2.610237652911448492e-02	-4.150985254156614457e-01	-8.159199479530402366e-01
8.416440222602947219e-02	1.235698716326814495e+00	-7.631414755005000439e-01	7.741131264898116759e-01	-6.510185870523809148e-01	2.697641214253538866e+00	7.187085345415058502e-01	-1.244341853654292035e-01
1.514240707634365357e+00	-4.145292566078540575e-01	-7.720759047111449558e-01	-3.048381558197098967e-02	-4.524300466449470703e-01	-9.862868734781871094e-01	-4.364549387310484030e-01	-2.467714811369543793e-01
1.289240203558161824e+00	4.706909690866565854e-01	-7.626754688224431922e-01	7.972669810244183974e-01	-5.895929810755806688e-01	-1.183543863388715645e+00	-2.783354476813981737e-01	7.066544342653077737e-02
4.493059395505498710e-01	-4.621402872482985869e-01	-4.243749157409306694e-01	-1.026838125102455646e+00	8.358831587570062505e-01	-9.622892423168007969e-01	-1.435497490520324160e+00	4.976701674514351081e-01
1.389173032592937673e+00	-7.837427937798819855e-01	4.834927116530425284e-01	2.105625265365063115e+00	7.009950143603501660e-01	-3.191849509108555805e-01	5.994389534055575286e-01	7.283467508580759864e-02
1.102037520168241080e+00	3.811849272424078228e-01	-7.177249852787768170e-01	5.468624346615789111e-01	-4.011035476931763544e-01	-9.290807743386840789e-01	-3.862220263884919569e-01	-6.682748497943868937e-02
8.889048542302433464e-01	-7.387790263657471046e-01	8.981463197472763227e-01	1.057405469151095012e+00	1.422310876079660780e+00	6.210301771160143813e-01	3.990719509993311820e-01	-2.344771561561470319e-01
3.528107818641603721e-01	7.933980684524835625e-02	-1.035988069143618961e+00	1.184433976451293002e+00	-1.108983291907804203e+00	2.860221093985578555e+00	1.250646055689266900e+00	5.991657804420530420e-02
5.900124541228877195e-01	5.244085646272154122e-01	-6.322666762717856770e-01	-1.142049558116936980e+00	-5.109671536740996167e-01	1.769215382637952638e+00	5.837501705302143851e-01	-2.338824777312545067e-01
1.996499568138422553e+00	5.387376546790934029e-01	5.174372219551843788e-01	5.733907199899616058e-01	4.701939707127342216e-02	-9.061553011904797117e-01	6.182834842026987410e-01	6.977892303366800553e-01
4.773622982705515438e-01	4.777261352562082730e-01	-9.080573043340873785e-01	-7.889805162914977910e-01	-8.774651679770456569e-01	1.979663738518145033e+00	8.235855104681409911e-01	1.311755617497875337e-01
1.888315807741663077e+00	4.420023526172005002e-01	5.207134966754752847e-01	3.157736540013613147e-01	1.819525515118252390e-01	-6.680562640861273938e-01	5.484294298138836510e-01	5.724847419464065279e-01
8.008663689228217031e-01	-5.502971934824518740e-01	-6.632289655317175070e-01	2.074330238870483623e+00	-3.053350280147708318e-02	-8.389180029041580777e-01	-3.506761746078740916e-01	-1.432306907978489752e-01
7.194550458382706903e-01	-7.978643353794073745e-01	8.805681892072766415e-01	1.248665673051648328e+00	1.520274307419283932e+00	6.712061236932732600e-01	3.204388738847377960e-01	-2.305052320130205612e-01
1.526651589000310283e+00	-7.334166325528824748e-01	5.249347797603400867e-01	2.300986115816724187e+00	5.938535667971661658e-01	-4.246893699467307881e-01	7.267574653373076732e-01	2.396895117742663395e-01
1.404938772127102720e+00	-7.590468443684212918e-01	5.152813483762668234e-01	2.132743869294652317e+00	7.062400549741547628e-01	-3.011893403141898684e-01	6.194300688931599908e-01	9.858525966174266908e-02
1.369848476762572265e+00	-7.443780000908858385e-01	4.693845096517100801e-01	2.131512477662708793e+00	6.995999894906144156e-01	-2.941464523655875629e-01	5.715667590347837113e-01	7.317744608263174189e-02
-8.836241913495852529e-01	-8.416356365990398380e-01	-1.628622989962051071e-01	1.240922180003710462e+00	1.770887299131605808e+00	-6.864405519938962530e-02	-1.341685637119983898e+00	9.315759370176692755e-01
1.367977233537511550e+00	3.526918553838889192e-01	6.920660070566645450e-01	-5.041689397922366478e-01	8.651601144821888800e-01	1.628830675978680254e-01	1.294060062613337503e-01	1.240150174087584212e-02
2.948708864191481593e-01	1.696165680939931142e-01	-7.164477148283905361e-01	-1.610376894060871589e+00	-6.952171277668500737e-01	1.701281644233589629e+00	9.513769517614970583e-01	7.770628612257441947e-01
2.863007049505905677e-01	4.460257914141700364e-01	-9.383944494776091938e-01	9.763270881571936011e-01	-9.119025689072731700e-01	2.771700292526375620e+00	1.005155685319561121e+00	-1.288745703383203378e-01
6.252436308321994707e-01	-1.027759121446844448e+00	-5.446463739694815676e-01	2.436269618395667802e+00	3.067607153730296243e-01	-5.051455830803741609e-01	-2.578022831345271326e-01	-3.965837805379605618e-01
6.709097110642605610e-01	-4.294988353679257131e-01	-3.402739667496004206e-01	1.001933316058451623e-01	4.196237467222830309e-01	3.186317803651482761e-01	-4.116438165146906192e-01	-8.568710345204887391e-01
1.024245993925033016e+00	-6.029328828726742140e-01	1.006693588583064569e+00	8.040650110724640864e-01	1.383731667587169145e+00	6.152194390199595686e-01	4.983789256871319351e-01	-1.669251042839556276e-01
9.628664510663467180e-01	-7.913736459724163286e-01	1.023744618953694063e+00	1.155055193714952022e+00	1.460358426368596252e+00	6.508776547867599627e-01	5.319556639604202664e-01	-1.943277653937876825e-01
1.444824026425423735e+00	-7.601460910334363330e-01	4.320656923318679787e-01	2.232031499028071408e+00	6.058198079114066603e-01	-4.257879450253191922e-01	6.011479519611698796e-01	1.217841520584033443e-01
1.852086890647476336e+00	4.784682478412975448e-01	4.969253561901815219e-01	3.268687811070494220e-01	2.143965761687037785e-01	-7.451384419331777975e-01	4.400446118600263024e-01	5.327755556558122496e-01
1.500680142176136656e+00	4.072749849153243229e-01	1.001184575534873389e+00	-3.437663667781133414e-01	9.901611147962843251e-01	1.833350913359196310e-01	4.106299805230165800e-01	3.371223888839121052e-01
1.156806905422106541e-01	4.776658450680181800e-01	-7.619454017500041365e-01	7.353797515799831430e-01	-6.736927471862601546e-01	2.966054866247442412e+00	1.025732069936208912e+00	-1.578175797412172399e-01
-6.555144861939047329e-01	-1.073442405124308996e+00	-2.381658914981473196e-01	1.245211478210811906e+00	1.690616403385051036e+00	-2.058516759324644785e-01	-1.353871103700140743e+00	6.291080121057155417e-01
-3.700191478087118124e-01	-1.086592824874435426e+00	-3.296696198977400183e-01	6.381339182422696155e-01	1.503509281916012075e+00	-4.102600989777392959e-01	-1.428550207401613426e+00	5.158463787056084549e-01
-4.117609793107808169e-01	-1.323865526896792044e+00	-3.211248844663834867e-01	4.999602196732807480e-01	1.620346995255502298e+00	-5.401094406118883695e-01	-1.499945690538464937e+00	6.405779307537329270e-01
1.744250015726798164e+00	5.608590955554353386e-01	2.403800419358562146e-01	4.316528326887764111e-01	5.604937009575836071e-02	-8.039026732466393321e-01	2.712758802519718015e-01	4.709199253017763986e-01
-5.325987896897969032e-01	-1.250226971136714882e+00	-2.565750345459703596e-01	6.676780234833228356e-01	1.737493804905773320e+00	-4.166168350631112571e-01	-1.483203426738568087e+00	6.590257605291198750e-01
1.505578581958582518e+00	-7.657570410312208864e-01	6.320461981074610991e-01	2.257872045624743862e+00	6.985047650352373960e-01	-3.333228707132581681e-01	7.730450841398969208e-01	2.187382121547442604e-01
1.798868113375667432e+00	-1.167800212039483837e-01	2.591181324850307388e-01	-4.539595595754666313e-01	4.579171009015224336e-01	-9.935947557140902830e-01	-2.246219228192199990e-01	4.950263372791118277e-01
-5.017220647506206443e-01	-1.163479437902404712e+00	-3.303620345585904783e-01	8.007433898634268576e-01	1.562640573355581930e+00	-4.025018574255387893e-01	-1.439178914020831090e+00	6.783826375994659319e-01
1.163179621476896491e-01	6.768624439111683433e-01	-5.628647375022026722e-01	-1.605632107363911931e+00	-3.699656513534794189e-01	1.755844474768863961e+00	6.941834052172913827e-01	8.912562526283214215e-01
-3.508964577351527531e-02	-9.411411027737603963e-02	-3.500851218707527468e-01	-5.943635134401523690e-01	9.205463688457549143e-01	-7.845664726290286772e-01	-1.400697242456937053e+00	9.992714904610506821e-01
-3.011801638932720682e-01	-1.187582732909759908e+00	-3.409959010812055324e-01	7.368161663383603344e-01	1.498009055354489583e+00	-4.182728522875888144e-01	-1.382566302369740763e+00	4.046393243119778549e-01
1.350472373531645731e+00	-1.061404967522160181e+00	6.071180741840206396e-01	2.393075339087941344e+00	8.566378639710428011e-01	-1.956539506232367609e-01	7.056274089929071014e-01	9.078832713588227965e-02
1.920178819090434530e+00	4.884922395352028768e-01	7.032183577207149483e-01	3.457998833449203446e-01	3.185068852122284744e-01	-6.247819855857916771e-01	6.160895540947201043e-01	6.143120564554415131e-01
-5.219388428669371471e-01	-1.204450952531172403e+00	-2.936384347408171891e-01	1.090333481106025015e+00	1.636404778727942100e+00	-3.473056984777376233e-01	-1.398807070514584305e+00	6.021206686429569910e-01
5.343966720508095403e-01	-1.211134177354509678e+00	-5.164212705780026891e-01	2.718150813929000265e+00	4.198475718758754582e-01	-4.506560543168326438e-01	-2.473940569578001458e-01	-4.010213934632056998e-01
1.309522185350847190e+00	3.282310688778631858e-01	7.356093040658040483e-01	-3.625457725554043220e-01	9.225813678104352045e-01	2.108063081360396496e-01	1.755629266163130919e-01	1.155551508574212960e-01
1.846418613284125820e+00	5.098202403167757524e-01	4.877334801310835299e-01	3.795046440974705337e-01	1.905110801323244285e-01	-7.382789565077656491e-01	4.591926836493182007e-01	5.331317259277257303e-01
1.672458780858738558e+00	4.598311577408244477e-01	-6.956183151922891161e-01	-1.001298270143341940e+00	-1.315906794252867940e+00	1.889716731724854881e+00	1.214832080351150756e+00	-1.433343358708528248e+00
-4.292495265684239669e-01	-1.355973357577404670e+00	-2.732959442291470475e-01	1.576220493825715163e+00	1.645643020906778720e+00	-2.751428613147665625e-01	-1.258441994890730609e+00	3.851981738464869687e-01
1.704437563326018701e+00	-3.857988804614744249e-01	7.141356943286747416e-01	1.676521041270153001e+00	5.810522566509697118e-01	-4.596469475229488233e-01	7.843391238442580793e-01	3.953915771990730299e-01
1.050552030709232532e-01	-2.572071503196530773e-01	-4.114111181227829706e-01	-7.615525854279190376e-01	8.754040133043344829e-01	-9.293237015069186757e-01	-1.468322211785048070e+00	8.897010349873530899e-01
5.793402787387904596e-01	-1.185302424181923442e+00	-5.226774654330649250e-01	2.584091706324959326e+00	3.919966780462401656e-01	-4.600310666775521695e-01	-2.441379450502564052e-01	-4.520235473060659759e-01
-6.428371884389587343e-02	-7.452136622860452975e-02	-3.940585795046235851e-01	-5.497016954210939277e-01	8.790676394587670917e-01	-8.329753326554569792e-01	-1.433379264234536432e+00	1.094097774619619212e+00
-2.342363388038949668e-02	6.843197600351349497e-01	-4.989219715301280722e-01	-1.800585944304123887e+00	-3.416927188581528885e-01	1.953843432404521074e+00	8.745517096898914877e-01	1.045456544879054928e+00
1.576383320074356220e+00	-7.785974526044442401e-01	5.173632258176976695e-01	2.527647017573120269e+00	5.195590176885449551e-01	-4.940572885728187758e-01	8.170767046735752936e-01	3.495625210856556087e-01
1.582043012531252790e+00	-6.356758043773127476e-01	2.644875308099380873e-01	2.354637891144589990e+00	3.266422451008172412e-01	-7.253551564672784391e-01	5.928269163525470287e-01	2.653912189937225885e-01
7.257748374400768698e-01	-9.623483156556166263e-01	-6.175441081818066058e-01	2.525559663875128535e+00	1.461259318101553184e-01	-6.070056996337321875e-01	-2.530306535889262354e-01	-4.093077493461914629e-01
6.332004435628311168e-01	-1.171568959198505677e+00	-3.518156526970980802e-01	5.682374404905328469e-02	1.006600757411957980e+00	-4.174108894680154114e-01	-9.536339374678793890e-01	-4.959813932916925516e-01
1.305030776821222815e+00	3.938122054795045734e-01	7.674912239145773585e-01	-3.701468365015150308e-01	9.372388187471666354e-01	2.179785728345988161e-01	1.775310897640586527e-01	1.581420922617870206e-01
1.460886951722057070e+00	-8.791982097799410090e-01	-5.890114591549601153e-01	-6.093855249306906474e-01	-4.547379528414546290e-01	7.075361232030823455e-01	2.028914772557063873e-01	-1.152831270908266648e+00
1.604468355350932574e-02	4.551162244282436764e-01	-6.606944666746388251e-01	-1.292591061521593199e+00	-5.296533531512871429e-01	2.112175933998605704e+00	9.762574887108153021e-01	1.124049869106708455e+00
-2.040001070901442393e-01	3.095608024946611136e-02	-3.454909683796245634e-01	-4.483019792963093830e-01	9.332571327494301183e-01	-7.189646479375101373e-01	-1.397165008962861776e+00	1.134303879583729247e+00
3.205976875140014171e-01	-5.186130000987408950e-01	-4.407008086480750930e-01	-1.029783889403525388e+00	8.692982051050355263e-01	-1.087868570374904031e+00	-1.505931565339973632e+00	7.550450376288304621e-01
1.343425135606801213e+00	-6.910125776915906348e-01	-5.288755074129471989e-01	-5.382870837989586210e-01	-3.496655410414831744e-01	8.285774165300395788e-01	1.524443482522493121e-01	-1.215483112809602861e+00
2.888164907312237850e-01	1.077124401686622823e+00	-8.096458009189304583e-01	1.136255705047317210e+00	-8.880864184613810330e-01	2.950868139704141857e+00	9.663661702032176892e-01	-6.845465330678091043e-01
1.745194666518500748e+00	5.072438635241076632e-01	3.628694116878614651e-01	3.771004239452058204e-01	1.529093539239751720e-01	-7.707221013510916485e-01	3.381878346945759173e-01	5.238362921813415340e-01
8.292303600886565818e-01	-2.446737003105416974e-01	-4.226773241552333471e-01	-7.845767084834801564e-01	4.650733209924885481e-01	-4.965049461054159008e-01	-9.317915950691695315e-01	-2.775065362065972097e-01
-2.840631348112809262e-01	-1.417640908364252612e-02	-3.317036843755642450e-01	-3.955611561825262412e-01	9.677563947224598895e-01	-7.134783750403111968e-01	-1.399974261484659088e+00	1.248842595480762041e+00
1.764784200272855319e-01	-1.055725486452043116e+00	-1.610077138297109633e-01	1.791115054154134079e+00	1.113235458380361864e+00	3.176207920918560079e-01	-4.250728997431899026e-01	-7.515760479487034740e-01
1.760705749246196605e+00	4.774227997870425511e-01	4.498933152415315329e-01	2.470197694510680442e-01	2.467736475934048657e-01	-6.530075926623931659e-01	3.810709037313350644e-01	4.547520301241417817e-01
-2.853920477612198470e-01	-1.105003655183426137e+00	-2.920530495314697661e-01	1.403979140650828850e+00	1.431832217670112817e+00	-1.478790863846105308e-01	-1.124591586911168895e+00	7.512921806916061929e-02
1.562552699237306886e+00	-5.621173231581074736e-01	6.126796853921848696e-01	1.913664291321351296e+00	6.362813207111748248e-01	-3.896237283498897863e-01	7.040851554491007747e-01	2.594399945761557968e-01
1.907887607574485056e+00	-4.495261442468267421e-01	4.895411834884809688e-01	4.469230600972217138e-01	2.040966186121981885e-01	6.925236217613953138e-02	8.687565735914614118e-01	-9.164757673123809234e-02
6.744953582904759937e-02	2.690541240533442791e-01	-5.700701305774629191e-01	-2.080667796051501650e+00	-4.880586712655530790e-01	1.610896135475452962e+00	8.786602995796232163e-01	9.118997554856931309e-01
1.229641406565666673e+00	4.853381918041758669e-01	-7.568600323595825463e-01	7.377971250047018481e-01	-5.480539613128742049e-01	-1.105984984697740092e+00	-3.041521751185131128e-01	6.042882460702775349e-02
5.483474950138400583e-03	-1.785008605317554842e-01	-4.260100867438622041e-01	-6.763582894851802862e-01	8.468524697916118837e-01	-1.053310105030612842e+00	-1.501835980209287325e+00	1.233546614811675601e+00
7.647440109295017274e-01	-8.822934050610220513e-01	6.613367863044535833e-01	1.362701809794951258e+00	1.350972426558380901e+00	6.395276774545154419e-01	2.598076781490828990e-01	-3.763683805205115807e-01
-8.364502880319315548e-01	-1.296093168252427708e+00	-2.418798944700593367e-01	8.823827550335984204e-01	1.806203076002818930e+00	-5.568777639971219662e-01	-1.573049969590295527e+00	1.228210672903268463e+00
1.394683781913073517e+00	2.506912937978825195e-01	8.484733577153144024e-01	-3.529851161224518141e-01	9.407124856057856865e-01	2.936823248933672081e-01	3.490949569348342219e-01	2.235747434756001073e-01
5.965686362940747500e-01	-1.150699185813403025e+00	-5.390347762453916447e-01	2.609796594709264284e+00	3.505159556087779626e-01	-4.692506490531618835e-01	-2.436400127845299302e-01	-4.433720926506081184e-01
1.427206657878339557e+00	1.032323877782206356e+00	-6.776871831515018929e-01	-1.154185960449924053e+00	-1.217742277526512540e+00	2.054564734246408175e+00	1.119769307439305139e+00	-1.290823665515705931e+00
-2.119190756024863231e-01	-1.399113720054860011e+00	-3.088726286678157851e-01	9.860269325836380494e-01	1.563164817000605167e+00	-3.980125004586144710e-01	-1.313503423194383846e+00	1.735776800438725009e-01
1.834272905348775851e+00	5.420810768097099608e-01	4.291539005102268378e-01	3.205909009663142073e-01	1.497529260918584182e-01	-7.772071818304885360e-01	4.120072217978277829e-01	5.080363627478714506e-01
5.512540217438270940e-01	2.594987226946091075e-01	-3.849353813000939151e-01	-3.746283956677328164e-01	3.692269894987475487e-01	1.133297365842965421e-02	-6.554930611785565464e-01	-4.554425632582997374e-01
8.316925730014432250e-02	8.473240903090359932e-01	-5.480973164593141433e-01	-1.367536590091890769e+00	-3.181441970263672037e-01	1.834478357137479199e+00	6.347747694758580916e-01	9.000845215111492603e-01
-4.512187778263034021e-02	4.825325474461883979e-01	-5.814568009167681018e-01	-1.145761833864613166e+00	-3.695121660149039422e-01	2.217124856856237614e+00	9.256445023305143183e-01	1.098433885811788358e+00
-2.531211865597502754e-03	7.810804867072742574e-01	-3.157671331115033952e-01	-1.946351035512171812e+00	-2.974188429855162061e-02	1.906666534655063305e+00	6.612490661875092268e-01	5.842225740064350692e-01
9.854603493185783991e-01	-8.676546510413678526e-01	1.145896381134621889e+00	1.302686372939505954e+00	1.532957767228484869e+00	6.794839872887340482e-01	6.533977878590273569e-01	-1.300728401669737633e-01
1.107905086517937399e+00	2.953083322660527976e-01	-7.155060167959348405e-01	4.142543040385379127e-01	-3.811398816656663691e-01	-8.440218311637149862e-01	-4.029144946714808828e-01	-1.638216313614763164e-01
1.212139971930006555e+00	4.530728645197940607e-01	-7.489092294298942409e-01	7.019118062684277515e-01	-5.187763340363967801e-01	-1.066363909244126162e+00	-3.235737582271558388e-01	-5.821483314539713412e-03
1.392581343841206021e+00	-6.922493410777529332e-01	6.336098784111765525e-01	1.870788205602145871e+00	8.123467810032889425e-01	-2.084112478872562901e-01	6.275899635167913049e-01	1.250015877569833622e-01
1.321293463154208814e+00	-8.815742806761096562e-01	4.153657970925367371e-01	2.275793323024621451e+00	7.135053672992144325e-01	-3.273246326034330855e-01	5.382456426137122163e-01	5.484302687744868621e-02
1.820395985955796658e-01	-8.579294822567197221e-01	-2.102738089748283079e-01	1.485707807509217826e+00	1.021901793181973828e+00	2.947763854892543889e-01	-4.952957116111879055e-01	-6.908172016059095366e-01
-1.136067090654211721e-02	-3.955481451575584145e-02	-3.869108848490842023e-01	-5.505094796694676162e-01	8.276924993607152059e-01	-6.567195668810908993e-01	-1.334376361603203165e+00	7.856662155385110147e-01
3.623465665331052632e-01	-1.642554974976768722e+00	-3.036172315370121444e-01	9.997529668822334736e-01	1.310262295762480544e+00	-3.760684174689547521e-01	-9.576414730184609203e-01	-4.432771472529959400e-01
8.847732878628044029e-01	-8.003108971691770268e-01	1.005082087221490506e+00	1.176954304995683431e+00	1.501272762332737321e+00	6.798662093920475602e-01	4.934148842833040449e-01	-2.052062247281377927e-01
1.897607788721531241e+00	5.111494023581026891e-01	4.534006141333873918e-01	4.972419860003163272e-01	1.003935993181494790e-01	-8.507306916045932477e-01	5.079810300295618530e-01	5.790808034359227197e-01
6.607531494117977466e-01	-1.054184940019649686e+00	-5.555873942314363267e-01	2.445673281550611922e+00	2.867675822228984428e-01	-5.241833864565210721e-01	-2.657685671422283513e-01	-4.347313467755979377e-01
5.745956306129032520e-02	4.272717743465492268e-01	-7.962120573455079287e-01	8.713523606014307310e-01	-7.105429525837907434e-01	2.954862147831466945e+00	1.057381717593706139e+00	1.334461901004728723e-01
-4.788974211132900893e-01	-1.129164155762896415e+00	-3.415155252145842812e-01	4.617599687260798280e-01	1.548058221233150844e+00	-5.825917929473195533e-01	-1.544854214504765455e+00	7.879033889398430190e-01
1.645520714699995057e+00	4.907263832715156870e-01	2.721099559934130330e-01	2.767547987718083635e-01	1.801249638547650356e-01	-6.552061918739682245e-01	2.185139859500253023e-01	3.108047831381537951e-01
2.447070325325004791e+00	1.007812954958835050e+00	1.261021825144623132e-01	-1.407057029543914650e+00	-8.982903761646106044e-01	1.504977281152812374e+00	1.502445347400899189e+00	-1.016689904952561729e+00
1.868536043304545480e+00	5.211507755676598741e-01	3.852143032874477124e-01	4.923003097470439737e-01	7.039700423004179031e-02	-8.365622646928966288e-01	4.448861727656807652e-01	5.349588008489769564e-01
6.918233835868771164e-01	-7.348187148126903434e-01	-2.529048802749800373e-01	6.718645804976834945e-01	6.289488573067611998e-01	2.656578502735451042e-01	-3.924901160562782043e-01	-1.007910799531037238e+00
6.609264164914004924e-01	-1.347509268604840438e+00	-4.036359799167211770e-01	8.349615290748742258e-02	1.019188746209053198e+00	-6.003569395169500167e-01	-1.060729591658838178e+00	-4.019658407372544429e-01
9.413064217168999326e-01	3.375110475753649308e-01	-6.908936691414848674e-01	3.376015468656631269e-01	-2.648344393484172166e-01	-6.985793772639775634e-01	-4.756653257191239548e-01	-1.252706804354824788e-01
1.367559637532049566e+00	-2.111937286473020703e-01	1.351530219646530639e-01	-9.482580143811034645e-01	7.484784865324646264e-01	-4.268673178454547856e-01	-5.330032839214015050e-01	-1.496103319018984579e-01
1.702059826801035403e+00	-6.434776427010875377e-01	4.475728219846558664e-01	2.391905551805672658e+00	3.376280718853408858e-01	-6.439363120643357696e-01	8.335387884448669515e-01	4.312484738899098335e-01
1.603523770091393463e-01	3.909647468275404547e-01	-8.893953471089209861e-01	9.489636734266592155e-01	-8.555891281702072693e-01	2.919001720699568647e+00	1.120530112479954932e+00	1.666902691580393059e-01
1.924556838436756401e+00	5.049352026813596073e-01	6.472793526346516391e-01	4.117177554226733038e-01	2.519657112428334012e-01	-6.951115218206400659e-01	6.022621203143427859e-01	6.441568399290678038e-01
2.507472297798797323e-01	-2.659926398001682957e-01	-4.286040824218392831e-01	-7.979651383264830811e-01	8.001760128859124466e-01	-8.132819414556436977e-01	-1.375239073408652812e+00	6.194701193889873281e-01
5.487782859388701251e-01	2.746148577693799386e-01	-3.953194839666270277e-01	-2.773599444158048599e-01	3.455658232478160952e-01	6.994323108802849576e-02	-6.421360294323275042e-01	-5.101390657240608695e-01
-2.240546904314593690e-01	1.288614739583682667e+00	-4.874398242872594600e-01	7.805957613520344562e-01	-3.722462942019256205e-01	3.210435859776247902e+00	9.825569022424505139e-01	4.379524060273004560e-02
-3.244403524059800148e-01	-1.133229555630725915e+00	-3.529369200669857376e-01	4.495465362877693050e-01	1.482187237724606366e+00	-5.274889414964661905e-01	-1.480332626886430747e+00	5.912852091723045378e-01
1.534345831734842180e+00	-6.535342446450750353e-01	7.764481174066117930e-01	1.930421739896971189e+00	7.882061089205311122e-01	-2.354299879061558243e-01	8.075237467878565445e-01	2.670286100183273392e-01
5.169143274282369527e-01	2.366974849313214224e-01	-3.754864210375433164e-01	-3.070752921331489360e-01	3.991251254736384868e-01	4.785287304204058345e-02	-6.540448819786828238e-01	-4.486929750071418366e-01
-3.117916464246986430e-01	-1.140610290982027930e+00	-3.041988646586962775e-01	9.452716042051673151e-01	1.507511308374432257e+00	-2.887919110336863437e-01	-1.303170601777139836e+00	2.830625836566409426e-01
9.681383824081630785e-01	-4.251855982227575326e-01	-4.667076842025802974e-01	-1.007603240736602457e+00	4.827101961666383501e-01	-7.748060273933936593e-01	-1.102012185414972478e+00	-1.795663423172179363e-01
-4.443053398120134223e-01	-1.350953125217290163e+00	-2.634683972675663788e-01	1.020133780800439816e+00	1.704705473856992226e+00	-3.667889382365289164e-01	-1.388305865139005890e+00	4.332058899494752868e-01
-3.918771511304363075e-01	-1.439585809800714156e+00	-3.358322361498451980e-01	7.476103764629237203e-01	1.621901651302431802e+00	-5.674134827941998971e-01	-1.479252429786927170e+00	5.949106097821681427e-01
3.624994323851048472e-01	1.258769143911276700e+00	-5.485973461128842432e-01	-1.218912801538906354e+00	-3.103473786225226516e-01	1.626838237672141307e+00	2.534460425181708776e-01	-2.048370086326916084e-01
-4.060746049710337036e-01	-1.395200288212188777e+00	-3.183874772226237826e-01	8.628895573039705447e-01	1.626274500453859462e+00	-4.879016357082040511e-01	-1.434714024419700085e+00	5.526511299494227814e-01
6.764200334101297951e-01	-9.984269372691281230e-01	-5.822637601332931734e-01	2.426031538302980906e+00	2.290700140001809548e-01	-5.759572955752990664e-01	-2.688721116191510330e-01	-3.823817582793008762e-01
1.162658116537134800e+00	4.117685250054269885e-01	-7.338092829815781037e-01	6.330674509341707168e-01	-4.631053443747621401e-01	-1.007653459404710405e+00	-3.532396078446989884e-01	-3.270308219659431165e-02
1.730345529277023564e+00	-9.861370057099482223e-01	8.399589013400206028e-01	2.209727434903217880e+00	7.967166504906532110e-01	-4.556991752569618526e-01	8.885775607259589481e-01	4.058548428204118985e-01
-1.590236870091430443e-01	-1.498185353833177968e-01	-3.636592165506192798e-01	-5.860457837905527212e-01	9.711203994226287328e-01	-9.060901737483699758e-01	-1.489538576538190107e+00	1.218048554471104161e+00
1.206272919629653551e+00	4.748024329414670119e-01	-7.478088454775132510e-01	7.134115308214583617e-01	-5.254649913810619521e-01	-1.103695787248739180e+00	-3.244492559623582406e-01	5.528582854358404797e-02
1.327521671914223100e+00	-7.365010815731412031e-01	4.867070714658102704e-01	1.991184657812105741e+00	7.499481412039300521e-01	-2.620810470007375881e-01	5.349949828777635918e-01	5.634767451600691812e-02
1.977664682701463006e+00	5.139701329219132919e-01	4.279165406746822109e-01	7.003518706361959723e-01	-1.193517318031208675e-02	-9.635856328863530162e-01	5.823499467135544450e-01	6.865239325974483720e-01
1.341556408015494473e+00	-8.782368177344480609e-01	6.127455647216245582e-01	2.346330982710131519e+00	8.139978395219865659e-01	-2.261348314977145446e-01	7.013079549593623785e-01	1.726251073971839245e-01
7.099238093714042019e-01	-1.120049496879222950e+00	-6.008891469520694084e-01	2.770595399303944717e+00	1.790966049756412548e-01	-6.536064815925908267e-01	-1.989594280812049532e-01	-3.651499299252559116e-01
6.649901494508728694e-01	-9.879629519623910339e-01	7.067994201192150383e-01	1.555821036449966055e+00	1.482874806905591702e+00	6.027086822411295008e-01	2.272702119988934122e-01	-3.913859091229873743e-01
-2.213114350051179346e-01	-1.165267309506499371e+00	-3.941701680763859961e-01	5.550906550745433182e-02	1.399552489608042016e+00	-7.587752092953654603e-01	-1.557029020629029148e+00	7.323276032485686038e-01
-4.439763525313488168e-01	-1.438733580231785991e+00	-3.278711186096973096e-01	6.639678264127809593e-01	1.646833256410126012e+00	-5.911741584281484663e-01	-1.510831699375398962e+00	6.681068624474157946e-01
1.449198303725056425e+00	-8.662944298378773000e-01	4.089702827607222813e-01	2.535257374846926925e+00	5.702648597152832899e-01	-4.508273927853994612e-01	6.695006414006646756e-01	1.417197871407350762e-01
3.662814222323648172e-01	1.248386261143071829e+00	-9.819719475034357492e-01	9.254927926799869642e-01	-1.023881601114819961e+00	2.527772929812360125e+00	7.929155854683249682e-01	-1.349320354371347230e-01
1.774326022818388138e+00	4.846724453901045115e-01	5.828361791889518084e-01	2.610840234955816852e-01	3.490662113093783714e-01	-6.069778711838481611e-01	4.435741814013028916e-01	5.316057530614546334e-01
8.643769481795853249e-01	-7.448985073513746391e-01	8.488185313965006529e-01	1.071410348191057516e+00	1.407400506482342273e+00	5.984972056576006727e-01	3.534279607530113054e-01	-2.452209581061936816e-01
1.079829381065122496e+00	3.746696059736999707e-01	-7.180155582249585500e-01	5.282859024476582732e-01	-3.846957681948776075e-01	-8.983452849383449790e-01	-4.033410211898789677e-01	-7.711747681926982290e-02
1.087798148633747908e-01	2.623218791373038705e-02	-7.587704257403722341e-01	3.312388497265028597e-01	-6.329304897244758532e-01	2.794495925644040923e+00	1.122611181415239523e+00	3.840224598145969281e-01
-3.229438264388603264e-01	-1.062006786389579460e+00	-2.639205151627541657e-01	9.955650559757432960e-01	1.519094329415481948e+00	-1.937319297347170066e-01	-1.226452739697534433e+00	2.147395906382464081e-01
7.256156621331687484e-01	-4.984594273249025598e-01	-4.519056977914951978e-01	-1.074051668360027190e+00	6.687278491020839377e-01	-8.963976016440124983e-01	-1.282756889365150421e+00	1.503984205560351950e-01
1.220736316494340112e+00	-7.365923806587317824e-01	-5.668930075590842277e-01	-5.156438422532771959e-01	-2.896372602836523313e-01	6.689276168888483864e-01	2.956677897747550521e-02	-9.900757831321376212e-01
1.450720064524971820e+00	-7.311430790572621685e-01	4.799202793460035643e-01	2.136281069823060985e+00	6.374968111094823087e-01	-3.551425797058294642e-01	6.247246744836471022e-01	1.352840893078176288e-01
2.879600514183429105e-01	2.646247125787129506e-02	-5.893829170584238275e-01	-1.751087420073654588e+00	-4.408203647464642994e-01	1.493082652186381143e+00	7.401990884944145144e-01	6.113947346878940703e-01
2.023646686978219034e+00	4.196013010661118758e-01	6.029959786354637252e-01	5.487760173439327760e-01	1.047702714023626691e-01	-7.303453873462946166e-01	7.274019661853271534e-01	6.839354436431330786e-01
4.797977226662965278e-02	6.789136898475538473e-01	-7.384026456146156603e-01	6.760823187471279860e-01	-5.614351076196546497e-01	2.773692295123448837e+00	8.222095077735349644e-01	-4.193694928137626371e-02
1.469423422904440724e+00	-7.157695593117650024e-01	6.578728352752478692e-01	2.041615089330844679e+00	7.569327951145516931e-01	-2.651488231377591154e-01	7.284897564976424711e-01	1.703314300792548031e-01
1.738160737504470310e+00	4.853709771215599100e-01	4.202202881886829000e-01	2.511315864628050898e-01	2.468063069654667374e-01	-6.586285992807231482e-01	3.288150994240011116e-01	4.199439151730746667e-01
1.766036628124085572e+00	4.833766468498314484e-01	4.882593514534174783e-01	2.438954105298455355e-01	2.858579110805050671e-01	-6.494722853161259968e-01	3.770063296567623401e-01	4.703597599638225102e-01
3.514814079564274607e-01	1.615478900256128170e-01	-1.018937624071447834e+00	1.179583508950268200e+00	-1.109551205481612346e+00	2.925254893655775401e+00	1.283492596907012784e+00	3.235740172111839508e-02
-5.528187250467755387e-01	-4.732567226605743360e-01	-2.794101181709796600e-01	8.294730576726699889e-01	1.326878528792220235e+00	-4.154751939927373711e-02	-1.212195864522991329e+00	5.638583755597468272e-01
4.263049768061939471e-01	1.343880782585908651e-02	-9.130267457382640339e-01	1.176757866072747793e+00	-1.003929117855421715e+00	2.966094279471963358e+00	1.269063183302334030e+00	-4.379253816998831539e-01
1.141782689607574008e+00	4.103962635004393955e-01	-7.323268594033788270e-01	6.112428912149722171e-01	-4.472204977522372116e-01	-9.831114740317478118e-01	-3.654141041542665058e-01	-3.515440115375066676e-02
7.567657003635419599e-01	-9.235887075442288374e-01	-6.120596691193039840e-01	2.390640148063694514e+00	1.310419943817281441e-01	-6.652265307551118445e-01	-2.662199288963740806e-01	-3.542613512992009439e-01
1.476570242709222214e+00	-6.287514008757415507e-01	4.248726500872905820e-01	2.053831552122736159e+00	5.650635841944688931e-01	-4.621720195160887168e-01	5.704974270967037020e-01	1.617424161161168661e-01
1.858104073514169619e-01	-3.326003708981902229e-01	-4.208788235655047116e-01	-8.369135536564945577e-01	8.819860622729150945e-01	-9.291248145870808495e-01	-1.466153625530800308e+00	7.951107989274589505e-01
-7.509525887652122866e-02	5.147655554417611690e-01	-6.087530133294004608e-01	5.833940806661793710e-01	-3.762518484563504573e-01	2.924910444030175860e+00	8.819446422650715212e-01	-1.671971643085634618e-02
1.845070544477852792e+00	5.091681149566895659e-01	5.638667223830814423e-01	2.737709655978926016e-01	2.736427853873042992e-01	-6.704447645018880575e-01	4.740588121081465989e-01	5.356578953616619732e-01
-3.128533080881040762e-01	-1.330171582149542786e+00	-3.774929647954323730e-01	2.482474638466601602e-01	1.503426741618034246e+00	-7.530359931283256980e-01	-1.569201251416409315e+00	7.656188401144357059e-01
7.717230215395181059e-01	-1.044253795031119258e+00	-6.324259696202335634e-01	2.706156289204898702e+00	8.476340760669807961e-02	-7.493696481078508942e-01	-1.988470580161018075e-01	-2.939560946854221646e-01
1.642321923624394220e+00	-4.449702501094556784e-01	4.668240673213100989e-01	1.915143563079672262e+00	4.360849200552714411e-01	-6.008851023978067918e-01	6.515902963115653979e-01	3.205442507737186197e-01
-3.945046422835582489e-01	-1.167988983915363876e+00	-2.621752315691087687e-01	1.190215342016969213e+00	1.595436572465325664e+00	-2.139365131109218776e-01	-1.265704756240749296e+00	2.678994767517868802e-01
-8.818850101036304623e-02	-2.620111528831170489e-01	-3.842726421168446982e-01	-7.735292401031975684e-01	9.522474950480457334e-01	-1.050047303020755107e+00	-1.533770541329765980e+00	1.230130548927727663e+00
2.914284039644658708e-02	1.033777966424676009e-03	-5.335278739436751794e-01	-1.183327620645502565e+00	-2.971206694323155206e-01	2.300216925101372656e+00	1.000226981653684177e+00	7.699959681322432470e-01
-5.193381105610913595e-01	-1.046300051153162380e+00	-2.808358724808628915e-01	1.093320489692352959e+00	1.595318716586320296e+00	-2.479358965330099307e-01	-1.348063341778684254e+00	5.500891181692489917e-01
8.637253674827720662e-01	-8.872964346208923603e-01	9.434178398083907791e-01	1.268409613657946355e+00	1.497717511736543550e+00	6.373673845737035659e-01	4.389811578134251713e-01	-2.290010592393364741e-01
2.201576209160684416e-01	6.004124920309557023e-01	-6.682648156386683524e-01	-1.662389606380909379e+00	-5.426244849314977303e-01	1.433576439043540596e+00	6.427937158493949310e-01	9.866431457771462910e-01
1.398603682291064354e+00	-7.071793725027200050e-01	3.068946402013941754e-01	2.183761333336193822e+00	5.388025163167847742e-01	-4.930610875796274106e-01	4.865873648797244266e-01	1.044649409345885793e-01
1.850812489979608344e+00	5.206069438704208352e-01	2.459731580119370320e-01	5.244341346132915804e-01	-2.020361294066642249e-02	-9.228538266453768513e-01	3.554388708178026768e-01	4.974737864813751909e-01
-5.414363844020915195e-01	-1.391395986356210646e+00	-2.714178476550465624e-01	1.029408358398001377e+00	1.732825805979018252e+00	-4.255204472403933957e-01	-1.440667288448437500e+00	5.994768207492020551e-01
1.266770645051407351e+00	6.766385445408371058e-02	4.815515730054326093e-01	-4.175244953747396792e-01	7.108541976922913008e-01	4.329742070239558371e-01	1.976836883434207881e-01	-4.981759828886729580e-02
1.211260518093617344e+00	4.461830579816505327e-01	-7.406791885673936759e-01	7.099383133584054040e-01	-5.140533141815749607e-01	-1.076648107986444503e+00	-3.101803513694088021e-01	1.370986613068675419e-02
-5.392235291835584254e-01	-1.237692794582956779e+00	-2.718057954091738782e-01	8.099340099931282566e-01	1.684091971209525029e+00	-4.592109419025771078e-01	-1.482322600497109510e+00	7.567312206345453429e-01
1.506324474079001829e+00	1.520393887587977444e+00	-4.734360620273221909e-01	-1.915906253926052516e+00	-1.086752140867368377e+00	1.885662754133951013e+00	1.065468552226813692e+00	-1.484217751959973963e+00
7.864648573179461311e-01	-4.000520680492902215e-01	-1.977677207315043165e-02	2.732712658522192806e-01	7.483307054758929766e-01	2.818718157382005263e-01	-3.037165981915021518e-01	-7.886697544591548814e-01
5.812547681257271281e-02	1.849300836902481038e-01	-6.180671228877272494e-01	-1.447282969177483114e+00	-4.539245780623659687e-01	1.979916187226021362e+00	9.318075241991459201e-01	9.512293117536088083e-01
9.086610054531637504e-01	-4.094440889933393946e-01	-1.747282548074009789e-01	7.299453868462994766e-02	5.316723644309340191e-01	1.506324580642080246e-01	-4.136869652168937428e-01	-1.084120116041143334e+00
1.812803382775389771e+00	4.995634204962675073e-01	4.658710652449458145e-01	3.333092552999120661e-01	2.092087534268019799e-01	-7.248582978982681668e-01	4.161110714649690068e-01	5.047934874087873780e-01
1.112666574709749945e+00	-2.914767830823568606e-01	-4.589066102623376997e-01	-5.566214260218700360e-01	-7.244814707192558101e-02	3.702904679926233844e-01	-2.584762325877979494e-01	-9.362982846551518579e-01
2.172242787916816298e-01	5.351288515833583226e-01	-7.616708286545709194e-01	-1.225447856384260570e+00	-6.552683308946205543e-01	1.614731721009470933e+00	7.383578511816697443e-01	1.157808723235983273e+00
1.420081434345483506e+00	-6.886443873931931137e-01	5.409442470604305386e-01	1.936320032210656628e+00	7.133709874912624871e-01	-2.857530730653298767e-01	6.071158468685164955e-01	1.142286367779939416e-01
-3.222573274819613420e-01	-1.475378416892830558e+00	-2.918495087867396531e-01	1.201446706225766325e+00	1.651127478485880706e+00	-3.701459484347228157e-01	-1.334175760758254503e+00	2.045566705787352779e-01
1.302947240103768500e+00	-9.437186660938019500e-01	-6.147048539453368043e-01	-5.134714024827009560e-01	-4.180631237179812665e-01	7.764011010627706044e-01	2.193119077139797646e-01	-9.852848918555828783e-01
9.753042873013357816e-01	-5.078843688994405525e-01	8.532932994140829397e-01	6.303868544447973621e-01	1.299531324543850896e+00	5.454889025340367015e-01	3.488288293577700983e-01	-1.837909616681421554e-01
1.277610993795841088e+00	-4.333345791373097722e-01	5.415824724201132589e-01	2.178299359280844172e+00	6.521295963034696719e-01	-4.382845569419797638e-01	5.540235079400644969e-01	7.539122699034133124e-01
8.023845533260437479e-01	-1.340951154175349602e+00	-2.421357156056299920e-01	1.878520115927187484e-02	1.107592611250451720e+00	-5.313101670669422294e-01	-9.151642095418982548e-01	-4.157393320807615811e-01
-7.008960906691968917e-02	-1.442799919048253665e+00	-3.590245765319434734e-01	6.420602715435079766e-01	1.470730707496680445e+00	-5.258995860026910441e-01	-1.356082905697804764e+00	1.338096029219136007e-01
-5.709898780115669759e-01	-1.022999479622588970e+00	-2.756545031594728745e-01	1.049693652029412894e+00	1.611860386305734139e+00	-2.433904712786442992e-01	-1.377398695407120233e+00	5.838498153639606336e-01
4.494819803962211147e-01	-1.142949476435591194e+00	-3.343277927059624122e-01	9.609915850835311080e-01	9.302399314935476671e-01	-6.980129516159146175e-02	-6.925245021081453123e-01	-5.627391432751699396e-01
1.971845204739105517e-01	5.654642162408523021e-01	-8.196407557496470098e-01	4.544392516193750398e-01	-6.220263649882179502e-01	2.462653998837506908e+00	7.039267238499017365e-01	-3.123457342405791884e-02
1.193017774729763669e+00	-5.950988621455510774e-01	1.373605826222051851e+00	1.022732232841866651e+00	1.476431535529197259e+00	6.825131662408439048e-01	8.800415459316646150e-01	1.484992558778993332e-01
6.130081586146090000e-01	-1.166808794858273490e+00	-5.410678514619596813e-01	2.642123649177515521e+00	3.396748717296133591e-01	-4.761027391043683998e-01	-2.323258345250507340e-01	-4.629775652784449691e-01
3.337215208715410553e-03	-7.868370031576352175e-02	-4.141843458965728808e-01	-5.255812707537699247e-01	8.133952482743783685e-01	-8.358945868935814261e-01	-1.395140290072698575e+00	9.823570676652819689e-01
-6.053520450556950511e-02	-4.704162829393827155e-02	-3.823973340076115002e-01	-5.333379618177902515e-01	8.636788974836400179e-01	-7.018562474125518147e-01	-1.364837494611958579e+00	9.108982139459091965e-01
9.236808126669892038e-01	-7.907941151301768334e-01	9.607442212891474931e-01	1.141044948267128767e+00	1.448134738502855789e+00	6.302819316339942635e-01	4.693731807864987005e-01	-2.121078567526274994e-01
9.875346156172087886e-02	5.168451599790870876e-01	-5.916041518633909924e-01	-1.457762106947918079e+00	-4.093244081940874968e-01	1.916286997640600065e+00	8.029137920203792689e-01	9.048821247527076839e-01
8.661691528453405731e-01	-3.391432135280503246e-01	-4.489517071881017896e-01	-9.156288072990476090e-01	4.947822760720291813e-01	-6.675520194886430669e-01	-1.047645590446852237e+00	-1.521499311148754585e-01
1.074896779434902083e-01	-2.132907089360976949e-01	-4.149925132788216953e-01	-7.200138603649092195e-01	8.542317479021297455e-01	-8.372941108370123287e-01	-1.422289290992523325e+00	8.169778657666573185e-01
-2.785070702065314818e-01	-1.034752390508279385e+00	-3.249235264531951661e-01	7.691003307216207618e-01	1.437123369843274823e+00	-2.977577329420656449e-01	-1.300874299755582886e+00	2.962345826369564006e-01
9.767832203656254819e-01	-5.697958700727032699e-01	-4.631372433210597106e-01	-1.081465522794087697e+00	5.254201182437033824e-01	-8.136952122723457581e-01	-1.102773710269698393e+00	-1.623931721488712787e-01
8.018819868088298275e-01	1.477315774820436411e+00	-7.601119249185792626e-01	-1.601888948478377372e+00	-8.925212354044400609e-01	1.516465013560930997e+00	5.969308645151674142e-01	-7.431745885857683753e-02
1.124520603381035100e+00	-4.415823378935000987e-01	-5.035784651616511676e-01	-5.383479892697525804e-01	-1.425032464614040262e-01	4.907570714534522094e-01	-1.675846587588135372e-01	-9.306779431387852686e-01
1.204722231057343995e+00	1.336745542409584653e+00	-6.115576131082000044e-01	-1.236738821052592252e+00	-9.635391757877415086e-01	1.973177263048419228e+00	8.879054999012347960e-01	-8.479763138924442112e-01
1.391728964735054586e+00	-3.229748423986076866e-01	2.812867879691768880e-01	-1.056603316621613331e+00	9.424231620704811574e-01	-5.417652249882521920e-01	-5.441906022891203065e-01	1.678996313371217963e-01
-8.825284523880229381e-02	-2.395786167056475346e-01	-3.888487985578836237e-01	-6.520401137134488323e-01	9.087028902091892624e-01	-8.719786373029116966e-01	-1.459595063984186813e+00	1.101438267548912053e+00
1.524039552162596678e+00	-3.179279032975985131e-01	2.269014938516839552e-01	1.550554255705090423e+00	3.588713999103468888e-01	-6.345928910046848559e-01	3.566704159324255441e-01	1.331353817762579994e-01
1.442239037095564669e+00	-8.065235132663570727e-01	6.578734471877111245e-01	2.214120067044581308e+00	7.769755411817405033e-01	-2.427226602566052438e-01	7.561742345423516642e-01	1.656769194371474629e-01
-5.048021533717461651e-02	-1.847539468747230185e-01	-3.870687404452892166e-01	-6.494982745480456510e-01	9.292770943535973993e-01	-8.969193436744350434e-01	-1.478438086144689967e+00	1.057494882451855300e+00
7.607634988998112080e-01	6.183866968255709029e-01	-5.828252697020755990e-01	-1.722141214033320322e+00	-5.587290378365734611e-01	1.372862365421262831e+00	5.841468933264301056e-01	6.601580576749116469e-02
2.428924643202260425e-01	8.775514657157246212e-01	-9.798244735214473033e-01	1.056343913158030112e+00	-1.027888805330027022e+00	2.825681053280315602e+00	1.036050035211427023e+00	8.649370965510838616e-02
1.396861909177774308e+00	-8.537142420100269913e-01	6.256691984130028361e-01	2.240231140949814570e+00	7.956383337289244517e-01	-2.400921499479107823e-01	7.183482145738383506e-01	1.335268833339244288e-01
5.980589857504254869e-01	3.490336026108782908e-01	-1.107140422943496683e+00	1.358130879605786712e+00	-1.277648143716999973e+00	2.677339197347746058e+00	1.149260283735155763e+00	-4.624891387865060488e-01
5.512323797069197395e-01	-1.274293933563132919e+00	-3.372765333291493639e-01	6.985957218056557672e-01	1.006050649037602884e+00	-2.607748330111796520e-01	-8.062334583296563162e-01	-6.102189955877332928e-01
-3.409920891463172343e-02	7.545215172086743305e-01	-4.605199758915065056e-01	-1.934111896104346195e+00	-3.180675263564435307e-01	1.927587768039797700e+00	8.823732098181944483e-01	1.067569873813617454e+00
-1.376966929220453384e-01	-1.363750690350614914e+00	-3.440450658749316104e-01	6.397528598011916756e-01	1.494472440025778281e+00	-4.955850972576013036e-01	-1.363808861415553020e+00	2.329496721952937222e-01
5.491223365747035512e-01	2.573634863088011815e-01	-3.927139982007797903e-01	-3.463483225508237062e-01	3.551640129768361964e-01	2.343477287189589531e-02	-6.474418107446155979e-01	-4.562491547974037998e-01
6.068551386451084828e-02	8.263724115642321344e-01	-3.577597994796282155e-01	-2.321283854709303540e+00	-1.664377975870116322e-01	1.549770573541294771e+00	6.442707140163440593e-01	7.380647648365599167e-01
-2.635900711176540900e-01	-1.239177600693337267e+00	-3.154153511888823092e-01	1.040999203540033280e+00	1.511715482394207166e+00	-3.278246248510547911e-01	-1.286590377782776295e+00	2.171186444251102521e-01
-6.436928785467712633e-01	-9.171630327404866057e-01	-2.895388419034408134e-01	1.172306564094497627e+00	1.505353149577170369e+00	-7.112229001249692484e-02	-1.262464266322832485e+00	6.797167710258836815e-01
2.145296423002503339e+00	-7.178127757829322331e-02	4.043192159808000063e-01	-1.767076583243697707e-01	2.685977054442342249e-01	-1.238632400385257348e+00	5.082362280056509918e-02	6.787218708579834114e-01
1.183537622382900167e+00	-4.304465603405506213e-01	-6.000032646017897653e-01	-5.131186236956543079e-01	3.951360564639155859e-02	-8.741511849109113719e-01	-8.147014312530487246e-01	-1.777503728479325473e-01
3.201679187632209267e-01	-4.404515229961254441e-01	-4.505032714712174369e-01	-9.433667572791645251e-01	8.363740197215910888e-01	-1.054582904941112176e+00	-1.499557567033804828e+00	7.651659501609751057e-01
1.503402044302875273e+00	-6.952335088294318011e-01	3.331241861351454947e-01	2.211845567764364251e+00	4.880637795825303327e-01	-5.111326541625266229e-01	5.479187092252718605e-01	9.727446541184389672e-02
1.926202382815909164e+00	4.936444225994832125e-01	6.754129045743971771e-01	3.920677551143414430e-01	2.806238864619797768e-01	-6.725655157187104827e-01	6.134756217372165921e-01	6.375659459379138250e-01
1.550414010301772061e+00	-4.425337270093583353e-01	-1.980068612270964312e-01	-3.704804077588575995e-01	-1.055092523968452073e-01	7.391718804236192542e-01	2.491470094591185791e-01	-1.054049633110716755e+00
-1.350100649808892994e-01	-1.671340452819459754e+00	-3.779274575233576017e-01	3.438434894702584455e-01	1.536999629116645449e+00	-8.096877214893545283e-01	-1.509411168349641175e+00	4.773480141538390953e-01
1.482916642808750796e+00	-7.239724376167432363e-01	4.540858675286357782e-01	2.213839810534360630e+00	5.884402779059387800e-01	-4.455344283073977563e-01	6.346195226662972866e-01	1.527487736989175948e-01
1.428955170624291171e-01	-1.974520790922192071e-01	-4.164740310630887232e-01	-7.456583260633266041e-01	8.198213215134285692e-01	-7.727613299307413142e-01	-1.373380757781785588e+00	6.985921025546352192e-01
2.405340674031594683e-01	1.992363666829449764e-01	-7.409322142658538723e-01	-1.816334113434032504e+00	-7.500935145153742045e-01	1.470454158160730884e+00	9.131301007553387361e-01	1.043057502560380101e+00
5.817410502019688678e-01	-1.154627137959307159e+00	-5.368942992919124579e-01	2.616832149920648831e+00	3.636260795818549996e-01	-4.703055013549758967e-01	-2.452234093457648922e-01	-4.150493090799410867e-01
-8.167916657587535878e-02	3.280904428071805823e-01	-5.663876793807955945e-01	8.062742407377407883e-01	-4.595955902441024032e-01	3.320980121476656777e+00	1.203991057832209943e+00	-1.505903994069329455e-01
1.793154407856739407e+00	-3.817626476700635152e-01	6.924819460810813787e-01	1.828601983301667344e+00	4.710565537679883841e-01	-5.732588114751762109e-01	8.590857230585996485e-01	4.983996753046809891e-01
1.602322161188078908e+00	-5.174340869081275329e-01	4.490647495887574170e-01	2.141698508444853655e+00	4.391716665981101886e-01	-6.290843853421841381e-01	6.601067915616507520e-01	3.823844472163614450e-01
1.473658595451464270e+00	3.638493929941277183e-01	1.014963022740076548e+00	-3.530205206159922615e-01	1.030805871076841962e+00	2.141161652405724203e-01	4.080109196079627631e-01	3.042574259514913559e-01
1.941155419083056000e-01	-1.879144030619139816e-02	-7.571793462238728400e-01	-1.291293726550780230e+00	-6.468190263670293705e-01	1.713181947907019165e+00	8.893145884659356959e-01	9.915219679669047270e-01
1.811046690836306983e+00	4.141718649480466419e-01	3.288595946233627276e-01	4.534628230233997970e-01	6.202518868953059428e-02	-7.658384149049166645e-01	4.362315199815153255e-01	5.533825308000279719e-01
7.501478018586840157e-01	-1.005092807702828273e+00	-6.162092331062399841e-01	2.587126670201137735e+00	1.259236707942183453e-01	-7.033229732751175023e-01	-2.287076407830131441e-01	-3.216940761545915017e-01
1.206489072665710482e+00	4.818650705159179259e-01	-7.590040949371055223e-01	6.910897539482439011e-01	-5.246806074828416211e-01	-1.052629532990174477e+00	-3.359505299988049254e-01	3.640084430064083332e-03
1.482132532763339006e+00	-7.269029472005978931e-01	8.615122033286729542e-01	1.895390787900743446e+00	9.074919306928044271e-01	-1.065898310549625444e-01	8.308989275041558376e-01	2.042142547748640458e-01
8.995441932271135421e-01	-4.239301798485690664e-01	7.467837588232362211e-01	7.493826309166440325e-01	1.252127854328156431e+00	5.461133223063072695e-01	2.370596920240986005e-01	-1.749821373732933782e-01
2.423822215975471317e-01	8.380852805252319015e-01	-1.013030223902542160e+00	1.352170605240178514e+00	-1.178006064431359023e+00	3.078797144567214428e+00	1.271335629705419246e+00	8.401411428890281918e-02
1.191611645920109125e-01	5.997734345296659164e-01	-7.291346829063110047e-01	-1.770733043456004463e+00	-7.267655904546695966e-01	1.519959124938056405e+00	8.738348649071845387e-01	1.339110348589841237e+00
1.621756456899701160e+00	4.657272916923075878e-01	5.152143510504587631e-01	4.540370200876560347e-02	4.470276039991927797e-01	-4.510333703715642129e-01	2.680301213614427192e-01	3.768284732495418843e-01
1.584295293297629081e+00	-7.098796550965417174e-01	5.573696217983116208e-01	2.212165694169504260e+00	5.947547346619068698e-01	-4.912669889741237417e-01	7.210635457463406839e-01	3.090271563982224245e-01
2.386216816553404563e+00	1.626149492600469593e+00	-9.924610406414936803e-03	-1.056276903905448483e+00	-1.188154987618303071e+00	1.851057353829318020e+00	1.657047994806445601e+00	-1.022163714529630951e+00
9.817684883607932234e-01	2.251776115523119182e-01	-7.022334919144175569e-02	-5.195779747756571476e-01	5.065999446545177420e-01	-4.044055234292578960e-02	-4.446313388856928395e-01	-3.853664980762415149e-01
4.690548706328014905e-01	2.230477230067340888e-01	-4.125440118335278461e-01	-2.590491554441597399e-01	3.523444802398220110e-01	1.306937259792260719e-01	-6.375007357380366724e-01	-4.222013756544558127e-01
1.348139232969102652e+00	-8.484386260145186931e-01	4.756980652597591064e-01	2.191462357830798791e+00	7.475653778251488690e-01	-2.633867235033526821e-01	5.596396810856627546e-01	1.795491746975491631e-02
2.319533069766632205e-01	3.558921124545605386e-01	-8.192374433424297608e-01	8.923772396450381228e-01	-8.377143282389821755e-01	3.051670378354915059e+00	1.204106389734258542e+00	-1.365535178190050158e-01
-5.964420804221461925e-01	-1.145718575221574831e+00	-1.940917323247019488e-01	1.353066533681358541e+00	1.755341221617420455e+00	-1.391725047850570773e-01	-1.295116452873922519e+00	4.366854569149342113e-01
-3.375431559545178928e-01	-1.337374169898129850e+00	-3.405665226307784121e-01	7.389684121509645376e-01	1.568007506258288775e+00	-4.871643260776848394e-01	-1.442240854002048822e+00	4.625010142989415818e-01
-1.688892796856562850e-01	-1.134424865577335073e-01	-3.615015679753273425e-01	-5.486586949954361803e-01	9.613752255101655209e-01	-8.739189155174558188e-01	-1.471457165757417807e+00	1.210968669726794067e+00
1.843938952524953656e+00	5.320176479860412311e-01	2.829700408002721601e-01	5.480387526476837579e-01	7.295913100476766888e-04	-9.260331485396534612e-01	3.710528177644571990e-01	5.312245477600500143e-01
5.377525102795627232e-03	1.412661815977772073e-01	-5.318454058076206303e-01	6.210116292397089843e-01	-3.660339847180952844e-01	3.081162686435275688e+00	1.072326413213662288e+00	-2.261461019683702334e-01
1.533034924244024433e+00	3.202556888278742520e-01	1.107593598263604484e+00	-2.980992917427311983e-01	1.037694962926189346e+00	2.668224085064851980e-01	5.423756805114741120e-01	3.954014393681009043e-01
1.540262884960140521e+00	-7.560348324075186754e-01	6.648626902005198014e-01	2.122869297585744164e+00	7.224869623224666748e-01	-3.596472531971973696e-01	7.564209986179314393e-01	2.631836205391130945e-01
-4.568656927990277783e-02	2.290481503810918307e-01	-4.524547890029356201e-01	-1.648553231157077636e+00	-2.357701576382671971e-01	2.225105226991656249e+00	9.896079010427465406e-01	7.468127082209066181e-01
1.117668155635045846e+00	-6.070851797778978876e-01	-4.618146435129326099e-01	-1.128501070815691287e+00	4.256349850949031621e-01	-7.725966007622115939e-01	-1.031417011946563767e+00	-2.774052269380051228e-01
-7.521245503242888521e-03	3.329501468750325488e-01	-4.702426477460657783e-01	-1.449263328145286023e+00	-2.187419106959820891e-01	2.164523054399219326e+00	8.764839179220659249e-01	7.627541924062239964e-01
1.906184626404509030e-01	4.806525333798913890e-01	-8.086793528868739811e-01	7.161942253445504614e-01	-6.509923439780297416e-01	2.661459204087813113e+00	8.117395417192478924e-01	-1.866060717484735176e-01
1.522698943834636554e+00	-7.211475224913925786e-01	6.498891201308101273e-01	2.009846460183574823e+00	7.255807270024855482e-01	-2.758109876913218961e-01	7.272171078392115628e-01	1.069408340630813026e-01
-1.972698976890511491e-01	-1.350740634280179320e+00	-3.623812746273867846e-01	5.481767198450242518e-01	1.496360463631812410e+00	-5.577175065072583759e-01	-1.431656132854840502e+00	4.064168305527466885e-01
1.222360661275544658e+00	4.440629498409178200e-01	-7.444367126496290732e-01	6.081502035091232994e-01	-5.129918289530509545e-01	-1.065034080952932616e+00	-3.344164021741306558e-01	-2.990104003501552893e-02
1.906095068156250516e+00	-2.457696568344562293e-01	1.579949965141282942e-01	-7.878061349319611661e-01	6.295566031817875774e-02	5.030968817219023670e-01	3.486879923555928351e-01	-9.458385296943123688e-01
-9.302500119795635569e-02	8.383057116913705809e-01	-4.980302954314430042e-01	5.537690143442296486e-01	-2.149671821519655301e-01	2.839030304663022530e+00	6.317990194435810780e-01	-5.245562184284401352e-01
1.400171369766118001e+00	-7.855017090758131815e-01	3.775833547299984883e-01	2.286103414816414325e+00	5.940287353904488699e-01	-4.319996180089724080e-01	5.674680723028316942e-01	1.098318533248932305e-01
1.348929431787838640e-01	7.272323724223492825e-01	-8.569571317706773383e-01	9.404014242500077225e-01	-8.322597744075356241e-01	2.938728909501229225e+00	1.042601783954338002e+00	3.403702124174340371e-02
1.822913991901372155e+00	5.272202355714752375e-01	4.012095665677213319e-01	3.911475811020426185e-01	1.329143538736399510e-01	-7.715191300143785513e-01	4.004006368958583639e-01	4.825424496795020501e-01
8.771563728617780276e-02	9.635196756285839825e-01	-9.035685246610726251e-01	1.209292702561574062e+00	-1.014587852163367998e+00	3.131361634632161550e+00	1.255962424935885613e+00	3.561133142006967511e-01
1.375670382922828061e+00	-8.380505955618157143e-01	5.712673727933068601e-01	2.260674123428176863e+00	7.696374822380084302e-01	-2.557632077307329665e-01	6.661558927734538837e-01	1.218805552241174484e-01
-2.291439647696835117e-03	-3.118919988954641509e-01	-4.060590203113366714e-01	-7.545848920801127013e-01	9.378721284664215396e-01	-1.039206374362223961e+00	-1.546372216516919140e+00	1.086623985492281008e+00
1.043498638741675144e+00	3.458082902642155010e-01	-7.060253230067240482e-01	4.705568076098317620e-01	-3.443030543668533228e-01	-8.496539282389069525e-01	-4.253213966491273257e-01	-1.080211215312482514e-01
1.842964775053394844e+00	5.556856816587949499e-01	2.765925366053775258e-01	5.485053235417732820e-01	-3.832037570020746260e-03	-9.182799599783896261e-01	3.722669933322408919e-01	5.695673605592455058e-01
1.125763712157404672e+00	3.255284200414950146e-01	-7.481333157860857730e-01	5.889067115759082371e-01	-4.505557350960957552e-01	-9.096739022527746688e-01	-3.492603655451968492e-01	-4.656277698855892933e-02
9.514148127492967622e-02	-1.288917663607320845e-02	-6.959647307173745245e-01	-1.385395559673448185e+00	-5.704598321409702910e-01	1.931640312686843330e+00	9.859221430560107802e-01	9.913699556882145103e-01
1.851270201330578402e+00	5.061984075431946728e-01	8.545532971505315212e-03	8.109494788409534749e-01	-2.127373319781166450e-01	-1.151016211204428430e+00	2.965537748135466667e-01	5.132178617816332000e-01
-2.294915156791167421e-01	-1.340099391695164455e+00	-3.084069242564875801e-01	1.150164327462494640e+00	1.507242053853713459e+00	-2.717971069593532185e-01	-1.215293445974102937e+00	1.439255377556282467e-01
6.632127018210279834e-01	-1.109849194128967653e+00	-5.803438857535189177e-01	2.646879804570628991e+00	2.414595103369836515e-01	-5.860388672283044498e-01	-2.274704591254697872e-01	-3.787409651395730603e-01
1.312124211809200247e+00	7.134628447553606478e-02	-7.421973398585373083e-01	2.290134638407801959e-01	-5.104933544917138466e-01	-6.359998035230880475e-01	-2.522749229303600238e-01	-4.611212372436920282e-01
7.649150541300747674e-03	5.153338995993612670e-01	-4.564951372361230053e-01	-1.578450630052329773e+00	-2.225939023438576747e-01	2.100384059726885244e+00	8.463483297249597692e-01	7.953661249863770433e-01
1.848352338049793486e+00	5.190802396146010356e-01	5.006956155548746290e-01	3.216866628604510003e-01	2.162365918559506217e-01	-6.834800599686715605e-01	4.451978956909531382e-01	4.636248661624855494e-01
1.834382017586853042e+00	5.059528233415608867e-01	6.683431386911163896e-01	1.714613713087214386e-01	3.858713723740531121e-01	-5.640916301572156399e-01	5.037990548987792971e-01	5.368691762871359296e-01
1.365353254641059388e+00	-5.118420126764223754e-01	2.524133975965016652e-01	1.715840913493396958e+00	5.268498512001177358e-01	-4.664254048060126889e-01	3.356521349428088219e-01	3.921626316931386969e-02
1.477151054873811598e+00	-6.645231543190751600e-01	6.813671716216073149e-01	1.899184583330502329e+00	7.747901374708066058e-01	-2.486745290890771676e-01	7.070404995057727460e-01	1.836930223984221122e-01
2.113714163925348721e-01	1.073381915777672058e+00	-5.817564620040175383e-01	-1.664597210935646832e+00	-4.002095156486005778e-01	1.356934380006398877e+00	4.479469551658481485e-01	9.607432151838553036e-01
4.509204570786028432e-01	9.715379955497418507e-01	-6.783968142342007290e-01	-1.816577741913551369e+00	-6.178826030948174619e-01	1.047337347911563743e+00	4.435917817507442074e-01	8.171577010824873089e-01
1.476332751144145972e-01	4.609671589076572151e-01	-4.564487840987857536e-01	-1.888004932612044939e+00	-2.086065628210405365e-01	1.602454388995771861e+00	6.113108309834700549e-01	5.771442137911880765e-01
1.867392032110009925e+00	-3.074537590650680899e-02	1.757014806135373530e-01	-8.900329749543113567e-02	2.556129530714893461e-01	-1.328475407261302310e+00	-1.880686388804003462e-01	8.227374585099782589e-01
1.379922505697842361e+00	-9.704890969080255392e-01	3.558552259778580140e-01	2.592092473828530252e+00	5.964435187530203741e-01	-4.404662330265199377e-01	6.235562131821710263e-01	8.629195213295015598e-02
1.278920676693173775e+00	-7.094815741666327114e-01	-5.699571674319898751e-01	-5.630647801097081739e-01	-3.262228253663059796e-01	6.534876528465726198e-01	4.247194123273237421e-02	-1.048225424460844657e+00
2.765607206917006788e+00	-2.174455415016565696e-01	1.104666746214395395e-01	-2.171852099140938186e-01	-7.615238557529080410e-01	2.295695968658515440e-01	1.366122043699268929e+00	-5.087608991961024563e-01
7.680035714373911748e-02	2.041708154887272864e-01	-3.299538823307879842e-01	-1.812821027757948400e+00	3.426548149942849897e-02	1.829393618966000723e+00	6.379749353798284117e-01	2.862732310314508588e-01
-1.672921549641828987e-01	-1.445984659052615307e+00	-2.901652141409943320e-01	1.184186146174985188e+00	1.550126312861004330e+00	-3.218539937692962982e-01	-1.211226226719527288e+00	1.991248233704095982e-02
2.855401954823000299e-02	-1.596589062152217187e-01	-4.110661340849867118e-01	-6.358031172100395700e-01	8.487427608803442824e-01	-7.937279010641430377e-01	-1.401736804360010247e+00	8.948693441855115616e-01
1.189965800197514412e+00	-6.615125680695334021e-01	-3.749476545853797776e-02	-1.019568076005249457e-01	4.145313898754305337e-01	5.277108714995855099e-01	9.317366304455038106e-03	-9.416218624344606658e-01
1.351357498937296509e+00	-9.563972744552665661e-01	4.896902518909402868e-01	2.328370476350074547e+00	7.317940169268067896e-01	-2.506480506608146919e-01	6.677361870457670934e-01	5.280396161372963304e-02
1.923964143496459611e+00	5.064584312697115731e-01	5.466758871630998939e-01	4.648548828439659220e-01	1.577798302018833532e-01	-7.835396019803195777e-01	5.631803004662770951e-01	6.047413774009554599e-01
1.150146075319948169e+00	5.524383387457831862e-02	-3.375833263876180657e-01	-6.096850836091769477e-01	8.478473306189750203e-02	5.401085740608253805e-02	-4.436752200228701870e-01	-1.003921551880609053e+00
1.438775352867969870e+00	-9.041572509936561808e-01	6.422749763543215140e-01	1.850217126814819535e+00	8.931562075935280953e-01	-2.927744955167532748e-01	5.514642378470556716e-01	1.614671120692538486e-01
7.490681521108527585e-02	6.836822038466175422e-02	-4.857549231649137544e-01	-1.787554565711831467e+00	-2.405286135756427857e-01	1.820382549209804912e+00	8.009838150260321088e-01	6.893941967083179190e-01
5.624807614203333195e-01	-1.248987715592172032e+00	-5.054791249128653963e-01	2.723140704036286053e+00	4.264859590596565830e-01	-4.449181720003787532e-01	-2.277772212213788339e-01	-4.372451087380958556e-01
1.748895018410784596e-01	8.578001731179552003e-01	-6.846339224268299661e-01	7.872466423406514480e-01	-6.905162629851132605e-01	3.064362665885485892e+00	1.059632551690751212e+00	-2.697822070033816244e-01
1.929041911114645513e+00	4.984818267394945379e-01	6.376111034540137279e-01	4.182356813907673887e-01	2.411932081963732988e-01	-7.085546157784994303e-01	5.992949729776936296e-01	6.265576914542663189e-01
3.175519849311048137e-01	2.519724002511827821e-02	-5.577129018995958809e-01	-2.118895551660365140e+00	-4.112807581396717982e-01	1.153826657219418239e+00	6.237233026016664184e-01	4.521702865451061593e-01
8.349521232494729883e-01	-8.420290792692225468e-01	9.728647657019500183e-01	1.147923821058238092e+00	1.535246534908742300e+00	6.927204311962390504e-01	4.388871942429527495e-01	-2.968099999568536984e-01
1.793946338588785494e+00	5.439763760911500157e-01	2.923797242234084104e-01	5.742036831496717397e-01	3.035521260466607363e-02	-9.304520044945769897e-01	3.550660389450999155e-01	6.184078626538787038e-01
1.660615046611074730e-01	4.189051913744162858e-01	-3.505221031409784804e-01	-2.697113489151048427e+00	-1.955996226240581670e-01	1.146887024752636375e+00	6.171373513769066177e-01	4.938803775540798746e-01
-3.907095003127635247e-01	-1.250105306194659427e+00	-2.881361866017219109e-01	9.781773601556311704e-01	1.617338259601228456e+00	-3.417608545802355291e-01	-1.360984618964312443e+00	3.859672562666577877e-01
7.445054729760794410e-02	-2.502967997880075623e-01	-7.527112853941635429e-01	-1.140135541893946725e+00	-6.306155052252074844e-01	1.947960127969659005e+00	1.039583601660854173e+00	1.041103466732661298e+00
7.128525600843718113e-01	-9.017744014648040318e-01	-6.008624124689434520e-01	2.289060604020009215e+00	1.726899482386780038e-01	-6.120565543327650682e-01	-2.882299478557781014e-01	-3.639735167049927833e-01
1.251715708609351552e+00	3.419709846984673729e-01	6.330198598833365331e-01	-4.249624941890382535e-01	8.783725103359659725e-01	1.995212749069149305e-01	8.173937966381049358e-02	4.418616612299675062e-02
8.126215497678986877e-01	-7.581074867732753297e-01	-6.514363787872683442e-01	2.293655745971392435e+00	1.922763358794720573e-02	-7.694443046300908362e-01	-2.945078854607689478e-01	-2.759490284637645674e-01
-1.115549538811771019e-01	7.624626491078927426e-01	-6.698437391932088314e-01	9.180157153714780804e-01	-6.211316948402408888e-01	3.284114147867031264e+00	1.197922953164486604e+00	2.302204714591927770e-01
1.377605512965040246e-01	6.155834506495378999e-01	-6.023988989177828657e-01	-1.314063982468795189e+00	-3.755399676108277518e-01	1.783672408824297451e+00	6.524906761007243094e-01	8.636854237009057300e-01
1.341139952176460870e+00	3.426111935268634223e-01	7.825573920119600624e-01	-3.572252870851096440e-01	9.386388540409872361e-01	2.102407530033347238e-01	2.130364535435642082e-01	1.414712478697458808e-01
1.321716449549808603e+00	3.776247871907116305e-01	6.715202853348931633e-01	-4.829913694406973712e-01	8.656431834526734370e-01	1.583778444021180509e-01	1.120256970469736824e-01	7.637226534382712817e-02
7.206988369223482627e-01	-8.017898430062463389e-01	6.147553010637483162e-01	1.202247386873452673e+00	1.365255168239759120e+00	5.363137785743676833e-01	1.315889457250486172e-01	-3.981815987706428528e-01
1.429263133049490708e+00	-8.476657003852852146e-01	7.676958470401897827e-01	2.218534611699097603e+00	8.688155173836589196e-01	-1.652032323134022818e-01	8.235925051439427769e-01	2.023625794943107459e-01
1.146272738080811315e+00	3.094780810656253545e-01	5.252431664946680678e-01	-3.587142102763941076e-01	8.460231964476500055e-01	2.231641221800929609e-01	-3.375525546255525935e-03	2.768679572378318632e-02
1.302859219720099659e+00	-1.756672515003721846e-01	3.113388603896272144e-02	-7.294734020775893724e-01	5.144322231276546864e-01	-7.365356079897207586e-02	-3.131762547994647594e-01	-3.277340367396418541e-01
1.667782006064247424e+00	-7.744087812032901530e-01	-8.130824596396770687e-01	-2.009694554732938121e-01	-4.895802426461882684e-01	-1.040516441028882966e+00	-4.492721991007660454e-01	-1.942681844741750152e-01
1.286713798149911936e+00	-1.074528493019761832e+00	3.404541336313905986e-01	2.831388423635685214e+00	6.516783940860286783e-01	-2.962236032807010200e-01	6.214446539641330647e-01	-4.766250306632863198e-02
-3.720807029489686668e-01	-1.448515623711683853e+00	-3.415738303333589743e-01	6.529922257094616933e-01	1.611266377367554403e+00	-5.994156224722624327e-01	-1.505368677475278583e+00	5.878792921484405909e-01
1.250830036152077218e+00	-3.809634148541962140e-01	-4.472647280849887941e-01	-6.295723348036811329e-01	-1.333693517432194831e-01	4.421828696109726398e-01	-1.742314949178233041e-01	-1.069979103053939840e+00
-2.850273990186891204e-01	-1.064464163753482628e+00	-3.610667136011770362e-01	6.877766559362700205e-01	1.384947430626795706e+00	-2.930529912181147334e-01	-1.302705988759534250e+00	4.007086287061175645e-01
-3.700467275480923690e-01	-8.967860393081610315e-01	-3.388279438246448727e-01	6.922221880610219813e-01	1.418228749875757755e+00	-3.034661689309967048e-01	-1.355327742687157500e+00	4.970793385882603665e-01
-2.716320605443366398e-01	-1.239863654042734353e+00	-3.424504559210916343e-01	6.270403348966210322e-01	1.509573465626905975e+00	-4.569743057511974627e-01	-1.406263232517814155e+00	4.018129715589942030e-01
1.505649533126692807e+00	-7.950279825569817049e-01	5.699680129261616157e-01	2.279317179371339819e+00	6.580845661096084154e-01	-3.531361121660235303e-01	7.437215931055830564e-01	1.727821276045019283e-01
1.376943218619374187e-01	-1.564785487421231636e-01	-4.172863061507335325e-01	-7.118272577327577899e-01	7.985819600668451201e-01	-7.446850998224111562e-01	-1.352665905057489404e+00	6.917586864239090305e-01
8.539473290286265783e-01	2.543716473953432922e-01	-1.764717363261364691e-01	-4.224145263263621164e-01	4.370225621040190744e-01	3.683301121846645210e-02	-4.894355150724991055e-01	-5.330126426601644596e-01
1.545010757033466353e+00	-7.218531423415160964e-01	3.838452427886682172e-01	2.448354904062479243e+00	4.520166647948895000e-01	-5.719288184459786484e-01	6.811087634208412567e-01	2.910263790732854350e-01
1.324899326301340441e+00	-7.973393439018172657e-01	3.923325628632349238e-01	2.187865923996697326e+00	6.762293305069528859e-01	-3.109401912506307153e-01	5.201320066124677233e-01	1.382115583033732831e-02
1.820681134110055499e+00	5.090293559843892535e-01	2.714115865468152422e-01	6.244281157218402045e-01	4.140975731382209868e-03	-9.441562514273719176e-01	3.909308574708364459e-01	5.638254991058271326e-01
1.207083787508088368e-02	6.633524459758886049e-01	-5.860098307422785258e-01	-1.759090110171428023e+00	-4.733949811076332836e-01	1.819261366102140176e+00	8.760195935531731593e-01	1.233925968626416347e+00
8.909745493194508315e-02	-1.323727680720393041e+00	-3.272655724861727733e-01	8.548806788610064933e-01	1.328636221575444143e+00	-3.262323263613643998e-01	-1.104380190185991761e+00	-1.835348911702761598e-01
-1.335876329060223938e-02	7.830492033080636016e-01	-3.262904489396332153e-01	-1.880735795380225062e+00	-3.821312946451256576e-02	1.920904878746129363e+00	6.752215166982385997e-01	6.636446751439001313e-01
1.213056051158674653e-01	-2.007861808690946104e-01	-4.270436633904409196e-01	-6.996535406678313640e-01	8.329818454608787226e-01	-8.364489747269192588e-01	-1.432606160271436169e+00	7.695136661402970368e-01
-1.099779268755978895e-01	-1.682054958005927414e+00	-3.182262517268938384e-01	5.426908466227063910e-01	1.596633075727870166e+00	-6.942987591576653683e-01	-1.422498859023216822e+00	3.699114997131927041e-01
1.911578307169268243e+00	4.603709462097990701e-01	8.884739665258593044e-01	2.486367796514405426e-01	4.971145361571549515e-01	-4.576105355937284958e-01	6.916682600513553991e-01	6.451072319128563493e-01
3.164103818140793223e-01	5.717015522397534966e-01	-9.345230380180925556e-01	7.977878929163726429e-01	-8.596697782226282447e-01	2.550102324328837877e+00	8.516195050848820447e-01	-7.645378426104751379e-02
1.093108560589510780e+00	-1.451550266833885772e+00	-5.523087363906397096e-01	8.741689945715550580e-01	5.201064197438912684e-01	-1.039984254063062608e+00	-8.273079551727271497e-01	-3.969988456374614616e-01
1.470206971003894303e+00	-6.879310438355923374e-01	3.588349655762362866e-01	2.215836781594451299e+00	5.154360844784863227e-01	-5.244930167884669370e-01	5.643738434382690183e-01	1.694632609137448898e-01
2.088553576607218298e-01	4.917262122101984656e-01	-7.843016075516283658e-01	5.224692119541166635e-01	-5.624554573213859099e-01	2.473896670895002092e+00	6.648854097958775133e-01	-2.417343015728259659e-01
1.594054813801035475e-01	6.898448801284129406e-01	-4.531582355608750889e-01	-2.193434564473950132e+00	-2.614858965342528041e-01	1.325464977918863640e+00	5.322676914395242376e-01	7.022218680241781863e-01
1.539560028940910597e+00	-5.686657845524804022e-01	4.952350437324848365e-01	1.919542967528601762e+00	5.721060141349290085e-01	-4.691439602834683864e-01	6.214354516059651390e-01	2.031502600769963252e-01
1.833038475247874111e+00	3.872289558582432401e-01	3.036002189143672814e-01	4.905206628127575241e-01	2.275843363623488574e-02	-7.820801082787115499e-01	4.561422493314157833e-01	5.548347885495638065e-01
3.978905660619584950e-01	3.788669961658789331e-01	-5.763086326826809547e-01	-1.901045608302091017e+00	-4.036905024634665495e-01	1.144005192191073883e+00	4.528499127106606625e-01	3.806837361733054204e-01
3.537329828977107127e-01	-2.535391379307120885e-01	-5.335536478018364503e-01	-5.687261553216288457e-01	5.284928835088222865e-01	-7.718143529229153366e-01	-1.222759412701468706e+00	6.308868365914956922e-01
3.617912759600306338e-01	1.293610906164133656e+00	-1.008118131668777284e+00	7.707665641743125517e-01	-9.501228750920767130e-01	2.188358259795351479e+00	5.610455331922920008e-01	5.683582836954145789e-02
1.531811704391969231e+00	-5.901749250247382284e-01	5.728253156082950825e-01	1.971774544990434475e+00	6.323376228792790821e-01	-3.842423904951022262e-01	6.753586979362407039e-01	2.164581150684498634e-01
1.814478008491306138e+00	3.095473750314196026e-01	5.164052733357910041e-01	3.123939812016475470e-02	3.721808247158719385e-01	-8.625725494590668063e-01	2.354770769199936442e-01	6.801155269581103946e-01
1.651251443582381295e+00	-2.216228586110004228e-01	5.910317907328948017e-01	-9.037910493731518002e-01	8.675095290671808179e-01	-1.735634835421589472e-01	-6.638489053742199775e-02	5.087433194570178951e-02
-8.587108363096727925e-02	5.300452221967859590e-01	-6.717336837283877093e-01	7.292330245376829057e-01	-5.255142923450010217e-01	3.025903392555341131e+00	1.064055886143466356e+00	4.017132565920379372e-01
1.656453297543581948e+00	-5.557282791450672832e-01	7.989278267479327234e-01	1.924407540904562230e+00	6.866700929040837620e-01	-3.482504082980081295e-01	8.819192125077995881e-01	3.826109872320046512e-01
9.199237442174693635e-01	-4.393462972038920666e-01	-4.423139831959362889e-01	-9.980024024622491385e-01	5.267875702612309086e-01	-7.221070998692943332e-01	-1.069830355594597160e+00	-1.980816330059977926e-01
-1.786199747920398304e-02	8.663033039354428588e-01	-4.706027719234815443e-01	-1.439084269080378453e+00	-2.056588079490861420e-01	1.978276829687026783e+00	6.551612863870400760e-01	8.255124750579605486e-01
1.365544116324271862e+00	-3.427798181173043468e-01	-4.615726467987635306e-01	-6.622759714061484670e-01	-2.009582037111804220e-01	3.705262030297670761e-01	-1.876998362586953517e-01	-1.161962704741081209e+00
1.763619225341628072e+00	-4.495206523785828523e-01	3.340122690122591109e-01	-1.140322928485458576e+00	7.255722729262923387e-01	-4.297333817247337984e-01	-3.075545709547350959e-01	-7.292612539048924647e-02
1.089089400905083771e+00	1.473375913240015933e-02	-2.827737876167207842e-02	-4.373420711851349618e-01	4.028042485166363762e-01	3.784133334455546116e-01	-1.496024507221300759e-01	-4.773876297389615386e-01
1.085310331432487230e+00	-6.248043223150337999e-01	-4.776732311762010297e-01	-7.025559567420271156e-02	2.539460390411365509e-01	-4.841945602014403049e-01	-6.583748478249669134e-01	-6.280632854870653592e-01
1.501774218590989696e+00	-6.374555601484169776e-01	5.322616400085006250e-01	2.122759246346419548e+00	6.322922609790231352e-01	-2.891357931693191441e-01	6.649560604065517522e-01	5.138984825138648294e-02
1.372340875421501183e+00	2.995224383695040959e-01	7.670609901358808047e-01	-4.124940602318524219e-01	9.369422636055746434e-01	1.253974460241588096e-01	1.677205917829332482e-01	1.885494892946138479e-01
2.101819933408240748e-01	2.919326884913636677e-02	-8.263296500867713945e-01	8.318234554385801616e-01	-7.510710334088197548e-01	2.867099139374464478e+00	1.116885058086936278e+00	-2.058519568827406332e-02
3.470071341413729082e-01	7.255633238634686677e-01	-6.479068375676643177e-01	-1.660771760883420267e+00	-5.058142434578736246e-01	1.267737769262307745e+00	4.922590820960788260e-01	7.868737530456415552e-01
-2.813725519712254042e-01	-1.575584705004322350e+00	-3.435394097591027984e-01	6.781600093122963635e-01	1.611623664280996682e+00	-6.503281050151488163e-01	-1.476284138721323025e+00	5.349772372985235336e-01
2.722482120111977544e-01	-2.189266227209020477e-01	-3.330137909240920568e-01	-8.128069638753824266e-01	8.741731781268480272e-01	-8.084329860204900742e-01	-1.343183198487345020e+00	7.238617460513008250e-01
9.219213680744663408e-01	-4.597165092563406663e-01	-4.684057614851093176e-01	-1.028395033294613015e+00	5.225943509571751022e-01	-7.823829616214953431e-01	-1.137913050711093499e+00	-1.592612515706040011e-01
1.397243931128467676e+00	-5.515070539420856566e-01	-6.620817657519154631e-01	-4.640817521730433159e-01	-8.388616086608996492e-02	-1.192823790285904906e+00	-8.363325544004129863e-01	-1.017003465572163812e-01
-3.279125843847364719e-01	-1.122351011815907018e+00	-3.358962540818550835e-01	6.669520820198395761e-01	1.489886019207163903e+00	-3.964390929042224676e-01	-1.385546857379307051e+00	4.471357857328510099e-01
1.216928301680983315e+00	2.564538992923830474e-01	-2.207096408882646688e-01	-6.439879827459790151e-01	1.987602753889144147e-01	-7.043067406725060653e-02	-4.876159679766971511e-01	-1.028295997261895023e+00
2.663245112949894633e-01	-3.859742959479647295e-01	-4.336989475919330594e-01	-9.183343807925360425e-01	8.548748432073431935e-01	-9.643106720281713340e-01	-1.463897525691544077e+00	7.202438805717940040e-01
1.119708520686240188e-01	-1.998524574222325656e-01	-4.115160994577788944e-01	-7.409857119130661696e-01	8.315067035889094349e-01	-7.890703379675553242e-01	-1.387759478414356318e+00	7.630418613521430249e-01
1.507311633667762774e+00	-7.560839148153926104e-01	6.074623157185933264e-01	2.175250870415998072e+00	6.911016862728488475e-01	-3.435605318066984326e-01	7.385132310542749101e-01	1.782988945002781378e-01
1.009046374832140852e-01	7.027971675131781115e-01	-7.429590490977262540e-01	8.777624247311683892e-01	-6.752662461870808652e-01	3.019768123992863540e+00	9.834651506016488520e-01	-3.806790291573034501e-01
1.246784967369427122e+00	-4.783975888113966013e-01	1.156325945294304658e+00	5.834432844334318524e-01	1.319848350741847032e+00	5.839655281123615760e-01	6.608653059947955377e-01	-8.147092458966248563e-02
1.024923797729323738e+00	-7.245318267667651968e-01	1.113093426597287383e+00	1.045054925308072979e+00	1.467893617045672006e+00	6.777458541954104465e-01	6.064543560815454093e-01	-1.634140332218600722e-01
1.669718226477665768e+00	-5.118708089220290747e-01	3.920497091781511290e-01	2.103092556296274562e+00	3.617200652189629939e-01	-6.556164324370259422e-01	6.552290879617855834e-01	2.665246087304196654e-01
2.413091286458517448e+00	2.188198598652186244e-01	4.068139427380508266e-01	-1.181050099412142229e+00	-4.251828544142735589e-01	1.230937557869975496e+00	1.341761300582250849e+00	-8.141181713627053673e-01
-2.850252573682271473e-01	-1.371971604578952508e+00	-2.944220185998764339e-01	9.220799205065517423e-01	1.603448871684593158e+00	-4.231521280138895724e-01	-1.355944056374160045e+00	3.357975478143513937e-01
1.235006725321081911e+00	-1.284812298154427435e+00	-7.240514749277705553e-01	1.244783261654042184e+00	5.138548234594812747e-02	-1.490358113118170236e+00	-7.015754190036365134e-01	1.436448061751066652e-02
-4.291837713762879924e-01	-1.030459098964792153e+00	-3.713479755455244002e-01	4.579544396547896579e-01	1.401025752641988920e+00	-4.316929299814084575e-01	-1.416131089126351217e+00	7.497464484533249429e-01
2.719162903041140722e-01	2.244813829099640001e-01	-8.710438450907904695e-01	1.009794975164576725e+00	-9.085375847911922875e-01	3.001536168461471643e+00	1.250135226719939929e+00	9.949376414958965853e-03
1.494454513404158913e+00	-7.846989038301896979e-01	5.422795746153451502e-01	2.098600624104835166e+00	6.241767187225721880e-01	-2.756763719335865725e-01	7.602017186143437133e-01	2.094586267102009347e-01
1.663916782506396519e+00	1.120768534151017626e+00	-7.239696665955180910e-01	-1.546564149800981891e+00	-1.360794188802008309e+00	1.490758742446087748e+00	9.546808506931243610e-01	-1.453399401420766957e+00
1.695012445634013432e+00	3.248516911028605236e-02	-5.750070096957479171e-01	-1.083062759559302313e+00	-1.045762266615304359e+00	1.682281137500095669e+00	1.047298854694858505e+00	-1.445749991247001098e+00
-1.194236091774714681e-01	1.763628509705683634e-01	-3.719520928774189272e-01	-3.251706337013154924e-01	7.656482279005119018e-01	-5.251044760843310844e-01	-1.232552625231740695e+00	8.901819855227199874e-01
-2.979179729395488585e-01	-1.157678757215480747e+00	-3.770654733921133817e-01	2.609947051256223394e-01	1.456411673801207396e+00	-6.558926494963396303e-01	-1.541558977976432931e+00	6.942960926265995258e-01
9.439092788367979825e-01	4.712574923645271308e-01	7.182684221453315698e-02	6.770810271773874955e-01	-3.044769702667041167e-01	2.680291470292470724e+00	1.543306705737949480e+00	5.415234779352751104e-01
-4.599886324754223765e-01	-1.379772450065942291e+00	-2.632985961452634083e-01	1.296498575212474469e+00	1.692714305342982950e+00	-3.371712617868464212e-01	-1.343315319659936558e+00	4.100413369853482259e-01
9.300945589976693517e-01	-5.135147817465834930e-01	-5.112842021109005319e-01	-9.453642433156486113e-01	3.141950316328683823e-01	-4.471322326033059791e-01	-8.531965455422014788e-01	-2.496888933366597230e-01
-5.617642176015716915e-01	-1.213631605861520191e+00	-3.072472981749170828e-01	7.664689387712372293e-01	1.647023835504011879e+00	-4.826211748571530569e-01	-1.509055171017474661e+00	8.021532260987944696e-01
2.341253414497365681e-01	-5.289382507968632963e-01	-4.434350235881772684e-01	-9.715521392123276367e-01	8.890651884661352478e-01	-1.154077348844160245e+00	-1.543846225319457810e+00	9.544681052264554211e-01
2.038009083692383649e-01	3.969127116669708966e-01	-8.486903983359392889e-01	8.812477142295149779e-01	-8.326159345121386668e-01	2.973379721059211445e+00	1.124837633446263974e+00	-1.158115951619300560e-01
1.932062911755564771e+00	5.246688094074951625e-01	4.581704210104503572e-01	5.307732470156680815e-01	7.507141088566296472e-02	-8.488233367516314631e-01	5.220329273949697590e-01	5.890018760665838293e-01
-7.482342445706678946e-01	-8.246274338699514095e-01	-2.452219144371020898e-01	9.664172109904599628e-01	1.622423196203327089e+00	-2.618763287907406867e-01	-1.412170186062648769e+00	9.239520036453094942e-01
-2.660490863686522656e-01	1.540554593550259865e-02	-3.228244247083555951e-01	-4.680364258455821935e-01	9.872706890862037454e-01	-7.731362182924887971e-01	-1.429951986506865280e+00	1.295430470601280026e+00
-3.232750422773364996e-01	-1.415197198779850396e+00	-2.861777481555317082e-01	9.621961601455657487e-01	1.641913232216776208e+00	-3.827006246445489035e-01	-1.350130647904771664e+00	3.115697083509740284e-01
1.831301530143934597e+00	-1.118879451314525708e+00	4.131714182405361591e-01	1.264899709347721446e+00	7.423943817826289537e-01	-1.012847027253836130e+00	1.093726503538436090e-01	4.288019340975942617e-01
9.883068718456575197e-02	8.244489472884448666e-01	-4.850142534380919579e-01	-1.623217096815198879e+00	-2.431859816149955222e-01	1.729152485352821733e+00	6.046520396173704626e-01	8.245958375821951236e-01
-7.861988323923662508e-03	3.360896532097045752e-01	-6.683621707411213642e-01	7.237057907929911327e-01	-4.827372683993628733e-01	2.956688430945411561e+00	9.679188076423967946e-01	-9.463010643823099866e-02
1.844384388808934627e+00	5.310418511102039663e-01	4.729239896538002252e-01	3.621601195601800161e-01	1.748964244530972767e-01	-7.511323020957815233e-01	4.543602645538890039e-01	5.207056316012459440e-01
1.464818746522327020e+00	-7.196643293425043497e-01	6.792292632741693259e-01	1.995832930862256216e+00	7.778986429542380510e-01	-2.334470942630638146e-01	7.341680488341597588e-01	1.878325094162192621e-01
-9.992615826362563625e-02	-3.100191172118539618e-02	-3.824511891745102088e-01	-5.028839336804286075e-01	8.848769844342347923e-01	-7.608891469611653857e-01	-1.415332847553041562e+00	1.016555668924224776e+00
1.317313099575467383e+00	-7.942690468345269261e-01	4.304211109659545897e-01	2.150209216580067917e+00	7.116276893091809663e-01	-3.058135879162705573e-01	5.289318129926373624e-01	5.401464308570019801e-02
5.874654672546145706e-01	1.033911078599246691e+00	-1.023701650539192265e+00	9.299008728423332482e-01	-1.056427360142707661e+00	2.275663085123657670e+00	6.544001375872446902e-01	-5.205727222602652970e-01
-1.586992395338206463e-01	-9.282109957723118088e-01	-3.650623508143430729e-01	5.407928262807553121e-01	1.293724353269211091e+00	-3.342426622246096879e-01	-1.285028135189030696e+00	2.357647384671364144e-01
-1.759569834626278084e-01	3.767100878382244056e-01	-5.283993622487501707e-01	7.667691096423532304e-01	-4.471090597382985088e-01	3.436049680338721046e+00	1.340733765276481471e+00	2.994815137632516056e-01
1.136529905421290731e+00	-6.261490052780699367e-01	1.225887454817425892e+00	8.990894950890102599e-01	1.435646859437051281e+00	6.563537251410267448e-01	7.318354233941769538e-01	-4.224023103160827464e-03
-2.218406359953507268e-01	-1.280768781536140155e+00	-3.471912389675665400e-01	7.091664996602276005e-01	1.494803731136434832e+00	-4.561504785760031599e-01	-1.377605081861805525e+00	3.151463760857711183e-01
1.875619442946831583e+00	1.462529889438094255e+00	-7.597815929190252504e-01	-1.518095221218704216e+00	-1.327721506128737738e+00	8.281852758693060146e-01	5.172233423981787981e-01	-1.185505820730717863e+00
-2.888021349207869348e-01	1.439527502567720940e-01	-3.017279960954958318e-01	-3.063859119338035453e-01	9.541852719752657030e-01	-5.895173191869751417e-01	-1.329360807044571269e+00	1.158679256511086164e+00
4.375490605554659129e-02	-2.799190210177252003e-01	-4.060987332800177763e-01	-7.485054222133405988e-01	9.117370265827900999e-01	-9.283773533636995312e-01	-1.480701077560899304e+00	9.568040463385352190e-01
3.464951224608934233e-01	7.218776312621060232e-01	-6.776251673107023255e-01	-2.120098020610291734e+00	-7.178210719541147089e-01	1.198278065544033044e+00	7.265590992113566404e-01	9.709094318654321043e-01
1.491432193793332583e+00	-6.569487808340169765e-01	4.297291006413813674e-01	2.138530757359706769e+00	5.552272197911940488e-01	-4.703071700178203529e-01	6.025393075019044309e-01	1.712094569855728277e-01
5.280777890843530997e-01	1.741367599442694980e-01	-4.049688176792313188e-01	-2.890699192052539335e-01	3.487483517352727436e-01	9.530912430654406298e-02	-6.153071503935741982e-01	-4.570920914557370374e-01
-2.940420604722269737e-01	-8.763459800514447062e-01	-3.646282208826956417e-01	4.429851833913519554e-01	1.354736260641808521e+00	-4.419636289716299959e-01	-1.415491942736570641e+00	5.678192731798579196e-01
9.859321406432944856e-01	-7.578870877031441688e-01	1.047367332730700928e+00	1.206089176791693252e+00	1.451433391707132481e+00	6.378043981526129169e-01	5.691366284623873284e-01	-1.125856983445977927e-01
1.085472899431346727e+00	3.665277948694420362e-01	-7.159284903039109249e-01	5.282302406908895298e-01	-3.847687184180411113e-01	-9.046321618471055981e-01	-4.010345724435605552e-01	-8.321261989335571041e-02
-1.750663751937892587e-01	-1.615131407955183729e-01	-3.600634851456441243e-01	-5.893854604770412120e-01	9.835395384331639956e-01	-9.249985745857374209e-01	-1.500416232211148726e+00	1.252395782589837303e+00
-4.098558210549297920e-01	-1.004522794739302727e+00	-2.694541849747020823e-01	1.025216313972597382e+00	1.528758161819952166e+00	-2.118671151099756345e-01	-1.297927825652013256e+00	3.399175971351685588e-01
2.227931874300091986e-01	6.979869134460148228e-01	-6.092391510939146881e-01	-1.640777759917270373e+00	-4.314668400438977924e-01	1.504968161606653032e+00	5.762361905475734680e-01	8.119853704584341081e-01
7.367371356354666112e-01	-9.430298084969591654e-01	-6.110313062021338615e-01	2.422997282660811269e+00	1.437763373834447245e-01	-6.620542757828881131e-01	-2.617651854085308316e-01	-3.465862204394553614e-01
1.349241277031525410e+00	-9.189353117608076715e-01	4.517209824979464550e-01	2.445515281058126877e+00	6.963960124499184445e-01	-3.406977211978162723e-01	6.272134842060496096e-01	9.474498683101165164e-02
5.259444283683935017e-01	-1.307196769133739167e+00	-4.493574015317063353e-01	2.793480259156416512e+00	5.218265454722289531e-01	-3.707009849548368874e-01	-2.020781401744208561e-01	-4.664907490346361651e-01
1.182658220947857997e+00	-1.038284081044167806e+00	5.436733956304063975e-01	2.352621642134864466e+00	9.125939642597677981e-01	-8.598762910707877238e-02	6.056834918787492583e-01	-2.945379005285762158e-02
1.393408057475607364e+00	-9.622481672099476580e-01	3.416027247526424171e-01	2.352414470368491717e+00	6.506851103568119798e-01	-4.663314477765737043e-01	4.781679890316650194e-01	7.071008685493077039e-02
2.688427353515825124e-02	-1.195909534714767741e-01	-3.834188015654754755e-01	-6.410823482560710218e-01	8.679431253245903921e-01	-6.889908932354069648e-01	-1.352277000512670524e+00	7.659796661421713893e-01
1.382864092634782827e+00	3.405965299993967133e-01	8.370922076319107230e-01	-3.665961767319859677e-01	9.579669150579529502e-01	2.062918835937018747e-01	2.576573393474145268e-01	1.658490747668485699e-01
4.523117657900068700e-01	-9.763010032653198778e-01	-4.056937204958361298e-01	2.005016730660199364e+00	6.244578590991956002e-01	-1.371271309953871753e-01	-3.622846375092265703e-01	-5.818532062230594715e-01
1.213912845016677622e+00	4.484663102870011797e-01	-7.478774636529517128e-01	7.057309855436733059e-01	-5.194968849685041024e-01	-1.079227925964645118e+00	-3.207133201309717574e-01	1.287003934179764553e-02
1.143017194936578385e+00	-1.047442514617201448e-01	-3.806984057012678946e-01	-5.978604436003447375e-01	1.812948206496665937e-02	2.061649185069501788e-01	-3.569412507024099512e-01	-9.938501999960976940e-01
1.779132258366570851e-01	-1.839061115312414341e+00	-5.534419396791090406e-01	1.997083663722985403e+00	9.608857783791775464e-01	-1.102192567218182484e+00	-1.055687487285082327e+00	4.784331735728863388e-01
-5.634889010671874088e-01	-1.264665532453737695e+00	-3.024439219379027044e-01	7.551119315151574307e-01	1.665479357270029048e+00	-4.863557159205390001e-01	-1.506240431943615565e+00	7.706176216197602180e-01
-1.921511174252159976e-02	9.832692114375556347e-01	-7.964863810380271580e-01	3.383699641372018840e-01	-7.062530188125615283e-01	2.552428209728204056e+00	9.332937821134212886e-01	1.061581940838135729e+00
1.332092456845246797e+00	3.576059938264931626e-01	6.785312689135574171e-01	-4.813963104904780410e-01	8.715179528283858446e-01	1.608544730524196775e-01	1.158176194928896285e-01	5.697321722527728949e-02
-3.315954170799080836e-01	-1.295658554249587979e+00	-2.865689214723115552e-01	1.138518617916068676e+00	1.595047582842218148e+00	-2.975929230615440568e-01	-1.294914400748151229e+00	2.536553066266080680e-01
1.481540264119264760e+00	-4.716886980628314241e-01	4.989580666792410302e-01	2.103268039314324600e+00	5.400559597664988942e-01	-5.413173354132349013e-01	6.112574026496710999e-01	4.914001501604473021e-01
1.303816542623311425e-01	7.388794827825836964e-02	-7.882827644084267060e-01	7.473025835528575023e-01	-7.427155973377163045e-01	3.000085599012747295e+00	1.251293884924117306e+00	3.221713069616149450e-01
5.434866674999190295e-01	-1.227678427599563582e+00	-4.737272817416481319e-01	2.650791806667635253e+00	4.864861274511673717e-01	-3.729644041214953964e-01	-2.431965115054207094e-01	-4.757889926226974708e-01
9.334312292645004228e-02	7.718727290128506446e-01	-7.647017358397916187e-01	9.793584906078511843e-01	-7.470113064302236205e-01	3.108191041008575350e+00	1.061017664487825307e+00	-3.521848440640772404e-01
1.893750144155182502e+00	4.962049061087370760e-01	1.717889748988350451e-01	7.606080768367575740e-01	-1.319198977142314044e-01	-1.036292064807210478e+00	4.257412896920619305e-01	6.254654799467616044e-01
1.901782808005706427e-01	-8.897748854387349526e-01	-1.661535184042908508e-01	1.486673124474331198e+00	1.072655626447986954e+00	3.471460772284843954e-01	-4.537788836048379792e-01	-7.366998682666943132e-01
1.571012041799157322e+00	-5.648520619434389545e-01	4.598452432094846110e-01	2.022183286675773850e+00	5.073888505921537728e-01	-5.272800239488635299e-01	6.325238375644328670e-01	2.355760870965986076e-01
-6.334162569011086985e-02	1.392354758930364478e-01	-6.413203002286501642e-01	5.646571274302997212e-01	-4.339479291140421191e-01	2.895972072184612056e+00	1.057826800880540263e+00	5.208115029424471576e-01
1.293923388596166291e+00	3.340169216659780171e-01	7.153481169918687321e-01	-3.773251793295394618e-01	9.170531214507449125e-01	2.103172971228137178e-01	1.536128138331293302e-01	9.785258687360445795e-02
4.368221212623194516e-01	-1.407302778252240705e+00	-3.838780107864924185e-01	4.578456765494027803e-01	1.149475420797159364e+00	-4.855940481913993967e-01	-1.072768989573420706e+00	-3.338971400980214610e-01
1.642560687465559832e+00	6.182009404541468633e-01	-7.650375022051955076e-01	-9.159986781943633138e-01	-1.330420589922736374e+00	1.815270118682996703e+00	1.112117125287121144e+00	-1.187370373899399256e+00
-2.902607865298475337e-02	-3.492758311575734909e-01	-3.736606621589900201e-01	-8.006350658745635673e-01	1.002335330848481032e+00	-9.637525956539035876e-01	-1.511341931967042918e+00	1.079871640272631383e+00
1.113198517330406256e-01	-1.307171788789165401e-01	-4.164193129773929858e-01	-6.444625496880351800e-01	7.929433183037919441e-01	-7.605815202317418589e-01	-1.365532757706869216e+00	7.367744386188701533e-01
8.705506801864500988e-01	-7.997616411697092698e-01	9.429480322589816055e-01	1.106546409089401939e+00	1.475820140731070484e+00	6.488724266254465300e-01	4.165214171426893097e-01	-2.220562645808885072e-01
3.004001310776171607e+00	1.170620409167210330e+00	-2.445296005202809986e-01	-5.765774010610219547e-01	-1.622072947924529052e+00	4.134452983044966112e-01	1.779082936128630665e+00	-3.784310453261069962e-01
1.704353301405820142e-01	-1.549336016899390545e-01	-4.193081357567148282e-01	-6.859427617476041572e-01	7.788944248897180511e-01	-7.065850621686829980e-01	-1.332415965122303980e+00	6.026186702682578833e-01
5.366456767503152703e-02	3.490401038198321371e-01	-7.124123261692292264e-01	-1.321546507711325313e+00	-6.134103058615935078e-01	1.981214074952126092e+00	9.781557380509773303e-01	1.190562028794868610e+00
3.411535398744460768e-01	-1.314854535696880156e+00	-3.683292509387304792e-01	7.178380190826488816e-01	1.146003394228110928e+00	-3.471353941191607784e-01	-1.013245289423279738e+00	-3.686837730352531262e-01
1.515650201065672498e+00	-9.173940981762338520e-01	-5.303370983918105352e-01	-6.348850192702804041e-01	-4.287066335450037124e-01	7.619991343551680840e-01	2.736850269133693780e-01	-1.201450901547401751e+00
1.416765227529046101e+00	-7.898931050176419832e-01	6.277936757862933037e-01	2.160328206150520014e+00	7.758732163275101623e-01	-2.504597620774918765e-01	7.106640060887983168e-01	1.570743288608588140e-01
5.170774383236086402e-01	-1.308324573630275101e+00	-3.743650565014968734e-01	4.522694322554497992e-01	1.057750768600510316e+00	-4.011649831334182514e-01	-9.641292002576403730e-01	-4.532073928051397749e-01
-7.299546677650581294e-02	-1.350614433370105338e+00	-3.452255789142793518e-01	7.358186516300836422e-01	1.443314630830069945e+00	-4.471066868489541601e-01	-1.301055358463833578e+00	8.617695909108305519e-02
1.798231177380613888e+00	5.419915830893693443e-01	3.624810335548052098e-01	1.756514432657218516e-01	1.441400618161148561e-01	-7.616061512188733174e-01	3.157804331960982758e-01	4.226752725636198638e-01
2.050323898165354208e+00	4.346515334045211731e-01	-5.980124577928823681e-01	-1.432369340499680899e+00	-1.139994927173695771e+00	1.041227126815365667e+00	7.281678015423849182e-01	-1.536415899836113041e+00
1.701910848667349541e-01	7.059593642878454478e-01	-6.114452278977549060e-01	8.170806131601263678e-01	-4.774436887779451300e-01	2.820875390482202150e+00	7.558723209976889734e-01	-9.061151139575480684e-01
1.777307978584954373e+00	1.416171704743064419e+00	3.270632738950691176e-01	-8.752208018144969071e-01	-4.077277119693778484e-01	1.803525253038439358e+00	1.305010403599117019e+00	-9.976354087092231815e-02
-2.998903067630438041e-02	-2.728356864530626646e-01	-3.934340348599419945e-01	-7.228031867844419978e-01	9.437714415314675254e-01	-9.674176817118893545e-01	-1.506830283986809293e+00	1.080921945122127026e+00
2.036697862105568024e+00	-1.999091946955747767e-01	4.948497719311970577e-01	1.151411618855928243e+00	1.476684335478292975e-01	-6.062979080813735155e-01	7.602896552824306431e-01	1.605937080896323588e-01
5.351091102377883990e-01	2.488580980570244683e-01	-1.077028545129768755e+00	1.103385894554938629e+00	-1.142580774156295442e+00	2.572812625300703981e+00	1.042627387239952963e+00	-2.499991252210594095e-01
1.962769404592987765e+00	5.092475682091708311e-01	6.418440045617832546e-01	3.915997936561183002e-01	2.175716544910452077e-01	-7.053435781317710651e-01	6.253222588295185291e-01	6.323268724822427300e-01
2.008575795239718964e+00	9.639358058560356657e-01	-1.117138253234403633e+00	-7.732839148853368760e-01	-1.939020029167029424e+00	9.193585876824859060e-01	1.128834538724540426e+00	-8.626481722366211580e-01
1.555234864346618506e+00	-6.781634177731939994e-01	3.789598775886262039e-01	2.307764847675781272e+00	4.608049417162187744e-01	-5.658875869817271420e-01	6.345058151553112369e-01	1.881593792978419333e-01
1.792973535583010758e+00	4.931057862062011021e-01	4.643748491478633111e-01	3.057477424831331336e-01	2.306522210778397808e-01	-7.098103486694656850e-01	3.950800397782157081e-01	4.987171879873307789e-01
-5.624410889465668584e-01	-1.266146408060039086e+00	-2.618498541060171325e-01	1.106122289493760791e+00	1.705438877676872522e+00	-3.403448215954781864e-01	-1.405979318806038547e+00	5.806124360665692041e-01
1.987976611958532702e+00	-1.128250968025417550e-01	4.562997289017977076e-01	-3.644905360710663511e-01	4.780380647250703774e-01	-1.136559553308613468e+00	-8.158157605424010139e-02	7.423835458066305737e-01
4.295624309762269277e-01	9.345256452351544674e-01	-1.007132664503202157e+00	8.380608466011534308e-01	-9.818890584875702432e-01	2.348679855632684443e+00	7.279976644327771362e-01	-2.612190659356681405e-02
9.771793439331851738e-01	-5.324962828161245998e-01	-4.342604572467305690e-01	-1.121620149980396164e+00	5.763811289984562825e-01	-8.277421978598231700e-01	-1.127768942057721713e+00	-1.511939464824613444e-01
-6.782807679473902285e-01	-9.435299761147072362e-01	-2.348714895098465982e-01	1.155497042703464983e+00	1.655172480527786094e+00	-1.762028589140975099e-01	-1.364823208852460557e+00	6.691378972845507533e-01
1.122933209063229798e+00	-4.921121621438544480e-01	1.063566018248614853e+00	6.446357282330950067e-01	1.330639693836226378e+00	5.904738773047732980e-01	5.619008408422618839e-01	-9.222119529138796123e-02
7.443397510088638480e-01	-9.052645307209444825e-01	-6.131043348476051813e-01	2.347739233207858156e+00	1.398122845926824398e-01	-6.290492304449972760e-01	-2.792111278716045142e-01	-3.872556396349089436e-01
3.862372172191693709e-01	7.908177683799966218e-01	-1.060440509069816351e+00	8.712814891248876759e-01	-1.030700555067823654e+00	2.330829307445826615e+00	7.857264972801031311e-01	2.658911967313378755e-01
1.492295198197393091e+00	-6.660017372427663451e-01	2.982982037645568463e-01	2.155855861624553338e+00	4.520375453887544581e-01	-5.319961809387001583e-01	5.468181509420104724e-01	1.182593073724964028e-01
-1.010645212886294303e-01	-1.958018004492649219e-02	-3.649472990846526765e-01	-5.719690862632698103e-01	8.964054725074702690e-01	-7.220409036428934169e-01	-1.380295450684878578e+00	9.943557451842683914e-01
1.542509609275580118e+00	-8.178387447613248984e-01	-5.370034053709570321e-01	-6.525419744136800038e-01	-4.194811616743829297e-01	6.372303097122447024e-01	1.451656618722089731e-01	-1.272534004563903087e+00
1.353616326702298478e+00	-4.531140077600986360e-01	-7.134036087317678909e-01	-1.468459199297540985e-01	-1.275225394191346617e-01	-1.687010880366217158e+00	-9.628069675085129120e-01	4.779083684530321952e-01
1.424658289175323445e-02	-1.220268293173795704e-01	-4.012147970969238142e-01	-6.185806280779572175e-01	8.541578651303984859e-01	-7.646643565211694860e-01	-1.397651016223767417e+00	8.462766204081693111e-01
1.400180840928970882e+00	-7.306563780475179293e-01	-4.737298206606795903e-01	-1.095006066724900196e+00	1.042244775833636172e-01	-4.484223945477706641e-01	-7.036761074999807741e-01	-6.592358007564996791e-01
1.106891558811415432e+00	9.725595550571812797e-01	1.307166457151019978e-01	1.252741777068625550e+00	-5.552203729939495513e-01	2.815224751375631218e+00	1.879102352729182579e+00	9.176993408186489010e-01
1.080788390267838794e+00	7.335181743860030856e-01	6.717358680145484318e-01	-1.077210508513933851e+00	2.948496230312678268e-01	1.972166652965956946e+00	1.378489452129573190e+00	9.433408966077230229e-01
8.824327237658404766e-01	-6.684207259408587731e-01	8.045019583285872855e-01	9.098885716378698474e-01	1.357391278014243419e+00	5.699981638289675079e-01	3.097979057724352669e-01	-2.560745778637943948e-01
8.772527581494555804e-01	-3.275422581019495349e-01	-4.470280423607553844e-01	-8.564608375015547725e-01	4.569907768372328816e-01	-5.646638888100924403e-01	-9.747950869223708237e-01	-2.622437770430292026e-01
1.227681861616133352e+00	2.537394924052047140e-01	-7.278411742279982111e-01	4.844852367071539323e-01	-4.186413324732341512e-01	-1.101459234851570379e+00	-4.333282376908941802e-01	-2.432099993225048107e-02
-4.659088857699563713e-01	-1.147649714004477906e+00	-2.688029732110616132e-01	9.646288557417782572e-01	1.625293480651310407e+00	-3.181464214455638206e-01	-1.387761026292283928e+00	5.106075622221729615e-01
2.823959202690344839e-01	6.344752421280250854e-01	-7.958529192932447538e-01	-1.793546744710988294e+00	-8.240750997206398587e-01	1.166723448063625046e+00	6.577543952082998135e-01	1.039843316798247264e+00
1.601311765496469253e-01	3.365083734084528544e-01	-7.595493204149610378e-01	7.314169771306402446e-01	-6.150272273633905495e-01	2.812836196046808457e+00	9.138838796225660088e-01	-2.261056699390123492e-01
2.900848551842007961e-01	-7.550937468668278418e-01	-2.347209353993262582e-01	1.224280127317670441e+00	9.161017863047383747e-01	2.760009051982792450e-01	-4.846716055437726989e-01	-7.269090638370258040e-01
-9.989884040365851203e-02	5.712524782025831804e-01	-6.759074030116667409e-01	1.074341445750377266e+00	-6.720635301674293682e-01	3.452737962838677621e+00	1.330178396291224807e+00	3.031092500925031130e-02
9.686497113981764606e-01	-5.053665967374036949e-01	8.299770260105139297e-01	6.333381133159393661e-01	1.288381604724504026e+00	5.469985965404616790e-01	3.290878792432264666e-01	-2.075609332819318142e-01
8.314448929117517206e-01	-3.976684023470775098e-01	-4.442396061988156952e-01	-9.860527606974025527e-01	5.563241112283218159e-01	-7.142716457238290628e-01	-1.111229146640019261e+00	-1.124685961335553791e-01
-3.027122547781986861e-01	-1.038455757843198102e+00	-3.307253203334709069e-01	8.155555676566587087e-01	1.425761605952158506e+00	-2.688102519313284589e-01	-1.285920391002414176e+00	3.281480078235587405e-01
1.225735113037628832e+00	-7.074239531975466955e-01	3.261832735298411667e-01	1.876332163212709236e+00	7.130278279078915427e-01	-3.015595665431638484e-01	3.490798257540130844e-01	-2.611985437023455967e-02
1.394218360641540588e+00	-8.095531373955441312e-01	4.012712389930541690e-01	2.360961669484063385e+00	6.131680369259747687e-01	-4.053422775128270872e-01	6.007632130694483541e-01	9.551065680883577547e-02
1.781824818452923065e+00	-4.068383496694634172e-01	-7.758243947711840338e-01	-1.488840795365936887e-01	-6.812966823323649557e-01	-6.789187278702881745e-01	-1.889260806321423070e-01	-7.463352822918634111e-01
1.752249477635575481e+00	4.815255042394825380e-01	6.779910222525762364e-01	1.215126059021779531e-01	4.772973923529209017e-01	-4.357133841703108579e-01	4.476821448668996117e-01	4.469524333941906624e-01
1.196351004349953395e-02	-2.165832455230077558e-01	-3.930094280896982983e-01	-7.112579781235484067e-01	9.132135895308869378e-01	-8.958014009553996182e-01	-1.471247590943559391e+00	9.642342475145391223e-01
-2.197522210802715231e-02	7.704031920192546679e-01	-3.817379886923408239e-01	-2.127130506696712331e+00	-1.876040088532968664e-01	1.771363168456171033e+00	7.479186850269931019e-01	8.626675319114893714e-01
-4.218499553491624199e-01	-1.166388507311997280e+00	-3.401540605773925030e-01	5.461380688249062310e-01	1.542013743272361292e+00	-5.023497416104476532e-01	-1.486419234885801188e+00	6.650079796138474997e-01
1.397514977078208487e+00	3.680937494125247622e-01	8.871431619466482177e-01	-3.638909537738084232e-01	9.803129338768905576e-01	2.069449574188204632e-01	2.818390755029187567e-01	2.114697475539845106e-01
1.265070963621581557e+00	-8.862538941866225928e-01	6.136387103018058342e-01	1.921361375193389343e+00	9.152359593521903758e-01	-5.984850816913200172e-02	6.014247990035183067e-01	1.911615848582537414e-02
6.643466337576495739e-01	-9.711223512950658554e-01	-5.588159005216989383e-01	2.298619031949942659e+00	2.743270650829446877e-01	-5.182504567918531091e-01	-2.909532550049179211e-01	-4.302341569514039343e-01
-2.440664686400008110e-01	5.743721454471878429e-02	-3.669873456169298609e-01	-3.108287457132213327e-01	8.533483050272144821e-01	-5.281340744202505100e-01	-1.275065690699564547e+00	1.065157657613468256e+00
-1.387778030063049201e-02	1.130712088816682170e+00	-7.318827497270572469e-01	6.788723397137852444e-01	-6.357132729679461081e-01	2.833564245851356578e+00	8.815918671022446862e-01	2.710569689592294829e-01
1.088121170256644454e+00	-7.422584584602552882e-01	1.157559401509697716e+00	9.982543906204031092e-01	1.467171437634879450e+00	6.450617645511141918e-01	6.468913329583136917e-01	-1.211008382766689401e-01
1.322526191863341749e+00	-7.973519716264900747e-01	-5.715401232643847473e-01	-5.771972104295844952e-01	-3.201906902378713893e-01	5.955722833412357975e-01	1.482322230128768625e-02	-1.038635079325268773e+00
-3.153493227614086458e-01	-1.495093640362004317e+00	-3.784764164357038441e-01	8.251158598938543864e-01	1.488121175541662566e+00	-4.701154426609746584e-01	-1.358626437928641462e+00	5.192028270015134339e-01
1.448663946983330009e+00	-4.913391247599626643e-01	4.196431661792701107e-01	1.691742773430975122e+00	5.894781952499105193e-01	-4.252135429971748981e-01	4.711527301897814324e-01	1.364971073856037498e-01
-4.582403570727745512e-01	-1.281751424860259947e+00	-2.629925228124517234e-01	1.312630123477217969e+00	1.669887343953600167e+00	-2.517559800318387997e-01	-1.319535111769475577e+00	3.251567147886076925e-01
3.486656235663647130e-01	-1.113320501691777986e+00	8.132227794790261033e-01	7.415726676869944800e-01	2.009274451698304986e+00	-1.689183293544897213e-01	-5.418341817241631997e-01	1.021299150946268997e+00
1.851670149351908323e+00	5.260467710003180475e-01	3.038710537966373137e-01	5.676645527580304051e-01	9.239511194653458881e-03	-9.238723348045597694e-01	4.001507508743480379e-01	5.679009400466425994e-01
2.054457875740861805e+00	5.161196766084519272e-01	5.630726710147183622e-01	7.536670941882095409e-01	8.091998238259859311e-03	-9.389778119361352759e-01	7.279758822806781104e-01	8.001158203062661567e-01
2.093042194975357206e-02	8.394700886066852608e-01	-7.716285134100957510e-01	8.492012920379897745e-01	-6.924196567469678154e-01	2.971408917694018825e+00	9.840520233138281281e-01	6.779457758229981423e-02
6.326420675582662412e-01	2.514176657384061264e-01	-3.734076190381547811e-01	-3.408013720131611857e-01	3.374904482260253080e-01	2.486116930889580023e-02	-6.321003991654037257e-01	-5.633249992471767165e-01
5.996702803813552807e-01	-1.091459887048137567e+00	-5.953501719029083983e-01	2.644779142825314899e+00	2.537690249316487678e-01	-4.910480099990042757e-01	-2.474827998257615180e-01	-3.917367878441917473e-01
2.743599430014149743e-01	-7.737152195505890839e-01	-2.401114877874716003e-01	1.289805142817738837e+00	9.247073482437394576e-01	2.796834786519126204e-01	-4.898275861223757577e-01	-7.327550209089614963e-01
-1.754579095688715840e-01	-1.092182684239302093e+00	-3.956032186351275404e-01	5.840761295197147845e-02	1.361478691857768597e+00	-7.068079737129908668e-01	-1.522885028007026520e+00	6.553472512115754434e-01
2.073403835792042571e-01	3.909186723852147161e-01	-9.452802899541072890e-01	9.580265304595620979e-01	-9.674404025017535602e-01	2.885978195112340217e+00	1.198705899307251910e+00	4.118369794200932299e-01
-1.699297599337075693e-01	-1.227421144712948164e+00	-3.362648130399935598e-01	6.088438036000695108e-01	1.461329577047765893e+00	-4.800193920488455279e-01	-1.390116742616156698e+00	3.097528659075861057e-01
7.402723785017911728e-02	8.383163388179448727e-01	-4.095441274827474887e-01	-6.790145865656255220e-01	-2.147220821790749856e-01	2.598279591263134680e+00	8.159832260279019644e-01	1.064015074307412545e-01
7.437153164286746110e-01	-2.157905744083171706e-01	-4.330554069626643132e-01	-7.894621810515313198e-01	4.976225669704917864e-01	-5.309267639751727996e-01	-1.003301594305256339e+00	-1.495539308060107597e-01
-6.226391291451700560e-01	-1.087918281211083471e+00	-2.603561011206352860e-01	1.082215325113880189e+00	1.667356418630209447e+00	-2.712938454239798847e-01	-1.396215764727972930e+00	6.615285470735925433e-01
-2.336972802449143460e-01	-1.418448736873905602e+00	-3.560717942310119843e-01	7.688545945751279476e-01	1.520609213196409071e+00	-4.783309211044922127e-01	-1.387674318201765677e+00	3.230000878946974741e-01
1.698979237284634902e-01	-1.071015448089206679e+00	-1.554787749229958882e-01	1.819084793158048274e+00	1.124865419402429012e+00	3.217448588128893339e-01	-4.207633466972300895e-01	-7.530430099781700859e-01
1.462509689373957089e+00	-5.635868702027908572e-01	3.604144408351004358e-01	2.071565351548101397e+00	4.993224668109422781e-01	-5.430965386239318127e-01	5.245987734295515237e-01	2.446866140617934282e-01
1.826425857221047888e+00	5.263308294214523730e-01	4.861838193685243947e-01	3.653884432831500106e-01	2.001215431088134433e-01	-7.340559581967601721e-01	4.431094690960183380e-01	5.733175724394392603e-01
1.460442842453052448e+00	-7.074912389402073787e-01	6.360837020868702618e-01	2.096294023564623910e+00	7.410770239317419072e-01	-2.651010023125721093e-01	7.241419617818818377e-01	1.631079612926263911e-01
1.692768038106205353e+00	5.240844811686353744e-01	2.994953487989210350e-02	5.764920810893998659e-01	-7.470384426500971398e-02	-9.346496058181286148e-01	1.635831334955074046e-01	4.451669073573351620e-01
-4.815102726762464092e-01	-1.119284103286174892e+00	-2.810589176012888157e-01	1.132598524997090461e+00	1.608744759138200919e+00	-2.452555634871706747e-01	-1.346520055872194588e+00	4.229944283834491947e-01
8.661927244742801957e-01	-7.863330396881130779e-01	-1.451434014920067461e-01	4.227912602726133784e-01	7.263840828266875382e-01	1.030275947611532794e-01	-4.177861419061721371e-01	-9.407429718706356025e-01
9.818052206188454534e-01	4.603495480277400298e-02	-3.611235670062960534e-01	-5.275736828574936199e-01	1.445594479067092153e-01	1.008371982083153678e-01	-4.727693336686291659e-01	-8.506201761093213909e-01
3.211019028961454858e-01	6.842712347744643875e-01	-5.843609768977267027e-01	-2.313573985840109870e+00	-5.390216887000008894e-01	1.012325231526707725e+00	5.636351053704202752e-01	7.672644386041256315e-01
6.176012665138592705e-01	1.680060957307636382e-01	-3.806238457205999848e-01	-3.958155280731252557e-01	3.757554526474862211e-01	-5.530749198519111648e-02	-6.773956595979481188e-01	-4.600061287534993326e-01
-4.687355082485998858e-01	-1.369428832900559057e+00	-3.136865274197700448e-01	8.580160724053987886e-01	1.636665066456655548e+00	-4.559239770923063095e-01	-1.441331936855589468e+00	6.113021275545525990e-01
5.211138310370690974e-01	-1.121997946392095269e+00	-4.726551848952011414e-01	2.422608085183751037e+00	5.034343547653156170e-01	-3.147971467632478260e-01	-2.935973202983687136e-01	-5.055485762028907315e-01
1.176942834323090770e+00	-9.081927285079620660e-01	1.551065317973772117e-01	2.397523523676053703e+00	6.134630451250661087e-01	-4.087541233905840898e-01	3.202173113101488555e-01	-2.934971125449507834e-02
3.649463860925819536e-01	7.511559422321349988e-01	-7.127247065885023991e-01	-1.536339274319319603e+00	-6.256034967296878468e-01	1.193932953807854469e+00	5.312435109833401059e-01	1.020437115441366283e+00
1.546805522118196663e+00	3.844170082277574840e-01	1.050557194925238136e+00	-3.244363469922665888e-01	1.002519310573313005e+00	2.339200946881384580e-01	4.640737706846762567e-01	2.640713290941275049e-01
-4.586783839699488108e-01	-1.359785524040250992e+00	-3.083697922423184190e-01	6.863831378066364008e-01	1.678432519918878318e+00	-5.020638674258181000e-01	-1.513040167737105257e+00	5.986677377822824386e-01
-8.381858476095653820e-01	-1.131881650389829685e+00	-2.147930506824705932e-01	9.747948425166965691e-01	1.806408059532879973e+00	-3.789270663582630094e-01	-1.498667910162485573e+00	1.094530053750840670e+00
1.474511955004841113e+00	-7.560575013587145232e-01	4.693651085905206077e-01	2.231670716815573385e+00	6.188634802277467317e-01	-4.446061797604428656e-01	6.237539778920905276e-01	2.056094071598776607e-01
1.377011295783284295e+00	3.366917364978837535e-01	8.272210951649803246e-01	-3.756754002389142699e-01	9.549253423478152314e-01	1.992942452926808050e-01	2.485283585235934511e-01	1.817836508340726631e-01
2.364539124187099439e-01	-8.873806369650903969e-01	-2.173147914644464052e-01	1.531750881226091598e+00	9.910712327306043790e-01	3.104421519203441893e-01	-4.657946038768970842e-01	-7.792846624932906474e-01
1.748306455484120780e+00	5.141318946828190573e-01	4.678839669874521601e-01	2.690522904985983565e-01	2.707626710416161653e-01	-6.378511960727349939e-01	3.691009429388631968e-01	4.408662123825488055e-01
1.413094838235855466e+00	-6.003985455110856240e-01	4.256161571193068927e-01	1.836659404308337962e+00	6.315974383152638261e-01	-3.881558069555152701e-01	4.963043916463151239e-01	9.704557351056758430e-02
1.130520614063293294e+00	-8.235590834620214462e-01	1.808115905052073424e-01	2.146708543902966504e+00	6.719761708700788816e-01	-2.844010705128654504e-01	2.860005819342413824e-01	-1.066250108008772873e-01
1.861520295909172562e+00	5.397210746580116680e-01	2.795961641253528196e-01	5.702519922140784070e-01	-2.052920757918010389e-02	-9.686459596466976407e-01	3.947174593735198744e-01	5.830210036346223923e-01
-4.402977172362806391e-01	-1.241508898146515882e+00	-3.257693010158137503e-01	6.446454818954467925e-01	1.583054350800851884e+00	-4.822075569718896060e-01	-1.461052654147576790e+00	5.979095096728762604e-01
7.830209598065943633e-01	-9.079260751996446333e-01	8.433336268170772421e-01	1.368429080699921307e+00	1.483652856630488515e+00	6.282895703730227988e-01	3.533329866983851986e-01	-3.047378930628721339e-01
1.185426300627856477e+00	-5.326045984150060697e-01	-4.063706508102708503e-01	-1.189017809869779452e+00	4.727883933850129949e-01	-8.498316631888369610e-01	-1.073422625491546656e+00	-3.745938415251091058e-01
2.798369452267160939e-01	-7.527402438471975099e-01	-2.354792565293874762e-01	1.205719079265530347e+00	9.234041872112775939e-01	2.706710285827774176e-01	-4.905679042670388901e-01	-7.194497676656348428e-01
2.972254328817833358e+00	1.504564350748320845e+00	3.877841084732012999e-02	-8.542400514084468321e-01	-1.399452990190640289e+00	7.136309178655515506e-01	1.819860177373133103e+00	-5.735910813665291430e-01
1.296763214814109944e+00	-7.922461369131786890e-01	-7.352272199070627456e-01	-2.783615679841707213e-01	-5.200819264427171129e-01	4.485421531390365590e-01	1.005192206867497051e-01	-8.095798780647643911e-01
1.380043354306881964e+00	3.992693326787720431e-02	-4.933289086211781194e-01	-3.552095089509669235e-01	-1.746550488823636060e-01	-5.793650182644881630e-01	-4.912880615140780005e-01	-7.358885888301179845e-01
1.009385072833104635e+00	-5.921329791693488165e-01	9.807846064913385842e-01	8.050234139707675984e-01	1.373418924365708005e+00	5.905351697317732240e-01	4.741141030415643165e-01	-1.417711974453745583e-01
1.697481955385981456e+00	8.505197558627344279e-01	-7.113672258577292684e-01	-1.491186405409741011e+00	-1.233847774553112897e+00	1.397539130506534777e+00	8.517045355593181322e-01	-1.242313951425520813e+00
1.927798757555662545e+00	4.148675148743871111e-01	4.866541981956847840e-01	1.844113429407664706e-01	1.996305588695219679e-01	-7.747866739315358853e-01	4.063811620895879106e-01	4.714603065738214860e-01
1.076909185015312520e+00	-1.042110597522185822e+00	5.116047833648107446e-01	2.227242786247151773e+00	9.804125945940753706e-01	2.066459578313270540e-02	5.125146200798835761e-01	-1.377859733303785639e-01
7.821721030400100583e-01	-8.348925039162023998e-01	-2.491767338902742268e-01	3.989383240936026365e-01	6.960720496184753525e-01	5.071498377714411809e-02	-5.254136224311142245e-01	-9.799700450111501482e-01
6.801435022836767041e-01	-1.065991195795364277e+00	-5.905615281848211051e-01	2.622548016565135587e+00	2.136242346464156117e-01	-6.145984546757163880e-01	-2.352652267201521818e-01	-3.490476518973709141e-01
2.690912306764947637e-01	7.872362619450323784e-01	-9.812296954353209033e-01	7.947247751353906375e-01	-9.136357610854396460e-01	2.459706498723243318e+00	8.146620213989529402e-01	3.096321524503631295e-01
4.676514411521853765e-02	1.046611907803893127e+00	-4.736831617433744368e-01	-2.289191399899580759e+00	-4.037280925404186371e-01	1.483392392284105910e+00	7.318639763777482488e-01	1.128112287811796621e+00
1.132352549776725947e+00	4.141023297149448723e-01	-7.286553963471776862e-01	6.068262451607998598e-01	-4.394832942171509327e-01	-9.687850194798357517e-01	-3.632255375707550415e-01	-3.824644432337477584e-02
2.063693544676554470e-01	6.735690486564525070e-01	-9.834892978508391614e-01	9.460574895824351849e-01	-9.945603918633166840e-01	2.718662028184293256e+00	1.065299033991335520e+00	5.528895598700983571e-01
6.414700044996872741e-01	-1.155170672404564503e+00	-5.950913990471653481e-01	2.618742023161323207e+00	2.396942364026167782e-01	-5.134956729260834463e-01	-2.127238726947854319e-01	-3.727673377613119343e-01
2.857153240052661136e-01	2.873645040476569545e-01	-8.679024199129179440e-01	8.017170494167046302e-01	-7.552943288915946463e-01	2.649313031603554691e+00	8.872505605603222545e-01	-1.938640380152601983e-01
1.519077451793904521e+00	-5.998973968824850012e-01	6.772501657958193144e-01	9.696746117666544817e-01	9.831160150614564053e-01	-8.631459916317061332e-01	-4.589983554754571704e-02	1.053568405729760071e+00
1.833733332128899107e+00	5.308902378663296062e-01	4.253731410708289085e-01	3.738226836578357748e-01	1.396507225920427531e-01	-7.914069316622224237e-01	4.209731873460232920e-01	5.424765323494846747e-01
1.848898418711874436e+00	5.589867393473400004e-01	2.848817495528944144e-01	6.387277369211593614e-01	-2.002044835580486098e-02	-9.612178425685710126e-01	3.900505843829843444e-01	6.050138126563275875e-01
1.951408586989180904e-01	-1.102275635779441210e+00	-1.641813892690403565e-01	1.826203715551575346e+00	1.098505369713623114e+00	3.364232414922137537e-01	-3.991618609335922385e-01	-7.613400085274993900e-01
-1.758979005668906970e-01	-1.460772974804644964e+00	-3.632140303397665138e-01	5.860003458341978000e-01	1.523923596827430949e+00	-6.175520241364628182e-01	-1.448811890060517360e+00	3.948908332784958897e-01
1.813533251834706927e+00	5.455675807861659621e-01	3.530136324955170379e-01	4.162106411961082886e-01	9.897001536437385893e-02	-7.839296161332661717e-01	3.700775979863183962e-01	4.509045417004342027e-01
1.824834337003824025e+00	4.691252651094667825e-01	4.000855912157623706e-01	3.582190843282501147e-01	1.520550292845408435e-01	-8.274959419904336366e-01	3.739055798627914373e-01	5.419332791786791725e-01
7.111605604901745092e-01	-8.761486918954584091e-01	-5.840129698936525893e-01	2.165143536956612991e+00	2.035184093947126072e-01	-5.719147930375502176e-01	-3.081300756901340643e-01	-4.092651648981580070e-01
1.001511896206034757e+00	-5.768488100106536898e-01	8.636667564171469635e-01	6.627508380119432330e-01	1.295862697323408197e+00	5.715550024039056654e-01	3.940028649875829125e-01	-2.012673616925079734e-01
6.617126455807591234e-02	4.702454305929865686e-01	-8.339742163558210297e-01	7.484597533916419465e-01	-7.281739382453592535e-01	2.769820886435988783e+00	1.022046972428685585e+00	5.766194749598982927e-01
9.240796289227831695e-01	2.927732881691363365e-01	2.333726114036410171e-01	-3.213400350676532957e-01	6.954130611655497951e-01	3.071361885813252424e-01	-1.735246359973303953e-01	-5.108970733771980161e-02
1.981423654942514878e-01	6.734120695255274569e-01	-9.634049539141033014e-01	1.049241470449717717e+00	-1.005847863641348816e+00	2.908293805965065815e+00	1.138575516876717764e+00	2.599060036601180679e-01
1.857763591296184735e+00	5.045965827287608452e-01	5.983518142136290408e-01	3.553540187506745163e-01	2.749509620146385891e-01	-6.803894582155324278e-01	5.174237925324473020e-01	6.001315988759940989e-01
1.153773061166137870e+00	4.104358614612347855e-01	-7.325421310453447132e-01	6.277775019616266272e-01	-4.563364467926778190e-01	-1.001825945553412200e+00	-3.581706875430845649e-01	-3.060766192094814542e-02
3.057518303004793658e-01	-3.791773381426898348e-01	-4.352194194723671417e-01	-9.343914777846656916e-01	8.350286784657969807e-01	-9.502795379334623149e-01	-1.444721960015650231e+00	6.634576479820104566e-01
1.360927942197305951e+00	-9.778906281896214692e-01	7.158605821404628866e-01	2.437789947818330027e+00	8.791741982109226861e-01	-1.437445245318087483e-01	8.266540773614889925e-01	1.455927215803892727e-01
3.211681812813445003e-01	6.161331290691345330e-01	-9.574824666555050712e-01	1.155747790210304826e+00	-1.036842248780027731e+00	2.941576840522726055e+00	1.115951581177326846e+00	-3.251793069271824987e-01
-1.990587141826032358e-01	-1.537864307223713256e+00	-3.040653590078535862e-01	9.941359825981079812e-01	1.604261838184754652e+00	-4.642129114143979662e-01	-1.334984932045352846e+00	1.733049710717830261e-01
1.496544391461438694e+00	-8.245152640095018137e-01	-5.007608335780210362e-01	-6.467238410301637819e-01	-3.806431426805645390e-01	7.727141276912332657e-01	2.142508824296355252e-01	-1.278891412039746545e+00
-1.074279073888845026e+00	-8.201611646786697296e-01	-1.506075253468502351e-01	1.452423758448139868e+00	1.748506986147092768e+00	-5.135745004113315137e-02	-1.299808644869241192e+00	1.321440686609794302e+00
1.870947159568238372e-01	-4.521852297461150805e-01	-4.250221485075073580e-01	-9.208436129508154044e-01	9.098620017144135597e-01	-1.067528886160940438e+00	-1.525027141652696594e+00	8.958786570445789188e-01
-3.912188716959471568e-01	-1.019803439826102442e+00	-3.276050872900023170e-01	7.279273071240853765e-01	1.490329377952352985e+00	-3.373180054592229138e-01	-1.382817529405938384e+00	4.809140925377873854e-01
5.641360778355878347e-01	-2.482372455465690630e-01	-4.356594243518659981e-01	-8.317417311564054838e-01	6.229044204494914583e-01	-6.423392096201698820e-01	-1.165245117164584787e+00	1.131896087378390925e-01
1.730306724756115688e+00	-3.564929328866621727e-01	5.665861581597523289e-01	1.816179456810766757e+00	4.271526602886958623e-01	-6.068518919191937533e-01	7.513741815856069817e-01	3.789515944868805386e-01
8.019764172269308045e-01	-6.505696582625908331e-01	-6.396987736456640761e-01	1.965192465554802093e+00	4.745824634040268775e-02	-7.009145004460776152e-01	-3.498387358940932002e-01	-2.769449844950226391e-01
1.257808775057214223e+00	4.022417567306098563e-01	-7.619123635279292373e-01	7.197121511612352140e-01	-5.487943378013148132e-01	-1.129262803234619694e+00	-3.095345303162178041e-01	4.903531560421681146e-02
7.737774860074898564e-01	2.409355169013225328e-01	-3.122101917001693927e-01	-4.213708523987519383e-01	3.381874446068859341e-01	-4.725271562586969704e-03	-5.897515294757290638e-01	-6.378498784094485119e-01
1.231469577088674994e+00	-7.716231404061905108e-01	-4.777314725089874536e-01	1.383593401181866522e-01	1.936532811615199190e-01	-5.530894854282804030e-01	-5.865046892740929385e-01	-7.736509621791310964e-01
1.201996855435712330e+00	4.549680709029501613e-01	-7.447878663541244171e-01	6.479298637412114203e-01	-5.089012987309837754e-01	-1.065194485027475046e+00	-3.328775718491205349e-01	-1.291722732604206605e-03
-4.119980461234268310e-01	-1.245609718518058573e+00	-3.133365580890802304e-01	7.679726774461224093e-01	1.592970435356172221e+00	-4.376224363089544211e-01	-1.432994774620559131e+00	5.546563129157520144e-01
-1.202296691462578782e-01	8.167577744725149635e-01	-5.318363919198391132e-01	4.412574427911479802e-01	-3.528375195931797159e-01	3.009601300540847291e+00	9.511606514223774900e-01	2.197863531134042758e-01
1.623354613848225547e+00	-9.611833076864613190e-01	6.083664860922065598e-01	2.013296506825899446e+00	7.704531659453720538e-01	-6.186260188103310798e-01	5.451837291567538379e-01	4.295806044690240189e-01
7.094875270306606474e-01	-1.434917877721358259e+00	-3.905057896631258796e-01	1.125019798802737170e-02	1.046578232593615487e+00	-6.216174827086372590e-01	-1.049851098702339280e+00	-4.434028227998209615e-01
1.971792131561631356e+00	5.399279318204632805e-01	4.855973135304517685e-01	6.443323905731526136e-01	3.836016254124315072e-02	-8.737135267102049685e-01	6.041940772363895151e-01	6.854175134497987321e-01
-3.000793403226996170e-01	-1.052173772617191139e+00	-3.452129271434977165e-01	4.099835175036279367e-01	1.442576613125365004e+00	-4.249549171874771880e-01	-1.396852464413915973e+00	4.750572674800280226e-01
1.682253435628687788e+00	1.942121603144471575e-01	2.741615137813041003e-01	-9.872352950902245350e-02	3.580433233152418016e-01	-1.382052217212418554e+00	-2.634536972172318858e-01	1.288397740146565384e+00
1.481140794837631169e+00	-7.682404358945886802e-01	6.601963799337863259e-01	2.160461530534614205e+00	7.516272270119421783e-01	-2.538030279058222649e-01	7.585776915841643264e-01	1.479488805500273063e-01
1.275732154503324667e+00	-6.502487904756333315e-01	4.914066962222037038e-02	2.073893620394266168e+00	4.360796361257561760e-01	-5.282186867302921529e-01	2.478479527875383226e-01	-6.309703932824040074e-02
1.292985865664823653e+00	-7.100703151013875170e-01	4.878404716232829230e-01	1.893813718212172370e+00	7.845455553063971355e-01	-2.183141771077333759e-01	4.885900627114339034e-01	5.213341410566324496e-02
1.633624868038201061e+00	1.001470391494684087e+00	-7.359032947160794036e-01	-1.055644770707369728e+00	-1.365271943302378999e+00	1.902857100080272978e+00	1.145776364243934919e+00	-1.217838708690821337e+00
1.224392505682893262e+00	-8.808004146558424674e-01	5.925412748699273591e-01	2.100727206250960322e+00	9.116133499560440390e-01	-9.091830771834177871e-02	6.032356922870969473e-01	5.528488485699700750e-03
1.732249562072177618e+00	-9.206313209281277166e-01	-5.211046671015352461e-01	-7.226147058202379014e-01	-5.023821460858950427e-01	6.192518936236921512e-01	2.442261961083379285e-01	-1.418357726527993856e+00
1.477952465568935780e+00	-7.695400855947965857e-01	7.463093122002449897e-01	2.112004752114686745e+00	8.154650408732780908e-01	-2.087153527160792721e-01	8.071487830892254411e-01	2.092378051499949876e-01
1.078379029257837241e+00	-4.012233420415334817e-01	-4.536242876797723089e-01	-1.131009628644403797e+00	4.199296920897219731e-01	-8.455037118854279443e-01	-1.062006967121898793e+00	-2.325898112378811944e-01
2.347842467827363500e+00	-5.743625494399164921e-01	-2.975174607637051105e-01	-4.521891755169170357e-02	-7.065072529492174569e-01	-2.259823334611228141e-01	7.373501802010751227e-01	-5.544529372582589488e-01
1.982625811365672508e+00	5.022424699647705104e-01	6.728877067501416454e-01	5.190575190626710578e-01	1.991609979092244798e-01	-7.587236213081228753e-01	6.901451677152331543e-01	7.046808669446124052e-01
-1.661713810900992266e-02	1.005349237382294980e+00	-6.867844672022740404e-01	8.706315096878367576e-01	-5.868713642083512871e-01	3.015571894548065401e+00	8.997894547335574256e-01	-2.297553756725231600e-01
9.733878329385501349e-01	-7.214365964728055580e-01	1.081414441319256570e+00	1.025242312413170209e+00	1.484370525019235165e+00	6.623458927012199071e-01	5.573317258419931974e-01	-1.379657017118479656e-01
1.682766109704060709e+00	4.712892253104796203e-01	1.626360679394984743e-01	4.233796339932042185e-01	4.848056624783693425e-02	-8.218728883169248434e-01	2.048594021899326489e-01	3.818331965821858964e-01
1.827104474881089624e+00	5.240501826084036363e-01	5.008099845079161394e-01	2.691791110472371296e-01	2.303066298625456865e-01	-7.118896756034416295e-01	4.334203855436137287e-01	5.140451923587721073e-01
-3.329968019688031022e-01	-1.408962023826978882e+00	-3.551823241012277421e-01	7.915648880581703795e-01	1.519571655006352051e+00	-4.311331869414711249e-01	-1.370468902381838827e+00	4.864870900955753363e-01
1.279323567048323174e+00	4.175527152695429622e-01	-7.818775767965594481e-01	-8.594086145693695389e-02	-9.870492643271726596e-01	1.841886437824909351e+00	7.441289181249909346e-01	-1.010638692044095954e+00
3.105639118732222981e-01	-3.892168200668738032e-01	-4.394221316103786301e-01	-9.015784386034886300e-01	8.322067774375395688e-01	-9.387037203354603454e-01	-1.443110972643170342e+00	6.474623027729597968e-01
1.123584203848734475e+00	-7.089298908361819640e-01	1.298605098021959670e+00	1.081764726568680501e+00	1.506166095506137559e+00	6.812776541809486552e-01	7.928447970456554694e-01	1.764465848697605033e-03
8.632912972351063363e-01	-7.873507915967785653e-01	8.650646023398630424e-01	1.181382417753181091e+00	1.423335931158130840e+00	6.213860093661154327e-01	3.789312241870227416e-01	-2.612645209842686667e-01
9.186163875426194281e-01	-4.169894269780687890e-01	-4.359423834604185255e-01	-9.724156500587388674e-01	5.192676488030240067e-01	-6.903766098280236241e-01	-1.045447707877571464e+00	-2.182901338645820699e-01
8.343740952280603862e-01	-1.067892598277843774e+00	-6.266752240722880396e-01	2.297320105470173068e+00	1.693432975275122598e-01	-8.337454595046882577e-01	-3.567226720920568805e-01	-2.490517709182045736e-01
1.477857164268488788e+00	-5.977303121082088166e-01	5.604320134338940385e-01	1.932235419414774613e+00	6.721863038635491616e-01	-3.175609187861742067e-01	6.365007688677279951e-01	1.254907863429357007e-01
-8.368142280657621390e-02	-2.327207702948226598e-01	-3.863997743456306089e-01	-6.632497834923308799e-01	9.466166868711842763e-01	-9.292806385978245043e-01	-1.491173467367596928e+00	1.133345428838814284e+00
1.645317373215801626e-01	8.215340821509573566e-01	-8.272480646788029635e-01	8.077375847740922987e-01	-7.306683129309882174e-01	2.724707931183397047e+00	8.414071463034966669e-01	-6.308076963418492167e-02
2.499222732635369426e-01	-1.025842552161375210e+00	-1.692506296340777761e-01	1.645439504549277787e+00	1.067390050230897502e+00	2.858284090403963029e-01	-4.339044289756927020e-01	-7.961024504122533596e-01
1.428537722115414965e+00	3.626897805404240005e-01	9.223435484449447053e-01	-3.476489764950892458e-01	9.884248241616637731e-01	2.137330814287428105e-01	3.332151973019426006e-01	2.321542181568485574e-01
2.758928276433580074e+00	-6.815000714943009186e-01	-2.175121487875984402e-02	-3.503714516266343004e-02	-7.843233313572758325e-01	1.334565502650575386e-01	1.308957090433506165e+00	-6.419575109234743060e-01
1.638020815255940121e+00	-6.215393405274244332e-01	2.624726094428810885e-01	2.204797884301791466e+00	3.218880725351255245e-01	-7.990075202282249656e-01	5.378302905859305705e-01	3.102771849282074390e-01
1.134028693468351223e+00	3.597723699851057555e-01	-7.316740136148515150e-01	5.433521682941586661e-01	-4.323766825912241374e-01	-9.176519389214640166e-01	-3.704831673851173846e-01	-9.281214224786252243e-02
1.185313346068441520e+00	4.247800708627146316e-01	-7.404220963232636121e-01	6.543115757944431010e-01	-4.886457144183349310e-01	-1.036930839931600623e+00	-3.377679020082614003e-01	-1.479684170092374594e-02
1.024736672048019992e-01	-2.588164255823733884e-01	-4.150305464077941875e-01	-7.397583562653601286e-01	8.675196286127899725e-01	-8.463822836444274689e-01	-1.427860407979052892e+00	8.275993961167913415e-01
6.281452078602683953e-01	-1.056598276482889842e+00	-5.710057557097979464e-01	2.627449335094159899e+00	2.761282457269650381e-01	-4.219586476793102947e-01	-2.373093343180702475e-01	-5.253015569994178291e-01
1.529259565738681825e+00	-4.870161770110761346e-01	4.107235875498024269e-01	1.811697726804953223e+00	5.085324348483447610e-01	-5.226022679427222428e-01	5.354293444816071723e-01	1.948647479030009566e-01
1.773013089999429859e+00	4.979070001076609242e-01	2.631727132768549859e-01	4.637475984552515973e-01	5.482861943756463241e-02	-8.550646648436576180e-01	3.145980689988034928e-01	4.713028596011696325e-01
1.162576449967790138e-01	2.476189499456200593e-01	-7.045613308004958775e-01	-1.373790381764602442e+00	-5.780916019572965858e-01	1.815211264339501085e+00	8.827313175463562533e-01	1.073659904607799920e+00
1.465516128195319512e+00	-7.068085769626305526e-01	6.091118027173636484e-01	2.028118234953463883e+00	7.300437550094481809e-01	-2.583173237207350703e-01	6.849094237429688148e-01	1.079216101798443905e-01
1.425123326548016545e+00	-7.595179817010347945e-01	6.968321120778908639e-01	1.986112364026484167e+00	8.350396482321434943e-01	-1.751705619980488959e-01	7.148453742678485545e-01	1.194549110429327654e-01
8.639212438360599489e-01	-8.290638742899854030e-01	8.968799012432097095e-01	1.215213286241348722e+00	1.451273946488556010e+00	6.253356400884579891e-01	4.097155653840811596e-01	-2.511094196321513317e-01
-4.910375310178215491e-01	-1.590600898087304538e+00	-3.222504732102957070e-01	6.215963217074583769e-01	1.711649594673615660e+00	-6.816562216973948152e-01	-1.563063259848663789e+00	7.571317094950773541e-01
1.456645223558646896e+00	-8.982453972259989428e-01	4.422590956795382500e-01	2.457890567438849594e+00	6.129946233876097939e-01	-4.038436873759549406e-01	6.649150035079648413e-01	8.281623604181062581e-02
-2.952043172639207680e-01	-1.269902620948095473e+00	-3.395775938765431268e-01	6.745177883639223992e-01	1.534108425113084095e+00	-4.678489049982131331e-01	-1.422016942409965345e+00	4.162064947148221838e-01
-3.520029019499932854e-01	-1.452511098843090931e+00	-2.781521602899195145e-01	1.006065526347801775e+00	1.667232508014737213e+00	-3.479686059482893778e-01	-1.335680754992103703e+00	3.251869641228976038e-01
7.246680813059056536e-01	-1.047655719089213511e+00	-6.077362791077062232e-01	2.694052290523649251e+00	1.553879584720755103e-01	-6.832897310553274206e-01	-2.167809907232619848e-01	-3.088895585339533900e-01
6.479475006198720521e-03	5.414379911276088198e-01	-4.547910292933405874e-01	-1.835367908510502355e+00	-2.422996250291578890e-01	1.898138576510037367e+00	7.959374561179303198e-01	8.300572923256581692e-01
-4.225848624459722647e-01	-1.049267693354592357e+00	-2.513634052268234886e-01	8.723398090004723660e-01	1.590899683420503585e+00	-2.917245022709009095e-01	-1.345079651036165558e+00	5.314402185568943837e-01
1.839452497302246359e+00	5.069827527235228892e-01	2.200245493422836041e-01	6.139604685637674031e-01	-4.199387097938700464e-02	-9.741265546334525460e-01	3.625702260097239948e-01	5.421877752621084845e-01
1.952167803287565784e+00	5.148413103285076620e-01	4.523379501300331951e-01	5.179505566061451960e-01	5.435282856213013991e-02	-8.308202169869788323e-01	5.391686305935110557e-01	5.454148333530161041e-01
-5.064948129364491569e-01	-1.284654301009693800e+00	-2.543554546746521483e-01	1.094232338604890442e+00	1.702492654442391729e+00	-3.436617670579295014e-01	-1.392109325403367182e+00	5.318943948593595206e-01
1.754336863938606328e+00	5.183903186170761845e-01	3.471448426352931049e-01	3.403508312804939817e-01	1.507079677544425622e-01	-7.389963807622649261e-01	3.234073014203509011e-01	4.261627601114936770e-01
1.485231498219832469e+00	-9.030663902649656016e-01	-5.917913345940192249e-01	-6.278712943092128462e-01	-4.739259396724370133e-01	6.933315590852801025e-01	2.298703562103917575e-01	-1.166586774789961645e+00
2.040673702050436855e+00	1.565011534195383636e+00	-8.605723881406432962e-01	-8.721598443613172158e-01	-1.765241264426766987e+00	9.809081693567502924e-01	1.294396575966575424e+00	-7.803115633730481893e-01
1.805841038749242511e+00	1.680735064173262350e+00	-6.454695319651954089e-01	-1.483856457434595599e+00	-1.374861212174116387e+00	1.480995508904310975e+00	9.150790140918667603e-01	-1.454329608620262393e+00
-6.307836990611714878e-02	-8.566259106653291433e-02	-3.679547892208357984e-01	-5.876211568399144491e-01	9.119469803937614305e-01	-7.619760417427157151e-01	-1.409715708276547019e+00	9.648855711412240854e-01
1.077743180688193636e+00	3.762867775302253248e-01	-7.166832372500977488e-01	5.358995641118633468e-01	-3.830437154331564620e-01	-8.958570301068724540e-01	-4.042793055962632942e-01	-8.513714022150385696e-02
1.647348350926701510e+00	-5.983214903257196848e-01	8.198622671379994786e-01	2.193668356466674574e+00	6.541806875737578020e-01	-3.570200304010832104e-01	9.823121256009194058e-01	5.503643744952236849e-01
-1.866896280620443729e-02	-1.027518260799497735e-01	-3.966640216328732316e-01	-5.968606465110691817e-01	8.712649715775202530e-01	-8.191106236313907552e-01	-1.427304927696707137e+00	9.827607759317165126e-01
7.782885717010293858e-01	-9.504886157907417310e-01	-6.331405344345956143e-01	2.473198835303568988e+00	8.212823636173241515e-02	-7.087397969683352228e-01	-2.386023089890685900e-01	-3.196438671987764657e-01
2.033108376776186610e+00	5.381083889605881021e-02	1.584995386147510232e-01	1.278596572196033787e-01	-1.503680321193363312e-01	-4.639117891331668297e-01	5.554848761543078606e-01	-2.256830024929034825e-02
-1.882171513154431153e-01	-1.615982852500747136e+00	-2.878164157087765851e-01	1.084204089663987958e+00	1.642281361057827294e+00	-4.578296396876875285e-01	-1.310233957038487551e+00	1.370050651605116410e-01
2.996700002721687517e-02	-1.964481090297512667e-01	-3.988829165447543290e-01	-7.453030945009999630e-01	8.841991977924775759e-01	-8.697942580198793072e-01	-1.442864285304695349e+00	9.245010998665750268e-01
7.633675924116444245e-01	-1.039827140291270879e+00	-6.113924118754026082e-01	2.661331449395685667e+00	1.397828361246643281e-01	-6.361633810521187815e-01	-2.222104469873302790e-01	-4.115363284015393086e-01
1.689063744395048694e+00	4.576960756965933741e-01	9.213854202017383865e-02	4.797859327866592638e-01	-1.132026323911921456e-02	-8.934061891175661962e-01	1.714967800530959596e-01	3.947307130575338774e-01
8.263371593907421764e-02	-2.701324584517566518e-01	-3.989385687172306016e-01	-7.665117563112742172e-01	9.079136593622623153e-01	-9.210384300694028914e-01	-1.471331769491823316e+00	9.157484445435548626e-01
3.162304083208457295e-02	1.193743877975101730e+00	-5.535719125040045041e-01	-1.470283743529359866e+00	-3.693110753777630872e-01	1.735900272592613147e+00	6.290160538804742130e-01	1.286271664905469070e+00
1.243555777552802555e+00	-1.332557831613692345e+00	6.911566487256084468e-01	3.567208249406437215e-01	1.500186763588566174e+00	-1.261435904477141157e-01	-1.049003504688708621e-01	-1.074499934456881745e-01
1.331467381124342486e+00	-8.303756520541587527e-01	4.090711986860406379e-01	2.272490025352416954e+00	6.860214804905566677e-01	-2.938457375446009712e-01	5.477939240168896440e-01	-4.925039553891405811e-03
1.537298954855973454e+00	1.153827189628949590e+00	-6.175394354507938166e-01	-1.494110280632595877e+00	-9.094471617310995182e-01	9.753625541276381705e-01	3.465465069219172412e-01	-1.246318512434550163e+00
1.356112605944630678e+00	-7.490582604258554378e-01	4.317874801221992520e-01	2.108295644342616626e+00	6.803631082336161207e-01	-3.204787132240790593e-01	5.391408395993280145e-01	5.306100698589888420e-02
1.228437692688871263e-01	7.481135482910872270e-01	-4.746161106764634763e-01	-2.118605144180999655e+00	-3.030643775225940750e-01	1.451639516078609748e+00	6.154726399331431619e-01	8.334664952068611132e-01
-2.428081298413687639e-01	-1.288595371751217078e+00	-3.861485772975840614e-01	9.181103652504314649e-02	1.457023670800108306e+00	-7.938204129169615930e-01	-1.575705608237100375e+00	7.532632746399245960e-01
-6.706756894715441009e-01	-1.204007298127472314e+00	-2.101325434676206694e-01	1.516749168770101353e+00	1.754930588911342682e+00	-1.781135305305224237e-01	-1.302369309809024989e+00	5.517895975242350648e-01
1.965836238422454585e+00	4.930415335598978266e-01	7.869556731365935365e-01	4.311026176508105934e-01	3.289404921448983998e-01	-6.286880722276354527e-01	7.166210590305676087e-01	7.035490161272845988e-01
-4.832611771211022811e-01	-1.276470499617663013e+00	-3.282806994487670327e-01	8.435904157310658569e-01	1.573209983001465195e+00	-3.823423606460760182e-01	-1.405743373555138120e+00	6.032448628749739195e-01
1.277974419478624224e+00	3.319989875680025571e-01	7.336779874266636803e-01	-3.756860392471320087e-01	9.409097955342446973e-01	2.415091672791130351e-01	1.649979489252931253e-01	9.365318785738235841e-02
1.359359251876621544e+00	-3.839115993254975101e-01	-4.295156458930272925e-02	-8.913231787022135588e-01	5.214745417424136997e-01	-2.397460768492802596e-01	-4.357908585833247250e-01	-2.666219987962681337e-01
1.802307008320261250e+00	5.153692435801575655e-01	4.452625296361637508e-01	2.917824333478284959e-01	2.026319176405076972e-01	-7.323177666526943241e-01	3.900673406753701888e-01	4.980988746740334649e-01
1.659121851227449707e-01	-5.109531493518633394e-02	-6.364739089033876196e-01	-1.720860614074960715e+00	-5.057589973115335091e-01	1.577718801099154300e+00	8.197715821476433407e-01	7.649445399929699629e-01
5.406313797380424280e-01	2.794437390533744403e-01	-3.979500203203547581e-01	-2.822034595986581129e-01	3.470140435472679474e-01	2.126612565880710293e-02	-6.478893745663134585e-01	-4.291921429336397753e-01
-5.796147238255078271e-01	-1.254319118603781424e+00	-2.776713419233473035e-01	9.738488072309332555e-01	1.695766500593455461e+00	-3.897600767310845926e-01	-1.450289519773208191e+00	6.783658740640630125e-01
1.759643108940721901e-01	5.757671765628236127e-01	-6.506803841480623962e-01	-1.803077889829647562e+00	-5.584604703492351829e-01	1.548654082839777235e+00	7.518095716358977887e-01	9.807248716512193543e-01
2.326273237043807729e-01	5.527093157878373297e-01	-9.909974406843050643e-01	1.080105637477806191e+00	-1.051499398768109161e+00	2.910995359129474824e+00	1.188193643261553190e+00	2.784239880973919945e-01
2.194732572939656901e-01	-2.856785347584176460e-01	-4.256544792422847778e-01	-8.641175939906287073e-01	8.321012597358008467e-01	-8.812561306427456609e-01	-1.421887309246510966e+00	7.000979221089946858e-01
1.383166615345718720e+00	-9.156816028402893215e-01	-5.932078880586868497e-01	-5.316495178759398366e-01	-4.172008736893064729e-01	7.292701528843423819e-01	1.917298711921241183e-01	-1.086406278052430618e+00
-4.020025894551615409e-01	-1.223208844175120769e+00	-3.152695434429783616e-01	9.210856442632308072e-01	1.580412166286119247e+00	-3.897870114432979705e-01	-1.393799023945631044e+00	4.902269023334092646e-01
1.462990367145426962e+00	-7.823213901479051380e-01	6.973064278572798091e-01	2.141680974130667714e+00	7.929631220559711924e-01	-2.368461933462313040e-01	7.752755103799333636e-01	1.909623844514077851e-01
1.765115269122101038e+00	-4.158747058484284498e-01	7.527795254617494214e-01	1.853287137285706709e+00	5.340534956776532560e-01	-4.831522011778252024e-01	9.055317465626453455e-01	4.857803610144804107e-01
1.427292152958028693e+00	-7.496852164628748927e-01	6.979204118259904055e-01	2.087182270221453084e+00	8.198442318698015985e-01	-2.120926105698416053e-01	7.448915339369552857e-01	2.125044935305373528e-01
1.480239614655601388e+00	-6.699606172006922211e-01	6.307707920950743619e-01	1.973301078186447510e+00	7.276152169532027481e-01	-2.972037866755379842e-01	6.948861959957306489e-01	1.929222698926563728e-01
-7.817443507098197075e-03	8.613355275087188900e-01	-5.994684389542295211e-01	2.921414185750351722e-01	-4.203250834134599767e-01	2.882869620842706926e+00	8.308230322958368719e-01	-3.088146776946152916e-01
1.512036585534087596e+00	-8.323603484018251564e-01	-5.635694734274813156e-01	-6.060026462374752398e-01	-4.415393864610063224e-01	6.690226108820386264e-01	1.720949567342913711e-01	-1.248452029873822866e+00
1.386667540974973578e+00	-9.688311493265282515e-01	-2.154766356978893294e-01	-4.927097705974949893e-01	2.795635487277825515e-01	9.687741866596089046e-02	-2.378142194682603128e-01	-8.562446885029918464e-01
1.302115110187616276e+00	-9.380059231780611961e-01	4.551867783533102285e-01	2.388899224147104761e+00	7.459457052461184734e-01	-2.775410083975912712e-01	5.964438685473982815e-01	4.028671926560500882e-02
1.344500947470977037e+00	-7.085435690767430961e-01	-5.649191665113421079e-01	-5.783572794478032408e-01	-3.523846605695048484e-01	6.451138453445856014e-01	5.282087071013322199e-02	-1.110688822796803255e+00
-2.954524855316008683e-02	-3.014973999931076509e-01	-4.027749630308362638e-01	-7.238403725982541781e-01	9.317815607184316562e-01	-9.608559256375394098e-01	-1.499386872230424217e+00	1.081411755478249193e+00
6.355300962672399967e-01	3.017652221999356787e-01	-3.858702704966771591e-01	-3.331028915148337433e-01	3.096835042715264108e-01	-1.364063380457964519e-02	-6.363791701674182955e-01	-4.837597566568940244e-01
1.785242480669315679e-01	-5.165030241898452973e-02	-8.809733732196257661e-01	3.228833615917772182e-01	-7.363358228456452492e-01	2.532896753128893508e+00	1.011595338044338765e+00	4.658135954473093254e-01
4.331568417402936744e-01	-6.356774318980560334e-01	9.742298997132585736e-01	1.386691346319676388e+00	1.687473827065830045e+00	6.867507247531224879e-01	1.861326319067943824e-01	1.184709878322446897e-01
1.887978325288571790e+00	5.035497167861295864e-01	4.288144580175474729e-01	4.727026182760933892e-01	9.215006482739734883e-02	-8.339348446220973265e-01	4.775203717037213025e-01	5.579412592045704944e-01
2.597222666062540819e-01	1.099979784605645272e-01	-7.050840871443224689e-01	-1.295207765966050362e+00	-5.322870753982554826e-01	1.627422230771085276e+00	7.297359075009506313e-01	8.262786178197822906e-01
1.439891812871770149e+00	-4.235097622800337858e-01	-3.546973238186965638e-01	4.293914410369498169e-01	-2.928894948035891681e-04	-3.900964323296513547e-01	-2.629155084245255458e-01	-1.039992525605144102e+00
1.281414736363517104e+00	3.259857902624661019e-01	6.900873806743684780e-01	-3.655710104162113172e-01	9.055467218388222328e-01	2.065584388713936903e-01	1.345339754144808941e-01	8.370443992670753564e-02
-3.175707529067769291e-02	3.220529319148031644e-01	-7.813959597229220844e-01	9.425278256561808732e-01	-7.141475438894749894e-01	3.121452050456382743e+00	1.212793762940835851e+00	3.673235483011620950e-01
7.478812139090237898e-02	3.817531833436013655e-01	-5.022870716244453027e-01	-1.789270233867845450e+00	-3.181713794802996098e-01	1.820993430041100813e+00	8.151789258591273235e-01	8.240695333762042551e-01
1.419121623659192366e+00	-8.262674972237266102e-01	5.960344731011411046e-01	2.315905436998964451e+00	7.368906778594614959e-01	-2.966071140888721924e-01	7.394417404690510898e-01	1.746759825272292954e-01
2.361303206664171206e-02	1.631229628141516730e-01	-3.570913070950279544e-01	-1.983356268933012423e+00	-1.085577604162045462e-01	1.939068156665809006e+00	8.643879082411684012e-01	5.707255225002269006e-01
-5.289066595875157040e-01	-1.202930223102598228e+00	-3.089670441813826551e-01	9.286773173968012607e-01	1.621900707549494003e+00	-4.112872795935203496e-01	-1.444745214477809681e+00	6.858319902939067347e-01
1.799572782121764636e+00	5.075162793118077609e-01	3.729102248108667195e-01	3.756216339078488620e-01	1.306836146534605947e-01	-7.911114287993206151e-01	3.689125177385349508e-01	4.832508703149733242e-01
8.707318533056048748e-01	-1.270069862881317180e+00	-6.285367024541128611e-01	2.107623653627473281e+00	2.813149343344013009e-01	-8.753792285373392934e-01	-4.869218435013241142e-01	-3.014374123666597183e-01
1.268601420296443072e+00	7.747822616411381702e-01	-7.254745708660871317e-01	-7.806552797700875290e-01	-1.089381327230596330e+00	2.084235520050985446e+00	1.033160171547696127e+00	-8.559405360814520414e-01
9.973631338243035271e-01	-6.806966447980260515e-01	1.031921700702759903e+00	9.528026641684511633e-01	1.430590892651115276e+00	6.279689911300022631e-01	5.253291102086888875e-01	-1.536925434859104378e-01
1.703879727868763627e+00	-1.308737725845369848e+00	2.942223273755492086e-01	1.466627199637541068e+00	7.547822666700263472e-01	-8.801501681383209208e-01	4.605296185333809800e-02	1.323805407586973459e-01
-1.176315853758125585e-01	3.298278580614957267e-01	-3.899047610914462836e-01	-1.762229523477350179e+00	-1.759094397908945728e-01	2.300898506339829730e+00	1.045783722922408066e+00	8.736191711568559448e-01
4.227200170852331018e-01	-1.476326227507883226e+00	-3.049320892246563108e-01	1.064925496313306130e+00	1.171858285426848889e+00	-2.616252843434539455e-01	-8.270869809868883760e-01	-5.537270225432494586e-01
6.878371907903114979e-02	-1.023017971449224628e-01	-4.041604964582969362e-01	-6.158222093696735788e-01	8.049687201953180660e-01	-6.689225417779494087e-01	-1.323888248788455124e+00	6.982819310927803613e-01
3.372899214914004129e-01	-1.601177728878483641e+00	-3.835389429275295470e-01	5.287182643666287207e-01	1.293630403442561194e+00	-5.927362647885102698e-01	-1.189711777412796101e+00	-1.834540886297752471e-01
1.111596043888288809e+00	-5.283312398015008737e-01	-4.634839005867574246e-01	-9.462887625106409795e-01	2.822682749701535543e-01	-4.593086635933212314e-01	-8.181529173839415803e-01	-4.594434997205686377e-01
3.203252776227754062e-01	-7.310766879855848943e-01	-2.488943110486609156e-01	1.172180299931524283e+00	8.798904850633630925e-01	2.517616022473756487e-01	-4.905631415289962716e-01	-7.316858176417909698e-01
1.831505867326058690e-01	1.076025789916224884e+00	-9.087683240315557187e-01	1.198474314848216649e+00	-9.960616143468311590e-01	3.006028516421799246e+00	1.087710892461980716e+00	-8.935703294239052963e-02
5.455256196682702896e-01	-1.092073409567334008e-01	-5.937749274248285691e-02	3.984016868315142235e-01	-1.794136307215627446e-01	2.879403459880795602e+00	1.487177801615682249e+00	4.157990176871922960e-01
8.658713105506193886e-01	-3.558218095824571270e-01	-4.155035510021369283e-01	-9.222720730494893271e-01	5.369598996196781604e-01	-5.965573462344101463e-01	-1.004705574379623823e+00	-2.437301871974212608e-01
-6.016286403764994350e-01	-1.124595162847461083e+00	-2.914574767132219191e-01	1.002247917604029759e+00	1.661333443060267756e+00	-3.257474814114049710e-01	-1.468648233974536366e+00	6.334236464138965905e-01
9.357494366272748332e-01	-6.553426991792001832e-01	8.563811314345568526e-01	9.235004204566604757e-01	1.352915771469966666e+00	5.668652552148709667e-01	3.711223923077642817e-01	-1.851529896705731704e-01
2.931554323211722768e-02	8.473570985704523828e-01	-5.006085605720089760e-01	-1.817000742539475855e+00	-3.320339465232655107e-01	1.808331394805430037e+00	7.517308557343377329e-01	9.984007256889768644e-01
1.078196339957726013e-01	5.859621966270742721e-01	-5.228474031832138769e-01	-1.661893672887551521e+00	-2.850305058400784408e-01	1.733987337089389680e+00	6.561699357202795957e-01	8.342937592750239162e-01
5.572261340428132925e-01	-1.359378807657551258e+00	-3.433739254101818572e-01	5.394976640376810684e-01	1.056791323341025990e+00	-3.174665119749700004e-01	-8.580894863361273606e-01	-5.515960391677473540e-01
1.800442255240178424e+00	-5.044475074270601267e-01	7.237655758854687482e-01	2.054285733690802473e+00	4.867623997337362507e-01	-5.591081470696853684e-01	9.420285984472732688e-01	5.486078631688349194e-01
-8.822244353129448102e-01	-8.120390516303930273e-01	-1.936034579203719241e-01	9.131739090212244170e-01	1.719851903317546338e+00	-2.543045865378178449e-01	-1.423336387029621619e+00	1.090987598942836589e+00
-7.204152262453678013e-02	-1.023515832732744407e-01	-3.679940697803222305e-01	-6.003214613111907960e-01	9.262083752461691688e-01	-8.108216649443008572e-01	-1.443861372754091876e+00	1.014570419634646115e+00
1.184098117710878473e+00	-1.059324031211179351e+00	5.013288934706405797e-01	2.436382524399209881e+00	8.753478916598522730e-01	-8.866622978577207159e-02	6.053601467464143626e-01	-6.570503089240181671e-02
1.496154091754166471e+00	1.395123141298431069e+00	-6.909678155739458205e-01	-7.610484739130499721e-01	-1.142025634820572844e+00	1.733606707533172253e+00	7.295364793359617739e-01	-1.449232025659353384e+00
1.436969444024163600e+00	5.951071326682570994e-01	-5.541337841992228785e-01	-1.311179085099680286e+00	-8.758408273174609349e-01	1.697611338180537111e+00	8.241148629954978544e-01	-1.126034832777958350e+00
1.740776057334081361e-03	-1.344729629015677663e-01	-3.991837011073973152e-01	-6.252693793755731422e-01	8.710752298478634525e-01	-7.928498016729629283e-01	-1.417214523792718950e+00	8.877550553285571411e-01
1.763851541719634763e+00	5.233656377427193807e-01	1.362410112093406234e-01	4.871274726314976933e-01	-3.354738368489357248e-02	-8.686056612918795494e-01	2.360866081003905048e-01	3.432129397748264199e-01
1.765123731595548806e+00	5.017455735941778183e-01	3.726035619021763612e-01	3.285604443783766149e-01	1.677772872229840173e-01	-7.237037889583539663e-01	3.422455378373202572e-01	4.305032254359917876e-01
9.157929775349803458e-01	-3.187006281965500121e-02	-3.963129575700187202e-01	-4.856860327148035394e-01	1.331256288177565805e-01	1.727987478647335651e-01	-4.467909302164109198e-01	-7.841151609350197615e-01
9.250088090943111574e-01	-4.494646942812247081e-01	-4.445075519207662973e-01	-9.971671149376191146e-01	5.219351683340990311e-01	-7.137057643787640959e-01	-1.061680496710071031e+00	-2.076955390252554212e-01
8.828259252768722032e-01	-6.330825463496797360e-03	-4.429866616355265241e-01	-4.569773940004149271e-01	2.286397443464394663e-01	-4.272754281407643018e-01	-7.269461250717632606e-01	-3.839893502124967495e-01
-2.069689247562104262e-01	-1.495150817913706520e+00	-3.288906159125680739e-01	8.318371273559524992e-01	1.563051055849264959e+00	-5.348028475711088525e-01	-1.388636318791416580e+00	2.759387795879982841e-01
1.544710450815755642e+00	3.730994094399434635e-01	1.106592928641193296e+00	-3.240935733156039555e-01	1.037844708631766810e+00	2.293651236938063220e-01	5.121400333137258176e-01	3.697270509645152470e-01
1.364966354221386347e+00	-7.005749531433755894e-01	4.613330333382427151e-01	2.002865214878768896e+00	6.929419885990717454e-01	-3.142248237850567838e-01	5.374677183646375811e-01	1.291160012400728863e-01
1.618873178892795250e+00	-6.627089708118956146e-01	7.633907746505251835e-01	2.099425023007389868e+00	6.956495429273316100e-01	-3.391443519664519846e-01	8.874150845271575605e-01	3.339393979919519362e-01
1.593082603637008710e+00	-5.812582020376043657e-01	3.407883395603194532e-01	2.215597763127552966e+00	3.809855553832302011e-01	-6.628224035268569514e-01	6.117693715981629143e-01	2.639814093361816383e-01
-1.883949168040856270e-02	6.349508320188563815e-01	-4.327017176300818058e-01	-1.552064000157849399e+00	-1.498115644433510307e-01	1.996050714978411245e+00	7.137847411326564417e-01	7.836155755683171797e-01
3.199825779112166479e-01	4.891280726084332175e-01	-6.704808674580934325e-01	-1.724027301725549410e+00	-5.300961258482457250e-01	1.211227751134460906e+00	5.302716771112403471e-01	7.858488252277924246e-01
5.773796878702148749e-01	-1.064204674166991937e+00	-5.399781589445715735e-01	2.501422208834389149e+00	3.616888918972123168e-01	-3.719776899263206316e-01	-2.758494085074256752e-01	-5.262236085436196031e-01
5.330501277669813520e-01	2.419820049164215225e-01	-3.867363844476854329e-01	-2.988437303338856155e-01	3.741116518612462860e-01	3.655297065846940807e-02	-6.468237856223764126e-01	-4.592889424777784058e-01
1.328551182886253290e+00	-8.163166104888902597e-01	1.991641995014869493e-01	2.363398645305234691e+00	5.133080510161377452e-01	-5.145164690058308121e-01	4.334317203373596605e-01	4.037622356453268724e-02
7.596454216247201519e-01	-6.689556771538122115e-01	-6.252509018118419526e-01	1.962759882691631708e+00	8.534462110310031546e-02	-6.153044244285397202e-01	-3.430840084428357639e-01	-3.647423729861992148e-01
-1.381977414398625481e-01	-7.539243411932894379e-02	-3.617047872377149309e-01	-5.442461392342422544e-01	9.369481910978666450e-01	-8.212831138060694425e-01	-1.448032942786308563e+00	1.124489646690824296e+00
1.584030018617321067e+00	-9.250039389277706081e-02	7.153527236786031418e-01	-8.818531472314069530e-01	1.047285312636269117e+00	-3.295490292105446861e-01	-1.356245296079438278e-01	3.186525091986734393e-01
-1.240045367377008018e-01	-5.231997689082464736e-02	-3.684813130261146430e-01	-5.204389581938602127e-01	9.185361463194475773e-01	-7.719880966543382073e-01	-1.418804824748311155e+00	1.068204315047347697e+00
1.511971793264794250e+00	-7.464868038722479726e-01	4.205241919362447955e-01	2.312587722781026311e+00	5.348296866538615468e-01	-5.083344307989725586e-01	6.464353742044445239e-01	1.754521416200820194e-01
1.955922761759507633e+00	-8.471686530722771780e-02	2.637191442771997796e-01	-1.967552466338775286e-01	2.999955491660661888e-01	-1.215962301229611686e+00	-9.497709927096180393e-02	6.473717857233081130e-01
1.498056749207458571e+00	9.448742813433701482e-01	-4.143502604053324045e-01	-7.471750235301976018e-01	-9.644719473973836221e-01	2.334464340421016360e+00	1.227166164154707362e+00	-1.277201673188938402e+00
6.272278622569871231e-01	-1.058959959006529061e+00	-5.736474491086523964e-01	2.575711400831778075e+00	2.686478846589375746e-01	-5.687367797756979204e-01	-2.628353257843296653e-01	-3.470584735749308591e-01
1.314767767976502633e+00	-9.083122014120523779e-01	3.318191478704580200e-01	2.657890918907272138e+00	5.970939270796074005e-01	-4.860902463042551802e-01	5.597614266903877533e-01	2.042385543794583147e-01
1.544371861056632822e+00	1.069622196058660213e-01	7.325342917619150074e-02	-7.129380470556536675e-01	2.720941301863898376e-01	1.607610634091464485e-01	-1.087843610907988784e-01	-8.738181075044981760e-01
1.827373449772193181e+00	5.460554402583250866e-01	4.941552597573900529e-01	3.629310789163537332e-01	2.039715559360204267e-01	-7.109106412103568529e-01	4.460965913435858132e-01	5.634882150212064955e-01
5.067593837415156066e-02	6.807881786052540907e-01	-8.160633470458581451e-01	8.477170851428109666e-01	-7.362438411515965786e-01	2.898263316630786068e+00	1.012688463892079449e+00	2.732507971756694687e-01
1.582853530315839308e+00	-7.412603416754689478e-01	4.221501566202515709e-01	2.183923554443690129e+00	5.113183196397764751e-01	-4.936663151705652508e-01	6.311833660272727631e-01	4.076798160808731142e-02
1.392210881612799600e+00	-6.738476582720142050e-01	3.069988010260021882e-01	2.241454347059778751e+00	5.265534107477475301e-01	-5.014066960122089966e-01	4.888259923340952939e-01	1.465653127874690098e-01
7.688037301597472339e-02	2.982654408240724697e-01	-5.571841571471961574e-01	-1.411634413014792200e+00	-3.379215698537197943e-01	1.970784115215739929e+00	8.311773522294643168e-01	8.269811420660260204e-01
1.738919099765444232e+00	5.192156030653494181e-01	3.243311217989403028e-01	3.410167402400040570e-01	1.386749519626577776e-01	-7.558688103198046848e-01	3.029631999949855548e-01	4.684832429004334164e-01
1.333468130406466834e+00	-7.908151694197201875e-01	-5.523601180291684010e-01	-8.035926388914061969e-01	-1.971814160344018407e-01	2.011625707331811952e-01	-2.217734578110860943e-01	-8.528388589227893224e-01
2.123242409861127555e+00	-2.724669900009876744e-01	-9.072737508043386967e-01	-3.905089730317072849e-01	-1.231503146431638607e+00	-1.328589451547425582e-01	4.193848936085116108e-01	-1.167709148778559136e+00
7.902522746440745482e-01	-1.416015637626342860e+00	-4.378429447870705871e-01	-1.268942932374307053e-01	9.020114253407572891e-01	-6.067666845379795504e-01	-1.015818383299616601e+00	-4.244058223846025046e-01
-8.475800422526649225e-01	-8.166005780304627093e-01	-2.184181129866410997e-01	1.350753406587767769e+00	1.653116156654398372e+00	-9.778030946638176235e-02	-1.329328041800467597e+00	9.663744996522556363e-01
6.636496258829406303e-01	-9.692356291217962827e-01	-5.669781279637282623e-01	2.311120314039560864e+00	2.646169587521432498e-01	-5.237679883947911064e-01	-2.923041196750387205e-01	-4.327889776749800355e-01
1.528072494853177421e+00	-3.411257121141102466e-01	3.520120873988311638e-01	1.456254342674583979e+00	4.644639052806506241e-01	-5.154437580254360718e-01	4.203831498164221636e-01	1.356294141711751333e-01
1.850639953788226100e+00	5.204577248773898379e-01	3.076969066351557536e-01	5.349727571684576022e-01	1.942211036072437336e-02	-9.098918833303943909e-01	3.962056125786308503e-01	5.397835458499558037e-01
5.919076448737894958e-02	-1.509338930377584820e+00	-3.565019833788820591e-01	7.013335203802185669e-01	1.426504127541649014e+00	-5.205131331307960574e-01	-1.275286514892030265e+00	-1.608525648635701980e-02
1.639435953521574785e+00	-4.083642708924209996e-01	8.602153217053316592e-01	1.632686749932684922e+00	7.245029308219873565e-01	-3.013152365572546731e-01	8.531452940292459930e-01	4.693545432897348046e-01
2.989589944319954173e-01	7.626250949092769904e-01	-5.421196834344520488e-01	-2.219238169753346313e+00	-4.317998389931091419e-01	1.087684054430874570e+00	4.859814610656562062e-01	6.607557001701533927e-01
4.175948353359009158e-01	6.480371304230583274e-01	-1.132149529696248047e+00	7.252577601925526418e-02	-1.260864161709105424e+00	2.497014681383269430e+00	1.119367483428544974e+00	3.194213646911483462e-01
1.268174194419636525e+00	2.506148551195762630e-01	5.347428332520480776e-01	-4.653701058719730832e-01	8.408235343583336796e-01	4.457347732446433064e-02	-4.088457155189904185e-02	9.656744576644396560e-02
1.297569567579668071e-01	6.842046961614500766e-01	-6.139018042586711355e-01	-1.688026334614094015e+00	-4.885333308550426912e-01	1.652532041297922305e+00	7.571565356754825782e-01	1.004825802812818081e+00
-7.820426765694352134e-02	3.784756161281879194e-01	-5.711611163482885889e-01	5.558298154077188080e-01	-3.562709536698012713e-01	3.008353499054019498e+00	9.797860500579066434e-01	4.097440725409229323e-02
-4.338107539905921017e-01	-1.270021453640367337e+00	-3.332042011313822161e-01	6.292323207754715320e-01	1.589719947990432480e+00	-5.159903949318143113e-01	-1.491690245029338335e+00	6.525730640625062584e-01
1.980476965870888062e+00	2.495217333367201751e-01	2.181213038942816929e-01	2.337882297260036324e-01	-9.072576581410916885e-02	-6.316264949177324839e-01	4.879707252043826715e-01	1.389686334516235799e-01
8.894270139938039721e-01	-5.468086370548791431e-01	7.097375629086680737e-01	6.661303743537498878e-01	1.268277092344946011e+00	5.233357882845247611e-01	2.219452307236640665e-01	-2.641893726068721415e-01
-3.757823789436168238e-01	-1.282413530674312518e+00	-2.800115404117207163e-01	1.123677228908567916e+00	1.618880930775231430e+00	-3.087644711239466155e-01	-1.316987050927943770e+00	3.081717764321270092e-01
1.193181323718599807e-01	4.379107339952626465e-01	-6.289004062407440587e-01	-1.749878280245697137e+00	-5.448624194564178902e-01	1.812235454417317815e+00	9.021932507348683350e-01	9.368084539574137448e-01
-1.713526505155394120e-01	-1.215545204291731851e+00	-3.726847740068989778e-01	4.304493566675046123e-01	1.425463644160634313e+00	-5.268749163798072122e-01	-1.415046613403737830e+00	3.945157531530639194e-01
3.760470711553015044e-01	5.898044124129848687e-01	-5.904424085849238057e-01	-1.880628616686137233e+00	-4.269997975359001718e-01	1.113834238871397542e+00	4.272755664270571074e-01	5.645118142571151632e-01
9.531323362211684136e-02	-7.418639557324796519e-01	-2.407255226236999779e-01	1.362196394053399873e+00	9.983302997203131746e-01	3.157939585443000352e-01	-5.577463242994512571e-01	-5.809637442278831054e-01
-2.683376931483805738e-01	-1.321283835880601831e+00	-3.246052909923231589e-01	1.062456963263466170e+00	1.543813700795987565e+00	-3.767403994618319096e-01	-1.321918405839104693e+00	2.770301835802754797e-01
1.480227798524756944e+00	-5.366264617530944747e-01	4.698240358623685387e-01	1.935198881329260656e+00	5.921770878019816386e-01	-4.049127303714552539e-01	5.708974527444961033e-01	2.100221598784638433e-01
1.235523863851837989e+00	-1.066179046294336574e+00	-6.749278731784681407e-01	8.730829073848479505e-01	1.049044301299299486e-01	-1.230874180205271839e+00	-7.295028679471795563e-01	-1.980534132723547336e-01
-5.967985316609941693e-01	-1.058330996701172033e+00	-2.775570374339170199e-01	9.508569776214719216e-01	1.622911292911376924e+00	-2.879466809100452718e-01	-1.399836880961665031e+00	6.716756116269269050e-01
1.184362154503981746e+00	4.319795711615229128e-01	-7.397787352457951826e-01	6.347823801846377290e-01	-4.850862957561230537e-01	-1.020481811658257021e+00	-3.448454090491803181e-01	-3.227674054364861045e-02
1.105718758025381776e+00	-5.703763048885492903e-01	-4.292702128001926742e-01	-3.883173875966623445e-01	-7.677167555312329472e-02	6.536531844833356475e-01	-4.536119341364831109e-02	-8.674922777894438219e-01
6.912962985661489368e-01	-1.461048657319088395e+00	-3.453342966511419032e-01	2.435495565153799058e-01	1.085610552348318381e+00	-5.455260859392325745e-01	-9.796385415448010114e-01	-4.623057906812294005e-01
7.983625542416057375e-01	-6.792692562977462600e-01	-3.608688232135902618e-01	-7.334149494577733852e-02	5.487152405143170819e-01	-1.056953971924980418e-01	-6.518611454898488589e-01	-7.194206559010950519e-01
-2.140327928348363939e-01	6.590703680591076807e-01	-2.572161757766058265e-01	-1.985231572705982828e+00	-3.349013265953315610e-02	2.372394666768201876e+00	1.030186094143878073e+00	8.815404501491177491e-01
-2.301458143462142003e-01	-1.351043081833843695e+00	-3.004381719096683723e-01	1.347440671634553944e+00	1.524334876428813823e+00	-2.699537990716938674e-01	-1.200422409449283689e+00	6.897433433416352844e-02
1.440701443654203162e+00	-3.453975081840673922e-02	3.843611702619380566e-01	-5.229633427895445941e-01	5.469594679967523243e-01	4.280950850929282070e-01	2.056684041126667084e-01	-3.163509537738050659e-01
1.794981818685919883e+00	4.753231641465491264e-01	5.265203356954194502e-01	2.582779942928686290e-01	2.895399428951469512e-01	-6.391650480228567854e-01	4.270853608532388934e-01	5.070094155926243573e-01
3.264250182296493108e-01	7.618339510575118378e-01	-1.072325207972942396e+00	-3.414447358107145503e-01	-1.050759773157736721e+00	1.818482950698281142e+00	7.866327116235166672e-01	1.181201163555134492e+00
1.785347565762589683e+00	5.131771527626396434e-01	3.989668389771642842e-01	2.949494959588671583e-01	1.736196770308647552e-01	-7.460746351609601756e-01	3.604445957980805249e-01	4.735494986538089091e-01
1.352605022649688404e+00	-1.160147520688900258e+00	4.648784187658518974e-01	1.536338726387956655e+00	1.042904229726265397e+00	-5.622300062574722146e-01	2.872898153328401483e-02	3.115290960186247737e-01
1.034535276339967558e+00	6.052881390804043527e-02	-3.575896651747243471e-01	-5.475228200956910873e-01	1.178747804971794766e-01	8.269641128376579997e-02	-4.593680729711023258e-01	-8.828522620860049797e-01
-1.389842678965383556e-02	1.618415082204875677e-01	-6.692150754453044526e-01	7.158776267122276549e-01	-6.075817531832744534e-01	3.244821148299438462e+00	1.299760348209664684e+00	1.297325621621526481e-01
1.873364409853862655e+00	4.931512532072442334e-01	4.688908406608353063e-01	4.263597323219490143e-01	1.459195366217248824e-01	-8.125486948601831072e-01	4.706641452161314243e-01	6.034231370467815214e-01
1.311249350455094165e+00	-8.879680295689316161e-01	4.826080148929371427e-01	2.250021957094448855e+00	7.646571597455613656e-01	-2.467355881804643714e-01	5.848661157836261282e-01	2.182960302425329679e-02
6.150679271740656651e-01	-6.044652923802099620e-01	-3.172011624900692994e-01	2.354627984488146253e-01	6.739544579997330809e-01	-2.358442413394846310e-02	-6.528385169991475223e-01	-7.124426876035057088e-01
-1.571802239509258736e-01	-1.753698791360263964e+00	-3.384931637624967182e-01	6.938411938362831766e-01	1.617222914486241780e+00	-6.804119915953501518e-01	-1.427689016481696438e+00	3.138999420253479333e-01
7.004316237259674560e-01	-1.601389480441813840e+00	-4.050176094324133280e-01	3.140629635752010262e-01	1.082122225295314877e+00	-6.618839572781447522e-01	-1.046531062887657626e+00	-4.248123230447354848e-01
-8.699358161142067836e-02	-2.790311126337077785e-02	-3.816073899021759641e-01	-4.893787845957405236e-01	8.625667825502567609e-01	-7.068849312137150953e-01	-1.375594873145511210e+00	9.640426903140699721e-01
-1.969622270314578538e-01	-1.343900964608667703e+00	-3.085183151337337892e-01	1.000932107927823944e+00	1.530818390875374080e+00	-3.549899234827127437e-01	-1.272200773195635071e+00	1.197316957422859818e-01
1.660551404297409883e+00	-4.433866952705615150e-01	5.411701468101739465e-01	1.935900743221359521e+00	4.818249216705360327e-01	-5.107024954125382044e-01	7.086031741488348912e-01	2.790493765266956472e-01
1.763623940124565692e+00	5.149200441519656835e-01	3.792125503814230414e-01	3.145526561637173035e-01	1.778668198743044715e-01	-7.043302351775152514e-01	3.360937948243832851e-01	4.102938980755954090e-01
1.334603538906466547e+00	-9.180955916295793218e-01	4.946703431864274414e-01	2.305171803708847111e+00	7.589355671006189352e-01	-2.509213508208527621e-01	6.116481636261649202e-01	1.192664783856611788e-02
1.416588071692016948e+00	-8.125871179898387364e-01	4.811491955924791508e-01	2.258384677176498823e+00	6.620833530370339171e-01	-3.502818145318982168e-01	6.459694565688323120e-01	1.338639459415502941e-01
1.374534593320548170e+00	-7.155316914090956715e-01	4.721492918284728724e-01	1.982046072504479284e+00	7.041658546298926735e-01	-3.040012047647312476e-01	5.368806163224244532e-01	4.758923577866519539e-02
1.039380007315114707e+00	-5.895172409089828314e-01	-6.773992945902442830e-01	2.257252565840659031e+00	-1.736028922229851112e-01	-1.023406841027403535e+00	-2.220137441027893177e-01	-1.631099520037737061e-01
1.755938262213517342e+00	5.349926928802004600e-01	5.693847875487576538e-01	3.447508771857482057e-01	3.154863562828223444e-01	-6.550193330265822178e-01	4.294989938676076480e-01	6.427767261491845741e-01
1.943195737175090532e+00	4.393048741934899026e-01	4.615452769418866286e-01	4.620881994659632452e-01	7.186178043089608281e-02	-7.690928637629587117e-01	5.655271801957788558e-01	5.487046001869280154e-01
-5.196378461529810311e-01	-1.402081188158418090e+00	-2.410964085432819870e-01	1.132439262569460370e+00	1.758971121857444864e+00	-3.891121246001631451e-01	-1.403676537569138238e+00	5.676388395838583012e-01
1.467689433809031163e+00	-7.368299745604104389e-01	4.558879077086696041e-01	2.228887178459013185e+00	5.991440237695772053e-01	-4.410812290862447527e-01	6.314692482869332935e-01	1.681556682230693489e-01
2.858114726444765386e-01	2.249925261043905222e-01	-6.873092853130711166e-01	7.353415727453016526e-01	-7.101119455115477708e-01	3.078661066925042711e+00	1.207782230116684952e+00	-3.610762352931783936e-01
1.562451653387568529e+00	-7.963606577270365694e-01	4.963697769915093039e-01	2.506529485194946005e+00	5.338027308704273999e-01	-5.038940902447561765e-01	7.725988587006944464e-01	2.586004803121812468e-01
9.409987868799528365e-02	8.006468658445666797e-01	-7.947057584144423537e-01	8.059551722105108285e-01	-7.931837901853664441e-01	3.018833734392189605e+00	1.118472270769514498e+00	1.871497903734296586e-01
2.154529590037117526e-01	-1.188507368653375806e+00	-2.523502965819352517e-01	1.261063837858230618e+00	1.181423332275222338e+00	-5.447778722497660653e-02	-7.707240335324453406e-01	-4.811941756839513418e-01
1.447807186263450729e+00	-7.162185307434920656e-01	5.002574986886583197e-01	2.085053217545465021e+00	6.630142372965560638e-01	-3.923076557328364911e-01	6.027524491456281996e-01	1.715149707316507843e-01
2.576803991159710705e-01	6.313078284351536507e-01	-9.408692181578748315e-01	9.453004725646655393e-01	-8.715193962136859041e-01	2.632458244868070008e+00	8.421568125385858750e-01	-1.440736131490084060e-01
6.029627524523820670e-01	2.408754622097545317e-01	-3.954392926422216070e-01	-3.259484672885483159e-01	3.352100516906892369e-01	7.931055418337454310e-03	-6.568993049754927593e-01	-5.168641775870699284e-01
1.475027517493286977e+00	-7.566456900449534118e-01	6.087177566473873647e-01	2.223250779823616519e+00	6.988747525914886793e-01	-3.240149454132674744e-01	7.632569556338626438e-01	1.528326209235983391e-01
2.019063439660341519e+00	5.475602660557565837e-01	6.083772424395003098e-01	5.613947215183072714e-01	1.128671287376782073e-01	-7.723817010357938440e-01	6.725424796722173637e-01	6.292463477495725543e-01
2.952714069094264815e+00	5.781855677377261138e-01	1.737849099051891333e-04	-1.713841681432340391e-01	-1.213999439883436393e+00	6.126816128683504337e-01	1.703291194984732027e+00	-6.098751522091577781e-01
-4.673660177941616478e-01	-1.152500770441865052e+00	-2.565337929013521423e-01	1.246810337060740181e+00	1.630139079668461388e+00	-2.097173893898535146e-01	-1.291916392572682204e+00	3.644617143354266786e-01
-3.644190077944067796e-01	-1.268834006409805371e+00	-3.201383375506173246e-01	9.332519899074633862e-01	1.569657041534437303e+00	-4.073071052649565038e-01	-1.382974654496064160e+00	4.265883113941052462e-01
1.796624724312076093e+00	4.931910117325642440e-01	2.828071479967603219e-01	4.613711322103715151e-01	5.762687311203215645e-02	-8.747912385539047264e-01	3.294318359532796281e-01	5.024704716373735724e-01
1.461016638426151149e+00	2.846981553196269998e-01	8.955429858376156016e-01	-4.442011438622551212e-01	9.938153438315293631e-01	1.072382101694618617e-01	2.621826334722199281e-01	2.683482434822243023e-01
6.351948350593390469e-01	1.384701695333845628e-01	-3.728179581273299847e-01	-4.232815922223665539e-01	3.893917024327824827e-01	-7.363271600444844245e-02	-6.853703085665548977e-01	-4.549542262471978904e-01
7.251355897573610321e-01	-1.143929797889629896e+00	-6.032835266386135098e-01	2.843821861655761118e+00	1.596821132519889719e-01	-7.000575095244517820e-01	-1.795873025683840107e-01	-3.235529101276687358e-01
8.317444939628385603e-01	-8.330371068019954972e-01	8.296988599835006806e-01	1.265634159543003401e+00	1.430825027803993788e+00	6.237329645387684751e-01	3.486666967338014622e-01	-3.141216749844651934e-01
1.137076978132265603e+00	2.966178330242817407e-01	1.222155483273446031e-02	-5.600829210321774942e-01	4.767985488690736906e-01	2.756708128920017098e-02	-3.440679404252210416e-01	-5.714628238347175815e-01
-2.080443516390360070e-01	7.166294354244988618e-01	-2.469283014379029528e-01	-1.725626158874761229e+00	9.276688424962403756e-02	2.319212499565701080e+00	8.415254530047746595e-01	7.776763949976980284e-01
1.515468891025127662e-01	5.444870282584595156e-01	-6.579808581795824063e-01	-1.251476666008944028e+00	-4.852809922087686911e-01	1.868843875361136719e+00	7.667968935911110284e-01	9.602073365679335559e-01
1.168818721440190833e+00	4.194673452082412490e-01	-7.324079459004382286e-01	4.698651396282396142e-01	-4.547607689955762700e-01	-9.217444851093393732e-01	-3.783253848539150921e-01	-1.580211123268546458e-01
2.025068925263196484e-01	5.934040250245733450e-01	-4.934496149655062669e-01	-1.759311272575433183e+00	-2.593797136217441124e-01	1.582911020958875703e+00	5.703991114220986480e-01	6.109905186433551849e-01
7.521954485036220772e-01	-8.193150635448739338e-01	7.068774384175761094e-01	1.230972461420963837e+00	1.407475131818334724e+00	5.721498852511268662e-01	2.182048425308342199e-01	-3.448677326571902291e-01
1.795550476966258246e+00	5.082690670557208357e-01	3.372113247191216301e-01	4.780768168362339310e-01	9.332184402226223474e-02	-8.441717826894447052e-01	3.788771315198584677e-01	5.183046585544125451e-01
1.406651083539785851e+00	-7.406935144277544403e-01	4.817811747878254502e-01	2.103395716073799271e+00	6.789657431099634932e-01	-3.475301453096628079e-01	5.930620322879489592e-01	1.044396953417252583e-01
1.301219703408852180e+00	-8.303172690289278846e-01	3.886757346284202552e-01	2.191358473514037453e+00	6.985672349695376537e-01	-3.248974596831248340e-01	5.036801153785847029e-01	2.506262255729496680e-02
1.482376473527629468e+00	-6.695742847997386837e-01	6.136365225651232436e-01	2.031167677668085592e+00	7.066925901135648891e-01	-3.272578783863904772e-01	6.874774778541530296e-01	2.054409848218493873e-01
1.301405733250961261e-01	3.897275342140621435e-01	-7.374680041391384888e-01	9.040143221968289788e-01	-6.383806761587178524e-01	2.966295486917939428e+00	1.024194794064741121e+00	-1.174887806254712036e-01
1.388189799239118560e+00	3.339054653192412569e-01	8.659901254578870056e-01	-3.683384318862712448e-01	9.807022423325202354e-01	2.016769840533306768e-01	2.734977694109785307e-01	2.060520811006631148e-01
-1.787013772411722157e-01	-6.050127133660114509e-02	-3.353383095872304875e-01	-5.124760692540051288e-01	9.817085794111748420e-01	-7.326300534932794761e-01	-1.411461518985366981e+00	1.121119660994386757e+00
7.428178500915998406e-01	-9.312196243857365219e-02	-3.784999800770000311e-01	-6.218756275556497348e-01	4.503590407098240767e-01	-3.051352437669938578e-01	-8.044083898807270483e-01	-3.182631283086269081e-01
1.530436064180659583e+00	-5.109676229413893100e-01	3.813662496924904444e-01	1.965922423358646975e+00	4.680446858160147716e-01	-5.629135788112056282e-01	5.642811804441770773e-01	2.163911644496079867e-01
3.609298272900874904e-01	1.183897252909652253e-01	-1.025818337466102959e+00	1.053078365881876532e+00	-1.047768750366187440e+00	2.731489940223661872e+00	1.146055637129593352e+00	1.101367773329010313e-01
-1.764527930792487431e-01	-1.297150085178396584e+00	-3.711082056491956660e-01	5.066461583855830231e-01	1.458074074108727913e+00	-5.473643010144354504e-01	-1.424125852771124912e+00	3.704873420278325113e-01
1.454543105282105897e-01	1.214958973558515620e-01	-7.338589393164774988e-01	8.176374343318169036e-01	-6.409058344082321224e-01	2.992099617000391287e+00	1.107274287622332709e+00	-2.016962056000456693e-01
1.404528117364173712e+00	-6.822846797617019288e-01	6.640019021159506707e-01	1.844008188180901620e+00	8.268446563344015177e-01	-1.870180672276016143e-01	6.472648853163986971e-01	1.371228328515778083e-01
1.380811590080649687e+00	-8.509421217220203282e-01	8.552123027859834803e-01	2.022788586484467466e+00	9.840698920331372168e-01	-1.693047561113563207e-02	8.234055206547582495e-01	1.536397980972435406e-01
-5.446506937769666212e-01	-1.228916138117685186e+00	-3.052950609099942536e-01	8.129190850092194998e-01	1.642293295588456825e+00	-4.540913442262580757e-01	-1.488337150500077977e+00	7.243183931310450685e-01
1.157888277221172491e+00	3.817640395656836105e-01	-7.240960715090825062e-01	5.404527037983090088e-01	-4.375337770704715301e-01	-9.474476758936476450e-01	-3.712691191369678623e-01	-1.132424010205593523e-01
7.789080262810711419e-01	-9.221193558049135541e-01	1.030988858139020525e+00	1.361224354960188787e+00	1.598117220936696947e+00	7.818992325631597406e-01	5.089312642036634138e-01	-2.688193407657183953e-01
1.262074961953000507e+00	9.144702353334729916e-02	5.075491226329994499e-01	-5.503046337368335816e-01	8.599336259018700579e-01	6.536400139798645426e-02	-5.966115098636219638e-02	5.543891591841054733e-02
-1.665811107664865731e-01	2.382108131962693554e-01	-3.553742622229660308e-01	-3.187872616319000207e-01	7.843586723185413945e-01	-4.803728572316935952e-01	-1.212402848985995263e+00	8.897391676855510578e-01
1.747919545327654145e-01	4.071348753676569676e-01	-6.724466947831476693e-01	-1.407643319310842411e+00	-5.055315460073936951e-01	1.674962054616149665e+00	7.255716765827215919e-01	9.464886654307003155e-01
-6.206399562610427356e-01	-1.276502476327094238e+00	-2.731482291906037752e-01	1.162959785858011852e+00	1.715528476911653222e+00	-3.707592339118779279e-01	-1.432138290364852740e+00	7.184797049825148996e-01
1.950376923498467585e+00	-6.069455988202193675e-01	1.855827180544344923e-01	7.938169176366828284e-01	-5.570948832859342476e-02	-1.489279085216655973e-01	8.259958110620134741e-01	-1.115238200316254064e-01
1.466847016596913411e+00	-6.700552177792804542e-01	5.559632846630877534e-01	2.015938293844382390e+00	6.822471933278816403e-01	-3.419013081095571005e-01	6.471220857840327412e-01	1.595770523513050376e-01
-4.967692486218125425e-01	-1.173119397762602656e+00	-3.060750566683591578e-01	8.871380257094213517e-01	1.611411157926536664e+00	-3.753548074826815739e-01	-1.435880907901968984e+00	5.835766272400029209e-01
-3.089470609632521958e-02	-8.940326829894756910e-02	-3.932718965556764590e-01	-5.687133518333497006e-01	8.630776718663040192e-01	-7.724933441469507001e-01	-1.396769266883712612e+00	9.340413774084515008e-01
8.969130118609792701e-01	-1.367646505951857216e+00	3.003502428354633547e-01	4.557635647817049884e-01	1.433856612366764205e+00	-9.308917486949333520e-02	-3.788612315971920386e-01	-3.196685777971143283e-01
-9.055770915447930447e-02	-1.528831418146297194e+00	-3.733894569666840746e-01	3.445089844072612983e-01	1.488296288187089589e+00	-6.858301463579203894e-01	-1.445772857799895172e+00	3.828631148789253258e-01
-2.433824237924655798e-01	-1.412402783614394197e+00	-3.036133712045438471e-01	1.006009080864604499e+00	1.584174039459629535e+00	-3.963003554236157466e-01	-1.315314630756063918e+00	1.942033576049299604e-01
-4.045024987063166044e-01	-1.101452894003898786e+00	-3.483136923419396513e-01	5.702384794399442125e-01	1.492478447202316039e+00	-4.842850476438446683e-01	-1.462131686189132251e+00	6.488852088632625081e-01
3.758603141705150197e-01	-7.877766996300519242e-01	-4.590645550476513681e-01	1.888061853182250838e+00	5.498159025092865804e-01	-1.914800693642972895e-01	-4.312524839088449635e-01	-4.325038612886087375e-01
-3.086165681016809770e-01	-1.336940202533342781e+00	-3.711703526642327056e-01	2.491971026192485728e-01	1.517423839018772869e+00	-7.388123973133579048e-01	-1.570281583653656998e+00	7.512547483044653696e-01
2.056204753779259098e-01	5.839658968852752263e-01	-8.820028506308518201e-01	8.176242357448397780e-01	-7.919119250601968085e-01	2.701895530641795329e+00	9.033827946434609402e-01	9.214678644884288783e-03
9.695818663199901044e-01	-9.051667502813519617e-01	1.147124815656714425e+00	1.386803438693250623e+00	1.541280670532942265e+00	7.021487171848544984e-01	6.619753269411688956e-01	-1.392956937750818858e-01
2.391108355342962954e-01	-8.834135264754813255e-01	-2.107109771869028758e-01	1.474897550554982395e+00	9.970195681484450567e-01	2.858860334147257931e-01	-4.660536143550665367e-01	-7.323843016532570749e-01
1.710707854040461662e+00	1.232494107276138617e+00	-6.914741090859535255e-01	-1.155809538938383119e+00	-1.415940232185717740e+00	1.715182351461812527e+00	1.068337777916692266e+00	-1.696654645672186268e+00
2.549758993259904627e-01	7.740873197542954554e-01	-9.836723364005863779e-01	8.194894175093551114e-01	-9.403516278466756972e-01	2.481134073923052075e+00	8.798500231255860227e-01	5.206668176606482623e-01
3.111737318660916518e-01	4.128863699633829043e-01	-1.087003245074467994e+00	1.001767862027621803e+00	-1.133731439271336239e+00	2.612867525268998126e+00	1.120614665009532995e+00	6.411984763920970387e-01
4.128962083399335681e-01	3.463447758418650713e-01	-4.009351255069301678e-01	-2.497414660800791053e-01	3.866553877941269479e-01	3.495537440973187082e-02	-7.024561987748794145e-01	-3.050674845499878884e-01
1.815744503922668063e+00	5.012186009894565863e-01	3.709738627418974755e-01	4.024864828675625006e-01	1.191549017092806695e-01	-8.223650793771167811e-01	3.763946605267081136e-01	5.157723541391048272e-01
8.181193294851101250e-01	-8.694792248277347646e-01	8.585415089913935871e-01	1.303306700601636781e+00	1.463105196429098420e+00	6.192454069704547148e-01	3.701251148686401926e-01	-2.760280916294808318e-01
-2.715111959920990525e-01	-1.330969665547568015e+00	-3.328201424449986900e-01	8.991117396087024982e-01	1.550040860878048932e+00	-4.110941908229510111e-01	-1.375343296961424544e+00	2.653625939503965747e-01
2.969762560752686742e-01	-7.538689212266513895e-01	-2.368083817594834606e-01	1.231851349946729623e+00	9.100275270026192409e-01	2.602915920070763556e-01	-4.947023311305706605e-01	-7.317894979830785740e-01
2.213503400370524510e-01	-1.717884473592520278e-01	-4.270362657564348297e-01	-7.057844679679755595e-01	7.573473414881218835e-01	-7.069440339347724533e-01	-1.318984000259763256e+00	5.440322232315323303e-01
4.760603840367373385e-01	-1.132010180548207456e+00	-3.242351388302978088e-01	1.478391151019168959e+00	8.621008618575251026e-01	-1.150070561874414338e-01	-5.252068659468618339e-01	-6.125038471392754147e-01
1.862864414022199266e+00	5.246154141630738899e-01	5.159918182474384496e-01	3.190891907097228586e-01	2.192679249001148190e-01	-6.706960289251654439e-01	4.585956415728456026e-01	4.549400803555667117e-01
-5.803962930879473514e-02	-1.291588951408638275e+00	-4.192125906353182940e-01	-1.327599565186124986e-01	1.341576057327235505e+00	-9.010345650813040841e-01	-1.568835057708878766e+00	6.810051004598933755e-01
-8.919370971638045098e-02	-1.497470031360959020e+00	-3.680293718646591716e-01	4.946921869418947626e-01	1.491712014378005824e+00	-6.255261266601260806e-01	-1.417589534385103489e+00	2.718269859835948932e-01
1.962578731617879990e+00	-3.294698340191514196e-01	-9.967233543328277157e-02	-2.435935915896078052e-01	1.067609749851209655e-01	-1.560777325515096514e+00	-3.991780018346136050e-01	5.940067235606178997e-01
-5.631623973130996941e-01	-1.117605092217111240e+00	-2.477002299360719639e-01	1.240464061570069942e+00	1.665553587901482224e+00	-2.116901988563698045e-01	-1.329445489538547465e+00	5.003434049198776101e-01
1.151848025169268874e+00	4.074918773227350632e-01	-7.359675850471464331e-01	6.226897389476578892e-01	-4.584791003171364010e-01	-9.912487346545648670e-01	-3.568017299661184194e-01	-3.017842529807487559e-02
2.964351551168844523e-01	8.622204693235857587e-01	-6.616066785903129688e-01	-1.563070187226902386e+00	-5.202127574348444083e-01	1.334983203592307044e+00	5.082240498036425524e-01	9.431892837174720157e-01
8.927269246778658518e-01	-8.354723516274031869e-01	8.064144679387210690e-01	1.114234073882448328e+00	1.345889002986130567e+00	6.547241198156992237e-01	4.143565058916194310e-01	-2.428747586648772883e-01
1.579001315093768065e+00	4.469272153095684152e-01	1.558142948362621349e-01	2.380622267463722574e-01	1.369239877654949145e-01	-6.389134983957046598e-01	1.210883888227123895e-01	2.389430058834671744e-01
-5.729462508270334320e-01	-1.150783841275876185e+00	-3.073532577418583434e-01	6.003030413851739855e-01	1.622281288237952701e+00	-5.419799485739746903e-01	-1.537571789835556979e+00	8.848673072802824002e-01
-3.919902363648133936e-01	-1.290337489244866687e+00	-2.974664992593683555e-01	8.258872897432718574e-01	1.624236535996209430e+00	-4.238830311514077964e-01	-1.422562803326686165e+00	4.640635087449824780e-01
-1.148274911669700943e-01	5.449450082985340948e-01	-5.605655869972779870e-01	6.668663791456419521e-01	-3.673943818623268132e-01	3.135067543284573155e+00	9.899203546783970076e-01	-1.432639891648682939e-01
1.065944664256112562e+00	-6.060775876993387268e-01	-4.748925388987347285e-01	-1.039052684310674879e+00	3.828365990804536989e-01	-6.183867866602607011e-01	-9.447241302918535366e-01	-3.197519615446967611e-01
8.020105838333296822e-01	-1.001308397469208078e+00	-6.512916577121944384e-01	2.432153893667248656e+00	9.027943592633508318e-02	-7.175955416062940184e-01	-2.821665701228522893e-01	-3.427696934151419628e-01
1.822387190537615220e+00	4.902822165346406025e-01	6.111718291037363526e-01	2.657235088185909144e-01	3.330192920609186813e-01	-6.265830185989695877e-01	4.927418424222627102e-01	5.469731490454933232e-01
1.448906951323350345e+00	-6.750220311554274710e-01	5.704046844187735665e-01	1.985193713160105178e+00	7.086706275941875299e-01	-3.160433537110254321e-01	6.414594722705353469e-01	1.593421327216676675e-01
1.176625048778432214e+00	-6.237016575677294394e-01	-6.068317955319629808e-01	-4.021524910967540500e-01	-4.746416231334509295e-01	1.184613615221355554e+00	3.763440707317644573e-01	-1.062831349668557079e+00
1.038114322657329502e+00	-7.138768783064917134e-01	-4.355753145454198116e-01	-1.251711909863523875e+00	6.314341239817805596e-01	-9.929649152973437642e-01	-1.199785252337481678e+00	-8.569402647419800678e-02
1.994417740431265518e+00	5.354104854552317327e-01	7.001869232274765542e-01	4.405042043971031385e-01	2.217768413515526227e-01	-7.283666456615064400e-01	6.851070206961621389e-01	7.181201986153962213e-01
-6.257696551412607056e-01	-1.093695052488784070e+00	-2.204141677350057449e-01	1.260820444392036999e+00	1.712936430004834198e+00	-1.744429428926186909e-01	-1.325935539214310843e+00	5.328350239358374818e-01
1.771226246343385657e+00	5.184786332372706141e-01	1.458322522387696663e-01	4.524704585509866650e-01	-3.726675243155740808e-02	-9.361839595169065831e-01	2.475805645611177663e-01	4.462796398562960398e-01
5.199575017833368840e-02	6.127487984318471526e-01	-6.081425510182183469e-01	-1.160714077689008805e+00	-3.846036426467607239e-01	1.945539832420845716e+00	7.284117512532705119e-01	9.928598887152724206e-01
-6.053756351487836751e-01	-9.145991735884019258e-01	-2.785016674511798240e-01	9.239636282912563336e-01	1.576927769054094153e+00	-2.561493727976203449e-01	-1.393728457514197494e+00	7.055514080771441154e-01
8.477190905523818154e-01	-7.229144559961830918e-01	-6.461018921783397984e-01	2.121735123468724726e+00	4.606180955679495259e-03	-7.626349819748479142e-01	-2.969665015456570134e-01	-3.110152289927133329e-01
1.537295480457556707e+00	-6.671235414106569950e-01	5.448340941482610056e-01	2.142724700760616496e+00	6.034700256878655633e-01	-4.367104018795517906e-01	7.030293602117765328e-01	2.384263989619433977e-01
5.058877147909462968e-01	1.177354959865832384e+00	-1.171452400864998467e+00	1.686526211509370210e+00	-1.518593300662999912e+00	2.855390184058429703e+00	1.261045277699965661e+00	-1.322755979552625305e-01
1.392361399817826806e+00	-2.326370312548807495e-01	4.898528400916729586e-02	-9.628575639731836722e-01	6.591193835411466306e-01	-4.366157031777586073e-01	-5.649410003445933803e-01	-2.603164061443585253e-01
1.970857210857574371e+00	1.294767525588990775e+00	-5.971623022273873094e-01	-1.819161544234547456e+00	-1.277101249500910640e+00	1.022892031713162675e+00	7.462102719956595909e-01	-1.422243349613554475e+00
2.265539453861879216e-01	4.041735184462049157e-01	-5.572577327114336398e-01	-1.565809454252206523e+00	-3.105123565004060948e-01	1.558828511671989769e+00	5.667915759341244364e-01	6.025867593938235567e-01
-4.015432956453435787e-01	-1.228235660564178211e+00	-2.998895279174670914e-01	1.032040568978791040e+00	1.590080248502113713e+00	-3.489042003975426076e-01	-1.357155471482342390e+00	4.215174709497893080e-01
-3.833105196586317209e-01	-9.146489384107666654e-01	-2.986770573665133433e-01	9.886148006809514222e-01	1.441538653156754890e+00	-1.868916619445018246e-01	-1.244282083154826246e+00	3.345451877228640125e-01
-7.062055487999500947e-02	2.414443284909330301e-02	-3.774737601051620928e-01	-4.752275519742488741e-01	8.330650900688819638e-01	-6.476698936565551401e-01	-1.339420451885789953e+00	8.698883060566002801e-01
4.925285225729690852e-01	2.792006782095773354e-01	-4.513468061834668976e-01	-1.688245986584318459e+00	-3.713610887544419592e-01	1.987970476499897998e+00	9.003982895609085046e-01	1.548859623001354324e-01
8.721479637446108990e-01	-8.083441044270459619e-01	8.916465068233156988e-01	1.203704551928647115e+00	1.440430220479836709e+00	6.377439996757285900e-01	4.041940535973503890e-01	-2.753703813727383376e-01
9.319227018348367197e-01	1.232904250646991717e-01	-5.797355285654506307e-01	1.910516452466179405e-02	-1.143593209410994072e-01	-4.121579149476939929e-01	-4.765589135219827632e-01	-3.790071610834776505e-01
1.937331853458637676e+00	1.400503398547751965e+00	-5.772644879299445586e-01	-1.221316476754185087e+00	-1.398212890532190000e+00	1.619592164413069524e+00	1.071586984913479812e+00	-1.700081807804734391e+00
1.423806958716722804e+00	-8.450852744353167800e-01	3.344542756841017428e-01	2.473630998809607018e+00	5.376074426390650141e-01	-4.735951788786085248e-01	5.942877545865858924e-01	1.047427479365425629e-01
-6.170684334568157098e-02	-2.726458434359407268e-01	-4.035449560308192463e-01	-6.694565738916882225e-01	9.186816676430620277e-01	-9.361035839237381584e-01	-1.479664935857460506e+00	1.123571961378797557e+00
1.452782069905232953e+00	-6.077796494934563087e-01	4.172639178863738474e-01	2.148816173654455319e+00	5.582365961013250333e-01	-4.812761629134899022e-01	5.565468975758787185e-01	2.396246711473781488e-01
1.339308236080064329e+00	-7.663482553373270889e-01	3.166346194454496832e-01	2.216811619704679437e+00	5.989513127896345379e-01	-4.339796341957170567e-01	4.752988459481092276e-01	7.440629795085570986e-02
1.345964126571233654e+00	-8.525481405643895449e-01	4.475298676516247243e-01	2.363717797205643567e+00	7.015444863526342223e-01	-2.387402990851341111e-01	6.004639710860487645e-01	-3.188363809460072196e-02
1.816674270207651265e+00	4.744306664186503375e-01	2.881199838079336328e-01	4.611097847401488536e-01	5.627539014297960884e-02	-9.077657051402518995e-01	3.307231629296775166e-01	5.294181509395762264e-01
3.594026304491458601e-02	7.935141121567959033e-01	-2.407967031578598094e-01	-2.060103356879876113e+00	1.169633681296320948e-01	1.754575881851416108e+00	5.383748186421055681e-01	4.288623531938443589e-01
-4.907529452119274715e-01	-1.066260216845667408e+00	-2.839385837162197723e-01	9.249340712766709327e-01	1.587503906117710972e+00	-3.026377300892511002e-01	-1.392358161495418356e+00	5.339845145887742728e-01
-9.054285716811574791e-02	-8.532745587895002037e-02	-3.675948679125035645e-01	-5.644073627992108877e-01	9.238535924264543731e-01	-7.960749461885258116e-01	-1.426823256254988959e+00	1.049293046985694922e+00
9.181841242625177202e-02	8.303180011107536007e-01	-8.396841385726498963e-01	9.071099364138237586e-01	-7.888076130533734354e-01	2.905222184119230278e+00	9.815810722364806118e-01	6.554555794290339854e-02
9.422485278625651883e-01	-7.900814039190560134e-01	1.001718043934269442e+00	1.149104982288893240e+00	1.462255931887638694e+00	6.356564464912380918e-01	5.061272299640241501e-01	-1.826922758427897420e-01
7.960219503910896943e-01	-9.072209075973881598e-01	-6.332471491856127566e-01	2.476223283112843454e+00	6.532107964932021282e-02	-7.558534721712346638e-01	-2.452465714331787394e-01	-2.972722545470211641e-01
1.432096628247849113e+00	-7.847575607937812281e-01	4.272671225108778392e-01	2.327332621965339854e+00	6.022140999182673538e-01	-4.397874560094153784e-01	6.161070749877176622e-01	1.520536537251530318e-01
6.236948739667491637e-01	-1.124687667525199553e+00	-5.528602426334526809e-01	2.640284086245856976e+00	2.991202111358473581e-01	-5.315055883123830371e-01	-2.232708413589693242e-01	-3.892370934857411480e-01
1.331765409113977006e+00	-8.894010345655163352e-01	3.684255327988803508e-01	2.457916962799229221e+00	6.445458832533214055e-01	-3.570353592068918891e-01	5.610542419900820255e-01	3.249670375095303765e-02
-1.545597251889862522e-01	-1.387532961501326767e+00	-3.302021833048348065e-01	9.366291648692631755e-01	1.508795788855843645e+00	-4.187984043032202397e-01	-1.298624077186902426e+00	1.414502220135107902e-01
1.425307379480522663e+00	-8.557386979077461486e-01	4.564649329315225712e-01	2.402925704146852137e+00	6.370640470191583082e-01	-4.060337431894709415e-01	6.553151338687353000e-01	1.377088313262068708e-01
1.035156273760994061e+00	3.363595262278593623e-01	-7.033381013159799577e-01	4.694817651727158925e-01	-3.348877246052799350e-01	-8.376939050408729326e-01	-4.285854699371630105e-01	-1.137706007054376800e-01
1.005530943138585487e+00	2.406581643273384419e-01	-2.680144198733581118e-01	-5.705875894486927002e-01	2.658362157419365546e-01	-2.803585606434957217e-02	-5.465939211220179894e-01	-9.043514943773397485e-01
-3.602292939773353575e-02	7.903041055090680445e-01	-2.666841187914545941e-01	-1.879161227089893638e+00	5.545261896071958241e-02	1.978917779394460563e+00	6.621521400187654338e-01	5.758855922720272913e-01
-1.636550017130263268e-01	-1.175626438599201240e+00	-3.884149914763611600e-01	-3.574318003240654212e-02	1.392182641461066295e+00	-7.866431818648992325e-01	-1.555619663895613236e+00	7.028614800434807020e-01
1.505315206803582218e+00	-6.663107669059582516e-01	5.625735704304042351e-01	2.060831029835889616e+00	6.511815228203776673e-01	-3.807662267068498974e-01	6.825926215789983598e-01	1.946937273614888775e-01
3.162143098787105200e-01	6.332564422955393457e-01	-8.901093025812956139e-01	9.825615708714869889e-01	-8.202825329941066945e-01	2.616823794512623813e+00	7.700670865071754800e-01	-5.729159842618938292e-01
6.401353804885739907e-03	2.800443501217526054e-01	-6.867921533048734206e-01	7.803618304553125995e-01	-5.611105511875322804e-01	3.081995282708652972e+00	1.103049844578577687e+00	-4.779278531951584169e-02
1.834829558533584981e+00	5.087572430427746983e-01	3.473213660840597239e-01	5.333254252482471092e-01	6.306708844418028315e-02	-8.785942909972251913e-01	4.181386099720763028e-01	5.517872886065432469e-01
-9.998246859505753592e-02	1.289791995954299164e+00	-5.020304185433038802e-01	5.402438390999239060e-01	-2.716143549664361556e-01	2.764103208402276302e+00	6.338839007859896624e-01	-1.251587928415242856e-01
-5.649927272519624788e-01	-8.345544367434922783e-01	-2.923653345003786042e-01	8.815971224578392773e-01	1.516452497542629230e+00	-2.270349013128519222e-01	-1.368210993470885262e+00	6.600387025110783235e-01
5.865210782115500843e-01	6.527880251853204197e-01	-1.082045905822691223e+00	7.326705490421179245e-01	-1.166294889498342702e+00	2.438573637134807015e+00	9.204399378381462604e-01	-2.831647960269267350e-01
1.822850152869152529e+00	5.189878339747016067e-01	5.319177270776952460e-01	3.148206201543114480e-01	2.506852571934516383e-01	-6.878507848357037213e-01	4.644042558172050139e-01	5.374677287565849948e-01
6.549524981210027574e-01	-1.586289828805976576e+00	-4.008805341341666328e-01	5.135132229221816003e-01	1.072832860658629262e+00	-5.452500407126145143e-01	-9.859490812341816790e-01	-5.042604467326711193e-01
2.010101161241942269e-01	6.571065308061885268e-01	-5.616977859810874385e-01	-2.242001187906889736e+00	-5.075325890205936163e-01	1.344507025406568523e+00	7.172653107753464985e-01	8.605337080693347129e-01
4.252663467720153578e-01	1.291224197571027243e+00	-9.526881499631352224e-01	-2.952525506967588198e-01	-1.131229665791365635e+00	2.570546179683925292e+00	1.086457771690093610e+00	2.347309529777688031e-01
7.321008976050810690e-02	-4.000580322179725923e-01	-4.272749040408077570e-01	-8.081202587209878052e-01	8.969992561025887934e-01	-9.661049824530529850e-01	-1.482657546553137529e+00	9.659316394784862592e-01
2.473999320259670509e-02	4.846148148067654371e-01	-6.496621489096532365e-01	4.459393739845688431e-01	-4.211584864760183899e-01	2.788067681313553869e+00	8.140346525739775574e-01	-1.839890080017944907e-01
-4.216039821952001221e-01	-1.143501038234107314e+00	-3.154693012196794766e-01	1.062362654899037473e+00	1.554408955690353755e+00	-3.249145002591466991e-01	-1.355417221440779141e+00	4.955366010112592923e-01
-4.341118755289334330e-01	-1.284226291336292958e+00	-3.277407771640505896e-01	7.046431563096349215e-01	1.570671780533000828e+00	-4.594621446014566235e-01	-1.445015868996243791e+00	6.048274816987796454e-01
1.926914265247814950e-01	8.374362790883675967e-01	-7.434856943139988017e-01	9.832887810832301456e-01	-8.181131311726276278e-01	2.981239170575841868e+00	1.207104550874075199e+00	4.805227109721631473e-01
7.865574005833650406e-02	5.527333633538695778e-01	-6.666410280878884986e-01	5.995448990780880560e-01	-4.241977908418622101e-01	2.672916557673176374e+00	7.150590522473523336e-01	-2.176033208413198083e-01
1.056801515305190176e+00	3.882209026803236651e-01	-7.205406215448543206e-01	5.062303886019012822e-01	-3.744755006161094024e-01	-8.703625596450067503e-01	-4.156301375521323505e-01	-6.944428814894011703e-02
-4.621897169362066404e-01	-1.297230087901753537e+00	-3.386582597423106744e-01	5.591709839417243755e-01	1.595333759476243785e+00	-5.670627763131588228e-01	-1.525931447885430003e+00	7.524483257602576636e-01
8.288080558821504518e-01	2.778462296918832175e-01	-5.809538365907535029e-01	8.164282366644770583e-02	-6.520508955710641041e-02	-4.865908199724249816e-01	-5.522117584838778237e-01	-2.789658546039321951e-01
-5.524736133642638158e-01	-1.095917719001253676e+00	-2.833836246128022540e-01	5.178248211108569254e-01	1.651164184889548858e+00	-4.664843743148030519e-01	-1.515134572642604427e+00	7.797419372700837847e-01
-5.679891965053968095e-02	-1.925281452839669727e-01	-3.506197159651742168e-01	-6.687609079152357916e-01	9.678187962465889527e-01	-9.371380036750743825e-01	-1.484353354149920090e+00	1.147276375874526577e+00
1.299449511635488941e+00	3.609121889387415516e-01	7.506264395471028417e-01	-3.562331724023698465e-01	9.373047245155197160e-01	1.920640086792260726e-01	1.545619112391458105e-01	1.703735433706596580e-01
-5.331642784765250331e-01	-1.256222604188037772e+00	-2.872910254246926476e-01	1.027582099558514539e+00	1.662110874730224230e+00	-3.975697807830778641e-01	-1.425657027540984556e+00	6.863821251580185523e-01
1.481177432918665993e+00	4.580079956726139379e-02	7.421754404970618557e-01	-6.930998609973334501e-01	1.015988831807872028e+00	-1.418017453087345725e-01	-2.163190632813500811e-02	2.700330697237142141e-01
1.898870942815949148e+00	5.956473706731302276e-01	5.329330265321574611e-01	4.683327735783731072e-01	1.433627396457398118e-01	-7.859860273786518636e-01	5.195567920580310695e-01	6.457019073532910269e-01
7.672864596611017607e-01	-9.495561507754600727e-01	-6.526313380317358970e-01	1.924469825250060717e+00	2.455963220567297101e-01	-1.016057149023261053e+00	-6.216142330228467960e-01	-2.916073196475746625e-03
2.112245924580429257e+00	4.959419598638938331e-01	6.138689921030058283e-01	8.674291741749422524e-01	-2.587934725282961534e-02	-9.463831136628786389e-01	8.577284735118511083e-01	9.058042427674852792e-01
1.130051499209978882e-01	1.554490895005288253e-01	-3.895900836765284758e-01	-2.163728420885808745e+00	-1.563459251740390576e-01	1.644965437414357190e+00	7.506402551905734244e-01	4.946236326396453165e-01
1.469326003347587228e+00	-6.813132635738302634e-01	5.614932539105396136e-01	2.049594178334571914e+00	6.795818995225991754e-01	-3.536711303775882387e-01	6.699109902629762914e-01	1.699147932945861139e-01
9.300717749313727745e-02	8.376448167473211637e-01	-8.056571002721476527e-01	8.568950957810766988e-01	-7.597657083202603578e-01	2.969150723368982003e+00	9.945663272943170430e-01	-1.001280191744897130e-01
1.315338121199655763e+00	-7.917448143637862978e-01	3.821264440185433986e-01	2.138062442721722523e+00	6.832406122387485459e-01	-3.318076091372270109e-01	4.900600321361571199e-01	2.072900725097903685e-02
9.739944941941193202e-01	-7.134310710492465235e-01	-6.741606603753002025e-01	2.205916147801675553e+00	-9.710430805614485295e-02	-8.981057683002622305e-01	-2.587841045720687960e-01	-3.048790023201652377e-01
7.122332072394040869e-01	-1.085801145513753951e+00	-5.964606987273564087e-01	2.694945601809297653e+00	1.858361434090979036e-01	-6.476414702368518128e-01	-2.162930995369408416e-01	-3.461211746419687318e-01
1.164911880749862849e+00	4.721580007946314939e-01	-7.539624877281516646e-01	6.041106452437237095e-01	-4.810715965197984167e-01	-9.052105235750121937e-01	-3.773295217540414415e-01	-1.679955374670953350e-01
-7.219412796776202290e-01	-1.253327136810462594e+00	-1.781613156710586399e-01	1.348806570054931875e+00	1.852924644954831779e+00	-2.219318899494721886e-01	-1.381478430377723665e+00	6.324374946197888203e-01
5.206718386492725781e-01	3.124340496523310140e-01	-3.977457813497687900e-01	-2.757039622103223953e-01	3.470410063633875275e-01	4.944125587206403549e-02	-6.694687230045340831e-01	-4.592723637591571428e-01
-1.716267229420555540e-01	-1.435822235155186588e+00	-3.531544078701137068e-01	5.625826860323538403e-01	1.515736971917713838e+00	-5.855180667133875749e-01	-1.430735584493760815e+00	3.430108812877468161e-01
-4.092682257792555345e-01	-1.109665905269504149e+00	-3.138646142693638508e-01	6.715675916395964506e-01	1.559105352087080121e+00	-3.850029184257370285e-01	-1.428039669778599530e+00	5.284917183245183558e-01
1.189677707954341690e+00	-7.840988433914342082e-01	2.586749445913910650e-01	2.040862607776421367e+00	6.849344115585157544e-01	-3.087860366008753354e-01	3.406859299589996004e-01	-6.085223704610012718e-02
3.169197883015844042e-01	7.822122694409703314e-01	-7.129819251105591338e-01	7.024309575363810731e-01	-6.097619581856726922e-01	2.635746480358710730e+00	7.025311046935356352e-01	-7.765584274992666236e-01
1.325969056023532211e+00	4.346604403423264817e-01	6.939583926357170141e-01	-3.511023377912322330e-01	8.541138130973507936e-01	1.401925822668458055e-01	1.529188410134846576e-01	2.230469730279415752e-01
7.859763866997490078e-01	-9.162875973543307406e-01	-6.096794599111116097e-01	2.488738968743939850e+00	9.626141230849452612e-02	-7.316640795084763393e-01	-2.273278945975986953e-01	-3.026887877304999530e-01
1.324711900070733583e-01	2.323634572079728566e-01	-8.518241230821234078e-01	1.125059335308351116e+00	-8.893470272031688273e-01	3.214396511228847064e+00	1.335826925193041470e+00	-1.187833968255870912e-02
9.130503373347553797e-01	-7.653204144209869719e-01	8.840017448818634493e-01	1.084232662820112436e+00	1.390301423946823878e+00	6.290987659722317993e-01	4.283743363853171338e-01	-2.165424296077277933e-01
2.752237292374188904e+00	-4.878626921665638050e-01	1.335102869260669234e-01	4.399553915544392180e-02	-6.300293347478287398e-01	-1.414425626441697115e-01	1.208427320850716358e+00	-4.877911517783943829e-01
1.535201881037759009e+00	-5.897643715695218836e-01	5.593310061217335871e-01	1.964843403176134373e+00	6.178548524035686329e-01	-4.142010283669124715e-01	6.696462214147905767e-01	2.336480942028936192e-01
1.900383021443529996e+00	-1.268056828167688943e+00	4.128289651057687193e-01	7.396358589481540902e-01	8.262726675992625447e-01	-1.042043286916850109e+00	-3.248366940854045121e-02	3.933623923171882808e-01
1.403686094941056783e+00	-7.202482060684166632e-01	1.814665243779767234e-01	2.287513981633027438e+00	4.355818337201645685e-01	-5.433041120717100325e-01	4.390554054460448219e-01	5.310386710739462002e-02
1.319114676515567686e+00	3.343176568205594723e-01	7.537241696088970988e-01	-3.612797909471901492e-01	9.308922041240400569e-01	2.079118522038318484e-01	1.872604062844129280e-01	1.275638850342832031e-01
1.774826151318689371e+00	1.145327739268035883e+00	-6.035836198752687620e-01	-1.297794243861117858e+00	-1.260804212809040648e+00	1.718476601402831649e+00	1.037251361067363042e+00	-1.369988043057784211e+00
-8.531659510545500091e-02	-1.593563504427882638e+00	-3.503332244770092085e-01	4.238776524725789141e-01	1.529261194669385038e+00	-7.170842677529987164e-01	-1.445121697383415338e+00	3.812691414705228210e-01
-5.123348714856350572e-01	-1.169169593874268553e+00	-2.649028699765169081e-01	1.233488514121856783e+00	1.650947287462905644e+00	-2.375952359942311853e-01	-1.337753905312812908e+00	4.341623318569824419e-01
1.246984079624700037e+00	3.264805522934843829e-01	-1.448210500629734387e-01	-6.939888473942727731e-02	1.260260414332512735e-01	-4.218192181142545460e-01	-2.099384935050868650e-01	-1.482485343947961554e-01
1.647556038652709665e-01	5.787949342535809727e-01	-9.171622599337112547e-01	1.070353210377047226e+00	-9.337651358285766756e-01	2.976395328456746370e+00	1.140860133294709700e+00	1.081891687239885380e-01
1.599329962166332164e+00	-7.901398142021881510e-01	8.727038810233270771e-01	2.280662913070347741e+00	7.866526120005671308e-01	-2.001970201726869791e-01	1.007092930607227599e+00	3.424075759897340365e-01
-2.542961222726418669e-01	-9.878408094415490615e-01	-3.588682917975144493e-01	1.655441309148396600e-01	1.388642873972571357e+00	-6.023153719135845297e-01	-1.498994583420849125e+00	6.198892264983461020e-01
1.738929329091196907e+00	1.418316509677429726e+00	-6.767059410820188692e-01	-1.791124693781321664e+00	-1.274457626046835435e+00	1.255269248867214804e+00	8.001041187258111087e-01	-1.081057673976869138e+00
8.984932807084571316e-01	-4.344048407335286410e-01	-4.378472422906862227e-01	-1.023461439827433317e+00	5.475355913970613164e-01	-7.408584882977862218e-01	-1.103329699237566963e+00	-1.634438192813953694e-01
1.664891180632895429e+00	1.708061306655635825e+00	-5.713140369567082377e-01	-1.945714949408035910e+00	-1.225208729568372679e+00	1.500534686760997660e+00	8.957824554609744583e-01	-1.380267402872815241e+00
5.318316743620571385e-03	-3.000829627801434030e-01	-3.860058774862356601e-01	-7.754372727086097372e-01	9.482334805040475434e-01	-1.003606822567877810e+00	-1.518532253064190707e+00	1.066166653316339641e+00
2.013282087411579768e-01	5.355359011602700559e-01	-7.367557358597048855e-01	7.974444498960566730e-01	-6.482445748130661878e-01	2.861249584591411210e+00	9.417782447623737063e-01	-3.017129642486161556e-01
1.512837291839040477e+00	-6.276078606363612034e-01	6.585314130532007315e-01	1.894555947042719124e+00	7.272876992382023564e-01	-3.054559072788375906e-01	7.014123202917506017e-01	2.134845236822788817e-01
2.658711513162088647e-01	8.107803038014798069e-01	-9.118263636020755847e-01	9.472861327340393878e-01	-8.958197134832137642e-01	2.769062960518426486e+00	9.122962530258752478e-01	-2.563194976244636547e-01
-1.668317895036450504e-01	-1.403389125068800869e+00	-3.472652180459572802e-01	7.069397458700699133e-01	1.507236737073013755e+00	-5.016946201233514202e-01	-1.373912403155762352e+00	2.548021942295400910e-01
6.346580625862935365e-01	-1.030566130187966056e+00	-5.601738561493224688e-01	2.432531506103627894e+00	2.898420142172293823e-01	-5.192750610662332234e-01	-2.728408938600972444e-01	-4.029153060101710593e-01
7.369973806649220138e-02	4.651214260433327863e-01	-4.897385859948796827e-01	-1.258573213141422453e+00	-1.956139141444506457e-01	1.957096262090265659e+00	6.459714515605076146e-01	6.096801484605305355e-01
3.896420849775158457e-01	5.650023224704039393e-01	-9.729908729914573673e-01	8.328951217330138324e-01	-8.941439064731241393e-01	2.430088860959872310e+00	7.705862955564770633e-01	-1.942456441572759651e-01
4.037682891439904331e-01	2.566668276347195410e-01	-1.092456085797773202e+00	1.098663573397613114e+00	-1.139126335853578587e+00	2.637412327302435244e+00	1.103773794174710332e+00	1.676183744111790497e-01
5.379067810126699767e-01	-1.125136489097134040e+00	-5.038886414467768082e-01	1.378081057026655065e+00	6.525127393018212985e-01	-1.538829624831194121e+00	-1.081990087410859669e+00	1.112859635347770881e+00
-1.405449348221060879e-01	-1.338373841454094437e+00	-3.862142828321718513e-01	4.004808485424092845e-01	1.427089764805447025e+00	-5.974891321345884299e-01	-1.428581704936721319e+00	3.989941538907833540e-01
4.914741743380568462e-01	-7.243622721105814899e-02	-6.593122871774916849e-01	2.958628902620669132e-01	-3.482198590384853742e-02	-1.914553732385406493e+00	-1.192620474190959179e+00	2.019049256797909475e+00
7.029687691354725709e-01	-1.195400765424784240e+00	-3.886769296271018193e-01	-5.503160646685894414e-02	9.614120651468591738e-01	-5.433111937888515097e-01	-1.015518032480826838e+00	-4.408396999943466898e-01
1.767361375089284481e+00	-9.617476311609498563e-01	5.189140744244941095e-01	1.043240458985008834e+00	8.323440689153482897e-01	-8.655317144256767792e-01	1.286205402382329110e-01	4.458106069411693628e-01
1.717152925170256195e+00	-4.016962904082491681e-01	6.728535758214982954e-01	1.885574246180513613e+00	5.199923227582579077e-01	-4.929598619767451839e-01	8.094401023215397339e-01	4.114220530556214617e-01
1.071512605539508556e+00	-6.092318141206783944e-01	-2.603580121193970198e-01	-5.592184407477147623e-01	5.619130825950287011e-01	-3.344149161897770894e-01	-6.981557965483052852e-01	-5.308144361082733909e-01
2.475131367845573305e-01	-7.582045980458506085e-01	-2.215584574177016375e-01	1.334881499553898454e+00	9.575351342854174774e-01	3.277981705050745931e-01	-4.876138445076664829e-01	-7.549931350417379283e-01
-3.117101465456312837e-01	-1.478128336270636778e+00	-3.065066476215353997e-01	1.051329947216872451e+00	1.626148418496099257e+00	-4.199794736057724798e-01	-1.365731974770258095e+00	2.876870953386868601e-01
1.574068987299948263e+00	-6.047395153347600028e-01	2.735915607773681257e-01	2.288240434262726275e+00	3.446761224055039374e-01	-6.855438331111283201e-01	5.764464470044590172e-01	2.286162190736795996e-01
5.967586171702171649e-02	-3.505154216252066857e-02	-4.037074139943740980e-01	-5.424796603943291551e-01	7.615952279684741200e-01	-5.873829841876488933e-01	-1.262217090996106128e+00	6.481859876585419622e-01
4.727042635338518650e-01	-3.131319917814661680e-01	-4.046454685750026647e-01	-9.299959017912190484e-01	7.702220433970571323e-01	-7.220683369886619074e-01	-1.274526735440681513e+00	2.916497789745184921e-01
1.120898795428976885e-01	7.258423439288530510e-01	-7.784389005477070356e-01	9.174631020023972239e-01	-7.076136622081883321e-01	2.964762318464582158e+00	9.591265888087905367e-01	-2.867708780615197961e-01
1.827284165767426138e+00	5.159472241982738794e-01	4.081647078332877321e-01	4.178739418066432787e-01	1.289330715768907398e-01	-8.038898295184980780e-01	4.157842549721876280e-01	5.411937493621252759e-01
9.159584765645519822e-01	-4.915449050886583349e-01	-4.153871220897710770e-01	-1.071968726162120911e+00	5.988243817432069571e-01	-7.282489846644175646e-01	-1.086373847953550964e+00	-1.938993505741587742e-01
5.777481953358254430e-03	3.461422191480136301e-01	-5.509914395002031284e-01	4.196049507337984430e-01	-3.805483691583801398e-01	3.023222759371358759e+00	1.018320119070913909e+00	-1.529484210713378256e-01
-4.297694932613968510e-01	-1.491485745843275312e+00	-2.906975539193731861e-01	9.678876122059012488e-01	1.702662758958345401e+00	-4.929711473801327570e-01	-1.448046998265966057e+00	5.016872189632721746e-01
8.461755116803822141e-02	-3.738590899711775606e-01	-4.103829695391391641e-01	-8.374605040067615302e-01	9.293878711304757179e-01	-1.035242980344380559e+00	-1.526490231675635689e+00	9.881165686667201520e-01
-4.745972198313132273e-02	-1.992938035184549928e-01	-3.894836796142461255e-01	-6.592946222735635020e-01	9.135358651247478257e-01	-8.779966064052383556e-01	-1.464014026607020069e+00	1.044715081809778123e+00
-4.060855234676900016e-01	-1.214348336402770512e+00	-3.047979805851403490e-01	9.132860822892199248e-01	1.584835457737475917e+00	-3.590424766330376216e-01	-1.376990169577980705e+00	4.387020312943066824e-01
1.422861693922263138e+00	3.636965916392334575e-01	9.353209740266392735e-01	-3.426307237021999352e-01	9.981610668672120656e-01	2.102217846724656336e-01	3.418772861621037773e-01	2.699804229467860361e-01
1.166164758734350437e+00	4.204817535455717681e-01	-7.334282391491157016e-01	6.410248868337645733e-01	-4.681045702869802150e-01	-1.012217753091557704e+00	-3.453059628901560263e-01	-2.504373635007901139e-02
1.469993213444899860e+00	-6.638262195028179491e-01	5.207120101527218381e-01	2.105066019660843057e+00	6.427768774403903596e-01	-3.548571504118727682e-01	6.511193513977635572e-01	1.388751781302383359e-01
6.076998496504495417e-01	2.253955261556389589e-01	-3.586789539811616745e-01	-4.137904399201319805e-01	3.856285091572879686e-01	1.798907259701970629e-03	-6.496756752445789207e-01	-5.016714083782281008e-01
1.645769359325603975e+00	4.628671743706168074e-01	1.591509983926150396e-01	3.533369986203498403e-01	8.066946131333442571e-02	-7.712275071485126254e-01	1.680782223567095779e-01	3.426368223552746506e-01
1.081527551520099717e+00	3.266329012299983292e-01	-7.085207708021207251e-01	4.832868957960764211e-01	-3.584039870389890692e-01	-9.118673583569607555e-01	-4.250940177487815275e-01	-7.331624977921370745e-02
-6.721031913022498805e-02	-9.730394553130029822e-02	-3.806371353592193918e-01	-5.776178259257918057e-01	9.028765392163126124e-01	-7.831933656193050819e-01	-1.418602804312863785e+00	9.891731010959126102e-01
1.937381912052971167e+00	5.272688926786528452e-01	5.243572377341093604e-01	4.316859342770665853e-01	1.376778925219815930e-01	-7.755308591237193294e-01	5.415765550307273246e-01	5.497837758652655005e-01
2.274123361494387319e-01	-1.426434771352033497e-02	-8.602077868133017891e-01	9.706880667817200381e-01	-8.547363658927852326e-01	3.002302651060057670e+00	1.260975913786780422e+00	-1.397130297297439821e-03
9.453166459553051792e-01	-6.818117462232907711e-01	8.691092360434827802e-01	9.072475265962304247e-01	1.361380829276131132e+00	5.864030772589203799e-01	3.806249124578355847e-01	-2.556928973742318978e-01
-4.191496862541589374e-01	-1.107224858271025569e+00	-3.052765362207581212e-01	1.013817743163202945e+00	1.557732573705104206e+00	-2.749518138041613935e-01	-1.355097579616606707e+00	3.842885793904039504e-01
-1.469232410792011001e-01	-1.360912077473600545e+00	-3.097227889441956927e-01	9.722491341704555534e-01	1.506769736160862516e+00	-3.698874740460036392e-01	-1.266688966844212283e+00	6.956045973532609672e-02
6.344679114177312340e-02	-2.303125061623585712e-01	-4.057584791497884091e-01	-7.216019932403874293e-01	8.926535356690471490e-01	-8.739865097987417064e-01	-1.453815397182290248e+00	8.904979089154538840e-01
1.817562046583652613e+00	5.033819864385369325e-01	3.176263560990246759e-01	4.694982067612181176e-01	6.139474726184457332e-02	-8.594596679932866579e-01	3.746065706493822978e-01	5.148087827671050665e-01
9.722715576541967053e-01	-5.108970933171133044e-01	-4.567703378581419171e-01	-1.067994650352105390e+00	5.279503846654962640e-01	-8.022320678260426163e-01	-1.113795903462269976e+00	-1.938567488209120004e-01
8.337727408058638323e-01	-7.885894815163365656e-01	8.031669115590331920e-01	1.138587798549824504e+00	1.409283292091638717e+00	5.862056122660928015e-01	3.136304934169349967e-01	-2.918999216335141922e-01
-5.414018718045560119e-01	-1.244159329460714725e+00	-2.773774242925433064e-01	1.053401788103792480e+00	1.678556086433312222e+00	-3.540710608881142973e-01	-1.429260382571264199e+00	5.679481685234677446e-01
-5.883375679782983925e-01	-1.500325370812677361e+00	-2.985823638113013767e-01	6.915659298792071752e-01	1.739482825455718640e+00	-6.184869830395001156e-01	-1.550316578478177387e+00	8.309597539005302291e-01
1.959310250876359905e-01	7.128351450990608740e-01	-5.189169532936682705e-01	-1.632152741327143053e+00	-2.664716218555804317e-01	1.556368310764938201e+00	5.087893817996015366e-01	6.745439411616478420e-01
8.585249054953465464e-01	-9.467347918127307915e-01	1.027542739182879528e+00	1.430694648935874502e+00	1.548332223737133084e+00	7.059803111992759561e-01	5.375032397652325100e-01	-2.347625837944949667e-01
8.678112724857837135e-01	-8.380385060654220730e-01	9.065177914901830780e-01	1.280844564259222995e+00	1.452907458282155950e+00	6.549909854693382050e-01	4.266747842825310277e-01	-2.756441638370887848e-01
7.524981298332559243e-01	-9.498970167620203187e-01	-6.306133004566920608e-01	2.417272214028580279e+00	1.094649710976013657e-01	-6.658708630004400719e-01	-2.510075909895633783e-01	-3.358982193588876397e-01
1.528819748891973029e+00	-5.885596928611750434e-01	6.308522506753954096e-01	1.880346063647898802e+00	6.843486777558243084e-01	-3.456610379878575778e-01	6.921592961183780091e-01	2.307416459022781918e-01
1.317722527150132938e+00	-8.530584688969152785e-01	4.956075261629419026e-01	2.400879138793634127e+00	7.341012369396789916e-01	-3.247769603681519568e-01	6.157907344066553268e-01	1.822562526622839851e-01
7.970500597451908309e-01	-7.521549674736000002e-01	-6.330098610941956583e-01	2.134269682620320019e+00	5.936138112291386437e-02	-7.015838180866125207e-01	-3.054505036831384190e-01	-3.262642930221368309e-01
3.882417219903886441e-01	-4.377956439915176579e-01	-4.406239768674274915e-01	-9.588735123542460048e-01	8.208371565269112491e-01	-9.567130844252668131e-01	-1.430064170420227709e+00	5.786929876353380520e-01
8.323458677150587237e-02	5.554777473836802759e-01	-7.960808743422282951e-01	8.638409017945574142e-01	-6.819069899711326377e-01	2.866063685838485586e+00	9.268047398232003298e-01	-9.478832171835716025e-02
1.444586669552446967e+00	-7.092797454090030707e-01	6.120726764367281358e-01	2.158987301164465133e+00	7.342778761622686945e-01	-2.665669218091622494e-01	7.027341991615734251e-01	2.259484778032908592e-01
1.334358285077494211e+00	3.366259585411881528e-01	7.821241074664933013e-01	-3.617212312510108552e-01	9.435681716746221470e-01	2.131670778664187527e-01	2.109379027830778908e-01	1.405909714117698495e-01
1.418074240565257771e+00	-7.658545633696790533e-01	4.435958783039891662e-01	2.224492549052731860e+00	6.338418709306514742e-01	-3.990441067165909073e-01	5.994200252062049650e-01	1.282979812857326651e-01
6.244608738796884884e-02	2.207935733781403176e-01	-6.513074389687254495e-01	-1.196463356010785573e+00	-4.937776503393389582e-01	2.172839691873362788e+00	9.793780853636524508e-01	9.098542128990185773e-01
2.079447970310835392e-01	-2.966969061730364010e-01	-4.228314105488410468e-01	-8.231246914760571576e-01	8.509144982612079078e-01	-8.973609693073756333e-01	-1.454477291271840667e+00	7.188944157885502895e-01
-2.914830160297060546e-01	-1.200896138597839835e+00	-3.103966788140984367e-01	1.074559098882300390e+00	1.479341435184653220e+00	-2.268523332573156026e-01	-1.225472214850254593e+00	2.232538769049742244e-01
-5.476720417513960548e-01	-1.251768671442899938e+00	-2.927697337444321035e-01	8.845143795806847953e-01	1.668415785550842134e+00	-4.225920784538230168e-01	-1.464711929424059811e+00	6.794841652970701196e-01
5.325921763599826830e-01	2.426569130349802150e-01	-3.875685298119114219e-01	-2.932087662010346429e-01	3.728621506228942950e-01	3.622344232127411301e-02	-6.466159546180948459e-01	-4.566827350933536089e-01
1.250961814702196362e+00	-3.045359028726974393e-01	-3.792498380137198088e-01	-8.463040163087062195e-01	1.501630999978514625e-01	-2.131722993805008071e-01	-6.010152581294568863e-01	-8.103860075416787767e-01
2.481098489887602065e-01	-3.166191317318978182e-01	-4.168723216083263794e-01	-8.597456209402314364e-01	8.606491503188146153e-01	-8.721440845705106248e-01	-1.419387808286391550e+00	6.985293644870987917e-01
2.924548723665727767e-02	8.331061695962997948e-01	-4.879892846998823974e-01	-1.904884814958168082e+00	-3.249766093026880687e-01	1.754661238964458914e+00	7.464855588936845088e-01	1.005115694926470571e+00
-4.762086020080834314e-02	8.697000683268776844e-02	-3.859164719577015679e-01	-6.496840388077266271e-01	8.073475182729146216e-01	-7.105981018480840294e-01	-1.345928215342934609e+00	8.800082714220582858e-01
9.338406210564378362e-01	-7.589465807782540541e-01	8.196657852448687720e-01	8.750713371065325097e-01	1.380835084002043800e+00	5.036887626325998735e-01	2.998819000861714379e-01	-2.308908387984947574e-01
1.253937648812194050e+00	2.525278561567679825e-01	3.727267438543902522e-01	3.173665195517513249e-01	-2.617766594252303181e-01	2.449791303697276934e+00	1.847728452997791093e+00	1.082258093669857146e+00
1.269151717373757871e+00	-9.904018080560068604e-01	4.815501630472792671e-01	2.416720751883753238e+00	7.940678463304871038e-01	-2.266921435952491126e-01	6.114294721434455626e-01	1.672515605785240833e-02
1.369389273707640076e+00	-4.785233662096959883e-01	3.081825406187896910e-01	1.598287836522767291e+00	5.726778133892637124e-01	-4.312708285771101324e-01	3.436078566349548558e-01	5.233665948263183099e-02
1.472462507377268137e+00	-9.478006357637747126e-02	-4.902338685805208707e-01	-5.017370886417287235e-01	-1.745496127029523004e-01	-5.474557156481659748e-01	-5.065770857622390322e-01	-8.245255402587470250e-01
-5.166628328064420961e-01	-1.362404974122470858e+00	-2.157646213716705730e-01	1.463479051972889522e+00	1.759632175458379244e+00	-2.104516692964363000e-01	-1.281042274651307933e+00	3.377735796910964483e-01
2.666893869874718881e+00	1.316531554387956771e+00	-1.043690624606476713e-01	4.842868747999555523e-02	-1.425752813364202565e+00	1.491002972563029161e+00	2.035416713032705882e+00	-2.981762900882704015e-01
1.057818336300685585e-01	-2.005130226848727271e-01	-4.131315569962132339e-01	-7.168566216972995786e-01	8.481123878379013270e-01	-8.145648338431888957e-01	-1.410651876851393371e+00	7.811950562852882918e-01
-4.243253766624071610e-01	-1.191769339201008471e+00	-3.104022752046246003e-01	7.794133887566755403e-01	1.581367860749947951e+00	-4.169107945596350895e-01	-1.436910208319607252e+00	5.379242185228345630e-01
3.843346973271261624e-01	6.212293962756787469e-01	-6.711170910611646834e-01	-1.347251815731583369e+00	-5.282873600242190548e-01	1.543981751226131349e+00	5.922052210038986075e-01	7.080880148301900157e-01
-4.017400163130544488e-01	-1.227231088896041378e+00	-2.879778821659557675e-01	1.061424602523191929e+00	1.607464360089676303e+00	-3.131395707973849141e-01	-1.344168672277902044e+00	3.748802981976556703e-01
-1.327415425165787838e-02	4.621048564114637602e-01	-6.753704019123305535e-01	8.670063126636333717e-01	-5.646286916636580333e-01	3.151245565990865583e+00	1.081724774734151406e+00	-1.948835397875807729e-01
1.933682741869371946e-02	-3.041692125774279054e-01	-3.900763991858240409e-01	-7.693519266847073101e-01	9.469364818376221349e-01	-9.980826703395371258e-01	-1.510620936731712050e+00	1.059345506908500267e+00
1.104618362608382531e+00	3.507928108660252065e-01	-7.161473053504819886e-01	5.320946534782169390e-01	-3.884053247424705257e-01	-9.411110126591278879e-01	-4.048777141553160375e-01	-5.956432958538179084e-02
1.924447934718071407e+00	5.053134451696144058e-01	5.721745189878939541e-01	4.344954317323241888e-01	1.867965914278693906e-01	-7.538560261540302454e-01	5.641857165876978941e-01	5.979810974975434679e-01
3.227247910972552147e-01	6.860498647555790530e-01	-8.089947400244997811e-01	-7.943659242632492568e-01	-7.633068483557723383e-01	2.189171721484794553e+00	8.992173104870427869e-01	5.546542086991870235e-01
-2.374711576128273882e-01	-1.497894185888491103e+00	-3.660435441271054913e-01	3.965282586522603792e-01	1.539446337024903411e+00	-7.330825118811563623e-01	-1.512620486172683743e+00	5.810026099826126611e-01
1.922142109480228900e+00	4.905347550160536474e-01	6.769260292935141976e-01	3.872937322952920702e-01	2.871374760070140031e-01	-6.657140482501210377e-01	6.105339627764375665e-01	6.324485564037980456e-01
9.187438692478891999e-01	-8.337451706357266179e-01	9.057630734951170881e-01	1.186121867405768526e+00	1.423392632181295969e+00	6.433903852329062589e-01	4.287035683814036657e-01	-2.816955262785169056e-01
5.586327657578565864e-02	8.817250083266214844e-01	-7.469499970042549064e-01	1.068160521459546430e+00	-7.676302806008632462e-01	3.195568643608678094e+00	1.156083875967206298e+00	-5.598175289444225905e-02
1.300333231691429781e+00	-8.804997059085557520e-01	-4.912855095758938972e-01	-5.063392098649387441e-01	-3.023400336278304068e-01	8.445894923195215176e-01	2.797046776225151632e-01	-8.662151150091425000e-01
1.450647183324742961e+00	-5.623000807836719961e-01	5.023317088954988296e-01	1.823492862050857255e+00	6.499105814129404468e-01	-3.782220454765505280e-01	5.525432916023762520e-01	1.729802003873233962e-01
2.189920018506784638e-01	4.363761165131386233e-01	-7.244478991777328902e-01	7.323544738084517558e-01	-5.541243759108255285e-01	2.682621167924537087e+00	7.508519519390052244e-01	-6.613609947269825096e-01
1.677932968175790407e+00	4.913574099673491680e-01	3.443783094379841703e-02	4.610303993116422472e-01	-5.356668334209457871e-02	-9.098150141415645153e-01	1.430880640444754937e-01	3.661234956735677226e-01
-2.456010265248797109e-03	4.234574649952702607e-01	-7.197113426380985501e-01	9.841977184923892397e-01	-6.652871851985832086e-01	3.230394904174634707e+00	1.196552203525927949e+00	-1.097335476805027243e-01
9.732609139902025364e-01	-6.544142921977472716e-01	1.036012630553237557e+00	9.192552718450660576e-01	1.444844170581883525e+00	6.074632799883080692e-01	4.974089131599878089e-01	-1.136675020561484228e-01
1.391213764387311258e+00	-8.295620662800098355e-01	5.051049929850893738e-01	2.212796464048968570e+00	7.173295530687071597e-01	-3.098369895386630102e-01	6.207100722625721323e-01	8.181712720056558141e-02
1.409769697712194569e-01	1.080169293642768924e+00	-6.309125823303921576e-01	-1.685532803692059156e+00	-5.575289160900115393e-01	1.554493598791379050e+00	6.958669844313798425e-01	1.264897606565815957e+00
3.091236352164317136e-02	-1.141336724324901186e-01	-3.918789103146889663e-01	-6.526796960619347665e-01	8.542218428143718567e-01	-7.478965354467778104e-01	-1.377235645787268314e+00	8.220905116225893927e-01
-4.917372177710516712e-01	-1.261051841820449715e+00	-2.644260438068976038e-01	1.235930959207528046e+00	1.675928408246226908e+00	-3.011988643317035086e-01	-1.360938669471187135e+00	4.807329357697843197e-01
-9.033473947823646155e-02	3.518933007026948667e-01	-6.278963497988848674e-01	7.416601915473978179e-01	-4.785772307188129737e-01	3.154767662101686021e+00	1.125407811038668271e+00	1.606172892052829537e-01
-6.071285847516413176e-02	4.372278882842794978e-02	-4.019263722447530274e-01	2.944427406738774344e-01	-7.883527506290588516e-02	2.843198301634944691e+00	8.785555688523182249e-01	-4.971621391443948462e-02
8.623106064424105321e-01	-3.636893609005904526e-01	-4.440879667043431955e-01	-9.815643208192538216e-01	5.180845124179010996e-01	-6.778824283682423069e-01	-1.064969344645543492e+00	-1.698480461124028118e-01
2.465740209796926097e-01	-5.131364354882630430e-01	-4.369412676900575887e-01	-9.732567647409365863e-01	8.977954416741604771e-01	-1.118325281880520716e+00	-1.540478617287415419e+00	8.632634204753202312e-01
4.356856244419282653e-01	-2.878922627667251377e-01	-4.425332731556373966e-01	-8.403160434192004091e-01	7.040839087046418809e-01	-8.413920998547051999e-01	-1.323144345384242637e+00	4.545172953297688112e-01
-3.653997736131167073e-01	-2.574911253235629902e-02	-3.268124535313610135e-01	-3.663920957334457218e-01	9.812625150962399623e-01	-7.128522857575656513e-01	-1.399185666548546259e+00	1.347900222283127336e+00
9.917836870345452249e-01	-1.692573487060580195e+00	-6.870104138414601103e-01	1.458167899567624604e+00	3.438888198709915134e-01	-1.288178222875524748e+00	-7.565140570001054332e-01	-3.302067827861734223e-02
1.078351827360876980e+00	3.662236412536585828e-01	-7.171163013129426833e-01	5.198976560566519467e-01	-3.797142029798146745e-01	-8.810723922656744644e-01	-4.072365603804297129e-01	-1.037807427755186168e-01
1.764235476130603830e+00	1.670085527529212299e-01	-5.856044980416263979e-01	-1.064187600404626011e+00	-8.713398796470105401e-01	1.024368064729838101e+00	4.914237656445581415e-01	-1.532261867652443987e+00
1.973479457138343773e-01	-8.665045346211709409e-01	-1.925453319570111510e-01	1.471078303530761522e+00	1.035520292240851292e+00	3.216770084504992910e-01	-4.741101686476775212e-01	-7.257331212150458510e-01
7.243119045633748809e-02	3.537271451027137470e-01	-3.833418508473429576e-01	-2.134350633917695195e+00	-1.848331683898932765e-01	1.781545356150637360e+00	8.150567144979683487e-01	6.204079529313168972e-01
1.099190281385849177e+00	-4.570280781498614053e-01	-5.147296966405923158e-01	-5.131589731254480036e-01	-1.482101647394123145e-01	5.167699515826533752e-01	-1.562143880136704910e-01	-9.117974683998066876e-01
6.129980998589125152e-01	-1.282597850587585908e+00	-5.523692733205740613e-01	2.919542042075426558e+00	3.095580905322695697e-01	-5.532236568142738786e-01	-1.711602144467333497e-01	-3.852066022494059494e-01
1.323935280651555413e+00	-7.965320010590456468e-01	4.260727749690016442e-01	2.056387739110938195e+00	7.229969259016725269e-01	-3.064295383491905667e-01	4.962061557209225260e-01	2.071126531256767267e-02
9.685821633731582780e-01	1.558219836832759331e-01	-7.126751735064674742e-01	4.554183751842667549e-01	-2.027285782469717967e-01	-1.569778101885993982e+00	-8.659476993229596742e-01	9.071797343626299970e-01
1.420302591047989837e+00	-8.160320803789681277e-01	4.807438584873499066e-01	2.155140570229537644e+00	6.846658527550280038e-01	-3.110987711193382577e-01	6.069198644191268199e-01	-1.307747849053435274e-02
-2.945487435835262777e-02	1.266251694606227995e-01	-3.624093314822794398e-01	-1.690166723701774343e+00	-1.140192416340421178e-01	2.210144693428945928e+00	9.825735271327343812e-01	6.722132801167102212e-01
6.360623349926747272e-01	-9.890510809199011266e-01	-5.667562516224943225e-01	2.367668616615065780e+00	2.769561418318167156e-01	-5.319371559574901376e-01	-2.891964914430298350e-01	-3.910666923165422859e-01
2.111058417998510350e-01	9.145303058280886965e-01	-7.383558702879137181e-01	-1.572209010277860308e+00	-6.908556090342756750e-01	1.417995201115547887e+00	6.782066959160082398e-01	1.263841138504811390e+00
1.791826684844133544e+00	5.324839315579212862e-01	3.054581650874088061e-01	5.012164481987264608e-01	5.797280983411873256e-02	-8.887867809760867654e-01	3.473999974142158997e-01	5.632698730175424995e-01
9.720620379021508439e-01	-4.824155226899731197e-01	-4.575473156205404068e-01	-1.035048936357474414e+00	4.637548421291548539e-01	-6.770960918769837189e-01	-1.017042926590369545e+00	-2.433884344719577375e-01
-5.114541115234367830e-01	-1.041918597841423599e+00	-2.508468920241396782e-01	1.223186367199752045e+00	1.606491056545104934e+00	-1.604316767722323567e-01	-1.274109653864989200e+00	3.855833624192283593e-01
-1.404654121058076036e-02	6.499449279337528029e-01	-5.269147172011042768e-01	-1.375904674236509528e+00	-2.990527769998541086e-01	2.061317580454323117e+00	8.081956962481495754e-01	9.933374778491628199e-01
4.859196910696689242e-01	-1.638375327467562315e+00	-3.634917906713694413e-01	6.941671609377431107e-01	1.207883153960573441e+00	-4.969886336793142845e-01	-1.014278124982453066e+00	-4.139024026848640014e-01
1.059300086554347597e+00	1.502581483306120180e-03	-5.895112516034393124e-01	-3.664223870799233063e-01	-2.101210016489760968e-01	-1.908312203719929601e-01	-3.608276427626535554e-01	-5.542688725267692629e-01
1.475041172047096838e+00	-5.856560370848752362e-01	3.007942658198238806e-01	2.060699058138432793e+00	4.627402523737939033e-01	-5.589572015999055843e-01	4.947464164389206998e-01	1.500732984764581168e-01
1.198887740245696110e+00	4.315951525350454898e-01	-7.412541730443449328e-01	6.754613142363258271e-01	-4.991522783744053449e-01	-1.056031274603030479e+00	-3.310369641632729953e-01	-8.632731203557465413e-03
7.459125894044889016e-01	-8.877595923821691715e-01	-5.993878693238393618e-01	2.035993958139028948e+00	2.031447784910509757e-01	-6.582794452363660564e-01	-3.704651858766726535e-01	-3.384999556224807526e-01
1.606706993385185633e+00	-8.179821272208667171e-01	-5.454765159185662737e-01	-6.728691076818772432e-01	-4.605065947689605532e-01	6.062969686828059146e-01	1.686835383190893600e-01	-1.297481317744912488e+00
4.557512703974490043e-01	-1.269411210476886431e+00	-4.729395247900506916e-01	-4.603134535612846828e-02	1.022760872900836615e+00	-6.698087466837099324e-01	-1.239283740760074970e+00	-4.121183083872553832e-02
3.113832776758018728e-01	1.398874622261896683e-01	-7.450642924323425120e-01	-1.889457417554976981e+00	-7.329752533592861496e-01	1.165071948594355256e+00	7.469287898687850813e-01	8.905119288105525222e-01
1.926564770182213615e-01	6.246838266627281477e-01	-8.450943507753432282e-01	4.541286146975044291e-01	-6.735760117701729000e-01	2.463577497541883599e+00	7.428661164451101362e-01	1.481563245641092375e-01
-5.890783626586871408e-02	-1.317045029169185089e+00	-4.009056671133480187e-01	3.002065002124164605e-01	1.388162761769592413e+00	-6.642406449481148556e-01	-1.456247446548142976e+00	3.545011920994232124e-01
8.120345415178454873e-01	-1.048438746014420886e+00	-6.390650138977125305e-01	2.725916520040511770e+00	7.572268612151777933e-02	-8.242468699167976309e-01	-2.253408512889829018e-01	-2.476949129454454057e-01
9.167808329834072900e-01	-2.056110715434806002e-01	-4.678491892004217889e-01	-4.655989432149320040e-01	1.571778961656340734e-02	3.313829871127352833e-01	-3.406710630933795780e-01	-7.356018130167685243e-01
5.045313393088221021e-01	4.285422844456543978e-01	-1.120006840514568669e+00	1.189284986586116810e+00	-1.364862916675308124e+00	2.936180459708028323e+00	1.367978949426119195e+00	-1.538131983564099969e-01
1.952916140007937007e-01	3.863002011529729773e-01	-6.094177344527592632e-01	-1.639098631070026402e+00	-4.288718708208136832e-01	1.595398292385654004e+00	6.734366626060263039e-01	7.464156042191935070e-01
-1.867846845713785620e-01	-6.009687074784862693e-02	-3.500999562387033803e-01	-5.123787672787701863e-01	9.586559749476540881e-01	-8.107392194576300559e-01	-1.449357351158013785e+00	1.174082125842575097e+00
6.917135342206689463e-01	-9.363475471265828576e-01	-5.819442444702584982e-01	2.273644358827165313e+00	2.199507153870488008e-01	-5.585148514989964896e-01	-2.904949073690471506e-01	-4.006353344975850383e-01
-2.056592438896583108e-02	-1.524080959425995752e-01	-3.905356146357512048e-01	-6.372396164636576765e-01	8.947220155793442764e-01	-8.235386750214408469e-01	-1.445101177799776870e+00	9.504255785469004625e-01
1.123892970766433852e-01	-2.312570480508616688e-01	-3.979867647169553768e-01	-7.673073331920782225e-01	8.774995248169208395e-01	-8.819581667812811387e-01	-1.458611082290819150e+00	8.250935063314388529e-01
1.470058780830018286e+00	-6.738753436364244287e-01	4.112531775963981229e-01	2.128530417695327248e+00	5.621688904580230961e-01	-4.747941170910048303e-01	5.798790558246574856e-01	1.598602672319976992e-01
5.177071172511461816e-02	5.794215944946432550e-01	-4.635660217609376965e-01	-1.553522732719893273e+00	-2.090049140814827511e-01	1.972318859699210059e+00	7.357635022387025714e-01	7.320745992830726134e-01
1.289224116840764989e+00	-9.136088171114090661e-01	5.400981969407506744e-01	2.303896274082793294e+00	8.134237094758850484e-01	-2.023414814905129533e-01	6.395519672465653782e-01	5.506703640630644658e-02
1.628924189575748693e+00	-4.451294914247832524e-01	7.408203974426433858e-01	1.554559777639423990e+00	7.012201599812712960e-01	-3.091787056470534645e-01	7.303506942709818706e-01	2.346887506986076177e-01
7.762475351251968414e-01	-9.337027400399339205e-01	8.676254835944385846e-01	1.437257296217768099e+00	1.502613703175364357e+00	6.371032480168645762e-01	3.746842597824610599e-01	-2.826257676931735463e-01
9.312172723521267015e-01	-3.687267404691207395e-01	-4.344524969305966211e-01	-9.049527261757519536e-01	4.563452362401390627e-01	-5.847153962347246825e-01	-9.667796655563519748e-01	-2.960033046725998873e-01
1.730648957004679911e+00	-1.239342682176225452e+00	4.752802479439143246e-01	1.095340010409316278e+00	9.239111673781250644e-01	-8.154635497096338614e-01	5.736884101895690924e-02	2.365807422361930201e-01
-1.251084941318312549e-01	-2.343330849455975140e-01	-3.779258052138852464e-01	-6.567264458022719076e-01	9.642263991959281189e-01	-1.010860322908736286e+00	-1.527356933824481011e+00	1.284883866153974097e+00
6.504647510720990011e-02	8.287940605791361826e-01	-7.223665826864318351e-01	9.019354213385647467e-01	-6.361694398096382486e-01	3.001625518076673771e+00	9.232844186871030923e-01	-3.792784578609657009e-01
1.055804170736008851e+00	-4.608703808785651335e-01	1.043953807602375994e+00	5.644686357047865588e-01	1.362033493013402596e+00	6.118363409775354755e-01	5.092137974210826368e-01	-1.067163307287013335e-01
2.938449832506484505e-01	5.651663566462210575e-01	-6.668156598113620381e-01	-1.748002797510477491e+00	-5.456528087392676918e-01	1.286219855133435397e+00	5.783435189894871042e-01	8.706685740939679174e-01
1.906326459288733011e-01	1.233511152984285986e-01	-6.246102081772404446e-01	-2.277485446299640337e+00	-6.397977325207725441e-01	1.292147091772279710e+00	9.106588725264611606e-01	9.281338377900947290e-01
2.005139249106322019e+00	4.940644929500049298e-01	7.318777911974497785e-01	4.969139902106658457e-01	2.392214400954192355e-01	-7.183161001102041920e-01	7.221122620176122497e-01	7.199291446794455762e-01
1.351733993749023366e+00	-5.522179202633211714e-01	-4.276847000739313065e-02	-1.241067246384985445e+00	8.103298097146311996e-01	-8.073254690392301924e-01	-8.479144853156127537e-01	6.407971505778597976e-03
1.562659985743745317e+00	-3.589798240407103269e-01	4.724884319893426499e-01	1.491757005701415562e+00	5.407017909261959687e-01	-4.615530613107933777e-01	5.119325443756915783e-01	1.603756017954163504e-01
5.658995220438854945e-01	-1.175549872663772533e+00	-5.164208639774309217e-01	2.604743075111706219e+00	4.038082329281625360e-01	-4.381401390978400534e-01	-2.479027242863440228e-01	-4.404999661576124992e-01
1.527044687553821500e+00	-4.609654754266001020e-01	5.138733609920244083e-01	1.620545572534576095e+00	6.058235393469794117e-01	-4.380822385121265206e-01	5.406667116131264050e-01	2.186522476392638581e-01
1.818306465257827353e+00	5.131902610546883459e-01	1.484677452612294668e-01	6.595651092615667510e-01	-8.101965647446621177e-02	-1.012650417715580842e+00	3.174190675397160488e-01	5.314716319232783981e-01
-3.630657581623777386e-01	-1.493863103534706971e+00	-3.306035586768514278e-01	6.811163603272220035e-01	1.637045944144762455e+00	-5.969201912641665109e-01	-1.493415147910523766e+00	5.665417344518725029e-01
-2.314031955823223630e-01	-1.323623042405901007e+00	-3.014611732694691404e-01	1.054640902339024855e+00	1.543968536653485657e+00	-3.329700287747963672e-01	-1.273626630334243837e+00	1.518476341870771684e-01
3.417299820794952314e-01	-1.345422829554082100e-01	-7.356864366149917789e-01	-1.695020562603831049e+00	-6.821672863389532937e-01	1.301598165153854181e+00	7.978983369893015709e-01	7.395854330072166860e-01
1.847815360632540482e+00	5.235477581400880265e-01	5.027567461468384069e-01	3.635520924864922288e-01	1.959144224813379187e-01	-7.325608417062219324e-01	4.758001086562709814e-01	5.298352614133110539e-01
-2.924823093938638263e-01	-9.509037996355993450e-01	-3.606571911531162300e-01	4.732455686917920179e-01	1.395784141586824623e+00	-4.298291162195330695e-01	-1.412614657358026493e+00	5.263223784203254763e-01
1.401233424992660126e+00	-7.155644393205985443e-01	5.590508935800160284e-01	1.993375302584849074e+00	7.440664970709396364e-01	-2.744730397346444861e-01	6.144708558529905496e-01	1.139405608440212936e-01
1.173619629465418646e+00	-1.502519316776104175e+00	-6.721105286889526020e-01	7.432804596052887680e-01	3.373028731705484118e-01	-1.425222652360214726e+00	-8.998188640020985396e-01	-6.384566754975846969e-02
9.283600083529367497e-01	-6.120414856561231520e-01	-4.504831715823225946e-01	-1.172965656193439843e+00	6.194854572921763003e-01	-9.079725984144881856e-01	-1.205799972347109339e+00	-5.427785271179107890e-02
1.619065144937372747e+00	-2.732758149366514844e-01	2.492309565433702412e-01	1.606984545957450550e+00	2.950804247638411648e-01	-6.694231813120546937e-01	4.287289759384617094e-01	1.377603756980529670e-01
1.041945436878091380e+00	-1.420907561561246405e-03	-3.732873284993439844e-01	-5.416813627284779997e-01	8.643968040828371724e-02	1.473221784192323136e-01	-4.246740603330793062e-01	-9.124685590827169568e-01
7.916059191659543526e-01	-7.655638039162920849e-01	6.579818212057967353e-01	1.095790931088432618e+00	1.333252563936672574e+00	5.671919581120713483e-01	2.007630059858686034e-01	-3.620935394282783770e-01
2.046300042865832614e-01	8.478685631077753637e-01	-6.895563486526921082e-01	8.125629469548818484e-01	-6.482258808266460059e-01	2.946654257267165899e+00	9.133890138417756210e-01	-5.901603318440074020e-01
-3.255347218882571614e-01	-1.150366675011584627e+00	-3.125439598540583064e-01	8.151444959784868161e-01	1.522150669891876751e+00	-3.545237214777298140e-01	-1.357918956858003678e+00	3.492423958649653604e-01
1.088394484578478982e+00	-1.082688897999561695e+00	5.079184253378938863e-01	2.402303130325338820e+00	9.527081604100852141e-01	-4.097510187204100873e-02	5.681984985670944788e-01	-7.827423049302005553e-02
1.067501841071808177e-01	9.037640504007433684e-01	-6.639987950031348563e-01	-1.091649291278061540e+00	-4.748025201665821426e-01	1.723639083160522834e+00	6.241685936473918561e-01	1.181488977352119774e+00
-4.095507620488624267e-01	-1.064958168904098113e+00	-2.177074846912123718e-01	1.080371492175208337e+00	1.619624596737196720e+00	-2.086413936982442208e-01	-1.263456173757322665e+00	4.452313453279725941e-01
9.573192533628254175e-01	-6.659545973910180328e-01	9.094613188534673709e-01	9.433902852168664088e-01	1.372317600573189855e+00	5.913273487897783287e-01	4.279923477954010735e-01	-1.787448282786404663e-01
1.392085765841835521e+00	-7.753957245861975434e-01	5.075840302773628743e-01	2.135262533122429751e+00	7.113189664598801309e-01	-3.150910615451766872e-01	6.136643097955732928e-01	1.020434295408657599e-01
1.344699420096826747e+00	-8.598370994328408123e-01	5.641834258525841861e-01	2.189938903383770175e+00	7.981350470225644367e-01	-2.252695244508463868e-01	6.459241880292349025e-01	6.893407289018949058e-02
1.675410489471683029e+00	-4.348973510803682552e-01	7.415508605317513435e-01	1.632907147351749133e+00	6.174713332163866975e-01	-3.258807783668681290e-01	8.258738926821092008e-01	4.092280104102101190e-01
1.023391727931267425e+00	-6.023171885889857524e-01	-4.864855266013302648e-01	-1.125970918272315213e+00	5.257552986630028569e-01	-9.730777253469826693e-01	-1.200166086224725870e+00	-9.266956610065260613e-02
1.733181945342332941e+00	5.517431266721708472e-01	3.912303500840323967e-01	2.899215772082410214e-01	2.072840919577016439e-01	-6.593313476895862335e-01	3.158515856489250151e-01	4.296487196265337816e-01
-7.545538281293377725e-02	-1.822308322118562085e-01	-3.812908846625956971e-01	-6.414024554654628174e-01	9.411683425721582008e-01	-8.964494228390426089e-01	-1.478825626543113669e+00	1.091182387522559694e+00
7.071671361560352143e-01	-9.604380927472341289e-01	-6.039707739746852377e-01	2.394795744530474391e+00	1.737815015785132144e-01	-6.131384219854938422e-01	-2.668428648037413642e-01	-3.576629177105643542e-01
1.269730923445335113e+00	3.678977872432886431e-01	7.266121201071721325e-01	-4.313973433341989350e-01	9.355871739017485034e-01	2.300934206437904028e-01	1.451511761434997327e-01	1.087515237254287337e-01
5.910063101241728178e-01	-5.456848220571454133e-01	-4.623669780641231353e-01	-1.070398533610279923e+00	7.596655625975786696e-01	-1.039392508668019799e+00	-1.412171934428030573e+00	4.454515407538515159e-01
1.448462639251668072e-01	3.954387175290525747e-01	-6.380620768975000523e-01	-1.681775074681053583e+00	-5.130165449437958936e-01	1.648697443262501228e+00	7.953630257255609459e-01	9.771620003637142560e-01
2.248571517801958575e-01	7.574723414049527870e-02	-5.911960892534149359e-01	-1.719408742760917486e+00	-4.154911053988858960e-01	1.568176045994549295e+00	7.370913706782635799e-01	5.956242156118637388e-01
1.275496573260041622e+00	-5.178612488927186730e-01	-6.735439011629016370e-01	-5.123790433345597473e-01	2.031786129746257497e-02	-1.334116938806359176e+00	-9.933108894638840169e-01	9.769128237589566610e-02
1.704492849965563828e+00	-3.114435152386598599e-02	6.055408736885271592e-01	-7.325154965259548234e-01	7.085707925063436941e-01	5.329630988092588090e-02	1.086867698776704250e-01	-2.039274892534369554e-01
5.915110531237973701e-01	-1.508505569854280637e+00	-3.496664411517437232e-01	8.688377388234018728e-01	1.059990960647054337e+00	-3.905196131442854046e-01	-8.376054072193142019e-01	-5.940475562048840308e-01
1.317563847300532165e-01	6.348482730156050913e-01	-5.571973649859963684e-01	-1.446710040188868840e+00	-3.209950950709886119e-01	1.793520860422552321e+00	6.458549924188270452e-01	7.720984357544992127e-01
9.851645366840925400e-01	-7.429262800504161657e-01	1.039590839876234796e+00	1.070808279790236739e+00	1.447760795247695853e+00	6.429841014860696591e-01	5.441882074603899833e-01	-1.599134213064025423e-01
1.306397876545966508e+00	4.608076819010731850e-01	-7.641028382421066745e-01	7.717233214924144047e-01	-5.952414636361773592e-01	-1.177855426120103965e+00	-2.790178445613145652e-01	3.358728561618878894e-02
-2.764081016242981859e-01	5.316314412161478042e-01	-3.830638114567181396e-01	5.248499081683449807e-01	-1.512944913718015649e-01	3.298155085216646132e+00	1.068804809976739101e+00	5.894578971470046391e-02
2.830358378326983670e-01	-7.286963913439866714e-01	-2.624314042890684151e-01	1.275010995820805793e+00	8.846624335101066494e-01	2.679632791663996705e-01	-4.972875249255402363e-01	-7.071634241539210830e-01
9.307647380084407285e-01	-7.237328469831536548e-01	8.381092210472202986e-01	9.061700165890078651e-01	1.372998973937396006e+00	5.513298271879111256e-01	3.390583986062069566e-01	-2.755541768712586603e-01
-5.692056952024846517e-01	-1.056551343387934772e+00	-2.671049145204229536e-01	1.005670759609801346e+00	1.630362917813762857e+00	-2.737486979311524182e-01	-1.390161212627565979e+00	6.129164525718315826e-01
1.415545478583720984e-01	-9.584281769030563725e-01	6.697591622647538490e-01	1.586883517636175966e+00	1.791343583344253920e+00	4.192430458853362296e-01	-2.633443859713353041e-01	1.918056531067444670e-01
7.503039485078633053e-01	-9.684561198681841399e-01	7.233169857695319616e-01	1.466599225424166875e+00	1.422431269773498652e+00	6.107412794178862514e-01	2.929761910265962221e-01	-3.406277684473278389e-01
6.524447623568698784e-01	-9.841090583872903474e-01	-5.464154275589125920e-01	2.598077120307244137e+00	2.484756593944985603e-01	-6.106078850265116431e-01	-2.119002351226295100e-01	-2.857742497978087437e-01
6.188286205630795234e-01	-1.482902731871472035e+00	-3.414762600832031980e-01	7.511570759658295904e-01	1.010502176693951260e+00	-2.739994400626766802e-01	-7.733368690280942870e-01	-6.558121497528782706e-01
-3.361265111437085062e-01	-1.106531338984385604e+00	-3.408975487259864878e-01	5.957843174192080093e-01	1.489916299831316238e+00	-4.344645067383097192e-01	-1.422498827364036211e+00	5.154103772553444429e-01
1.992349307414793325e+00	-4.253374225869194225e-01	1.128446780622647388e-01	-5.549785342480507699e-01	3.879790562291977052e-01	-1.507384572986147919e+00	-4.131710092005945745e-01	7.500114511420767904e-01
6.891396859918416107e-01	-1.023691434449972570e+00	-6.049085912958938049e-01	2.442326485495545985e+00	1.868358059398143312e-01	-5.731812540301265413e-01	-2.466750103905036295e-01	-3.660244969506006307e-01
1.817860927952081873e+00	5.548684484380119741e-01	3.515054881265675113e-01	3.601089030389146295e-01	9.579386578889612092e-02	-7.839085139806947211e-01	3.637369461880981536e-01	4.410777856372077865e-01
1.307537930281458483e+00	5.863176803842273799e-01	-6.237629695643748251e-01	-1.015180875626424450e+00	-8.386857537434447840e-01	1.658693209075705832e+00	6.601601217110169006e-01	-1.185236649519198160e+00
1.669407983621502556e+00	-6.450740130850609599e-01	9.703942257318010078e-01	2.077833083342001341e+00	7.725341526565382422e-01	-2.177714130388105629e-01	1.085357430489350294e+00	4.841052223452423364e-01
1.825965061113677290e+00	4.897327251124235503e-01	5.423789529543262544e-01	3.080536940951785208e-01	2.691243856019546188e-01	-6.674487227631363817e-01	4.608172557976323302e-01	5.244249431458455346e-01
5.491378575334131540e-01	2.685828842189090793e-01	-3.911256979048658433e-01	-3.531177733114977402e-01	3.577180620553059853e-01	1.850391664338717213e-02	-6.527154909239956115e-01	-4.631197461188378828e-01
8.760429125989379617e-01	-7.515936583268820748e-01	9.867088273604480708e-01	1.039232515793891309e+00	1.479689228478154650e+00	7.166031568549460218e-01	4.818134351443175145e-01	-2.103733720604536450e-01
6.908350437597543525e-01	6.331890523374359425e-01	-1.210729468755770810e+00	1.368840387106320833e+00	-1.454595626013767795e+00	2.543221725478332473e+00	1.122973557275509293e+00	-2.553563119915187585e-01
1.068057988255724178e+00	-6.877122460580623597e-01	1.127044131251762948e+00	1.064924526488383982e+00	1.437478180855551235e+00	6.337643975441590305e-01	6.388178553891277200e-01	-6.596692198093852266e-02
9.750662508124392780e-02	-2.981887721468599040e-01	-4.115821083081498410e-01	-7.829181544227478140e-01	9.016431432540894519e-01	-9.355016877358270921e-01	-1.479754051014705141e+00	8.967718588108870570e-01
5.405768212535140282e-01	2.559940059010484825e-01	-3.942985463450102146e-01	-2.836492733298820457e-01	3.566144269863354421e-01	4.935833362037023858e-02	-6.462104863911445340e-01	-4.837218342157000861e-01
1.594116622541649875e+00	-4.296714430218221970e-01	7.084205851536587994e-01	1.560750926728902810e+00	6.890850378908406348e-01	-3.479976111134623906e-01	7.072747305733891876e-01	2.816067648378586252e-01
1.558051205305416298e+00	-6.861410575763204900e-01	7.567462967771364513e-01	2.139875334517788108e+00	7.403564275097140879e-01	-2.725730677887513997e-01	8.648278671006216500e-01	2.646459042827267738e-01
9.817953645841628885e-02	-5.199996886747456637e-01	-4.130593719813595022e-01	-9.412106752812290367e-01	9.608901077860687590e-01	-1.181723230245960599e+00	-1.580420117939184577e+00	1.091810599068612442e+00
3.916725146821897763e-01	-1.455002455058322486e+00	-3.909685188432932557e-01	6.120708271572223858e-01	1.173948987773859143e+00	-4.584075538447940912e-01	-1.076165515746340562e+00	-3.374793440615569962e-01
1.752439405049646348e+00	-5.894396395825269863e-01	5.331380761443701433e-01	2.463735852916295599e+00	3.360046206582139039e-01	-6.485248047327144549e-01	9.263569981392295594e-01	5.594821488182512015e-01
7.447146163216973314e-01	-9.102327106932349698e-01	-6.098846202628239732e-01	2.388082821658858990e+00	1.339386554263517215e-01	-6.700855485701537884e-01	-2.639480124294699692e-01	-3.329701673569165910e-01
-3.285673445288529448e-01	-1.359660752384296734e+00	-2.974687080751282631e-01	1.042559750023808407e+00	1.604040931061802455e+00	-3.457824963815783748e-01	-1.317687424685085151e+00	3.234553327175749282e-01
7.413675182671286557e-02	8.049787709863727159e-01	-5.556837755338913665e-01	-1.519431911229564447e+00	-3.529746183285138450e-01	1.806932336184513099e+00	6.907950442246233447e-01	9.947825624264305944e-01
1.305367082536884160e+00	-8.909863820293931758e-01	5.847213568332672029e-01	2.182105760895090008e+00	8.470844995290193191e-01	-1.692223716761468433e-01	6.432321369345112005e-01	4.261600109439012130e-02
1.896727021156787707e+00	5.353780007218240655e-01	2.443882808720242994e-01	7.059433409011605098e-01	-7.656010655188365266e-02	-1.022272367089988254e+00	4.254523490935417929e-01	6.196711469721383203e-01
1.886625503738855736e+00	3.186010010157377947e-01	3.186986203865891376e-01	2.189499574874012866e-01	4.264485779372077789e-02	-6.095264780138317517e-01	4.645372367763189736e-01	3.060194288239931892e-01
1.496969950634204904e+00	-5.783923764027109060e-01	3.815599543308425545e-01	1.992115946028017337e+00	5.075739290005216731e-01	-5.108787597248609647e-01	5.489825837053191604e-01	1.861448469168032749e-01
4.678658528835282215e-01	3.689460019764678189e-01	-1.142053621076325687e+00	8.101506435009080409e-01	-1.204222450757529872e+00	2.466695393165008188e+00	1.040570418061526059e+00	2.270764259995718404e-01
-1.087715914549049756e-01	8.265621972289656227e-01	-6.622623206211631919e-01	5.962807073674590841e-01	-4.797868806773982753e-01	2.884039352599530037e+00	8.977900236348290708e-01	3.897604003776658499e-01
-1.000568122985146635e+00	-8.595886177416897089e-01	-1.799972753490988453e-01	1.449996988959993072e+00	1.742902386518860203e+00	-7.024868568048400763e-02	-1.326845303558482181e+00	1.135711090236813936e+00
1.888577188204143331e+00	5.035486953571637336e-01	6.196400280473790545e-01	3.329744960542015408e-01	2.744571494061029404e-01	-6.755822861072576790e-01	5.455798816129848738e-01	5.896448484938228152e-01
8.440575532159857453e-01	-9.506107028886918719e-01	9.152256778966253448e-01	1.432122247472844334e+00	1.493984483135986086e+00	6.439765448010202897e-01	4.406396225946448419e-01	-2.928328645197311730e-01
2.839776108134432486e-01	3.889089217464070103e-01	-9.502574752494357124e-01	8.021578676403304797e-01	-8.781562420840068883e-01	2.595245224639373127e+00	9.466555534232252711e-01	1.748085580041820741e-01
-4.771447868320154440e-01	-1.145526013420232525e+00	-2.166742165604179926e-01	1.636370997427958995e+00	1.621676440511058637e+00	-4.667654372556813425e-02	-1.149148178805492471e+00	1.543382640460472799e-01
1.582441834139918457e+00	-3.965821028730983078e-01	-8.660422704258343707e-01	1.720815062512016103e-01	-7.757531705650840825e-01	-4.283016571298774444e-01	-1.198090711386072885e-02	-5.799157859422843231e-01
2.079857636197419701e+00	-7.732477951357522583e-01	3.914606290006473199e-01	5.511341447698494544e-01	4.202214803022477629e-01	-8.454859963044440985e-01	2.396247304376151188e-01	9.866176566095918865e-02
-2.032558342963646236e-01	8.309967985559278958e-01	-3.234486348095543806e-01	-1.415618883323451538e+00	8.393189805833395356e-03	2.271006114095387662e+00	7.649137389824014477e-01	9.238336463824357025e-01
3.128243843390425549e-02	-2.562741532455830584e-01	-6.301937776506930655e-01	7.451763147533706499e-01	-6.132717840972620182e-01	3.286263814729563748e+00	1.505408896408469310e+00	3.693743973947206660e-01
4.979987922224727859e-01	-6.765771058058472898e-01	-4.190169103985038612e-01	-1.197852946908146698e+00	8.997210789563500066e-01	-1.155819390231512145e+00	-1.503819858661817221e+00	6.233406981054094853e-01
1.594134849030946599e+00	-6.360686440861684776e-01	4.378528388265906512e-01	2.184638924674282112e+00	4.820679418943953909e-01	-5.383046602589336427e-01	6.546762437677915436e-01	2.100537736562824165e-01
-9.408298062453412935e-02	-1.349271663240940444e-01	-3.782001852705322298e-01	-6.242689075305751789e-01	9.296533653394677410e-01	-8.740490631521358189e-01	-1.466708504618246423e+00	1.095816623142364721e+00
1.845428237442720221e+00	5.230218932066681425e-01	5.058713389116904491e-01	3.831100542335621473e-01	2.007206156503890393e-01	-7.217673523722293316e-01	4.783528425022173236e-01	5.278568640044718485e-01
1.275301155383817386e+00	4.689289347806530617e-01	-7.587390817079620042e-01	7.906344070438970917e-01	-5.813601918136307445e-01	-1.159838256462575989e+00	-2.641804430945443594e-01	9.698721060672912953e-02
2.322669998636434086e-01	-8.849124080003603066e-01	-2.034738915801440617e-01	1.448818834018871682e+00	1.004322896752389616e+00	3.162530803927693923e-01	-4.553458662490830200e-01	-7.314398140211362254e-01
1.935076177101772377e+00	-1.030875747716575447e-01	3.240012638026157354e-01	-3.493292015715818155e-01	3.880593784020830439e-01	-1.097821926713555607e+00	-1.100964849016824038e-01	5.663037978275615725e-01
1.328716957936232346e-01	6.259676718417701569e-01	-7.542289348186035358e-01	6.975411986039640189e-01	-6.341601765114271982e-01	2.839260580324717065e+00	8.959209963945526933e-01	-2.097387443715094391e-01
-3.319366391978234021e-01	-1.392306614569480461e+00	-3.292032366866439186e-01	7.032112581624754277e-01	1.592268495567714659e+00	-5.288902308315088785e-01	-1.454864322920060404e+00	4.854454130926905697e-01
1.941682702914766079e+00	4.560505017452229359e-01	5.908512660824514207e-01	4.513750204639526142e-01	1.821159772284922373e-01	-6.768079766348947812e-01	6.292990012498521635e-01	6.116425871907613665e-01
-2.192652186821064109e-01	-1.186822988331135420e+00	-3.964485235094382110e-01	9.631400148476174095e-02	1.410472752939744057e+00	-7.543787186784629561e-01	-1.565717884780743363e+00	7.042394100145753510e-01
1.596152679660970408e+00	-5.016072554409038986e-01	4.147630683292508613e-01	1.997645656092926547e+00	4.387487870156479564e-01	-5.918393004944904057e-01	6.150592391362613709e-01	2.837069833934837138e-01
1.856091482580206398e+00	2.370437217888922699e-01	2.272392742558828060e-01	1.441142029279328662e-01	1.310952782423469576e-01	-1.024485383482664380e+00	1.002456843289755567e-01	4.874830699371902609e-01
1.352035197991512172e+00	3.857177867626190859e-01	8.328662774751444120e-01	-3.994654301858531209e-01	9.631532471785351213e-01	1.854621984698417436e-01	2.271925335814517777e-01	2.309624204635530309e-01
1.861821397362217745e+00	3.281864975204026869e-01	3.616784106457208159e-01	2.661242848632511260e-01	1.736564585431002172e-01	-9.858867297553666198e-01	2.564019888872297592e-01	6.535826893598228882e-01
1.862050494174984250e+00	5.431547697976029099e-01	4.094019075599864554e-01	4.276190277722742294e-01	9.450152810766657141e-02	-8.409964824049658283e-01	4.396778707321228330e-01	5.746426695435140619e-01
3.740118820936555455e-03	-4.636417862674694357e-01	-3.924091618365319056e-01	-8.914633646161608249e-01	9.897066376919996245e-01	-1.177515688789736670e+00	-1.587000675051767784e+00	1.204010990107660106e+00
2.070064918120016362e+00	5.130622178392074684e-01	6.338523073440605060e-01	7.348296991790789212e-01	5.116170238139955417e-02	-8.824022544745347973e-01	7.852292625988500641e-01	8.011055981687744687e-01
1.724289249518548839e-01	3.525832636705154566e-01	-5.905663872846840246e-01	-1.617930897553658820e+00	-3.905120966988429032e-01	1.662425798471196758e+00	6.954618633928458804e-01	7.253027520858212895e-01
1.767816953036328353e+00	4.867113915149822723e-01	4.182606496469511992e-01	2.964465581297708319e-01	2.137537481616091362e-01	-7.243731220293647688e-01	3.503143302165860895e-01	4.843623572322378612e-01
-2.785013291000124624e-01	-1.434707796126061252e+00	-3.315435111013627090e-01	8.039464977310901705e-01	1.583133245587322602e+00	-5.094432533674403407e-01	-1.409636080250596724e+00	3.780479491410708714e-01
-2.182535240038555868e-01	-1.069097587351919731e+00	-3.692716779041113062e-01	6.362234256649708097e-01	1.385962853447273435e+00	-3.760298846816729768e-01	-1.352593880323819775e+00	3.206123810860678214e-01
-3.798624358008176327e-01	-1.076631935035273768e+00	-3.364913958880734746e-01	2.596276634829257635e-01	1.510624021869592326e+00	-6.082736976499369952e-01	-1.534088927032683625e+00	7.766641813550974049e-01
9.271520738859382327e-01	3.229524516795084788e-02	-5.141046416482335513e-01	-1.947283534007303585e-01	-4.718365889320346590e-02	-1.229360603544513847e-01	-4.284031145704588206e-01	-5.762001386729866947e-01
1.931920727850497954e+00	3.691573511400110807e-01	4.278843312884249572e-01	4.583210146698423193e-01	4.123326437459742810e-02	-6.934677186104755142e-01	6.010667703760990133e-01	5.724731674104412971e-01
1.290951937768515245e+00	-3.424497821743622272e-01	-7.207557719438293375e-01	-1.424671054655039515e-01	-2.679620022354758935e-01	-8.062887099957233294e-01	-5.592373725966308662e-01	-2.105605576904352183e-01
1.571336745531553669e+00	-7.216139509135729435e-01	7.528101380762068917e-01	2.166227511027744690e+00	7.317225422091101494e-01	-3.037781753432208798e-01	8.695290999917349994e-01	2.910458646401016813e-01
2.767992797421182649e-01	-2.905275156728799255e-02	-4.204890808117012768e-01	-5.776235369037402423e-01	6.248104935598995935e-01	-4.810853964565499630e-01	-1.132583626958907796e+00	3.135527455211198911e-01
5.187896084048955192e-01	-1.215698718195114880e+00	-4.707165242245947567e-01	2.632583235372496056e+00	5.064556023832895715e-01	-3.500157840253738106e-01	-2.548213347606023693e-01	-4.686124275947317064e-01
1.845079672185103048e+00	5.142511792205703980e-01	3.655533452675517325e-01	4.830613630243932866e-01	7.459492670617039189e-02	-8.542456325539150574e-01	4.174522721295477190e-01	5.551300233060029177e-01
8.905552941104589726e-01	-2.870449753357907641e-01	-4.102577893423851596e-01	-9.184378851626145979e-01	4.907014430637851587e-01	-5.846821061028860678e-01	-9.690256190950362614e-01	-2.400247873879912675e-01
1.163907924337189481e+00	-6.794611230516758305e-01	-5.693441562960397384e-01	-4.814891780497340679e-01	-2.662874689212782475e-01	6.664314146748467893e-01	-6.999290979286781900e-03	-9.586784273356815378e-01
1.339163896667799669e+00	-7.360501770538255828e-01	2.868685760346046942e-01	2.133826072566532783e+00	5.769817576812684701e-01	-4.272797216048423996e-01	4.479828531463468932e-01	4.262695329314925008e-02
2.052797207805834745e+00	5.186638339107134676e-01	4.797678064880184223e-01	6.895277969252681105e-01	-3.932644009443136968e-02	-9.733729673377771174e-01	6.764832712046209284e-01	7.457375219981974279e-01
3.006534518169957648e-01	1.164920085792432447e+00	-5.900587916383959186e-01	-2.053656622945478460e+00	-4.926930878642608591e-01	1.064968466700031868e+00	4.145689945320071290e-01	8.766371330637341419e-01
1.374374351523953486e+00	-6.696426834406710160e-01	6.412969173326601435e-01	1.771450554439822689e+00	8.393526643515245578e-01	-1.556077275755717304e-01	6.005031223771926108e-01	7.657964738851777420e-02
5.260963007749099030e-02	3.460146649656543061e-01	-4.798077532756739316e-01	-1.801293145324699863e+00	-2.685754421684722337e-01	1.872996022836458829e+00	8.109084001472419700e-01	7.278545597876653339e-01
1.162455645943489380e+00	4.131532484086308799e-01	-7.297812639476413121e-01	5.389050098130073740e-01	-4.481788682422636616e-01	-9.066065395204230271e-01	-3.675459905103641844e-01	-1.643979872818036592e-01
1.948644974321753987e+00	5.223458718123610289e-01	3.526315165708454602e-01	7.279443568621490890e-01	-4.586328532609735414e-02	-1.005696248021647810e+00	5.236590679018716665e-01	6.778570389140081698e-01
2.005332683411183314e+00	5.011805853579154313e-01	6.711632277488176479e-01	5.375757748919556267e-01	1.785055333410734690e-01	-7.761166289542986707e-01	7.002403256333620263e-01	7.170541332113800070e-01
1.992490221359973501e-01	1.423132590403966002e+00	-6.774447196979083152e-01	7.786643493675620142e-01	-6.692609387701597967e-01	2.807591584458343448e+00	7.902407078992745859e-01	-4.281883639654333606e-01
9.070417662161117667e-01	-7.485219174946063925e-01	-6.844173648728001380e-01	2.456847052324406810e+00	-7.698450513438791221e-02	-8.394127354099508720e-01	-2.420412732485653917e-01	-3.035690061510162296e-01
1.825262534743183007e+00	5.141500384837680571e-01	3.035750036899130255e-01	5.043258710226372621e-01	4.082763542040830640e-02	-8.888555959116150040e-01	3.727095399024402678e-01	5.263310422134613864e-01
1.579982862359073259e+00	-7.236815735356305623e-01	7.809977472445009949e-01	2.203364215036468732e+00	7.334338683917726032e-01	-2.938038761484444983e-01	9.105885042888868242e-01	3.422616964893696601e-01
3.034280949551940720e-01	-4.247473971181274788e-01	-9.444209762628272831e-01	1.198099588293650486e+00	-1.115406312819240187e+00	3.152680284198092320e+00	1.692208223629145136e+00	5.034405034552482672e-01
1.237680913169925123e-01	-2.277324239653170379e-01	-4.057561306286182612e-01	-7.491512521384136036e-01	8.630415779951289279e-01	-7.988994573108918473e-01	-1.401335537081871196e+00	7.452547348302827057e-01
-3.224171086612604986e-01	-1.276072669545246896e+00	-3.486524521374208541e-01	7.548135912495337330e-01	1.504685886121291283e+00	-4.129355773784523231e-01	-1.378376687968208225e+00	4.525125900901467713e-01
1.119968537431991873e+00	3.168644304840312897e-01	-5.528685733898067722e-01	-7.319818027676469607e-02	-1.860071862371317775e-01	-5.701108802047165636e-01	-4.786157672023032550e-01	-5.200659152650773942e-01
1.060032581298439913e+00	-8.179566449962674124e-01	1.266111049748466666e+00	1.269422559741526735e+00	1.546911249605151362e+00	6.936305552338114522e-01	7.598042005025773538e-01	-3.819645550674288098e-02
-7.816373072128681709e-01	-9.770787883079101732e-01	-2.757390849696240709e-01	7.393693397260956424e-01	1.643839951286369283e+00	-5.145105560659550825e-01	-1.534689260784151799e+00	1.244262284444828781e+00
9.280824703705531364e-01	-7.500494220999310846e-01	1.088792808088724140e+00	1.088745642300860572e+00	1.519539218011113801e+00	7.007732449404212582e-01	5.575187726633059615e-01	-1.626913838294431758e-01
8.309507295853778563e-01	-9.118344220731550154e-01	8.486827915733802241e-01	1.314195253806460517e+00	1.468146563678994099e+00	5.870973470444067477e-01	3.564996412793645097e-01	-2.763788812423934593e-01
5.120919251597905175e-01	-9.636059830910049806e-01	-4.038155034571691004e-01	1.953296622270233041e+00	5.888272443487594376e-01	-1.663174333113457415e-01	-3.463903186606276385e-01	-6.249494761993502623e-01
-2.075466686469508437e-01	2.177820231429029862e-02	-3.551795053064415453e-01	-4.117214286914565036e-01	9.184827205985497400e-01	-6.939987613168953073e-01	-1.394201822306465166e+00	1.108302276865640312e+00
1.939295800333679987e+00	-2.486872385358794846e-01	2.301588255987167819e-02	-1.601956590586292029e-01	1.520964065713592550e-01	-1.380133909123782088e+00	-2.285272511504190251e-01	7.244141881341636946e-01
1.355897741929579903e+00	-5.132135822384312762e-01	-4.978701566119150129e-02	2.104307346422218838e+00	2.511946835435241998e-01	-7.134896124527909667e-01	2.176937474874832135e-01	1.673564235851976445e-02
1.875004272650613091e+00	-3.550968259047372899e-01	3.695854914293147941e-02	1.428835746991429234e+00	-2.325315484203572397e-02	-8.092411359727673670e-01	3.987225863107238255e-01	-1.426788392646421433e-01
4.023055321312858368e-01	1.087877323734777857e+00	-1.067262340139768728e+00	1.165674247540779973e+00	-1.175461583736657989e+00	2.645264607340293672e+00	9.342688054963120825e-01	-1.538436801709278379e-01
1.020849261171312028e+00	3.170099950587228488e-01	-7.024153031545776749e-01	4.507032564675248487e-01	-3.235883632351891914e-01	-8.099725363244378862e-01	-4.324539804196482762e-01	-1.235467259848983673e-01
1.294317141920030834e-01	-2.525425450160363461e-01	-3.977833903209785915e-01	-7.841635196517332540e-01	9.010911677054080915e-01	-8.355896178690419562e-01	-1.439911070720215625e+00	7.585655454396441622e-01
5.547908610184086875e-01	2.562756495315687277e-01	-3.861260794154733333e-01	-3.439255132035425322e-01	3.630859421840388901e-01	2.034849796225497720e-02	-6.491435963032270440e-01	-4.709071265707295284e-01
1.018994454892127033e+00	-1.428450536273922600e+00	2.829351409196511624e-01	3.767013411731592321e-01	1.360806653733852789e+00	-1.800194028855865713e-01	-3.703559027244791024e-01	-2.531065301345147289e-01
3.400428859415298710e-01	4.342248048190288645e-01	-5.241332945253664999e-01	-2.310871870002103368e+00	-3.853590072211026119e-01	9.830165102573051872e-01	4.837753818836439956e-01	4.770020282706251002e-01
1.562723905074069775e+00	-6.371618386526555211e-01	5.840943336794226504e-01	2.165375817813401049e+00	6.037630927515345025e-01	-4.198072186842133902e-01	7.408982716419137970e-01	2.595702499484310311e-01
-2.197760135913080226e-01	-1.166265125162443628e+00	-3.927998208709162498e-01	9.942561639848714050e-02	1.404210524443076480e+00	-7.397516210188108676e-01	-1.547436321391782110e+00	7.181350246462987474e-01
1.481444850126854451e+00	-5.992231116096754517e-01	6.267290768642201915e-01	1.836878095448996717e+00	7.258675130676178755e-01	-3.220179134778122232e-01	6.481793830735066431e-01	2.245894314950875048e-01
1.245328345694652450e+00	4.737852275470130770e-01	-7.609007698993269786e-01	6.971039821245001988e-01	-5.477161825080065771e-01	-1.089588095527088019e+00	-3.225947674614244587e-01	-4.254282090569850086e-03
1.898633935397711747e+00	5.224123254623431745e-01	4.200958544437901065e-01	3.781146218504090051e-01	9.136311973470581660e-02	-8.218160198983347486e-01	4.470966778647789130e-01	4.835076923650402092e-01
4.237260898962805777e-01	-1.526422768674768671e+00	-3.919996291453079484e-01	5.208056062908024142e-01	1.200579122398064191e+00	-5.510610594550359176e-01	-1.114277414957374868e+00	-2.816788774705629161e-01
7.634947737574536708e-01	-8.933711116631956051e-01	-5.905917896823231761e-01	2.230395343286113441e+00	1.675226640338125517e-01	-5.833404745652728263e-01	-2.923877613986006763e-01	-4.612677258616472153e-01
6.546018844052000629e-01	-7.632216178292530184e-01	-3.729924955758208704e-01	4.260678861008071472e-02	6.544687747077704287e-01	-1.168061696397205418e-01	-6.862320771330445712e-01	-4.974765027115107818e-01
-1.190330376910768567e-01	-1.538714896647999542e+00	-3.085730198948038461e-01	7.064993931096282820e-01	1.566346129411241073e+00	-5.427004869606991688e-01	-1.350690739220395731e+00	2.622363902146007120e-01
-6.040365721451192160e-02	5.492630483229923311e-01	-3.504390432027868485e-01	-1.744749539418433582e+00	-7.980427167710892056e-02	2.156154432718234926e+00	8.466294323846954573e-01	7.262201562956693834e-01
1.867377602297448091e-01	-3.032788000625709704e-02	-6.561419197359644739e-01	-1.597909481721334846e+00	-5.130697786725864074e-01	1.621814260710398470e+00	8.233306930149050240e-01	7.920667183198446537e-01
-1.200268681256170811e-01	-6.220185754112080023e-02	-3.648998965025423979e-01	-5.345201843825214683e-01	9.288283018425662618e-01	-7.659449278301668773e-01	-1.419135644001991325e+00	1.054706024561434363e+00
1.786836143641637786e+00	5.702726590007944907e-01	4.176645511660007637e-01	2.158692003128376835e-01	1.953905521201684259e-01	-6.830061828553849468e-01	3.452496699499234545e-01	4.218525080494532342e-01
-2.460775260375117623e-01	-3.205227403615948933e-01	-3.496473233662663604e-01	-6.763530758959884759e-01	1.046639589441350049e+00	-1.106056420803092966e+00	-1.578082680540665805e+00	1.493472316417936430e+00
9.933507197675510714e-01	-7.345584737522463659e-01	-4.944104643970923529e-01	-1.142400394212640613e+00	4.917608360182300631e-01	-7.759707339314227958e-01	-1.073225926731981916e+00	-1.288050604575970981e-01
-4.038644548516547861e-01	-1.181083232102196456e+00	-3.354569772804078531e-01	8.918092089142635182e-01	1.548418923625027199e+00	-3.577715619766065336e-01	-1.414550538892166864e+00	4.150518664684996750e-01
1.413903531099168109e+00	-7.771762798977956965e-01	2.140324795530841318e-01	2.461441971651509242e+00	4.398205709410553110e-01	-6.150227005700951155e-01	4.863929404730255035e-01	1.455117168890405210e-01
2.980465278577273391e-01	-2.318540271594234647e-01	-4.132214648777453592e-01	-8.338260804283756933e-01	7.731913436849845445e-01	-8.173816863410122702e-01	-1.348429044992314418e+00	6.477536747524244021e-01
3.325418019429964844e-01	5.146125902598424062e-01	-5.954750338211156624e-01	-2.194361286329002514e+00	-5.377580637902706906e-01	1.074303563699222863e+00	6.010974457227882262e-01	7.359894187897007001e-01
1.844688068538817838e+00	-5.895826858075939869e-01	-4.843763863033317407e-01	-4.407043981069984073e-01	-4.283857502523976124e-01	-3.582493556173549365e-02	-4.342924343431352890e-02	-1.480770809514066588e+00
-4.678815743849711328e-01	-1.486789378101921688e+00	-2.906969208098181823e-01	8.425855472658045908e-01	1.715958282106990751e+00	-5.422430757829972414e-01	-1.484353910378839014e+00	6.399116290243733740e-01
1.034231566227160393e+00	2.631924299232180076e-02	-7.161463254674484968e-01	2.634759035452765019e-01	-3.301322167645132644e-01	-5.234758091516302780e-01	-3.599504300324844475e-01	-2.792720647905196363e-01
3.834058817219717086e-01	-1.347055783251539074e+00	-3.829788061181713665e-01	5.064511585433852936e-01	1.144827747259886452e+00	-4.420521725193461426e-01	-1.053839733408483026e+00	-3.296480297592979114e-01
1.855079074318224830e+00	5.165078026904450503e-01	4.185310579141705567e-01	4.690046212621835631e-01	1.066535100264424940e-01	-8.364067451895204064e-01	4.499330668852001835e-01	5.734475810737298396e-01
1.525556312731643827e+00	-7.686465381440272804e-01	8.248343173566017317e-01	2.248563816006857508e+00	7.970789932438797631e-01	-2.079182725944581367e-01	9.332666315658124656e-01	3.680317874902346298e-01
1.276953237336096447e-01	4.267342783314204691e-01	-5.650391972832293774e-01	-1.998427711343502722e+00	-4.766575893034251665e-01	1.623133450214631734e+00	8.395656519215505265e-01	9.447611065801369001e-01
1.919268435974492482e+00	7.043459488000438640e-01	-4.895059306209358918e-01	-1.436668803790883908e+00	-1.109373633752065436e+00	1.404927558748059191e+00	9.196404463201958146e-01	-1.792554765853784593e+00
2.649644385087994714e-01	1.036624030232403459e+00	-8.053716663079584226e-01	5.542978949713445180e-01	-6.895279269785671294e-01	2.524200271440975918e+00	6.425735013108513360e-01	-4.186329286401486716e-01
1.891958315714927119e+00	5.359788037147215078e-01	1.922628564766276082e-01	6.255262630253188849e-01	-9.549961789475289176e-02	-1.028040732881949415e+00	3.701781002149807098e-01	5.206111106557719248e-01
1.357889598695297462e+00	1.182758250485626828e-01	-2.648898848508601245e-01	-7.624528895956547148e-01	1.174324975336600851e-01	-1.666471774097160186e-01	-5.290500862182886399e-01	-1.142303723987995401e+00
-3.311107727551723112e-01	-8.536610125155631446e-01	-3.733430452610832506e-01	4.226735877174511158e-01	1.367585435454130582e+00	-4.399629891255223968e-01	-1.454677736723953174e+00	5.653046716402705396e-01
1.117005834100869954e+00	3.893403965475599193e-01	-7.248449435724479972e-01	5.767933307544177435e-01	-4.190912807642327986e-01	-9.488992889823710808e-01	-3.810262399418892221e-01	-5.709240288854835338e-02
1.105685322663021580e-01	6.618639685593405986e-01	-8.075436164992164656e-01	1.041900315126964127e+00	-8.033243900755684397e-01	3.115206015236538395e+00	1.116230098858827846e+00	-2.247048498930227789e-01
1.643430444818321678e+00	-6.382982672061079388e-01	6.964079786572786590e-01	1.996923803819036003e+00	6.558832110265044868e-01	-4.371897151733227238e-01	7.925196358498398652e-01	3.476083526398051626e-01
1.377736796996043456e+00	-7.439242469980562600e-01	2.837067062263463058e-01	2.266556615321435153e+00	5.370457836350887026e-01	-4.368526018133845334e-01	4.934915605627693269e-01	4.699925882031896762e-02
2.505540851721994589e+00	-1.267305614889465970e-01	3.835395779356768342e-01	-1.841644711233520748e-01	-3.138847598470774769e-01	8.395864121232574084e-02	1.139574758710446778e+00	-4.242026651713071139e-01
1.526240454521112788e-01	4.830078150083422783e-01	-4.887364713113981352e-01	-1.975630771201406510e+00	-2.688293601026146007e-01	1.464219113055236665e+00	5.980112845897689322e-01	6.801934993510723171e-01
3.438203409396488330e-02	9.297499268487898760e-01	-6.813409420254968873e-01	1.121409780443714421e+00	-6.853023865108015533e-01	3.237297638487614204e+00	1.077009438567757105e+00	-5.297138661476861188e-01
1.335239504657053933e-01	4.590582953978539216e-02	-4.662695425440959718e-01	-4.973609470350956463e-01	6.837133024153024818e-01	-8.465449962099276249e-01	-1.377181149396333959e+00	1.038196583480675894e+00
-2.866227624621213790e-02	8.731721048273827224e-02	-5.391518465675204652e-01	-1.518424079473985389e+00	-3.427093711346573257e-01	2.133701402231244160e+00	1.000160142186477419e+00	8.924266580140522986e-01
1.240254779522814266e+00	-1.462503775267106843e+00	5.540797796754955984e-01	2.807515667664413628e-01	1.479726966004079491e+00	-2.480676521156102154e-01	-2.527380406390089540e-01	-1.822855325707175844e-01
-3.056194189593849572e-02	-5.673422415411561587e-02	-3.772548065557083663e-01	-1.372800673526778592e+00	-1.075509448417467789e-01	2.401111852075615172e+00	1.046517918042717765e+00	6.407102354493441343e-01
1.022136202285138351e+00	-7.478203673845154054e-01	1.116686342938042920e+00	1.102733259556655021e+00	1.474903593783916333e+00	6.466183088244246147e-01	6.177486169496243518e-01	-1.080218605433582724e-01
-1.848797831096414268e-01	1.657475619941286837e-01	-3.378112068627206477e-01	-3.513551148122508461e-01	8.570575089141156955e-01	-5.512782923229612164e-01	-1.293840557374408951e+00	9.480494096393288217e-01
1.168988177916908261e-01	7.799916436129559205e-01	-7.611522934960581743e-01	9.616697519489431079e-01	-6.922757534736869722e-01	2.967715724818030143e+00	9.275463806018995339e-01	-4.128792680898275003e-01
2.840658660885555520e+00	1.272612797395466622e+00	3.925352345574500967e-01	-5.751430044952000609e-01	-1.175940366431089901e+00	1.486363154478362647e+00	2.387588703845795468e+00	-3.590529699169969780e-01
1.299679411273196861e+00	-8.626524173431124876e-01	3.368057406563930711e-01	2.374366305425605894e+00	6.483410979198360735e-01	-4.061110198776666236e-01	4.920306169300844301e-01	8.893569545924304154e-02
1.207325964719477840e+00	1.571315795002576010e+00	-4.409892869274631977e-01	-2.281193911519276973e+00	-9.419251625126924266e-01	2.041840348337558453e+00	1.141714815247820480e+00	-9.515698999075987707e-01
9.876419654677600635e-01	-4.658441666932204295e-01	-4.124445996392632208e-01	-1.047738896622967930e+00	5.411411890811056447e-01	-7.490532005195266185e-01	-1.057407381556222825e+00	-2.096365314538337910e-01
6.943587243066247083e-01	-1.442375621100129734e+00	3.228715013735170003e-02	9.111435677587862436e-01	1.350242560929398428e+00	-1.620293342047441354e-01	-5.538665373066139486e-01	-4.800849969411260521e-01
1.427589859010788498e+00	-7.746701919433436334e-01	4.848888545156581076e-01	2.211866050800188166e+00	6.609856741423543181e-01	-3.751668526012547633e-01	6.300173647807388866e-01	1.321668517226382289e-01
-6.157397431117721531e-01	-1.239426929238917285e+00	-2.324071695225931045e-01	1.083066115060447698e+00	1.771052450099309228e+00	-2.987363455986832284e-01	-1.419415684757300955e+00	6.058955827247888282e-01
1.051734258908852304e+00	-4.299608516948619230e-01	9.151201313220949096e-01	5.754885363814639110e-01	1.273886947570131989e+00	5.284100705945965482e-01	4.174264687060162959e-01	-9.624865968728658905e-02
2.790125638632212635e-01	4.707500085511831522e-01	-9.474194156995656702e-01	7.880494666879284127e-01	-8.949286046524970173e-01	2.659257760904648382e+00	9.598245398355655933e-01	5.160995148011998657e-02
1.853049331028921776e+00	5.701948211712843939e-01	3.436879983691980001e-01	5.058945518468193070e-01	4.463477466472043353e-02	-8.486874253768433851e-01	4.063516307165456753e-01	5.497191554890987764e-01
1.423810451107551112e+00	-5.742973442823343655e-01	4.771438321377751146e-01	1.860042140752574458e+00	6.543164223007769120e-01	-3.262640834360310826e-01	5.413491230284582789e-01	8.318219744318480768e-02
1.463810689524388531e+00	-6.747488153170700942e-01	5.763438104124192218e-01	2.010838789956068684e+00	6.984034615139936841e-01	-3.281668573795633037e-01	6.590579908919721452e-01	1.743065495639293527e-01
1.467490956868730878e+00	3.715662855681988175e-01	9.936004327785672441e-01	-3.660135023263557108e-01	1.016242964244276292e+00	2.050249115751615336e-01	3.918326120669911594e-01	2.957417798833382738e-01
9.514252515241097274e-01	-5.564957441745376210e-01	-4.624571015425160136e-01	-1.191362003074886378e+00	5.735264226057167347e-01	-9.253272384751697333e-01	-1.222564635531505850e+00	-7.083335675688473554e-02
1.966596780578424131e+00	5.282917212545905628e-01	6.478161196040673753e-01	5.400423423415678936e-01	1.858388441650129230e-01	-7.430956091152651766e-01	6.697298352608452854e-01	6.672522560197304831e-01
1.068663012406967594e+00	3.699009730904270210e-01	-7.057445347300610461e-01	5.311734732275644744e-01	-3.693684498420754525e-01	-8.846448907263071426e-01	-3.896277219490833499e-01	-8.079794271586332455e-02
1.801736337184388637e+00	-1.059261345465008386e+00	2.391411465100318767e-01	1.760697152802610743e+00	5.246236986479504427e-01	-1.321811494147468791e+00	4.462602884943003834e-02	8.095815462512823135e-01
-3.101800261050267071e-01	-1.429977190008064225e+00	-2.537508958864214681e-01	1.136651610241730337e+00	1.669023011379286547e+00	-3.611712337156654518e-01	-1.306582840844567217e+00	2.731748942091696830e-01
1.186776546668806054e+00	3.641176971312834465e-01	-7.350745532616027589e-01	5.994163521734174882e-01	-4.520568424284028830e-01	-1.053320433018751556e+00	-3.822059202027819347e-01	-1.203780666122817970e-02
1.493329873103680594e+00	-5.766554288783473092e-01	4.478695727170375340e-01	1.963489235199055161e+00	5.688909994196784670e-01	-4.487967342092881728e-01	5.780804984612303299e-01	1.930919597885737415e-01
3.187132545731808375e-01	2.493475303810571697e-01	-5.023902295639330884e-01	-6.640626680975938445e-01	-3.234857627880688979e-01	2.370594677974406927e+00	8.617271330863632839e-01	6.597938518856846790e-02
1.743279062349409658e+00	5.451116558487854036e-01	3.668267308121356263e-01	2.964030629342619960e-01	1.604913430115199879e-01	-7.707107784046922649e-01	3.179594582846382300e-01	5.188927489909288537e-01
-9.779515259237062108e-02	-5.377149151931883211e-03	-3.729282658260378303e-01	-5.160814924886979460e-01	8.715410330669628447e-01	-6.953748963684898143e-01	-1.363972225805925031e+00	9.571228648608476330e-01
3.483196522858670874e-01	1.101307143079313544e+00	-7.425242493734445226e-01	-1.277149747768256294e+00	-6.359519666234267898e-01	1.357025790198429283e+00	4.799289972277556160e-01	1.007041801672750259e+00
1.027438925374180689e+00	4.451493841812457775e-01	-7.192459106269956104e-01	6.020446995062462836e-01	-3.833153219680495716e-01	-9.592797227528808701e-01	-4.336155944562115061e-01	5.578311034700647597e-02
1.493314569613482412e+00	-6.398126898276347285e-01	5.271822759093821587e-01	2.094863667172343735e+00	6.282110559000834149e-01	-3.878519781778926312e-01	6.517638376847207926e-01	2.104229652221264457e-01
2.561463883276676734e-01	-1.367900483890667207e+00	-4.190637861547411025e-01	-2.075654530168016126e-02	1.254482770107892220e+00	-8.146059240025097514e-01	-1.407483103035151117e+00	2.404051433094256673e-01
7.414738917033835142e-01	-7.450404266097075956e-01	-6.163752847408650037e-01	1.987680270090037560e+00	1.193396087848863085e-01	-5.990084834070730224e-01	-3.273662202124960618e-01	-3.531974164130212146e-01
1.044618810202593506e+00	9.158161985435042673e-01	-7.863989652288775334e-01	-8.812574066281234630e-01	-1.069209108381105944e+00	2.130255742088380533e+00	9.912917455617622497e-01	-6.642233035111033690e-01
1.916906175619417896e+00	5.125693145812686424e-01	3.597224332811400638e-01	6.171816583455888017e-01	-3.356799127504578231e-03	-9.419276419229971609e-01	4.848196672681943653e-01	6.074774194619203538e-01
-5.306400020469039802e-01	-1.539515630210364527e+00	-2.866171390755922199e-01	9.219916740156112178e-01	1.758052865870162185e+00	-5.528350225035109089e-01	-1.505541605148940310e+00	6.888699970564242658e-01
8.532608585599096851e-02	-1.766374292552466418e-01	-3.985129093358846242e-01	-7.970240400966583927e-01	8.614590203639211907e-01	-8.814665856322397852e-01	-1.441557123311232536e+00	8.639766424054551308e-01
2.787852201515999440e+00	-1.096757539612239096e+00	7.770441400850465474e-02	1.990758565123430801e-01	-7.826931703739423707e-01	3.023074458819746124e-01	1.641428641009480716e+00	-4.206725981787129975e-01
-3.306374938660797819e-02	-1.239306368430728861e-01	-3.873736398968424810e-01	-6.633953869679538595e-01	8.958225688076378868e-01	-8.297209583176154979e-01	-1.433936244963587514e+00	9.724534045791668468e-01
-1.707356614356346780e-01	1.225149194231982541e-01	-3.361368835385728504e-01	-3.903139530493897613e-01	8.817941121209612598e-01	-5.155677581284953126e-01	-1.271920962627190566e+00	8.965666903046145553e-01
2.436642956660767911e+00	9.771714902451127394e-01	-4.213587405933361119e-02	-1.398204405640783854e+00	-1.056646301846074776e+00	1.567864481149068956e+00	1.433125405099192173e+00	-1.482558964311168737e+00
1.614176256337048310e+00	-4.158586308490376249e-01	6.663233724672995573e-01	1.608786010981945624e+00	6.375059424825263443e-01	-3.645413726768249596e-01	6.907451063187428630e-01	2.616298021783770023e-01
1.173815917978686452e+00	-1.533854172459706122e+00	-7.243603350038795297e-01	1.044245608850381091e+00	1.850560213384040975e-01	-1.466879185733040547e+00	-7.970729926404523935e-01	3.349474360848403443e-02
2.430545713812289232e+00	-3.463709822080375811e-01	-7.545453711082727999e-03	-1.185777062003807863e-01	-4.745194374943819127e-01	-2.319179225307159697e-01	7.568997450945411654e-01	-5.318634539214158741e-01
-1.584132628298884626e-01	-1.362694909884316408e+00	-4.036232140276840297e-01	8.509395548182333568e-01	1.385804884585036367e+00	-5.885306452895359142e-01	-1.346588206968793777e+00	3.509438168249070511e-01
1.532892059415920771e+00	-6.446464179865127875e-01	3.184999376641086122e-01	2.292523008517987737e+00	4.194727096318878190e-01	-6.205253935110173202e-01	5.846675503939071650e-01	2.408164587339220453e-01
1.316460737446269125e+00	-4.895045263467089902e-01	-6.164521722856604047e-01	-5.617858558836510419e-01	5.656540310391346138e-02	-1.240753493992915901e+00	-9.547776448820941564e-01	-6.738096778749694260e-02
1.387672493442505317e+00	-8.103965981035915478e-01	4.484194443479383452e-01	2.224790521186407410e+00	6.804385729969087970e-01	-2.785770705922862023e-01	5.814608997742368723e-01	-3.141990813021387774e-02
1.112886927053022612e+00	-7.675274050508881230e-01	1.300599455970093077e+00	1.292654639909839753e+00	1.515219086824429739e+00	6.864752063787711300e-01	8.254117207740043760e-01	4.377002491169895704e-02
1.130277732126879764e+00	4.349190328756817325e-01	-7.156355602494823831e-01	6.569988545025456927e-01	-4.417905144484322588e-01	-9.939453898311358948e-01	-3.300931534768742903e-01	4.587697983139960023e-03
1.001575666872348114e+00	-5.279122396213201673e-01	-6.937411381737013105e-01	2.068101178029899234e+00	-1.634236672289372805e-01	-9.569615705470759792e-01	-2.769855047467889575e-01	-2.109795766431590558e-01
1.133946756615053786e-01	8.347989770410395582e-01	-3.468276996488346975e-01	-2.130539295056706806e+00	-9.796217046875282941e-02	1.576137936102654624e+00	5.516515055865550687e-01	5.927545471170874158e-01
1.374410453142487221e+00	-7.207208576861219296e-01	2.409918442471407074e-01	2.107224631656051450e+00	5.337480794077263946e-01	-4.959349523682221039e-01	4.082224993822473058e-01	1.421338135911853762e-02
2.684968278896422700e-02	3.837000429246804623e-01	-5.462028894351635966e-01	-1.430068698320040577e+00	-3.232382810419556218e-01	2.040400084045076667e+00	8.496175836139122639e-01	8.860337552431187813e-01
1.325327137517426257e+00	-8.704227050878714511e-01	4.752282468740186561e-01	2.270079496372852113e+00	7.414425086413879429e-01	-2.800363148342722708e-01	5.924218428780559931e-01	5.747257667402597137e-02
7.117200503398343203e-01	-6.688686846132079200e-01	2.163240001890225361e-01	7.568985905134634207e-01	9.848162637175372769e-01	5.554181639561043271e-01	-1.479478386310048056e-02	-4.018507504196208724e-01
3.193797861303624419e-01	8.798396583814656058e-01	-8.645811585404102884e-01	7.873686498496252906e-01	-7.903461552405487422e-01	2.557728945873924520e+00	7.269380439866546251e-01	-3.508471575278286347e-01
1.274412147977055376e+00	1.240737257914218683e-01	4.159218251296761260e-01	-6.247971362077847646e-01	8.008688783726171101e-01	-5.787436741204404766e-02	-1.639578151643955872e-01	-2.435038362704151048e-03
1.113791198033070362e+00	3.860601400220154966e-01	-7.237825896056460095e-01	5.715705496280965026e-01	-4.149000827764472987e-01	-9.415290374446497745e-01	-3.836619949268214591e-01	-6.530638545565631281e-02
2.346347041323751659e-01	1.462688032281752815e+00	-9.068762705205286601e-01	7.410295367288061152e-01	-8.106322324134052071e-01	2.230678886574252395e+00	5.333879780379311430e-01	2.203611729500784822e-01
1.554605037590616634e+00	-5.404167701528792556e-01	-7.785134732255125645e-01	-1.241819734319919433e-01	-3.568384061500772808e-01	-1.328806621396429133e+00	-6.529590164582330658e-01	-1.828234026161622283e-02
-5.434648147591640832e-01	-1.018908833194555941e+00	-2.798908773624266266e-01	1.176703612948967637e+00	1.581576795737630547e+00	-2.084089681714377251e-01	-1.321885253592685938e+00	5.662018775810838678e-01
2.939094850253350266e+00	1.322946169934128058e+00	-7.602440169688468030e-02	-8.967731029891802264e-01	-1.380723270520129775e+00	5.264392223485597766e-01	1.614398791868644212e+00	-6.589329096201672620e-01
-5.959291451512190863e-01	-1.171069020463538557e+00	-2.691704570026959287e-01	7.575464097790657325e-01	1.684833368701863510e+00	-3.332065121025875598e-01	-1.443243388958729501e+00	7.028863829139906372e-01
-2.701202418982236869e-02	6.085672201490230915e-01	-6.449412821963932396e-01	-1.455091734502222733e+00	-5.726703526914880271e-01	2.230795630368990867e+00	1.079030020060509631e+00	1.160904595205679568e+00
-4.609766495334383096e-02	-6.061397882168748086e-02	-3.848052658751279220e-01	-5.528529843086141815e-01	8.617263516269453305e-01	-7.065334183205129737e-01	-1.366269132020895949e+00	8.885490403603897303e-01
1.811781085812611991e+00	5.143531379770243106e-01	5.711729107484757595e-01	3.469497474317425612e-01	2.808002522120094380e-01	-6.798640947887537589e-01	4.748929269834574196e-01	6.179860599981377156e-01
2.223547098747965300e+00	3.583220245062437304e-01	4.751559464433442459e-01	3.607389315755991088e-01	-7.436708618348444877e-02	-7.449429841635317739e-01	7.035658268725214493e-01	2.516951270677117991e-01
1.854696263606135487e+00	5.468220421466656322e-01	2.132284707472083540e-01	6.845062467600201428e-01	-6.935819487913130743e-02	-1.015373251882425443e+00	3.749508021135380398e-01	6.151136010323141612e-01
1.973645157354608104e+00	5.227779144757442875e-01	4.987925690029850756e-01	5.551955115973427057e-01	6.518068797955457738e-02	-8.652920868069291505e-01	5.805051981747935130e-01	6.345312785196368655e-01
8.733549778140017317e-01	-7.368962768804271368e-01	8.269930886838418038e-01	1.023080010408508933e+00	1.393576641506471425e+00	5.849931826974342775e-01	3.331438059008210439e-01	-2.769485203963294451e-01
5.388083556988289002e-01	-1.183115004534175840e+00	-4.976024846868004614e-01	2.628077439971530094e+00	4.527523443196374564e-01	-3.824817266589347620e-01	-2.553398115029526516e-01	-4.549576712947310808e-01
1.397440824698056527e+00	-7.943883786669524438e-01	4.787674425795557243e-01	2.173257455741741229e+00	6.892600948734667332e-01	-3.284779088218597320e-01	5.997233208822241313e-01	6.815742286932988114e-02
6.674785230033943861e-01	-9.486023730269926846e-01	-6.003596703394737943e-01	2.459074300776950217e+00	1.975291761000709245e-01	-6.150276495318994785e-01	-2.832391261700151208e-01	-3.355045826602690018e-01
-2.002645316121731411e-01	-1.366426109321136728e+00	-3.208265107549155837e-01	9.120888254892836056e-01	1.542821186815877432e+00	-3.662861082904770860e-01	-1.316925172808506739e+00	1.432220836941347497e-01
5.711635654696610720e-01	-1.113363978964775347e+00	-5.353134570118783797e-01	2.648335325823142128e+00	3.511825581443144273e-01	-4.397137894984717854e-01	-2.200401263181444578e-01	-3.537181876718599183e-01
2.477239394112979998e+00	-5.587750547822371017e-01	9.288191630023055756e-02	1.715729187495050878e-01	-5.230388750469554537e-01	-9.755447775908999974e-02	1.168074169984066435e+00	-1.114149178943959484e-01
1.660534062336714023e-01	1.098860566063716293e+00	-6.512363372768389391e-01	6.238341285049349150e-01	-4.943363370256171341e-01	2.656597720102359173e+00	6.022642607466092146e-01	-7.070597333719720323e-01
2.025419253467372727e+00	5.325423655298267001e-01	5.390069031112003639e-01	6.122129081631922931e-01	3.544500057371816060e-02	-9.161307183296923951e-01	6.593625507168561217e-01	7.219664960248166619e-01
1.613381467097330324e+00	-5.449550426933604808e-01	4.877600068731396954e-01	2.026297673471663785e+00	4.895487914454920153e-01	-5.589833931614218709e-01	6.766833559074978410e-01	2.822254510745842992e-01
-4.757159669999403984e-01	-1.117963016301782853e+00	-1.956154060098406755e-01	1.272369071172624544e+00	1.680598965594165550e+00	-1.916685382140321803e-01	-1.262153343091483082e+00	4.820493694955556019e-01
1.824928818332384184e+00	4.799191772210932849e-01	5.150058206450200959e-01	2.936965832517677288e-01	2.550793297732039111e-01	-7.082670478589080387e-01	4.296022036362006080e-01	5.359964250169548805e-01
1.241834505542680489e+00	-5.625960033370327462e-01	-5.234189696801307967e-01	-5.700496793124608663e-01	-2.285168821771061121e-01	5.451314870462983242e-01	-8.094458527896393474e-02	-1.024631806999855899e+00
-3.177869499015599231e-01	-1.117069029325366669e+00	-3.720154408207320684e-01	1.329854635021480991e-01	1.446489897807450964e+00	-7.370761699185784943e-01	-1.569824946132946097e+00	8.314463032772350104e-01
1.068058668952076129e+00	1.375848346680570988e-01	-3.190039576686286016e-01	-5.743230995335966149e-01	1.572190547326235699e-01	1.224427136203115607e-02	-4.921597775771571204e-01	-9.378881044422179292e-01
1.870311228045682395e+00	5.251194544022999011e-01	5.074409713634405739e-01	3.901231913585434530e-01	1.857005588535804441e-01	-7.099158044202927842e-01	4.867693928351154442e-01	5.249778109083858002e-01
1.896318319918078199e+00	5.157401416523075266e-01	3.367799157250559450e-01	5.972240321764505921e-01	-2.307027006124215407e-03	-9.460386633825303981e-01	4.544480301685565049e-01	6.028491371291369028e-01
1.042358273285424852e+00	3.706164540406272079e-01	-7.139923693345177069e-01	4.849968776117405955e-01	-3.553948408374033585e-01	-8.499309516330286751e-01	-4.245582224524320769e-01	-8.671623655035896883e-02
5.347644240507080093e-01	-1.401927644628244041e+00	-3.334754729544243679e-01	8.287288811132831334e-01	1.067823638087757265e+00	-2.916593103113280239e-01	-8.186903967945520222e-01	-5.911529487704141328e-01
6.606061870056507690e-01	-1.007821403343984956e+00	-5.553377136172440443e-01	2.355863966682442801e+00	2.853368286483146110e-01	-5.129067890753875592e-01	-2.828182835846568266e-01	-4.391282113300203904e-01
-4.190226275693508841e-03	5.553084646931749635e-01	-5.248325516465879303e-01	-1.229044895858551811e+00	-2.859828659149397101e-01	2.120809878689896344e+00	8.219750666790934801e-01	9.505329740856285348e-01
1.885928823160952117e+00	5.058786115839832842e-01	4.818230351082177787e-01	3.972347781810130485e-01	1.527796996106457472e-01	-7.732668701701540526e-01	4.800267916012003200e-01	5.246728627948171741e-01
1.515760632465069646e-01	5.893642559868634834e-01	-6.452132682538193054e-01	-1.502944149185416745e+00	-4.726901838967569325e-01	1.632870234973777146e+00	6.815954836599238398e-01	1.024533229648915800e+00
2.980288143499067455e-01	-8.236180554511637331e-01	-2.384388275453903083e-01	1.376514870509758071e+00	9.202125030629026980e-01	2.695923404186573169e-01	-4.656466675445835590e-01	-7.289018414552860259e-01
1.884022861293332518e+00	5.321858213936285775e-01	4.262968089758332191e-01	4.890038308164591507e-01	9.022185131877041853e-02	-8.209956327603954440e-01	4.719320427115824002e-01	5.450219988370037516e-01
1.151852730467828323e+00	4.033367352724140931e-01	-7.307268759496368116e-01	6.129774991144890661e-01	-4.505343854433582762e-01	-9.900789157300159404e-01	-3.611126529064342949e-01	-4.467753078420816371e-02
-1.129693901071966294e-01	-1.236872532030026450e+00	-3.870336374307612459e-01	5.372901514368191300e-01	1.382872503353254068e+00	-4.837899799038261062e-01	-1.364835835014294618e+00	2.667949992372107282e-01
1.179460901491349301e-01	5.657160480836891381e-01	-8.608009999775080301e-01	9.388964860511840316e-01	-8.302410028741701309e-01	2.971126549231979830e+00	1.101561071335638298e+00	1.243515429498208980e-01
1.395576979622602076e+00	-9.298016780720205210e-01	6.421352679096109517e-01	-2.134862453421332296e-01	1.148874775233458490e+00	4.494688459513224849e-02	5.035923394320421242e-02	-9.923738764385174604e-02
1.534683261729688386e+00	-6.782776148283709006e-01	5.075766813743480821e-01	2.038906645545410345e+00	6.035955427065791135e-01	-4.139328459296399698e-01	6.401712965231657337e-01	9.804716029893514873e-02
-3.202559158804598183e-01	-1.592120601403108404e+00	-3.514025055122565466e-01	3.641073032356225703e-01	1.618964535592849696e+00	-7.872489353880018914e-01	-1.576645357085025179e+00	7.146173181276245234e-01
1.301457156832999562e+00	3.251119867382629147e-01	6.841933619735961480e-01	-3.598065845718399491e-01	8.808466533893558603e-01	2.133169220536965671e-01	1.546002549556756145e-01	1.119606244939277129e-01
1.477066994079495377e+00	-5.149884502366437466e-01	2.693303653778070794e-01	-1.031540575323960818e+00	8.171445535339182387e-01	-3.000121438535566787e-01	-3.202216695739950603e-01	1.291272015394032135e-01
1.854135378431703840e+00	-3.172227313961305945e-02	-6.316943929125373725e-01	-9.704167704103894287e-01	-1.105694559913716013e+00	1.413742733526287321e+00	9.077393316736657169e-01	-1.514160893976127298e+00
1.126927000641303689e+00	6.423045815038067041e-02	-1.106205064537465477e-01	-5.230468703671380393e-01	3.325850720108397551e-01	1.837551670981206753e-01	-2.842204743376210985e-01	-6.500897101607293616e-01
-2.373565489199561951e-01	8.581061434409993360e-01	-5.433850374135970052e-01	6.395587983369996898e-01	-3.639276268238229584e-01	3.093156751575312224e+00	1.021122654064209323e+00	5.596722895468504433e-01
1.264462449899766971e+00	-7.608223368226001426e-01	4.330623226101457668e-01	2.046987347847844863e+00	7.594824548553117394e-01	-2.323290409400508294e-01	4.803483310130496342e-01	3.969683191931638877e-02
-1.866370167911806212e-03	2.522650778446541286e-01	-5.395781602495849372e-01	6.742984740118520559e-01	-3.822505670637039721e-01	3.120642524672610385e+00	1.066951475514595682e+00	-2.477264987748037939e-01
9.874942544859757199e-01	-8.278878609697609692e-01	-5.591348044492827629e-01	-1.017242045096671488e+00	3.246265982263107364e-01	-5.506129385084379546e-01	-8.901742285727712867e-01	-1.884297225922390295e-01
1.709708756687980502e+00	1.092213319415198169e+00	-5.101725591532688675e-01	-7.921485621879603700e-01	-1.150963332648337945e+00	2.019605583961723294e+00	1.116855634650109730e+00	-1.530226966804081767e+00
1.339775711902459365e+00	-8.705119566076918725e-01	3.509028828059512217e-01	2.386686371277251251e+00	6.302521827172102853e-01	-3.904396704506566951e-01	5.402269957596366190e-01	4.562233509663693454e-02
6.174360072060314231e-01	-9.541229644293182099e-01	-4.183076894765271891e-01	-1.516122541292384551e-01	8.777058637330079627e-01	-5.319074893075741439e-01	-1.063809496245419206e+00	-2.995133669454209113e-01
5.364766080215922495e-01	2.395766451123582663e-01	-3.913010866387344744e-01	-2.952882318146549667e-01	3.663756831439500261e-01	3.175389666374692221e-02	-6.464548273806096645e-01	-4.476703442297138014e-01
1.684537310030348456e+00	4.633912695576705709e-01	4.720405720373879177e-01	1.560222872248782366e-01	3.509978708304647976e-01	-5.532612372209652074e-01	3.059661261869271454e-01	3.954013972339736616e-01
1.376774706275143423e+00	-7.680157098805274751e-01	1.750433632644337600e-01	2.457282430717548483e+00	4.330662627841504464e-01	-5.708005011811676521e-01	4.754382533457965909e-01	1.136791000944749053e-01
7.182912895211838178e-01	-9.528610671221030559e-01	-6.034669065078800410e-01	2.408202660243750959e+00	1.675041981823226500e-01	-6.371726240660547935e-01	-2.662288841312864807e-01	-3.551991638197961598e-01
-5.562710091455335543e-02	-2.007903554492341397e-02	-3.517795830387299150e-01	-5.195895962343823893e-01	8.840683422280258830e-01	-6.892261468270165503e-01	-1.346074000699272633e+00	9.369565894273461648e-01
1.108923521498972553e+00	-8.411476484020220523e-01	4.062926975019384712e-01	1.933118102817192652e+00	8.719362591722200628e-01	-1.063703524674326772e-01	3.835643135581076058e-01	-9.687014507443067468e-02
9.513705567005411590e-01	-4.831108473102029843e-01	-4.468302506225038107e-01	-1.022209216719644598e+00	5.282486195588755873e-01	-7.791670839194794196e-01	-1.082196363649901905e+00	-1.823731448600623972e-01
1.796610772500619291e+00	5.094339191948693557e-01	2.716934621300024499e-01	4.952189035770151460e-01	3.792703452521818674e-02	-8.824748174690776326e-01	3.406169516111478002e-01	5.030552007516702062e-01
1.368460023315865026e-01	2.832822503187314989e-01	-7.015932548917037659e-01	-1.426625973695214489e+00	-5.904611766288193619e-01	1.795812787942191013e+00	8.785929708073603184e-01	1.048780447481915790e+00
4.380525886947845837e-01	4.982600397519875712e-01	-1.096486246751253057e+00	1.044532324178997440e+00	-1.208905357621901322e+00	2.720288759583618265e+00	1.141891424598234117e+00	-7.617778578115172450e-03
1.954610429681021611e+00	4.524186975700500990e-01	6.140924724934969658e-01	4.920732888218725121e-01	1.792809542678691914e-01	-7.115008550550397937e-01	6.624245255776458619e-01	6.631295371951256845e-01
1.444875445404601777e+00	-6.347023663063001697e-01	5.305766577909971637e-01	1.963630427860662442e+00	6.735237275866290396e-01	-3.544088445414226296e-01	6.147306512584034266e-01	1.666379579782074072e-01
1.443762278211867534e+00	-5.340189668523687150e-01	-5.227449203954932511e-01	-6.183000387281667454e-01	-4.016259995744110300e-01	7.720814531580602047e-01	1.429507944819163323e-01	-1.203710994948655966e+00
9.509671499633334801e-02	6.235805004137346952e-01	-7.717476472136242105e-01	7.955671213480560722e-01	-6.785825969862264717e-01	2.919625646041971834e+00	9.827743919548694862e-01	-3.842063594541055005e-02
9.958622183095714453e-01	-2.488927059910459559e-03	-5.731295607956259364e-01	-1.117345222392911452e-01	-1.480847015756625862e-01	-2.589513375147073360e-01	-4.064552950863601355e-01	-5.034082580292653653e-01
1.448940293676293845e+00	-7.125363024589279615e-01	3.873016877290753612e-01	2.164718314399023402e+00	5.671288108807193140e-01	-4.692035663253247835e-01	5.629315346098739958e-01	1.236524851180073048e-01
7.239552664348903877e-01	-9.171079808900126640e-01	8.593296214680741230e-01	1.473507313954826481e+00	1.523042294508911487e+00	6.502738234644306337e-01	3.350119972281464520e-01	-2.694065690981970462e-01
-5.680059262318351565e-02	-1.335827867537939806e+00	-3.571337715492249876e-01	6.778862242380391256e-01	1.419869980529044895e+00	-4.554958182851391313e-01	-1.295288402971435104e+00	8.425330207436890206e-02
1.056993741538616582e+00	-6.231010712330139478e-01	-5.072814553579090280e-01	-9.121105587766181744e-01	2.450417409292557913e-01	-3.838055288450714642e-01	-7.742397823430551274e-01	-3.895316422911225818e-01
-3.588636862732775268e-01	-9.854876759769551908e-01	-3.010187940031253118e-01	1.000219276963418391e+00	1.457406522079000455e+00	-2.154935418112950973e-01	-1.252388922295563756e+00	3.100827311102190564e-01
1.764188403868031774e+00	5.541315018859021002e-01	3.968233798348791419e-01	3.214854756235545619e-01	1.774545286731044891e-01	-7.200222073622790653e-01	3.451865701266069175e-01	4.974341427197363497e-01
5.394342950039335838e-01	2.368908808207845218e-01	-3.845528190040973238e-01	-2.992882467077089825e-01	3.745943864985469829e-01	3.726528934641581969e-02	-6.452876606979937035e-01	-4.694174736955746829e-01
1.084034985479830793e+00	-4.689590001935368679e-01	-7.071940143336532536e-01	1.998052031920461546e+00	-2.284718335545811441e-01	-1.024998159485504434e+00	-2.671475205581209655e-01	-2.170405444109191617e-01
5.731953672832090785e-01	-1.461098275291689008e+00	-3.621930587327109596e-01	9.409545242023873435e-01	1.025264475099858297e+00	-3.682370388754481749e-01	-8.100336294059926612e-01	-5.703596909870213283e-01
7.910980924892152544e-01	-1.717881935793191261e-01	-4.142736174688108064e-01	-6.997099790893720472e-01	4.388707532498924979e-01	-4.082852711776187582e-01	-8.746957753315625084e-01	-3.007128327512441079e-01
1.297355015715407678e+00	5.483484910420857172e-01	-7.690086832328766331e-01	8.832835437409584101e-01	-6.330076259922947646e-01	-1.268855412713398856e+00	-2.681005534596134221e-01	1.953078525766844264e-01
1.695790043477900300e+00	-7.087811279877306303e-01	5.819928489753475320e-01	2.391195103547517409e+00	4.878366258053213889e-01	-5.475623143104563217e-01	8.671875248552117776e-01	3.066031581402189343e-01
1.949368042071517371e+00	4.622693542689801371e-01	7.193330169640046456e-01	3.489850167980153017e-01	3.215480742882302345e-01	-6.642682691674154372e-01	6.183837966667269370e-01	6.608832545996450314e-01
-7.483739924541883692e-02	3.568285413318977861e-02	-3.820754243668924577e-01	-5.220979194418843283e-01	8.421932918342482921e-01	-7.621975756092325138e-01	-1.387494033861282894e+00	1.052943688909836029e+00
-2.525921001937138713e-02	1.847231130020726697e-01	-6.890155773688034779e-01	7.987093161520221196e-01	-6.000450822469763912e-01	3.154760614443898881e+00	1.245134236660583760e+00	3.070120966260514450e-01
-5.845631670955212522e-01	-9.701422000681250157e-01	-2.687844008712110266e-01	1.298547473278232944e+00	1.569488896779146492e+00	-8.618872009647658705e-02	-1.284242975283085286e+00	4.649736011566679150e-01
1.997467723046569277e-01	-1.599419968712170403e+00	-3.702941589067657580e-01	6.951073038979161955e-01	1.373249679257728673e+00	-5.438199540770916052e-01	-1.221802618743831337e+00	-1.513754743357836052e-01
1.383529450531538751e+00	-8.173883390268901206e-01	5.268576512492789687e-01	2.220481928709911568e+00	7.304419097099104086e-01	-2.934819317999260435e-01	6.404524579242059090e-01	1.065484043034835016e-01
1.861326748036614909e+00	5.807231314718666049e-01	2.848146264845519138e-01	4.989805697150895281e-01	-2.202014634839777676e-02	-9.789420753031171651e-01	3.826234445286715857e-01	6.017383193682011022e-01
5.432836181322123759e-01	2.613340677929868461e-01	-4.075300688680768002e-01	-2.755973365801014929e-01	3.309705914549603833e-01	4.952981989797119317e-02	-6.377708841285992802e-01	-4.488459322344850455e-01
-3.753651004867111785e-01	-1.004664650973390305e+00	-2.761950828965084037e-01	1.121288973663634225e+00	1.487248526217948008e+00	-1.620913254543394910e-01	-1.210690932797403585e+00	2.472210977898787188e-01
1.480340413216079565e+00	-6.717110107724187928e-01	7.148906628336180180e-01	1.895572436414574957e+00	7.977151165533091781e-01	-2.282688078145887201e-01	7.308933843324726398e-01	1.955529341058511728e-01
-3.381511121204350823e-01	-1.250080890966241531e+00	-2.789450262442975115e-01	1.041222376571958153e+00	1.604031153650669506e+00	-3.072529303767089770e-01	-1.309748952149314638e+00	3.104362833593279913e-01
-1.293537534330205414e-02	7.118277332402607183e-01	-7.828864040336372954e-01	-1.018754158768913509e+00	-7.540794014424572200e-01	2.007325193245299122e+00	1.038069364530348260e+00	1.672405639067804151e+00
1.299403489756403518e+00	-7.153636860487417870e-01	3.107128615418357498e-01	2.060566689097998339e+00	6.347963633224837920e-01	-3.502869402120852849e-01	4.219133497839923086e-01	-5.028219410982776244e-04
1.611003958007916737e+00	4.706718096304216004e-01	5.262589578637861809e-01	5.391264324659982010e-02	4.622100128364957650e-01	-4.441067755324265565e-01	2.570396259453739951e-01	3.831196224301650632e-01
5.608251934390698357e-02	-8.334280550617259586e-02	-4.182800591571255722e-01	-5.844217473181638756e-01	8.003296443460489185e-01	-7.951320828057566459e-01	-1.382911333975463730e+00	8.998538414343268954e-01
3.093858843689799576e-01	-4.197624744212674619e-01	-4.024395744753824222e-01	-9.681447614494798071e-01	9.047376670251648934e-01	-9.560197628148755511e-01	-1.460796396812803266e+00	6.904164081946810860e-01
2.022673602108098767e-01	1.354365530835179854e-01	-6.511977586340670365e-01	-1.691252049493720211e+00	-5.046118430938383304e-01	1.450210101911256544e+00	7.056684682149384491e-01	8.151999454661167377e-01
1.083587901244202234e+00	4.490272098327316441e-01	-7.376563272496439172e-01	5.304077247583416366e-01	-4.191334870683237623e-01	-9.092758249971821805e-01	-3.999629525763354621e-01	-2.428041108876678386e-02
1.311206415924554003e+00	3.632044805395867604e-01	7.169584217652735791e-01	-3.677430878403063486e-01	9.003158612944993644e-01	1.867466936205978145e-01	1.603013602580012908e-01	1.390896626452335361e-01
-2.967904224711594985e-01	-1.530283997605025981e+00	-3.157656808471209775e-01	8.871936610637244369e-01	1.637329693313208434e+00	-5.206447875264527125e-01	-1.410543370892840098e+00	3.708121581398539646e-01
1.360971962592256945e+00	-9.952773070486563567e-01	7.687137111031725478e-01	2.370810110509042445e+00	9.304538317970316719e-01	-8.152326673623641606e-02	8.402748684756061737e-01	1.202045219229267159e-01
6.230303597894238932e-01	4.475321972653142910e-02	-4.351585708309780309e-01	-3.241972874698088036e-01	2.470714811716225867e-01	1.886558586947001404e-01	-5.350970794527717400e-01	-5.380634756133654273e-01
2.941633855917729079e-01	-4.700162795328897691e-01	-4.293188697939944731e-01	-9.483393961660074867e-01	8.692459190836342442e-01	-1.087642521302856879e+00	-1.497334754824901637e+00	8.660230515620341851e-01
8.681937572315229223e-02	7.646597181170602386e-01	-5.970800559235790450e-01	-1.534693413326772671e+00	-4.122625904253454654e-01	1.642019989606021468e+00	6.463927033505139086e-01	1.074020840412946542e+00
1.572155406879646611e+00	-6.723465700314253946e-01	3.656700125528769552e-01	2.305304843891611721e+00	4.336702314624246157e-01	-6.088785335369552021e-01	6.411921695320398351e-01	2.077775730973486223e-01
-4.595268003342503627e-01	-1.161623957132355001e+00	-3.033582541530532861e-01	7.905626596807964201e-01	1.595628707563616189e+00	-3.835154573275112999e-01	-1.419754904224691749e+00	5.541142428125356290e-01
-4.676549980054061501e-02	6.017902004710384833e-01	-4.841947660314010471e-01	-1.334040591879167348e+00	-2.563604189879487572e-01	2.186132490532024963e+00	8.824827300851266765e-01	1.023994742082856568e+00
1.718762056769643776e+00	4.255255376682677282e-01	7.254232862662775283e-02	4.789784138808987901e-01	-2.576863780907945323e-02	-9.600281599515110287e-01	1.464638324979410378e-01	4.281615280057103901e-01
9.435629064386626963e-01	-1.155168884815717556e+00	-6.745447776667661266e-01	2.204785465001572131e+00	1.279157436019631167e-01	-1.115569649544507769e+00	-4.734044283520073004e-01	-9.908829685871706205e-02
1.192367894705783360e-01	6.852485876081679805e-01	-7.558734633493761068e-01	-1.112547385679643952e+00	-6.588753922187233769e-01	1.827429800307909691e+00	8.306974647330662709e-01	1.321638926525828595e+00
1.052177188054761459e+00	-4.843481475680158077e-01	9.642248284561278915e-01	5.953107834641693241e-01	1.310052557883868651e+00	5.720645501312729975e-01	4.656818885801101704e-01	-1.124129369249574628e-01
1.578979754314962847e+00	-7.070040760344514785e-01	4.534398290446416402e-01	2.365611285091679505e+00	4.885192539824398938e-01	-5.606080445004186785e-01	7.138732138677134076e-01	2.665159638018829713e-01
1.803044596339391514e-01	7.407681308766764783e-01	-7.972886849283327138e-01	8.546471244109757892e-01	-7.742899483547098782e-01	2.978899165228200197e+00	9.933958952617814031e-01	-4.582282061012974417e-01
3.851525751184560475e-02	-8.035004393652628307e-02	-3.964782968595714219e-01	-5.823902786308488011e-01	8.258090782092890603e-01	-7.516802679281283650e-01	-1.351292353476136299e+00	8.516060451770397499e-01
1.346232832750271280e+00	-8.451751990748460619e-01	4.471819502510847588e-01	2.426714570085083178e+00	6.788565916124297273e-01	-3.810836608796843716e-01	5.754197865320621608e-01	1.465023230866966397e-01
1.419315555120875594e+00	-7.784362563297908544e-01	5.218972158224914892e-01	2.258331166651157851e+00	6.925988855592317694e-01	-2.491897562279613010e-01	6.671944334631860762e-01	1.293602985218800239e-01
5.697308026243143031e-01	2.090171362326764815e-01	-3.916967318083742211e-01	-3.134036839457197132e-01	3.494974951964483489e-01	4.973458403752704232e-02	-6.315512949684563004e-01	-4.926826247151135374e-01
2.166992378213626613e-02	-2.148865915679771532e-01	-4.178689655494104982e-01	-6.401887722191224039e-01	8.557937137325660748e-01	-8.039894116678800717e-01	-1.414811269212139289e+00	9.163684142330863480e-01
1.269682558616221479e+00	3.418476817177755755e-01	6.627059868621084648e-01	-3.970340110571801140e-01	8.892697358237637850e-01	1.941924023607202177e-01	1.065989227124480021e-01	7.690388641327380870e-02
-6.346729266068760200e-01	-9.993945186428863092e-01	-2.777238411781186023e-01	1.088375886265292580e+00	1.611773676878329731e+00	-1.984281290812365817e-01	-1.377823226661016198e+00	6.107474515591072572e-01
-9.084093680573326890e-02	-3.266210864985569923e-02	-3.746547631135465073e-01	-5.131259176202688232e-01	8.810224564168953609e-01	-7.177881084525172817e-01	-1.377946459821649094e+00	9.788339575923536984e-01
4.146246473295778223e-01	5.741441884696265596e-01	-1.050801976563853657e+00	-1.087059409325049852e+00	-1.111896131749746663e+00	1.175198935558239954e+00	7.084692846312403702e-01	1.282843648833242423e+00
-1.795094266454068110e-01	2.833214072905052006e-02	-3.541023773265302710e-01	-4.668762222976118315e-01	9.177588860426453277e-01	-7.166662201134739174e-01	-1.390824101103343979e+00	1.095278921354586599e+00
-1.540018545621892887e-01	-6.966329659222160464e-02	-3.356883846477709543e-01	-6.070123121062989124e-01	9.925229924607559262e-01	-7.837295726269263296e-01	-1.440459561357176455e+00	1.095197299477167485e+00
1.667627960312400459e+00	-6.286397096995838263e-01	6.027523450719518561e-01	2.144217731251861103e+00	5.508908916407356804e-01	-4.464450156635573208e-01	7.863098974184872247e-01	2.080055680134582086e-01
1.875616197855413780e+00	2.850824301273524042e-01	-5.232910218490878229e-01	-1.388911930920213367e+00	-9.083862463271804577e-01	9.436360568651804837e-01	5.967765397272160044e-01	-1.444307138340805485e+00
1.436697729394944334e+00	2.385665238807804789e-01	-4.477003620128350292e-01	-3.723729983139686395e-01	-1.992030283624408593e-01	-4.939676466207977845e-01	-4.388191627922564120e-01	-9.369852693180807934e-01
1.094223495740697549e+00	-1.379846594475201194e+00	-6.582685397688886608e-01	1.531515583683541681e+00	2.447686439144695636e-01	-1.210693652613289206e+00	-6.526211490865330145e-01	-1.617740179673237688e-01
6.465444107572094756e-01	-1.238541962414487996e+00	-3.258988330906117947e-01	5.596281010422412550e-01	9.533991044595059305e-01	-2.722339723323697891e-01	-7.960341854481991497e-01	-6.943232800366027080e-01
7.689409467208675464e-01	-8.773481725565392964e-01	-6.105783784407439185e-01	2.262208398088880745e+00	1.246618114970427516e-01	-6.527400562255339933e-01	-2.840718193512423162e-01	-3.783473483392682524e-01
1.873094007741291644e+00	5.029988682016333090e-01	5.948649746992568099e-01	3.590469344933688856e-01	2.602889577949766831e-01	-6.758516949010494601e-01	5.316917069868091206e-01	5.952285288242178396e-01
8.715975889905701601e-01	-7.727331287118247571e-01	7.949807358988532080e-01	1.083492743483664977e+00	1.359498914817443449e+00	6.251551875432602712e-01	3.529939865431265256e-01	-2.782346941530421391e-01
-1.074877563673333203e-01	1.789747907868426413e-01	-3.195936559546398992e-01	-1.701580350745928616e+00	-3.479629473305515669e-02	2.309623252798624904e+00	9.744681082397320671e-01	6.811589646994630209e-01
1.630874431077587561e+00	-7.539775681513581906e-01	4.416510103565177703e-01	2.218493218916679055e+00	4.981806285104886101e-01	-5.728849619889218037e-01	6.524666549283609784e-01	1.765852116286517615e-01
4.781643723379551680e-01	-2.900885849983856901e-01	-4.399574520033422420e-01	-8.434851778051672966e-01	6.795902933098454390e-01	-7.107242420014249218e-01	-1.239021657835817303e+00	2.726739128848962856e-01
1.620005361946364575e+00	-5.722785510041943358e-01	-6.960153802168943249e-02	-5.953492004682101602e-01	-1.368024804593147813e-02	7.276650523501486667e-01	3.736939829639561728e-01	-8.230891742923865939e-01
-1.351320113532149259e-01	2.625693774210878517e-02	-3.469334710361630103e-01	-4.423191241567268617e-01	8.996555992175008232e-01	-7.514696588784062214e-01	-1.377794322346564959e+00	1.143878517300462416e+00
1.354801337929115057e+00	-7.476716474396203349e-01	4.913620182991458307e-01	2.066261431196537046e+00	7.329329000430316876e-01	-2.531412289034077889e-01	5.682488361750114292e-01	2.210312868528879759e-02
-2.272041766401590446e-01	-6.262553291254091548e-02	-3.454269565049639668e-01	-4.919926942194157715e-01	9.741639025306860766e-01	-8.164386664380260950e-01	-1.452448788838924143e+00	1.237331846411771741e+00
-2.861233708331878400e-01	-1.237184571145641288e+00	-3.631630041263989583e-01	3.725483581169223291e-01	1.491750267203128200e+00	-6.078902231139805545e-01	-1.505726737955152217e+00	5.867557302995106694e-01
-3.119837598860524669e-02	-9.620320692176151378e-02	-3.901915460495729571e-01	-5.882060669546155252e-01	8.757174321180644094e-01	-7.726038620974893245e-01	-1.404367480457847872e+00	9.390262783759288912e-01
1.772093207533064430e+00	4.838080689069307883e-01	1.158290057600326467e-01	5.179831006806562277e-01	-5.281399417283054454e-02	-9.293157285482057661e-01	2.385485873219849173e-01	3.801076254603257265e-01
1.579495012413020705e+00	-4.416242974187585824e-01	5.204477781139019710e-01	1.756635252357890309e+00	5.452115218173486655e-01	-4.805476981824696736e-01	6.135260365904231517e-01	2.712901593743033413e-01
1.712186385829625568e+00	1.467055557551990352e+00	-6.484503143921412915e-01	-1.723104366666732723e+00	-1.307578876000941470e+00	1.440189289635414260e+00	8.953987054535044177e-01	-1.419740092807368237e+00
6.013097646383310790e-01	-5.819060169988085063e-01	-4.950037777841041486e-01	1.391525703261223157e+00	3.571263581122733899e-01	-2.875018776189186553e-01	-4.334874149951828404e-01	-5.000037698788197815e-01
1.708149380763098746e+00	-8.561146826607879401e-01	-5.060134433315988112e-01	-7.181931787764657127e-01	-4.993554724685643209e-01	7.011036839578749236e-01	2.807627302746020237e-01	-1.431885283268193643e+00
6.407193227157935433e-02	-1.848450056885242720e-01	-3.928213320916764673e-01	-7.193640213218471802e-01	8.730313858618768963e-01	-8.192885986313445112e-01	-1.407932694930167150e+00	8.694623938915995165e-01
6.333466916149227410e-02	8.818811881914845330e-01	-7.842270671247458802e-01	4.937768258185171177e-01	-5.643767200346926360e-01	2.427482085342433482e+00	6.478824460110926831e-01	3.793121056691065029e-01
-4.272261202350750020e-01	-1.401213566926398535e+00	-3.257857983975008254e-01	6.971674090241483102e-01	1.637869145471569032e+00	-5.546795496127842062e-01	-1.497757914881494345e+00	6.314062332714820425e-01
1.798328014847844214e+00	5.180936980478734188e-01	1.761347898287636826e-01	5.744378512949110949e-01	-3.888260417797627377e-02	-9.318143364256424865e-01	3.000536878624036619e-01	4.605877613612675003e-01
1.669354520795566454e+00	-6.140358476063303428e-01	5.717585239500905248e-01	1.190526812309057103e+00	5.137028328326748161e-01	-1.635258971979309042e-02	7.852377107209702611e-01	-1.025061364014785183e-02
-4.768598546951179906e-01	-1.132054279148839715e+00	-2.538047358404050824e-01	1.065586516608227674e+00	1.651438488656692405e+00	-2.398403404348647405e-01	-1.336154926925361419e+00	4.233304858996250197e-01
-6.658869398564983833e-01	-5.894866760614576595e-01	-2.499178254249645736e-01	1.019206533051658203e+00	1.473780233140166596e+00	-8.914006922445380510e-02	-1.276550812546004776e+00	7.249497425242295012e-01
-5.552640705218307993e-01	-1.093930044717632111e+00	-3.150956257712215214e-01	8.656756952251054571e-01	1.596259616040742291e+00	-3.734544857017416120e-01	-1.465574665322299630e+00	6.798017620544916095e-01
2.392993360063601915e-01	3.377502091515010574e-01	-9.004188887070709857e-01	9.490188619868267228e-01	-8.537642894396191284e-01	2.828336187540731572e+00	1.048887613001369790e+00	-6.040693138144778013e-02
-2.899195719087366285e-01	-1.250572164775285433e+00	-3.111654128002923625e-01	7.567527985843154337e-01	1.556044971703032909e+00	-4.101984759678030668e-01	-1.386181922247212484e+00	3.403639188629046797e-01
1.788061311027652756e-01	8.444854472491783448e-03	-8.049511004296894257e-01	1.158962159056708074e+00	-8.921135310393031315e-01	3.317507262092914022e+00	1.470713269673683987e+00	-1.327630884034463332e-01
1.244037298992813012e+00	-1.252546618672789158e+00	7.132738528882819340e-01	3.844624403533339896e-01	1.469637423223371320e+00	-6.280399655385972280e-02	-5.412766428043291889e-02	-1.450899606974135336e-01
1.293537530412909531e+00	1.166655912070153844e+00	-3.570887693733088564e-01	-9.626010510002975806e-01	-7.655515580394591790e-01	2.231673403553882551e+00	9.804671643082775168e-01	-1.264005978587376733e+00
-4.688369269869562816e-01	-1.086153577425347239e+00	-2.967742752827073893e-01	8.005106543764337612e-01	1.577740726771174051e+00	-3.564885147235380414e-01	-1.410566471963839552e+00	6.029737276051954087e-01
-1.170108251299993227e-02	-1.529185981442983122e+00	-3.699800617132952829e-01	5.591295022043416552e-01	1.455591505102996397e+00	-6.004032397441002589e-01	-1.359928459802486111e+00	1.382189483347699976e-01
2.319468237645670450e-01	7.713329085539930574e-01	-8.760862561926036074e-01	8.424415948267610643e-01	-8.444656466282799423e-01	2.681511385299049977e+00	9.528879509466197106e-01	2.712581127915432155e-01
-5.440469661603816176e-01	-9.957383048162905537e-01	-2.909339851311720238e-01	6.032300634931841987e-01	1.601342340822566435e+00	-4.204366729045804219e-01	-1.485162916796987309e+00	7.679387565396986748e-01
1.129416539341709935e+00	-1.091110866999189799e+00	8.772915713610746069e-01	6.295773302401681537e-01	1.530142232967276472e+00	1.682309039264838213e-01	1.498327681676715484e-01	-6.420490591469657504e-02
1.460136311185310731e+00	-9.041691513026545168e-01	-3.198133519943262004e-01	5.531683606015504878e-02	2.199932270542716561e-01	-6.340348355959136706e-01	-3.622422834807267900e-01	-2.608282647668743182e-01
1.204523414851230489e+00	1.853816630359716999e-01	-6.211777953265490426e-01	2.856468595207288519e-02	-3.003298482415694970e-01	-5.913729150701009241e-01	-4.029491577225219889e-01	-5.165054488902562913e-01
2.474760090100986409e-01	8.497660721207991319e-01	-7.955733395678914466e-01	-1.439149637132483006e+00	-7.560890971014669892e-01	1.393043061286193707e+00	6.686216998381916410e-01	1.245542070824952940e+00
1.238203351421254927e+00	-5.944937064673594396e-01	-4.893957657468202549e-01	-1.038303065000190983e+00	3.295773961379224737e-01	-9.727646883326890315e-01	-1.033810494764877630e+00	-2.666507652992428645e-01
8.786849704582753162e-01	-1.449261748034968766e+00	-5.997830386010972736e-01	1.942213719668830940e+00	4.098059093904140027e-01	-8.922850352069500168e-01	-5.658650742112001364e-01	-3.261273093753495056e-01
-1.169875857519429851e-01	2.693697809664830078e-01	-5.374498403975611627e-01	5.529604060033858071e-01	-3.289549486372212450e-01	3.092987531456395267e+00	1.063423931078558260e+00	1.415174135921485332e-01
5.740376416299329820e-01	3.174955059949920444e-01	-4.236021462705987228e-01	-2.414445444317733225e-01	2.845774936094560004e-01	6.497806323150606689e-02	-6.434169089568667621e-01	-5.400970131540259178e-01
3.014762721394444456e-01	5.417997771433327170e-01	-9.608150892397603338e-01	9.082947372622387494e-01	-9.578479613064025955e-01	2.684984757686963430e+00	1.024254400885410421e+00	2.406288108557211591e-01
-5.129567334335126683e-01	-1.201076012010567684e+00	-2.763672654806551554e-01	1.135345528609159160e+00	1.649473488378481401e+00	-3.054470525167241601e-01	-1.369875379468450394e+00	5.246633047543167727e-01
-4.690316383177284276e-01	-1.280377904722038940e+00	-3.487274365697765610e-01	6.870996350803639796e-01	1.591209534795010816e+00	-5.089942541936330889e-01	-1.520112989525946423e+00	6.121791712300095334e-01
-1.523754119602084012e-01	-1.470461357619069487e+00	-3.805977056037347372e-01	3.594935458776166159e-01	1.490282193450613635e+00	-7.162015967725537946e-01	-1.491487208487002336e+00	4.763137240172734543e-01
1.930603501881790862e+00	5.237365845182915258e-01	3.976380083908063745e-01	6.373592079700985957e-01	7.611481558273847092e-03	-9.376271696280672474e-01	5.178876470470581417e-01	6.537664807118190868e-01
2.901169051803951238e-01	1.336335242931688261e-01	-9.550168709318469507e-01	9.040893736278935444e-01	-9.083779710928424622e-01	2.696928237538881223e+00	1.077455368294391480e+00	1.644329728082446207e-01
-5.904874256252077291e-01	-1.169105090464591434e+00	-2.987123563978495988e-01	7.880412562923356790e-01	1.649771578728790322e+00	-4.428273173352419989e-01	-1.498993806499229642e+00	7.893171963636131938e-01
8.482398075908956780e-01	-2.389561477901999131e-01	-4.278949989129605669e-01	-7.908102465214175147e-01	4.507717994745567003e-01	-4.948406024367863476e-01	-9.360105841822015105e-01	-2.991543172880846702e-01
1.063253462202426336e+00	1.154980720741099587e+00	-1.004850433293995371e+00	4.154497001691795921e-01	-1.274760389389846260e+00	2.065468872447380200e+00	7.751604607627785581e-01	-7.619584711089284479e-01
1.554728735093555025e+00	-6.250747301228838371e-01	5.288658709703388805e-01	2.090355773718834520e+00	5.752826033170291842e-01	-4.643342929379545847e-01	6.879847425199849820e-01	2.462062285363192937e-01
1.512110333871428791e+00	-7.219785417288211438e-01	5.852888967512556162e-01	2.211854346984271746e+00	6.570659178791320443e-01	-3.722829470216603154e-01	7.329805892562606395e-01	2.149631434467325075e-01
-1.302176153190761354e-01	8.230624620392895663e-03	-3.663348910441309725e-01	-4.639435445522211432e-01	8.841937184062769184e-01	-6.838580591285923216e-01	-1.364111267432969177e+00	1.001032512460057866e+00
8.699835035980699738e-01	-3.252002247209040964e-01	-4.274935337033031746e-01	-8.663112563122787879e-01	4.867152871735596076e-01	-5.679493110577242820e-01	-9.721934416166498893e-01	-2.488622872382227624e-01
-1.275206385075183246e-01	-5.475607540732846043e-03	-3.622156038834734026e-01	-4.782251178792857882e-01	8.975967270140761123e-01	-7.163841528622585386e-01	-1.379806479966625865e+00	1.042951898045979542e+00
1.540402584457328361e+00	-7.339233749417665154e-01	5.019022833130293293e-01	2.288057648503745600e+00	5.699864163486977331e-01	-4.394583334670446040e-01	7.148517072426366914e-01	1.874622420561475877e-01
2.245384390443527778e-01	8.292533453339805405e-01	-1.091616979281767597e+00	1.249496069258982045e+00	-1.282279022639210231e+00	2.844066354091077109e+00	1.324206479212481025e+00	9.441655152462407052e-01
1.513483798847441664e+00	1.043992075378751938e+00	-5.575414975291080877e-01	-1.866963322367127143e+00	-1.090593085350692437e+00	1.759337836564332846e+00	1.033972784733554917e+00	-1.409126657896972556e+00
8.112062792620354790e-01	2.624918890968565566e-01	-4.510823329403074733e-01	-1.246034513332859306e-01	1.013667644460473360e-01	-2.741415659657655546e-01	-5.498039642824089634e-01	-4.663435454328330176e-01
9.313275317338285397e-01	-8.984117329957952425e-02	-3.741475673213414677e-01	-4.339408835446045276e-01	3.252701222093971056e-01	-7.592760570389065489e-01	-8.183841328141920890e-01	2.025032793875120030e-01
1.443611014204482235e-01	6.132730481595511929e-01	-6.480822554327845264e-01	-1.919245137884129759e+00	-5.924412013420767842e-01	1.485008772076477523e+00	7.874033731308018869e-01	1.125564947523323367e+00
7.505616610985368919e-02	3.826202979556985184e-01	-7.920786073279706407e-01	-1.213502995959182096e+00	-7.459130337544354061e-01	1.865683487449402822e+00	9.926278950328225603e-01	1.421826354135261816e+00
7.370832263292691477e-01	-9.544888343605774095e-01	-6.105699308535705860e-01	2.457679802561477445e+00	1.431685128520356065e-01	-6.692053015281811401e-01	-2.561806716190851985e-01	-3.378106289393257300e-01
8.104556396099620308e-01	-9.768563945222633049e-02	-3.909422884875571880e-01	-4.578813887208948996e-01	1.789205027161059891e-01	3.484739468772837245e-01	-3.946868359180891739e-01	-7.307114587287599772e-01
1.292954298241250299e+00	-5.249921427686375930e-01	-4.045487697851201658e-01	-1.136185879997669179e+00	3.216386363243197710e-01	-6.717135171446171338e-01	-9.230555764044600098e-01	-5.474617875293084079e-01
1.434773815525091978e+00	-7.448472676799149372e-01	4.712626686902785522e-01	2.152380761694085098e+00	6.496004914396239505e-01	-3.765669913384949719e-01	6.116276671764370176e-01	1.014920373272501508e-01
4.929960623004646658e-01	-2.317099867487247833e-01	-5.299629594336233707e-01	-9.325035964720641557e-01	-4.452204288858572223e-01	2.274084651683485170e+00	1.069603385569631193e+00	1.305931243956916787e-01
5.505496567542669806e-02	7.344044225657131442e-01	-3.717318799891898840e-01	-1.884145309865762341e+00	-1.093676256904283633e-01	1.809743261039139295e+00	6.502284902269824807e-01	6.640684535955809764e-01
1.528052925976137955e+00	-7.879345285071132077e-01	5.025918338895177806e-01	2.431265722009225527e+00	5.682058764592173850e-01	-4.781837116137949151e-01	7.488452714146195399e-01	2.479519200445548521e-01
7.113040452417809245e-01	-1.226919086479557608e+00	-5.843277555548600510e-01	1.809911945780898312e+00	4.653040874115641490e-01	-7.763970542899356619e-01	-6.289859646992291831e-01	-2.543276977435147690e-01
1.441399713575770347e+00	-7.620846766075731749e-01	4.454313776213194576e-01	2.223103076287909818e+00	6.186306892208481845e-01	-4.171325636794431801e-01	6.148955404057772078e-01	1.294395216171643492e-01
2.203610591913107708e-01	8.996698548478752056e-01	-5.173574326873171536e-01	-2.338740382612572777e+00	-4.750747395576425669e-01	1.256319739377138589e+00	6.573667926298506492e-01	9.209327170755017278e-01
3.335575542612443378e-01	5.352287623162890196e-01	-9.553530345192695616e-01	9.962933554775047496e-01	-9.300411647929851533e-01	2.692898306600994829e+00	9.321283287148822705e-01	-2.434915100422208323e-01
1.640633316095975180e+00	-5.953329766749232421e-01	6.147512249769747639e-01	2.231815034323779035e+00	5.445496185012167478e-01	-4.341812861015461045e-01	8.302390129641011862e-01	3.552403677144806426e-01
2.155096495830568948e+00	8.466125004725882919e-02	5.783542988174487087e-01	3.076547860425042358e-01	2.408967997203009109e-02	-3.686463950320169602e-01	9.038086708292659699e-01	3.729803799593855440e-01
-5.637024548612635383e-02	1.239275705350593171e+00	-6.489643098774138252e-01	8.079243985786956905e-01	-5.317361639227193848e-01	2.915697555724584777e+00	8.388745062684656029e-01	7.932557312714749731e-03
1.793075957896032913e+00	5.039856572384935340e-01	4.103085095108807145e-01	3.681882928194248894e-01	1.669298956469373596e-01	-7.667144308684510356e-01	3.900121869589491252e-01	5.024825024887151770e-01
-3.175711505883195285e-01	-1.342024322690239302e+00	-3.459885146592043825e-01	7.790359389841333693e-01	1.534240277773763372e+00	-4.664636622912607389e-01	-1.398488861209045586e+00	4.531383329758916223e-01
-5.461283413215933802e-02	-1.597580378250621769e-01	-3.721279105372644613e-01	-6.621293156975998073e-01	9.272633098786496886e-01	-8.981591957017835970e-01	-1.482490100448211168e+00	1.058120572352774014e+00
5.486165870162941216e-01	-4.896709544340864806e-01	-4.534041612700250301e-01	-1.052248594549841210e+00	7.566647633419223418e-01	-9.751511839479518606e-01	-1.386414494545322729e+00	4.218502498074284124e-01
1.428496925122672234e+00	-7.432061047368145879e-01	6.013309651665115219e-01	2.099812639327108155e+00	7.455101053355421836e-01	-2.809473175728617322e-01	6.855274304419661791e-01	1.586103172082880541e-01
1.510698582461483142e+00	-5.796553819349987702e-01	6.412862656748898882e-01	1.817628238413911523e+00	7.119105611200569061e-01	-3.082745592170702542e-01	6.742633875803587529e-01	2.044148502502965981e-01
4.405393982792176200e-01	-7.048287933544645778e-01	-3.205127654113170688e-01	1.059013330701844335e+00	6.945030846369751876e-01	3.157467072705540390e-01	-4.391881026571312074e-01	-7.827859156152464637e-01
2.495450031332064889e-01	2.749442172360612169e-01	-9.042684658925138619e-01	1.116789058660311751e+00	-9.310166122433571889e-01	3.019256291240674184e+00	1.195387832088078861e+00	-2.109980273098089887e-01
1.463455554105058232e+00	-4.406382866562925105e-01	4.398489836334154024e-01	1.611740577160807986e+00	5.942539564398653384e-01	-3.889575204108066120e-01	4.702160071193034474e-01	1.066906639054298056e-01
-8.195146916930039216e-02	8.570468068470080691e-01	-3.692300525215044260e-01	-1.632883160385394383e+00	-9.411256447404969805e-02	2.081939907651604749e+00	7.457336332672294121e-01	8.845251290126228128e-01
-4.585863997010271587e-01	-1.261241237633208723e+00	-2.981719256312967414e-01	9.304679889671318982e-01	1.632214744895323033e+00	-3.956056640724365248e-01	-1.415369596134233854e+00	5.296334510891186342e-01
1.522783455223387206e+00	-8.600464461658834381e-01	6.408242606101864913e-01	2.475333689516120650e+00	6.800737347097457475e-01	-3.541463867211608885e-01	8.513045304762577592e-01	2.637281354734142269e-01
-3.440291064249199060e-01	-1.355870734154600799e+00	-3.254511044569173839e-01	8.604635881219711013e-01	1.593268732172066215e+00	-4.489161580172704724e-01	-1.417307464355458402e+00	4.055416506517421915e-01
1.841483174391747468e+00	1.523664463486507969e+00	-7.004777709365479499e-01	-1.296227311866839704e+00	-1.414235685621073157e+00	1.431605535700188225e+00	8.806027139359421385e-01	-1.509414115623054498e+00
6.713973690198299371e-01	-9.776783831918801626e-01	-5.869212975494521034e-01	2.412726681452779243e+00	2.221491863032013514e-01	-5.825752427956980561e-01	-2.763069630129241228e-01	-3.664700902340276567e-01
9.819159565797523914e-01	-4.677726204565796908e-01	-4.650911096700833247e-01	-1.000424019936940745e+00	4.172448015464114146e-01	-6.183720589212359231e-01	-9.703468926560937513e-01	-2.675063875592375018e-01
3.628021321016637324e-01	8.346197276614688576e-01	-8.805181084633074695e-01	6.382925730553116184e-01	-9.464147412836083628e-01	2.670029869742255091e+00	1.059823529054683133e+00	3.902385410136131605e-01
2.521208098434740696e-01	9.007245511151971140e-01	-9.281870814153612148e-01	-9.866984437558830034e-01	-9.299165458914999682e-01	1.376271126230342645e+00	6.987484615707152402e-01	1.587895370595068245e+00
1.435359898694305247e+00	-3.482575316029573598e-01	2.064381370693692541e-01	-1.102822185844967606e+00	8.386064326162295801e-01	-5.126007099663241195e-01	-5.292240864019247537e-01	3.299325605800679240e-02
7.072726789161971617e-01	-1.086373775913338502e+00	-5.843317930464398957e-01	2.741421951410648372e+00	1.919150808722465407e-01	-6.444672679781496827e-01	-1.914971677245525805e-01	-3.453401445674800785e-01
1.120331534904973392e+00	-4.730373007044498812e-01	6.884090157148990696e-02	1.658134593429610115e+00	5.416989698086090987e-01	-4.254789611699844598e-01	8.713493947417105812e-02	6.129753361744730289e-02
-4.601980506661042941e-02	-3.089297753894526544e-01	-4.260529071882022123e-01	-6.552967179148342369e-01	8.724856418022627347e-01	-8.250516859977994333e-01	-1.417728642014481011e+00	1.028968120701890587e+00
7.568321134715790821e-01	-7.483255055886555152e-01	-6.119549388269310830e-01	2.050111393284411943e+00	1.184463035957623311e-01	-6.101094706814382818e-01	-3.289631054717003789e-01	-3.874914802475090680e-01
1.369880172675447261e+00	-8.622047066558662376e-01	4.087120948217408678e-01	2.409237952868795052e+00	6.402713329076710203e-01	-3.982226834116083247e-01	6.049777770003081923e-01	1.092662850067543101e-01
2.036903058284370016e-01	7.904301798770845267e-01	-5.431389562290886985e-01	-2.541310799266386145e+00	-5.609970728573545617e-01	1.089269255905052525e+00	7.042556496188523418e-01	9.678054862130878178e-01
1.559331953578350305e+00	-6.280192852520843916e-01	6.779952893104483902e-01	2.004646471072339953e+00	6.872377518255634588e-01	-3.487124662867702729e-01	7.722217036317439165e-01	2.723136845675691031e-01
8.213103335349535294e-01	-7.324624148975380500e-01	9.024914964994328326e-01	1.165128560434966376e+00	1.458860225691109402e+00	6.361640403604134075e-01	3.636948109054288225e-01	-1.984197566780072364e-01
9.705892927484011112e-01	3.069199690612961495e-01	-6.877468736786591652e-01	4.087368697229400993e-01	-2.745511553587224318e-01	-7.870901592406196468e-01	-4.720065013758854011e-01	-1.091602665821141682e-01
1.506712224141317336e+00	-7.374768025095791435e-01	7.441906778401684575e-01	2.090594757528015268e+00	7.877922780360668842e-01	-2.423607784767088380e-01	8.133200207989976782e-01	2.361750661421851971e-01
1.280819381120502420e+00	-1.135986426513736935e+00	7.221278348075171882e-01	2.356728651538323227e+00	1.010891017779147250e+00	-7.050773126211858088e-02	7.323860654766709555e-01	7.022382932899742802e-02
7.750977624692891865e-01	-8.986423839932812241e-01	-6.236148496211316727e-01	2.431730704107697427e+00	9.912948768119816956e-02	-6.964365611577124637e-01	-2.607964581427825723e-01	-3.231547440446006503e-01
1.451341151208473956e+00	-6.950470162488908699e-01	5.027219970945865368e-01	2.107341857829479803e+00	6.482440859306870529e-01	-3.816661946320393239e-01	6.255898997019592178e-01	1.650108550522964290e-01
1.266409671136315751e+00	4.953368681607170365e-01	-7.643452157601129393e-01	7.318527995475165859e-01	-5.751214885940985067e-01	-1.123025969344098707e+00	-2.994041945374021907e-01	5.243903651267256549e-03
1.028799870134826877e+00	-2.160558992437994486e-01	-4.504592601770687210e-01	-5.207275844427960987e-01	-2.549330945506993185e-02	3.425373967977065059e-01	-3.032244332157174593e-01	-8.704696702383920570e-01
3.391750110105744287e-02	4.065816672719727021e-01	-5.928071883692888067e-01	6.564785927143443889e-01	-3.853467232737678438e-01	2.921411151428163766e+00	8.534764036246086372e-01	-5.062387977640216974e-01
1.389767541125149775e+00	-8.502649800297954474e-01	5.180785351033944108e-01	2.299457908114370230e+00	7.177522415726057536e-01	-3.124730964678330558e-01	6.556467816363508172e-01	1.141176104604885722e-01
1.941315612241339306e+00	-2.322121812125340079e-01	1.516665860860412218e-01	-3.767273469887624238e-01	3.346040984628561032e-01	-1.304898190002324210e+00	-2.761544902240577470e-01	5.928775908656311877e-01
1.155099876175554041e-01	6.184996731989720331e-01	-8.160793260316945297e-01	9.426454147963557739e-01	-8.024244361578023454e-01	3.048686158702452076e+00	1.126961897587228201e+00	2.882199878561403361e-02
-8.707424743341229956e-02	-1.348319014184021503e-01	-3.597452389425539465e-01	-6.266925600731213519e-01	9.768432778652174076e-01	-8.309944736852551417e-01	-1.470447386747289364e+00	1.038540192889645608e+00
-5.285651542184858220e-01	-1.185380615490353007e+00	-2.863093463066743727e-01	9.633106755991363013e-01	1.645744205128514048e+00	-3.507852521601818596e-01	-1.419455588381905109e+00	5.962255377994558625e-01
2.234964406793484293e-01	-1.117381166838701478e+00	-1.421020133727572132e-01	1.888697832054552883e+00	1.116988953596241840e+00	3.318987773856015289e-01	-3.990990203477730036e-01	-8.486398721795682665e-01
1.443100709022230310e+00	3.384291214947380833e-01	8.667712995455287839e-01	-3.972510440755201433e-01	9.506299147525602011e-01	2.043967570751283325e-01	2.858544937893465754e-01	1.172225027737724690e-01
1.954358580481301733e+00	4.051108609171700237e-01	7.559886833040906362e-01	3.749128224531244058e-01	3.238525950960858824e-01	-5.479996846366871344e-01	7.223509313314477875e-01	6.681745653649140415e-01
-1.731943726057308952e-01	-1.274959738775242268e+00	-2.673160460596574195e-01	1.178386835346536987e+00	1.495189729376378063e+00	-2.393203458790690019e-01	-1.174551271605761560e+00	-3.607696900014664698e-02
1.127633462966046496e+00	-4.645064135500640567e-01	-4.326240264434494942e-01	-1.018011127210598277e+00	3.530485322365666812e-01	-5.846998477726472743e-01	-9.051420899280324672e-01	-4.480589537726976102e-01
1.483535041193495330e+00	-9.215882026475361588e-01	-2.414837108859823611e-01	-1.595577014055009069e-01	4.121663947730794808e-01	-7.404649563587007988e-01	-5.200698637578922146e-01	-3.510961566564608227e-01
-6.895432184085336091e-01	-9.729556880687627585e-01	-2.727725491050668749e-01	8.287211797043820827e-01	1.624166962285434224e+00	-4.165275799416903180e-01	-1.471375418980262140e+00	9.391521513709635283e-01
1.369913920590526413e+00	-8.814355526453125922e-01	3.566865337368377853e-01	2.466669601917170773e+00	6.008562067103201398e-01	-4.366573809435517206e-01	5.819980748969643125e-01	9.631994536746393831e-02
-1.694569907081078797e-01	-1.231013170896951524e-02	-3.361346906853433514e-01	-5.044791011560524341e-01	9.643600100344085213e-01	-6.969207457731091404e-01	-1.393746162678166201e+00	1.051110830421690290e+00
1.068471930671072823e+00	-6.419235030736131220e-01	1.011982257005176855e+00	8.523594034105050898e-01	1.366317580088569184e+00	6.174076879755304725e-01	5.226678172189441751e-01	-2.146278131689934587e-01
1.506773327029375498e+00	-5.262245586077484161e-01	3.430010028856960158e-01	1.895397310042906236e+00	4.758242927870856009e-01	-5.502444218103593743e-01	5.003588350403131990e-01	1.558174737797760612e-01
1.875518933546933553e+00	9.476268973525732164e-01	-6.655354580751886573e-01	-1.500012359633968506e+00	-1.409947333911736544e+00	1.495818992750526100e+00	1.096970491178669294e+00	-1.573698139379635652e+00
1.411619323370301438e-01	2.184707281422182401e-02	-6.193748999532534549e-01	6.405048947803489989e-01	-4.963091006124247806e-01	2.983798602421522173e+00	1.088196929711593652e+00	-3.085305884980119040e-01
-3.856430389494880928e-01	-1.050887988999561928e+00	-2.981714438747747331e-01	3.304087397267511661e-01	1.570945907417552023e+00	-4.420951248414385359e-01	-1.469180483346995691e+00	6.001780068477657881e-01
1.832174392930449036e+00	5.396950734129064564e-01	4.113000615099722812e-01	3.712983002359198093e-01	1.243615892370404930e-01	-8.190405034874950196e-01	4.108948933113713009e-01	5.503738749852367107e-01
1.199078841827808217e+00	-6.204829862855286704e-01	6.099146814208129541e-01	4.012036074432461241e-01	1.010120640353422861e+00	5.013865310997833724e-01	2.675761921357697748e-01	-6.278405469749466228e-01
2.894595790556779846e+00	7.993982045713159401e-01	5.115639545041786862e-01	-6.018218316265554479e-01	-9.978148569258160627e-01	1.484688884631327754e+00	2.266845037910832250e+00	-5.202722558306358547e-01
1.796236031027214353e-01	-9.186076465769651422e-01	-1.543383023344783167e-01	1.541630827225506373e+00	1.093935670922401737e+00	3.492635917404841583e-01	-4.578195644618622828e-01	-7.470845721624312930e-01
1.416744170669145486e+00	-8.091872936579218578e-01	5.583884488148951331e-01	2.186234786345968573e+00	7.373838298128261304e-01	-2.509354743968209012e-01	6.626883967287048316e-01	4.637912181859799032e-02
6.041168259384679384e-01	-1.001562497605198887e+00	-5.335579916584054505e-01	2.250404094287027590e+00	3.603384225560185561e-01	-4.497704688914109794e-01	-3.171567147611961124e-01	-4.392482278194156375e-01
1.268150914791615680e+00	-4.144874156036397750e-01	-4.123113353950810800e-01	-1.103559897287971436e+00	3.459953467434730423e-01	-7.562645392052363968e-01	-9.937487201359989086e-01	-5.056240144813716197e-01
1.767250081099786430e+00	-2.484197097903690643e-01	2.961691341878291417e-01	-6.588856692074303023e-01	2.344080537043310986e-01	6.223628722944686276e-01	4.476094121717935082e-01	-6.598105039435432362e-01
6.703444885048501778e-01	-6.532204318497237816e-01	-2.637108007539863408e-01	5.830133235881679310e-01	6.083151487158590109e-01	2.662526779876243643e-01	-4.070917828455221099e-01	-9.719280978162211371e-01
1.124308864105096478e-01	4.646765970712870009e-01	-7.060286544998846114e-01	4.508682587210280923e-01	-7.080805029945224094e-01	3.155001305166071024e+00	1.243438414392462388e+00	-4.863976190730391613e-02
-2.336167765797899087e-01	-1.423816750320606506e+00	-3.101877568588218836e-01	9.903951826716633766e-01	1.577752590995984638e+00	-4.113225372183987871e-01	-1.322540083663825694e+00	2.070170057791647089e-01
1.863899791587988686e+00	5.410154078303484049e-01	3.532716758322317352e-01	4.082978252172095868e-01	5.126954550838917768e-02	-8.760675001370097359e-01	4.050218146725434454e-01	5.264443360630297608e-01
7.285149068707825748e-01	-1.069143500534278202e+00	-6.031825610238091828e-01	2.573409994879449325e+00	1.799073877909534436e-01	-6.248661882376335130e-01	-2.393828842564627579e-01	-3.958931770822518015e-01
1.288193921876408798e-01	-4.075991187267809235e-02	-5.646417311014851892e-01	-1.386636302551999655e+00	-3.446801722077049712e-01	2.023401350074087723e+00	8.882162185681212740e-01	5.487490416958514805e-01
2.993463986321701076e-02	8.892691509684111928e-01	-6.776787657732727954e-01	-8.265868263794523552e-01	-5.011853162768373782e-01	2.100418636719135534e+00	7.653508112124273177e-01	1.072456539417987464e+00
1.448492708669982809e-01	6.313128319048764148e-01	-8.223230891293290545e-01	9.631767322383907315e-01	-7.260747540817307222e-01	2.823810479215898450e+00	8.640742726766672543e-01	-3.553956813226292755e-01
1.272456531783152434e+00	-8.214723280797300298e-01	-4.244063671808728615e-03	2.460782674815134019e+00	3.875686715645581537e-01	-6.060164781318221339e-01	3.041493990549933857e-01	-3.535547825469478878e-02
-6.500256096555201424e-01	-1.174656862449577455e+00	-2.658444084896505744e-01	1.130089297785815905e+00	1.696093662533441737e+00	-3.535988317503618861e-01	-1.428337295547357000e+00	7.730128553661019808e-01
1.137932774430978178e+00	2.972580464409269041e-01	4.943246144240620588e-01	-3.802190361422854159e-01	8.395002986522229760e-01	2.301167206136443544e-01	-2.343706631604681664e-02	-5.204727545918669956e-02
1.292728373179168611e-01	6.851671346015852926e-01	-8.776131525968235980e-01	8.308753613246457892e-01	-8.358875486414937273e-01	2.858880005282096626e+00	1.030642301960543739e+00	2.195665510806596998e-01
-5.057850060871166287e-02	-2.983337096579596892e-01	-3.915159360340957351e-01	-7.292398173194699629e-01	9.488103359158054362e-01	-9.925384578819677062e-01	-1.516773232948152028e+00	1.133614810010938223e+00
-2.240133671424868467e-01	-1.462657624471233708e+00	-3.506455766010264097e-01	6.462766760978161384e-01	1.551079695152544069e+00	-5.710085952378469720e-01	-1.433800951084792885e+00	3.772534116583860508e-01
2.212120059444567521e-01	8.723813737575878413e-01	-9.228737781779294824e-01	1.021318591043552049e+00	-9.330368270030772182e-01	2.852271907893258351e+00	9.829059194701676994e-01	-1.152658165934958845e-01
1.809980315997882894e+00	5.137256684633193515e-01	3.068257391954202773e-01	4.093986185176651249e-01	6.368097533702368751e-02	-8.592196476896684088e-01	3.473682774498764170e-01	4.977136826582750917e-01
2.083020250982204669e+00	-5.893318149947810447e-01	-6.208540287356619780e-01	-7.553065017163846928e-01	-7.342659978733719894e-01	-1.588888078354992739e-01	6.256963113290595069e-02	-1.344402784016802688e+00
2.390724852340416207e-01	-3.305835391809755497e-01	-4.268208745503832002e-01	-8.471460562814346895e-01	8.449847513630932561e-01	-9.009374897996665910e-01	-1.438898130114090845e+00	7.016276581919413946e-01
6.157611473131557878e-02	-1.411404265666942548e+00	-4.188423307160338838e-01	-6.049444095856074122e-02	1.334464969476399032e+00	-8.834657342373716249e-01	-1.516608663722573747e+00	4.759652605445029994e-01
1.014347116662305259e+00	-7.412594244623248452e-01	1.086647956236683754e+00	1.066747761143524098e+00	1.463038677487563666e+00	6.343976231819141720e-01	5.805423340027132673e-01	-1.219063873554526167e-01
8.713953768909727948e-01	-6.067494503656606364e-01	-6.572469132856813001e-01	2.032554980619098117e+00	-2.968765829136562825e-02	-8.338294807133490583e-01	-3.280712130040360774e-01	-1.883445928726923124e-01
5.342842115181078988e-01	2.525036824754838816e-01	-3.902186421892872570e-01	-2.904904280745982947e-01	3.663883430186342105e-01	3.121491135892009994e-02	-6.470479126876756970e-01	-4.470948326789683791e-01
9.139543727883475688e-02	-4.281767109782883551e-01	-4.090749593785584226e-01	-8.844437201667542103e-01	9.459940923806037238e-01	-1.103165707964027797e+00	-1.557384302892663719e+00	1.031203087235126770e+00
1.509935837960179938e+00	-8.080504681372320253e-01	5.204700818653911210e-01	2.143892019389789461e+00	6.655191963311194447e-01	-3.890320893575467953e-01	6.397282555177670194e-01	1.127327215469591526e-01
1.250104163886546216e+00	-9.601991621005205868e-01	5.914848547985155358e-01	2.215893887173277843e+00	8.878521193784051357e-01	-8.199634585737743120e-02	6.541164290441574547e-01	2.451662126276443754e-02
1.162142505220114419e+00	7.967661283303566488e-01	-6.429269267610855376e-01	4.855170151578878934e-02	-1.019412198378755852e+00	2.518604764886515746e+00	1.182463190574877698e+00	-7.818192588013638256e-01
9.109745102953935580e-01	-6.716423542102664679e-02	-3.850124110295818358e-01	-4.960150500060052092e-01	1.418011641548960755e-01	2.479134695906123897e-01	-4.107632240321293371e-01	-7.987649413830180123e-01
1.305220839794705823e+00	3.396198655111690168e-01	7.466484365417760394e-01	-3.585265954284747592e-01	9.317293631761796036e-01	2.085987737445648693e-01	1.757905192553827212e-01	1.334527219701834855e-01
-2.824232048656377669e-01	-9.029497090829562422e-01	-3.527875420242700955e-01	4.987176169941041071e-01	1.375415147479857270e+00	-3.739317315902404015e-01	-1.375156004096346418e+00	4.623884820853443323e-01
1.831185881735350574e+00	5.122545955570148024e-01	3.463777866637247627e-01	4.757507613198809215e-01	7.295294968962789950e-02	-8.608576401366668795e-01	3.949071928139568088e-01	5.333588179035275711e-01
6.418364097195961016e-01	8.413470039102306508e-01	-4.168571636615652776e-01	-2.565554160466874123e+00	-4.823436353549898081e-01	1.243185186724667490e+00	6.553638002317666578e-01	1.261395167054883137e-01
1.384332050703991346e+00	-7.295747119899232969e-01	5.257152810406917620e-01	2.037857358490837711e+00	7.292648339438625449e-01	-2.885595664970476704e-01	5.989909433091835655e-01	9.946589896395541253e-02
1.168858532473949108e+00	3.968869479537741052e-01	-7.286987659335193435e-01	5.783979090093427367e-01	-4.539602966491678160e-01	-9.779934344148388803e-01	-3.609442431748429159e-01	-8.458751251688557959e-02
9.041245285093074679e-01	-6.926589937386767870e-01	-2.758366589783632916e-01	2.259574522911227401e-01	4.254089122098428377e-01	3.104518100966172089e-01	-3.260428830501230779e-01	-1.126842971441944563e+00
1.899668443340446933e+00	-5.594287164946948332e-01	-1.054077489316039701e-01	-6.399268961531423550e-01	-1.393991669416952059e-02	-3.558564421460480021e-01	-1.641252151344248233e-02	-3.467827810581785575e-01
-2.182672678775852415e-01	7.600156331388010500e-01	-4.300951359229854276e-01	7.517533266962204141e-01	-2.565014462163928144e-01	3.354833172989322598e+00	1.032270654946300992e+00	-3.307974325322003972e-01
1.536681533924904697e+00	-9.800569538494218191e-01	-6.058072442833157822e-01	-6.010024645033555935e-01	-5.369450197591468799e-01	7.741806483644714243e-01	3.183320673792592315e-01	-1.220580937165907320e+00
2.822069076332250903e-01	-8.259011908594825480e-01	-2.368703859111349619e-01	1.317805638324763162e+00	9.360074686009948186e-01	2.626137157776061715e-01	-4.813282704898919628e-01	-7.236489885666289590e-01
1.673927072523656023e-01	-1.014088440901250054e+00	-1.534795108206076786e-01	1.717390657394952447e+00	1.119724340486515812e+00	3.378228773665426510e-01	-4.316733792051483665e-01	-7.471588221141725050e-01
1.302967521804657414e-01	8.730469465912000793e-01	-8.600718569061368557e-01	8.183333074030222365e-01	-8.562406078249769070e-01	2.905610043984120150e+00	1.046959878216465523e+00	2.062609162272180385e-01
7.501607666937116781e-01	-5.359540101626220077e-01	-2.741762230479733442e-01	2.274515236775412896e-01	4.860798453697035004e-01	3.485721700593974459e-01	-3.562552066343380175e-01	-9.766437615007635964e-01
1.002324903357131980e+00	-5.623515009629013184e-01	-4.478187976813265414e-01	-1.122103963007864857e+00	5.400019696901386945e-01	-8.392298414358317915e-01	-1.121321406719272940e+00	-1.827406929557475468e-01
1.108434667829089060e+00	2.890937494126709084e-01	4.055657463739111845e-01	-3.774803849870043693e-01	7.861754305361093875e-01	1.991081679522169190e-01	-7.875661682338082337e-02	-8.497381721565458457e-02
2.027237783909892066e+00	5.128254643562604187e-01	5.566445368608197164e-01	6.529892988484874428e-01	4.812090093322111961e-02	-9.078700795586490679e-01	6.758609660794746565e-01	7.356481523675248990e-01
4.174544343232682031e-02	-3.174638225120463009e-01	-3.710841082942078484e-01	-7.875429969160779864e-01	9.624914679883733726e-01	-1.033907431445212355e+00	-1.519802501510771675e+00	1.094030468160245517e+00
-6.164696084086677130e-01	-1.097479847226700667e+00	-2.856077007553998182e-01	9.306603925784756592e-01	1.643793153228443327e+00	-3.645947385670185170e-01	-1.452138934820037086e+00	7.772841056421427863e-01
-2.181746858981435389e-01	-1.137427028339045298e+00	-3.726252275381842227e-01	4.643628957584809980e-01	1.418862972261387911e+00	-5.149914362996901307e-01	-1.421992828416780208e+00	4.514439520066332312e-01
-2.934876307267286766e-01	-1.396204070170694811e+00	-2.461889211301812874e-01	1.326818290269287992e+00	1.641211913096640940e+00	-2.639734371380983435e-01	-1.222105208906303142e+00	1.231785050643665891e-01
-2.796514835139107258e-01	6.539822269144926481e-02	-3.398953412760733483e-01	-3.335437473064075675e-01	9.236882745953604035e-01	-6.946719841074909807e-01	-1.371709076409901362e+00	1.237462218387141766e+00
4.873305787000895561e-01	2.308039209065470554e-01	-3.695526084064775230e-01	-2.966055338081650117e-01	4.070953923066393809e-01	1.397241461975224364e-01	-6.259090380348569793e-01	-4.603527750451808509e-01
1.486960065066633918e+00	-7.282378003305646219e-01	5.224079193421173883e-01	2.181944534694660653e+00	6.367194949143994975e-01	-4.048559944988749382e-01	6.750976818609640828e-01	1.833817316010692422e-01
1.720334984210153850e+00	-3.307673035316565646e-01	7.705091315973997546e-01	1.566192284124292122e+00	6.042631376032235879e-01	-4.324077359813007226e-01	8.017898092651665198e-01	4.341752607260594421e-01
9.261047238761090927e-01	-8.752763392878819548e-01	1.051672506419044861e+00	1.391824090940362746e+00	1.508640715611830885e+00	6.927108116868246901e-01	5.722969673447645400e-01	-1.965171643524793454e-01
