1.341224714359968262e+00	9.898243902479639811e-01	4.942845740939285082e-01	-4.330919410075743936e-02	-7.902245224595627615e-02	1.045767579925964252e+00	7.895616729686274482e-01	1.770906712144064254e+00	-1.333749341907889407e-01	7.257723286584140121e-01	-4.996526436524388604e-02	-2.580342006570751287e-02	-6.215940139983322336e-03	1.038366898112718983e+00	6.122272254971858896e-01	3.252030880929737133e-01	-8.451746819778580000e-02	8.423646419860058021e-01	-1.277048047663608410e-01	1.261593127874990117e+00	2.422263589822000185e-01	-4.360109522475039134e-02	-2.284279552704744642e-02	2.862868477575170600e-01	8.467913433600136042e-01	-1.745791480994344363e-02	1.563710351148378530e+00	7.564246944751797930e-01	-7.808518462906578750e-02	8.866311110082084057e-03	-1.606736323587812626e-04	-8.476519779532389054e-02	-8.526197400414652072e-02	-1.227080417862523587e-01	1.124958695668816677e+00	1.233911672105034274e+00	1.759160465551399266e+00	1.598711988319188038e+00	1.252827838743940214e+00	-7.120039163497067503e-02	3.564330647013016495e-01	1.063427100562121863e+00	6.132213939192040497e-01	-1.446188055664017653e-02	9.912985841925703312e-01	1.940029581261803138e+00	1.735613336736979984e-01	-1.072944772383544881e-01	-1.364658633644168506e-01	-3.005681209241188936e-02	-1.946786618772506153e-02	-2.887640600330218521e-02	-1.187807998271789567e-01	1.035200215837868809e+00	-4.112650712520121016e-02	6.078343724692517602e-01	-3.714631315462332134e-02	-9.903381665479471518e-02	-1.240811763500224846e-01	1.208061023442351223e+00	-2.390451416975903839e-02	-5.473266732013172542e-02	-1.240780236002785898e-02	2.755573909633601826e-01
1.557401609529933229e+00	8.361049370088590171e-01	2.477523548240656015e-01	2.812699943301761318e-01	-7.136922294791180066e-02	1.226973078033490205e+00	9.864522814197842493e-01	1.857145278077506179e+00	-1.274105479408851049e-01	7.542321209641722479e-01	-3.820599367613340680e-02	-2.231221779837104860e-02	-5.656636167885431728e-03	1.055424178428594262e+00	6.651672821858536366e-01	4.994940146981529105e-01	-5.560004578412548748e-02	6.530458417117463998e-01	-1.090154630530318913e-01	1.368403338360521859e+00	3.300961266893895352e-01	-4.316710720457536676e-02	-1.117608196975721814e-02	-1.925257634038571308e-03	8.954674138367064717e-01	-1.528930373287587866e-02	2.219150866810461586e+00	1.055393678077212849e+00	-6.621521842715287487e-02	-4.589993696752330855e-03	9.896115679054798275e-02	-8.270212781794618329e-02	-8.682955946937928604e-02	-1.070912542339835932e-01	1.167127508084668364e+00	1.129179540132468240e+00	1.765589787618733419e+00	1.532403575973792842e+00	1.410651779375099002e+00	-7.078537422112325672e-02	1.390218737650089409e+00	9.921609039347755177e-01	6.046558537085952034e-01	-4.892290008461563575e-03	1.057814457193595681e+00	1.918819107828116266e+00	9.999705830802468887e-01	-9.702029313578415526e-02	-1.285542947092849220e-01	-3.572970334187845765e-02	-2.485440598214018817e-02	-1.211968158561130965e-02	-1.083069276142829135e-01	1.236616593674772613e+00	-3.701343070413156550e-02	1.032148154444043758e-01	-1.797649443899556471e-02	-6.600378306495295611e-02	-1.159772611014903143e-01	1.820263145145799344e+00	-1.096847344827527569e-02	-5.251680378410428229e-02	-9.891171639595934192e-03	5.118429493133375141e-01
1.494650950080542273e+00	9.182080901797433636e-01	5.498911576034719584e-01	-1.479040337141201700e-01	-9.023055954390993283e-02	-1.324819192048698642e-02	7.519197572697702281e-01	1.670976579787045502e+00	-9.224481341847291793e-02	9.003959555175664597e-01	-6.569584794492563939e-02	-3.967133470780958779e-03	-2.039599365076209467e-02	1.078668424411990401e+00	-8.165452687446412422e-03	6.209000658289760555e-01	-1.298997828106175922e-01	1.128905026507670328e+00	-1.488630162429003534e-01	-4.542649652271944088e-03	-9.538039379644226712e-02	5.981261014418598476e-01	-4.280368840965679406e-02	6.803101912638985505e-02	5.051573947560710209e-01	-3.231416102431211579e-02	1.765975507672423284e+00	-2.155196256415847431e-02	-1.065080875244053399e-01	9.092684270338369235e-01	-3.735888372020575166e-02	-6.725986933134074641e-02	-9.449892229384296294e-02	-1.457746330623279629e-01	1.244341681675708244e+00	1.488639908610164930e+00	1.655580289183220533e+00	1.537891912499061764e+00	1.010953150087806396e+00	-8.512732189631100344e-02	3.007436870575951882e-01	6.082071861542982516e-01	9.637053987939653288e-01	4.429787096526195400e-01	7.623889823545680899e-01	2.064461543398230514e+00	-1.556616912366709168e-02	-1.374784687827117213e-01	-1.235228562838354832e-01	-3.696220305550276114e-02	-2.547321193467956893e-02	-6.205575902006800482e-02	-1.307450453722503458e-01	6.270028005391087289e-01	-5.572446441540886836e-02	9.188199496187284820e-01	-9.200567708159909652e-02	-2.083792756210790797e-01	-1.220734104813448739e-01	9.267419312571831824e-01	-3.964386327926747861e-02	-5.794980742202378993e-02	-2.167764896508060993e-02	-5.245980689370081940e-02
1.697254338000883989e+00	8.759125185659737411e-01	6.782754655060416749e-01	-1.113871127584146331e-01	-8.879702511042290858e-02	-1.217879111996828315e-02	1.025243203604286002e+00	1.815813332762493459e+00	-1.068621286464306597e-01	1.051143557017806041e+00	-6.159318108663976860e-02	-1.549947400220179350e-02	-2.068201903014396312e-02	1.064197077900424393e+00	-1.829113026956247397e-03	5.538954524675705482e-01	-1.267293923562636537e-01	8.437467397807831837e-01	-1.323252727940927298e-01	1.074510440452198790e-01	-7.950204344968930803e-02	1.002121781793355426e+00	-4.535896343818661414e-02	-2.818881955574790987e-02	4.659349336573204714e-01	-3.156765029687774032e-02	2.367447714390842339e+00	-3.746683910710437576e-02	-9.869309182213882592e-02	8.849401193368402474e-01	-4.706392835818079545e-02	-7.189331598967518833e-02	-9.178897567457706963e-02	-1.355481514594386316e-01	9.835599814926414552e-01	1.354882097154225251e+00	1.651005814186198517e+00	1.568133983896824457e+00	1.211365679729433431e+00	-9.034689872608318850e-02	6.991045873109889008e-01	3.743175761149956648e-01	9.502120348814719897e-01	7.735247666131159772e-01	6.494680867071048747e-01	2.049694985469665998e+00	2.839206188580131185e-01	-1.399040369293532982e-01	-1.299004056020997278e-01	-4.213838802774830250e-02	-3.002697484421557039e-02	-5.960372856215553905e-02	-1.321779879005881286e-01	4.247131264126257633e-01	-5.500127444104736807e-02	9.441857812226168711e-01	-9.479896273879086233e-02	-1.837723850844272810e-01	-1.220222691482695798e-01	9.949569271145520810e-01	-4.844913941424277420e-02	-4.824080057039439179e-02	-2.143192793309299515e-02	-2.024341987995640149e-02
1.717837643002170234e+00	1.683550507424102394e+00	2.258836254773707031e-01	3.442044373679562508e-01	-6.943240042408146961e-02	3.440611573945365764e-01	1.058973306566522998e+00	2.030557518274035189e+00	-1.107497156806488414e-01	7.437061544333222196e-01	-2.983215556288600773e-02	-5.639318425620391817e-02	-1.279169558284915138e-02	1.356119603494833514e+00	9.437039035710174939e-02	3.624594984895935235e-01	-1.073608753982126657e-01	6.090121619743902315e-01	-1.064536275305043023e-01	5.773153897961551539e-01	-2.246613038056528150e-02	4.408746257866428264e-01	-1.598416907614168617e-02	3.386262379398140565e-01	5.608853681460890250e-01	-2.737790590171311836e-02	2.305011268241679012e+00	-4.401827850905640910e-02	-7.360749170152218468e-02	1.649256518881162981e+00	-1.558098421971195434e-02	-9.502436464986144249e-02	-7.892822009185219978e-02	-1.169789773872647043e-01	1.252620878695206219e+00	1.525992856584754920e+00	1.785791681561056166e+00	1.342200634370094070e+00	1.309351611724217657e+00	-6.621499752844889342e-02	1.678836521249493563e+00	7.613337318714266111e-01	8.623382633303182665e-01	1.065941310597094960e+00	9.130211435408466247e-01	2.107006467592321464e+00	9.505275797536855142e-01	-1.123879325949628805e-01	-1.263737438172037320e-01	-3.311415347243009538e-02	-2.468501616229983042e-02	-3.861073348615037121e-02	-1.156066630291711084e-01	1.024386742455597687e+00	-4.190627779174133788e-02	1.743548474904867973e+00	-3.057631647783645018e-02	-1.645959689188012109e-01	-1.057435054798929464e-01	1.784883812681776538e+00	-2.559238327992445147e-02	-4.309489534884924922e-02	-1.326073142876165248e-02	4.564643262455786443e-01
9.542250183792180263e-01	2.042368779467885975e+00	1.100636295149995947e+00	-7.000358249976297575e-02	-9.649999599286676610e-02	2.982667065085635172e-01	1.012224526109377853e+00	2.132272819656637619e+00	-1.253414050710202898e-01	4.017257077670982612e-01	-5.491938138748080067e-02	7.980079427075100762e-01	-2.478237458899757578e-02	9.414318869812501323e-01	1.046207272235471830e+00	-1.174183455859122843e-02	-8.165462685940487464e-02	-1.562035274360094005e-02	-1.232163046687849983e-01	9.953344391291631954e-01	-5.433933292800235612e-03	-3.399670413985733750e-03	-1.891309911620657827e-02	6.313145661194772273e-01	-1.171229204901218929e-02	-1.498855936798461179e-02	1.260594713883385509e+00	9.548030162297604928e-02	-7.058494373777260411e-02	-4.004909848105317818e-03	-1.522392901410562875e-02	-9.673806618659894219e-02	-7.500735217391335530e-02	-1.265945826304662458e-01	1.447228848345495367e+00	1.518844733937369629e+00	1.759824322979387512e+00	1.408240563160559677e+00	8.563804313981749905e-01	-6.947501845003981047e-02	-3.491821677099590099e-02	6.932059765200621060e-01	5.189025373213831394e-01	-4.160570664240714062e-02	1.013535910560084741e+00	2.494804908917143127e+00	1.248315292310072933e-01	-1.153110859858526710e-01	-1.288223342705455410e-01	-1.588549381867692886e-02	-9.546048286188728652e-03	-5.385716701234478931e-03	-1.396835415142486103e-01	7.573911148660164017e-01	-3.586190873164552678e-02	1.517137517941153035e+00	-4.682434167750162274e-02	-1.887508976433079910e-01	-1.253059085404586159e-01	1.835012599720465154e+00	-1.768578833761510691e-02	-5.899329878222677598e-02	-1.758098710429243164e-02	3.215220038360283583e-01
1.451598956498183046e+00	1.738660322056059915e+00	4.883087880417130155e-01	2.091217346451651693e+00	-7.202155131343140892e-02	7.085331327096148213e-01	6.467546035736557730e-01	1.842021420448229474e+00	-1.483677687933863398e-01	4.405447769768439104e-01	-1.396296976726765608e-02	-8.071315753738603216e-02	-1.054858851217872241e-02	1.326206786511654689e+00	9.299334581695222202e-01	-9.798606045913298840e-03	-1.327727864012544223e-01	-8.567545455720637637e-03	-8.780618537297357751e-02	1.407041775740364375e+00	1.827167126511331841e+00	5.458175575074408759e-01	-1.355532017138324705e-02	3.685899963284519076e-01	7.144079363162056939e-01	-3.187525449575026593e-02	2.224041269215512706e+00	-7.503550076100629074e-02	-5.489008432093490236e-02	1.897726162171887720e+00	-6.369155193197214779e-03	-1.398166300892236258e-01	-7.007060076469545651e-02	-1.083497737595199850e-01	8.905507859736931930e-01	1.301751716587507879e+00	1.894270926762051888e+00	1.115169036067926278e+00	1.254381854694077036e+00	-6.315324064838480356e-02	1.612186569116275114e+00	9.737002031526592605e-01	7.506285607571981933e-01	1.008174504346315059e+00	8.738984788714724283e-01	1.772177200269436703e+00	1.882918190076519505e+00	-9.920222568705894250e-02	-1.248346579759054553e-01	-2.963554580340584804e-02	-2.617668986410214005e-02	-3.938824436688372760e-02	-1.215079487245316892e-01	1.103490993488122518e+00	-3.360104039008889043e-02	2.614945325652769714e+00	-2.322865038874072363e-02	-1.604950052351313272e-01	-1.148468381290096291e-01	1.566899697279926951e+00	-2.291067796153224354e-02	-2.900909950211532154e-02	-1.437995097936263511e-02	1.711838448274331848e+00
1.454978715283711699e+00	1.614871228025770655e+00	7.556870222271395710e-01	1.628583832918754637e-01	-8.110435556806172563e-02	7.641808534884266813e-01	8.443759562125117135e-01	2.064913314424667412e+00	-1.291038631284762150e-01	3.758358282721777632e-01	-3.925766693327727846e-02	-4.548618412663367472e-02	-9.915623065325958330e-03	1.345614118061652764e+00	8.119942153472938795e-01	-5.799954253199059336e-03	-1.107206453341897240e-01	5.315013047750927200e-01	-1.218787049856566301e-01	1.324191576456479336e+00	4.612799258864668794e-01	5.519203093159000956e-02	-1.717587155861124287e-02	7.581643000252746845e-01	5.837812764221459449e-01	-2.205858718077876451e-02	1.508219130174510481e+00	-1.291188146042217960e-02	-7.244863754154896862e-02	1.275344056569157836e+00	5.078204209610467923e-02	-9.993516652157925784e-02	-7.574563195079943301e-02	-1.281386683650938274e-01	1.133684074982036272e+00	1.608053692174112426e+00	1.949832775813106212e+00	1.443979870142804822e+00	1.194402130713048571e+00	-6.844984423718263045e-02	6.351300977994469577e-01	1.097156886110583152e+00	8.700295970813645141e-01	1.346430755357899689e-01	1.051239639165348017e+00	2.228192294406844187e+00	8.270220427718200096e-01	-1.121776722087172856e-01	-1.393669843898412142e-01	-1.943517072126287049e-02	-1.835219071715231409e-02	-2.491852115541332360e-02	-1.201246649403209521e-01	1.071901571287545041e+00	-3.997595207109608251e-02	1.588879870388158366e+00	-2.821369167000320130e-02	-1.623065626392157235e-01	-1.159299388830510175e-01	1.619033437430297484e+00	-1.257007325986494138e-02	-4.936911119659377623e-02	-1.063636468686355793e-02	6.341768612381379899e-01
1.719842685438824015e+00	1.044619114130962423e+00	3.568239456205163918e-01	-2.143404094762297457e-02	-7.531736145068843036e-02	5.754878151098931083e-01	9.545261284245096789e-01	2.040164682249161476e+00	-1.091745045712400469e-01	6.369895074634938092e-01	-4.430894276479421801e-02	-3.867305459330937223e-02	-8.959955746455042225e-03	1.278784717140318161e+00	4.899496714153473431e-01	3.520788687091188085e-01	-8.962710497077341909e-02	9.351156260798443309e-01	-1.241584016290843834e-01	8.326365689720602870e-01	-2.857588293931291948e-02	1.196266304623403998e-01	-1.987962822302785301e-02	4.112087261482722522e-01	7.178602152440578532e-01	-2.006057152594626844e-02	1.822474434957841227e+00	-2.614794618001110068e-03	-8.618080462739358127e-02	1.195394463376916683e+00	-6.487332258050989599e-03	-8.768427455608084065e-02	-8.644847385227892589e-02	-1.263838643795644201e-01	1.214973692521524429e+00	1.401171313201873048e+00	1.916235043999373389e+00	1.498149511785703547e+00	1.257756233476629237e+00	-7.136640314643982741e-02	1.249674288218352469e+00	8.909757377410451040e-01	9.937628342279797300e-01	5.169738174810747378e-01	1.074748081804369759e+00	2.173068504265456724e+00	6.883873699599747376e-01	-1.161394762465224190e-01	-1.358811870600438731e-01	-2.570645776008039646e-02	-2.401665321466441363e-02	-3.130822663960820817e-02	-1.126987131209845894e-01	1.092692560187958017e+00	-4.459524411019703816e-02	1.016357134893241421e+00	-3.385724791474904044e-02	-1.468928500022909089e-01	-1.145249450745375180e-01	1.513586923883318169e+00	-1.784316320073841416e-02	-5.194155868880771104e-02	-1.271362391551846167e-02	-3.789280268985152633e-03
1.611927159540271770e+00	1.420340779181226809e+00	5.642103583607318562e-01	-2.757717122631755252e-02	-7.640947683653313838e-02	6.367632969162762002e-01	9.604768325243175919e-01	1.931511193165861062e+00	-1.190289244807878066e-01	7.328048535466723523e-01	-4.101939038183459452e-02	-2.966141781640580649e-02	-1.040368741929557569e-02	1.242616536087867596e+00	4.021176306338588580e-01	3.939506514668137394e-01	-1.025472901322319469e-01	7.980785658479156996e-01	-1.191604937850649776e-01	9.098016259391976668e-01	-2.025700500578185917e-02	-3.295972945872329557e-03	-1.910742810404539305e-02	3.793410247017562908e-01	7.137078160360437185e-01	-2.213857989692115391e-02	1.852721535299258759e+00	-1.537448857620948666e-04	-7.993057666023878349e-02	8.711608827999383076e-01	-6.880490206680764040e-03	-8.818092039733828325e-02	-8.127994382656508754e-02	-1.244113476928937895e-01	1.231771702506275989e+00	1.520742175689720810e+00	1.861895335365337356e+00	1.482896936377544383e+00	1.179746414594216253e+00	-7.302732759571425869e-02	7.820437296827700280e-01	9.088438142222011740e-01	8.532188365228894344e-01	2.171099596362348061e-01	9.175296219749119464e-01	2.242627159257890135e+00	5.999357274788355010e-01	-1.161042997820884715e-01	-1.405708768734049985e-01	-2.988600565109239895e-02	-2.117476768604587348e-02	-2.371873457557152967e-02	-1.157456152216372464e-01	8.369097067078434815e-01	-4.314506302888473227e-02	1.148624469689386807e+00	-3.498947337179311029e-02	-1.471130227274950186e-01	-1.154710280791526739e-01	1.732513174373302434e+00	-1.579985747550658598e-02	-5.087363926880217324e-02	-1.147076933617990034e-02	3.332962526721299223e-01
1.256366348969730762e+00	1.646406119565789528e+00	7.765260453921563055e-01	5.799514733996411486e-01	-8.410609340424821112e-02	6.318608839363680785e-01	5.721985845559063311e-01	1.895975230452128901e+00	-1.356810066018204475e-01	3.911101908552377382e-01	-3.235141752712073632e-02	-2.013519053305912881e-02	-1.355342986509149028e-02	1.210319593958289142e+00	1.145349896694511038e+00	-7.497040936856327713e-03	-1.195178248172751173e-01	-6.587579143195887964e-03	-1.116049893774118534e-01	1.369107100985135217e+00	9.903024875834893770e-01	2.181870556407824457e-01	-1.363458995331505441e-02	6.604076005372822022e-01	4.474030314290868282e-01	-2.176224588052075651e-02	1.625603543096840076e+00	-1.661992667921773775e-02	-6.678837347631190469e-02	1.050137347107846342e+00	1.450505988693674003e-02	-1.295763723110816557e-01	-7.432214078166071713e-02	-1.201968336380316443e-01	1.386028575531106588e+00	1.523827018010787571e+00	1.945583018229199102e+00	1.118358106872059388e+00	1.028206324239803404e+00	-7.145851698743309333e-02	6.236903172997882994e-01	1.137886129063073071e+00	7.180783925578737570e-01	-3.669035603665342718e-03	1.094893883067187712e+00	2.106817334271983366e+00	1.304735467189256815e+00	-1.086829824238263742e-01	-1.359406758155070893e-01	-2.287847198559356948e-02	-2.270760320671904794e-02	-1.056608923859631878e-02	-1.250815441445527754e-01	8.227087568304466414e-01	-3.497984975154951742e-02	1.831971688013498190e+00	-3.061161619720701235e-02	-1.770689466234139919e-01	-1.202055445140361167e-01	1.860551810274850837e+00	-4.328689945010846633e-03	-4.912098277249979383e-02	-1.353396331513604181e-02	1.115300842182543661e+00
1.677402509927458318e+00	1.486293698000089369e+00	4.406301455401142597e-01	-4.152669568835440361e-02	-8.267731470402302218e-02	3.749425997052163173e-01	9.112440038415097199e-01	2.043736874398830228e+00	-1.140035339683686533e-01	8.841218791538798527e-01	-4.727139303385740482e-02	-3.860965605625749086e-02	-1.589294108672715741e-02	1.358086592873825937e+00	3.127401888673384533e-01	3.688924373802784373e-01	-1.027350692945087074e-01	9.184830047430669886e-01	-1.203022714539211252e-01	5.407823508465461337e-01	-3.479775211079994685e-02	2.754570344773056845e-01	-2.618497870318658299e-02	4.965513294127680277e-01	4.001274372555745362e-01	-2.047418242558823875e-02	2.100460710363322825e+00	-3.219805333358644051e-02	-8.783117012148196345e-02	1.366431948290788734e+00	-1.137868467493034427e-02	-9.496854464962371789e-02	-8.489024845734380320e-02	-1.273817048237528560e-01	1.152320688139924387e+00	1.568943104516667741e+00	1.821364128788303338e+00	1.470137471447106048e+00	9.679327697225713623e-01	-7.263936656400056535e-02	6.357158591477880538e-01	6.976321953257788033e-01	7.348476032322444063e-01	7.131132699972418942e-01	1.029560299749595842e+00	2.272181039637200861e+00	4.812398952542738528e-01	-1.233301864937551839e-01	-1.386331519437909165e-01	-2.773388953766403250e-02	-2.126134422401018687e-02	-3.348598977976160324e-02	-1.224278609161855852e-01	1.260070336393152912e+00	-4.714931728797543825e-02	1.525740256379871207e+00	-3.699788373169104333e-02	-1.862915843864892951e-01	-1.146878488736476076e-01	1.678389510656400407e+00	-2.798216321717103897e-02	-4.688750393745381995e-02	-1.422269745765763344e-02	-8.132530686423542800e-04
1.023387983493640574e+00	1.881028894265789342e+00	9.998582314659226755e-01	6.448951795917432506e-01	-8.715814123827365922e-02	8.330511038351308128e-01	3.140059665178128734e-01	1.606951223466144718e+00	-1.581795037548278382e-01	3.138154063118846482e-01	-3.172039181073828262e-02	-5.579496944619986853e-02	-1.340383017554311849e-02	1.227693508178967496e+00	1.072563567405779406e+00	-2.391287602837467718e-02	-1.591799692900416618e-01	5.403407490924325846e-02	-1.060166440526286308e-01	1.581178955100328132e+00	2.254204483359300681e+00	1.229353229369599676e-01	-2.417686539827784697e-02	7.125436219715118868e-01	5.429926547325042430e-01	-3.082397593855178142e-02	1.538298009900006980e+00	-4.738387421995281928e-02	-5.792324023166540992e-02	1.415606160596703189e+00	4.345734609448653751e-02	-1.336527211310495344e-01	-6.557666887301571990e-02	-1.265114632043516929e-01	7.969898125871430761e-01	1.525316058163809219e+00	1.764523955971354585e+00	1.179470862869010261e+00	8.877364783411337834e-01	-6.730204328781212719e-02	-1.140776314520733185e-02	1.210703933529486465e+00	5.558919839870273272e-01	2.237762580767515760e-02	8.652490719374992256e-01	1.814052859606929191e+00	9.731216164865997831e-01	-1.077777816467110628e-01	-1.273021898929333484e-01	-2.480295780783818571e-02	-1.683726960292048630e-02	-3.634188492183099833e-02	-1.332220339693454825e-01	1.017055303371264596e+00	-3.509398940884699697e-02	2.528163027430001986e+00	-3.973966223782880725e-02	-1.812971905899875558e-01	-1.241886431516170120e-01	1.203356199646241853e+00	-2.301949747777131544e-02	-3.627396172277905229e-02	-1.461255912550784263e-02	1.681833911590383313e+00
1.122036535798695223e+00	2.730929771683889395e+00	4.434317671978981745e-01	1.122091679981154000e+00	-7.305295119935273362e-02	2.571039382524906713e-01	1.769315885582510184e+00	1.493855253447263332e+00	-1.276395204893890634e-01	1.401228308456355487e+00	-2.337827070158499804e-02	-1.900547124909452573e-02	-3.782228660322382863e-02	8.974366884854894089e-01	-1.068810936572266342e-02	9.608201760098704358e-02	-1.127255577557791377e-01	-6.006661505819447383e-02	-4.711682330222604492e-02	2.669612574694880669e-01	7.312506449475392190e-01	2.330187640146549333e-01	-1.571240403503983488e-02	-2.878807689213975715e-02	-1.478365096585194244e-02	-3.024289280625293633e-02	2.827073245369168042e+00	-5.517985657602902244e-02	-1.777620217890773374e-02	6.878051613842492418e-02	-4.756385863436831535e-02	-1.235521359372457051e-01	-4.905391291145983629e-02	-8.502224495481799926e-02	3.469166279207667181e-01	1.329262453945797340e+00	1.089963969025629531e+00	8.636124221531762402e-01	9.206906290337704135e-01	-5.500742550311847612e-02	5.018774910666765621e-01	2.247913396564992783e-01	1.215066833611194719e-03	-1.209270824610656977e-02	2.586722430994586319e-01	1.706913226745926826e+00	9.015728608920210718e-02	-8.226354147104188164e-02	-5.683881376785285960e-02	-6.811991758287018472e-02	-1.287517533521292251e-02	-2.423182664025338691e-04	-1.410451368067775491e-01	7.487125607459248211e-02	-3.174234416667274378e-02	2.145782494041747590e+00	-4.870508638931457523e-02	-8.972935784713939600e-02	-1.005233642397892202e-01	6.720007473151611288e-01	-5.833357621887588079e-02	-3.340408189156589269e-02	-1.013695303229589229e-02	4.265878832434703227e+00
1.628105120607398204e+00	9.470332369105282089e-01	1.255679567568932287e+00	-1.035944199330869342e-01	-8.764773229527521303e-02	1.208437476712836099e-02	2.667279085247932224e-01	1.710188973962134984e+00	-1.304205096371756079e-01	1.058827278737194399e+00	-5.454847715587022444e-02	5.570908599799327954e-01	-2.090588814818626975e-02	1.016746250583274724e+00	1.204781988046061958e+00	6.580509205682913976e-01	-1.322039872195593380e-01	4.306052744197475524e-01	-1.357963297221509158e-01	9.114957496448053975e-01	-7.993351151715737124e-02	6.892675515187672852e-01	-3.139067940364031334e-02	1.722512446695033395e-02	9.609000510195737643e-01	-2.694507385230925436e-02	1.575284926365270843e+00	-4.366382027727386261e-02	-1.073843294623143957e-01	6.743101842198235829e-01	-3.567303080760350631e-02	-1.117179361072912491e-01	-9.538063619448235164e-02	-1.276481221439531855e-01	1.280452668277504147e+00	9.075026974016922043e-01	1.738985119391987633e+00	1.462303561349769687e+00	1.216444702426377367e+00	-8.534866014461257866e-02	1.131139623894077129e-01	7.361796789017261977e-01	8.509910939388140028e-01	3.228110353349050166e-01	7.250824095339375441e-01	1.998181593259015010e+00	-7.214233358435605432e-03	-1.371719095565122892e-01	-1.782117636854054776e-01	-2.344914430399697505e-02	-2.952685744506941545e-02	-5.374795103493384268e-02	-1.378306907206039988e-01	-7.412131061966192348e-03	-5.103928394275814712e-02	1.723554030273745763e+00	-6.384648765463950271e-02	-2.038871284966398412e-01	-1.439578422736704499e-01	9.836701971708959880e-01	-2.230626928219539909e-02	-4.552924931246044721e-02	-1.981209066824668116e-02	-2.901663930017808063e-02
1.460546913601125762e+00	1.001932641289982495e+00	1.794406008880450765e+00	-1.118228108690190875e-01	-9.530727475034514451e-02	2.942546149824339374e-01	8.103403856114892445e-01	1.675804464427938845e+00	-1.401316582578097103e-01	9.746743858961924856e-01	-5.925823180434620224e-02	6.985420982457110073e-01	-2.555085689939975979e-02	1.003937267181894688e+00	8.728122814577294886e-01	2.601501553744629547e-01	-1.450094625226837075e-01	4.215692731568290164e-01	-1.289314634077878552e-01	1.083181768681646062e+00	-5.797067729556167059e-02	7.975461655318719645e-01	-3.770178927148062908e-02	-4.810111128414661791e-02	8.460924807027967454e-01	-3.274049759874252813e-02	2.039047999036759595e+00	-2.277495610184925023e-02	-8.322807914350079106e-02	3.078659583881187545e-01	-4.550559746612368311e-02	-6.532685828103448888e-02	-8.179718883133739460e-02	-1.275197493342546118e-01	4.855491579074705522e-01	1.003941634939623295e+00	1.409859456689982471e+00	1.708784050367712970e+00	1.499002066647879161e+00	-8.819681541301611916e-02	-1.383041110128402189e-02	4.985092026922878228e-01	8.489681711091097149e-01	-3.994107194959180956e-03	2.526043021011059042e-01	1.770814987941603080e+00	-2.209350171695810203e-02	-1.344239823936108080e-01	-1.457639262089714394e-01	-3.719543834252815595e-02	-2.355055500337319141e-02	-6.099847682525717102e-02	-1.445280250597269778e-01	-1.650883365920305379e-02	-5.336748390492977723e-02	1.123184759202407568e+00	-8.414410181310860715e-02	-1.488781272511804088e-01	-1.364689125112011348e-01	4.910300849959308156e-01	-4.092001413513531721e-02	-4.089726229822671089e-02	-1.485685760155525288e-02	3.910255735882517403e-01
1.502272111912445585e+00	1.316807259198895963e+00	4.626648474292476831e-01	-5.805938415746154935e-02	-8.494534283696826560e-02	4.116272288304543836e-01	9.237227352730172925e-01	1.947118687557198857e+00	-1.108527417871283394e-01	7.692515648691130581e-01	-5.308092840605296847e-02	-1.313764420058517561e-02	-1.624977337662008442e-02	1.179377344287769303e+00	4.260615154896995049e-01	4.380820039990340753e-01	-9.174939756059229123e-02	7.487665117874842124e-01	-1.261573330783403446e-01	6.267413783167664620e-01	-3.533945465253379020e-02	5.554469769984481803e-02	-2.521857992394289233e-02	3.694218502684377681e-01	2.858220452099129449e-01	-2.026863399743640895e-02	2.028707051052566879e+00	5.135047524456266138e-02	-8.535800628270082124e-02	7.333132939594928512e-01	-9.535248695881246364e-03	-8.533396712215049473e-02	-8.742841578048557438e-02	-1.284216115467885222e-01	1.377211443852559558e+00	1.503311752632130460e+00	1.776256054874243206e+00	1.453049193008378870e+00	1.095687795258598829e+00	-7.586224245195659355e-02	6.474821813768936174e-01	8.059738354852324926e-01	6.883958741467978149e-01	2.791636893288287347e-01	1.038837958883997548e+00	2.227712184243583415e+00	4.958323010265024977e-01	-1.203022876964769949e-01	-1.297810102438424484e-01	-2.866285491211435429e-02	-2.292372175767422304e-02	-2.778875741314745795e-02	-1.236034652848318066e-01	1.116355594950719787e+00	-4.365174057931252294e-02	9.473235885263678879e-01	-4.345468548991369279e-02	-1.682570607577733024e-01	-1.178774841247467592e-01	1.745057588957410477e+00	-2.075169586128828431e-02	-5.580728191975520974e-02	-1.435735373155508539e-02	-9.430968474721274086e-03
1.352593718559344182e+00	1.371522118868715001e+00	7.073295445724828712e-01	2.467805298485953314e-01	-7.828253762215620082e-02	1.280284668473685272e+00	1.006949609990480443e+00	1.996428980674136211e+00	-1.369708619307841435e-01	3.153911692369786302e-01	-3.897416320380975296e-02	-4.267136328002493068e-02	-5.000731421305572473e-03	1.277983592292512460e+00	7.690232110073764726e-01	-5.708550090138848378e-03	-8.485902399272146623e-02	7.909689757658111553e-01	-1.162692032082451726e-01	1.696407824494177818e+00	9.191617996342144048e-01	-3.751091671607616196e-02	-1.054703630833796202e-02	5.187559866803006514e-01	6.512758296706522287e-01	-1.727456663981112930e-02	1.671834668968651405e+00	5.571782841086966309e-01	-6.145356238671698113e-02	6.761661631782712734e-01	2.869997750484775123e-01	-8.123359070339912502e-02	-7.426115638180268153e-02	-1.210555708423512317e-01	9.218548113628090013e-01	1.479593192209556873e+00	1.889488250698748040e+00	1.558798788542406166e+00	1.234494030269057685e+00	-6.335578414887566012e-02	5.902257510217270298e-01	1.118373469379650764e+00	7.185557636343730126e-01	-1.036282914044154603e-02	1.026550594252015225e+00	2.107904482751811415e+00	8.158181537627787749e-01	-1.008478690317880511e-01	-1.299374320751318090e-01	-2.087024794770611300e-02	-1.539574282973271875e-02	-1.740735698011014812e-02	-1.126828947735141057e-01	1.433865679791526793e+00	-3.817559440513492580e-02	8.741865743662093902e-01	-1.502461471150692320e-02	-1.088510617321468837e-01	-1.139152742567857979e-01	1.757837488135569171e+00	-1.138457674350006402e-02	-4.991708528829542912e-02	-1.003417792337917350e-02	6.454623998552068143e-01
1.118049787879232593e+00	1.542173872823021874e+00	5.093102682276513526e-01	-3.073132981278899750e-02	-8.990622814468871016e-02	8.468346542781564068e-01	1.134490959306097446e+00	1.966293199624432386e+00	-1.079516748200302356e-01	3.156617174763662881e-01	-5.727123482387447978e-02	-1.060916745080345801e-02	-1.652816635123529818e-02	1.232041311112151538e+00	7.470991951568987099e-01	-3.552052793393628994e-03	-6.688125326356510192e-02	5.582823511783334691e-01	-1.266242892952858246e-01	1.083804116786694527e+00	5.484541184485890453e-01	-2.232695544892303666e-02	-1.708137802838892785e-02	8.087929247427299018e-01	-8.212705487546866426e-03	-2.095930097460517103e-02	1.482321536925806926e+00	5.613038780372652248e-01	-6.696959417426898153e-02	7.018913194135342204e-01	1.664328788394673075e-01	-7.764781095809307476e-02	-7.676485089406849538e-02	-1.332941131086904929e-01	9.091500520619681946e-01	1.657020300426951254e+00	1.803690025398201557e+00	1.590012682825223012e+00	9.776411937772022664e-01	-6.456866843152278546e-02	1.254461391249975522e-01	9.139225081822524022e-01	8.223962008431898729e-01	-2.447590317625123260e-02	1.150298066505017314e+00	2.276189112209952459e+00	4.362341346782995233e-01	-1.042381650969168433e-01	-1.044484289011953920e-01	-2.166223636709905392e-02	-1.139778611708672056e-02	-1.016487209290509869e-02	-1.256562966184566754e-01	1.669483664476449691e+00	-3.970706187690224015e-02	7.196217450924367043e-01	-3.074375811212243584e-02	-1.429366938817311083e-01	-1.115332378674648017e-01	1.478223238763215042e+00	-1.443228943898225598e-02	-6.080061252679731798e-02	-1.291123683851197121e-02	5.430581261485302180e-01
1.587008936227424005e+00	1.513872320869795729e+00	2.763460693099213383e-01	1.117264358069097879e-01	-7.703554236768780927e-02	6.510499495214931986e-01	1.095542284441096026e+00	1.966575509787840126e+00	-1.064391994551430326e-01	7.806152949918813144e-01	-4.353335703278421454e-02	-2.397184854771828785e-02	-1.608106998369371668e-02	1.263160253797457555e+00	6.292606848123112329e-01	4.814556207527387888e-01	-7.093556251946712965e-02	4.419036266769458265e-01	-1.166777304201944421e-01	8.428523344930790584e-01	-2.039285745926321808e-02	-5.707329572153778049e-03	-1.178325197550005900e-02	5.124576093272503741e-01	3.149761600663959493e-01	-2.151637114031220918e-02	1.962789213323840043e+00	3.065994108266945628e-01	-7.193819927483589838e-02	7.919444735837940508e-01	-1.396610950685573185e-03	-9.296956425683082503e-02	-8.490978278850340455e-02	-1.227278036345777618e-01	1.234847508866067978e+00	1.541723687999011716e+00	1.781491342580141968e+00	1.432120927230515095e+00	1.195514661237099929e+00	-6.907789105911843475e-02	1.292466158950745792e+00	8.919982406520630125e-01	7.464206367706782697e-01	6.752841411863032273e-02	1.143807321864024562e+00	2.209280521921807239e+00	6.808185570618811022e-01	-1.041387405585106618e-01	-1.188137080526550926e-01	-3.244676298260439767e-02	-2.266808553598718273e-02	-9.064679108655063211e-03	-1.208932464892167186e-01	1.202194254839900278e+00	-4.065200552354247127e-02	8.107008865506718509e-01	-2.442411505393940127e-02	-1.331949622246681730e-01	-1.121636621301224102e-01	1.605121110022166731e+00	-1.141781701214691219e-02	-5.975308729184247714e-02	-1.152675929068670835e-02	7.481746215823522617e-01
1.292446845988694193e+00	6.380654999427604057e-01	1.624015731358054715e-01	-1.392679363360831424e-01	-9.012760048271616087e-02	6.046639650654048737e-01	6.671787142000180637e-01	1.358316995144727146e+00	-8.783069859348840991e-02	9.229959002860578243e-01	-6.651693467076423560e-02	8.476187578500595787e-01	-1.825541567896189765e-02	9.194013586107763203e-01	1.825778179934767209e-01	1.128788920276176722e+00	-7.301649640157138743e-02	1.299326693914537589e+00	-1.416530099792871478e-01	4.853391002823939648e-01	-5.403914905831454923e-02	-2.843869700770752795e-02	-3.371728406453015220e-02	1.396629841374139314e-01	5.015100826750573670e-01	-2.562601752045821912e-02	1.731894532998325076e+00	8.882738428209148163e-01	-9.474250041496327934e-02	-8.780741778387939067e-03	-1.468438276266556715e-02	-6.709637911596953719e-02	-9.507063202131664503e-02	-1.340358709320026431e-01	1.116578462376383696e+00	1.171199965832225187e+00	1.634766421529160851e+00	1.721336450652081185e+00	1.001390166189733089e+00	-7.938055533839208366e-02	-6.247382560487817725e-03	7.881686562772128868e-01	8.083273462829317912e-01	-1.863314025903002602e-02	7.745932384709006691e-01	2.028375631766386356e+00	-2.103325921933911838e-02	-1.205400662026245434e-01	-1.153624355462275902e-01	-3.360564908402260964e-02	-2.373382786846562828e-02	-4.322014947644839400e-02	-1.195494470212697113e-01	9.965510044813926660e-01	-4.831947728357742500e-02	-4.790883960685895539e-03	-6.109522137608525139e-02	-1.345153918146268501e-01	-1.237618114024504890e-01	1.053874790214486712e+00	-2.215293087660541102e-02	-5.554910327232905759e-02	-1.362065727463215685e-02	-4.604299136672404535e-02
1.586340166498206417e+00	8.313859617953961445e-01	2.686444364791962247e-01	-1.242764826390950761e-01	-7.998706018052409439e-02	7.427053038169563193e-01	8.675852959708274525e-01	1.572391324107456967e+00	-1.002258452992707688e-01	1.213398691781746308e+00	-6.430466993850775248e-02	4.655693457812452030e-01	-1.280873169814921407e-02	8.845622568649269546e-01	1.472795758498306462e-01	1.195073215279687684e+00	-6.105561542102061479e-02	1.398996916196853180e+00	-1.307654923368228028e-01	4.627722958458420077e-01	-5.574952293334676373e-02	-2.597727849278826454e-02	-3.341275935461335278e-02	-5.364550876757192069e-03	6.661610679708604987e-01	-1.864405732526798476e-02	2.048550097372991097e+00	7.838911720387551352e-01	-9.188915029420045844e-02	-1.300671441719088509e-02	-1.713111523568435976e-02	-6.424463485817019648e-02	-9.310954851866980186e-02	-1.269222229083893649e-01	1.060252612231675551e+00	1.135831188416123627e+00	1.395231987211008384e+00	1.758611032143027941e+00	1.013637458968762672e+00	-7.483401541782781774e-02	-5.049754000669175701e-03	6.557784940907052107e-01	5.367739997820455411e-01	-1.197106848444015777e-02	9.998074329846085018e-01	1.986041647207315464e+00	-2.620762008493721096e-02	-1.211983191080762551e-01	-1.295354177840592202e-01	-3.192012027629267945e-02	-2.030648692735827904e-02	-3.693944090583758250e-02	-1.176262335738480352e-01	8.829418868598272185e-01	-4.861593962840092542e-02	-4.847571419077987762e-03	-5.560246218593031114e-02	-1.119812061654018309e-01	-1.224022688203139780e-01	8.938255934921186530e-01	-2.939657029323838530e-02	-5.526910868144575828e-02	-1.502738844711929214e-02	-2.841347469819126628e-02
1.558986158200880157e+00	1.776117394091822455e+00	8.182726109053640728e-01	-3.183633033264031409e-02	-7.800205603825639822e-02	6.698948050928190678e-01	9.052136545386268995e-01	2.078054454614352231e+00	-1.176691165086359847e-01	4.422002641303268144e-01	-4.280217689219935340e-02	-4.708199641490753290e-02	-9.874231298229041096e-03	1.384797995324865472e+00	3.554272806937864848e-01	1.529596975411509074e-01	-1.126513962337709340e-01	9.887672134241631827e-01	-1.272123865022003752e-01	1.023423361228268158e+00	-1.242954083633645256e-02	-1.314077840914307238e-03	-1.932291333841222591e-02	8.211023478493165717e-01	6.428537768479649639e-01	-2.383244488145086493e-02	1.548193209058552400e+00	-1.585352864169280174e-02	-7.902025084160128887e-02	1.407701193572522325e+00	1.272102267444445711e-03	-7.826548897314143660e-02	-7.515239596045045212e-02	-1.343259947887132377e-01	1.110234944818142111e+00	1.749653959277206905e+00	1.807012278228059765e+00	1.575165982433524015e+00	1.135488638005521134e+00	-6.747354128899864245e-02	3.081656608411362241e-01	1.027679073756458727e+00	8.990126153989944635e-01	2.348920846771059834e-01	9.858413230545296502e-01	2.358801201571326445e+00	3.502242230954975555e-01	-1.180589109744038523e-01	-1.422137786986845120e-01	-1.829023783092218955e-02	-1.394243450670358715e-02	-3.345471632287720654e-02	-1.169630678266170287e-01	1.050117847625572365e+00	-4.328452883136069129e-02	1.459448729081934237e+00	-3.127326269217096943e-02	-1.767589388994362520e-01	-1.134897558740400464e-01	1.669303908253982893e+00	-1.667718751804289981e-02	-4.964010826624944833e-02	-1.147056618472822725e-02	1.014236608169696158e-01
1.143019813866721135e+00	1.431404238775344062e+00	8.568756749286371432e-01	-1.178828490441775484e-01	-9.580145890118167695e-02	1.047470257097565804e-01	1.060061847285195702e+00	1.884259819099677769e+00	-1.073892008467956793e-01	4.207211579337816199e-01	-6.984465823493639369e-02	-3.198962768257124873e-04	-1.962470001822017723e-02	1.089333734148688837e+00	3.583444234292358921e-01	-4.405529982710287319e-03	-1.100817345482059534e-01	5.734228609750354755e-01	-1.443023129793978010e-01	5.488760098267034815e-01	-4.267623499779506918e-02	1.641526062961972537e-02	-3.397570046564458296e-02	5.901440390758584398e-01	6.167600641635043179e-02	-2.702007614782692135e-02	1.354880252044847300e+00	-1.509906016380323842e-03	-8.892598296465324681e-02	5.876370416437662891e-01	-1.867080828458708014e-02	-6.304128226669686308e-02	-8.119755476504722513e-02	-1.468295811983956478e-01	1.132578533072895466e+00	1.710616031605849408e+00	1.761865151217318459e+00	1.635069754237182149e+00	1.069845836724119703e+00	-7.774907130416197631e-02	-1.760109803921603919e-02	7.963947480444352189e-01	1.005001138662023674e+00	-1.556165136927154663e-02	1.005678490583661988e+00	2.346622840361975548e+00	-1.007939663863586903e-02	-1.253945301363166009e-01	-1.258001765413098716e-01	-2.434095863243219623e-02	-1.453042462001288143e-02	-3.667015410513909529e-02	-1.396570653751389168e-01	8.743118424691804780e-01	-4.724411691801206487e-02	9.011640912701673889e-01	-7.722829847471397724e-02	-1.910168585089866145e-01	-1.219668500180419723e-01	1.217408012955787600e+00	-2.822729308190739458e-02	-6.329386825499280778e-02	-1.643603871560068291e-02	-1.272836970999871760e-02
1.521150192003611235e+00	1.946446248372835530e+00	8.890309623434593522e-01	6.625925817813702601e-01	-6.901147717160879824e-02	1.144335036361207258e+00	1.316271359494816551e+00	1.895328355137623211e+00	-1.512289095398200167e-01	9.842903318028755066e-01	-3.007729511783745202e-02	-3.747187599768887767e-02	-1.415928896410384441e-02	1.250839440718019890e+00	4.705489443493993673e-01	2.669237587354336043e-04	-9.689220311576438038e-02	3.893587197928748411e-01	-8.581912986070575067e-02	1.590593931389616245e+00	9.498136461331381231e-01	-2.783454531999176446e-02	-8.952157684960763973e-03	2.076754778634705423e-02	7.196861400772669448e-01	-2.519063762898542461e-02	2.075788074613725165e+00	-1.884123839168612424e-02	-4.878196807871455765e-02	5.447635432495283592e-01	-5.158683904044369592e-03	-9.455395303143032670e-02	-6.451444216797516673e-02	-1.053370492322987656e-01	4.417674495563177484e-01	1.278152262790670735e+00	1.616070493057808033e+00	1.533344568532189367e+00	1.190975183396118409e+00	-5.824631766250604886e-02	3.345879820087943601e-01	7.840533409228811479e-01	6.185040646387336416e-01	-8.893995898340495768e-03	6.841327195739056455e-01	2.085848282696380007e+00	5.022269751894238299e-01	-9.933336852235773173e-02	-1.397084179467648901e-01	-3.752534046312683974e-02	-1.191450153797590436e-02	-1.401963572121725683e-02	-1.204889936093234415e-01	8.000282064886169442e-01	-3.677804308437852832e-02	1.512298732246580180e+00	-1.405598035721983101e-02	-8.431379285919010647e-02	-1.143043172943074837e-01	1.434688789730432124e+00	-2.854833646625674209e-02	-3.177532128899595437e-02	-7.269615926948247431e-03	2.258349856233018205e+00
1.252540601964887479e+00	1.715056388790944242e+00	5.897907368986412546e-01	-2.484444206756877480e-02	-8.883850595031374253e-02	6.600621352131539332e-01	8.219559250009382811e-01	2.057475937938768595e+00	-1.238148287245538354e-01	2.901490393761931297e-01	-4.754251208915760696e-02	-4.875183821969879261e-02	-1.050627640808931250e-02	1.284622078458142580e+00	3.848677942784468620e-01	-1.438436337874027422e-02	-1.155757282315850870e-01	7.671438047151890594e-01	-1.248430161471951461e-01	1.121221261522405754e+00	1.216360110811524731e+00	1.797333475524202362e-01	-2.977366580022626497e-02	9.145867323944829597e-01	2.808647579206924316e-01	-2.410316680303979664e-02	1.386908308999295958e+00	-1.618089724399234333e-02	-7.157569653563901346e-02	1.375043292012664953e+00	2.407211666067247957e-02	-9.380485954182145314e-02	-7.066327399757674210e-02	-1.391462558488573142e-01	1.050787309102569234e+00	1.841409246246874742e+00	1.864247740450183155e+00	1.463745136014300119e+00	8.533789013010981694e-01	-6.815241206596524270e-02	-1.112427414536416685e-02	1.118801502259395342e+00	7.648908831511469497e-01	-1.041458462514120633e-03	1.080719684279190851e+00	2.302512710896582160e+00	7.181822584832443512e-01	-1.182634322479459293e-01	-1.245147068412879726e-01	-1.719438077222656958e-02	-1.186566273330079066e-02	-2.849524402316912577e-02	-1.219462636022792673e-01	1.365960099082631052e+00	-3.957418851786952130e-02	1.670214200909374336e+00	-4.295895137178729756e-02	-1.844672821758379100e-01	-1.112915019282572360e-01	1.502868447504617233e+00	-2.659972470744611031e-02	-4.830301234199448068e-02	-1.271459178416176582e-02	5.035440623139665339e-01
1.591100463111007057e+00	1.214810193976228803e+00	-1.271515883633683383e-02	-1.369933302188593681e-02	-7.783845786377717457e-02	-1.339044034359570265e-03	7.951862664834128402e-01	1.737807311787291420e+00	-9.829382773067381340e-02	8.909859258157124540e-01	-3.891625873631237437e-02	-3.310346189901668817e-02	-1.414960212434792503e-02	1.078831069221853678e+00	2.382403879245640343e-01	7.745640757715440694e-01	-1.032886486515190300e-01	3.561219820918665180e-01	-1.139688742172161873e-01	1.298445476044043055e-02	-3.704659206475334476e-02	7.540070723544710640e-01	-2.657700466682328538e-02	3.633274452144963362e-01	5.391206885633625934e-01	-2.724579961771989370e-02	2.386075642579147171e+00	-4.368088645339705117e-02	-8.948127958448949537e-02	1.290239306250295703e+00	-2.714576876438144770e-02	-1.191426133818915267e-01	-9.240011647886128832e-02	-1.207599043154090751e-01	1.545419335467958177e+00	1.366602945873331088e+00	1.869421362783000973e+00	1.273088758801985021e+00	1.222147629185700080e+00	-7.849591665670148377e-02	1.874582347092867085e+00	7.647381210855712652e-01	8.542019507313487470e-01	1.113071358826716706e+00	9.847171757427328753e-01	1.961907794304650343e+00	1.073321104476687715e+00	-1.173711569383265874e-01	-1.166333196871298383e-01	-4.150578587027028976e-02	-3.344250074363103176e-02	-4.260742598885283033e-02	-1.206852201229263177e-01	8.753988651519788444e-01	-4.657043163668976582e-02	1.597978271677709339e+00	-5.564223503140841576e-02	-1.846980935956647196e-01	-1.134632828935614735e-01	1.569164924378834369e+00	-2.570858758063632177e-02	-5.098417151324164537e-02	-1.750185389251434145e-02	2.155726210497527912e-02
1.052466487814161855e+00	1.288655313941877711e+00	5.151304137864284316e-01	3.249405750620236455e-02	-8.544396534792690623e-02	1.295301269674880684e+00	8.802354879064229198e-01	1.600852593422540160e+00	-1.435017022288044009e-01	4.537621279836380750e-01	-3.779999104790484482e-02	-3.250921611667857702e-02	-8.216057932517298323e-03	9.910059206024475209e-01	3.064166089858083031e-01	-3.502191423006776726e-03	-9.255414039299235396e-02	6.010334934701755394e-01	-9.511207459767841155e-02	1.476767365595692771e+00	2.695243228779319544e+00	-3.732637553608918884e-02	-2.848974791080620753e-02	3.604449516159156930e-02	2.679597851411719134e-01	-1.887624538362983259e-02	1.999211561219999655e+00	7.186978581572728286e-01	-4.586039691629210935e-02	7.716555017675058581e-02	1.441318847011633930e-01	-8.940128111492412488e-02	-5.929267337968645302e-02	-1.126865892394615237e-01	4.494561154187882712e-01	1.450188205127010299e+00	1.588425429083994977e+00	1.314158097356606270e+00	8.177608158538144378e-01	-6.473408269989178176e-02	-2.785346055083988068e-02	1.070179916646380125e+00	2.443059431003179738e-01	-3.278617753772112425e-02	8.206975048118667626e-01	1.816954361415282548e+00	1.034270125393383255e+00	-9.922081897841254772e-02	-9.143467589291986997e-02	-3.210414344281593141e-02	-1.321254084699374255e-02	-1.084775263200711722e-02	-1.125698000487854317e-01	1.187333457169152728e+00	-3.141827173163967007e-02	6.815557137075859417e-01	-3.847410829723734577e-02	-8.277519939982480590e-02	-1.117093071197326204e-01	1.299587509410490060e+00	-2.611880735148490798e-02	-3.913248118366465661e-02	-1.269009235151470280e-02	1.621765359555461750e+00
1.515053739684698142e+00	8.815595886750130505e-01	1.506659442675518656e+00	-1.555352190657300626e-01	-8.962715256071515646e-02	-2.377527010016415154e-03	9.200491925568670126e-01	1.657141341786707578e+00	-1.066000825021465176e-01	7.125600628045697382e-01	-6.884979962004501852e-02	2.987359376252679555e-01	-2.238299047865041982e-02	9.755269193691873397e-01	6.843273895493201531e-02	4.685557983900801027e-01	-1.397335891039938605e-01	1.003387701382479902e+00	-1.450451899737724981e-01	4.888154708594723563e-01	-9.712991770211526488e-02	5.662078282061681067e-01	-4.143569203890937191e-02	-2.883359887772569963e-02	6.489241155360609969e-01	-2.966165821292627430e-02	1.941840398055786787e+00	2.613071767865924322e-01	-9.285625884614565062e-02	2.089287210416609641e-01	-3.640041818079158692e-02	-4.344268650749875255e-02	-8.313202451811961546e-02	-1.399733810180180948e-01	1.129211934516319626e+00	1.406425216915983656e+00	1.558552685603872057e+00	1.482224436114021326e+00	1.117663916786078460e+00	-9.139273187310367752e-02	-9.718794316448843909e-03	6.051112884785226909e-01	9.231474211110171080e-01	-1.130055710636411991e-02	6.153474254294630796e-01	2.046472990878071663e+00	-9.219589262332610752e-03	-1.423897671997442216e-01	-1.363737387980961391e-01	-3.412778800628896159e-02	-2.489852489328567287e-02	-4.360574970396918770e-02	-1.280779331898674323e-01	-6.022430227556299816e-03	-5.223568330307583329e-02	1.080220758578334522e-01	-1.021832415983936065e-01	-1.732138202382650927e-01	-1.243823251581521322e-01	1.168854019891390816e+00	-2.696404501099878767e-02	-5.898070872806489978e-02	-2.079918152807833792e-02	-2.259383755709114261e-02
1.163993735453364042e+00	1.142849088895751875e+00	4.486887578080102079e-01	-5.261277455815993598e-02	-8.271905063397427815e-02	1.096329535857717863e+00	6.922615762384134452e-01	1.697012720795955110e+00	-1.290951323344810553e-01	4.717390230722307010e-01	-5.604894411160920437e-02	-3.085959456911438817e-02	-4.653787381375278955e-03	1.054137648591792598e+00	5.513718532557133623e-01	1.354795671717534400e-01	-8.210924727999603656e-02	8.493846231046557893e-01	-1.360396284061838046e-01	1.161417956541122010e+00	6.253847896794513250e-01	-6.263897284353990569e-02	-2.500254474181766787e-02	7.892251742894778044e-01	7.076908590542370092e-01	-1.676795685102215952e-02	1.316573632320884535e+00	1.023057490297172523e+00	-7.687772565149898762e-02	-2.729198145567678525e-03	1.937147317835426208e-01	-7.789768369729239972e-02	-8.267585639991269220e-02	-1.295600455038414256e-01	1.166169799021920639e+00	1.473073558772408642e+00	1.768363049063939485e+00	1.604128719009447757e+00	1.028503175242308609e+00	-6.870823212124532731e-02	-2.345149382583153457e-03	1.235076303708433354e+00	6.045500092082430887e-01	-3.100405014638089526e-02	1.251311834748333629e+00	1.938578732832434426e+00	9.507673783733092132e-02	-1.029272950077315951e-01	-1.266391195559499472e-01	-2.481232462756603058e-02	-1.245248649647637262e-02	-2.144005013533712561e-02	-1.209398196183327223e-01	1.391107192519727143e+00	-3.953675808722478119e-02	3.630460954384273076e-01	-4.114169872071282014e-02	-1.142425558910072497e-01	-1.211087983599395262e-01	1.237491339337133844e+00	-1.691143076420032615e-02	-6.217241788517812590e-02	-1.300630392315205511e-02	2.163286205516798677e-01
1.479425371155045577e+00	1.238767657392792820e+00	2.943634792187429516e-01	6.968223123636987371e-01	-7.527406141899771475e-02	1.033417639538322774e+00	9.923121231679894461e-01	1.905338888681265885e+00	-1.308702975551068182e-01	5.480347564375177560e-01	-3.283766921756756108e-02	-4.890382450747630949e-02	-3.550288372248280779e-03	1.204103176734221847e+00	6.082094036399653403e-01	1.681089154478472292e-01	-8.568165474497349554e-02	5.585650773913231060e-01	-1.072141683838176707e-01	1.250804540977883184e+00	1.014499221522396688e+00	-8.562883939465930697e-03	-1.574376337048814800e-02	3.052432047720595731e-01	7.658677269078491001e-01	-2.141512746486616200e-02	2.057480656709593347e+00	7.331319313794526504e-02	-6.493036553779743536e-02	9.473928987390030088e-01	7.679321999597948922e-03	-1.007444317348229756e-01	-7.851853103100149556e-02	-1.142831274538988612e-01	9.233878214233045556e-01	1.399320907956294491e+00	1.914269454693953820e+00	1.451894152281065109e+00	1.261385768930709084e+00	-6.800376355861775801e-02	1.245702713625524538e+00	1.007035121778463216e+00	8.419822737347321118e-01	2.998477073265468640e-01	1.025706006012319760e+00	1.939523569680512871e+00	1.280493748175058677e+00	-1.015069935831941356e-01	-1.210527126063678793e-01	-3.036972298724998492e-02	-2.079113235022541847e-02	-2.131960619474237636e-02	-1.123381141034773822e-01	1.258801861359577057e+00	-3.977904023471927342e-02	1.110876999904821583e+00	-2.778867755217641691e-02	-1.123343364994997540e-01	-1.107249247877732518e-01	1.570702223855793944e+00	-1.893043266082007625e-02	-4.753999304754077948e-02	-1.190111368994786756e-02	9.749163941778803411e-01
1.612965719366002526e+00	1.610741984131431215e+00	2.333083317268805357e-01	-7.359729961072866006e-04	-7.833052578963661805e-02	4.817917482790818329e-01	1.127190355028715896e+00	2.087200382074800409e+00	-1.100503407956174712e-01	6.690152876961920070e-01	-4.176717536676063242e-02	-5.497418742040106193e-02	-1.414925939532919903e-02	1.365363505940209388e+00	2.145207649549301099e-01	2.679327467162077592e-01	-9.216115248084232048e-02	6.308025996820838532e-01	-1.145973012924769302e-01	6.993134671686723758e-01	-3.708504411244608300e-03	1.468229130542822447e-01	-2.003006802923139665e-02	6.507174472851527947e-01	3.442799440803189226e-01	-2.221788513881320370e-02	2.033778411222214366e+00	-2.188001851164368336e-02	-7.526181473033263791e-02	1.295960201189451544e+00	-7.370802337122723050e-03	-9.623003262229597177e-02	-7.940840204666162194e-02	-1.263872287582216980e-01	1.229004965718449416e+00	1.616525675842349408e+00	1.900125496941285519e+00	1.372779878210391935e+00	1.004155752115598155e+00	-6.713516518569051517e-02	1.017598799752700733e+00	8.220768043461668118e-01	7.686335966231748751e-01	5.201826546680879959e-01	1.104946239026715071e+00	2.278448397077709409e+00	8.484495649646617288e-01	-1.130772672838675497e-01	-1.225743188094465530e-01	-2.913014354771680317e-02	-2.133120125423295863e-02	-2.432707009368054868e-02	-1.184163122494142351e-01	1.395586266693088051e+00	-4.088197225674454482e-02	1.338772511061024684e+00	-3.215612808524392213e-02	-1.686871829508580500e-01	-1.079393906041093837e-01	1.734359545130022662e+00	-2.566128362509770625e-02	-5.251713998465945554e-02	-1.470546992594895346e-02	4.868264622115822116e-01
1.491497596661362168e+00	1.264789220937782899e+00	5.200275579774461809e-02	-3.190985065550827615e-02	-8.168766829498641524e-02	7.271936815542671129e-01	8.732901365648413350e-01	1.935000973279511038e+00	-1.012984742785958264e-01	5.558398295332597217e-01	-4.662006633607660572e-02	-4.928034757893072493e-02	-5.909962839259865104e-03	1.259308762355715317e+00	2.276792771014561345e-01	5.039578873705282680e-01	-8.868909168217688210e-02	1.302561708038891153e+00	-1.271011005614257894e-01	7.704507186917965988e-01	1.640522374079673440e-01	-6.816399862196906648e-03	-2.445645120174686632e-02	7.177814106258071369e-01	5.112148797218265539e-01	-1.937562864643081403e-02	1.911886669550487694e+00	2.571536696313930781e-01	-8.117626061774098345e-02	1.272244876268575187e+00	1.748087593697180420e-01	-8.195872657618087642e-02	-8.249182428488667507e-02	-1.347788026205163359e-01	1.303453383257129561e+00	1.718552627324798854e+00	1.878525009626121012e+00	1.463502679503813964e+00	9.244371891352746173e-01	-7.037097681831713802e-02	6.105295626084996652e-01	1.032176013884368526e+00	6.936984229524518764e-01	3.148942458934772537e-01	1.199622853197823469e+00	2.271916606034850794e+00	8.758683447412762835e-01	-1.147559933266405346e-01	-1.228095358601376252e-01	-2.374161113765875866e-02	-2.347435039938540122e-02	-2.457159105822809622e-02	-1.083590592241622380e-01	1.643793750757081007e+00	-4.496528626194926104e-02	8.154184652196924121e-01	-3.217939241421809843e-02	-1.635465557670325309e-01	-1.068485310186400722e-01	1.861331185314245573e+00	-1.561833760855760311e-02	-5.634065492093752459e-02	-1.177588368321025487e-02	-1.173725148242731227e-02
1.426568412514333861e+00	1.604311871731204153e+00	4.908406346591953628e-01	-2.420268455009906561e-02	-8.832014715027015905e-02	4.725949973050900255e-01	1.019274132853293269e+00	2.101371848105986206e+00	-1.165098418601383384e-01	5.028379235587233653e-01	-5.043390275139866125e-02	-3.778171934496191847e-02	-1.630656782761040133e-02	1.421671788759715449e+00	6.101913259812535850e-01	-4.903190208628571863e-03	-9.848573818067773988e-02	6.578249634372339560e-01	-1.272033892083467566e-01	8.854238988299920621e-01	8.265542292448832540e-02	5.320889088381035997e-02	-2.274288454016198599e-02	8.269768696955528409e-01	5.753807920920127328e-02	-2.148368161323854081e-02	1.643620494890271733e+00	-1.622612103183333071e-02	-8.064784597928456589e-02	1.373610223906272632e+00	-5.634400748358616958e-04	-9.226128084521137418e-02	-8.139999971497634268e-02	-1.356640844545265456e-01	1.108955459973402391e+00	1.704998292170857077e+00	1.950544441403097462e+00	1.493873094331638951e+00	9.548729028095507276e-01	-6.894355778737018547e-02	5.260808141507933300e-01	8.638179893029728218e-01	8.839477376594920832e-01	3.113842529163129424e-01	1.136256591100320179e+00	2.348449554331219602e+00	6.275051729707566972e-01	-1.156711424782019965e-01	-1.281318637726957532e-01	-2.057201167390989432e-02	-1.786327095446322427e-02	-2.467337359270750652e-02	-1.262900453881797003e-01	1.544667897592427508e+00	-4.229810453035266760e-02	1.516953485545700753e+00	-3.400008358346529036e-02	-1.845114344452154775e-01	-1.151503526574290392e-01	1.626640599391115272e+00	-2.126609024795288877e-02	-5.210756596656643952e-02	-1.368499238713073891e-02	2.491238336181476887e-01
1.249436094641169115e+00	1.391004570159757536e+00	-6.663210902023451732e-03	-6.252975009054816125e-02	-8.680159997635801539e-02	5.905029072674247148e-01	9.416697345882500958e-01	1.900902294300138129e+00	-9.650115520617151554e-02	5.751522911230444457e-01	-5.942242887046875893e-02	-4.643652242444989281e-02	-9.160691728463999511e-03	1.179332638684215562e+00	4.700458165540991051e-02	3.212214480482488699e-01	-8.238748686398049415e-02	9.598348651218560068e-01	-1.396180308545591775e-01	4.584241810240111681e-01	-5.293825543054302314e-03	-2.457776179402175118e-02	-2.893660734784158500e-02	1.152442484556500224e+00	2.413722540742603007e-01	-2.160000855618617044e-02	1.343247460508144142e+00	1.987519636717154647e-01	-8.616266569773753381e-02	8.333691988061694422e-01	-9.225385344610885410e-04	-8.599460283528188864e-02	-8.437022451932445211e-02	-1.418001403316795361e-01	1.265986606770187928e+00	1.784393172425504437e+00	1.867077279288297698e+00	1.540325158730849298e+00	9.552574739785214541e-01	-6.851060412597319293e-02	2.582445425104006320e-01	1.035873513072562480e+00	8.044267059416436716e-01	2.235941775892751060e-03	1.283022558115743283e+00	2.261249310059426421e+00	3.582557787302429603e-02	-1.110773758091932323e-01	-1.080695404946869637e-01	-2.767492978509688076e-02	-1.549933549240493751e-02	-3.283302334001955008e-02	-1.232309732316021200e-01	1.661080603342600881e+00	-4.506760860766585719e-02	8.521114419187922895e-01	-4.851976815678606808e-02	-1.658867738227186028e-01	-1.105562594414613437e-01	1.170369027645825843e+00	-3.075458055221530485e-02	-6.489316404875083988e-02	-1.379915596018027428e-02	-5.952969750332854672e-03
1.617846931081311279e+00	1.173812143540183150e+00	-9.721132614287480642e-03	1.952798388084141246e-02	-7.742749785032515542e-02	3.510758646176868059e-01	1.188271754958122539e+00	2.005253544172339808e+00	-9.485308754346101490e-02	6.597212889987689177e-01	-4.591060532928556426e-02	-5.568261299218227323e-02	-1.447239293096133465e-02	1.252331375804197178e+00	9.041805333225121089e-02	3.430186638529882925e-01	-7.682436085971029727e-02	5.533459831813208885e-01	-1.158000610260806057e-01	2.686844766804255547e-01	-1.631979676145088251e-02	1.626083764478901683e-01	-2.297807429158268966e-02	5.250479865514399158e-01	2.003740003459870689e-01	-2.169466575687299670e-02	2.149807294573005123e+00	-5.838137947170039636e-03	-7.814912453752151378e-02	1.179976605279044133e+00	-1.018427582484300424e-02	-9.771864858892501116e-02	-8.542386962266317052e-02	-1.236968829762945810e-01	1.271893968956586463e+00	1.622991634733260025e+00	1.947383792806865133e+00	1.258768780024787093e+00	1.050234625943544886e+00	-7.122219344192236290e-02	1.669653723903024911e+00	7.651308159065473014e-01	8.938273226225706969e-01	6.452729862366018976e-01	1.215893080028712436e+00	2.137009560870247515e+00	1.034846602608446631e+00	-1.080278411280292811e-01	-9.743106714067253926e-02	-3.681911105467403078e-02	-2.595960373775561478e-02	-1.994006307579244616e-02	-1.158871811580470673e-01	1.486617790262002137e+00	-4.149235925775907052e-02	8.403350465805491387e-01	-4.493700626804346399e-02	-1.499653428090188811e-01	-1.051612981230230504e-01	1.541925357668055163e+00	-2.635029834996479095e-02	-5.828251636137560254e-02	-1.749736518830873749e-02	4.360916419939611099e-01
1.093735060241063151e+00	1.208853780502675557e+00	3.955803963898469333e-01	8.638291383161916803e-01	-8.999844018088153097e-02	6.509838392288728182e-01	3.430046794615054240e-01	1.546730317895697926e+00	-1.512681630581403924e-01	4.056186897355191223e-01	-3.073704071319361200e-02	-3.086371220405484742e-02	-9.307200261733239097e-03	1.040215279537765047e+00	1.318982132876280078e+00	-2.951916491154080689e-03	-1.274687259978703746e-01	-1.293395154997489631e-02	-1.048922601279130423e-01	1.295264923607471141e+00	2.132309166881613649e+00	3.704843890642531834e-01	-2.476131504122321483e-02	3.163126508773639878e-01	4.926512277778800630e-01	-2.665429699710178402e-02	1.938885159159712934e+00	-3.404566036268431156e-02	-6.757810215933800213e-02	1.035788808833143726e+00	-7.134296286912394924e-03	-1.515486122375128142e-01	-8.145637664964648639e-02	-1.167894549317036595e-01	1.089060895905951343e+00	1.209639136665112247e+00	2.039825318268523979e+00	1.110430470648936963e+00	1.009773594668065488e+00	-7.787705234028725887e-02	9.253252248087668885e-01	1.020683819173155538e+00	6.929561857875013997e-01	3.970911387886586486e-01	9.431600882578410339e-01	1.682262120071961187e+00	1.843455470669035812e+00	-1.061102091603541020e-01	-1.182381329268746700e-01	-3.069607576875337668e-02	-2.963372794646760428e-02	-3.089599110833569223e-02	-1.287610889247521595e-01	1.075649227897914617e+00	-3.632797756683303625e-02	2.112578499075377092e+00	-4.769477537622509450e-02	-1.690063831025452046e-01	-1.269626331546003795e-01	1.406262945170638545e+00	-1.936952308812565221e-02	-4.045936960935832272e-02	-1.858412198864382164e-02	1.189346223173919137e+00
1.766678241627674950e+00	1.192960441867998211e+00	8.556494454554905982e-01	-7.527761434442170607e-02	-8.177161049132469772e-02	-7.577160240503745059e-04	6.545968669474966362e-01	1.831821489219943144e+00	-1.217672546904484399e-01	9.767427643962472983e-01	-4.812988610930456213e-02	-3.287822083176868831e-02	-1.735903917130552851e-02	1.247456580454318953e+00	2.582054961011588934e-01	4.216511874895341183e-01	-1.420164695335304483e-01	9.510855147839076817e-01	-1.293951731172828801e-01	4.078001211145949600e-01	-6.322422752889432507e-02	9.071028128124040135e-01	-3.720107157924246177e-02	-5.837412851610153212e-03	8.553395270440173892e-01	-3.359999079744062367e-02	2.073006585151959236e+00	-5.846175545585755029e-02	-9.666644463608273230e-02	1.470316424583204551e+00	-3.600342066427027199e-02	-8.398367769230365154e-02	-8.848389501552722525e-02	-1.309472192310369432e-01	9.550628138283021595e-01	1.343392874028519923e+00	1.640091193574522377e+00	1.590837084874243246e+00	1.330473456424078327e+00	-8.127615436442389707e-02	7.542960832615726030e-01	6.612642997548391355e-01	9.104076491875755517e-01	9.948702941364724328e-01	6.476656467563610686e-01	1.916027130607941942e+00	1.208547122590778872e-01	-1.342835251583980594e-01	-1.476354625026336242e-01	-3.434350130398680645e-02	-2.615853379863543327e-02	-6.958932030032721761e-02	-1.299199923537332768e-01	4.106545901252368624e-01	-5.269391220136521864e-02	1.761148717575105271e+00	-7.017178308338421766e-02	-1.918319595926452348e-01	-1.237480688386689287e-01	9.673312619830595205e-01	-4.042281529064979673e-02	-4.059646395964212201e-02	-1.724512422255148475e-02	-1.374110907442462927e-02
9.856743739169661067e-01	1.118674158648294004e+00	1.331659960790404496e+00	-1.709554709552592658e-02	-8.278216178582908924e-02	1.330692379227419675e+00	7.540543885693560267e-01	1.657715874154472635e+00	-1.537326305097589940e-01	2.367708364402011656e-01	-4.648914117935012968e-02	2.290109982513591214e-02	-9.729096551639251217e-03	9.551686046671015173e-01	1.380040944840368988e+00	-2.062583236101921472e-02	-9.920150375706870971e-02	3.192182072514207491e-01	-1.196408951710653118e-01	2.213330635683768310e+00	1.154917703829455355e+00	-5.184829181644039220e-02	-1.201117270927106948e-02	1.847319799624088099e-01	6.234307717846501173e-01	-2.163543950056531773e-02	1.130244267166936600e+00	7.813080049127982818e-01	-5.913446860080900230e-02	-6.380798317456350295e-03	1.736307157882828467e-01	-8.553677908677559394e-02	-7.039473718004493619e-02	-1.172070324447065798e-01	6.813204827034045064e-01	1.147496004399575886e+00	1.821087304628701942e+00	1.583270922796472746e+00	1.371298558103777765e+00	-6.763264539382135565e-02	-1.438896434556054087e-02	1.086630270432152434e+00	8.067587824653821293e-01	-4.670039877797590999e-02	8.504341265941793848e-01	1.946093804279589445e+00	4.047443093684668369e-01	-1.013427118532758270e-01	-1.418796247187784909e-01	-1.854671485038652048e-02	-1.565139908106535221e-02	-2.018311277424948355e-02	-1.238748332850782008e-01	7.223287220146531462e-01	-3.530580995587970228e-02	8.220163450330364441e-01	-3.118182971795209132e-02	-8.580243870794532213e-02	-1.304052383788033009e-01	1.277454038130590774e+00	-7.841556670899417145e-03	-4.577463130187237744e-02	-1.239885331951803317e-02	8.570308942532040009e-01
9.156875257716848848e-01	-4.227994673003428704e-03	9.311082232552284621e-01	-2.199913751166632236e-01	-9.994257948391320479e-02	-1.511287769104522997e-02	2.931654468837699978e-01	1.122148160557891128e+00	-1.055776012005034403e-01	7.543014635251582556e-01	-8.071604133107566914e-02	1.444603453763734890e+00	-3.143079891829542866e-02	4.185335635704506840e-01	-2.526781872265246656e-03	5.206423327218291375e-01	-1.233289719464821799e-01	6.519805439371104683e-01	-1.484322498522644140e-01	-1.630597038683525256e-03	-7.269817191026396730e-02	1.890378331560235714e-01	-6.379887776871071003e-02	-5.989229588992024678e-02	3.197483504664754284e-01	-2.753958682974663036e-02	1.976024736941991433e+00	6.403009675513483545e-01	-9.742697051907921180e-02	-4.074695002675526173e-02	-5.513985918623852400e-02	-4.034568614611627746e-02	-8.913709706036947178e-02	-1.289938563910307534e-01	1.109118517311280305e+00	9.281188659979499045e-01	1.160740478274531418e+00	1.367075937431204924e+00	1.127127901867124526e+00	-9.213247241287432499e-02	-3.839090461799966186e-02	5.643931358200952042e-01	6.091798340207938978e-01	-1.834711478853713260e-02	4.994261744953770732e-01	1.389389711696223495e+00	-3.714390961567388266e-02	-1.335329775537229258e-01	-9.121728127147367415e-02	-3.874652912330048965e-02	-2.936714699850770730e-02	-7.388706406465565812e-02	-1.394506805761558388e-01	-8.849729778293053892e-03	-4.769243450719723443e-02	-1.257642704756277256e-02	-1.375755667043007113e-01	-1.441843469172471026e-01	-1.364468094131548181e-01	2.131369318887219033e-01	-4.993438715572610237e-02	-5.093303740089168141e-02	-2.172749924932500937e-02	-6.430134054888538009e-02
1.029618621951357005e+00	3.681454593634676531e-01	1.250842442677072841e-01	-8.161579143431832439e-02	-8.570039324790966473e-02	1.328497114297118920e+00	5.884054903252233792e-01	1.523432964168999648e+00	-1.130241814143314594e-01	6.886740628008531928e-01	-5.470495768261197933e-02	4.862157866682234042e-01	-9.460181296515768334e-03	7.145525643615437961e-01	3.862303273490058642e-01	5.491154477897662867e-01	-4.778022249155264994e-02	8.817453286774703525e-01	-1.238044254608307582e-01	1.200625817063855960e+00	7.668305385468316970e-01	-6.711883636627760663e-02	-2.819157694928656893e-02	-9.693590728881281912e-03	6.998608638182781672e-01	-7.430206840552644812e-03	1.773238505863086178e+00	2.069818184003183958e+00	-6.670883310474097494e-02	-6.229120509215968493e-02	3.468004799065239896e-02	-6.465008775582896383e-02	-7.931890586420477229e-02	-1.142232163515272403e-01	1.156621525683476648e+00	1.010886510789589021e+00	1.377394336439810241e+00	1.443330708381760363e+00	9.382592153498098275e-01	-6.815900891379432502e-02	-2.029388944527438926e-02	1.017641729986591859e+00	7.301159071654962640e-02	-5.695280167774149221e-02	1.032210506081093104e+00	1.622109437179222180e+00	-5.014413901384315829e-03	-9.864447825378414025e-02	-1.007491878968086174e-01	-3.213183399389753225e-02	-1.924320620245453112e-02	-1.657558004701222346e-02	-1.100108501639167485e-01	1.167943899774380734e+00	-3.766889152863397289e-02	-3.764155772557322560e-02	-4.332257329331241219e-02	-5.425310502604061696e-02	-1.174631118560187648e-01	1.014777091084059668e+00	-2.552621272028887667e-02	-5.858247738808345512e-02	-1.289183136807616967e-02	-3.773834339258839553e-03
6.657196503205778937e-01	2.491732410963324540e+00	9.789111135105968975e-01	-2.405576529551073546e-03	-8.981308344438904134e-02	7.473214613632407355e-01	1.214727638987473712e+00	1.672491436529855768e+00	-1.623506126216816559e-01	3.440486026210094472e-01	-4.035769219494808602e-02	-3.814866543009746286e-02	-1.437955494665063387e-02	9.335688558359467315e-01	2.412395013047143877e-01	-4.121242073310082965e-02	-1.334546997059308238e-01	-2.167768058691268637e-02	-8.997920560676575530e-02	1.205749129602099012e+00	2.549255019496330377e+00	-3.378322297807217350e-02	-2.840408538035073260e-02	4.390119915438565057e-01	-4.016302892746838500e-03	-2.297878052289038797e-02	1.671761404009085794e+00	-2.125726837662630583e-02	-3.683479576132812905e-02	1.813671659172658157e-02	-1.003377352251143620e-02	-1.023407170330282168e-01	-5.180226182973914767e-02	-1.185552467913225522e-01	6.569349443060740201e-01	1.707585973763585674e+00	1.509808235394603848e+00	1.250118487013127222e+00	7.914903313867118761e-01	-6.137245165578720379e-02	-5.485225262854374201e-02	8.978483872369429353e-01	3.052497698287947592e-01	-4.143866769840512387e-02	7.433633501668740484e-01	2.051863160121681684e+00	4.587333715178241178e-01	-9.730928684567421993e-02	-9.565682206392699116e-02	-3.401122527809696122e-02	1.282175816729922910e-02	-1.386865724417035532e-02	-1.399374587482493382e-01	8.525579471141315757e-01	-2.983493087692172183e-02	2.006638096733509791e+00	-5.710477835510309463e-02	-1.367739786036115401e-01	-1.174808048984842812e-01	1.250331279924004280e+00	-4.285588928893540456e-02	-3.923339899816107035e-02	-1.091821762949342529e-02	2.595033035964088519e+00
1.541178315125934395e+00	1.407442136066822780e+00	2.817659382888943465e-01	-2.524605872699310898e-03	-8.297880213064580401e-02	6.115059877174050529e-01	8.235967250504068193e-01	2.042939141843855833e+00	-1.158740651906248614e-01	4.768255411890087170e-01	-4.564574110617595354e-02	-5.584809391053492666e-02	-1.134435879312004417e-02	1.439152066996804535e+00	6.163564169549703431e-01	1.166980339089245394e-01	-9.880682511365923570e-02	8.654683826025089122e-01	-1.264830723583704741e-01	9.287298061769615476e-01	1.697421963079312479e-01	4.592084104436981035e-02	-2.165092377745720525e-02	8.777420652008856017e-01	3.205088885218898564e-01	-2.197205550166677485e-02	1.784653127653712756e+00	-2.159040547005946012e-02	-8.299702938243030959e-02	1.637627560980745578e+00	1.020112612987848777e-01	-9.908502140383318446e-02	-8.455690466333262711e-02	-1.324403613977079563e-01	1.164619393172720452e+00	1.630626870667119643e+00	2.006934507264351186e+00	1.465804990139913055e+00	1.078921471475845051e+00	-6.991005419203005777e-02	9.674326319679840136e-01	9.646675975992732299e-01	9.243146318947974560e-01	6.572137607869240616e-01	1.179525245566653613e+00	2.248248437566606750e+00	9.686824249104527551e-01	-1.145054351073795662e-01	-1.308824580909743462e-01	-1.967488888508547862e-02	-2.295188904026562032e-02	-3.356248499457712559e-02	-1.184684337341804367e-01	1.657567314065612196e+00	-4.260885561132157773e-02	1.468373032741649542e+00	-2.786614409265990647e-02	-1.806289492028289867e-01	-1.135715589012832316e-01	1.695182307636642571e+00	-1.720265640938683713e-02	-4.810434727185729231e-02	-1.253236144451154964e-02	2.114287787182310419e-02
1.559689245106031574e+00	-1.821903760834765393e-02	3.071911740064773522e+00	-2.609001936485836337e-01	-6.849992046691262548e-02	-1.990919454760767607e-02	-1.830997421517589763e-02	7.994073689130414273e-01	-1.232469137186120028e-01	1.386837619951414968e+00	-6.974757300512718361e-02	1.940355764168013808e+00	-3.876383459630444034e-02	3.857231744486951386e-01	3.089097900552483789e-01	1.102709699383500608e+00	-1.638679706118966739e-01	8.459481102457551138e-01	-1.416605471912552316e-01	4.513799104590089928e-01	-1.410632873134404497e-01	7.080777281527382838e-01	-5.468218212193747679e-02	-9.861661918287692452e-02	2.213461701106028023e+00	-3.444795873146815762e-02	1.370424342579654953e+00	6.124508024266688277e-01	-1.069445463236518151e-01	-5.209406179158929812e-02	-6.887789847938512178e-02	3.252949835117085464e-01	-7.545474342783685395e-02	-1.148418565540677005e-01	9.158641432138563410e-01	7.688948387769901915e-02	5.775726531232416860e-01	9.671161251265758541e-01	3.697705656499126747e-01	-8.729826149055991413e-02	-8.621617124997664472e-02	3.619016924228408705e-01	5.296650632190804675e-01	-5.073398719581827254e-02	-4.478873921937972982e-04	9.529176975929871674e-01	-7.635111399550113809e-02	-1.440055997071069127e-01	-1.470096102794741233e-01	-4.052072763216187784e-02	-2.821551838678791960e-02	-5.502479322922571719e-02	-1.100207180685626313e-01	-1.054070487301303344e-01	-4.407696135713232849e-02	-2.415041106105813781e-02	-1.286686611615561471e-01	-1.343955299455275032e-01	-1.330185392181110204e-01	-1.037922204398265651e-02	-3.048486876331071502e-02	-4.820617557087036875e-02	-3.735735485217235585e-02	-5.487148085312938683e-02
1.039859288865071285e+00	1.684049229128439462e+00	3.408010310585479763e-01	1.829910692591838250e+00	-8.483659165821182124e-02	4.290171247870029347e-01	3.950713004750515678e-01	1.427684917622127125e+00	-1.707022326511498100e-01	7.426190293590706482e-01	-2.217646148139299986e-02	-5.337728014830726148e-02	-2.132275811863972026e-02	1.054444759658089037e+00	1.279059251623233751e+00	-1.891319690668794018e-02	-1.451701512563086105e-01	-4.824326508929452362e-02	-8.088186074652678470e-02	1.099783273624552304e+00	2.337218908707819676e+00	4.150282343463707613e-01	-2.343034056066255547e-02	1.006338795422723476e-01	2.907995568042207601e-01	-3.409267058385237470e-02	2.341534259108322580e+00	-8.683707561667344810e-02	-5.352789383013397545e-02	1.178510576819870925e+00	-1.947911967138528724e-02	-1.730525193376573623e-01	-7.907723062127185176e-02	-1.014009345362464620e-01	7.821473215914174215e-01	9.910179909730715275e-01	1.794588188900396286e+00	1.026719608142873996e+00	1.150477569650687037e+00	-7.025288333394454077e-02	1.350825891384153543e+00	8.263891559570371026e-01	4.113272155470170111e-01	9.005896689672845401e-01	7.409368590410793098e-01	1.394001984098159230e+00	1.628643736840174494e+00	-9.428989209639250524e-02	-1.094077138641637859e-01	-4.552610823810688406e-02	-2.921536178885784235e-02	-4.535237859891318168e-02	-1.445864994003311643e-01	1.082338269562153954e+00	-3.186439940688137740e-02	3.117367614715638169e+00	-4.203322408195587362e-02	-1.584731824436794168e-01	-1.304195730464832448e-01	1.057900232604279456e+00	-3.740860508913457227e-02	-2.477847284219594770e-02	-1.645434872397173384e-02	2.313900495856412221e+00
1.698340972344039024e+00	1.630669949730535473e+00	2.592154814458168532e-01	-3.294322425022155887e-02	-7.771034733406113892e-02	1.477532342687548905e-01	8.070433665871328266e-01	2.104829702288075310e+00	-8.716857952377657370e-02	5.620331732920078593e-01	-4.577496702662230132e-02	-5.625437367401669997e-02	-1.193977147006735316e-02	1.409283254697068388e+00	2.586775756584134833e-01	3.994664437924211331e-01	-1.097983674591607173e-01	8.592109682755750821e-01	-1.370202440255361143e-01	3.222517774620449749e-01	-4.882843153967084820e-02	5.494699472038229171e-01	-2.482272059600435302e-02	1.236750505386420285e+00	5.504118607366432769e-01	-2.328208928766748592e-02	1.279134498213412519e+00	-2.778926562593578981e-02	-9.435489055492829458e-02	1.832539068724939435e+00	-5.325751011875463382e-03	-9.873237926539733811e-02	-8.254065384835586328e-02	-1.408661380855708301e-01	1.544436162293073345e+00	1.906253593888135756e+00	1.933743925625512672e+00	1.317652108321914373e+00	9.857983441408725289e-01	-7.082390997917094311e-02	8.945838677038406850e-01	1.063974308499340937e+00	1.041461806639830900e+00	4.916278506769420908e-01	1.220407773389690531e+00	2.417537551131664131e+00	4.385541507273086337e-01	-1.201670410226871599e-01	-1.303659455801972900e-01	-2.039410459526681471e-02	-2.013693594501505049e-02	-2.721524207270147738e-02	-1.147997112841595557e-01	9.771545221421065186e-01	-4.560462139304170825e-02	1.530681064993918206e+00	-4.205005277105815231e-02	-2.118697196944510086e-01	-1.074631564837389974e-01	1.432530843440083856e+00	-1.376378601254809111e-02	-6.100132041933690324e-02	-1.293512793965700611e-02	-3.607526048376584644e-03
1.544358703500479324e+00	1.095220389670109595e+00	7.856675066990841394e-01	-6.732740764189852622e-02	-8.814247734976432547e-02	2.993090348417861701e-01	5.562704242757616768e-01	1.879903870166908852e+00	-1.259596120192693069e-01	6.446388092415152871e-01	-5.446017154760923740e-02	-3.094367614999823934e-02	-1.246641933724167151e-02	1.189301094384566548e+00	6.877930740347891758e-01	1.698735283992232059e-01	-1.267946813364425884e-01	7.931843072273214723e-01	-1.376883070491412842e-01	8.712334131224899192e-01	-1.891672186620745738e-02	4.497765784420212354e-01	-3.535721332824011409e-02	4.044972800864493068e-01	6.867830641138401582e-01	-2.673077591704584033e-02	1.583386583238266976e+00	-2.533188561064215680e-02	-9.494238935110102529e-02	1.131939355881226739e+00	-1.790149610226988638e-02	-9.387915907090201018e-02	-8.791949709365101673e-02	-1.396576676010132800e-01	1.115214308353776662e+00	1.479360863375706714e+00	1.829921358058595127e+00	1.557965045116383118e+00	1.193260763349391240e+00	-8.114573117680684566e-02	3.792622115522137904e-01	9.232420566060419720e-01	9.241304105893264342e-01	3.763276221229577279e-01	1.001448717746510120e+00	2.072023821991600290e+00	3.395460916237111881e-01	-1.298440872753915121e-01	-1.479364157162368076e-01	-2.474995304489982159e-02	-2.436374104975421589e-02	-5.044854792789187081e-02	-1.312409533353268432e-01	7.436800209217030444e-01	-4.868697330153485409e-02	1.415100994419121960e+00	-6.433358618242566995e-02	-1.858214702529735196e-01	-1.277407593912456563e-01	1.063164085273110571e+00	-2.728283953410655036e-02	-5.009169053469921667e-02	-1.632723347057314991e-02	-1.269924522498563912e-02
1.587024172161836555e+00	1.449674414854335236e+00	1.354770736572504797e-01	7.012697154379009534e-01	-7.760628790091683715e-02	6.046665936065278579e-01	7.814550829899244988e-01	1.957519283248624120e+00	-1.188482713046116884e-01	5.558166047542029142e-01	-3.134552658634157107e-02	-5.795741374153862147e-02	-8.876188248210591103e-03	1.391380397001972247e+00	5.994245033880318818e-01	3.138050408899026866e-01	-9.909265800232001931e-02	4.628877388437813156e-01	-1.125111924839315714e-01	9.061277692958998875e-01	6.094756894744816078e-01	2.806914538182124219e-01	-1.739645403501375448e-02	6.849912063395403594e-01	6.090241723747797931e-01	-2.491761304866409524e-02	1.997741346981009913e+00	-3.004129868935691630e-02	-7.573560639392327987e-02	1.581570452913775959e+00	-3.305991517269121511e-03	-1.154859650843534508e-01	-8.188408990421662537e-02	-1.211710847539524682e-01	1.181890311082864020e+00	1.468711708069647681e+00	2.004575181428478459e+00	1.320266354634942463e+00	1.110713678862036424e+00	-6.921786926565128006e-02	1.455853341779078214e+00	9.765413258652250184e-01	9.119208220487607930e-01	7.601173890268423383e-01	1.059464583192161857e+00	2.051394666324851901e+00	1.358750777056956682e+00	-1.084682673297687333e-01	-1.250962914308780538e-01	-2.825773867644042897e-02	-2.551484489310452963e-02	-2.973618918589509760e-02	-1.151699183234563550e-01	1.325688784314100754e+00	-3.949586345561456602e-02	1.677151015841350068e+00	-2.563514779387437992e-02	-1.672304592990618011e-01	-1.103335522748841169e-01	1.676625963526288121e+00	-1.800086658906264320e-02	-4.579356597965538594e-02	-1.386917369140032268e-02	6.327971349143189927e-01
-8.991095076346379555e-02	-9.598495324571776344e-02	4.657163259853115411e-01	-2.853303255634244140e-01	-7.180938669711937894e-02	-1.222776275810305291e-01	-6.717251392396779430e-02	-9.208151640184909781e-02	-3.563491719203924768e-02	-4.998914683890261397e-03	-7.840277299270236033e-02	9.456697182389199874e-01	-3.859167670202893335e-02	-6.452406261150360478e-02	-3.935342794030695021e-03	-2.973359352822325941e-02	-1.553573540736093161e-01	-6.935910464946994092e-02	-9.262985526354444721e-02	-7.565317833633478095e-02	-4.651732486829190244e-02	-2.473764762787773741e-02	-7.156876980126734844e-02	-1.210974396651680607e-01	-1.758285300900944148e-02	-4.925881814469448144e-02	-3.686027935226933450e-02	5.708883433965989546e-02	-5.572517285949533938e-02	-1.365281491126622004e-01	-1.057642058298425836e-01	-4.961274780578529137e-02	-4.379972581320300262e-02	-3.359790806651580253e-02	2.808050097752071150e-02	-4.692954302769437869e-02	-2.228652948899133637e-02	-2.194110148683015363e-02	-5.355128058049505755e-04	-3.653643448365998664e-02	-1.163571024128247644e-01	-3.537076463090035872e-02	-3.249933601669181132e-02	-4.080891226033848962e-02	-3.338745206772698176e-02	-7.772489947560377865e-02	-9.715225967540505603e-02	-3.473714185660421033e-02	3.966791693413603270e-01	-2.807568434205474223e-02	-4.669608135607460769e-02	-9.928824717759174301e-02	-1.126213785013594759e-01	-1.038450752583356257e-01	-2.175925983173618641e-02	-4.377749291953765554e-02	-2.143052126988742034e-01	-6.819844291498693145e-02	-9.178442045776825930e-02	-1.677755959576615608e-01	-6.514601613900633525e-02	-5.706956759132605916e-02	-4.422913636103294882e-02	-6.722927737047112995e-02
1.284982303650225477e+00	9.281606721666089133e-01	4.633838609137123088e-01	-7.656061104614356183e-02	-8.855391782464405726e-02	1.005419156734679742e+00	8.819947157156660111e-01	1.813072255190999904e+00	-1.095356890614843509e-01	7.262474452268586900e-01	-6.360711746764474706e-02	2.060068388743060419e-01	-1.730821799449184031e-02	1.067013439650847273e+00	7.388868706900811878e-01	4.579445313629503245e-01	-5.595267143073140437e-02	9.543196622765930393e-01	-1.308370262058812239e-01	1.131044231954350998e+00	-7.214672663276880567e-03	-4.024863290983021064e-02	-2.391308699761002590e-02	1.883640304903631546e-01	1.995670495747191575e-01	-1.521111311637315770e-02	1.794887391156029910e+00	1.127974095956161715e+00	-7.710727383213801522e-02	-6.913989647484192723e-03	5.114543054895703822e-02	-6.730502684205300068e-02	-8.674706049034801303e-02	-1.290223603772152061e-01	9.848558161475061690e-01	1.225235582365894471e+00	1.572899148782006984e+00	1.701423891252914711e+00	1.073548093740876119e+00	-6.983223239210294142e-02	-4.533510709446270971e-03	7.852342950787755127e-01	5.145375310823055992e-01	-2.660727077777584257e-02	1.041248014442247793e+00	2.067947841120869601e+00	-6.741000361587052431e-03	-1.106251451100490751e-01	-1.206848369673989285e-01	-2.624033983612701279e-02	-1.878396185122815920e-02	-2.368074883086818821e-02	-1.234904174344750583e-01	1.455067970502928576e+00	-4.211258745628199129e-02	-1.482180805977347134e-04	-3.489536555351765990e-02	-1.063149054181648928e-01	-1.219917549686583003e-01	1.202201678155876419e+00	-2.158520446005601084e-02	-5.706802765293157026e-02	-1.306613203112553211e-02	-8.608173490777849129e-03
1.558283018400661746e+00	9.109732151157725610e-01	1.014162146836726341e+00	-1.363264516304463492e-01	-8.436859435345356317e-02	3.887707978991288282e-01	6.587612615661802007e-01	1.704210250251933179e+00	-1.241523021990018349e-01	1.071715235444546943e+00	-5.893378943772172029e-02	6.947629940210653388e-01	-1.776343314851857799e-02	9.063291313656458570e-01	4.176134765379784786e-01	5.956186231237330375e-01	-1.070216320123748566e-01	9.744541779226205680e-01	-1.353141759020168589e-01	8.643253135216625305e-01	-7.888893699654823954e-02	-1.408244023593683419e-02	-3.248867088426341670e-02	-1.806796089727659427e-02	8.136695634843822411e-01	-2.489756953600879771e-02	1.733065401814871009e+00	1.517557394824222694e-01	-9.536305554154832220e-02	-8.280754785236413631e-03	-3.272890430101897674e-02	-6.421982181114237187e-02	-8.981493046810651304e-02	-1.237508777872194932e-01	1.005305573057527102e+00	1.042328885853337272e+00	1.478340740586725488e+00	1.731971514222056863e+00	1.411228581441703156e+00	-7.988881306175962815e-02	-1.397076072740874482e-02	6.241481580530389150e-01	7.377644746765621431e-01	-3.932279513845794369e-03	6.164179353162979602e-01	2.042011323572828108e+00	-3.632780085556631261e-02	-1.304598028918097230e-01	-1.568389898740577271e-01	-2.878694595194890640e-02	-2.252149066785028714e-02	-5.474225258483492174e-02	-1.308206432400023655e-01	3.811634416782121171e-02	-4.958057598845165559e-02	6.747405057751543200e-01	-6.534828745355271418e-02	-1.338900153063155851e-01	-1.348990706629820402e-01	9.313196394204487083e-01	-3.209416036022896129e-02	-4.342835895391813222e-02	-1.461598504094199433e-02	-3.875279168107875760e-02
-2.136564514105951038e-02	-2.575011335116882474e-02	5.314568094451588287e-02	-1.705541939043109800e-01	-1.209398282970746141e-01	-5.318650677127249871e-02	-4.562972392812313788e-02	9.174541839061953197e-02	-1.207250986286228650e-01	3.885739778070765316e-01	-8.029537038960622708e-02	7.551069065262381308e-01	-2.424027894205505254e-02	-1.455515603684775887e-02	1.194068918157276782e+00	-1.066771240492546055e-02	-1.552548430629121234e-01	-7.204558971366710474e-02	-1.381068488015503026e-01	-1.672644824293689422e-02	1.434578110726773881e+00	6.612253871860341858e-01	-8.527671140879385103e-02	-3.190758798305839972e-02	-7.746416898412962840e-03	-4.028824208281431285e-02	8.249985407379921698e-01	-1.309599078215335777e-02	-8.687367891660020824e-02	-5.967440012870493110e-02	-6.540478214002413970e-02	-1.432152227148774659e-01	-9.037950567976275884e-02	-1.184905288086367803e-01	9.671634539436504419e-01	8.048537196284399897e-01	1.153529512579483551e+00	7.498274114352527775e-01	1.090808269891312410e+00	-9.466928680998445977e-02	-4.354388954190668154e-02	7.933557560177434409e-01	2.002651444195521213e-01	-2.392890285649663940e-02	3.836000255650868218e-01	3.164950020570379552e-01	2.067863093488001569e-01	-9.739008607016294561e-02	-4.055170932801797912e-02	-4.717815234565045368e-02	-4.674820617791049238e-02	-9.283497045219966937e-02	-1.698782610866290677e-01	-2.722672468648614647e-02	-4.302111914011168964e-02	7.803971419507906848e-01	-1.927270616962797889e-01	-1.664316831897813820e-01	-1.435296796813513298e-01	-7.271625588053504119e-02	-6.501246289632350850e-02	-6.553407416222264970e-02	-2.849111237787237474e-02	-1.954834169196256310e-03
1.545534951245980171e+00	9.375775000399620973e-01	1.222557552746973419e+00	-8.780366321446413103e-02	-7.916316489123480238e-02	4.141738231040639207e-01	5.428783150807365843e-01	1.780861432965399560e+00	-1.251132895508924869e-01	6.371263973698131355e-01	-4.687212398619328146e-02	1.116673006366705745e-02	-1.064379282133712419e-02	9.933669760068239984e-01	5.693415009489141143e-01	5.396504014092398105e-01	-1.243940946202984899e-01	8.964230344163681696e-01	-1.335167700895724119e-01	1.056757717791577678e+00	-3.892590822114842808e-02	3.431572623193695493e-01	-2.985800366518454388e-02	-1.096125668579692007e-02	1.200362510060321464e+00	-2.482688299410864760e-02	1.627632536494302284e+00	8.927062262389512393e-02	-9.053845996154186171e-02	5.161694829820944186e-01	-2.416536486379008628e-02	-7.533631938809255690e-02	-8.295803651019020841e-02	-1.276287970972148078e-01	1.271259448104003598e+00	1.139159640739376478e+00	1.643756827339425186e+00	1.504100183322320428e+00	1.305992560933443736e+00	-7.961097851031880002e-02	1.671480190859785386e-01	9.399870776756915625e-01	7.959670142271271231e-01	-4.508543378167155090e-04	6.627923612729090808e-01	1.950664027000255540e+00	1.538250666149252877e-01	-1.301033073172807308e-01	-1.567092449416638833e-01	-2.593352288737811942e-02	-2.452260395470826776e-02	-4.569962536759224203e-02	-1.180318355132504854e-01	-2.309417827505329691e-03	-4.613804830819769054e-02	9.849657761048539184e-01	-6.299182662098726238e-02	-1.509625042154133234e-01	-1.283104389561178782e-01	1.224143101175309445e+00	-2.083863495463268711e-02	-5.050766494381804528e-02	-1.693990658241845831e-02	-1.740457769020680931e-02
1.758772863081961457e+00	1.902430323005014579e+00	7.790094954389941151e-01	-2.366153208136267515e-03	-6.768046319575318770e-02	7.670072785019476092e-01	1.271660791514756639e+00	2.035365921070909412e+00	-1.255765010537668591e-01	9.635389789743558087e-01	-3.581281820969793583e-02	-4.693044241672464367e-02	-1.424866855857063845e-02	1.327406826226660952e+00	1.918252247959202628e-02	2.851610827309993268e-01	-1.116181589245191785e-01	7.460612018884982266e-01	-9.996281436222440031e-02	9.805390956609749686e-01	-2.026533893649958701e-02	-5.243086095402120332e-03	-1.332731300772295110e-02	2.806024209111976919e-01	7.444448764385867001e-01	-2.274832686181541344e-02	2.096427418063591563e+00	-3.121897240162722562e-02	-6.628656086704211303e-02	1.048328963551390602e+00	-1.313394593337344381e-02	-9.060113094629322628e-02	-6.851550309692662488e-02	-1.167038112529206195e-01	9.561108943455355336e-01	1.525728167260553159e+00	1.696865736066265340e+00	1.392998809395211923e+00	1.102272626666005229e+00	-6.319405147982683213e-02	5.233926210140367186e-01	7.743181610259879388e-01	7.343928177822225400e-01	2.123796572538010907e-01	8.474903573408082424e-01	2.317739719458540737e+00	3.424165766358362450e-01	-1.141435443154051460e-01	-1.446557858624353265e-01	-3.276051142700955876e-02	-1.449381029856891719e-02	-1.980265549066191275e-02	-1.163360153677142211e-01	6.857146223734885693e-01	-4.244594163087750394e-02	1.461727928794074538e+00	-2.588230071146844016e-02	-1.372541810301821652e-01	-1.099686468300514058e-01	1.644611093628759901e+00	-2.759228931260837570e-02	-4.197521968946051063e-02	-8.884546384334170502e-03	1.343857389981328865e+00
1.854624000393905847e+00	1.301791956477747370e+00	8.791376938163932009e-03	4.972109562904867275e-01	-6.806302225524882288e-02	4.436538483924134524e-01	1.069315946737052325e+00	2.046222172443279863e+00	-1.145791513520165450e-01	8.893871280330686302e-01	-3.237939924645412415e-02	-5.742641553973722862e-02	-1.112616949309757665e-02	1.342281922132472660e+00	2.815639867211063851e-01	5.184123223634646838e-01	-8.546191741025016553e-02	6.196466197976771006e-01	-1.041170823597146883e-01	5.984736961588356108e-01	-2.407055924259877619e-02	2.768124923070266474e-01	-1.674967307824630144e-02	2.544476835456758179e-01	6.832884957295162209e-01	-2.246249806817286754e-02	2.518224814604403061e+00	-3.558452804522524437e-02	-7.871565260732402147e-02	1.405547811099536970e+00	-1.243027097714828264e-02	-9.968585854708998661e-02	-8.683166562211953876e-02	-1.118292795721124722e-01	1.293158238605811583e+00	1.318234123554937742e+00	1.885911806538263846e+00	1.405710638828950421e+00	1.320419414043888073e+00	-6.885059760028007514e-02	2.040592202773848118e+00	7.439972108884126412e-01	8.476611186838559631e-01	1.166829369868149557e+00	1.038580202180402479e+00	2.069079126157734372e+00	1.223756336472652695e+00	-1.100747989443435354e-01	-1.337221801720271663e-01	-3.503940058726004447e-02	-2.884625666487712278e-02	-3.444445444386486782e-02	-1.121221142334848930e-01	1.260507345658023359e+00	-4.176891858367421523e-02	1.411949655320327679e+00	-2.486279547789310013e-02	-1.463683857541741573e-01	-1.088260656718337549e-01	1.874996680624867684e+00	-2.371113593244641299e-02	-4.255299164773399673e-02	-1.304183232962894366e-02	3.163361871294283478e-01
1.223594666148653420e+00	2.199064339521020983e+00	9.103217564686245655e-01	2.807378306362806608e-01	-8.493433359954591366e-02	8.488625121069884871e-01	1.182595191335394480e+00	2.023710291396997540e+00	-1.464142564825414716e-01	4.835482832387524854e-01	-3.825805366523810092e-02	-4.571566173933367533e-02	-1.497552394216354783e-02	1.357721576833070376e+00	5.293951259436506795e-01	-2.143077828044158417e-02	-1.119948222468883509e-01	3.139951996395191625e-01	-1.034029661714440801e-01	1.402095395251516941e+00	1.315284071094855234e+00	-9.206671827228866609e-03	-1.734368327874839452e-02	5.908866527344024400e-01	1.200300284309100129e-01	-2.593910281260411801e-02	1.839766223265637990e+00	-3.250106926662028189e-02	-5.371802182799983311e-02	1.081015077723987305e+00	-3.111464321088417990e-03	-9.431032822737148158e-02	-6.391055359205913278e-02	-1.237689391237995623e-01	6.520459558424753777e-01	1.666741320221626577e+00	1.770083483839359539e+00	1.512258168339370767e+00	1.002778107983328448e+00	-6.100068910094844782e-02	-3.686806769495510217e-03	8.477752328536000137e-01	6.214803932570626133e-01	1.443519612345802935e-02	8.949863324738016601e-01	2.223669289324059051e+00	6.951367297628749942e-01	-1.079117309987113055e-01	-1.250663026380222642e-01	-2.424906318368739988e-02	-9.968589994657234971e-03	-2.599264065850726002e-02	-1.300702901100898035e-01	1.320538730003870898e+00	-3.572606316841107216e-02	1.951907441583395242e+00	-2.897113469443251405e-02	-1.545387508848713454e-01	-1.129019021425408109e-01	1.590109266633179308e+00	-3.020707140899390672e-02	-3.985820921362075858e-02	-1.307614580164792074e-02	1.427469836721467100e+00
1.171919976633516214e+00	2.246897840530658108e+00	7.041311704803921989e-01	1.089150931132758293e+00	-8.700292182079699677e-02	8.076454624463835774e-01	9.233581006409246061e-01	2.083344741272399325e+00	-1.402808096150161554e-01	3.014349695864458889e-01	-3.594706765027460421e-02	-6.550519295723160329e-02	-1.874953150367617699e-02	1.458412596973150732e+00	8.565973095860160980e-01	-3.379448421142322578e-02	-1.146840232582540947e-01	-7.340081938297468188e-04	-1.051566205735482429e-01	1.355025317815313324e+00	1.688824723355536461e+00	-3.318504257030568602e-03	-1.616007510162882285e-02	1.005159713970405821e+00	-4.749609968181640017e-03	-2.516443020960723587e-02	1.614038425284359590e+00	-4.563145005956659173e-02	-5.423889881360242221e-02	1.564458853836987462e+00	1.255512231462899420e-01	-1.196574933378243000e-01	-6.552008080591477379e-02	-1.248577392477018960e-01	7.308618605615844199e-01	1.763749226940149128e+00	1.794915559905049252e+00	1.314162242171199368e+00	9.334177675074034619e-01	-5.771131930689068351e-02	2.457271916022441549e-01	9.886851997179227913e-01	6.268608617738066213e-01	1.607766971150627888e-01	1.089927897445391647e+00	2.173744899746973935e+00	8.709390643945824628e-01	-1.000415742869172064e-01	-1.133129376215043782e-01	-2.041811685629586065e-02	-1.010538066507828993e-02	-2.272284079491799016e-02	-1.340683588052923592e-01	1.660774159209835732e+00	-3.270866580801744250e-02	2.376580227275672197e+00	-2.013472216572241222e-02	-1.770073032961207160e-01	-1.140394917129350233e-01	1.451827910564937429e+00	-2.525507273804748071e-02	-3.986413457002825622e-02	-1.186245380620106274e-02	1.702120161789871133e+00
1.717116674265019682e+00	1.658571467946414746e+00	5.839252733372992665e-01	-6.661066745546684494e-03	-7.803878068121233857e-02	5.116869461972919364e-01	8.950648735736215222e-01	2.091472132121222405e+00	-1.137845598700142485e-01	6.655518781398200856e-01	-3.982536084723035247e-02	-5.509013390611768035e-02	-1.466069947586032263e-02	1.525518359324935735e+00	4.670235963432618487e-01	2.240487273875480523e-01	-1.079499869120565947e-01	9.221689945356896789e-01	-1.197941268894015115e-01	8.350850751864705712e-01	-2.095679566390941384e-02	4.366701338061761417e-01	-1.945594228733539197e-02	7.305168133326707114e-01	5.193705425929261432e-01	-2.406622647734292866e-02	1.917920362038766147e+00	-4.390704015908702962e-02	-8.123906202036168533e-02	1.896367411845989448e+00	-4.979732031991744058e-03	-9.434241069836803162e-02	-7.874589622930271149e-02	-1.285439555976955195e-01	1.024529968138657265e+00	1.607297717949695448e+00	1.861455593512704176e+00	1.500045245845635700e+00	1.089847894809174544e+00	-6.644572596608847026e-02	8.764563531783329253e-01	8.268987816268339452e-01	8.734606726687439426e-01	8.079437828103496200e-01	1.002169673578081843e+00	2.227423338967233324e+00	6.244408329271241564e-01	-1.194172503073415714e-01	-1.391874521757552052e-01	-2.216291529801619684e-02	-2.103144049262042903e-02	-3.831758017336178712e-02	-1.173313721660568937e-01	1.277130831039527292e+00	-4.554226305171317490e-02	1.771543024597600047e+00	-2.527790865461711570e-02	-1.868261225890309185e-01	-1.096348049734507807e-01	1.595418794225652359e+00	-2.230208514103611261e-02	-4.372034606867380296e-02	-1.357645054709072721e-02	1.697037122505722639e-01
1.404915661714673636e+00	1.520160090448074763e+00	-1.505519927998296347e-03	3.508024496822020333e-01	-8.420008887014537868e-02	-4.562293638934814162e-03	7.041011531042111748e-01	1.760671079739282385e+00	-1.130880653891665616e-01	7.446063086838092815e-01	-3.852512963404201851e-02	-4.552255075024119746e-02	-2.192263166517020162e-02	1.201277058529508723e+00	6.338904774397065012e-01	2.468464396236596248e-01	-1.159272062882169274e-01	-1.191057352772290599e-02	-1.130791802983184685e-01	2.140561240061570891e-01	-9.200223833572858737e-03	7.527420908731350391e-01	-2.560711271975383424e-02	6.515825086051544313e-01	1.722399476640541216e-01	-3.255943309251023432e-02	2.114641665501694412e+00	-6.958371494888565545e-02	-8.257984065730228362e-02	1.552105824341463824e+00	-2.525647026602648518e-02	-1.354699675562503203e-01	-8.896430745826505726e-02	-1.209622077100559884e-01	1.296993434171503701e+00	1.441135448604309754e+00	1.896563145289192898e+00	1.179145255729282527e+00	1.244745940207653945e+00	-7.445771127982842019e-02	1.755962509141901995e+00	7.987966226822784677e-01	8.436750997812779707e-01	1.119373449222637928e+00	1.007001971247415195e+00	1.876921905520082756e+00	9.820035806007434420e-01	-1.096310719381868859e-01	-1.086085630827564458e-01	-3.919365653137987099e-02	-3.129375661450689572e-02	-4.625806356046322648e-02	-1.378136833397606287e-01	1.028519463369387488e+00	-4.227602202824117666e-02	2.243764797497647123e+00	-5.422250188249096159e-02	-2.000525914391054205e-01	-1.187218544789874625e-01	1.220879060615293943e+00	-3.048349498055606330e-02	-4.839755888545542450e-02	-1.863061461730029442e-02	6.479804247173424070e-01
1.882067386064841807e+00	1.591345642761966772e+00	5.924468289087116979e-01	3.671937024434289709e-01	-6.920282442916907140e-02	5.522555292044853958e-01	9.472494188387965419e-01	2.080604233060409758e+00	-1.208864173356319904e-01	8.376982281334107716e-01	-2.919409157200290178e-02	-5.414749428821236110e-02	-1.090038354837367073e-02	1.426435203826087017e+00	3.699203991466419317e-01	3.580211825263836523e-01	-1.138995680209842210e-01	7.648166436357870523e-01	-1.062712213999385813e-01	9.540076993924921922e-01	-1.758213906485666875e-02	5.297941034752583489e-01	-1.633519108994337110e-02	3.442492877545225149e-01	9.226360446658101733e-01	-2.599179752355238945e-02	2.133859577289645149e+00	-4.873789378307638587e-02	-7.597469114548235924e-02	1.726518233655569778e+00	-1.404835053935809229e-02	-9.970393122659700069e-02	-7.662933488130400927e-02	-1.175103191558149046e-01	1.044991120964443798e+00	1.440525852853226985e+00	1.822789060542353567e+00	1.411310090579096288e+00	1.272767752009183129e+00	-6.750430809308460844e-02	1.286139448091976112e+00	8.315352801494381163e-01	9.242708850081680083e-01	8.748437673899215339e-01	8.883646376641863851e-01	2.150613651325830933e+00	8.672412586090316733e-01	-1.175897516479043337e-01	-1.468630640104240936e-01	-2.841727791252103563e-02	-2.360843915055993447e-02	-3.657792610101504027e-02	-1.129511744253924171e-01	7.855541862867223557e-01	-4.395362005314601417e-02	1.794187358531071030e+00	-2.543451641379807990e-02	-1.602376017948036191e-01	-1.094277506061139826e-01	1.631530953250079019e+00	-2.312753250387956580e-02	-3.885167828606932161e-02	-1.118191870631729881e-02	6.421495589271567495e-01
2.842546640920229351e-01	-1.581875449471216791e-02	-5.210766605521129080e-02	-2.682071211945389888e-01	-9.954552639887910559e-02	-3.785126367147868820e-02	-9.311103696657926920e-03	4.007492565743848711e-01	-3.899586196745882805e-02	1.271699288913911152e+00	-8.461314313919392205e-02	1.893893427361780457e+00	-2.065072614970298731e-02	-1.568742534563819305e-02	-2.610748234530287787e-02	2.010688809820190048e+00	-5.203952077119921443e-02	5.451147761219522492e-01	-1.425626629091587549e-01	-6.469638753489609373e-02	-4.268336747601699649e-02	-1.680010630245978159e-02	-7.176424158363717276e-02	-1.506535285845901628e-02	1.396294731033818626e-01	-1.516493274009734354e-02	1.066525667926906173e+00	1.373835262748366093e+00	-1.071132048480139404e-01	-9.122683102544421052e-02	-5.588811393295049085e-02	-9.466510887722863477e-02	-9.790493425274954253e-02	-1.253268553853265355e-01	1.981427055367359191e+00	6.239367486420869247e-01	1.080482805852678307e+00	6.852091257729682194e-01	-1.367685803830431639e-02	-7.953577931039945703e-02	-8.714566360765538255e-02	4.449379325008692154e-01	-4.876214346024135803e-03	-5.078610664057307822e-02	7.991124703711368626e-01	1.297136632564705350e+00	-4.255340250492507803e-02	-1.075643354225341575e-01	-5.543320913400835021e-02	-3.877668676558775063e-02	-3.743732572128168068e-02	-3.517290432086613711e-02	-1.112284100476401000e-01	2.615955306799785385e-01	-4.705264719052008882e-02	-4.515792908260339578e-02	-1.392706443842906538e-01	-1.660867928778619051e-01	-1.128480859125927382e-01	-1.004799930674401404e-02	-5.431459869442577248e-02	-8.006869544978659214e-02	-2.774366207634214668e-02	-8.881336376708787173e-02
1.668207483523339585e+00	1.190041240585719917e+00	2.372413158579695369e-01	2.069497384544979335e-01	-7.603615339941119378e-02	6.403219822077574896e-01	9.797590694981095361e-01	2.001432587407833363e+00	-1.171624951989766461e-01	6.743852312407386806e-01	-4.178636500839092577e-02	-4.445424909139402553e-02	-1.153280248393164474e-02	1.279254678250450361e+00	6.153452542104889122e-01	3.092390231554734692e-01	-8.435971007276785172e-02	5.675470104929285498e-01	-1.163574440194457410e-01	8.888009931175462341e-01	-8.728585035382752794e-03	-1.416581769066906820e-03	-1.725933730178813574e-02	4.140434690968632370e-01	5.169544046123180081e-01	-2.126618253651230833e-02	2.037376741767438215e+00	-3.625041392634968662e-03	-7.846351271519495796e-02	1.055744779524098620e+00	-4.390422850227060358e-03	-9.931403641440200714e-02	-8.689730907858089770e-02	-1.208518790246991825e-01	1.210432624684796288e+00	1.415499301581203628e+00	1.940616473009612930e+00	1.428380537375298909e+00	1.275392945846547388e+00	-7.167410717161276645e-02	1.516865249132458571e+00	8.865859750877589374e-01	8.801870325049009347e-01	5.379608800553228320e-01	1.134580261988001659e+00	2.103217034666630791e+00	9.760262912150957648e-01	-1.086235944502091794e-01	-1.286250390834547674e-01	-2.982004609582798726e-02	-2.567417967541761603e-02	-2.395636083218429663e-02	-1.180606494636715492e-01	1.280036640992698205e+00	-4.099401687181059017e-02	1.062054649945966434e+00	-2.989597622524586135e-02	-1.386873976841795364e-01	-1.157982634908357455e-01	1.611144998971106412e+00	-1.715590529794496638e-02	-5.184473474383014674e-02	-1.297487748761127178e-02	3.998777038017625740e-01
1.280068270108873030e+00	2.044899936981026123e+00	6.077790096607781356e-01	2.093511038788994583e+00	-7.414034270449562647e-02	7.774609083053941605e-01	8.915830612634234598e-01	1.813966709750285400e+00	-1.606267807478247434e-01	6.997595049614812046e-01	-1.509068205043538960e-02	-5.332603860100222637e-02	-1.905500825646040328e-02	1.223607905057741529e+00	8.685511702562548342e-01	-1.741909167081102244e-02	-1.223206223591045277e-01	-3.329564025081258039e-02	-7.415726153883393790e-02	1.380252009711236960e+00	1.801266966382379042e+00	2.184168183887504888e-01	-8.522147857155826234e-03	1.639503015205430181e-01	4.848674432061782502e-01	-2.771659830754270165e-02	2.441838580894581501e+00	-6.474099051894385837e-02	-4.144162454925842676e-02	1.100772986100875261e+00	-1.004400434935784348e-02	-1.453492913728583191e-01	-6.507229445731303741e-02	-9.527862587336201339e-02	8.669570871072180829e-01	1.281871611709550551e+00	1.780289027733162222e+00	1.064269825315032447e+00	1.169863747690162548e+00	-6.151094016218162930e-02	1.290844719475565006e+00	8.612692717250989283e-01	4.370998055398047644e-01	5.207821230896176878e-01	7.611912224214033573e-01	1.749402095621898523e+00	1.686421171625821058e+00	-9.195917004619159896e-02	-1.205511123531581713e-01	-3.961233567207354811e-02	-2.285122382151309750e-02	-2.081999491315565318e-02	-1.263571231750943991e-01	9.217450488248758456e-01	-3.021314583238046692e-02	2.565878429878563072e+00	-1.941232941609593796e-02	-1.364381718190655068e-01	-1.137316865646266079e-01	1.794011619350748266e+00	-2.556401012518862842e-02	-2.750660211828875185e-02	-1.355940538800849172e-02	2.525484492564516792e+00
-8.287986189014287519e-02	-8.792189145709231046e-02	1.018437883297803465e-01	-3.317230245919246534e-01	-9.049501258936369641e-02	-1.242393621105189888e-01	-6.019687994743198184e-02	-8.561890777697739319e-02	-3.448000927511089830e-02	1.801801497910114069e-01	-9.265215198075897607e-02	1.101647108148430476e+00	-3.656678487002928274e-02	-6.447678466196325731e-02	-2.769364717824180158e-02	-1.381416753430021738e-02	-1.766617562534795460e-01	-3.855504687131888070e-02	-1.057071043996680448e-01	-9.131141559535933816e-02	-4.391212867585012752e-02	-2.143002095669880105e-02	-8.772048288972182639e-02	-9.604675740809907880e-02	-1.226727188770061761e-02	-4.478338637298728137e-02	-3.538233478652870467e-02	-1.177190919250526747e-02	-6.639307522858881039e-02	-1.347209901526203457e-01	-1.114780946486997881e-01	-9.016528986775852739e-02	-5.503413499948630466e-02	-5.123075490663765719e-02	1.505772367440626480e-01	-2.780789392020501655e-02	1.550520210914603791e-01	-3.021918018322963806e-02	-1.874003334291080361e-02	-5.424277379102566271e-02	-1.502179273440943930e-01	-3.365812660795822892e-02	-1.312230042151236314e-02	-4.431723951346434875e-02	-3.869568101104071955e-02	-4.732421521749593379e-02	-8.885921011588310270e-02	-5.966575973439165737e-02	5.557780557232361307e-01	-3.155867086617224204e-02	-4.791246513773428362e-02	-1.000324655161129034e-01	-1.139218612977795919e-01	-1.045044163647592950e-01	-3.424007101570081257e-02	-3.760033352958194741e-02	-2.436626067614459934e-01	-1.167068425250308850e-01	-9.460431418021354733e-02	-1.550436098515097783e-01	-8.194973661539790843e-02	-5.147322240672532606e-02	-4.516656920392006502e-02	-6.425350210729620370e-02
-8.589410479553583055e-02	-9.365789868024447518e-02	3.796204034884552714e-01	-2.619240079604935878e-01	-9.127181630832265080e-02	-9.034333920939535689e-02	-6.390052446373596651e-02	-8.035956230306566528e-02	-4.370760807951062227e-02	-9.535128570380290228e-03	-9.558412188628599704e-02	1.008158894592619426e+00	-4.740725221256793936e-02	-5.661404808410168410e-02	6.951893842851719629e-01	-3.559095376426658214e-02	-1.127969684234224890e-01	-7.017288189116720198e-02	-1.011206094188032145e-01	-4.671633832671050202e-02	1.882509040331504790e-01	-2.964565223926277776e-02	-7.438636827952223307e-02	-8.622264088906458901e-02	-2.292316154871057790e-02	-4.321189833963050980e-02	-4.591525334875978109e-02	3.822362835459421904e-01	-5.012676075309147050e-02	-1.371094221591973028e-01	-9.043156361555310108e-02	-9.110592632301413307e-02	-5.208430906700291241e-02	-4.384140044607170300e-02	-4.679351582288508206e-03	-3.657275879795220813e-02	1.044159912716525473e-01	-1.551062162933523371e-02	-7.264858167579270679e-03	-3.884219342298819017e-02	-1.320412452483399335e-01	-2.334145349274446141e-02	-8.735984577027044659e-03	-7.929807593043501635e-02	-2.598318149585019179e-02	-5.728067899494776460e-02	-6.782574927653314822e-02	-4.684619706419929780e-02	4.878649654217132037e-01	-2.696019075083645397e-02	-4.864826851923362283e-02	-8.359993844278884589e-02	-1.128442767907972544e-01	-7.722390092238416714e-02	-2.463740826505799245e-02	-6.160645160521648761e-02	-2.120115586848877187e-01	-6.630286036756584400e-02	-9.448424650121178825e-02	-1.655999500572908345e-01	-5.877242970947264139e-02	-5.897205787564894358e-02	-4.371281237591008451e-02	-1.970225789569469976e-02
1.842524195475253146e+00	1.275933914396186308e+00	4.131038398445718296e-01	-4.004948191725796885e-02	-7.542004635816532132e-02	2.016575562090741347e-01	1.024453042015488258e+00	2.023302759702854559e+00	-1.065698016695193900e-01	8.624935609108852486e-01	-4.280699762810764170e-02	-5.057014516817243122e-02	-1.247696007266758597e-02	1.289762838530105871e+00	-1.575991317939659953e-03	5.100416893361325865e-01	-1.144847084108807922e-01	9.731220990194828779e-01	-1.214058759383517816e-01	4.607535704558263223e-01	-5.300093543172822164e-02	5.760762071589708988e-01	-2.764091716998600887e-02	2.307610110736894038e-01	7.978697480377434648e-01	-2.657040519000497536e-02	2.078690124026822073e+00	-3.629725858528540933e-02	-8.883669228649698768e-02	1.380147973008075013e+00	-2.357733172453984130e-02	-8.725361437360533434e-02	-8.429800871463008494e-02	-1.282803039793688760e-01	1.190765831150581544e+00	1.512033134234402665e+00	1.849907149206752921e+00	1.432773718737770929e+00	1.192912701389689856e+00	-7.555482527787305003e-02	1.145947964183995804e+00	7.404596371983616088e-01	9.413398399067408606e-01	8.103336828627515365e-01	8.732473452203464159e-01	2.198000875036687507e+00	5.817562597959264892e-01	-1.256564287937799174e-01	-1.363621851469527801e-01	-3.380933066880938836e-02	-2.606721364881817507e-02	-4.276717804201694145e-02	-1.160336391793087008e-01	7.470465851317593664e-01	-4.863139530857802512e-02	1.288474495624818639e+00	-5.251794266002837719e-02	-1.727337916109222549e-01	-1.114812821285443151e-01	1.476667176776878421e+00	-3.115647629580025474e-02	-4.840837961935748335e-02	-1.557369351522314149e-02	2.271555155884470018e-02
6.498400431321988968e-01	5.740560692964804534e-01	9.422613441859767347e-01	-2.089940389245615107e-02	-8.442654913550570739e-02	1.419724374692199254e+00	1.397443496991047085e-01	1.017458539430578845e+00	-1.673747518427300685e-01	4.081791141119838762e-01	-3.709882815178514731e-02	5.260923339940256627e-01	-6.531961198671067635e-03	3.711307089212341759e-01	1.099186017298050544e+00	1.464027086909196751e-01	-1.043063772312409904e-01	-1.008289475054178173e-02	-9.834520795870554943e-02	1.975795925072139747e+00	2.689410822470120088e+00	-5.756126208496324670e-02	-3.099520279399637507e-02	-2.904732147803697553e-02	1.099872051514572346e+00	-1.774726239401544156e-02	1.769040314470029962e+00	1.361246746444241706e+00	-4.401598776194807355e-02	-7.385971821635042844e-02	-4.150450816938659922e-03	-1.020249702687137799e-01	-6.471555384565250146e-02	-9.775345394592845072e-02	7.647573837221237625e-01	7.482455991145571250e-01	1.346523147322030933e+00	1.216031773154573559e+00	1.226725904510957088e+00	-7.342366803041908141e-02	-3.928301504349632212e-02	1.382025221463958564e+00	8.831463937836528388e-02	-7.308985870932453721e-02	6.260781985725809573e-01	1.124996315983203488e+00	6.184279359243481933e-01	-8.923647611768838195e-02	-1.044998393694245853e-01	-3.473676019063391684e-02	-2.001400800063415919e-02	-2.040642478212860433e-02	-1.226691575990975225e-01	3.120118034374549237e-02	-2.908053857650023596e-02	2.197429797904746351e-01	-6.243406440883695480e-02	-3.608323460311463338e-02	-1.356328801924161775e-01	7.136099497721288820e-01	-1.885402542039655086e-02	-4.058240926253536829e-02	-1.030271901626444130e-02	1.640865589147884496e+00
8.720527673664902890e-01	2.032783756472885450e+00	1.012542463907273982e+00	3.726700534709745938e-01	-9.301893207553112164e-02	8.008514162220322641e-01	8.037799961991389797e-01	1.705289923534486496e+00	-1.657009510729005319e-01	4.736601324977746663e-01	-4.003895896876927957e-02	-2.892262233751864350e-02	-1.587826588502652334e-02	1.064190025720458621e+00	1.067791214671998556e+00	-3.545124688018665843e-02	-1.367016867794888790e-01	-2.016826647179466650e-02	-9.883366278497274227e-02	1.559066759150355086e+00	2.334615334334069203e+00	-3.119514016778669047e-03	-2.527097948393590074e-02	4.473826269660163835e-01	1.317160267796403383e-01	-2.408876486077291337e-02	1.607515692298193466e+00	-3.465876610071193936e-02	-4.993718760853431415e-02	5.859644949673491476e-01	-8.885019042313797508e-03	-1.301853504877008849e-01	-6.426877543443391960e-02	-1.228267339473312209e-01	6.948033744532667866e-01	1.473178414902813982e+00	1.693061495489396995e+00	1.281752491893540791e+00	9.012338527795843435e-01	-6.702784296891221849e-02	-2.702009407414237424e-02	9.429855874609536226e-01	4.244864135811315942e-01	-2.206584910935507904e-02	8.782110168570572695e-01	1.938718480721508541e+00	7.312213727945456876e-01	-1.047933500975388593e-01	-1.181038360868515852e-01	-2.855974858266174116e-02	-1.145647341128186794e-02	-2.277268733476613474e-02	-1.434789773180534522e-01	9.475822017364251559e-01	-3.435686666696520508e-02	2.317833760971437673e+00	-4.720684773253224636e-02	-1.546641577665854861e-01	-1.265024267037615224e-01	1.053782839497436674e+00	-3.484492125989609862e-02	-3.891046893984976413e-02	-1.392532857037349220e-02	2.166869712893535471e+00
1.065212358878424137e+00	1.350182196469403850e+00	3.580811024270320053e-01	1.834214571926755077e+00	-7.633071262498493381e-02	1.148444143580234167e+00	4.779577118960885440e-01	1.536825929366239185e+00	-1.564953266271208177e-01	2.503166585564639002e-01	-1.769716610178361307e-02	-5.549464250017262928e-02	-2.439175913039233218e-03	9.467891984566865204e-01	1.042547701531584936e+00	-7.277178909914025669e-03	-1.153056691965542030e-01	-1.991756515583501322e-02	-8.632149058678068032e-02	1.630156810910429410e+00	2.756023638529069508e+00	-1.281898901332775842e-02	-1.487736129005292306e-02	3.121632808278844706e-01	8.582362814286328412e-01	-2.486499939472741963e-02	2.079028110041041710e+00	-4.922450622933065463e-03	-4.362717424648211717e-02	5.074205781216499789e-01	6.257544243731769096e-02	-1.393156357776179077e-01	-6.769213296261662738e-02	-1.020404353840889677e-01	1.048124962664223947e+00	1.252090586579470255e+00	1.829301318043040636e+00	1.090540356675944622e+00	1.229052776228150679e+00	-6.874035379084651731e-02	1.081336480260329802e+00	1.327896010848924169e+00	4.611720172027883313e-01	-1.124361180361210496e-03	9.821224595549858938e-01	1.535920172302113640e+00	1.879749444100166089e+00	-8.894524773162981734e-02	-1.095178973024458075e-01	-3.663739296114562616e-02	-2.357043723120070752e-02	-1.871017599016022367e-02	-1.181945577345617782e-01	9.636437587568493779e-01	-2.819933295087453592e-02	1.632026399305419595e+00	-3.346218898517303031e-02	-1.067088278547317082e-01	-1.172612289438587918e-01	1.576330571757468935e+00	-1.308123254134784322e-02	-4.045340354656337678e-02	-1.228334360203717918e-02	1.965746261564246700e+00
1.733173852052712460e+00	1.178572158666978842e+00	1.980479521945300581e-01	-3.713530526961211775e-02	-7.837788011382514075e-02	5.281531238280235963e-01	9.785715482534360632e-01	2.005574379759030634e+00	-1.077926630710228095e-01	8.249624430498997407e-01	-4.887123808850923901e-02	-4.980143641422675460e-02	-1.206212967829535174e-02	1.364299934803286929e+00	1.770655106151469704e-01	4.276806769944773712e-01	-9.247086133425026777e-02	1.216981316370638444e+00	-1.224748109288570364e-01	6.277723574043373445e-01	-2.902945361628843368e-02	1.038011716261770523e-02	-2.567632313813415779e-02	5.416765025951075785e-01	4.652024102041584230e-01	-2.108450450194605114e-02	2.016527677830568521e+00	-1.694256119495148732e-02	-8.869806998098826722e-02	1.379521006709388375e+00	-3.748438170318439677e-03	-8.687424993807831008e-02	-8.570900934853445396e-02	-1.290517410296561085e-01	1.110877669871051410e+00	1.572867610986277365e+00	1.919020686769894679e+00	1.486237135481855542e+00	1.013046769811083214e+00	-7.224467615297951173e-02	8.536216969186893877e-01	8.032384630520514879e-01	8.954566557812115857e-01	7.008060974157586109e-01	1.094204946812599388e+00	2.287422599020855873e+00	6.308988543026193829e-01	-1.198821146454311093e-01	-1.341952874579001309e-01	-2.685532897971330824e-02	-2.423167451455667670e-02	-3.314586554092470438e-02	-1.134655670413801110e-01	1.429197560861485972e+00	-4.611836194886546197e-02	1.090974794945266391e+00	-3.534491754163440053e-02	-1.634220053567574382e-01	-1.110796863960464287e-01	1.652614642129844436e+00	-2.588224482601589674e-02	-4.732216145018939418e-02	-1.367285663994852705e-02	-7.090723697494399208e-03
1.481724611710713679e+00	1.540592398796495122e+00	1.339850913380023767e-01	4.586835955129157094e-01	-8.364648463167063952e-02	4.946570224166308982e-01	9.262704216914039446e-01	2.098890837106260232e+00	-1.112875990010755989e-01	5.213824631051195979e-01	-4.236170247871808014e-02	-5.137838061674600276e-02	-1.482904466655539204e-02	1.391973373167687766e+00	7.466051738955040706e-01	8.595699428383403451e-02	-8.447572139715830986e-02	2.812794223251665615e-01	-1.200856205314165676e-01	7.674549974577408173e-01	2.905650338301344338e-01	2.292885087369760932e-01	-1.798031238927362205e-02	9.596261364473382960e-01	1.842203634587493144e-01	-1.951167582278830886e-02	1.844062421965927401e+00	-2.355832767225471761e-02	-7.787232481892569780e-02	1.469398306164108048e+00	5.471091765993703337e-03	-1.162936028138984307e-01	-8.382058732861634442e-02	-1.269371434582367009e-01	1.293692157382479557e+00	1.601065765485082837e+00	1.980472015341197878e+00	1.320905308976325410e+00	9.961528246288994248e-01	-6.701756361754587776e-02	1.267866138260703490e+00	9.523230134944336012e-01	8.068978006911728951e-01	5.289050949097940935e-01	1.294829510267084594e+00	2.194498064015791616e+00	1.056338754815664860e+00	-1.073349796212579865e-01	-1.190904059220490308e-01	-2.411799336872347613e-02	-2.194338319011932339e-02	-2.036164089505867331e-02	-1.238472297050286219e-01	1.601692477904612222e+00	-3.950370345489982726e-02	1.608183083873274022e+00	-2.637445502810002382e-02	-1.808309524899210374e-01	-1.123392697678535918e-01	1.614258168319558484e+00	-1.736384325809831736e-02	-5.382423678181516569e-02	-1.504818509217131610e-02	5.587960423920507180e-01
1.707272205748539884e+00	1.184111115518954760e+00	1.385281956685072036e+00	-1.503616856517104028e-01	-8.565607573566241806e-02	-1.831912644893143177e-02	9.318449333918399358e-01	1.661789044869863785e+00	-1.041479070474791158e-01	8.862275029404552695e-01	-6.025935343313287840e-02	-2.025958191038128992e-02	-2.135756977785224775e-02	1.167698110522911836e+00	-2.217719066102942158e-02	4.661525478807866940e-01	-1.713091746675318439e-01	1.196457976360848940e+00	-1.395598100352150039e-01	-2.387349191225015188e-04	-1.164503653561705793e-01	9.793256543652644197e-01	-4.502333210915142325e-02	-2.658682255140108058e-02	8.019223627303144752e-01	-3.488265894347997859e-02	2.157140048234098550e+00	-2.724875138868039851e-02	-9.565506796143341539e-02	8.801504199564116337e-01	-4.395782656719438714e-02	-4.946932256052776616e-02	-8.051773140943725704e-02	-1.403186889491846168e-01	1.117029888970348273e+00	1.706239863331841411e+00	1.596527556737618703e+00	1.417364344555628763e+00	1.050244728314307929e+00	-9.384034355258212556e-02	8.751642823303523722e-02	4.704016627212598278e-01	9.462568418940595638e-01	3.487494358087188662e-01	4.645631750061181564e-01	2.099388780233537588e+00	-2.290542063207950171e-03	-1.477578586975343833e-01	-1.363469957826724255e-01	-4.387196717550088249e-02	-2.627276368806675741e-02	-5.209109020147310171e-02	-1.254754755346206285e-01	-9.933449463488815481e-03	-5.698823229992657641e-02	6.590373219388346859e-01	-1.082105002873100519e-01	-2.043685819115914626e-01	-1.157398993268281551e-01	1.287350249731296303e+00	-3.543992027158155561e-02	-5.220627234788990934e-02	-2.057607668113332205e-02	-1.405525263735618070e-02
8.663961475896890807e-01	6.136400402501955842e-01	4.701558583872788438e-02	-2.341534070530882083e-01	-9.754454959751122922e-02	-1.172251794588873887e-02	8.002267250133310306e-01	1.105239123618868335e+00	-6.818157537034828797e-02	8.829498148776805388e-01	-9.062411159873902389e-02	5.974195931033932094e-01	-2.085533201975374451e-02	5.083496422660704894e-01	-4.321779081196023414e-02	8.261764287491177861e-01	-9.834917498724064788e-02	1.198594452066757077e+00	-1.591816965652218530e-01	-3.093316666536361642e-02	-7.005061604534236486e-02	-2.111521065906040232e-02	-6.389499209631151200e-02	-5.216567177119975016e-03	-7.766975752217692179e-04	-2.877138025680523598e-02	1.298174360286970197e+00	1.156690990948349596e+00	-9.554880035385386605e-02	-4.048521672126320636e-02	-3.917718782863026383e-02	-3.410095796906885413e-02	-9.064675832303871472e-02	-1.489103712454045714e-01	1.354836086878070223e+00	1.577797234045432040e+00	1.343056131108071094e+00	1.547810700258892558e+00	6.496312414976338490e-01	-8.578847243948960199e-02	-5.082539863724832435e-02	6.213390185331624238e-01	6.819785175453567660e-01	-4.205073945305257826e-02	7.300768703425327688e-01	1.871762846541090930e+00	-5.890713591848280306e-02	-1.248251690824032090e-01	-7.048361080126940015e-02	-4.486194532318871220e-02	-1.900780885275705351e-02	-4.819338646238194301e-02	-1.293570839023121810e-01	7.080437915320069164e-01	-5.187241748596383567e-02	-3.374144396533202556e-02	-1.294481044141715942e-01	-1.468939559514859106e-01	-1.135992061511247181e-01	2.621861130128291806e-01	-5.331924844582030393e-02	-7.267736301008123623e-02	-1.787972969341689380e-02	-4.403398354759711919e-02
1.638689087134462596e+00	1.134315004706655250e+00	4.959950698957581450e-01	-7.788866355978558975e-02	-8.008524861714499954e-02	5.038864812088881262e-01	1.045846264774842549e+00	1.912644838868909014e+00	-1.192760083526377413e-01	9.221966956488253375e-01	-5.450591504670994347e-02	-2.138350431361736581e-02	-1.409866713981485116e-02	1.169080369885008963e+00	1.886938121599620877e-01	4.682185650421102907e-01	-9.333268217757069440e-02	1.071602381263737636e+00	-1.293579010553944086e-01	7.334705858350015761e-01	-4.720175214468488867e-02	-1.366458305661602361e-02	-2.754156084575326222e-02	1.392592246314003912e-01	6.075421233353108796e-01	-2.441344119480053435e-02	1.813671089301742700e+00	-1.221090542050016180e-02	-9.183889864674753267e-02	6.450402054862687251e-01	-2.108686715140281956e-02	-7.461967563689839156e-02	-9.050891298526764217e-02	-1.290226544129192132e-01	9.253905528075374587e-01	1.248851945651944240e+00	1.753411870780457349e+00	1.726757920352932185e+00	1.241187497937713768e+00	-7.200666960531816596e-02	5.295380050813200956e-01	6.493460327354666495e-01	9.025256518112829696e-01	4.303816858419639013e-01	8.092497473134476760e-01	2.177082930020475260e+00	-7.014593852770394621e-03	-1.211201680407289483e-01	-1.391328611137159221e-01	-3.000739171683031517e-02	-1.943273608546930084e-02	-5.037860692679081709e-02	-1.252482062944049179e-01	1.018987697049525520e+00	-4.776211321471587889e-02	1.070029558735565933e+00	-4.747012977602713818e-02	-1.443321219449094361e-01	-1.245197579363364615e-01	1.120394602534811046e+00	-3.851205816632176371e-02	-4.686617950967335994e-02	-1.554582955919613964e-02	-1.688359641747753936e-02
9.476860110770309875e-01	1.545862940421826481e+00	8.701327832600438406e-01	-4.294284985303487706e-02	-9.785136781371753245e-02	5.784897124568724180e-01	4.945873902580469328e-01	1.707976920212477712e+00	-1.364068654362438626e-01	3.969351893688615185e-01	-5.380968577645971890e-02	3.639801987860274979e-02	-1.690297010806492486e-02	1.007374241197057430e+00	1.195458062796654231e+00	-5.013414691745007520e-03	-1.147669298060536025e-01	-4.338450942833601762e-03	-1.281702601352263937e-01	1.202165473293614451e+00	7.754089648374717925e-01	-2.727660685430869422e-03	-2.645009532303299951e-02	8.475928401983566784e-01	2.502920251195656087e-01	-2.313603143933492395e-02	1.365573343730506428e+00	-2.421215822481014284e-03	-7.601175622133871101e-02	3.588650415803203986e-01	-2.572932166554600837e-03	-1.188902054175676321e-01	-7.901745623500455729e-02	-1.342227902779890569e-01	1.339431545894462117e+00	1.570801181146347147e+00	1.930498847246518102e+00	1.357607136810145221e+00	9.346757628970465692e-01	-7.953982559476871494e-02	-2.148878755818254063e-02	1.144199452638431813e+00	6.451671030137237084e-01	-2.929816486149413451e-02	1.127948880125499764e+00	2.148674954909654211e+00	6.404782335895615741e-01	-1.150581535218318380e-01	-1.361461482525795075e-01	-2.229486906144880626e-02	-1.798895051574477336e-02	-1.840594509254444427e-02	-1.386019024692070056e-01	9.008714096417888006e-01	-3.884562036710789701e-02	1.464482071515579742e+00	-5.609747683099385041e-02	-1.903015490177250302e-01	-1.301324467406118623e-01	1.546972985430923542e+00	-1.153506151370634232e-02	-5.729670927454897505e-02	-1.578388458177566386e-02	5.883164775228895138e-01
1.586626042531729952e-01	3.945044034956241563e-01	1.577771253455021727e-01	-6.322695735725188115e-02	-1.169974931526051865e-01	-2.076980918115203106e-02	-2.900813044082767994e-02	4.731711464257447597e-01	-1.571063512230718440e-01	5.842965630147284317e-01	-6.038632667168398332e-02	8.062177428131127588e-01	-2.720464278285000120e-02	7.999369562963873359e-02	1.831277334051658823e+00	4.828893429929011910e-02	-1.610974919732813815e-01	-8.231471257382499962e-02	-1.149324757487918819e-01	3.596344544515488462e-01	2.490697732283781995e+00	7.550851376628212597e-01	-6.627803672788447342e-02	-8.021075218364747197e-03	-9.131690617702977776e-04	-2.776462682567725285e-02	1.581888703124185280e+00	-3.852661646354963582e-02	-7.856288865704087743e-02	-2.826835595565725667e-02	-4.658686653875662720e-02	-2.069341519729379075e-01	-9.192469985437319580e-02	-1.141326485225415549e-01	1.255534701976634082e+00	7.448252837343328769e-01	1.834273466210099235e+00	4.951915345018019221e-01	5.480893806312450156e-01	-1.003588564417025042e-01	-2.158843968016919621e-02	7.702077707658553374e-01	2.556355141108314077e-01	-1.346072402805635095e-02	6.667742497709733263e-01	9.022190838243367983e-01	1.393415103199693750e+00	-1.065796784618358028e-01	-6.517747417295728651e-02	-4.207020484339641514e-02	-4.447742757839184824e-02	-4.761086371081333507e-02	-1.605100515064204758e-01	2.015447851643166130e-02	-3.735351455982861835e-02	2.047985389637433151e+00	-1.433830712332027635e-01	-2.057529311860359367e-01	-1.501573196259804455e-01	-9.007224460396119972e-03	-4.344156511591518860e-02	-4.817597332310280533e-02	-3.088784746848970836e-02	1.257897172699112609e+00
1.222578876238997081e+00	9.305290391638169067e-01	8.352346977963257535e-01	-1.703983414328793522e-01	-1.087459922831743864e-01	-6.417582922968251280e-02	1.045509701228084731e+00	1.557364369766518264e+00	-1.030100257418515158e-01	1.224513227146545091e+00	-7.721200934526412096e-02	3.024266267061629931e-01	-3.769815170861866988e-02	7.867493544899892832e-01	-1.219362783469288107e-02	1.982242142435973742e-01	-1.582127065592337789e-01	-9.787569332277893872e-03	-1.343594050649478400e-01	-3.964441973590209639e-02	-1.109938472712169999e-01	1.634664205673792337e+00	-6.377428182634049814e-02	-4.859370148044493687e-02	-1.501649859803248083e-02	-3.501977456911252451e-02	2.599953762994350104e+00	-5.599339866647875391e-02	-9.900309548548734406e-02	1.430293490547557833e-01	-7.823694710388508222e-02	-7.888413289171329612e-02	-9.097134512519138017e-02	-1.382401177782637824e-01	1.107851476486111597e+00	1.482528664053641698e+00	1.469407134540959392e+00	1.269903567173996661e+00	1.074523727145305418e+00	-1.059791030440456472e-01	2.364078928314256034e-01	1.690578553620679381e-02	7.561056669805950037e-01	6.147232371860825717e-01	5.319036586008698553e-01	1.841955379487793643e+00	-2.600978692249602143e-03	-1.478642873499936561e-01	-1.033536839888207770e-01	-5.985144914697338586e-02	-3.371879333190938577e-02	-6.396168150101655403e-02	-1.602381749878053763e-01	-1.030788108259771130e-02	-5.544772960839851328e-02	1.018811053499315333e+00	-1.524488448574856658e-01	-2.235167094839400070e-01	-1.259936761683552453e-01	6.232614931933373459e-01	-6.714549525860108448e-02	-5.288431278160719146e-02	-2.866711921605604591e-02	-2.380160281324365367e-03
1.396660259684540994e+00	1.436149815691073250e+00	7.633208262164380420e-01	-7.132080260998904797e-02	-8.939355660186222574e-02	4.119705214762108270e-01	9.428075949896739250e-01	2.012460331778381128e+00	-1.172218897746501176e-01	5.805801799596101986e-01	-5.456671523059676565e-02	-5.609983748403875141e-03	-1.500999495571073150e-02	1.134007150263349528e+00	5.598720111254719134e-01	1.987032921730259305e-01	-9.941975892409327109e-02	7.552921262759939580e-01	-1.282494604972612418e-01	9.221027574244002878e-01	-1.764879004125464307e-02	1.745052738753276322e-01	-2.661055078396269355e-02	4.835562345428943698e-01	3.297344448491407176e-01	-2.090215941197188371e-02	1.694876366487850117e+00	-1.385265680015371377e-02	-8.523295377138953577e-02	8.337952479813139917e-01	-1.264010354444176053e-02	-8.554715157782412371e-02	-8.089263995339783520e-02	-1.341082067692426216e-01	1.167099157776972262e+00	1.499935045197667183e+00	1.848143176828146661e+00	1.582594689491586548e+00	1.048432162200053641e+00	-7.343741531799881372e-02	-4.095511163118847019e-03	8.034499381125618234e-01	7.912261506810112088e-01	6.770694340126268140e-02	1.012438063688994472e+00	2.358117162121115662e+00	3.527505096886850988e-01	-1.259636970193920014e-01	-1.423326078698658737e-01	-1.881335498617731777e-02	-1.840358917500956731e-02	-3.260916802737549164e-02	-1.266561274842347706e-01	9.817063963405777693e-01	-4.530024928784875254e-02	1.275018698373397763e+00	-4.870627092711640044e-02	-1.846907074389699532e-01	-1.215590473923143511e-01	1.638944474606390367e+00	-2.320593179076309298e-02	-5.222021772640082077e-02	-1.573460600822507854e-02	-1.254909052594162765e-02
-1.430768155003137206e-02	-6.684930945109721079e-02	-6.668142763648960206e-03	-1.789713865130158621e-01	-6.433201419694133116e-02	-7.440789515049783809e-03	-1.188879192351853381e-01	-4.008587715687433189e-02	-5.467771239278154671e-02	1.299022368258506699e+00	-2.187394173899456090e-02	3.219535824486138509e+00	-1.451879209051202234e-02	-4.337148167430042445e-02	5.541737846092341657e-01	2.846239101596689913e+00	-3.297335707325502185e-02	-1.181262598604054977e-02	-8.336560287482651377e-02	-9.734473127555034674e-03	-2.330961241478212570e-02	-4.117739771703477630e-02	-4.376818019308286595e-02	-6.015826981317245331e-02	2.788279057362038404e+00	-3.268739962650922537e-02	6.821331384756388339e-01	1.332999788703318034e+00	-8.230479996410293431e-02	-1.307459861908538690e-01	-5.534260131920194087e-02	-1.156868549522285239e-01	-7.354301320079269233e-02	-3.404824874080493446e-02	1.681775103353274847e+00	-4.770023220556424137e-02	3.470422483014656279e-01	-2.193949617998014901e-03	2.262489644285908819e-02	-5.345096988457309628e-02	-8.140453473771723514e-02	8.186492063621698678e-01	-2.718907473787213896e-02	-6.594518556420715660e-02	-4.070445265103213479e-03	-2.190025382790322314e-02	-2.775650221426830683e-02	-4.944002773132141759e-02	-9.383342306615412298e-02	-4.111370940363077292e-02	-4.954229996859283586e-02	-4.434305754790113935e-02	-6.210718024956791983e-02	-1.077967542411126384e-01	-3.012058787174074631e-02	-4.705895843554336322e-02	-9.399886371977904387e-02	-6.490991851354141473e-02	-1.101082342810228709e-01	-4.071354146474139360e-03	-7.336404718642719480e-03	-3.764411784336753330e-02	-2.079606199354126078e-02	-6.891194447714063531e-02
1.198572895206528655e+00	1.802870786626009636e+00	8.822981797962620165e-01	1.300928256866045629e+00	-8.223830321954463118e-02	5.292110196617614282e-01	1.762134818555827487e-01	1.533366363676508914e+00	-1.722408551636715746e-01	4.976383638872490800e-01	-1.980326366320927373e-02	-7.009780003787884073e-02	-1.335009515604108216e-02	1.232545784975116021e+00	1.178759959092574139e+00	-2.149235652522791043e-02	-1.787460406571310390e-01	-1.338262206102748715e-02	-9.601149844425561908e-02	1.486480877023881542e+00	2.034228695844499946e+00	4.943663386468419296e-01	-2.370784208789687708e-02	4.447005748821759030e-01	8.195638855287399327e-01	-3.572643842643771078e-02	1.922849968679622101e+00	-9.817887950570379496e-02	-6.288986857541643827e-02	1.772977702854496185e+00	-1.368059260761784676e-02	-1.568457922407409111e-01	-7.154631569312762396e-02	-1.156969948366996653e-01	8.046006985889107010e-01	1.217692654394463059e+00	1.846248861894216553e+00	1.094636585520811556e+00	1.131139989645719268e+00	-6.844025186050940734e-02	6.680747297958580244e-01	1.062631384478434748e+00	5.989354794299145412e-01	8.804252500430579387e-01	7.525060285180976694e-01	1.580533067875831810e+00	1.331554983206983955e+00	-1.082951830763910911e-01	-1.396675813092830287e-01	-2.932946539375570760e-02	-2.567214790118239887e-02	-5.824278914710631638e-02	-1.377135792711825513e-01	8.003088417558648082e-01	-3.696847423917325876e-02	3.284873993965150785e+00	-4.311264891203164806e-02	-1.957806978379857399e-01	-1.302511156495119449e-01	1.162081197652888420e+00	-3.013064990507774085e-02	-2.439354532364848213e-02	-1.714622541242596596e-02	1.637041976838643054e+00
1.220832294227254700e+00	-4.140966030663968157e-03	7.345572785306825336e-01	-8.587378905438108889e-02	-7.380105312763968195e-02	1.141926812806474567e+00	-2.401443858400040786e-03	9.019528831881663544e-01	-1.365639892679771095e-01	1.205330206218048428e+00	-4.173133998069924328e-02	1.333574890817638581e+00	-7.092071120150965705e-03	3.766972675548638794e-01	8.435626146748829157e-01	1.382524972336377278e+00	-9.991507095380901260e-02	5.819906095271858426e-01	-1.152107539239299594e-01	1.385711274014004957e+00	-2.188499533949886389e-02	-2.974411384255143398e-02	-2.707976723036991870e-02	-5.231582514243746790e-02	1.896846704542626494e+00	-2.340599596699116658e-02	2.349854121760478254e+00	1.059177152359777052e+00	-7.843300919605211696e-02	-6.149905587343020008e-02	-2.176432118456647288e-02	-9.153616026658084603e-02	-8.929014143968472261e-02	-9.327908918227467705e-02	1.291003664819490249e+00	3.929587200657759793e-01	1.365165937925555628e+00	1.393976020981117836e+00	1.499738129517378393e+00	-8.824380515292847005e-02	1.243106829292875137e-01	1.183370624557483541e+00	4.213477825871599913e-01	-2.608423026268264291e-02	5.423051548050229487e-01	1.175558019758360828e+00	1.095957074178924712e-01	-1.099087382788569434e-01	-1.580875567080418931e-01	-3.987571310293444582e-02	-3.484584621250980119e-02	-4.404493501220600737e-02	-1.123270627095923208e-01	-2.654570521112107478e-02	-4.377008149187159441e-02	-5.869343199966134753e-03	-6.433850902374521619e-02	-6.263803060402471645e-02	-1.366458549280191170e-01	1.051223048205269572e+00	-1.306616044574587278e-02	-3.941683052892414052e-02	-1.180847689140601502e-02	-8.525413560376907118e-03
-3.408766153316813291e-02	-5.335746631484436509e-02	-1.625257488921577620e-02	-2.419346293190588471e-01	-1.211136098999116839e-01	-6.279247881337758630e-02	-5.800552679086372343e-02	-1.734048974203089219e-02	-9.383977751251910970e-02	3.270594192315794957e-01	-9.430754627409461410e-02	9.998555635923580542e-01	-1.746512536904389068e-02	-4.282890377455528252e-02	7.947842495452545064e-01	-4.543852864556077904e-03	-1.633619770355068113e-01	-4.967947304333356767e-02	-1.456464576606817940e-01	-2.328196654732353835e-02	9.908492216376378892e-01	2.694266901272927145e-02	-9.808581497691570839e-02	-2.775966104745174537e-02	2.250489743828703315e-01	-2.951905521785800138e-02	-1.460895245399654145e-02	2.722890717251067599e-02	-9.437047017675022353e-02	-1.022188711935297367e-01	-8.233438938929497908e-02	-1.761507577878969333e-01	-8.945753766928792039e-02	-1.092223875175135084e-01	1.143483024459778008e+00	4.722984183818343951e-01	1.353143141352828094e+00	1.347055747234395806e-01	4.940404874493606879e-01	-8.992791080718839924e-02	-9.873019505225627546e-02	3.211620823458415375e-01	3.937356794244095126e-01	-5.642841242718165534e-02	7.616783015271194612e-02	3.622763170990148662e-01	-1.768429328276442322e-02	-9.919155742703143763e-02	-1.476864792546242131e-02	-3.687939056434814261e-02	-5.523882492344135697e-02	-9.330779426844644509e-02	-1.498812675279432294e-01	-5.828418335186130728e-02	-5.049375889829376546e-02	8.425074434993479189e-02	-2.284553265259878507e-01	-1.585500302416936735e-01	-1.347657043183318470e-01	-1.071497757329519379e-01	-7.978839279202409873e-02	-6.802628995040932436e-02	-3.023623927229516020e-02	-1.995232199893254982e-02
1.658905114750991450e+00	9.514699545810449965e-01	5.381473326972224802e-01	-1.093007885789825800e-01	-8.590182286007311263e-02	3.430553616004877737e-01	8.778733936260165738e-01	1.856338763350877663e+00	-1.046550869907461878e-01	9.343899629853280597e-01	-5.978334718283016824e-02	1.010060107979180444e-01	-1.632033072275049235e-02	1.140316424063042788e+00	2.063119073736631170e-01	7.472895361850577789e-01	-9.631408074771169447e-02	1.258335242848535707e+00	-1.360887602254539086e-01	5.584742947423730897e-01	-6.601058970106407631e-02	1.198048771559456771e-01	-3.219352902165877051e-02	8.917499989343935507e-02	5.012429812129834961e-01	-2.382472360609934336e-02	1.920787325736141415e+00	-4.559800064000234070e-03	-9.876321417703129435e-02	6.660327188512755736e-01	-2.331028903085004961e-02	-7.340981905238053162e-02	-9.327151901870202322e-02	-1.337381214319335321e-01	1.109884693375448927e+00	1.283733625945597145e+00	1.731285731295159280e+00	1.664262077915944493e+00	1.102662790761276934e+00	-7.890374890231745264e-02	3.318396708934472916e-01	6.469883499736711618e-01	8.949164189997119712e-01	4.034194504643086043e-01	8.054277287247408879e-01	2.231892910767091287e+00	-1.812745549116999639e-03	-1.316689615019348003e-01	-1.385729399537448947e-01	-2.680785713435638457e-02	-2.316125687651322818e-02	-4.926126448709940847e-02	-1.224833967480418173e-01	8.694427781268536659e-01	-4.947861955796716005e-02	7.949669399941853287e-01	-5.602615438113856677e-02	-1.682660579341242191e-01	-1.244441652369008139e-01	1.283989920303761689e+00	-3.086928286255420650e-02	-4.935072532429768399e-02	-1.642133260446165810e-02	-4.495486488101750611e-02
1.588836845889735505e+00	8.922617206818213020e-01	5.994183639048286105e-01	-7.316733471138626987e-03	-7.372142145607402108e-02	1.192336462588175383e+00	1.179090587632243503e+00	1.905696617330620901e+00	-1.307596244595772006e-01	7.119853209559700025e-01	-4.273006712991866268e-02	-3.633003031996204224e-02	-8.990090179208990590e-03	1.173278388688193230e+00	4.236189206261662399e-01	2.102369545699336872e-01	-7.452298650800566471e-02	1.011747101234357737e+00	-1.105057396348819027e-01	1.503369123228720516e+00	2.066822994623888077e-01	-3.645956947203173037e-02	-1.486856492248345846e-02	-4.784003611430564379e-03	8.145963103951034956e-01	-1.891267403027965463e-02	2.213043573782723428e+00	5.181157381022251096e-01	-6.657726488648027519e-02	3.205299840812897982e-01	4.907843174499640360e-02	-7.030045782644329944e-02	-7.987304239536507922e-02	-1.145536389449073739e-01	7.579354162643628934e-01	1.210494835984932793e+00	1.762938131052049329e+00	1.676357335128184189e+00	1.356795072339721075e+00	-6.702273443290131250e-02	8.667038431726137304e-01	8.678947635634334246e-01	6.911916052747164585e-01	6.534764724666471125e-02	9.370530813304044360e-01	2.034608263325949906e+00	7.229009799209878961e-01	-1.055664166826831424e-01	-1.363156812170189525e-01	-3.090351916186059519e-02	-2.266116226622142196e-02	-2.776481255795101508e-02	-1.099001740947657818e-01	1.271233380384712230e+00	-4.087813019847900270e-02	3.125999402230301705e-01	-2.399604167675787811e-02	-8.081537283420724138e-02	-1.168121680525448236e-01	1.697176240625297039e+00	-2.083838409704527952e-02	-4.362662020908728705e-02	-1.344294551658485604e-02	3.578475721474934090e-01
1.639383816105729252e+00	1.497672669554736657e+00	3.982984907950558040e-01	7.301743712998470803e-01	-7.271407195006093782e-02	8.614171884689710845e-01	1.123083166729843096e+00	2.144368770814742753e+00	-1.241123127008816052e-01	5.654824085858769500e-01	-3.386569197235698991e-02	-5.257247976680989171e-02	-9.120727117466424089e-03	1.340008297873900078e+00	5.363786135601976701e-01	1.390713138576199215e-01	-8.269787040659277999e-02	5.538602062653190661e-01	-1.078281254732087191e-01	1.170159084527786719e+00	4.299619153660677595e-01	4.706159091897855334e-02	-1.269415753896888099e-02	4.171243137484260122e-01	6.254784617579522976e-01	-2.157352552982355273e-02	2.090673713545406098e+00	-1.315536454229233529e-02	-6.647001231796362264e-02	1.250543818484165959e+00	-6.725761891229421665e-04	-9.456585320167550102e-02	-7.795050783297791108e-02	-1.160569494878767871e-01	1.055052370641151427e+00	1.457036993187812213e+00	1.906383591894475149e+00	1.476769948845485292e+00	1.274025432807809333e+00	-6.517994610163828362e-02	1.368488036180130374e+00	9.004541638614609322e-01	8.719040265485277219e-01	5.008459917276649742e-01	1.062988353364923366e+00	2.147106638993800942e+00	1.205311942804505820e+00	-1.053506120727078638e-01	-1.307941159068730652e-01	-2.633758080311980956e-02	-2.009506556751205347e-02	-2.154878106779608074e-02	-1.126338203263977239e-01	1.336750076277102295e+00	-3.905308261494743610e-02	1.298477541869347718e+00	-1.854545055138402329e-02	-1.331485039233509249e-01	-1.083519272847513759e-01	1.826902024138024938e+00	-1.851775053320199246e-02	-4.566119238049590190e-02	-1.127470226171473078e-02	7.803034984122169115e-01
1.292795302816195591e+00	1.620004820965241565e+00	7.375154119747255876e-01	-9.985514248544115345e-02	-9.991772031331576376e-02	-3.460791218696201987e-02	5.982269417645091902e-01	1.683122785913577557e+00	-1.000552530763680614e-01	8.092478902874116198e-01	-5.605350360389024789e-02	4.092392747249723461e-02	-2.939661461501493281e-02	1.089429285418426874e+00	3.609428458594601263e-01	3.127140807021446256e-01	-1.621951135775325514e-01	2.830460237515921018e-01	-1.302864108609742833e-01	-2.807407761574485378e-03	-4.769853698229782613e-02	1.676904748881861584e+00	-4.453472000451101642e-02	2.295784728779138029e-01	1.620316881828869071e-02	-3.891596009617481755e-02	1.913622853410738900e+00	-7.930057229319169287e-02	-9.379427913542447148e-02	1.677088694445157291e+00	-4.496083420997178809e-02	-1.093500803375815483e-01	-8.250518952192639754e-02	-1.462927059129407736e-01	1.224914319294887255e+00	1.685192919174794968e+00	1.688079688760620423e+00	1.250492526325806431e+00	8.414406024183893607e-01	-8.708921408987070623e-02	3.644079064384669886e-02	5.541695815376250778e-01	8.565104705520792949e-01	6.002054645574350644e-01	7.365789914205159716e-01	2.130127527913343588e+00	3.395244458804295151e-01	-1.430750261042930682e-01	-1.193080531844812192e-01	-3.596142509661280628e-02	-3.036388556835638991e-02	-5.548389845894170086e-02	-1.450116630581306520e-01	3.152914543379830015e-01	-5.251494602293643732e-02	2.199429832602189272e+00	-9.790169433095367857e-02	-2.632075661351437335e-01	-1.211984292766389443e-01	1.051717770327505352e+00	-3.735334513559571135e-02	-4.996105089252490111e-02	-2.252461432845474440e-02	5.629904894071210975e-02
1.220020380791592585e+00	1.861965506132048809e+00	5.685633901722026984e-01	7.583186072385801335e-01	-8.285355560992749280e-02	1.152354277748668387e+00	1.102752961210261562e+00	2.014347199372963804e+00	-1.404439319543644149e-01	4.272666991605482134e-01	-3.783818738406560106e-02	-5.212917881889084920e-02	-1.301368679332034171e-02	1.386234461798910411e+00	7.446908460172783073e-01	-1.914560400171381668e-02	-8.749205225158791788e-02	4.258645042156204985e-01	-1.018442629271904820e-01	1.583803359404099220e+00	1.828213245942360787e+00	-2.500083263328867558e-02	-1.352268092760219344e-02	6.804199645514986683e-01	1.321693690185829495e-01	-2.035958860957590849e-02	1.825563804660119027e+00	-3.862773220127503800e-03	-5.235679093264412193e-02	1.018850862826192305e+00	2.753919701457978597e-01	-9.939639283288101423e-02	-6.677332764935280107e-02	-1.220076689814566656e-01	6.945565072081391067e-01	1.588873813866955809e+00	1.824718669859383580e+00	1.510451534473870705e+00	9.151618744673927219e-01	-5.818810432395396526e-02	1.760529309020865130e-01	9.871618922898443005e-01	5.682488420560838360e-01	-8.001236754555154582e-03	1.072548089757600742e+00	2.198756074007131467e+00	1.030673048147651594e+00	-9.915761920882490421e-02	-1.207909218920013156e-01	-2.339753287433214007e-02	-1.149742136570985201e-02	-1.173898263539156252e-02	-1.209029268227765769e-01	1.782404574866987002e+00	-3.360777524764229501e-02	1.524765610401980220e+00	-1.130923853463326918e-02	-1.305910561721270458e-01	-1.108167393329153178e-01	1.729793178138967269e+00	-2.031970156435443028e-02	-4.086495038138760610e-02	-1.093251996563726104e-02	1.468673274429315390e+00
1.494337908580715135e+00	1.058900428174567532e+00	-3.520208328883907885e-03	-1.233265218732042534e-01	-9.002116852391044144e-02	-1.290989456700171456e-02	6.102700104347180687e-01	1.706199799314586318e+00	-8.158411202716418786e-02	8.989017588480493481e-01	-6.588946508070626928e-02	-3.224029533394292407e-02	-1.307621241772715867e-02	1.040910267243952081e+00	-2.792552657202928158e-03	8.669989625653220511e-01	-1.206083128368632268e-01	1.069230297972884269e+00	-1.471623222664023845e-01	-1.470292423096957075e-02	-6.408512751217480818e-02	8.969543050016163255e-01	-4.856438948693777430e-02	8.038558916828995038e-01	5.245670803750281941e-01	-3.081576661434460088e-02	1.480531073249933494e+00	-5.027312191223878152e-02	-1.133724572901329969e-01	1.449571082869228311e+00	-3.497725208321629531e-02	-1.035922273774293467e-01	-9.437421852928401522e-02	-1.518663508893272895e-01	1.356361662371660559e+00	1.637695306326335976e+00	1.851749928882624685e+00	1.488553981761842726e+00	8.572448140489205004e-01	-8.426216052582310989e-02	2.039635563643963923e-01	7.835292303361464095e-01	1.076370970501885571e+00	6.795835693182029624e-01	1.026742784982525469e+00	2.207768437708600207e+00	-4.586925038621059852e-03	-1.379893903029657254e-01	-1.241044161574284405e-01	-3.128534681314148330e-02	-2.539488287864327329e-02	-6.165524620446739823e-02	-1.290996790421657936e-01	8.259215070769032607e-01	-5.558953274737482575e-02	1.489222416821028183e+00	-9.190105845710316856e-02	-2.325791709075344937e-01	-1.178679786985018518e-01	6.498027836008745117e-01	-4.357757076798565027e-02	-6.006658630995053566e-02	-2.066452185676056347e-02	-4.223822471247695720e-02
1.298596514571278560e+00	6.890297791195200139e-01	-5.136589437427294125e-02	-4.905228338885513767e-02	-8.024743481751452079e-02	3.821853056495356782e-01	1.044702416416500634e+00	1.496945091916070281e+00	-6.308953966225679111e-02	9.450135978143261450e-01	-5.427847884491913272e-02	3.769909579837457669e-02	-1.341593068219937117e-02	8.104792926280370846e-01	-8.875594260675325614e-03	1.218248153297465608e+00	-3.890929804636960448e-02	6.050562878497667274e-01	-1.290760013574252241e-01	-1.862805444635992971e-02	-2.538049687523329448e-02	-1.782535791886085547e-02	-2.888004759333025542e-02	1.473316076880707981e-01	1.873004885813678022e-01	-2.128142144001745478e-02	2.168498882677021733e+00	1.485959134675640669e+00	-7.967869730435173103e-02	-5.402373725745307845e-03	-1.328925044912057478e-02	-8.122279764033971117e-02	-9.967986239237973389e-02	-1.261578787920607236e-01	1.614098832865759725e+00	1.433732418292246180e+00	1.555030690065925203e+00	1.234826485606685287e+00	9.614923863199938969e-01	-7.527598324157198928e-02	1.735564819123529334e+00	7.966450548152685940e-01	6.080618066068975702e-01	-2.266690855486641620e-03	1.249784974366800583e+00	1.767197229868485042e+00	4.775083674605749007e-01	-9.381632861644893795e-02	-5.688928024552328960e-02	-4.949242067142359952e-02	-2.824779995332658833e-02	-1.174204103958088365e-02	-1.142035083206534990e-01	1.438060588684768604e+00	-4.145383709997630534e-02	-2.629735696143613646e-02	-6.247666661219589135e-02	-1.010639485333179460e-01	-1.058828900844827059e-01	9.387805865342980782e-01	-2.588936773844357705e-02	-7.900030922486417362e-02	-1.661704547693338904e-02	1.121605654310588729e-01
1.301982782556384555e+00	1.176259917181591952e+00	9.925664959613640370e-01	-3.510932262267976722e-02	-8.607059585665591261e-02	9.813816872540496172e-01	9.281637044558546101e-01	1.794059622026022538e+00	-1.429034692744046431e-01	5.269605538845789638e-01	-4.906370725471846661e-02	-1.621016154715169272e-02	-9.564180813767815537e-03	1.090654555582304175e+00	8.603228993724625351e-01	2.208177256271257050e-02	-1.009822228943703798e-01	5.986056299715627471e-01	-1.180344063757534367e-01	1.568782755338044677e+00	8.211766118381054191e-01	-2.474956351051592340e-02	-2.336382752213552252e-02	5.347134891717037625e-02	6.026870725602053724e-01	-1.986135837122186831e-02	1.754105971410095943e+00	3.239931888930583370e-01	-6.984264991810296141e-02	2.298274319011748279e-01	-4.309417085752938019e-03	-8.703143820212241866e-02	-7.593064145713056268e-02	-1.249649398316462628e-01	7.563460924752773984e-01	1.262052967404241111e+00	1.819775947993274245e+00	1.541349342491677987e+00	1.094505776463130298e+00	-7.280375204252742538e-02	-6.511218444344706903e-03	8.448011684216818473e-01	7.242973740344544886e-01	-2.045272805744359490e-02	8.840423971331264896e-01	2.070720832559897140e+00	6.004532800336410681e-01	-1.138675329927314878e-01	-1.367020296669294588e-01	-2.537380607466157081e-02	-1.894520793518327667e-02	-2.264153783375175838e-02	-1.239992172531443893e-01	9.029607829136444552e-01	-4.142966532239262395e-02	7.956396774095711999e-01	-4.547719305021673264e-02	-1.187768593273927087e-01	-1.259481517584634669e-01	1.321987595049733732e+00	-2.192019975541825358e-02	-4.731766702427472188e-02	-1.564221268500787243e-02	7.444352249686037037e-01
1.017208902969376494e+00	4.374958530891649433e-01	1.524505292219114239e+00	-1.283879398517788484e-01	-8.993113422129488110e-02	2.988078389660775991e-01	4.596814637960077166e-01	1.394326761366895706e+00	-1.501133577377239681e-01	5.903435291712100241e-01	-6.123953143659272708e-02	6.288633251599933249e-01	-2.094808972418189461e-02	4.772528871819634033e-01	5.327903375399821728e-01	1.818841572213409849e-02	-1.300466266684001670e-01	-3.809074159289415826e-03	-1.320455632942482416e-01	1.120882246282056016e+00	-1.515269868790358916e-02	-2.641620949049397829e-02	-4.221482295605585855e-02	-4.036287788129482718e-02	1.036192179033420535e+00	-2.485256024138589662e-02	1.598857806813231530e+00	6.532020734799052208e-01	-7.906957253238286465e-02	-6.423984748556597901e-02	-4.001372771614689072e-02	-5.576574295242389678e-02	-7.851016135116332950e-02	-1.179661107463922942e-01	9.869376967492009545e-01	7.908567106870343366e-01	1.326849880805545112e+00	1.292708386379628260e+00	1.397080890687399490e+00	-8.394412425864559990e-02	-3.114896947539828875e-02	9.351512360855549488e-01	5.068015030009641597e-01	-4.648562749569537522e-02	5.350298944876833440e-01	1.459508429042100097e+00	-2.002399168092585530e-02	-1.163979128779119021e-01	-1.230335856900136721e-01	-3.678216484950928150e-02	-2.253535076003029131e-02	-4.924945029386904732e-02	-1.402382692608081516e-01	-2.706958413105203798e-02	-4.071786484983602739e-02	1.148122535262498245e-01	-1.041853720510812209e-01	-1.051541920765983462e-01	-1.421181832546252188e-01	5.017689603935573395e-01	-3.761217345142179452e-02	-5.379188212087322035e-02	-1.910205853522311398e-02	1.742501989025464215e-01
1.796960928631144538e+00	1.057660824958054135e+00	6.529022947872245020e-01	-7.772871822489942073e-02	-8.135884255265900256e-02	-6.885094859895294316e-03	8.468196881742482418e-01	1.671980811419158552e+00	-1.250956303324328722e-01	1.387103994842921351e+00	-4.905554919888180376e-02	-1.278257740264523989e-02	-2.189612053647015111e-02	1.024278073829925528e+00	1.852624274283622419e-01	7.605187315000969672e-01	-1.284924162818904259e-01	5.143968821820474879e-01	-1.152016261771735689e-01	1.594817133517228425e-01	-8.397412560837863582e-02	7.838610564571949491e-01	-3.820611503063156555e-02	-2.907433112740041153e-02	8.339239852438793399e-01	-3.217930602773164811e-02	2.699791074268470314e+00	-6.059158403811450849e-02	-9.521556999512194308e-02	6.464619790881839245e-01	-5.035311998542309903e-02	-9.366742727871707475e-02	-9.355059249428658574e-02	-1.156469097254844425e-01	9.886071537642675544e-01	1.079472797512883275e+00	1.543630437181054083e+00	1.553096332297655868e+00	1.343493442812282224e+00	-8.614902354577912147e-02	1.051252188236599050e+00	4.488132705216314466e-01	6.880983789241920112e-01	1.038525357756284961e+00	5.471342375663685864e-01	1.819088369612073430e+00	1.757618196897804408e-01	-1.303381392663258420e-01	-1.448623921858491204e-01	-4.730562624797600424e-02	-3.094189603822750448e-02	-6.310167973580864398e-02	-1.360018119735079967e-01	1.424705885871737077e-01	-5.332018133111651736e-02	1.496114086844531066e+00	-7.820957553289853426e-02	-1.718731770780674017e-01	-1.288604949540868017e-01	1.085854389591054847e+00	-4.539014934293499060e-02	-3.882309077901617556e-02	-2.008419956807987877e-02	1.738750972781085563e-03
6.918634795555229644e-01	1.979822901306449223e+00	6.517209533389642928e-01	-6.792554041940770948e-02	-9.823249509264014856e-02	5.687562446995245852e-02	1.406651018507588002e+00	1.936702483578362610e+00	-1.141051871429066139e-01	3.256080590197532043e-01	-6.419107560073344931e-02	7.986279890408829463e-01	-2.873471204602504742e-02	8.195394773899624674e-01	5.583194784879410566e-01	-2.443757941651405335e-02	-6.744186383754105507e-02	-3.655470727126026304e-02	-1.190434066679791208e-01	5.346418819000744449e-01	1.507708783232349636e-01	-2.529713029254973544e-02	-2.226429184236970032e-02	5.370260094111674043e-01	-3.953631396848984736e-02	-2.008286961463050246e-02	1.346915811938293794e+00	3.804476759682148823e-01	-6.129650434730830183e-02	-2.385304991515346112e-02	-1.948113801389240660e-02	-8.547500730451930429e-02	-7.439050135035156497e-02	-1.264193761159233542e-01	1.257778599961974386e+00	1.550133115212203982e+00	1.738673391519458766e+00	1.317442948432659522e+00	9.962754133628585196e-01	-6.671342077205109911e-02	-1.199319147542511448e-02	5.758663384154193432e-01	7.447994391265931879e-01	-4.970150733419926442e-02	1.048966305358022932e+00	2.322239317302341455e+00	6.230917327557435742e-02	-1.018565514325631416e-01	-8.151729595896328728e-02	-3.054730643828674000e-02	-7.541501365977813960e-03	-5.764823677871273736e-04	-1.485273777955751773e-01	1.007510575508824502e+00	-3.282905206060831443e-02	9.272112411075138505e-01	-6.649226576253740306e-02	-1.520345724096889006e-01	-1.207093036864904240e-01	1.450469878301199556e+00	-2.743125746842913285e-02	-6.613258037079201845e-02	-1.676248662613546297e-02	1.095704523152788434e+00
6.117083142959267583e-01	4.603297624209852501e-02	6.622875774228038637e-01	-2.359708113523520390e-01	-1.133256054063500468e-01	-8.024310322663917583e-02	3.105364059388842496e-02	8.845800892213714350e-01	-1.075689043494868213e-01	1.011386584112618614e+00	-1.049194705500889474e-01	1.078011395220171531e+00	-4.039758598714182636e-02	6.663864469010047364e-02	8.293702296439673383e-01	1.426193140916160729e-01	-1.621851041635594681e-01	-3.357588743305514600e-02	-1.607220330399009300e-01	-3.322301331095606908e-02	-8.093554638951373781e-02	1.112020296221667204e+00	-8.212040567738093655e-02	-2.957720436251552384e-02	-1.226687784219976721e-02	-3.102238885541522273e-02	7.886197749652070765e-01	-5.666686060589468110e-02	-1.210129852061035266e-01	-2.913157827733232202e-02	-9.358857136996398540e-02	-1.404826495319102253e-01	-1.086726091283171242e-01	-1.420466033522908844e-01	1.374781739469608022e+00	5.328401052847545616e-01	1.608215381720198289e+00	8.634148745535096259e-01	3.908455566029331862e-01	-1.013614716211980599e-01	-4.666066798795789200e-02	-5.902023522608683924e-03	9.245983091675855636e-01	-5.571245226904813792e-04	7.295185383681235258e-01	1.399192385096429847e+00	-4.941708740872356731e-02	-1.448197592705041115e-01	-1.040016105434652116e-01	-3.498979890127872777e-02	-3.872966800279210170e-02	-7.822477095109808820e-02	-1.703020595107459789e-01	-2.373208427996093342e-02	-5.452107376712916897e-02	1.464523489702968861e+00	-1.899570825452739919e-01	-2.466374851167379978e-01	-1.515703045076690902e-01	-6.034090114726117088e-02	-7.821407246967414240e-02	-5.886977116211211669e-02	-4.104155607361448937e-02	-3.650535045513812055e-02
1.360040383160537880e+00	1.573657734522208917e+00	4.942231313780605095e-01	-3.585859004595328553e-02	-7.765726866230597547e-02	1.031854243309676677e+00	9.260127587740993871e-01	1.828307342970411309e+00	-1.227408885198289917e-01	8.090170888030595586e-01	-4.923402488314233133e-02	-1.252846720854691211e-02	-1.202083350244268455e-02	1.071272367357400501e+00	4.010482813668649893e-01	4.962770986434275611e-01	-7.066000750612785875e-02	6.235938055405059188e-01	-1.174063405374700386e-01	1.010134757003315675e+00	-3.677104105217710028e-03	-5.399982322358823361e-02	-1.489912840105385092e-02	6.208990771637640238e-01	6.308382807874757248e-01	-1.558626457356813294e-02	1.773091210603757517e+00	7.222221458380819747e-01	-7.096736112275853214e-02	-7.267239607330071641e-03	1.145702702468620604e-01	-8.581968660162057894e-02	-7.899885773370018960e-02	-1.204107341521486602e-01	1.291582877407515761e+00	1.484982018805602877e+00	1.689573371891307740e+00	1.517669289445038761e+00	1.031850258398983700e+00	-6.776647597320489824e-02	6.602762004683471186e-02	1.102337064696069957e+00	4.670399170274084355e-01	-3.581649482465009554e-02	1.163519318700901861e+00	2.211734138267684280e+00	1.123918909688936957e-01	-1.028671769266014807e-01	-1.347327705132897180e-01	-3.257038452012829544e-02	-1.186530192713214360e-02	-3.457980153463434056e-03	-1.210543922534895872e-01	1.127331522456088475e+00	-3.957507593372460580e-02	4.860560190867164176e-01	-2.536469894899131758e-02	-1.152677744086011424e-01	-1.185815431894783334e-01	1.778879768560708508e+00	-1.056865592949252607e-02	-5.836161970890259287e-02	-7.027154292522762823e-03	8.492985692091696848e-01
1.094785615401160817e+00	-1.589641286586436497e-02	4.357119896563724226e-02	1.794112105975549376e-01	-7.477304381151195223e-02	1.653420770505827253e+00	1.015934116394081183e-01	1.242028732828739823e+00	-1.455226945631964419e-01	8.773283802867106740e-01	-3.428051778013912337e-02	6.954403944569654827e-01	-2.789378036478894467e-03	4.814904621275272745e-01	1.410893752717514049e+00	9.439309287345557520e-01	-3.764074486451193108e-02	1.421989527503891848e-01	-1.016547955495678418e-01	1.828096018821626645e+00	1.416442775186450120e+00	-5.923265672694516537e-02	-1.836095224016802765e-02	-4.062775365937621591e-02	1.335676290865313920e+00	-9.479066516089429406e-03	1.978219172656320302e+00	1.958344429759360183e+00	-6.064693096734029287e-02	-7.543199029228569996e-02	8.886483012041737628e-02	-1.226195621486054488e-01	-8.832871213213035200e-02	-8.536357143648307111e-02	1.120330653567058299e+00	3.974061844043400016e-01	1.728056906273759852e+00	1.153156703456149623e+00	1.446530430193437633e+00	-7.907815588941624618e-02	9.415692348358517538e-01	1.111463053916267762e+00	3.084514432357925440e-01	-4.458038992290230818e-02	8.580778669672730619e-01	1.127694995755455620e+00	1.105296751801769561e+00	-8.455041734696024103e-02	-1.136768524741050834e-01	-4.393156861732264856e-02	-4.092388717344463966e-02	-1.136643512045844469e-02	-1.016201395441019423e-01	4.800952682892305479e-01	-3.078701095431249715e-02	-2.920256297962196823e-02	-3.290306559238286022e-02	2.406238804020291722e-01	-1.292044363409554641e-01	9.421295809700086510e-01	-7.864252830590459653e-03	-4.437730542444378451e-02	-1.067966589982156239e-02	8.825749292876746699e-01
5.431438528897628570e-01	-5.066264413296884400e-02	2.826644301680170557e+00	-2.083450773337522932e-01	-8.450404799335807515e-02	-1.563584545341736853e-02	5.225035139824933950e-01	8.212623251432679683e-02	-1.521681644211111128e-01	8.804413006923625939e-01	-8.341622519933916680e-02	1.180029642810668911e+00	-5.104574522197675296e-02	-1.117236180946818737e-02	5.961127977450773885e-02	-1.988060892130627186e-02	-1.688669569189243935e-01	-2.256316489163155692e-02	-9.724833569176398462e-02	4.562051482843975658e-01	-3.052485524762965988e-02	-4.900397690262355867e-03	-7.960206970948664751e-02	-1.937212487481331513e-01	1.035021737916512974e+00	-1.618651024066489197e-02	2.333918119515072664e+00	1.576661927293118826e+00	-3.618716279711897688e-02	-1.608078781266061574e-01	-8.341273306874792681e-02	2.318707294877802860e-01	-4.650987200239825592e-02	-7.109976993240629817e-02	-2.997086066665655482e-02	-7.166499224885575225e-03	1.568127007977074550e-01	3.063443522029610233e-01	5.772914325475092534e-01	-9.157139855436237375e-02	-9.099929288077836242e-02	-2.288191201766483565e-02	-1.207862898612490320e-02	-8.808936476618620115e-02	-3.722546846560052802e-02	-7.552004757520434583e-03	-6.032977748528459833e-02	-9.581912848889888312e-02	-1.174255952987373307e-02	-7.225079508628970415e-02	-3.745760768303068450e-02	-4.450225400597460079e-02	-1.289002542125595452e-01	-1.046835120254138579e-01	-3.817235622599979283e-02	-1.115719966567173399e-01	-1.905114827419580048e-01	5.986127349284225962e-01	-1.184246537960572665e-01	-9.596100365755533268e-02	-8.152232909657887439e-02	-2.918220592315427450e-02	-2.776813099477430311e-02	2.261578834496819734e+00
7.972988659275187517e-01	-3.625345693458931207e-03	1.078501550290104305e+00	-1.315215330503826940e-01	-1.100616156854918454e-01	4.166707684368270437e-01	2.929153144011249488e-01	1.241153262075210595e+00	-1.359650969347152294e-01	3.286973141910050633e-01	-9.910396456341864779e-02	-5.552444172809581878e-03	-1.927398086808358377e-02	7.772091915030094889e-01	2.136476173749912277e+00	-3.670855841489654992e-02	-1.162899849775248101e-01	4.856278819437091498e-01	-1.815375681330770041e-01	1.442738817252424699e+00	6.430758813787841310e-01	-3.208283613719307981e-02	-5.432545948015240350e-02	1.053708971684230167e-01	1.499941774489190749e-01	-3.222570334968252737e-02	-1.546461033408488318e-02	9.853574696109504982e-01	-1.018258855781559724e-01	-8.227189311818950204e-03	-1.348817265648187026e-02	-9.109539829841385716e-02	-1.070093922353067967e-01	-1.643031227941770533e-01	4.877318090506730514e-02	9.338976288390806735e-01	1.833085843499328016e+00	1.733940141508193866e+00	9.751136402096491906e-01	-8.787687955010477225e-02	-3.354375580823748537e-02	5.569830844214581633e-01	1.347590661279557178e+00	-5.714582087098971086e-02	9.549988016311273809e-01	1.594889895011221137e+00	-4.569526638547137531e-02	-1.136060226717997557e-01	-1.009964541192352461e-01	-2.311787625156290840e-02	-2.410708829318818427e-02	-5.465982882091537098e-02	-1.582019156847645214e-01	1.106857541054560690e+00	-5.431455230875847917e-02	2.380803285426600358e-01	-1.148409737197303437e-01	-1.170327722511442237e-01	-1.533961007643063756e-01	-8.167546667952636785e-02	-4.449027138623515981e-02	-6.407891682083061147e-02	-2.494497027452509397e-02	2.184903967898172705e-01
1.254743210840050915e+00	-1.718080830399817569e-03	-4.286114598106142981e-02	-1.449812766445092160e-01	-1.021116863751836967e-01	-2.661498465705173632e-03	9.857198748631017526e-01	1.582811828506319296e+00	-6.686669226240091191e-02	9.094696704899354334e-01	-9.657153918681224414e-02	-2.102374892689645031e-02	-1.879577144453906459e-02	8.995762993858869017e-01	4.419971285461830601e-01	4.901865877696484630e-01	-4.313340091377020763e-02	1.062863595660096250e+00	-1.705303400284029214e-01	-1.861264381577983421e-02	-4.824862818964751471e-02	-2.947480148690902624e-03	-5.731908148384497192e-02	7.089200186106292545e-01	-1.043865894733097405e-02	-2.970978241768157044e-02	7.139567562644013599e-01	1.937389394341134385e-01	-1.210945608340378149e-01	5.983849640966195649e-01	-2.846424676717649802e-02	-8.192858978655258306e-02	-1.174221327113244701e-01	-1.613281601534542475e-01	5.196805946481787286e-01	1.284929069529787693e+00	1.892804292212814321e+00	1.954190560241875874e+00	9.284024713146669106e-01	-8.066566140190359335e-02	6.445024325786354868e-01	4.711575537844485684e-01	1.385052095145755668e+00	2.029389872398844608e-01	1.206742382391258195e+00	2.007393751782236002e+00	-4.010003016221116295e-02	-1.120058610048602493e-01	-7.540939150219910792e-02	-3.600231884371268148e-02	-2.306685246475037934e-02	-6.303810057081431217e-02	-1.411184355194775308e-01	2.021644015397497718e+00	-5.956041376171073570e-02	2.232040522748989786e-01	-9.840936067711389401e-02	-1.489692464074552358e-01	-1.254683133359225100e-01	-4.661918315595413309e-02	-6.139890416974476406e-02	-7.020812311872484668e-02	-2.194959295175183400e-02	-5.354425905685632897e-02
1.487028386772616395e+00	9.297784014415392262e-01	-7.582470141838340560e-03	-3.254387677450844198e-03	-9.155620716315303331e-02	5.012642015763221215e-01	8.073584240036313364e-01	1.934251867080370335e+00	-9.708142383811682596e-02	5.793890817695200868e-01	-6.425164363091513675e-02	-7.193899691104388427e-02	-1.626391666257605284e-02	1.389667933354935769e+00	1.274005874404724681e+00	4.144295780306114785e-02	-7.722951968275761081e-02	6.801061040972644633e-01	-1.419368546093955907e-01	7.021231488666855869e-01	4.876136106410591808e-01	4.822572150773586919e-01	-3.307195751816272705e-02	1.107967713554955047e+00	-1.047566527323691432e-03	-2.902543185493839523e-02	8.404844263122631665e-01	-3.615325051680660928e-02	-9.370647086611168242e-02	2.047483015045977517e+00	-5.546699064077747002e-03	-1.263185054086491399e-01	-9.556343115815874034e-02	-1.493501518089399849e-01	3.660244718893671534e-01	1.416959687221673647e+00	2.002350243175862854e+00	1.606479909099212788e+00	9.896701568410013472e-01	-6.615543786108485369e-02	9.974420801316905560e-01	7.245951802469799974e-01	1.215312798792349103e+00	5.477998683191545037e-01	1.214708512186085221e+00	2.028769230575877991e+00	1.572669160645482067e-01	-1.062047780651362849e-01	-9.354752605476991667e-02	-2.216699622521781099e-02	-2.280193219593493539e-02	-4.771091437683540326e-02	-1.349333220533780187e-01	1.956701072352401205e+00	-5.091177991856284113e-02	1.664242733108808769e+00	-4.526015545948740976e-02	-1.681075569672257630e-01	-1.204349251276474186e-01	-2.255749314473796951e-02	-4.249395196096467098e-02	-5.722739161448719275e-02	-1.806185659576598282e-02	5.410438587899814022e-01
1.539313534713217413e+00	8.577069407336324058e-01	2.275531124785326043e-01	-6.143556346769905863e-02	-8.984354801386176814e-02	6.421488979281402276e-01	1.177126158690352087e+00	2.108346998529332605e+00	-8.904889487046828422e-02	5.947243519347614749e-01	-7.601389309719441822e-02	-4.205426662174303193e-02	-1.563085281888809686e-02	1.389168506397972402e+00	9.835048424414117862e-01	1.099858399388283642e-01	-5.529835962949569000e-02	1.062092658890714691e+00	-1.537951008886070114e-01	8.168625940460725321e-01	-3.200898950580793878e-02	-5.764735571992467278e-03	-2.765726083942494570e-02	9.468260400874852767e-01	-1.407959117940172245e-03	-2.157798010766919655e-02	7.276320697919104186e-01	3.238450568089397685e-01	-9.695841094204638022e-02	1.201664142308025207e+00	-1.036428582734106240e-03	-8.260097731158391743e-02	-9.635533791949091320e-02	-1.542229470456800977e-01	6.040351963228450805e-01	1.508878548015536003e+00	1.953854638477013017e+00	1.806997139307022326e+00	1.020258588215788631e+00	-6.863647195582271709e-02	6.207454329877442056e-01	6.708836440740609808e-01	1.304667464148278277e+00	-5.877566505839685110e-03	1.263805492498603522e+00	2.371615164383736207e+00	-1.895182582086886447e-02	-1.116070513108771700e-01	-1.098151079673145708e-01	-1.978694373799804937e-02	-1.592187854222468918e-02	-3.062899770021736481e-02	-1.292650808728002254e-01	1.854364501089540429e+00	-5.113045376632131128e-02	6.112410661103270249e-01	-4.299490716465551032e-02	-1.435377191788478890e-01	-1.194348400928788717e-01	6.997036748383764215e-02	-3.318867246497494983e-02	-6.698494361731809066e-02	-1.498013839346262581e-02	-1.170780618327438250e-03
1.561086504314454171e+00	5.421776831569751209e-01	-4.622463699390406966e-02	4.038284849777571406e-01	-8.523407418011007264e-02	3.078557327483419925e-01	6.878401518437737838e-01	1.778987062909207051e+00	-8.141311277200821706e-02	8.868640080896633693e-01	-5.885195256561608079e-02	-5.886727925180090110e-02	-1.581901436651265286e-02	1.220356687965060694e+00	1.245511389693295889e+00	6.474981715579696262e-01	-4.601971664806214085e-02	1.989046603553955572e-01	-1.355502585151578121e-01	8.519529839349004874e-02	-5.661080643880050597e-03	5.031720206536903772e-01	-2.793430769618476112e-02	9.604199090220471025e-01	1.544989027427906003e-01	-2.492970135166398121e-02	1.365899361953089919e+00	-1.282718047065202656e-02	-9.780189947237016845e-02	1.530995520546791111e+00	-9.798918021194516839e-03	-1.449070977234142299e-01	-1.098564141653008003e-01	-1.359494129587296429e-01	9.634220076607225014e-01	1.222318781695431955e+00	1.972451479873192248e+00	1.366564164900060607e+00	1.048945067663139330e+00	-7.231921323180354189e-02	2.287704002376392598e+00	7.690223294258435871e-01	1.091649764239081666e+00	7.138338120024850797e-01	1.458276586923521689e+00	1.740260160557306701e+00	5.268120532018145674e-01	-9.490799334876377780e-02	-7.986746181898572716e-02	-3.824012555169968575e-02	-3.314590130218661446e-02	-3.321960204203651401e-02	-1.318594229107695470e-01	1.917838804566476929e+00	-4.871884546394088245e-02	1.144100423396689159e+00	-4.562392625117014933e-02	-1.483876708285605250e-01	-1.194354563171595024e-01	-1.294537691698151131e-02	-3.430782573660477036e-02	-6.832118646645357618e-02	-1.945705050765183727e-02	5.891795668895200011e-01
9.960903846999218381e-01	9.830621611907967849e-02	-2.424114530451733970e-03	-1.248515698671527757e-01	-9.970296297656709716e-02	8.411795718924515164e-01	7.037116672121608296e-01	1.633851299178378902e+00	-9.146647438686782150e-02	4.522967909515605012e-01	-8.037162293290427140e-02	1.048111467057861734e-01	-1.218131752232826971e-02	1.025266247928103391e+00	5.406510479449819773e-01	2.446480235873657871e-01	-4.708513673816962231e-02	1.369360663241740106e+00	-1.611090262519252747e-01	7.243041024758842816e-01	2.471976348457997075e-01	-3.822934282700510278e-02	-4.382723075750962621e-02	3.554443587407588034e-01	1.258048968913655363e-01	-2.108098191875352675e-02	1.005337116567336375e+00	1.595788781212943430e+00	-9.255167570932198995e-02	1.639816097025889319e-01	4.327108652792092947e-02	-4.742894161197046266e-02	-9.452012767013937000e-02	-1.480287509222488473e-01	6.335458960361204372e-01	1.382750137848017369e+00	1.671491327727324228e+00	1.847914585481631233e+00	1.023742796150927781e+00	-7.489222926733385410e-02	-1.199753369461123084e-02	9.265206030851754759e-01	1.011468349186852578e+00	-3.193395396345281856e-02	1.133370418448916173e+00	1.773955032574020541e+00	-2.604497334903049452e-02	-1.073901243975665248e-01	-8.708553861935716678e-02	-2.587694879693708261e-02	-1.854360352015645141e-02	-4.311973699357157797e-02	-1.233868192537126290e-01	1.823085616724621216e+00	-4.666183337487611604e-02	-2.404785597333279970e-02	-6.957118556537371379e-02	-9.483897317639873592e-02	-1.179849253329997433e-01	1.565704637531028370e-02	-3.700938688255267506e-02	-6.507830015365438647e-02	-1.379683742864142720e-02	-3.729134079781177419e-02
1.230189394955953697e+00	5.562635157522984874e-01	-8.683108659937960327e-03	-2.702229284551330504e-02	-9.097758311558490352e-02	1.045231847526982616e+00	7.347927259411586309e-01	1.600248015950207492e+00	-1.003346962117381419e-01	7.109475556273743280e-01	-6.955950945880993996e-02	-2.075788390668998479e-02	-1.289020418477580636e-02	1.034872313240457364e+00	1.684771947043202989e+00	3.748790934230699645e-01	-3.679741753083621419e-02	4.650868623640675992e-01	-1.448731891688395390e-01	9.984046296183051172e-01	3.149544310350624321e-01	-4.348415542621959784e-02	-2.428725762058828522e-02	9.031938684371966231e-01	8.479800729923399338e-02	-1.503952128706524671e-02	6.723634087710628204e-01	1.408843435003264144e+00	-8.673973321830326377e-02	9.085282874345562698e-02	2.120164798700563125e-01	-1.162951205252772541e-01	-9.980743835049346591e-02	-1.374748867245621509e-01	6.702621809493570781e-01	1.242064017775795559e+00	1.871061587803322768e+00	1.530435204327029508e+00	9.959459852258254475e-01	-7.016805772874705471e-02	7.518765528332593817e-01	8.948020495109876293e-01	8.191392236182762909e-01	-3.865108607616386804e-02	1.379599585053951527e+00	1.863107530136938861e+00	-1.339249333864354387e-02	-8.934701172795878055e-02	-8.782657819035406821e-02	-2.957305873028355167e-02	-2.282558270609174808e-02	-6.790374552166321409e-03	-1.315009357804566847e-01	1.680389746590859934e+00	-4.647039134339316091e-02	1.077555870267527666e-01	-3.721785244062114639e-02	-8.333631701628377297e-02	-1.270975844504516894e-01	-1.641906912455927056e-02	-1.747040242017153244e-02	-7.649798693160285434e-02	-1.373975847009126922e-02	7.765660770414223313e-01
1.264229008918544617e+00	3.334537786323478747e-01	-3.740101280811070766e-02	-6.791939077075810291e-05	-8.500379512778682978e-02	6.602033950411314578e-01	8.357789235428731978e-01	1.716657929226919732e+00	-8.037187251096970797e-02	5.014117357116880669e-01	-6.189584676884161279e-02	-4.253306306571965484e-02	-8.027041343406801643e-03	9.859123436154335618e-01	1.205393548772729417e+00	4.935061338501490757e-01	-2.978894339198085231e-02	3.349512266092852242e-01	-1.476136204727582224e-01	4.662200112236771776e-01	3.376785271666142840e-01	-3.036254496449018996e-03	-2.710045728552359923e-02	8.517650639326899142e-01	2.855338773210057690e-01	-2.426263320691738126e-02	8.580148557286798594e-01	9.134715737694469873e-01	-8.973680249839877110e-02	7.553015753223754070e-01	-3.064528081397272560e-03	-1.111198449621162154e-01	-1.050264678060056911e-01	-1.378994283904420304e-01	9.260187096065497503e-01	1.241808575937469072e+00	1.945118114208615578e+00	1.564853259524111806e+00	1.279829068829344996e+00	-6.968740399977785271e-02	1.926268831628233480e+00	1.009966338998885327e+00	1.151253813724000707e+00	-2.049931570586450546e-03	1.376159710000217862e+00	1.690135338212352734e+00	3.479298392520048799e-01	-8.662553951298540555e-02	-6.918892987662411675e-02	-3.345437177360339326e-02	-2.598788140165817981e-02	-2.783085523754289664e-02	-1.253792652230124871e-01	1.726314163609908636e+00	-4.588360558812674961e-02	3.409920146515187933e-01	-5.248055778112527964e-02	-9.924217591628749224e-02	-1.172601489218343118e-01	-1.764887989850794439e-02	-2.764998492470941913e-02	-8.046944436400843559e-02	-1.821967661521141021e-02	3.455193258258419942e-01
1.609719710933085857e+00	1.276931977815186081e-01	-4.686302303747388182e-03	-1.138605893150790027e-01	-8.558692215145279059e-02	7.310416133598369726e-01	1.095326472236251902e+00	1.731667360526330190e+00	-7.547015153889961858e-02	8.530921496657724035e-01	-7.460489034015831133e-02	-3.340716692440098140e-02	-8.880350864627959903e-03	1.107901343110204495e+00	2.091134805967884147e-01	8.449115553580240912e-01	-5.568366636381236190e-02	1.803400363919066995e+00	-1.605216372629624799e-01	4.955628021948799145e-01	-4.686666081138677470e-02	-1.949195699028591355e-02	-4.121922952428648534e-02	7.438154208974992465e-03	5.709870788256474761e-01	-2.627444305436945488e-02	1.039432325966045623e+00	1.235083890718898569e+00	-1.002745081257318677e-01	4.875622267937569365e-01	-1.328683467401344832e-02	-4.584653413758218998e-02	-1.004390146944596773e-01	-1.510312103929399574e-01	4.568270631980386742e-01	1.270527069412818344e+00	1.685604497978487437e+00	1.877177376917741780e+00	1.133874965456515005e+00	-7.451840202084548948e-02	5.790202528288388439e-01	6.207394709927226417e-01	1.118333260697265796e+00	-1.082400192250539302e-02	8.729480695157996184e-01	1.964804637655575448e+00	-3.395070570988861780e-02	-1.120395013339743201e-01	-8.935230130297552864e-02	-3.468730035887217927e-02	-2.374823124465962748e-02	-4.925759621526890064e-02	-1.141625216945666987e-01	1.451949580668125073e+00	-5.565687324322825952e-02	-2.945536266375199663e-02	-6.766240054873930154e-02	-8.623472309335766806e-02	-1.152987727302041132e-01	-2.070923717955666654e-02	-4.484359278832479589e-02	-7.005813588445747309e-02	-1.549607923636021206e-02	-3.030268910821310238e-02
4.279320008792956709e-01	8.362574366955476401e-01	-5.804389745294769726e-02	-7.720347858087524273e-02	-1.143019320525810595e-01	3.457190770472664543e-01	8.309406716177238916e-01	1.368505933423391774e+00	-9.190659378941722080e-02	5.984984519129467051e-01	-8.511962739479252138e-02	-1.596840571039282938e-02	-2.054807244826404797e-02	7.848586555234364770e-01	8.579383505203304061e-01	-8.079984391316044363e-04	-4.005428116118390364e-02	-4.741783280996413052e-03	-1.401988552731258386e-01	-3.121162674777440329e-03	2.043974910168258496e+00	-2.959211769152958471e-02	-5.361872064549649125e-02	1.218445975288214855e+00	-4.662520731034509175e-02	-1.537161678618916179e-02	6.131458788271922922e-01	7.680381447510992166e-01	-8.667487159798042962e-02	-2.817183151515606498e-03	-7.583630870466551328e-03	-1.426654897519006038e-01	-9.491171380049455431e-02	-1.516813473199156992e-01	8.462938720333528231e-01	1.465496280074712221e+00	2.048472918075851190e+00	1.356918938942026420e+00	6.136939884934177608e-02	-7.208762072647298402e-02	-3.063246576565499535e-02	6.236205316640563989e-01	7.109772071490068068e-01	-4.392832270479112011e-02	1.420680878997584884e+00	1.950814156675762856e+00	6.179734504303910358e-02	-9.397117031632425121e-02	-4.498608676325020761e-02	-3.654961613909387536e-02	-1.563903436092003996e-02	-7.598690668988805283e-03	-1.441031963642823155e-01	2.444795657145208967e+00	-4.143867396486414223e-02	8.530979685749865427e-01	-8.522705044554337861e-02	-1.503935906708823989e-01	-1.189233265619104168e-01	-1.994226686336353013e-02	-5.388791510275664498e-02	-7.507149617204894598e-02	-2.177179137467247574e-02	1.121591349076929589e+00
-1.003271131570173252e-01	-1.036056639227615345e-01	-2.282044458927913813e-02	-2.768900017648522893e-01	-7.156897781571969208e-02	-1.262688065138441451e-01	-8.279314646577984327e-02	-1.072344501939777039e-01	-3.247093855116133524e-05	1.086963082533309172e-01	-8.303250964510357213e-02	3.994587442781771247e-01	-2.612313354290281969e-02	-7.343209201322822843e-02	-7.605567100148964352e-03	-1.833083906705180663e-02	-1.560647183028713858e-01	-4.510821161882302976e-02	-1.036203687891337905e-01	-9.384942118846294201e-02	-2.378958056384526329e-02	-3.934418656390713948e-02	-6.449076417311247478e-02	-7.248726232931811120e-02	-8.928825313387676529e-03	-5.581304880028223336e-02	-7.733672098778598958e-02	-8.751830726099845553e-03	-6.571562564768854142e-02	-1.236733993132819037e-01	-8.995079330039078280e-02	-7.941278052501929419e-02	-6.052075445188311031e-02	-5.280256081317093175e-02	-1.050372089483699034e-03	-4.121566271581528912e-02	-1.955159327082641937e-02	-2.650736624445897832e-02	-3.847381068803958776e-02	-3.083083201690743971e-02	-1.305259265946071279e-01	-4.019172981365407710e-02	-3.230511484252442111e-02	-4.325860376048047684e-02	-9.154978318536226289e-03	-7.323146510108691221e-02	-8.776305206817276716e-02	-2.007987463750820351e-02	2.473415743223545959e-01	-1.623017411335688290e-02	-4.035650763373703487e-02	-8.959000588196466830e-02	-1.074284562328677584e-01	-6.533151988599116000e-02	-3.416254209061964781e-02	-4.054910462301030555e-02	-2.084974575410654396e-01	-1.174305485933422599e-01	-8.071332016393296949e-02	-1.811208914699631300e-01	-5.722144860661081828e-02	-6.536728139616819477e-02	-5.738348394241610251e-02	-9.559371345811509824e-02
1.701684251464980369e+00	5.339872692211623528e-01	-3.349992377323573328e-02	-1.705759112012706843e-02	-8.347583510402058204e-02	4.201494760349056695e-02	1.285850203770357414e+00	2.034580764718999735e+00	-5.150844787008297676e-02	8.170611277746092638e-01	-6.665763157501750080e-02	-4.787674450225729711e-02	-2.039794101789624975e-02	1.274694526130788486e+00	7.354611130692536580e-01	6.734407401719197939e-01	-3.387501392716724818e-02	5.006641440040758839e-01	-1.447925538905446563e-01	-7.261437731944582127e-03	-6.618507807732948445e-02	8.463153414277775344e-01	-2.805569397193356102e-02	6.343051812032877157e-01	-7.562273335883810781e-03	-2.637651688551074375e-02	1.355486915417485116e+00	2.248551931148378702e-01	-9.615948148656150440e-02	1.491265868755870860e+00	-1.956399040098767347e-02	-9.653319018618318481e-02	-1.046301222909187811e-01	-1.435741617787944235e-01	9.378903872005767139e-01	1.401220639458995887e+00	1.852403961432596002e+00	1.492436067767894725e+00	1.172419239471359953e+00	-7.095818669001503765e-02	2.395147160262495412e+00	5.713395750976414389e-01	1.241591907168194009e+00	5.345096383040607302e-01	1.322394411782272350e+00	1.998266284804965487e+00	2.293810631451652371e-01	-1.024919479354485935e-01	-6.604591151818561823e-02	-3.785868567700363674e-02	-3.085614826591722218e-02	-2.992386972709940376e-02	-1.258464774792169838e-01	1.675810393339057347e+00	-5.067517816055265578e-02	3.975645546471099356e-01	-5.562984377349669551e-02	-1.391162882659649491e-01	-1.073663854293192554e-01	-1.072038208837469003e-02	-3.479596417614638781e-02	-7.966420986417006855e-02	-2.120033768140713523e-02	1.383151783721570383e-01
1.454418235655168257e+00	8.589296470331977407e-01	-3.335701005311000195e-02	-9.507337367284200702e-04	-8.709682218403816401e-02	3.171709944532630221e-01	1.426037682069478452e+00	1.981765317010845573e+00	-5.853943529720619793e-02	6.378048441906051247e-01	-7.213161015934797804e-02	-5.368924444564577431e-02	-2.340316128116605443e-02	1.248012300981231393e+00	9.557923934240930564e-01	2.802559532361056371e-01	-3.156962256449563631e-02	2.604180559962035457e-01	-1.422410356771129092e-01	9.743467606098467348e-02	-2.728897742975312096e-02	3.347197740708365843e-01	-2.453906092657948471e-02	9.528216334362074047e-01	-2.563131112645267509e-02	-2.619950540479057399e-02	9.767981806087856489e-01	4.339120695485527146e-01	-8.419548597899721709e-02	1.246977804827736902e+00	-9.655886056279101848e-03	-1.053250937780471769e-01	-9.939982816744266647e-02	-1.473607141428334710e-01	7.035946878556159634e-01	1.538203765897248942e+00	1.897854409439323486e+00	1.499401173131025056e+00	1.053441217340782110e+00	-6.599697848272416401e-02	1.946469357080492957e+00	5.696304346857935519e-01	1.214281606314361550e+00	1.687573388146703865e-02	1.366117139193026908e+00	2.094026837132754615e+00	1.466254435579067254e-02	-9.187235948662908491e-02	-5.103364583800291260e-02	-3.741911301474643015e-02	-2.378732021112009432e-02	-1.595337625602056761e-02	-1.339394508615386614e-01	1.994819118502146660e+00	-4.844650935380385298e-02	4.412795307895547858e-01	-5.092944172603958847e-02	-1.244915586089758996e-01	-1.086471221008634136e-01	-2.252586544870482238e-02	-3.573870353167390296e-02	-8.221734777259342986e-02	-1.915321243010750102e-02	9.190121664065213913e-01
1.628808163922639718e+00	6.607331922238165456e-01	-1.642351194487624497e-02	-1.062888555133178255e-03	-8.455732747920881309e-02	2.146000850305683216e-01	8.986138400277834393e-01	1.868666468193724395e+00	-8.390231560086640339e-02	7.253192938281020075e-01	-6.296947517231227254e-02	-6.151606411832765547e-02	-1.783496850848812279e-02	1.329334936664369193e+00	1.306415147328869431e+00	3.414092497653360980e-01	-7.005613838162236262e-02	3.738132423578240382e-01	-1.455235365104404210e-01	3.613448986136752472e-01	-3.757387426739949854e-02	6.174972788690513692e-01	-2.746356585907388723e-02	8.464554679712984475e-01	1.469813939671989478e-01	-3.099730286137573204e-02	9.152369321716004036e-01	-2.586349829688408541e-02	-1.002896151261999796e-01	1.826392003938641428e+00	-1.725490491208860055e-02	-1.238811370140433382e-01	-1.057985627540467682e-01	-1.454238169757864074e-01	6.515128784825729991e-01	1.255214645227368031e+00	2.025445890882327404e+00	1.538215772464653464e+00	1.276790275324785284e+00	-7.146755310422130136e-02	2.077938267551495244e+00	6.195234165831779993e-01	1.460280916667183515e+00	7.110737915861975456e-01	1.192537677583742406e+00	1.918954343263836737e+00	7.902269152838888033e-02	-1.025950728391782224e-01	-9.185211169396492736e-02	-3.172589341541369456e-02	-3.019375953901723073e-02	-4.693792819888793766e-02	-1.364528098920324561e-01	1.551259045425120497e+00	-5.285858529444215081e-02	1.334103828678331771e+00	-5.345124839210375900e-02	-1.530926945508251924e-01	-1.223784218660520368e-01	-3.094737796420768405e-02	-3.790737130631933322e-02	-6.620767708511471339e-02	-1.846577189181947826e-02	4.514113049482056939e-01
-1.032662193841150933e-01	-1.129364326371648242e-01	-6.279704351735070859e-04	-2.635841289062571535e-01	-7.665862486249390428e-02	-1.176130384602807472e-01	-7.290593822144149361e-02	-1.172020304205900337e-01	-1.265073161367616774e-03	-5.960581849312812305e-04	-8.499893084942732047e-02	2.815900184941159679e-01	-2.819778932979999375e-02	-5.957917712133387750e-02	-4.860660507681913156e-03	-4.560496618293859855e-02	-1.633760727476205321e-01	-5.315185326836319168e-02	-9.092571554413704515e-02	-8.674515367117392739e-02	-1.914341722627611875e-02	-2.090806285049746568e-02	-5.380548513542949413e-02	-1.157552822291440658e-01	-3.026980559960039743e-02	-5.421385149618136723e-02	-6.199659288892746950e-02	-4.890351476156086161e-03	-4.660337261896634053e-02	-1.231979827778925257e-01	-9.445339480209519190e-02	-7.141492580676807311e-02	-4.296211041008569237e-02	-3.228810597952832401e-02	-3.133597505194631733e-02	-4.971776662996390400e-02	-3.481805543682491705e-02	-3.348434242059727256e-02	-3.353913410231755543e-02	-2.109374811194969848e-02	-1.343183646755057858e-01	-5.442260337410084053e-02	-3.880085413518120224e-02	-4.836534696416215640e-02	-3.707935776030193281e-02	-9.763960169783128529e-02	-7.924836746059507608e-02	-1.759818602317712866e-02	4.134309681819616777e-01	-1.830904262924833506e-02	-5.007126799270975731e-02	-8.188157599807992237e-02	-1.037353420133634713e-01	-7.309368578062429289e-02	-2.857178363377192720e-02	-5.938587188307540427e-02	-2.048723631208836105e-01	-6.492955743607337071e-02	-6.263103279281199975e-02	-1.960365848094049457e-01	-5.948617211502418151e-02	-6.979324101457549945e-02	-5.661753713403334248e-02	-3.639201460282742717e-02
1.386985536642701078e+00	1.081196525987989432e+00	-2.412200272385633948e-02	-5.888618839774136665e-02	-9.095971608060055003e-02	3.018890256440613373e-01	7.135420393944005291e-01	1.787581467926302237e+00	-9.089953583944467008e-02	6.923928421591278859e-01	-7.150266622949508211e-02	-8.176859215231384315e-02	-7.304104011906253392e-03	1.232017005435086521e+00	7.060347161589771714e-01	2.042124980993316186e-01	-9.159042426366890977e-02	8.987513096006929381e-01	-1.544317842015290321e-01	2.205162617912838630e-01	1.834494339085659259e-02	-3.987340199477691985e-03	-4.124113324803925507e-02	1.699162931331380744e+00	2.498937110769197389e-01	-2.666043420659395397e-02	3.050953437417507907e-01	-3.222545728989187341e-02	-1.072294662056988701e-01	1.609241546456690930e+00	-7.992072669198246535e-03	-1.276603696801522081e-01	-9.858867261708649521e-02	-1.579386567315954892e-01	7.165962277750548282e-01	1.650469005742758455e+00	2.004473499908479894e+00	1.572720763789725362e+00	8.819164456233711258e-01	-6.918016846529775887e-02	4.473126768973926803e-01	9.418336451536232223e-01	1.268840573450254361e+00	2.621154004444627428e-01	1.343603471952625084e+00	2.193257117294174829e+00	-2.883551506453653143e-02	-1.101685649448643084e-01	-9.630106200539179095e-02	-2.535770619318520117e-02	-1.809776989542156989e-02	-5.227490490247327370e-02	-1.367637309569379456e-01	1.693074604830396401e+00	-5.347880650677101083e-02	1.581460754719046458e+00	-6.364389738809329844e-02	-1.827141336948108763e-01	-1.211546879128826137e-01	-3.190517817218539720e-02	-4.801233482797714197e-02	-6.610792026987601100e-02	-1.462083698054204677e-02	2.883080830721189702e-01
1.821011956641910734e+00	7.589398339955243378e-01	-1.744069878430322060e-02	-3.570871282483270483e-03	-7.358839551501177023e-02	6.692084907991868725e-01	1.193533069186420326e+00	2.054340775905506788e+00	-7.900645271762825328e-02	7.619915994289266914e-01	-5.510012669623933629e-02	-5.984640277460872432e-02	-9.734800590482393934e-03	1.370109754900326493e+00	6.033163248855903937e-01	5.433896793854456897e-01	-4.553028811027842043e-02	1.113829402642663835e+00	-1.363996143971954733e-01	5.118373717496722541e-01	-4.076528769717966544e-02	-2.513324017715226795e-03	-1.859074528095066084e-02	7.298691304211271103e-01	3.477905513172624974e-01	-2.168009886252362031e-02	1.350448119718338669e+00	3.691664917282414526e-01	-9.056993165493726350e-02	1.458797581477722094e+00	1.918158053363655524e-02	-8.678611332368267595e-02	-9.776802518520850971e-02	-1.351710008426293963e-01	8.484515499304551289e-01	1.429393557420115979e+00	1.885706911661557239e+00	1.616926136718762397e+00	1.248141209912976946e+00	-6.498031833991990691e-02	1.969837886625039003e+00	7.947482628156771201e-01	1.196341950799700626e+00	4.913161710497147006e-01	1.278886929227328606e+00	2.141725244575638953e+00	2.323208444266571249e-01	-9.995599438183229435e-02	-9.840206912315552223e-02	-2.876773751355422848e-02	-2.313863615593307263e-02	-2.660049117875694369e-02	-1.125804473278401718e-01	1.750183408727584489e+00	-4.947456375017465768e-02	5.383838522601338550e-01	-2.560483516204402690e-02	-1.150933037083744781e-01	-1.088421276909227048e-01	4.753886262181039601e-01	-2.483201971163511920e-02	-6.422758267874570381e-02	-1.250466044979992031e-02	9.408202639571350279e-02
1.642996689139409883e+00	1.388991341730949625e+00	4.845899582016784390e-01	-2.179876401849874246e-02	-8.906116899278855581e-02	3.759290467721280171e-01	1.127177738095270332e+00	1.878002907510853747e+00	-1.134976164574870439e-01	1.054109047518044351e+00	-6.334599122751831402e-02	-5.924910424961123828e-02	-2.394856114024521490e-02	1.414129854110126594e+00	9.678453855304895992e-01	8.251990088836329285e-02	-1.056515379202303262e-01	4.781170214699513865e-01	-1.296605507033339322e-01	6.953678603527737589e-01	-2.097761236033989299e-02	5.910713083661341960e-01	-3.195754444632886715e-02	5.824481326031395456e-01	1.251237545814509189e-01	-3.226801260769487922e-02	1.225396784484440893e+00	-6.350974680202246814e-02	-8.862015960785021851e-02	1.658293390711029325e+00	-2.676612797400340985e-02	-1.226278313170436063e-01	-8.911683128415313904e-02	-1.434611604610900315e-01	1.399390979507376120e-01	1.377769674726834648e+00	1.841361525664436893e+00	1.646092832152666885e+00	1.050531973628070270e+00	-6.894515815709839623e-02	6.310365047581711906e-01	4.318950856507192682e-01	1.131534427156539735e+00	4.141680881440073514e-01	8.770305227583303775e-01	2.089989573144367174e+00	-2.015764468074274229e-02	-1.144532158755964674e-01	-1.132864393884121523e-01	-3.387576479701105703e-02	-1.940299226769004806e-02	-4.828333139312249167e-02	-1.455644564915213046e-01	1.223083837296983667e+00	-5.492231149827667136e-02	1.892395618396272017e+00	-5.655209241532693082e-02	-1.643337690505278781e-01	-1.251376936032684573e-01	-2.436704342993483222e-02	-5.228595451451600179e-02	-4.942817663108264176e-02	-1.640880081498847023e-02	1.386567031767925728e+00
1.484037346867235430e+00	7.810702316876485529e-01	-8.111768869844755356e-03	-1.045106838362995783e-01	-9.570466339211784745e-02	-3.353303962465022797e-03	7.910575694943831060e-01	1.763609092696633907e+00	-7.783519962456607322e-02	8.915504740591732036e-01	-8.162636311496181130e-02	-4.190245308168988325e-02	-1.731218373366138347e-02	1.086847922220473883e+00	8.771739199386243691e-01	4.728840787246573196e-01	-8.677159272964583836e-02	7.564347536830988705e-01	-1.645881192491181200e-01	2.853542709620632972e-02	-6.969952751728743234e-02	4.868728309201375004e-01	-4.483688422530816148e-02	1.222703215982607450e+00	1.831458752297751569e-01	-2.947957960597143851e-02	3.689885294738056709e-01	-2.895789203424678493e-02	-1.177238886975109505e-01	1.303420146037486127e+00	-2.737971075527028883e-02	-1.191121860124087495e-01	-1.058649532400578464e-01	-1.619677367537930568e-01	7.311022678850379597e-01	1.514401234840611066e+00	1.983510768273446745e+00	1.635692736310088380e+00	1.008061320464663790e+00	-7.947616450712940983e-02	5.399940131635241336e-01	6.446630966288250386e-01	1.405822177662749084e+00	1.597964536859532991e-01	1.162624702782343089e+00	2.241312796777247041e+00	-4.331299829436400378e-02	-1.203945715195356703e-01	-9.960896248442316359e-02	-2.955557792469665213e-02	-2.509370787419941407e-02	-5.428471488224404645e-02	-1.432573005969743907e-01	1.122664359997080030e+00	-6.073780565654447738e-02	1.167270872806971171e+00	-8.608550137125726975e-02	-1.899963998560670331e-01	-1.266264164472487297e-01	-4.182666334323337926e-02	-4.894799168608962581e-02	-7.231077236177373135e-02	-1.959698982236780102e-02	-9.170800537413564824e-03
1.569962824994892703e+00	5.827500602139139563e-01	-3.084315781755659139e-02	-2.809860506867158016e-03	-8.626272604280105227e-02	3.143937962973334943e-01	1.135821167750519667e+00	1.988129587077050120e+00	-6.913773520293933772e-02	7.087208354822067680e-01	-7.083009823447161679e-02	-5.736102099033067725e-02	-1.878390542918492376e-02	1.240063873355054191e+00	1.138872293107147549e+00	3.470324820761224172e-01	-3.824355273657005505e-02	2.836995074149000762e-01	-1.462048057650777722e-01	2.178540419241592474e-01	-3.507182306312923298e-02	3.789788296866902773e-01	-2.650349158673563632e-02	1.026284939694094289e+00	-6.790563069145059798e-03	-2.607608283274247263e-02	9.236605906692650914e-01	6.029100509413142656e-02	-9.573684956283662340e-02	1.382989021459650081e+00	-1.134092794716869482e-02	-1.179292574064459975e-01	-1.054260881095266389e-01	-1.450160535071977341e-01	7.716685585197408104e-01	1.382276001584120451e+00	1.992755469217954989e+00	1.480966268305285105e+00	1.179390091570159393e+00	-7.066025714697765636e-02	2.064863414852847079e+00	6.775155323383402761e-01	1.349603720199842094e+00	3.139742831667350909e-01	1.430996353977061375e+00	2.038831589237120046e+00	8.647357417309164962e-02	-9.641495724132781442e-02	-7.216498234959833891e-02	-3.320316860785899743e-02	-2.729712118816899832e-02	-2.912771396709724556e-02	-1.346395276827219989e-01	1.828903665479314711e+00	-5.033605574477457295e-02	6.735075570824334834e-01	-5.219619338372170902e-02	-1.371762366811186407e-01	-1.160441171172556657e-01	-2.521434341144656102e-02	-3.684053500084600447e-02	-7.690103636330747339e-02	-1.912823691377172133e-02	5.182485491146966439e-01
6.501588895639720533e-01	2.260258259332999509e-01	-7.417230102738016362e-03	-4.144711956118590085e-02	-1.111425009333365799e-01	8.635073993376761736e-01	-2.651502881532278189e-03	1.112785099346103701e+00	-1.493834767710600642e-01	5.331898943232760146e-01	-7.707038367286270231e-02	-2.460726670805081853e-02	-1.466727202130291459e-02	8.182662528395134860e-01	2.128657364744192204e+00	-2.245838514509935699e-02	-1.025972219540943753e-01	9.826397321729615775e-02	-1.449663144148641558e-01	1.211460002092788368e+00	2.914335439376405823e+00	-2.188730067100317159e-02	-5.684458001998460991e-02	6.750430306380670320e-01	-3.937113877595173513e-03	-2.562083760361200807e-02	1.571760680101901286e-01	1.723015390080691323e-01	-9.015172753016605089e-02	4.285521157833555028e-01	-2.199781632652535440e-03	-1.653404628777527807e-01	-1.017057892309353867e-01	-1.466859097761488151e-01	1.654849192523748513e-01	9.875790684222449656e-01	2.007951276423693976e+00	1.488163319760563041e+00	7.213910320685392730e-01	-8.037451539371044673e-02	-2.379948303075997765e-02	9.038485644903125893e-01	9.465741894025523351e-01	-2.608655444727919423e-02	1.006497002988165024e+00	1.414868447779258354e+00	4.575563000162945551e-03	-9.710308667623816781e-02	-7.918216480556200532e-02	-2.783198575237790309e-02	-2.246577640122278050e-02	-4.937821526730631905e-02	-1.535357635230699402e-01	1.814690600085924199e+00	-4.404793949518915480e-02	1.706766516646240683e+00	-8.066663375931049096e-02	-1.210265994637601400e-01	-1.485065490241930519e-01	-7.513229371469991313e-02	-5.307523017704602469e-02	-4.772366677060687484e-02	-1.510134234950161365e-02	1.335660543080967155e+00
-8.155990890274672500e-02	-6.499392849714336062e-02	-2.013659747090331114e-03	-2.753636939407013706e-01	-1.103982293826153566e-01	-1.046404318121441912e-01	-6.660087764861290227e-02	-5.994340877850146132e-02	-4.791647511399108050e-02	-1.467652096484138927e-02	-1.067349990723690106e-01	8.567456847116320384e-01	-3.517272814740576847e-02	-6.249555652410985346e-02	8.173187376994419662e-01	-4.070260071907909338e-02	-1.434994873256199843e-01	-6.281827656883805233e-02	-1.232794697424071523e-01	-5.227167090275665340e-02	-6.223736287380736074e-03	-4.772654691480938266e-02	-9.312995460089554256e-02	-2.120936506931737214e-02	-4.489267521282351570e-02	-3.980101142834443356e-02	-9.665676991773836102e-02	-1.398435006370897038e-03	-6.818375965504216984e-02	-1.079615063830337979e-01	-9.380741843878329100e-02	-1.553835207058155421e-01	-6.947392235316257603e-02	-6.621035408985277704e-02	4.829135988060084816e-01	-1.460068844352833788e-02	7.916573244548823496e-01	-3.744100601770864595e-02	-1.315245233018339822e-02	-4.630496010696504017e-02	-1.291495594171138961e-01	-6.486462982060633466e-03	6.832378506452942146e-02	-6.809049283379693673e-02	-6.432012236534195848e-03	-6.676134108344462109e-03	-8.835005496675292502e-02	-6.244322689415913313e-02	1.281342081795021404e+00	-1.855829236167231763e-02	-5.539464296356623463e-02	-9.716891849939375547e-02	-1.272996341330004944e-01	-5.949693140567612754e-02	-3.115077307207586577e-02	-3.181209056680615876e-03	-2.277716935033663737e-01	-1.402548359818377999e-01	-1.094447786982454401e-01	-1.655542758828057182e-01	-6.440573033837647399e-02	-6.073699297584024548e-02	-2.977505248503902954e-02	-4.703634040841037783e-02
2.077336725081394553e-01	-6.707730206094070224e-02	-4.857949807674648290e-02	-1.784872607045905890e-01	-9.957830927740765614e-02	-1.518775972840048262e-02	5.604155053521675534e-01	6.747057314675228845e-01	-5.114915555930275165e-02	1.047028023229838345e+00	-9.115339164476121692e-02	2.446272796811410188e+00	-4.365411195681018902e-02	-1.670134948082348594e-02	1.004528091052908856e+00	1.085272186642577630e+00	1.632314741968760474e+00	-4.505971576381395671e-02	-1.186238788586883308e-01	-3.493762571958587693e-02	-2.539361537733458851e-02	-3.671845205154990882e-02	-5.859944407403181593e-02	-4.669777523736304975e-02	-1.604437557797583000e-02	-1.286509821926890007e-02	3.550917268114956449e-01	2.130645416279630222e+00	-7.911492803605964241e-02	-1.448762411663716276e-01	-5.633907411132830362e-02	-8.230535068459425563e-02	-9.445929198640065638e-02	-8.483415861359119847e-02	1.398454611044654960e-01	-3.712048105077171700e-03	9.801812379714438528e-01	8.912785192664255396e-01	4.938164659639687759e-01	-5.823216784656266160e-02	-1.937248165139772785e-02	-2.154423480782657104e-03	3.904097793063461830e-01	-9.573187770076815872e-02	5.186038996673789647e-01	7.020346933890142527e-01	-6.586555860323764500e-02	-5.485337367096716765e-02	4.653806246046809925e-01	-4.879435623138526218e-02	-3.750629910852578547e-02	-1.756580981840962646e-02	-1.223619647476793526e-01	9.435265029374877155e-02	-3.670414670769032300e-02	-1.070275496266658993e-01	-1.298921690212574420e-01	4.796092141783265816e-01	-1.113738287984706032e-01	-1.248803366427431588e-01	-6.756360156442450804e-02	-7.968437565322840366e-02	-2.354655936694892773e-02	4.396568785607126717e-01
1.385651100880667119e+00	7.186899750911394102e-01	-4.578800617280411045e-02	7.639490852629805540e-01	-7.950345200407772650e-02	7.066733854916303903e-01	1.194018193524571725e+00	1.881132486699676365e+00	-7.245345186630232359e-02	6.951074608669504107e-01	-6.132588442358266612e-02	-5.970677561793645560e-02	-1.462217902348559619e-02	1.087266466380802710e+00	1.200630005527490551e+00	4.767098303195348441e-01	-1.265666644439929385e-02	-5.932883834232483347e-03	-1.333724411317756542e-01	3.565428202733522123e-01	-1.380354495817743448e-04	-1.494444810202061324e-02	-1.639489460130662615e-02	1.126759204834599126e+00	2.522624264651787684e-02	-1.969333611436055453e-02	9.866107142587872136e-01	8.589413896048984087e-01	-7.996509346595660761e-02	6.015221467753835149e-01	8.256568210338738334e-04	-1.205071784971574883e-01	-1.007125372414967163e-01	-1.313681821887391077e-01	9.203930402417288548e-01	1.307606573001272476e+00	1.834793350633034281e+00	1.431782614951935040e+00	1.244825088476840369e+00	-6.302103191583595387e-02	2.258023220137602927e+00	9.580110483462609405e-01	9.720089262402109576e-01	-1.033595400903652983e-02	1.516845672384020682e+00	1.841179309130282382e+00	1.307221869952426563e-01	-7.530870104790517161e-02	-5.779771639911542025e-02	-4.013158701201890999e-02	-2.311120722348150927e-02	-7.090714117141504527e-03	-1.302333581972686671e-01	1.871595583682204023e+00	-4.238599171299375912e-02	2.914940327093023531e-01	-3.336290800211919733e-02	-8.567541872878342568e-02	-1.120049883964001902e-01	-1.800210456123376226e-02	-2.792812482674270416e-02	-8.504135693144047881e-02	-1.552255716768516196e-02	1.280620506420010907e+00
1.223364655609776364e+00	7.881530523044616432e-01	-6.297936026657421568e-03	-2.075320294953280145e-02	-9.598482555592545429e-02	6.748446320012179145e-01	1.227001323546891287e+00	1.859702807571616878e+00	-7.553206489803750145e-02	5.027463382845589468e-01	-7.583282344890154847e-02	-3.574507848621378409e-02	-2.106609520389285395e-02	1.212043397557011071e+00	1.440359395910024265e+00	8.917310922325198674e-02	-2.914999693987428350e-02	3.230426957485397765e-01	-1.462460166200839906e-01	6.684463241388055588e-01	1.308674770332288739e-01	1.106914260828211760e-01	-2.712784721976112950e-02	9.851052095701442468e-01	-1.988651440993241537e-02	-2.468397036482991580e-02	6.614883165850132807e-01	7.394328998942993891e-01	-8.133768597794720223e-02	9.471477777377947938e-01	-5.882968115382939019e-04	-9.923603072381316503e-02	-9.247115564096189400e-02	-1.489109951405398757e-01	2.162388986775468369e-01	1.455306213720073405e+00	1.844454621896345348e+00	1.717792728925934265e+00	1.079132842803167014e+00	-6.590331236560642569e-02	9.023193681068786276e-01	6.932933163110586161e-01	1.165435118195190523e+00	-2.789989817205646219e-02	1.284075044292521284e+00	1.987946699281614160e+00	-1.572031237537048487e-02	-9.329440655307130736e-02	-6.205586669080002254e-02	-3.105784346574881269e-02	-1.904390480442052710e-02	-1.758601968732419543e-02	-1.371567249870941085e-01	1.828649459089183082e+00	-4.889572107473331292e-02	2.943537673440949076e-01	-5.023189622560199352e-02	-1.055907301559789041e-01	-1.141903155476970133e-01	-3.943048864121917463e-02	-3.083737767353718004e-02	-7.743599731570316447e-02	-1.683937058143897963e-02	1.045388413681336726e+00
1.306290853329167279e+00	8.161286566646611673e-01	1.571227203250764870e-01	-4.449175732822363560e-02	-9.289201616747272405e-02	7.707056905118832013e-01	1.192701496064466182e+00	1.856295619229298088e+00	-9.816086207418960041e-02	6.800741347544422277e-01	-7.369527049619381542e-02	-2.219914308960478644e-02	-1.997531905508208999e-02	1.227799047291641799e+00	1.334590067978836947e+00	8.990809919773551373e-02	-4.749704910580187373e-02	6.164247628415271407e-01	-1.471300033777057092e-01	9.659039856125349877e-01	-8.416649749270201444e-03	-2.252205582457024111e-02	-2.469850107734706049e-02	6.957908139943564940e-01	-6.355410035587066853e-03	-2.249367495528957830e-02	7.360292370231950043e-01	6.900710964167225958e-01	-8.734758118020720385e-02	5.772153259109453760e-01	-2.741975194115574971e-03	-9.478032236718636483e-02	-9.699437486456993773e-02	-1.461385933101906620e-01	3.783535202912511330e-01	1.290240859650410465e+00	1.870826905785367034e+00	1.820583756313630897e+00	1.093552362853398296e+00	-6.633566027794365882e-02	6.482351684364386912e-01	6.569296723189823606e-01	1.087848044526047442e+00	-2.552146782706836425e-02	1.111264562422656255e+00	2.105831192101343508e+00	-2.669246067933461405e-02	-9.823902574940836241e-02	-9.513656395281362699e-02	-2.789299033892313207e-02	-1.746897162956178792e-02	-2.381734789652579717e-02	-1.374616135565762121e-01	1.721039143999901544e+00	-4.937423627651001817e-02	5.504862722415710952e-01	-4.294377147675713241e-02	-1.061759923017712021e-01	-1.263793342710368695e-01	-1.538559868394760374e-02	-3.139272806740630445e-02	-6.894907493708919699e-02	-1.544435432840225893e-02	6.585128702795485234e-01
1.600023157694746789e+00	2.890186629223162051e-01	-2.805311008177977308e-02	-3.753750582230514637e-02	-8.710703884064713298e-02	5.530086514387027030e-01	1.443358774600556060e+00	1.968143189267665960e+00	-6.495749508864416544e-02	8.157877034476197498e-01	-7.996965658519099296e-02	-5.149946484634345539e-02	-1.962414911309876692e-02	1.280167714409832902e+00	8.957328094768668425e-01	4.319315447045218304e-01	-1.613826194847576417e-02	9.781806464642019971e-01	-1.499071051290118417e-01	2.793397154552649808e-01	-4.042733458107428124e-02	1.287220697137853309e-01	-3.065359766938891006e-02	4.747351899933317521e-01	-1.512143606605160367e-02	-2.492281084956304502e-02	1.123738416494408643e+00	5.896290650398874345e-01	-9.472519918597621658e-02	1.150330619583627589e+00	-9.562442088083482339e-03	-8.233988833248580275e-02	-1.066919040632873378e-01	-1.464464041045543119e-01	3.047568889616333321e-01	1.251126018394142392e+00	1.848590765684213322e+00	1.804963994063939703e+00	1.132424724168838770e+00	-6.685125637607663984e-02	1.778030031809857192e+00	3.899907259245345981e-01	1.279921474594460040e+00	2.496410618390840219e-01	1.231743317002123250e+00	1.971076984706336299e+00	-1.388808256952206097e-02	-9.702225066872170733e-02	-6.383435454891908667e-02	-3.450039112614503717e-02	-2.437006817596956004e-02	-3.499314714957708905e-02	-1.278154431410981617e-01	2.230102879866891374e+00	-5.393939776116730977e-02	4.928623251916493253e-02	-4.996024179941388477e-02	-9.700210300109506079e-02	-1.129796657681911565e-01	-3.621257672506358882e-02	-4.564868444421662369e-02	-7.340435417758768566e-02	-1.970860864817301772e-02	1.791116567343526700e-01
-5.047927462781871821e-02	-8.020969769467427291e-02	-9.624385248491056782e-03	-2.405932070225562935e-01	-7.997154076583982973e-02	-3.860581536344141751e-02	-5.058855825911432597e-02	-5.669751440478099092e-02	-5.757452181791254675e-02	5.787996670454871317e-01	-7.717674949532400686e-02	1.819168173052357229e+00	-3.951623692202813065e-02	-6.080368405610989818e-02	2.770251782053997913e-01	8.140829541123523194e-01	-1.873523386124197401e-02	-4.860676610536700942e-02	-7.493905931002829701e-02	-3.286018254441029629e-02	-4.599637616415692964e-03	-9.950366965149524956e-02	-6.584661385288682889e-02	-7.286214926792609903e-02	3.108266710331183957e-01	-2.576330106101217682e-02	-1.213593443273286443e-02	8.856181666294541399e-01	-5.237477922310255357e-02	-1.916574279967729055e-01	-7.491678323984897470e-02	-7.253026030698184190e-02	-6.088137938150109396e-02	-3.368719021858475327e-02	5.316913851336565328e-02	-5.009212032234558465e-02	5.711307323853077184e-02	3.041967207217877722e-01	-3.197460490072629238e-03	-2.614672548219258014e-02	-1.349259811398910436e-01	-5.889038632538414961e-03	-3.700467665856409238e-02	-9.117866002099260514e-02	-1.702775999918565084e-02	-2.666515899557211910e-02	-9.894996628461731614e-02	-3.119075189596776099e-02	9.802896719976375572e-02	-3.408175103498886638e-02	-3.688284513378558421e-02	-6.731018256051107818e-02	-1.014861322381325620e-01	-5.147080225576802087e-02	-2.512915836006908085e-02	-8.587821360865106890e-02	-1.456275033863074220e-01	2.753392891387203001e-01	-1.037097744779319208e-01	-1.233086260430911463e-01	-5.777803156899977838e-02	-4.886229841088865489e-02	-1.925447960519733812e-02	-1.918087455326313723e-02
1.293265517906204254e+00	7.162413686780831623e-02	1.559481516781427546e+00	-1.067492876862072004e-01	-8.883145020574745310e-02	8.144934811240014394e-01	7.244927801222844632e-01	1.435883856848865880e+00	-1.531417672510897721e-01	1.088669118577874961e+00	-7.396181495576366338e-02	1.211814097677801794e+00	-3.622900052853326308e-02	7.877943602976540394e-01	1.640363352946802689e+00	-2.305414141952091562e-03	-6.995422217380510566e-02	2.462555244319261649e-02	-1.307969930149949223e-01	1.496255178979345679e+00	-3.552460125113576783e-02	-5.558185373776260152e-02	-3.230421407964038927e-02	-5.717890836776561708e-02	5.150099159922618686e-01	-2.199625493286647832e-02	1.403902838132863540e+00	1.280260666895226995e+00	-8.102269914211056301e-02	-7.721131565195017699e-02	-2.830701261136660610e-02	-4.344666323075688230e-02	-9.246620145178545414e-02	-1.121624305559277279e-01	1.267926761644227462e-01	3.328029195328082168e-01	1.194752531759895930e+00	1.726297497527921276e+00	1.415145794801448309e+00	-7.539906324275306992e-02	-3.126401843621854672e-03	3.366659492604667792e-01	5.879355905245333691e-01	-5.022135361078759047e-02	4.894143345150395175e-01	1.399186580100139521e+00	-5.556818916075750153e-02	-1.013702024337402030e-01	-1.133454284690977448e-01	-3.901526546279355384e-02	-2.383817803944037958e-02	-4.092573587502520288e-02	-1.475796392858240436e-01	2.897908753722554520e-01	-3.932424645026125903e-02	-1.501946882696260192e-02	-6.401206013571111852e-02	-2.973639283605102046e-02	-1.505510449346275925e-01	-2.166161075204955586e-02	-3.704224629961546528e-02	-4.716970669590726806e-02	-1.993409451367525800e-02	4.221160189590946743e-01
1.277244580568102750e+00	8.828562515840204794e-01	1.658929121048145425e-02	-2.545506155686583227e-02	-9.489370273917438481e-02	5.852588050692472121e-01	4.533719040811298728e-01	1.706749139128457937e+00	-1.173073881546713298e-01	4.985300346525051163e-01	-6.861619604651811311e-02	-7.208514792979918429e-02	-1.002534874252710567e-02	1.225321309225811062e+00	1.607690174135927519e+00	-1.215506048236312392e-02	-1.045751397573630725e-01	5.388342388742954903e-01	-1.541585209370005816e-01	9.968021900632855203e-01	8.773830811066937185e-01	-8.798401024146435033e-04	-3.747468179230476620e-02	1.489746854188134462e+00	3.142721819675501349e-01	-2.818627445064425877e-02	-1.546100615956658088e-04	-3.101255618578156736e-02	-1.017606412031496071e-01	1.591440719986642494e+00	-3.191117340081711749e-03	-1.470762313651583497e-01	-9.903971890091439745e-02	-1.573850432211025274e-01	4.446155907749567149e-01	1.400757666455510364e+00	2.143429292352331039e+00	1.598648830691382638e+00	9.515111635524359235e-01	-7.128415580464866896e-02	3.920018453590387586e-01	9.688846701315413368e-01	1.353508758614784036e+00	3.607257965434330221e-02	1.239544876846370824e+00	2.044089289098330209e+00	-1.457444549865843410e-02	-1.067152208409209296e-01	-1.084481329963524338e-01	-2.018392234706290617e-02	-2.006986470323164282e-02	-5.056668078448138537e-02	-1.433676385460189440e-01	1.614732226574045360e+00	-5.142007324445889427e-02	1.937449961731063874e+00	-5.767932109129846746e-02	-1.691982292002448263e-01	-1.344107935186735214e-01	-4.605717876832288171e-02	-4.187978747327958384e-02	-5.817587202198842150e-02	-1.520742209354617076e-02	7.245975991242926684e-01
1.515206301915756004e+00	7.687390670733769138e-01	-1.693113644689932251e-02	-7.886992967114361819e-02	-8.988293572355277039e-02	2.265481770896586866e-01	1.119855709641895736e+00	1.896979512793944833e+00	-6.055452318996693700e-02	7.506061684713128956e-01	-7.801532791804301203e-02	-4.795887835272756583e-02	-1.764470602851371528e-02	1.256869175653527293e+00	5.826075688157762444e-01	5.519083332817574794e-01	-5.652956671168865577e-02	9.980030643456747619e-01	-1.579612261384165384e-01	4.387922648173692153e-02	-5.988338058787524149e-02	2.903980764843355211e-01	-3.528113319101501555e-02	1.015240482100059793e+00	-4.640230999215508474e-03	-2.732067498994105240e-02	7.911633962951197807e-01	2.421740557620254974e-01	-1.027752693407502083e-01	1.256825123581629455e+00	-1.479288976479952583e-02	-8.951690904331013887e-02	-1.002082235443137320e-01	-1.566538910298313492e-01	7.423174186898193749e-01	1.588425336132110344e+00	1.858132048033600547e+00	1.657154072770748332e+00	9.623929750067435895e-01	-7.190901221432695334e-02	9.632303513151969643e-01	6.282505201848342935e-01	1.251823794441157656e+00	7.611798095163972711e-02	1.220268294489853078e+00	2.203254436737873245e+00	-2.782887142343204445e-02	-1.115391110336650532e-01	-8.071365679300594731e-02	-3.125247356091836320e-02	-2.251108065317438886e-02	-3.813742104323149251e-02	-1.301830211911424451e-01	1.632279955207367239e+00	-5.487685215050787380e-02	4.420894793544098977e-01	-6.542920548161433592e-02	-1.559732070797987813e-01	-1.123410362429283216e-01	-1.973372256519911536e-02	-4.003543074266396190e-02	-7.760232290781043929e-02	-1.993242371821576583e-02	-6.837330704724552989e-03
-2.490678500379457649e-02	-8.869417359409127732e-02	2.697041674757430854e-02	-3.499588376603618989e-01	-1.304745123999307699e-01	-1.250913302135952532e-01	-3.058578043129198468e-02	-2.914837810301722232e-02	-5.750247516719499824e-02	8.446710628431748358e-01	-1.254350364225815251e-01	1.660445693981328796e+00	-4.017948731549682989e-02	-2.678918028497275297e-02	3.075643308382696728e-01	1.860522291169009745e-01	-1.645729986471092809e-01	-3.195787040046359911e-02	-1.722235972390968040e-01	-7.984646229767788927e-02	-8.640599261492531991e-02	1.079162873349694962e+00	-1.137175203742989277e-01	-6.761497113855638452e-02	-1.016988627611901778e-02	-4.224108242887498338e-02	-1.319743336741486389e-02	-2.474767832085186803e-02	-1.186742313527285736e-01	-7.761609939350584686e-02	-1.142831263893054755e-01	-1.267024848589516639e-01	-1.050554729470157128e-01	-1.246759319734625504e-01	5.994463719759050013e-01	1.721170252185000860e-01	1.436911607617814335e+00	3.369691066427231707e-01	2.624267212655324866e-02	-1.052480850429746706e-01	-9.069583168198083745e-02	-2.470621023103860073e-02	1.098934093895060471e+00	-3.322010520805538519e-02	-1.240380733905572901e-02	1.351111886669353057e-01	-5.747162382577393480e-02	-1.154972227689091413e-01	-2.993633742880114773e-02	-4.252279969914712909e-02	-5.700319970423071980e-02	-9.225075476227483084e-02	-1.508430568404876271e-01	-6.844971094048840632e-02	-6.755687267760193682e-02	-2.357671679537648446e-02	-2.733606606486826407e-01	-1.981293477813378112e-01	-1.254985161427287776e-01	-1.483273885382661583e-01	-1.006857707550939257e-01	-6.988481269864735279e-02	-4.310738220718401265e-02	-5.871175001353352157e-02
9.738504660822474568e-01	6.963360754988282553e-01	-8.060838471893809476e-03	-1.447551560854457853e-01	-1.128508865500171127e-01	-1.210267032783463731e-02	8.406128882653802759e-01	1.389113027023150204e+00	-7.917548589181103158e-02	8.693568849584085712e-01	-9.986280187116343410e-02	-1.717171117260102298e-02	-2.485754747252433630e-02	8.350406270438242018e-01	1.020005025097678653e+00	2.910578269945634511e-01	-8.498182832235018358e-02	3.689126690841146305e-01	-1.713558031732457243e-01	-9.829439998243474572e-03	-3.822396094522040322e-02	2.621735536083156237e-01	-5.907632373786315255e-02	1.027145720307860000e+00	-2.385152104734196421e-02	-3.270699866486443536e-02	4.204332644646194272e-01	-1.474655475081863452e-03	-1.122323696218936323e-01	4.318684983685051049e-01	-3.071918534076097454e-02	-1.127871742657257370e-01	-1.069469655437390171e-01	-1.680030948963054382e-01	5.342779140328081100e-01	1.589002634816458537e+00	1.891755708757032250e+00	1.672920587248206470e+00	7.243707021864692619e-01	-8.624924598715004442e-02	-1.256566707064837515e-02	5.453187030872693741e-01	1.136123041271396961e+00	-2.410912878034219414e-02	1.156595740454178678e+00	2.048760229219646511e+00	-5.084115347312341548e-02	-1.157998820463139178e-01	-7.092844292217222180e-02	-3.663808427174680693e-02	-2.204052851856434792e-02	-4.674543545384654553e-02	-1.612490458746111688e-01	1.361419221234937194e+00	-6.069984025840169384e-02	6.767654546554862094e-01	-1.190727566151454225e-01	-1.885137488530430339e-01	-1.329148180453387784e-01	-5.923974732386058650e-02	-5.336433151649690870e-02	-8.166273205393216605e-02	-2.407387486770886167e-02	1.749059984918436284e-01
1.628898627252673093e+00	1.212006885746333085e+00	-6.192608052003409228e-04	7.652196444895835725e-01	-7.468638449716505368e-02	1.146678650125662280e+00	1.010629081462650181e+00	2.082089264205874368e+00	-9.583884157027286466e-02	4.611649830279947460e-01	-4.589995118862336132e-02	-8.589071374869790276e-02	-6.094833339480625056e-03	1.484179881483493890e+00	8.626452625116610706e-01	2.027065538070962625e-01	-5.872713515730240003e-02	8.684278562627365528e-01	-1.300533198475579133e-01	1.115908664465300459e+00	5.055713377296102706e-01	-1.380952617920872851e-02	-1.291414838876686795e-02	1.243487199969646628e+00	5.200199084021470686e-01	-1.889657351481488154e-02	9.593320310980513188e-01	3.598934326308788068e-01	-7.483623524975616115e-02	1.543036982615253683e+00	2.842372663041489167e-01	-1.067750641041450010e-01	-8.134134729516569184e-02	-1.345879844563864502e-01	7.259717144349718820e-01	1.611558433295464443e+00	1.953751379452050685e+00	1.478129488053917528e+00	1.041563701315487922e+00	-5.733045891543616518e-02	1.181372961020907386e+00	1.095648934794850371e+00	1.000484709831851227e+00	-2.497743156142668858e-03	1.357012858386652754e+00	2.121597423819687744e+00	3.466814822379808425e-01	-9.294165650943141121e-02	-1.037222872641131860e-01	-2.218518678285571685e-02	-1.575654218777345836e-02	-1.295533283536844799e-02	-1.108060099214564220e-01	1.773072144897541724e+00	-4.363734483171596845e-02	8.755823337719713662e-01	-1.174510953171069814e-02	-1.166383067909909227e-01	-1.051072634117725807e-01	4.473269134372471201e-01	-1.953589541969577917e-02	-6.425026662256314025e-02	-1.060898709060414426e-02	1.066015055666719391e+00
1.241796082058110429e+00	5.952536738333235045e-01	-2.111025544867736747e-02	-2.968915318709797625e-03	-9.205887840132874478e-02	6.654892867992384664e-01	6.666132686520558348e-01	1.541484561661092823e+00	-1.107744568957663434e-01	8.819009622985531927e-01	-6.240161325852643798e-02	-3.119819202946336190e-02	-1.630820642106731166e-02	9.574229304179162625e-01	1.483643840248781043e+00	3.459390807908143128e-01	-6.616158357828590131e-02	4.159325965841328965e-03	-1.324102381749771296e-01	6.397517282449782794e-01	6.015374909772421841e-01	-1.373921436056268347e-02	-3.120029924019483356e-02	5.854458399329736107e-01	1.667264524531599235e-01	-2.385899005243364776e-02	1.041099077234823644e+00	3.123938942690018816e-01	-8.690896629267468032e-02	4.657264227988121563e-01	-1.187269194991475742e-02	-1.460092559972238635e-01	-1.028345916997182863e-01	-1.325156107203658562e-01	6.125748746267839495e-01	1.064969040730122884e+00	1.896758413005040556e+00	1.405300484757495916e+00	1.104175832861263418e+00	-7.463256800308906702e-02	1.187195531587032615e+00	7.769166771739045574e-01	8.979088124475747001e-01	-6.315405802684889540e-03	1.152817972607125485e+00	1.686369835122546901e+00	2.055555801617096889e-02	-9.259908844990667742e-02	-8.210894197017898355e-02	-4.120360388769619270e-02	-2.824461950705012270e-02	-2.740389229115825637e-02	-1.412991009661088704e-01	1.397576244102317400e+00	-4.734026195522826608e-02	1.004488237338867718e+00	-5.571467207160343132e-02	-1.038135967827532591e-01	-1.324440791975568799e-01	-3.081959317963534756e-02	-3.739994552273717687e-02	-6.395644490789520464e-02	-1.609729581695620859e-02	1.289531001489592876e+00
8.734471932247483972e-01	-1.053001403737006680e-01	-5.466344484322373590e-03	-2.354649611636031037e-01	-1.012908446330251927e-01	-2.638596603786434389e-02	-4.269142718391442763e-03	4.082463584647245680e-01	-7.415148434774933295e-02	1.464864731167386802e+00	-9.502275315971371594e-02	1.176806165463543774e+00	-2.292501574966438610e-02	-1.299036758568001919e-04	7.866102912493787569e-01	1.321773279491144315e+00	-7.163226470293973525e-02	8.415833609871179455e-01	-1.641682137614600412e-01	-1.689797551444229690e-02	-6.386049630348626660e-02	8.340320745622995524e-01	-8.327291722569511723e-02	-1.087263273098866834e-01	9.823352668408051880e-01	-3.787811657116262748e-02	8.380703451049028585e-01	8.270449555687670040e-01	-1.187265883252599796e-01	-6.066852146634774123e-02	-7.876268314536072346e-02	-7.869178677922968046e-02	-1.206694437500549777e-01	-1.222058756370218713e-01	-2.995474243601270372e-03	-1.378293198536065418e-02	1.281355564843152717e+00	1.382802898027453375e+00	8.426478985232220831e-01	-9.959000163763472024e-02	7.352165053535558714e-02	-1.682685390179981810e-02	9.991508036017029415e-01	-2.063673128178199635e-03	-2.468674152606267595e-03	4.223900780259972620e-01	-4.616762440491928993e-02	-1.125717937290529741e-01	-6.156433975624252264e-02	-5.338093045585064200e-02	-5.212143134473386230e-02	-9.542241296967494957e-02	-1.251000322711745827e-01	-1.410862210304804354e-02	-6.652374967331114997e-02	-6.308684751231934118e-02	-1.747144578389338565e-01	-5.883540870028189373e-02	-1.321508090600948815e-01	-1.397836217101078582e-01	-9.072668714975652693e-02	-5.518858974564768566e-02	-3.799080247267347388e-02	-6.672262867649932094e-02
1.214657989444117847e+00	2.679445265481912308e-01	3.190344053382389022e-01	-7.299521366986692905e-02	-1.017028847841394135e-01	8.331148989583273545e-01	6.517542582019795194e-01	1.615100205249876408e+00	-1.248880731565506774e-01	9.182174652913672741e-01	-8.460071168374226624e-02	7.119390773896561164e-03	-2.298589088993199803e-02	1.068982805964515004e+00	2.065176773187782366e+00	2.162202661310748050e-02	-5.205482203809244646e-02	6.121323866260883761e-01	-1.533537067606845772e-01	1.244229051730405988e+00	2.651716264785488053e-01	-2.841342286209772028e-02	-3.695467217353646389e-02	3.198562281626859405e-01	-6.426343335433045215e-03	-2.250484640063663000e-02	5.394678647226310853e-01	5.419795646600332750e-01	-9.977624488314851270e-02	2.336830347313327283e-01	-6.286159956406818690e-03	-1.141494376484161327e-01	-1.098347708076092555e-01	-1.450599884417879126e-01	5.656710774783232920e-02	8.130357759534661000e-01	1.832960631227326553e+00	1.927656513171047248e+00	1.073289236886920239e+00	-7.354507230705480125e-02	1.534047220039039539e-01	4.569258527773207290e-01	9.957905674347323766e-01	-2.087946409750278398e-02	1.026486259609217022e+00	1.811989233427832247e+00	-3.983296565268062972e-02	-1.039752713303285919e-01	-1.101345210961799659e-01	-2.603056663926075695e-02	-2.299080699237684641e-02	-4.399859528474087123e-02	-1.493598524216838974e-01	1.776008635060120078e+00	-5.170179555145672928e-02	7.898171612152931065e-01	-5.279040500572033251e-02	-9.784367116736546188e-02	-1.470516837194344728e-01	-5.200994438463446556e-02	-4.208831828151129301e-02	-5.569298074676352905e-02	-1.783994640733687145e-02	3.146782596891316564e-01
1.672948580624796788e+00	9.132004973804219716e-01	5.011774762909547432e-02	-5.408154863723965700e-03	-8.144937558007192546e-02	7.065608715408938645e-01	9.523837077040044896e-01	1.970362354130638760e+00	-1.023631554299931634e-01	6.761865017790718024e-01	-5.979142945561507355e-02	-7.589980578020215363e-02	-1.049587325121069045e-02	1.429240123630229231e+00	1.205475311455820320e+00	1.401518878008115587e-01	-7.376858500925188855e-02	9.212252819660171621e-01	-1.442881362421440106e-01	8.832892090577860733e-01	-5.005116916996821784e-03	2.260360670065653804e-02	-2.536662301658242774e-02	1.022992030405557973e+00	4.397262696216668321e-01	-2.742541056429778287e-02	6.256480220038790341e-01	-1.718567269073546788e-02	-9.454247175125388147e-02	1.765433392404609725e+00	-3.006301683316376858e-03	-1.100814649662388428e-01	-9.717936636234113246e-02	-1.438298849092324860e-01	3.313175992501222744e-01	1.326218104319454083e+00	1.997351792040072072e+00	1.700423142219473105e+00	1.184017346595990672e+00	-6.339725650985925109e-02	1.200235711245551284e+00	7.591489726857451048e-01	1.340045760867315749e+00	4.185740129113810215e-01	1.120238276974837799e+00	2.035218101354394182e+00	-1.195540924374207357e-02	-1.012684257369446117e-01	-1.073006068040715522e-01	-2.244903325638172853e-02	-1.927907324630487654e-02	-4.425002521418862356e-02	-1.284526636172416136e-01	1.693805713148586634e+00	-5.163287153578153404e-02	1.386463361474303602e+00	-3.460480620949873271e-02	-1.356203475675706038e-01	-1.208945715372098662e-01	-2.560388915723523298e-02	-3.876381263827549661e-02	-5.978891637838657652e-02	-1.453188434862926794e-02	5.632581295964840251e-01
1.267850874317829390e+00	1.161545689903093370e+00	8.158785230789306064e-03	-2.792067367513351162e-02	-9.264842229902660320e-02	6.888627609032074162e-01	1.091839376840611164e+00	1.883153873208638363e+00	-1.036424419519987733e-01	4.481697373894832914e-01	-6.786899482764353897e-02	-6.171116834513454275e-02	-1.335615296158200634e-02	1.285091265035964048e+00	8.864846040926601667e-01	-9.071468432856506781e-03	-7.909734977227135533e-02	7.044631757360388935e-01	-1.448428346349245888e-01	8.140804938502241850e-01	4.935587428277329880e-01	-2.005807019461740628e-02	-3.008377898100308631e-02	1.061387337040843537e+00	-5.883813393056700793e-03	-2.544136725742154881e-02	7.552165503569207017e-01	3.210210244211076369e-01	-8.197640577702156039e-02	1.035519872942450181e+00	2.273945797166049276e-02	-9.970929155648655673e-02	-9.027655215571681047e-02	-1.497254657568569125e-01	5.543297584535216149e-01	1.673633809697280928e+00	1.962244892926085837e+00	1.642563135958253762e+00	1.029314427070119775e+00	-6.769069601318236651e-02	5.763029785979754127e-01	8.680320279771910341e-01	1.096644006450806952e+00	-1.148631673275326073e-02	1.221503675207054718e+00	2.157148912161731769e+00	-6.121386622479545701e-03	-1.010290347471517192e-01	-8.775817084810511037e-02	-2.675112146208334304e-02	-1.522935107945576870e-02	-2.937539252889313779e-02	-1.357403168499557444e-01	1.847791856330071703e+00	-4.651158273865024090e-02	9.081366505435511938e-01	-5.089835438556617603e-02	-1.349095053443957470e-01	-1.183372025904787378e-01	-6.556299856113180589e-04	-3.581215415349806030e-02	-6.694682610890595464e-02	-1.297530050225575299e-02	8.201684444539679708e-01
-9.910479855264840710e-02	-6.326568078627931024e-02	-4.835412425531303987e-02	-2.364053750758390027e-01	-3.866297687957971629e-02	-9.029346390631345920e-02	-3.356181045668881618e-02	-1.109846796865243679e-01	3.955198486172035732e-01	3.952214986553850840e-01	-7.276520182661383451e-02	-2.407378301165948031e-02	-1.013016296732487803e-02	-4.184946276185588093e-02	-6.584596108741527787e-02	-4.143586887566116234e-02	-1.535811304846694536e-01	-1.867844988683442162e-02	-6.915022827019536023e-02	-7.874386991841783590e-02	-5.110922572580467449e-02	-7.199204409117745951e-02	-1.880986862767240406e-02	-8.897569922948361798e-02	-3.733147819943537921e-02	-7.439212840667067117e-02	-5.487471887465400489e-02	-8.695286602455221114e-03	-3.055214022504408600e-02	-8.918377049947114055e-02	-8.666319684924089772e-02	-5.319630176607573896e-02	-2.719599546685747687e-02	-1.218009274384214760e-02	5.809993651775975654e-02	-4.114192792624703221e-02	-2.874516472430917527e-02	-2.900816848277266297e-02	-1.522152119780157374e-02	-4.943034518217972670e-03	-1.165634017456059907e-01	-3.564729969313675667e-02	-3.013121519925138214e-02	-3.126005770045023335e-02	-1.248260864787853995e-02	-5.187875083772800627e-02	-7.791885864694515773e-02	-2.972884234351400382e-02	-2.108659592850384290e-02	-2.033467763097208253e-02	-6.171955420627835837e-02	-8.213937802963325319e-02	-7.318117673071478091e-02	-5.401897142886772502e-02	-2.392885805098749364e-03	-4.763469964855845951e-02	-1.487020712187475391e-01	-4.272096782682540533e-02	-3.125472610588106437e-02	-1.202282365237427181e-01	-3.479890819254147227e-02	-6.766926797841998908e-02	-4.801669691214225516e-02	-7.743345192332390381e-02
-1.051928449827758960e-01	-7.021442317624608520e-02	-1.406414939361118333e-02	-2.310676659837908598e-01	-7.646994428986637893e-02	-1.029563399956821279e-01	-4.806423890690202788e-02	-7.201913679920809996e-02	2.507147969316663172e-01	-4.741860167400815083e-03	-7.634052809838132170e-02	-4.123505319786346240e-03	-5.496474956599941945e-03	-4.304375772434712588e-02	-4.347180175398151353e-02	-5.171010679357736228e-02	-1.582540349856447759e-01	-2.524523992373040732e-02	-9.955760235357277721e-02	-8.112444615904615408e-02	-1.910169089600514958e-02	-5.397526723225488932e-02	-4.296987466643156089e-02	-8.885692041247739148e-02	-2.313862207292519471e-02	-5.496784107929926499e-02	-4.570588696027419462e-02	3.875822755542539244e-03	-4.686159407634839930e-02	-1.021708619051886896e-01	-1.077831984409794025e-01	-3.112895604015678691e-02	-3.681853853509599317e-02	-2.355732387352293608e-02	-2.834796593551035943e-02	-1.840972839973641431e-02	-3.533893331710153546e-02	-1.700634618232801931e-02	6.449567810971890136e-04	-9.906308996118070795e-03	-1.309062848610536289e-01	-3.732617054681669488e-02	-3.679796824477786499e-02	-3.157459738196743970e-02	-3.004541633723557467e-02	-6.427432758565876370e-02	-9.286829688808340144e-02	-6.867836730573094635e-03	5.899181328444451644e-01	-1.712326732283075276e-02	-5.190587454353909336e-02	-1.149921101756331970e-01	-1.180472303573645437e-01	-5.705148853314332552e-02	-2.199073313422275633e-02	-3.847491470741591646e-02	-1.783922039625569778e-01	-6.399638782818420357e-02	-5.072218491209846275e-02	-1.614417933013814754e-01	-5.342297585427114442e-02	-8.017553973126163858e-02	-6.536461956053754574e-02	-8.249461865128576710e-02
1.660668942526772662e+00	5.944007097666182959e-01	1.456529117496350306e-02	-7.037937265218378868e-02	-8.740034829375351033e-02	3.404439307551644367e-01	1.249503469834377878e+00	2.041718407141320135e+00	-7.620456851150049504e-02	7.419570895658014198e-01	-7.456526612447285374e-02	-4.033469026899911408e-02	-1.701405421231851414e-02	1.283551239245363407e+00	7.073703749655341211e-01	3.935828084120185921e-01	-5.408266839645642365e-02	1.157961532249301984e+00	-1.550038771922083725e-01	3.719559380662608716e-01	-5.912330191745076430e-02	2.744686824856960028e-01	-3.229291569903881831e-02	4.589706658016709517e-01	2.068648754423695058e-02	-2.776816246801002558e-02	9.919504548595357019e-01	2.988006548219308556e-01	-1.009154763129235660e-01	1.263006578094394428e+00	-1.554287984226189988e-02	-7.181090948311515121e-02	-1.026189309662032118e-01	-1.504939131833208377e-01	5.031087319128507707e-01	1.398583280317970301e+00	1.820274511251816829e+00	1.808603800790727467e+00	1.191922681231231795e+00	-7.209656846131724806e-02	1.245198027859056422e+00	5.129742328923708738e-01	1.351151356819471072e+00	2.560561466656539609e-01	1.078137578326659352e+00	2.165392817812656023e+00	-1.867255911520261658e-02	-1.119809170747561311e-01	-9.186271516332908393e-02	-2.858641476240962945e-02	-2.164948508894723803e-02	-4.319582168926129617e-02	-1.282693378884559587e-01	1.601179580166098182e+00	-5.454046220485015556e-02	4.235087806599032167e-01	-5.778805199069344395e-02	-1.322402475975907599e-01	-1.171989399315337133e-01	-1.249358036821034482e-02	-4.089010552656280328e-02	-6.892971376965546793e-02	-1.772478694029931343e-02	-1.171255995012708898e-02
8.526067908436175680e-01	7.124267581930127102e-01	-3.017152914442853412e-02	3.258522170829306619e-01	-1.053528707993484220e-01	1.844011726453899935e-01	1.324896366582194174e-01	1.149672771294534712e+00	-1.395789278988742721e-01	5.907936254721044556e-01	-5.472766564570565040e-02	-5.856684041025164711e-02	-1.732663436631786541e-02	1.086507457678064670e+00	1.640294727477567216e+00	-1.094291156687564326e-02	-1.323647939277262375e-01	-4.900614245893586060e-03	-1.244243990404776401e-01	5.564316718964026354e-01	2.598128422115382641e+00	5.554338052838292406e-01	-4.919042681722243099e-02	5.656795223253954230e-01	-1.156808626722822045e-02	-3.696210510594047371e-02	1.479080848938634007e+00	-6.408602021179202191e-02	-8.579178281464587552e-02	1.738628865165544157e+00	-1.424796291423880389e-02	-1.755667798178437988e-01	-1.036495432821402662e-01	-1.382258913826237556e-01	4.633767728335324021e-01	1.068179896130090123e+00	2.089444467384292459e+00	1.270627114337940622e+00	7.513421210780798498e-01	-8.011132162452377914e-02	1.079324009768389381e+00	7.053536891698062306e-01	9.266376872663505404e-01	1.089929029366910385e+00	9.252221883070440578e-01	1.335831171912329918e+00	1.226950579914715345e+00	-1.026246281288363399e-01	-7.575236334560921103e-02	-3.695999764760350692e-02	-3.648623362496961758e-02	-6.836265679129217843e-02	-1.507251410633294320e-01	2.079049601099752120e+00	-4.377044359239681132e-02	2.697625666542524225e+00	-7.661260092740583560e-02	-1.899714454856693269e-01	-1.348754103569840546e-01	-2.023452941482961620e-02	-5.225806333718025637e-02	-3.909455434879605118e-02	-2.432304062947825488e-02	9.961226776669508398e-01
9.395086144244980952e-02	-7.912941278300861248e-02	9.187393585725370793e-01	-3.058827786940514493e-01	-8.989886116160372698e-02	-2.060273918105702887e-02	-1.455145179739834350e-02	-1.558135706126663814e-02	-4.603716346771639240e-02	1.424078210258232335e+00	-9.155527428391546652e-02	2.680746055976701570e+00	-3.408230464012562688e-02	-1.135000029324354995e-02	4.345149062764945280e-01	1.224576632549330135e+00	-6.725495667928702015e-02	1.017610787424539698e+00	-1.390517550658011414e-01	-6.058508857128907556e-03	-1.041639788070236744e-01	-4.278488532704480263e-02	-5.890844556139198523e-02	-1.186286599294388566e-01	5.612838026334883157e-01	-3.061580977225280761e-02	2.805929898364066880e-02	2.126277030562664816e+00	-9.455143925169859354e-02	-1.373183344182804522e-01	-6.963639275534926065e-02	-1.289045448235363531e-02	-7.887669253196245844e-02	-8.872964752566710189e-02	-2.029586597937619100e-02	-1.976633054784262405e-02	2.455878549050569404e-01	1.064484526595183222e+00	2.526127686045583354e-01	-6.197659313803212389e-02	-1.231022797467426905e-01	-2.967166810084325909e-02	-1.064098558905456939e-03	-8.890704166177892942e-02	-2.499692001992727397e-02	3.272236951960335594e-01	-1.216502639573428801e-01	-8.993740578784568951e-02	-5.723648237394419330e-02	-4.019558975418233149e-02	-3.746466294041771172e-02	-5.737535072818397697e-02	-1.019260875667803573e-01	-6.279563479821308192e-02	-5.309925535187594997e-02	-1.135055313523065240e-01	-1.324526479931850409e-01	-1.078451829812937524e-02	-1.172945562595585078e-01	-1.141958328190462724e-01	-4.878327730160685743e-02	-5.557228303563127580e-02	-3.636186408817786847e-02	-7.579193728300565036e-02
1.256762704687446774e+00	4.584358458631064281e-01	1.579373015406969616e-01	-1.952302835128503361e-02	-9.316490427012871778e-02	9.492593583524812084e-01	8.514935333492672509e-01	1.645776116000979838e+00	-1.251333322121907232e-01	8.172781494223633203e-01	-6.760877542957362263e-02	-2.895431740735512210e-02	-1.811468382537346003e-02	1.063593356134085788e+00	1.456717924345984905e+00	3.026355724997377775e-02	-6.405064028661303088e-02	3.010009321815351746e-01	-1.362808186220235696e-01	1.107392345517273613e+00	8.669784752925160376e-01	-2.570906716344369125e-02	-3.323389908579728325e-02	1.768005177820557161e-01	1.905679413918352494e-01	-2.230663383859293400e-02	9.384144180749754982e-01	7.074701570114049209e-01	-8.215708557963301295e-02	2.456777603390168929e-01	-6.390280486055343462e-03	-1.173728415871786029e-01	-9.800859540766540534e-02	-1.345405362683085859e-01	2.478306548440762647e-01	1.022262197931633754e+00	1.853975684608353713e+00	1.576958162087061632e+00	1.086801565418167081e+00	-7.415376226277618776e-02	6.682242399408226952e-01	6.702041976897281650e-01	9.566323500410196523e-01	-2.364176059523769718e-02	9.799962560859585281e-01	1.721859758401761420e+00	-6.316304289595712010e-03	-9.495926531003248683e-02	-8.971818137620386768e-02	-3.850076845959572724e-02	-2.269944861421955770e-02	-2.564949524726290939e-02	-1.391792090783431635e-01	1.498094583447076245e+00	-4.527809769767283943e-02	6.168623872337274383e-01	-5.372890585464971253e-02	-7.424775477789476164e-02	-1.338931705737649858e-01	-3.394831405965776511e-02	-4.320546734392221450e-02	-5.913947173233027876e-02	-1.513338428116711362e-02	1.427060376957788312e+00
1.321034564429340641e+00	5.148422193415747028e-01	5.123873335692221698e-01	-1.193051362258285980e-01	-8.146505909732805473e-02	1.352512637107814220e+00	8.881102776414366851e-01	1.475287337368752283e+00	-1.117525327663976137e-01	9.671166592185824751e-01	-6.760448254347453667e-02	3.599847012948413916e-01	-1.019749786096044164e-02	8.602227875065617813e-01	4.911595663350372676e-01	7.308189277021930330e-01	-4.983301834589891344e-02	1.570584880779439807e+00	-1.413082865686593192e-01	1.470111528156662573e+00	-2.212210170868584430e-02	-7.558080119528773344e-02	-2.828450761160485744e-02	-1.406641417814617030e-03	8.079019819387218693e-01	-1.879779924020588688e-02	1.169397089271595247e+00	1.636211274855345232e+00	-8.006039307271739514e-02	-4.295893038324326285e-02	-3.088324358411798434e-03	-5.134608161950288824e-02	-8.827419809201880740e-02	-1.268174204810469941e-01	5.096219359614637678e-01	9.743366845118638375e-01	1.513435965396719318e+00	1.904553683411988274e+00	1.179984621055290006e+00	-6.656184780881115037e-02	-2.992464899706166401e-02	7.821712710767810828e-01	6.642766036226347426e-01	-5.070609867493044293e-02	7.514277140049869796e-01	1.880424897736409751e+00	-5.675859045326405589e-02	-1.076224278266420115e-01	-1.198328654453579695e-01	-2.733203787004878649e-02	-1.790770650849956083e-02	-4.009192048087578675e-02	-1.155639556771512061e-01	9.957508342136992541e-01	-4.711823779295418180e-02	-3.192783534409590618e-02	-4.708569494103143072e-02	-4.271649059100541407e-02	-1.240469060650003508e-01	2.292026669337901279e-01	-3.271908374217834953e-02	-5.494083610280720009e-02	-1.294774122683316035e-02	-1.390554768267329364e-02
1.689624741861288193e+00	4.995866856123969968e-01	-1.417880631489732736e-02	-1.038451219740824522e-01	-8.959381446740524724e-02	3.042816607878914281e-01	1.190033770357087128e+00	1.911407647945121635e+00	-5.807231368590319576e-02	9.603747042206031148e-01	-8.127468145990425497e-02	-4.587716424226220141e-02	-1.834175518231779059e-02	1.303630690646269796e+00	2.125786073547041855e-01	7.623496325003642493e-01	-5.512723214371335889e-02	1.541692125712771810e+00	-1.566833946479493922e-01	-3.547798554750104805e-03	-7.693491345768496692e-02	3.909135272688041840e-01	-4.119803900091187354e-02	5.789577960136835788e-01	3.671208003506629125e-02	-2.649657904260007205e-02	1.232824303424487900e+00	2.506989771219503282e-01	-1.065376758517801864e-01	1.349062099878100440e+00	-1.669092725209408296e-02	-7.052495305117054136e-02	-1.010487271307504015e-01	-1.550667806303649698e-01	5.790747476587408960e-01	1.540989407673813538e+00	1.760012618330376366e+00	1.747856381715419127e+00	8.941616171554022108e-01	-7.456924502688173917e-02	8.146565155785594481e-01	4.779869614274558920e-01	1.201928629462673648e+00	2.932346057829041119e-01	1.111097346252406304e+00	2.180848195091358743e+00	-2.975690612698397505e-02	-1.189394186949902371e-01	-8.534478363759137598e-02	-3.399456171336158461e-02	-2.264916212302769266e-02	-4.507677329482635831e-02	-1.227707426426201259e-01	1.787428893828511001e+00	-5.868100332596073304e-02	1.601846458315660526e-01	-6.657276776230627857e-02	-1.507013370607870606e-01	-1.090281660941853775e-01	-1.274853249678699514e-02	-4.703118584140422720e-02	-7.090938873929419906e-02	-1.835429802415678227e-02	-2.543447392697921125e-02
1.246632130021509965e+00	8.525955559699692765e-01	5.608671801343724228e-01	-1.368060729490828964e-01	-9.612713951366820553e-02	4.600632192224115014e-01	1.141061643620420618e+00	1.717789222533271154e+00	-8.068993314498994207e-02	5.808161672035661027e-01	-8.280002641709639788e-02	1.634244135348424110e-02	-2.125317287738846470e-02	1.074554369638152096e+00	3.926778342129281785e-01	3.384709256533934840e-01	-6.724896142145629641e-02	1.041513893125620038e+00	-1.595139668082994622e-01	5.465768757585156568e-01	-5.392299779843920393e-02	-3.037923917708211519e-02	-3.817124811467274142e-02	3.886469743442750313e-01	-3.995545626953538217e-03	-2.215721575726150444e-02	8.889593692819054427e-01	1.454645513593134210e+00	-8.824357649803936388e-02	-4.436303449919851323e-03	-1.068808655979553053e-02	-4.425932575764847388e-02	-8.841677054422825144e-02	-1.531039883172260196e-01	7.608126348978300202e-01	1.586018554117571755e+00	1.573109817786056741e+00	1.672678390961087613e+00	9.626081295669515203e-01	-7.368728437991010904e-02	-1.673792925419248165e-02	6.986292750890544800e-01	8.802082972469652544e-01	-5.319748576644155874e-02	9.587227622118715820e-01	2.182107283833600864e+00	-5.095673097319606409e-02	-1.133763834804906029e-01	-8.536465394049785882e-02	-3.031774809821196834e-02	-1.581371525939695433e-02	-2.377031071577079269e-02	-1.322565906669535829e-01	1.106666379015260215e+00	-5.013648539201805837e-02	-2.963681185649736163e-02	-7.545189144395485215e-02	-1.157263535142847438e-01	-1.181671407060103512e-01	7.371786130187468755e-02	-3.131413890350497053e-02	-7.861486064098516247e-02	-1.421770725984797257e-02	-2.406219491074108538e-05
-9.137621086429967288e-02	-1.048242691517147634e-01	-1.581445508966500615e-02	-3.016641293996533135e-01	-8.148418758509216875e-02	-1.135646309253794256e-01	-3.786775660067396437e-02	-9.785579267325437980e-02	-3.043304180463138938e-03	8.215429175994733157e-02	-1.144265193118099017e-01	7.873122441299985619e-01	-4.658554382538154792e-02	-7.349427082757717389e-02	-1.204065892115308185e-02	-1.511801691990132673e-02	-1.228973640165648695e-01	-3.441107435773992779e-02	-9.379769882900904077e-02	-6.756895477140929807e-02	-3.940122303122496616e-02	-3.666079293463567895e-02	-6.457234664626114451e-02	-9.016354591658201634e-02	-2.695402390872404449e-02	-5.322205476018367770e-02	-4.312083391972160867e-02	-2.368821613954917582e-02	-6.620536435233767558e-02	-1.283784544400039807e-01	-1.023643272645830826e-01	-8.483368033964369670e-02	-5.595922827363715435e-02	-5.186228677946243260e-02	-2.757647321171879939e-02	-5.428932360077761560e-02	-5.564219456550682265e-03	-1.007404568682677796e-02	-3.930675061248992824e-02	-3.296367983574784166e-02	-1.580352584660346116e-01	-5.829441432202151635e-02	-2.136461473578483289e-02	-4.937599190552064560e-02	-2.020921401258531785e-02	-4.691262352554338710e-02	-8.064089871420500322e-02	-3.361595598697757897e-02	1.315336745449789957e-01	-2.203564168335920767e-02	-4.952795252147604299e-02	-9.014546244411451859e-02	-1.038535744893346185e-01	-5.423281525050890894e-02	-3.464984309220182912e-02	-5.950708667612059077e-02	-2.160001474398166588e-01	-8.967904278903000848e-02	-7.990710459068187110e-02	-1.712768682044323587e-01	-6.742665836216214792e-02	-5.446458833893816354e-02	-5.573518626479143090e-02	-8.512487029017096196e-02
1.006053155788488640e+00	5.152399913049461599e-02	8.005721645357568583e-01	-1.411393031547203969e-01	-9.525390884451082063e-02	1.015967842796113851e+00	7.661822057196325808e-01	1.343260037808505336e+00	-1.165108909700116324e-01	6.686115273354368282e-01	-8.343064906654054647e-02	7.680113719733768773e-01	-2.117851624629167248e-02	7.739936215097886762e-01	1.039551179776925016e+00	3.029239099890400633e-01	-5.049093709589225210e-02	1.133401376550678741e+00	-1.558754947746978647e-01	1.418775504998036174e+00	-1.265149462863966040e-03	-6.814071995754666933e-02	-3.839697833389476428e-02	-2.193451745857393637e-02	1.178235738904126612e-01	-2.240293071619593387e-02	7.519283763353211691e-01	1.997016511065672129e+00	-8.273742506601912405e-02	-5.574595131337942155e-02	-8.897515764109799677e-03	-4.378193653846835370e-02	-9.499029853613843999e-02	-1.323068336662015509e-01	1.497699629910039798e-01	7.341091412992671872e-01	1.405299323347947160e+00	1.879678843750764994e+00	1.100709054566447298e+00	-7.219435875573942951e-02	-3.722767722467209411e-02	6.621960199799991065e-01	7.408562462483714306e-01	-6.238367280725472946e-02	5.955629868953014050e-01	1.606736216979947729e+00	-6.370880184638581800e-02	-1.035597425941034294e-01	-9.204444568334364807e-02	-2.394415854064148655e-02	-1.608526660209805975e-02	-4.208869901178824424e-02	-1.302577821658607304e-01	1.058790042915999541e+00	-4.326033895893712650e-02	-3.880041763447703018e-02	-6.784172694681765703e-02	-4.446331395162653882e-02	-1.353225942975337381e-01	-3.103970681775470794e-02	-3.908378792733524509e-02	-5.774128295610431172e-02	-1.587345338004347850e-02	-1.472664479727498268e-02
1.350943060533704054e+00	8.239708433432684220e-01	-1.625764999554120752e-02	1.301584256985234722e+00	-8.394007063173720973e-02	9.252952642443186271e-01	7.797672357830911505e-01	1.767542447156494667e+00	-1.230620019945510707e-01	6.014304819042810557e-01	-5.159089389338891024e-02	-7.620803479179921736e-02	-1.384597657928573165e-02	1.247152112048627526e+00	1.706605892624817100e+00	-9.758805181609550919e-03	-6.102643497659502453e-02	-2.528904132080566323e-03	-1.247537919141179924e-01	1.173153158592926903e+00	1.326099888436342855e+00	-1.832870538821245593e-02	-2.019127423132207125e-02	8.830357082739519470e-01	7.642270474533657820e-02	-2.667954320215303390e-02	9.639223870245280379e-01	-3.083272415905509867e-03	-7.607938136923714234e-02	1.175040257629925478e+00	6.977272369011570941e-02	-1.396172322320850812e-01	-9.709310045884568530e-02	-1.309608174474944098e-01	3.059780569104474379e-01	1.159569892134518110e+00	1.939752530987853607e+00	1.546221170009502321e+00	1.342675750921125566e+00	-6.280410152250648359e-02	1.796727118766339837e+00	9.138030892451360909e-01	1.044732898061230930e+00	2.875612656323540683e-01	1.296101003024121789e+00	1.686153049120546088e+00	3.841842287582920012e-01	-8.137285635002167172e-02	-8.543443045443351036e-02	-3.312351150503185099e-02	-2.306738795161304353e-02	-3.480095313766422976e-02	-1.410260035253175503e-01	2.000369442707984113e+00	-4.046845870062407841e-02	1.468655121142609099e+00	-2.763260130518764915e-02	-9.387695536141987818e-02	-1.290307990843795327e-01	-2.655883699376761914e-02	-3.543749816360031168e-02	-5.567457605431117007e-02	-1.358614180299897063e-02	1.562877616181232110e+00
1.420436519150162225e+00	4.759520960787081978e-01	1.732743460933935664e-01	-6.471562918523017516e-02	-9.011652840638027795e-02	8.793981070069901707e-01	1.141458002798699578e+00	1.865054404546638844e+00	-9.812516007288406283e-02	6.779525478149869278e-01	-7.634506365763185642e-02	-1.474672567775830653e-02	-1.724018963183027858e-02	1.213304732643254003e+00	1.140021412168729764e+00	2.425263493841998130e-01	-3.891986889396035348e-02	1.061181369612457237e+00	-1.500979627765225144e-01	9.437061092633231008e-01	-2.074637669019186240e-02	-3.119944705040710031e-02	-2.731403738235230194e-02	3.116358774292647960e-01	-1.956835228609816329e-04	-2.215437547535729565e-02	1.148090998088211689e+00	9.838453388062583516e-01	-9.083729518078600962e-02	5.704858369870337009e-01	2.504324641007882324e-02	-6.518875202629591248e-02	-1.014923700592465228e-01	-1.439669042128643994e-01	4.161974814198933226e-01	1.189453112457661055e+00	1.725462097807832107e+00	1.949962033649355941e+00	1.257230141045784455e+00	-6.862456551401069360e-02	7.997504155798094150e-01	6.497522637080859198e-01	1.085593688943378599e+00	-1.159414476467650681e-02	1.134788991327300822e+00	2.012536545620543738e+00	-2.217040440880033852e-02	-1.014154588230066628e-01	-9.898766787679111334e-02	-2.579165598826848455e-02	-1.941927937940205948e-02	-3.563437920338630160e-02	-1.312724767176584872e-01	1.945416839187416258e+00	-4.943129422599078920e-02	7.364182634163615737e-02	-4.061512356097360388e-02	-9.309706974615637731e-02	-1.265721890387803417e-01	-1.525008403934137446e-03	-3.203016029237081702e-02	-6.450930079567648856e-02	-1.420875345052509571e-02	-6.187920700512738494e-03
1.068881545044785497e+00	-4.093619514826265376e-02	-2.565594737665459479e-02	-5.637034728553825397e-02	-5.954656916619476686e-02	1.927755800855003976e+00	9.745735678479803266e-01	1.199966847177656559e+00	-8.169464170645582279e-02	1.125446557374780054e+00	-5.824504333746605145e-02	1.366145737794885351e+00	-1.177427327999551986e-02	2.459803734563842381e-01	9.124831916414298805e-01	1.098154114765461653e+00	1.389958058499904725e+00	6.064179838549803581e-01	-1.019650172555976730e-01	1.318541785537595379e+00	2.984390741163039928e-01	-1.177726306441697901e-01	-2.057120666428688058e-02	-4.094905686531091771e-02	8.213704010996574212e-01	3.410854522337086747e-02	4.737133176212179331e-01	3.881861277736323945e+00	-5.239823252984061874e-02	-1.485125127903272613e-01	3.619787987766254211e-02	-6.394657322002322841e-02	-7.513370289107376698e-02	-7.668283275151752121e-02	1.857178823134580936e-01	2.391892065880974472e-01	1.260838315957466760e+00	1.431439213810603572e+00	1.174179600246124666e+00	-5.520669765450693378e-02	4.206473767101526207e-02	7.037360898999395209e-01	5.054157551530573667e-01	-1.274285528347030572e-01	7.098136951100593173e-01	1.333086271081561636e+00	-5.347038890942206607e-02	-5.868304272172707170e-02	-5.098953970512256489e-02	-4.439216172189341947e-02	-2.265694158794681959e-02	5.109847748672076140e-01	-8.361307759542754847e-02	1.759961942370851240e-01	-2.463132816130155292e-02	-1.389117319887025193e-01	-2.866382738419981369e-02	3.285189228252382687e+00	-1.048441731092483176e-01	-5.669619391386511442e-02	-2.050515024145866533e-02	-5.717979902459538466e-02	1.224870040907707902e-02	1.704309659789900122e+00
1.437467866907756742e+00	-2.505052042711813226e-02	5.185139096118053237e-01	-6.914302078249517924e-02	-8.477095962094818860e-02	-9.217251102350043678e-04	6.807622814612768192e-01	1.402685787533823003e+00	-1.463421946294504727e-01	1.135382132563311330e+00	-6.624167546609384394e-02	7.301686550374439921e-01	-2.019642321860209977e-02	4.183236906228733898e-01	1.822008443152220991e+00	2.635756538101130531e-01	-7.717902862672836040e-02	-1.833292998886463035e-02	-1.370077769851221483e-01	8.749346252955899628e-01	-5.060994077063335483e-02	1.083359432714717241e-01	-4.064198649767827159e-02	-7.330931516501554279e-02	8.731711319192569931e-01	-3.319259805739589037e-02	1.478341345306446009e+00	-5.411310981509069237e-03	-1.043878825857186554e-01	-2.994584615610344433e-02	-5.939477139663688204e-02	-1.011824627622533584e-01	-1.228484715612656042e-01	-1.116991225036712970e-01	3.780626551412274994e-01	-1.062087837630080502e-03	1.605707953535874477e+00	1.778219254603095045e+00	1.996904192226909958e+00	-8.961369980672558022e-02	1.996317801674961201e+00	1.434677128403607782e-01	1.303788718522721712e+00	5.483566142363779372e-01	5.745921569048078048e-01	1.211167146799800420e+00	-6.325013716271415433e-03	-1.037256675825116992e-01	-1.283358324450221410e-01	-4.208307838427616937e-02	-3.972083163517472343e-02	-7.610330672197097857e-02	-1.532754282125390055e-01	3.473865310430243603e-03	-5.279560892337720884e-02	7.800944970624569264e-01	-9.866111498255961121e-02	-6.357250548233367438e-02	-1.607300794021256640e-01	-4.765489867701630522e-02	-5.554542030929707219e-02	-4.147031447276453703e-02	-2.409903654640980358e-02	-9.137500318168951044e-03
1.405210745648689308e+00	9.363936881007953739e-01	-6.763147938476879277e-03	1.058950654434779093e+00	-8.536742546932024611e-02	7.695864028187433536e-01	4.072270053793946576e-01	1.772713702207328046e+00	-1.214592363844595041e-01	4.241068305118792514e-01	-4.646059390687869162e-02	-8.618575953764465170e-02	-8.626659901862676616e-03	1.382186729498785294e+00	1.700751888607074269e+00	-9.468127065192162226e-03	-1.019124461939838883e-01	3.229687914684173933e-01	-1.331363797855765474e-01	1.205392940403634539e+00	1.620024154498717506e+00	2.487146745151473937e-01	-2.566556138344983778e-02	1.152371773465479698e+00	4.684468370068684551e-01	-3.012904043736410950e-02	5.600632080373084687e-01	-4.214993117580415755e-02	-8.645998819351083386e-02	2.113513066485608771e+00	2.423570042782063894e-02	-1.549877984237355566e-01	-9.390261956864717763e-02	-1.421849406674171867e-01	3.964543874016077663e-01	1.213598006450497424e+00	2.077188088819266198e+00	1.430053284675063097e+00	1.060877700675093127e+00	-6.378641646082891525e-02	1.316543998212971189e+00	9.733886706417452794e-01	1.277291851866432904e+00	5.301121460611127878e-01	1.175106673632984933e+00	1.784534803118036361e+00	5.409643395999180759e-01	-9.604003917389727918e-02	-1.020502954442583238e-01	-2.296690148024493547e-02	-2.384993999366414805e-02	-4.802904893333489328e-02	-1.338430643301947998e-01	1.806569020492605260e+00	-4.528932379315959295e-02	2.246597687281091105e+00	-3.356408519207572383e-02	-1.546043314862968754e-01	-1.268633335920106853e-01	-2.825714697995227245e-02	-3.658691119764834188e-02	-4.925700006193232949e-02	-1.490377538865783440e-02	1.246695901033046505e+00
-2.268537637912501279e-02	-7.452975366969304127e-02	4.472992089628456402e-01	-2.935836582045467935e-01	-1.149947954895166047e-01	-6.679026582242499066e-02	-3.417445913072888336e-02	-2.014637844641398862e-02	-8.669853084161896484e-02	8.193122995879663639e-01	-1.132652080508370074e-01	1.395245074622332160e+00	-3.965594881879009465e-02	-1.935726050313275534e-02	8.281039327359899227e-01	4.318170604930016143e-02	-1.313126000657851844e-01	-3.107102669417988530e-02	-1.557872885374962935e-01	-3.227590776875459422e-02	-3.590774903419259589e-02	-2.568516364249372880e-02	-8.671775980439980214e-02	-6.082749155673417008e-02	-9.044544170840888159e-03	-3.611946956101403511e-02	-1.367094998181690377e-02	4.275683177631655063e-01	-1.046439550259117973e-01	-1.156206102460900914e-01	-8.584076812215092611e-02	-9.651294048622040267e-02	-9.290869135644250210e-02	-1.129911165052320809e-01	1.829736656437229159e-01	-4.453822968941925468e-03	9.091050833622784655e-01	6.064608549063087439e-01	1.353116644903754051e-01	-8.031200928519090232e-02	-1.162659523598826294e-01	-1.193541654234956881e-02	3.375618030252263702e-01	-5.455276990110247137e-02	9.654433792271718828e-02	2.218890107445495585e-01	-8.702241528708644369e-02	-9.278786662433934074e-02	-4.788495391652985295e-02	-3.606172573231646722e-02	-4.296448977993051754e-02	-8.342804902210750051e-02	-1.509732686997450612e-01	-3.460124042632554964e-02	-5.105869322592421905e-02	-3.183914682118230838e-02	-2.013347558794646164e-01	-1.257206120664287885e-01	-1.394487813020091060e-01	-1.441489911122339485e-01	-7.926254983397552911e-02	-6.723121908166135308e-02	-4.215744768331331632e-02	-5.402946969454230919e-02
1.439817428250915743e+00	8.790900253975976186e-01	3.390402680885156173e-01	-4.753188261123979935e-02	-9.141464508908692110e-02	5.979231433054006395e-01	7.302893802753507302e-01	1.843973960937099532e+00	-1.078882376505242852e-01	4.878184326757603051e-01	-6.955659701537698913e-02	-6.374489853330880806e-02	-1.060724532543960534e-02	1.293395891784251184e+00	1.270230832851457548e+00	-2.911311346979670884e-03	-1.001397356329790100e-01	8.604054896380670669e-01	-1.556461949393777577e-01	1.008701332388262095e+00	-2.771173739162264421e-03	9.237132561377828233e-03	-3.310594597057779642e-02	1.182847074013041677e+00	3.700692696623312794e-01	-2.748495319254031302e-02	3.243615465079990323e-01	-1.570249536880636079e-02	-1.000405798163501447e-01	1.489127968535954638e+00	-4.705807406610204059e-03	-1.152384231187035812e-01	-9.481130641739256293e-02	-1.554027965401352795e-01	4.961619536894406046e-01	1.482281007614670854e+00	2.092088054904114980e+00	1.655535135490147747e+00	1.104307021219186780e+00	-7.271025602354448669e-02	4.181333001211575695e-01	8.764944812402515328e-01	1.379012354460835255e+00	9.427072677702090509e-03	1.150822912942210952e+00	2.172198492547047000e+00	-1.650012052307264082e-02	-1.129636284711428712e-01	-1.170241241674838534e-01	-1.925667707707114096e-02	-2.065522857948755633e-02	-4.713206255397352218e-02	-1.356418510706366154e-01	1.405186261059658825e+00	-5.370066809025789839e-02	1.318220185582363868e+00	-5.700167088497204437e-02	-1.633126256170555901e-01	-1.277349516668426499e-01	-2.108962294568237153e-02	-3.602680023746098609e-02	-6.248274191208785799e-02	-1.485251289561020580e-02	3.186118143499409028e-01
1.697069739515000286e+00	2.551353261167417230e-01	1.055007825131418553e+00	-1.434663369881757633e-01	-9.119295559143286711e-02	2.109453322089215599e-01	9.329084451511091558e-01	1.703286152171576084e+00	-1.124133604822284277e-01	1.186313370700665892e+00	-7.976920656823448252e-02	2.417803844527238732e-01	-2.582271430456499137e-02	1.057242833903613510e+00	7.578217942068792290e-01	5.133838094779606953e-01	-9.406245000566328118e-02	1.151851839643719400e+00	-1.550200709132343035e-01	6.633283227990411923e-01	-1.036104669809606305e-01	3.192294627647440097e-01	-4.308181999180395877e-02	-3.985218589107746012e-02	5.727959169099330339e-01	-3.431201723724683350e-02	1.460353341953794182e+00	2.163242776187298405e-02	-1.061301891142437670e-01	3.341639035036383376e-01	-4.106232643124168441e-02	-5.160644528829520100e-02	-1.048740460152617626e-01	-1.413864552897079463e-01	1.955404601386673547e-01	8.507982248745867837e-01	1.486620890190060162e+00	2.010314222775300141e+00	1.501375452879687433e+00	-8.384429210647881270e-02	4.580158871235786022e-01	2.572405287014463138e-01	1.117069565043778745e+00	1.652703299560867867e-01	4.979886371664770106e-01	1.765856342761521702e+00	-5.553205742003756995e-02	-1.275648759964315981e-01	-1.269634145570191774e-01	-3.806581924591023736e-02	-2.615314620439035051e-02	-7.451674740492059135e-02	-1.421755180134041119e-01	5.608005706120794409e-01	-5.982685496937142910e-02	2.973625056917313381e-01	-8.576390472384680386e-02	-1.151691566774715181e-01	-1.401792923476805064e-01	-2.567059276333008566e-02	-5.269466622486791707e-02	-5.017888359145750848e-02	-1.995956988598245052e-02	-2.688210789701019066e-02
1.661136757668427277e+00	7.660814706263838758e-01	-1.588932852561275241e-02	5.906155208758604447e-01	-7.220222811412466135e-02	1.126814125125381816e+00	1.303586464550171575e+00	2.148713333555587024e+00	-8.053711168648515495e-02	4.835974487580227410e-01	-5.267113317543538342e-02	-6.397607539047400760e-02	-6.135071846832820634e-03	1.352086241241722275e+00	9.253712316321315301e-01	3.760166271092973966e-01	-1.672374453227383484e-02	8.172782830485021410e-01	-1.331896426590013227e-01	1.031175429784279673e+00	-1.052582302490084236e-03	-2.249833735416555819e-02	-9.303094029181592506e-03	9.524881841193203469e-01	3.731144270287645170e-01	-1.628458598759240789e-02	1.054640441053767752e+00	1.052396240765564261e+00	-7.667371231246607188e-02	1.006144932342049492e+00	2.506564279480669732e-01	-8.740810861427822376e-02	-8.989166933556946848e-02	-1.309862665003511673e-01	8.163202391632605748e-01	1.419982303349509145e+00	1.950332474781481418e+00	1.603863752091255312e+00	1.246604792410780815e+00	-5.861261834482948962e-02	1.840069211199371946e+00	9.558023071090961942e-01	1.132012835640304527e+00	-8.196927589140782719e-03	1.417992958269501447e+00	2.141163115732609867e+00	3.989103002168936096e-01	-8.715521497360287362e-02	-9.198228763537155683e-02	-2.498444765863024747e-02	-1.975000352190958361e-02	-6.106977466687146805e-03	-1.076660868373164881e-01	1.875681306462073428e+00	-4.277191294512516784e-02	5.161692635559278486e-02	-1.128137289829480791e-02	-7.833184161442297011e-02	-1.038549312907197791e-01	4.669091346129372599e-01	-1.650533000474680226e-02	-7.273751959564608849e-02	-1.185066639436347866e-02	6.058606725272775995e-01
1.706381965553712021e+00	9.063910468665820064e-01	-7.680681412479001442e-03	-5.985109013175204246e-02	-8.719483659011263710e-02	2.722106177957769324e-01	9.590472729711267963e-01	2.003503858989139630e+00	-7.397147425002606469e-02	8.189021123883413189e-01	-6.891590306340512895e-02	-5.006024015752635198e-02	-1.372975497001192868e-02	1.305985859204640498e+00	8.069524772813494451e-01	6.341382410377190970e-01	-6.587541858909815029e-02	9.284951466714368440e-01	-1.530111017506246007e-01	2.954627399430196366e-01	-6.088739692387837993e-02	5.059691941489337097e-01	-3.259954812630486143e-02	1.214234388374297646e+00	3.280978668024281397e-01	-2.509895107698750447e-02	7.503942509853106513e-01	-1.626745666219816741e-02	-1.076050442021835862e-01	1.555683875824284135e+00	-1.646457811973830315e-02	-1.080842758556512240e-01	-9.913854483969958276e-02	-1.533074727969370721e-01	8.254190399555736413e-01	1.524536743573317255e+00	1.984118880471981816e+00	1.639449590044640415e+00	1.019854897231927460e+00	-7.239312577557419082e-02	9.515156481808297873e-01	7.399641752766635827e-01	1.314310860149017657e+00	2.933412066290923548e-01	1.259306616573163895e+00	2.301412165488125439e+00	-1.968984721254961323e-02	-1.159408309416182642e-01	-1.095470424951220795e-01	-2.358648671897915078e-02	-2.272965918187540291e-02	-3.993108536796013269e-02	-1.286147892122522507e-01	1.331976825965722089e+00	-5.572106752014600872e-02	1.020999161288840718e+00	-5.563852434737876634e-02	-1.753636161977330798e-01	-1.163864738738056709e-01	-1.053208963701430557e-02	-3.648142202855930716e-02	-7.104722116675987742e-02	-1.748251722913158820e-02	-7.288696756929502474e-03
1.407294701845820839e+00	1.712479147311970262e+00	2.605297869602789529e-01	1.156707584963887259e+00	-7.342246450136184766e-02	8.727119199057875587e-01	1.627781924558414195e+00	1.607378898912300791e+00	-1.232945783372687565e-01	1.164274979686325429e+00	-4.836139289209415160e-02	-6.928002248174415512e-02	-2.794258057572059778e-02	1.111735961686581620e+00	5.831260155366110309e-01	-6.173011055742752377e-03	-9.120415553025776334e-02	-2.073549564219996297e-02	-8.769517042748516122e-02	8.212845384424399819e-01	5.692213675517666660e-01	-1.379780741965870756e-02	-1.761905058091264506e-02	1.323063416944070536e-01	4.344907863123467079e-02	-3.157705334708273137e-02	1.656873054981258253e+00	-3.229679123567268800e-02	-4.402872834569436511e-02	5.447689291726750538e-01	-2.507116073103244497e-02	-1.304200863931130605e-01	-6.972020080058290159e-02	-1.106915074079654893e-01	-8.105233210145095651e-03	1.260204095443197447e+00	1.561170853589766594e+00	1.269132529876275894e+00	1.151391203824125187e+00	-5.904216137011752269e-02	1.051681998528693152e+00	4.126080216191161942e-01	7.778452311064483204e-01	-1.375226182848248921e-02	6.923561920544801795e-01	1.774990867947995543e+00	-1.514675680213236481e-02	-8.120814817918463324e-02	-6.715077531187460536e-02	-5.745523219398612769e-02	-1.497158375154557242e-02	-1.440705131931396821e-02	-1.416921566884790651e-01	9.058306779520375329e-01	-4.199346109725440174e-02	1.388006969551783376e+00	-4.536177741216370490e-02	-5.855886872714321373e-02	-1.136880659789245435e-01	-3.093166841884844795e-02	-5.680777849010770764e-02	-4.490768828515601108e-02	-1.034040447473906152e-02	3.744723496283490771e+00
-1.227849588211058808e-02	-8.787303862024045675e-02	-5.229203269505139362e-02	-2.439960153343868898e-01	-1.108209427951772907e-01	-2.318591235527426089e-02	-5.164023422137679203e-02	-3.025273722986169742e-02	-5.827612399620863554e-02	1.518770018724281634e+00	-7.979964566712520468e-02	2.652609486593219934e+00	-2.256432165588117753e-02	-2.516944019383517139e-02	1.151056452453961931e+00	2.299292683771098744e+00	-5.048709448270801564e-02	-7.944103740881650402e-03	-1.286309917656802693e-01	-2.787682683188437774e-02	-1.607387986431841123e-02	-2.973941166035687714e-02	-6.951214816296742705e-02	-4.326493960656698640e-02	7.056747032469725678e-01	-2.912118570716433485e-02	3.295585600686575800e-01	6.617984028642442951e-01	-1.113652056127647089e-01	-1.261639656222950934e-01	-6.372724688339771737e-02	-1.437382076005997433e-01	-1.042014964058820548e-01	-8.899280470074748262e-02	4.482282260474657054e-01	-2.986574170988973501e-02	1.269997294134682653e+00	8.516820819665872344e-01	1.044793979189547056e-01	-8.268271937601114063e-02	-8.697674438114808004e-02	9.155233185746144975e-02	2.072649887952597858e-01	-4.192040301248358553e-02	-8.347211780023799238e-03	1.484678160890752219e-01	-4.575233017054491924e-02	-7.017121924634384111e-02	-7.710654035673512874e-02	-3.477985441171740910e-02	-4.757207673926716618e-02	-6.003339664326402120e-02	-1.144811402819092133e-01	-3.693804127637621143e-02	-5.404314962588014498e-02	-3.285923382901511508e-02	-1.380451506544258800e-01	-9.875051160966129282e-02	-1.357375622759399991e-01	-9.606450216964870781e-02	-5.585192729202367173e-02	-5.304913698633829944e-02	-3.006960111502670480e-02	-7.677211213370103982e-02
-4.570783950631799111e-03	-7.057118484499451394e-02	-6.326314035274797909e-02	-1.497753577716376405e-01	-9.157622133293327749e-02	-1.397053216567404081e-03	1.407677239063415131e-02	1.172386272879708952e-01	-2.377861816723006796e-02	1.469941356885285044e+00	-7.786399128173700224e-02	2.781678821755944497e+00	-4.022470903789489294e-02	-1.671176405382309924e-02	1.237134056744875421e+00	2.226747924932225065e+00	2.809768905521080828e+00	-6.115001350382585216e-02	-9.011170739049216560e-02	-4.484312075204242160e-02	-1.394789313860860143e-02	-3.700463170783765965e-02	-4.716308008825308845e-02	-4.770273366999291248e-02	-1.741568340568002164e-03	-3.481143102692471625e-03	6.656885747968689371e-01	2.290108254698935752e+00	-6.856105501831029347e-02	-1.743598370342407944e-01	-4.415750206361643976e-02	-1.145564385053526035e-01	-8.819694207999002888e-02	-5.519527042686407647e-02	1.751305690096494616e-01	-2.629085862291634032e-02	7.764739397279236677e-01	8.642168526969966624e-01	-7.486029499367004292e-03	-5.043529255542292949e-02	-4.970484454620799353e-02	-9.791013196214490288e-03	-1.123448466629870662e-02	-1.208861090227578289e-01	4.272979070552511693e-01	1.134463449788528644e-01	-5.897130157882683743e-02	-2.945082765844638656e-02	-3.504496775046276463e-03	-5.155272295624533513e-02	-3.589940796973103282e-02	3.785447258467712350e-01	-9.854898227518182896e-02	6.986105325867421334e-02	-3.295195579020780002e-02	-1.291669782002241029e-01	-9.153271855061428930e-02	7.280066489268079977e-01	-9.602171858361735479e-02	-1.098952597356567668e-01	-4.535112245371045181e-02	-7.140836134485406550e-02	-2.875100524677288993e-02	1.035818527966127833e+00
1.579440326985636078e+00	9.071867755933523680e-01	1.486993102250248888e-01	-3.351563947827485013e-02	-8.476370344854625150e-02	6.452774000159691159e-01	7.678123792423061644e-01	1.920637275925386245e+00	-1.043600200311498027e-01	6.234828044783456980e-01	-6.337950135722687783e-02	-6.376412825719092459e-02	-9.665954227293641413e-03	1.387806824750835943e+00	1.200009662499437635e+00	2.009165637127132975e-01	-8.079102764091762590e-02	1.006861887514756804e+00	-1.495269714155098850e-01	9.378872840177837622e-01	-5.087186877130709696e-03	8.983826946404989411e-03	-2.798390836548959870e-02	1.094004466051549995e+00	4.757486834021624200e-01	-2.534809128279620280e-02	6.949325647702627728e-01	-1.210426162957559115e-02	-9.928226136208467834e-02	1.625951067327668476e+00	-4.129802592954558409e-04	-1.054992920704683340e-01	-9.793149386051690219e-02	-1.517769332983744113e-01	6.075660742127898528e-01	1.374847363950954859e+00	1.949172462355019952e+00	1.736520791899888616e+00	1.100137548161057355e+00	-6.698165193416609486e-02	8.165919762504858515e-01	8.592598934323554261e-01	1.237174119621701873e+00	2.865450756015424649e-01	1.224027079567959975e+00	2.111801343417929466e+00	-1.089964421655280867e-02	-1.095298767890104663e-01	-1.202170393297250922e-01	-1.941347072046938418e-02	-2.078836582489466608e-02	-4.752580079037316274e-02	-1.304256992967320339e-01	1.704915081217555972e+00	-5.181232643348489958e-02	1.281798275005553212e+00	-4.017650415044334705e-02	-1.555216589089549184e-01	-1.250164889900253207e-01	-8.603649830197051401e-03	-3.439387695134307060e-02	-6.111199123337138217e-02	-1.606399014678677045e-02	8.796031261650708033e-02
1.378884579223908391e+00	8.357913954801766687e-01	-2.497425598652701015e-02	-4.254046963219303840e-03	-8.036271819417950546e-02	9.240485554362000142e-01	1.311054236218881286e+00	1.786474761945817002e+00	-9.234435473776622660e-02	7.270321905149280672e-01	-6.302037574657264052e-02	-3.594782173499688760e-02	-1.764210390683794774e-02	1.126773950542720337e+00	7.087452893079506655e-01	4.464549206412419813e-01	-2.144310038282437603e-02	4.364760805389037435e-01	-1.313497833645201340e-01	5.085092729977600534e-01	-7.185918503171115357e-03	-5.817553590535447239e-02	-1.845591724081288923e-02	4.002250779568856109e-01	-5.820498453433528042e-03	-1.807053829534050610e-02	1.425819786777478893e+00	1.442173901447688200e+00	-7.263476979929929522e-02	-5.740002694378200897e-03	-4.788057796969881876e-04	-8.366702841083058229e-02	-9.932809463208955303e-02	-1.259072889932989769e-01	7.622151709420279531e-01	1.198735065010910317e+00	1.679682118738009100e+00	1.582642680579974925e+00	1.259136036802793512e+00	-6.362276577228494212e-02	1.732195275074229546e+00	6.593115880041111598e-01	7.810515189619078313e-01	-1.372973996671786844e-02	1.176646683319928055e+00	1.809737267207405909e+00	-1.352617118825728652e-02	-8.087828020083530356e-02	-6.189519797338623175e-02	-4.274926936971781138e-02	-1.830589119260987718e-02	-1.380126616112280734e-02	-1.281384233038575515e-01	1.992781109769898640e+00	-3.912564029948437799e-02	-8.371723475429819830e-03	-3.163156337464360229e-02	-5.215229183324138901e-02	-1.172320272202037328e-01	6.022296410578046461e-02	-3.286671458501065624e-02	-7.255583094522226328e-02	-1.210316320245811463e-02	9.315933553107980103e-01
7.169834381727148154e-01	-7.137910956231395543e-02	-5.984542801751703556e-02	-1.182549556008316155e-01	-6.001210191323046172e-02	8.359808892812083947e-01	1.382723506480935116e+00	1.067077136111261426e+00	-4.470321589605522755e-02	1.361726796760736269e+00	-7.503238318171789878e-02	2.426057118999187523e+00	-3.784662996862317441e-02	-2.978074993674999436e-05	7.505655501313641675e-01	1.394542793095312483e+00	4.095254997358012794e+00	-2.643232537644134642e-02	-8.058955204998567712e-02	-1.938268298443062213e-02	-2.477600043687432779e-02	-8.961892827531016403e-02	-3.276969800839367453e-02	-3.355251999612357539e-02	-3.357442226428591567e-03	1.202992344942576536e-01	4.492797387008523602e-01	3.137546019104824779e+00	-5.991484113009229451e-02	-1.666376304054055513e-01	-2.364581975843505976e-02	-1.357235715722715334e-02	-7.125544917114318144e-02	-5.235173068100683336e-02	-1.925066375335407476e-02	-1.153574685033505014e-02	8.155768059283041715e-01	1.287053655400493657e+00	4.515953186568089084e-01	-2.987458665768141092e-02	-5.616150631089926286e-03	8.921046758724043846e-04	4.987526548366221224e-01	-1.219665722964488330e-01	8.361736749682265879e-01	8.677118751331044377e-01	-8.188074058115481224e-02	-2.514972732340353678e-02	4.235173679287611570e-01	-4.690147766906679894e-02	-2.148815069399318337e-02	5.131558659179568105e-01	-8.157232687709575769e-02	5.959026869273007510e-01	-1.609392421105818038e-02	-1.567307778100782423e-01	-4.919948277540280024e-02	3.196961013931903572e+00	-7.814375723123628825e-02	-1.139993395044937435e-01	-5.278150871696269536e-02	-7.083584668586428990e-02	-1.543856553918861521e-02	1.064586342683986331e+00
1.512330017048530761e+00	-5.284670517119583258e-03	5.171679104415189965e-01	-1.346525152575820672e-01	-9.782295246860846227e-02	4.192348167925243896e-01	7.197579494587384996e-01	1.594088661879096369e+00	-1.062149262447098785e-01	8.461061465198413956e-01	-8.701079603669209517e-02	-1.569291952940298288e-02	-1.545008227494998852e-02	1.077743629870172359e+00	1.185785957536344748e+00	2.154687385529681642e-01	-8.964929068561816594e-02	1.383868761547058845e+00	-1.704830640578081646e-01	8.300117824673033384e-01	-4.746944973507494225e-02	-7.815483744807257341e-03	-4.965492691051562324e-02	-5.449623942655549766e-03	4.748559839782052761e-01	-3.058690605714329408e-02	6.449315715537835558e-01	5.555952552399838762e-01	-1.118140564782707513e-01	5.529996121014223442e-01	-2.128698395473368338e-02	-6.852211651598714981e-02	-1.100300355493701587e-01	-1.550543318552550232e-01	7.432285880628307362e-02	9.961011314341489120e-01	1.788804175129150575e+00	1.964838502988249802e+00	1.281245194612501859e+00	-8.423831957562109840e-02	2.797026930825380897e-01	4.458787588193861007e-01	1.399836635264184448e+00	-5.776335670757953150e-03	8.148931612745184960e-01	1.819910018278738661e+00	-4.679346915210136348e-02	-1.220321817859909147e-01	-1.131814506922564911e-01	-3.026895972383622166e-02	-2.875958301460573505e-02	-6.681854813630162815e-02	-1.385039579391315057e-01	1.112910550884431915e+00	-6.154846684539837243e-02	6.228534717328335080e-02	-8.845659076133491339e-02	-1.092499235444238381e-01	-1.377508565895313453e-01	-5.406079946596948488e-02	-4.787431405814333157e-02	-5.787570627194282835e-02	-1.776289625367581670e-02	-2.765014995958893496e-02
1.300818249490522716e+00	-4.943206480548534461e-03	2.805286610677207859e-01	-3.092278226021911644e-02	-8.624388451106938802e-02	1.096851712840563042e+00	6.765208713258423767e-01	1.604025005880566734e+00	-1.160472999997115978e-01	7.682935514903908025e-01	-7.187924138164866750e-02	2.693806550649105458e-01	-2.114570136289433203e-02	1.040078579397583081e+00	2.180962642559851172e+00	1.894172706037774989e-01	-3.285658962281599177e-02	5.441477185925178706e-01	-1.475195988556403937e-01	1.446532520024854440e+00	-3.658915331094090184e-04	-3.535731551956305257e-02	-2.143218115788737485e-02	-6.051875272408917435e-03	1.665101203685341869e-01	-2.263599040715562338e-02	6.027148064671556948e-01	1.223803082423227329e+00	-8.950316765938130803e-02	1.367918574650234809e-01	-9.527386296777131400e-04	-1.022696476642255270e-01	-1.104324225967808770e-01	-1.276425931646391898e-01	2.551846018350794609e-01	5.044422353828413863e-01	1.746695001110760481e+00	1.781419015629125413e+00	1.423964764569847219e+00	-6.815106971792068979e-02	1.234950422013138205e+00	5.920550150192476213e-01	1.111504013574419414e+00	-2.053144156805555842e-02	9.206704962053061658e-01	1.538380437266866130e+00	-2.766582979215340132e-02	-9.044638409570038284e-02	-9.874122278615379833e-02	-2.700111276620054124e-02	-2.729391884630804135e-02	-3.781239085633840424e-02	-1.342841659656301700e-01	1.543012232720783361e+00	-4.390087493248572004e-02	3.323128239464208655e-01	-3.282466933968244960e-02	-4.406259960697941902e-02	-1.415804885522302936e-01	-4.906494459532632912e-02	-2.990744918245712494e-02	-5.846434663774864593e-02	-1.568812870298216811e-02	3.749594440103128923e-01
1.446459929231096009e+00	7.365490232867522025e-01	-7.124226973139624434e-03	-4.789013142096569531e-02	-8.859235667711330697e-02	6.487210196281025798e-01	8.002623873759699968e-01	1.756928340662206933e+00	-9.706988928792199822e-02	7.079038581454600854e-01	-6.775091374535029132e-02	-5.071474208516915660e-02	-1.211502679570679135e-02	1.251034455960528202e+00	9.052582556315377227e-01	3.462554800306255620e-01	-7.530303290364938340e-02	9.606891445507919070e-01	-1.473410771711274880e-01	6.287163362814847112e-01	-5.685225102245494754e-04	-8.536144363573403004e-03	-3.392553973809589452e-02	8.965231726462774553e-01	2.304108340531272892e-01	-2.424596856865793640e-02	9.191020224897759050e-01	2.244779248111472003e-01	-9.593325669301355774e-02	1.136647728855207040e+00	-3.968448550569274487e-03	-1.059854511555148454e-01	-9.703917891928985628e-02	-1.461762778973318411e-01	6.730965255628419408e-01	1.412112294349913810e+00	1.880275836456708705e+00	1.624655527538617195e+00	1.039863348316709013e+00	-6.984320755896641919e-02	7.089635986695621561e-01	8.933620446805822235e-01	1.040043509899934548e+00	9.481298167660703879e-02	1.190147872801821327e+00	1.976122857162190050e+00	-1.268545107349219880e-02	-1.073625975765066798e-01	-1.010918672227124615e-01	-2.692577184218460790e-02	-2.213951926670306575e-02	-4.115667513174393888e-02	-1.300705213502426905e-01	1.631359181613876830e+00	-4.948018394631702177e-02	8.892423250060357276e-01	-5.099597976210538952e-02	-1.375684258856080255e-01	-1.221712725774608127e-01	-1.084398997166502107e-02	-3.502629521014383879e-02	-6.535144046214669267e-02	-1.545937798134944599e-02	2.463609041501227115e-01
-6.593833875294666247e-02	-1.029157768585838711e-01	-2.522837573050442164e-02	-2.864410679971043927e-01	-1.015366098076650736e-01	-9.254183213959227272e-02	-4.005677583924706353e-02	-6.590885966386432482e-02	-5.759679833033059387e-02	3.050241329559507664e-01	-1.073565780254048529e-01	4.720962276611450070e-01	-4.159834956652384841e-02	-6.349728838714553680e-02	-1.393552891112799161e-03	-1.823466808948281948e-02	-1.120369295642104357e-01	-6.133764282729495254e-02	-1.074441149530815515e-01	-8.127850095023267385e-02	4.719857043742405750e-02	-4.157455532394525866e-02	-1.021509480483487470e-01	-7.510609969711885825e-02	-2.555712873447337288e-02	-3.469498798013900126e-02	-2.781712950624056629e-02	3.791622737329862769e-01	-7.018103325192882880e-02	-1.564122329557112445e-01	-9.806315418099673109e-02	-1.116076549933404799e-01	-6.576709832075107454e-02	-6.318004135721204395e-02	-9.831911048639872114e-03	-1.103388052309459653e-02	4.496904820434927674e-01	-2.381433760525539754e-03	-7.094189076212395646e-03	-6.331848848927290607e-02	-1.283670306982140075e-01	-1.849995407382174981e-02	-1.259873575043764238e-02	-6.852698274116587884e-02	-1.431155296617285001e-02	-2.970818670654851515e-02	-8.122236293073253899e-02	-5.685698956955425459e-02	9.059936308346021594e-01	-4.784430007354345538e-02	-4.487332389417397066e-02	-7.930395596005840320e-02	-1.272923044155788164e-01	-6.564279501841779885e-02	-3.652011310796132032e-02	-6.852715053836663794e-02	-2.442417067192043933e-01	-5.260547778062139163e-02	-1.053441610403504647e-01	-1.861081032829028370e-01	-8.820864339627905448e-02	-5.533533713533741322e-02	-2.942948773180907932e-02	7.617773409251277217e-02
1.502577404165097885e+00	1.392004460482574757e+00	-1.498216324232334905e-03	9.020847671688546621e-01	-7.991251412254139763e-02	9.313568628873395427e-01	1.285557547080166341e+00	2.149715942771154076e+00	-9.998868140019170903e-02	4.741067868725377665e-01	-5.273553949060297286e-02	-7.605300942653916985e-02	-1.072393632570765344e-02	1.394077610495123798e+00	1.203404695735088126e+00	-4.572868553670603187e-03	-5.375899196362252802e-02	2.965256696808339365e-01	-1.298165827737404465e-01	1.124907682426528943e+00	8.089758851068770129e-01	-2.818847826230855193e-03	-1.530666049219963840e-02	1.143988149048295266e+00	1.215991384251642327e-01	-2.324716688501967179e-02	7.201311229880983378e-01	7.110653279306528018e-02	-7.189655718513543459e-02	1.424694882880370050e+00	3.907025471493172364e-02	-1.139435930239852818e-01	-8.490074183195472912e-02	-1.398077973065265378e-01	4.671052910599353680e-01	1.522565127171129795e+00	1.913654659034052186e+00	1.563459951391549252e+00	1.120721306492425295e+00	-5.595386118024182204e-02	1.285491253830248315e+00	8.511622801676046457e-01	1.167699702730898625e+00	-7.746098435354048690e-03	1.277654602504676440e+00	2.171519629320480149e+00	1.723981446108814597e-01	-8.960917574641545646e-02	-8.868312815872801680e-02	-2.380529242914287621e-02	-1.287104191479099269e-02	-1.637012906898014861e-02	-1.289848422544045137e-01	1.767267795697198274e+00	-4.367629305393793543e-02	1.270735946237635527e+00	-2.330901047117048611e-02	-1.144666469546614940e-01	-1.117447744408404109e-01	-9.351953182461431036e-03	-3.249278352937628317e-02	-6.650148830446059312e-02	-1.234029572823044409e-02	1.600545498386246157e+00
1.762372771059341758e+00	9.063545399794928903e-01	5.029461539619649590e-01	-5.943856539632663694e-02	-8.640710392613683288e-02	3.186139106490111228e-01	1.290153881426437055e+00	2.056742545560940272e+00	-9.755527239884258239e-02	7.337209989671675814e-01	-6.802365902532925279e-02	-5.255505835701228257e-02	-2.010736295797026923e-02	1.480823134286926468e+00	6.493557925913397977e-01	1.034912900323386176e-01	-8.464710265686109514e-02	1.183161253383859579e+00	-1.468770205976839827e-01	5.563220391564214218e-01	-5.829212124489670938e-02	3.201442660329693601e-01	-3.142752978073091313e-02	1.597097220871060985e-01	1.062257318766304526e-01	-3.150974578951167698e-02	1.343241936642360024e+00	-1.205754404298572252e-02	-9.345943058079220211e-02	1.605436065880504692e+00	-1.852954898211251616e-02	-6.421827841875688003e-02	-9.669502329930249052e-02	-1.466813519884594685e-01	2.765152355706443910e-01	1.411573515109592059e+00	1.795466770549187796e+00	1.828250676211813142e+00	1.235727366490821266e+00	-7.004956550227044165e-02	1.138468732151199037e+00	3.513543966990061440e-01	1.298434531101938294e+00	5.675210360460399839e-01	8.768480522419990209e-01	2.091299943836761432e+00	-1.610463680973189815e-02	-1.157285687503380456e-01	-1.049000067317571866e-01	-2.917884034848637273e-02	-2.100374832764860186e-02	-5.313561954790334968e-02	-1.326537859004198183e-01	1.575629555266806037e+00	-5.476578852361312089e-02	8.645899073887604036e-01	-5.643175859892549801e-02	-1.444819491579798776e-01	-1.187516339512847963e-01	-2.239170643751966193e-03	-4.535202882272101194e-02	-5.710843687148247499e-02	-1.784472150376422914e-02	3.960806413382015473e-02
8.787225928290192112e-01	-3.129857427030567629e-02	1.546570307717209269e+00	-1.951229932213539298e-01	-1.039562297929360057e-01	-3.531593886007947970e-03	4.546342478965176848e-01	1.025507539329418849e+00	-1.262133532317440687e-01	7.726879989406569837e-01	-9.737890717623651216e-02	1.189239594901184249e+00	-3.538279689420559954e-02	5.368869806055285299e-01	1.473256183055116297e+00	-1.261904851076441590e-02	-1.068061607357443654e-01	2.578869482305341521e-01	-1.675684369555240361e-01	8.506917338021519059e-01	-6.022780544793833457e-02	-1.446787727944755936e-02	-5.769755089105482043e-02	-7.719078417579688933e-02	2.816709891745338146e-01	-3.666977343274606393e-02	6.846621381924837824e-01	1.031504385944613578e+00	-9.676819909465773917e-02	-5.823700738065523685e-02	-5.571661965300618580e-02	-3.418237639757693014e-02	-1.041865852466667131e-01	-1.316831015719376052e-01	-1.474402104081491693e-02	3.339825072387806459e-01	1.149082060925770366e+00	1.757974643503468881e+00	1.405375056984928595e+00	-8.743441206499094620e-02	-1.831185403416368124e-02	1.990683846686398112e-02	1.097991078998179049e+00	-4.362324907577894845e-02	1.627150821433679395e-01	1.019775887399079872e+00	-7.719443314678872681e-02	-1.155642223074102581e-01	-7.314563548543386029e-02	-4.114084913061362425e-02	-3.352810354279242566e-02	-8.403469229739113366e-02	-1.594138278224875027e-01	-9.455912986888477100e-05	-5.271053294232917741e-02	-3.240478370820183696e-02	-1.371858122442281558e-01	-6.796440378456124198e-02	-1.492146004949237437e-01	-9.597636871167193606e-02	-6.128183794272426543e-02	-5.591011494834130513e-02	-3.038165788336865542e-02	-1.980240507318063725e-02
1.273122978604077637e+00	8.852877496466884377e-01	1.666847967554090926e-01	2.036923868899336854e-01	-8.665384781016366444e-02	1.198161200534556325e+00	5.860087707756220787e-01	1.612373859123002129e+00	-1.484962505663867671e-01	6.957531489143653491e-01	-5.683215128695206370e-02	-7.964232736793630529e-02	-6.478916713110949993e-03	1.193558661395940357e+00	1.342151651335233398e+00	-1.311336743876448038e-02	-1.004481609785859292e-01	6.303457621205914574e-01	-1.290660022943320995e-01	1.555203932555851543e+00	1.991175511695414180e+00	-3.693099652311331721e-02	-3.302405389651671269e-02	8.152627871473363541e-01	5.949089290895075433e-01	-2.618040514656479537e-02	6.691012674964781359e-01	-1.326212977998772122e-02	-8.026052677431538829e-02	9.464621955422483079e-01	3.667354615645236626e-02	-1.367593166634338275e-01	-8.882550292347926590e-02	-1.398765010564390066e-01	8.337138011493866463e-02	1.157872112448999680e+00	1.946169562719898716e+00	1.631900080444671053e+00	1.015078162516117377e+00	-6.557127604545291699e-02	2.115950958715434593e-01	9.642979743585108343e-01	9.573923133892061621e-01	-6.769241491826926901e-03	1.064964590550966816e+00	1.778475563440838014e+00	1.794433085886093515e-02	-9.745843068656802333e-02	-1.136549469388346695e-01	-2.921493880871114251e-02	-1.792743378097177986e-02	-4.551413936591650750e-02	-1.355542145179582103e-01	1.678110196827225620e+00	-4.557275123670467137e-02	1.605163007798820596e+00	-4.299503452577455725e-02	-1.005185896226487713e-01	-1.339867805717772087e-01	-3.206505284795633376e-02	-4.720304242633278913e-02	-4.378704056605555589e-02	-1.420844172484641774e-02	1.573120290808151411e+00
-7.097244623062681779e-02	-5.420631490061397773e-02	-1.545476740756125678e-01	-2.267446624209780159e-01	-1.204356856022162081e-01	-1.452862385018663105e-01	1.617573407675658936e+00	-2.089984320623682057e-02	5.394158610995357428e+00	-2.599701732394945827e-02	-1.313006288445319192e-01	1.777206991010753967e+00	-5.577695827545383483e-02	-4.983219410440777042e-02	-6.633025857891440558e-02	1.194365099693963206e+00	2.753414474987559313e+00	-5.803560114654595509e-02	-1.169396571003840646e-01	-2.316262022585110492e-01	-1.717843901801040518e-01	3.413386936931117610e+00	-8.278643298797218331e-02	1.437711576569776994e+00	-1.531641449395014787e-01	-5.674509150946244890e-02	-1.156334387412095294e-01	1.526627765841979123e+00	-2.386432437605587667e-02	-2.561207815251469178e-02	-1.099099619216385160e-01	-7.979203178792006190e-02	-4.153479804184529584e-02	-9.046260348169223031e-02	-1.888079044609686577e-02	1.437075889401692175e+00	5.470639204775529230e-01	-4.188836382788541091e-02	-3.827821214889296636e-02	-2.611905446409423445e-02	6.419502035266280160e-01	-6.250428897790184790e-02	1.546529593225043353e+00	-1.300010739846659269e-01	-3.268238150424402494e-02	7.593662157973424254e-01	-1.146465601261882489e-01	-2.496894245203223547e-02	7.873638545141975698e+00	-5.895217652479546599e-02	-3.459124778307288289e-02	-2.474533723791234874e-02	-7.104382777284370953e-02	-3.345839309987579807e-02	-5.146125838102206390e-02	-2.030369115075463804e-01	-2.684491506451914256e-01	-9.843111203871167392e-02	8.369939906434527011e-01	-2.665897931632192353e-01	-9.291290152746736752e-02	-1.331872951923591120e-01	-3.996947168961600960e-02	5.960512108603501780e-01
1.544321383266593628e+00	1.857530058180429933e-01	-1.042963107279408844e-02	-9.142629358297756081e-02	-9.169232969738159988e-02	5.227533587080188671e-01	1.053897078301700763e+00	1.787469985623780566e+00	-7.130268659581430468e-02	8.044823469272225358e-01	-8.219873519649788240e-02	-4.867549781289576272e-02	-1.659375083994195713e-02	1.188800321173138608e+00	6.005280499634264579e-01	5.193017374300720190e-01	-4.741476752899952130e-02	1.445145273941432107e+00	-1.628985759199241823e-01	3.463464728888449584e-01	-3.925934492905228806e-02	-2.739267723700512368e-03	-4.172993926210619847e-02	4.310423810247339116e-01	1.362323376439191214e-01	-2.825550432171579016e-02	7.947865853932950531e-01	7.156324119728527666e-01	-1.027430691534332446e-01	9.144472144801083502e-01	-1.195557134783198534e-02	-7.130876990357960798e-02	-1.048373816020847504e-01	-1.555832288553405385e-01	1.972803302768333933e-01	1.311442569644335920e+00	1.734974803988746483e+00	1.829583278327400420e+00	1.035620141074452771e+00	-7.150531617857795730e-02	8.163624387551784434e-01	5.497052451992923139e-01	1.180715174940778933e+00	-3.064253258501187759e-03	1.049964000721186119e+00	1.917193750314459821e+00	-3.797842100107651914e-02	-1.076523493869886439e-01	-7.086165209638753404e-02	-3.430614922999518368e-02	-2.274658537678054399e-02	-5.023676720926051331e-02	-1.272637001779995947e-01	1.842958630432952827e+00	-5.785990054125423471e-02	-8.009642507841134573e-03	-7.016728575647671051e-02	-1.090526312517257068e-01	-1.181393931021509913e-01	-4.729239283494234003e-02	-4.980416420334195932e-02	-7.234035545409199519e-02	-1.994113012049325562e-02	-1.058988722085505568e-02
1.232496436661937533e+00	-5.046152472132048664e-03	1.196679714872970868e+00	-1.092115645462250761e-01	-9.068446742566602103e-02	9.757776139728476794e-01	8.334795076015910631e-01	1.461720709383238725e+00	-1.379579565885004355e-01	8.653325097616131334e-01	-8.891184231637691560e-02	4.610456886043564628e-01	-2.530452053885006228e-02	8.459188049660897324e-01	1.565199191297673931e+00	-7.692659196137984455e-03	-7.279167770487648959e-02	7.643295950502508873e-01	-1.579630164117580560e-01	1.598722284843739239e+00	-3.058417155059197159e-02	-6.453469539686687573e-02	-3.459545369091025085e-02	-4.156083490933189933e-02	3.594844958107119015e-01	-2.841545720843781375e-02	6.861541321456436915e-01	1.338712445863521117e+00	-8.667931313916521496e-02	-4.291486915368732113e-02	-1.600073462996797619e-02	-5.701795611023741800e-02	-1.059899260800343246e-01	-1.316692687786245042e-01	-7.361617038503338525e-03	4.859454994432231278e-01	1.485330612317649956e+00	1.921035648280309704e+00	1.549033164228749815e+00	-7.770600622041344552e-02	1.366490118106214735e-01	4.195531920487147182e-01	1.093193802768356093e+00	-4.786651389044574434e-02	6.060683441516220293e-01	1.495047324207804840e+00	-6.580568204515398201e-02	-1.017137597784644326e-01	-1.050501642987471534e-01	-3.250913907065602210e-02	-2.053823513626801267e-02	-5.326583690770161916e-02	-1.472234045670395008e-01	9.893604630715144843e-01	-4.888575680376898436e-02	-2.557382240549852317e-02	-7.262189573925882657e-02	-3.082707311353794291e-02	-1.503880928877319167e-01	-5.719567490446963998e-02	-4.644271507914752434e-02	-5.253527384679022860e-02	-1.564371571733395513e-02	4.266858792296363001e-01
1.437744397482302761e+00	-1.422053827984330436e-02	7.567883665305707996e-01	-1.190830774326405994e-01	-9.967022201649321234e-02	1.803281142916079161e-01	7.270795052985226103e-01	1.592555722826610953e+00	-1.121581179956637059e-01	9.970427976217167698e-01	-8.292976129545892583e-02	5.306270310156809833e-01	-2.433204144270825764e-02	7.707404897657463838e-01	1.632834511562289759e+00	4.019269065026140342e-01	-7.801065138639862173e-02	4.988270424555817373e-01	-1.584228477131859880e-01	7.352967118720915574e-01	-5.489609078706565032e-02	5.916124536549345336e-01	-4.897531282239589445e-02	-5.007490190580063394e-02	4.838730930568128641e-01	-2.468719812554285784e-02	1.164486673169933706e+00	6.477119218734317396e-01	-1.045106728478558955e-01	-6.197172814008471663e-03	-4.131247081948772465e-02	-8.763045080613736382e-02	-1.130950846086644784e-01	-1.380334104215582836e-01	4.848483669990674150e-01	5.709186895959080799e-01	1.648676506112459750e+00	1.714415036618734955e+00	1.281911617562695005e+00	-8.957162629265529030e-02	7.169657296433493698e-01	2.259626389110578337e-01	1.013030647121719419e+00	-1.086707607590789437e-02	6.511642805919931609e-01	1.529554953914270987e+00	-2.455914898519514014e-02	-1.200823406067658278e-01	-1.062752470340746214e-01	-3.648506494048763676e-02	-3.516086811133172646e-02	-5.387684720298033247e-02	-1.434361648605251005e-01	5.817136645350498014e-01	-5.745088212847008352e-02	1.218499772524439251e-01	-9.842068729948037775e-02	-1.041741598076112718e-01	-1.437994112710196393e-01	-4.811673253079614548e-02	-5.128388753374144710e-02	-6.325593903675326424e-02	-2.429901111733601127e-02	-7.528425785802934055e-03
1.475257080622654149e+00	-6.357532284324726897e-03	-5.382006895448477463e-03	-1.241564745547770604e-01	-8.508791306933560783e-02	1.023940513299734789e+00	7.788838414938505927e-01	1.537669177608475213e+00	-9.272385446923823993e-02	1.166467204878748110e+00	-7.202155782940368456e-02	-1.086944907537909250e-03	-1.255484492751354243e-02	9.630440927438781440e-01	5.417360467366668514e-02	1.167322819240675713e+00	-3.194384222493162895e-02	1.613733962680453660e+00	-1.424701134264655666e-01	5.955981209457861247e-01	-1.963561184761782041e-02	-4.498021838645677867e-02	-4.311190660977692185e-02	-2.096171212796020880e-02	6.293762739101731452e-01	-1.924071292218559881e-02	1.665764039218804005e+00	1.596426224054756204e+00	-9.347209472946316211e-02	-2.225256626511772778e-02	-1.304072161011806882e-02	-4.478707148836343077e-02	-9.749278631183141974e-02	-1.282778735846963891e-01	4.476184042424987686e-01	8.517769899133987854e-01	1.354513571741857048e+00	1.812839086785379861e+00	1.035147228044209333e+00	-7.311582208803321659e-02	-1.845373314209144792e-03	7.000895039936945174e-01	6.218473999005188491e-01	-1.756669833604554767e-02	7.963399366608495678e-01	1.554146222885648854e+00	-4.226997536979569536e-02	-1.081045877346763495e-01	-9.715004811391909911e-02	-3.796330830928161537e-02	-2.158592663171386011e-02	-4.673562661748587727e-02	-1.123785802387098354e-01	1.386135665584226295e+00	-4.601533323068703052e-02	-4.474949783664591146e-02	-5.626292091885675556e-02	-5.089403006878500529e-02	-1.183920147381575388e-01	-1.127611222559115126e-02	-4.887384260425623600e-02	-5.889374130406398178e-02	-1.500495338715540118e-02	-2.839963518044143556e-02
1.570688052758948849e+00	6.444548902292343007e-01	7.090141334019366415e-01	-2.066670071501763156e-02	-7.563099017756565179e-02	1.313876607124483176e+00	9.875565320541974668e-01	1.683880781138918037e+00	-1.300998969961363605e-01	9.863805586738036979e-01	-6.019043426812700770e-02	-3.409586173228214279e-02	-1.215504958194526045e-02	1.116061807993948163e+00	1.236927312757882147e+00	3.270766706367082555e-01	-6.875489869952100541e-02	7.830033861585252719e-01	-1.289372772205456819e-01	1.585478290792741385e+00	2.502972196073104810e-02	-3.972096136579394976e-02	-1.975743105419722548e-02	3.689444708155117242e-02	8.071397967136970664e-01	-2.375852435042560135e-02	1.108754202845232184e+00	6.094472111598802089e-01	-7.841128517888430738e-02	1.581716446129864950e-01	-5.264098102807359889e-03	-9.440655590671294395e-02	-8.988276816976993600e-02	-1.250262116410855162e-01	1.760175409622760090e-01	8.955650212935031274e-01	1.680015958118887820e+00	1.736737970404052867e+00	1.374227415207297298e+00	-6.739935031562989398e-02	5.632285998795034665e-01	7.572915524340025906e-01	9.607732096553378565e-01	-2.536665714734626098e-02	8.664614681453479683e-01	1.805744272780674509e+00	-2.566377195362031308e-02	-9.917497452088347432e-02	-1.263664048450577337e-01	-3.329190219128378564e-02	-1.871930366952411981e-02	-3.110347149893559482e-02	-1.270795867644184673e-01	9.430704778118705889e-01	-4.745858559023209688e-02	4.057853816732133745e-01	-3.552687635392228621e-02	-5.131264732541778589e-02	-1.310462981820534611e-01	-1.726337571152804923e-02	-3.367821251533378857e-02	-5.302231003660885095e-02	-1.280084894326745902e-02	1.268440355953032617e+00
1.437727923851763290e+00	7.622269986230464367e-01	5.832705114143706959e-01	2.625065664407313926e-01	-8.784550890656013522e-02	9.764423622628635169e-01	4.224061584256710855e-01	1.834797426192480652e+00	-1.372825097187311827e-01	3.808990337293785000e-01	-5.529770706033225458e-02	-7.213468872311508406e-02	-8.137191025082304505e-03	1.411282195529575123e+00	2.083056656601613099e+00	-2.071671168684869474e-02	-9.955721086421452648e-02	6.979566827444709798e-01	-1.437065523227939456e-01	1.795802489014055592e+00	1.217341957843950828e+00	-3.159437049257363562e-03	-2.584779031938887542e-02	1.039195363078851297e+00	6.483838981712315430e-01	-2.793326595290700209e-02	1.629036578858635009e-01	-2.852979485060277987e-02	-9.194288700706808315e-02	1.821397678757046057e+00	1.129225032614054325e-01	-1.312206787820569265e-01	-9.353789095045213220e-02	-1.459729038525225675e-01	7.234832729666279549e-02	1.091356291171672099e+00	2.067566621993558229e+00	1.729769382275454737e+00	1.205682627267573137e+00	-6.332793124730086431e-02	5.970547317053085390e-01	9.430775619757433281e-01	1.334936396740563858e+00	1.647741313368259464e-01	1.034025650507094163e+00	1.882578907433037241e+00	-2.267664085273204423e-04	-1.019499075909529456e-01	-1.298100426650157235e-01	-1.270714464576568059e-02	-2.171796500637249508e-02	-5.466716035348791192e-02	-1.344387011690204858e-01	1.566033659218456719e+00	-4.911766621379221737e-02	1.993449757040905990e+00	-3.031172253350906606e-02	-1.368857388863641278e-01	-1.355213186639780965e-01	-3.613958607336986012e-02	-3.369183254279189271e-02	-4.668021177664465060e-02	-1.448417671428090837e-02	7.386323712678650732e-01
1.580488207885603291e+00	6.155621652336511207e-02	4.470805442957339615e-01	-5.273637881481775536e-02	-7.831760213022037620e-02	1.653982103177434437e+00	7.891692185344314492e-01	1.887674664505303301e+00	-1.120812070396330073e-01	8.589738823410899560e-01	-6.056600286860559790e-02	-2.911287319643477301e-03	-6.690930321748036515e-03	1.129753532581244890e+00	1.418610385101391591e+00	7.885821577570722996e-01	3.808522314641099582e-03	1.366743027731532889e+00	-1.418203436862497113e-01	1.696068706388705660e+00	1.350044290423171589e-01	-5.826804023331338261e-02	-1.840393824643923523e-02	1.789209895641705739e-01	1.097002983936860687e+00	-1.340670411419933074e-02	7.837980798477850453e-01	1.564359741667934678e+00	-8.909820178237616572e-02	-1.572667672295212588e-03	2.284718416668912455e-01	-6.576822538856069711e-02	-9.538525987390070182e-02	-1.259040454761533867e-01	2.108395193684842184e-01	6.451157816600343597e-01	1.666858217657739338e+00	1.903143482067831238e+00	1.110484141314143969e+00	-5.818518817990298020e-02	1.488496698022193920e-01	8.176994267744740474e-01	8.557859478824587640e-01	-4.344005263082175577e-02	1.020565548796819932e+00	1.816406379093234547e+00	-3.206510249679280639e-02	-9.202293369782114929e-02	-1.213175124137594180e-01	-1.980136677958780483e-02	-1.849259214034501553e-02	-2.698027617437431108e-02	-1.078211327694017507e-01	1.531547553041243237e+00	-4.611930481374783286e-02	-2.132925682275390450e-02	-1.086686358453431769e-02	-3.383371150936020227e-02	-1.256166268222726756e-01	-1.266703370309013588e-02	-2.848564041744150108e-02	-6.211315824483248232e-02	-1.485266995895144493e-02	-3.229624596686625406e-03
4.858974117967079787e-01	1.091426531854090137e-01	-8.709018342115519562e-02	-9.455277841802539607e-02	-8.440587405123722853e-02	-1.837090762250435244e-02	1.723825921339367184e+00	3.684247862950206232e-01	-6.216364976605593534e-02	2.092085765762513372e+00	-8.697564519023208429e-02	4.138539256234394226e-02	-3.843508377365771611e-02	-1.467845535978088041e-02	-4.546153898800814330e-02	1.189595599381345403e+00	-2.235272557991381873e-02	-5.670972459195134513e-02	-6.964397732106999972e-02	-6.934163938895966661e-02	6.280089775840314026e-01	-3.531396055780201219e-03	-6.601514318233443757e-02	-4.481063889145063539e-02	-3.050325360084994025e-02	-1.158284879031008796e-02	2.329647142674615257e+00	4.195161132899645207e-01	-4.864023824705793891e-02	-1.114079723913332376e-01	-6.801501451494884609e-02	-1.485525128621881519e-01	-7.391818627510216011e-02	-9.574656848602178250e-02	4.890927929180872713e-01	7.564551750606746117e-01	1.121788141608335954e+00	5.548288766675695260e-01	-2.022696662394911013e-02	-7.159784227789577071e-02	-2.995296498864464391e-02	-1.890101029967919031e-04	-1.067526188110821082e-02	-6.949231138253356144e-02	9.688233262616765540e-01	1.161270932467727945e+00	-1.121865333397660536e-02	-7.343943141471470648e-02	-7.988513984341867602e-03	-8.265872953150167624e-02	-3.016211994438988686e-02	5.594905883971280636e-01	-1.289326288200591530e-01	5.494651488578521370e-01	-4.490297240066339762e-02	-3.955262643865584821e-02	-1.446650660711482905e-01	-3.464099984416638828e-02	-9.471901330775173156e-02	-7.210804469292450558e-02	-8.875203867409725556e-02	-6.993350580051413412e-02	-2.611059857195489192e-02	3.682025367829711904e+00
1.459927527787323820e+00	4.947195630498622543e-01	-1.232146199727607305e-02	-8.440994470913731895e-02	-9.580534407693371002e-02	2.633951364819371310e-01	9.966859394932787719e-01	1.873100891903854093e+00	-6.957437812794030341e-02	8.393239438156644416e-01	-8.891319146481781177e-02	-3.426772383639829778e-02	-2.091312835085415434e-02	1.200157390095331955e+00	1.210946794779162561e+00	3.996343947829139043e-01	-4.580542972041810185e-02	8.140331678822079198e-01	-1.625577050037558535e-01	2.549075750196612700e-01	-4.512549471112245469e-02	3.585696532448488516e-01	-3.893724237896243473e-02	1.044391019945588805e+00	-1.042770791648271571e-02	-2.575685475955551487e-02	5.062614924505384195e-01	1.111992334876665822e-01	-1.095249019307968086e-01	1.195003135057052912e+00	-1.336887128548732394e-02	-1.047523569765304308e-01	-1.073565009239745016e-01	-1.625182053738090382e-01	5.137284974812365013e-01	1.371487709839323887e+00	1.882667588462072494e+00	1.768418633579121435e+00	8.708914702198455871e-01	-7.355993640893958296e-02	7.334408901566833450e-01	5.524532024774199135e-01	1.315346007555247887e+00	-6.424694225184145527e-03	1.359905652654372687e+00	2.172078170380679296e+00	-3.598134583060103031e-02	-1.120969112251516131e-01	-8.664646179180017505e-02	-2.820327233053783467e-02	-2.276821074271926162e-02	-3.837756397785672263e-02	-1.402864383760354661e-01	1.830550611255898685e+00	-5.734533028098749707e-02	5.627474666921682411e-01	-6.736101731877708332e-02	-1.550319431335067111e-01	-1.248448556729222086e-01	-4.731641287899426840e-02	-4.298940918682871842e-02	-7.529890704424803405e-02	-2.095103886434890664e-02	9.163797530985770545e-03
1.335823290823251019e+00	-1.868901243623983383e-02	-1.981482523937719634e-02	-1.715512472861018267e-01	-9.403114254207863010e-02	5.730534421251295418e-01	9.402595985759081287e-01	1.376541867169094990e+00	-3.924289510219033245e-02	8.391505437183642835e-01	-9.429228234502443073e-02	1.942844950115762970e-01	-1.287811397848828178e-02	8.468290791271537721e-01	4.609186058211324211e-01	1.039094438850679758e+00	-3.033397694537066230e-02	1.674781938862961672e+00	-1.794205555843703115e-01	2.299289051087751723e-01	-8.224539559176313741e-02	-2.455234033112389802e-02	-4.982347436556223974e-02	3.991553243680765473e-01	3.658091070779047049e-01	-3.236450270118314265e-02	-8.786673952087898157e-03	1.599406528755608958e+00	-1.115122406546905781e-01	7.824905718764856022e-02	-2.251380141351704348e-02	-5.739682332146114896e-02	-1.044211223692567414e-01	-1.546787747999815166e-01	1.081822998387249046e-01	1.133549072297460825e+00	1.806361666193485371e+00	1.804255197215691497e+00	1.037707611700060761e+00	-7.829144722120419397e-02	-4.113720552072461413e-05	4.625182925328648054e-01	1.751115867979746277e+00	-4.799255437627181903e-02	6.710616911470157486e-01	2.004134996094564247e+00	-8.292312057680803483e-02	-1.111380254258058503e-01	-5.396648671141673903e-02	-3.467624091283405541e-02	-2.572236805412736818e-02	-4.920385951292061133e-02	-1.175046082721107610e-01	9.424100276982751989e-01	-6.132117081197237252e-02	-6.296487737834058351e-02	-9.792465494665063275e-02	-6.666078106047700069e-02	-1.117438650092790198e-01	-8.944566424386291015e-02	-4.984742312653414609e-02	-7.853798721954877160e-02	-1.381339880168677009e-02	-2.871860763205151545e-02
1.254957692251736701e+00	1.107481301638693294e+00	8.644554838443514744e-03	1.071232738950518959e+00	-8.254596039519768169e-02	1.262684378189333989e+00	8.612321221198906418e-01	1.584441736663008360e+00	-1.331019460431640822e-01	8.157005964006965870e-01	-5.191270874040630062e-02	-8.030966907599934590e-02	-1.685863561532774391e-02	1.308290114135185478e+00	1.455173184027565014e+00	-1.435199416512687037e-02	-7.951293012918837777e-02	3.323592289539563094e-01	-1.128825918502148890e-01	1.405057128537394062e+00	1.965912116267534149e+00	-2.754236125783502895e-02	-2.311912361259366860e-02	7.079924855912003157e-01	1.571127582313514848e-01	-3.045188357520175679e-02	8.177979616747462766e-01	-1.668954997495395581e-02	-6.399893396263045542e-02	1.236726238500323038e+00	7.012506176187245643e-02	-1.398871512812088769e-01	-8.232427384221469024e-02	-1.287763717460704838e-01	-1.707535905869378076e-02	1.097115499900639390e+00	1.821060053292869130e+00	1.602468455930488256e+00	9.949138458141895125e-01	-5.632640939769604366e-02	5.944536968427212020e-01	7.396141940678448989e-01	9.547023167998923698e-01	-4.465467597768943593e-03	9.554299612834347144e-01	1.666223243246796715e+00	-4.724233713286498000e-03	-8.366997678788318238e-02	-8.776557291131351080e-02	-3.664692640733027695e-02	-1.685101496059404624e-02	-3.470981472778734284e-02	-1.353379885165076346e-01	1.873020129492105168e+00	-4.171028810187588781e-02	1.705204608562399304e+00	-2.574727483208532827e-02	-7.432219911435219983e-02	-1.232549043608768963e-01	-4.783016102651844320e-02	-4.823708113804276582e-02	-4.095474514266068261e-02	-1.282074471195237403e-02	2.476328520161248381e+00
1.658180516876402999e+00	3.443833016426180449e-01	-1.612609806606650487e-02	-1.020504139997714665e-01	-9.575052553532564792e-02	-7.979351128317111255e-03	9.331641046760112967e-01	1.808464559693374829e+00	-7.021347704662220246e-02	9.848488202290058835e-01	-8.643488992789109815e-02	-6.532230979222043710e-02	-2.209458350992541190e-02	1.260170788328079716e+00	3.952657547202279020e-01	4.874880402409242364e-01	-8.546843268667485283e-02	1.254210588099346602e+00	-1.603959812367510007e-01	-1.519551904133002035e-02	-6.185288240188301784e-02	8.829177284647220514e-01	-5.344646155609208277e-02	5.198803038595709580e-01	-2.407173341068541764e-03	-3.376410795917565016e-02	1.188357844084255044e+00	-3.179034992564558348e-02	-1.159598946467938763e-01	1.786891342980133635e+00	-2.846189082999052433e-02	-9.329748272180968249e-02	-1.084039568701770373e-01	-1.640557240609078204e-01	4.789600372477933465e-01	1.453627598090962092e+00	1.826205702147988275e+00	1.672645197729290212e+00	8.640317088859456041e-01	-8.118475875741749948e-02	9.942426873755603189e-01	4.034419300056137359e-01	1.291878496921198050e+00	7.530062752060070475e-01	1.152376235090190049e+00	2.007567031898520593e+00	-2.164021450920304915e-02	-1.251770016512337713e-01	-8.436019179837343784e-02	-3.690381195972031875e-02	-2.863011861403751482e-02	-6.581932266745257887e-02	-1.377846333042250793e-01	1.817986092842223567e+00	-6.151215804825908157e-02	8.209047332211063530e-01	-9.185838544273884632e-02	-1.846529366274541062e-01	-1.207881192093041012e-01	-3.934506839583120502e-02	-6.049753995442333498e-02	-6.453606610835495305e-02	-2.371354409109623779e-02	-2.009813425697343225e-02
-1.034254246218157675e-01	-1.174825828470342087e-01	3.012335445182995688e-02	-2.560874720155034701e-01	-7.037074462582158796e-02	-1.179330549351043783e-01	-7.832478934844254448e-02	-1.137124450743638715e-01	-1.113153185385182264e-02	-3.466598933123236654e-03	-7.270075857327212843e-02	2.125707845792698669e-01	-3.063492017660257583e-02	-6.224781640338197114e-02	-3.196475249781425849e-03	-3.436619098033012049e-02	-1.700440826891628787e-01	-7.147157463911968378e-02	-9.953354361602168021e-02	-9.036710283972353153e-02	-2.439952587364235814e-02	-2.961124052789514127e-02	-5.680511325656621702e-02	-1.056685184927420723e-01	-9.853096359928823281e-03	-7.034315559226037018e-02	-7.016069896003825079e-02	1.168795448924814934e-02	-5.009853416734798975e-02	-1.233788392115414551e-01	-9.187670295302097223e-02	-6.927173984542017715e-02	-5.539652434581482376e-02	-4.934430483028205000e-02	-7.547745842217064988e-03	-4.470832075188389126e-02	-2.160890066667123591e-02	-3.236455915423261387e-02	-1.823481232849595221e-02	-3.017697525295983535e-02	-9.727827406986200298e-02	-3.322606833633631740e-02	-3.199491199224220594e-02	-4.189120025067869652e-02	-2.345826146542299984e-02	-8.853862970473527771e-02	-8.065960090383254844e-02	-2.220500686771448295e-02	5.466183471885008860e-01	-3.457584340259482747e-02	-3.984160094636990390e-02	-9.180822488454699892e-02	-1.043340969084740610e-01	-6.769568875256608276e-02	-2.444241596762369156e-02	-6.082044938163629760e-02	-2.213776957946333723e-01	-7.731958644654146617e-02	-8.650699724988543393e-02	-1.913134225869684846e-01	-5.799163513719464425e-02	-6.770388505764177167e-02	-5.397904309294172809e-02	-5.288927723616642512e-02
1.670032398389759365e+00	-1.321068518304992397e-02	5.523479402562087026e-01	-1.501637663295438685e-01	-9.584564165324967189e-02	1.865449050684417354e-01	1.011094528772319645e+00	1.727752853763856455e+00	-8.223302009668899404e-02	9.238173141819022716e-01	-9.269375215997306683e-02	-2.530041509256472990e-02	-2.025753061863001109e-02	1.133706012951238629e+00	8.140867129577131767e-01	3.948544608754619434e-01	-7.902621361473617656e-02	1.502799428540244842e+00	-1.740508050249570116e-01	3.628783228965449803e-01	-8.261135734131976049e-02	5.698808963779619097e-01	-5.382070723990343974e-02	-1.515213540162637686e-02	4.300044564414952086e-01	-3.111691982179220009e-02	7.401784430366603607e-01	4.393402921344528034e-01	-1.162017340846649843e-01	9.014616128486953039e-01	-3.170882978921928802e-02	-5.618622450820928704e-02	-1.082972041732828405e-01	-1.620827735915551793e-01	2.724245882672450547e-02	1.100187500102727700e+00	1.734627735546636851e+00	1.918546264566648230e+00	1.079328550406028375e+00	-8.620502979731461957e-02	4.710598516437982108e-01	2.339761254318183936e-01	1.501073561712628734e+00	-1.963554007418548582e-03	7.875541845394687934e-01	1.875447889833471216e+00	-4.957757547094985423e-02	-1.277565424055001342e-01	-9.865455068257084070e-02	-3.587006120843917040e-02	-2.794800387381979681e-02	-6.280717797320087281e-02	-1.323766565632349401e-01	1.085419638885506632e+00	-6.581315736865302191e-02	-1.013663480666066909e-02	-1.021335640651356846e-01	-1.202909719010028938e-01	-1.276636223396189762e-01	-6.781483293549997460e-02	-5.831344286496474572e-02	-6.531907576584819464e-02	-2.373602804808106620e-02	-2.719674890046331131e-02
1.390531028252557366e+00	-4.104508630104177803e-03	-4.320370195452925138e-02	-8.758608863553046797e-02	-1.013126474881713424e-01	2.684213106041287156e-01	1.310027445905028953e+00	1.986069423307528226e+00	-5.927323714096393442e-02	8.069707537676052977e-01	-9.353925499540377553e-02	-2.786869219334985048e-02	-2.119261679463800910e-02	1.114143690911904683e+00	9.222657787009480579e-01	3.470757573270904506e-01	-7.745977461158974099e-03	1.012567731734377530e+00	-1.634411768174026114e-01	6.497918687856478470e-04	-2.988034030865066928e-02	3.124503694392090636e-01	-4.628542384052589109e-02	5.129409731676574102e-01	-2.612269256056081596e-02	-2.306181232277683055e-02	8.221422780272737985e-01	5.953561560159047472e-01	-1.082858485477477817e-01	1.034669489833224265e+00	-1.635884510131159139e-02	-8.420414820457351734e-02	-1.155071128750627119e-01	-1.567613552525083664e-01	3.594661158549234958e-01	1.212872889352018868e+00	1.920387037094844818e+00	1.909275583271951682e+00	9.623396562756173500e-01	-7.363734203597062378e-02	1.251178180761035375e+00	3.240363708401571285e-01	1.356614464958859845e+00	1.867031952747248702e-01	1.239266612606776397e+00	2.049977892993588569e+00	-1.991400172280159350e-02	-1.039520336693872671e-01	-5.710485860817915427e-02	-3.152895292880768252e-02	-2.471359907916028179e-02	-4.460450433775251661e-02	-1.330754516301906054e-01	2.464771200408089946e+00	-5.653664111024182121e-02	1.135671004877682605e-01	-6.986075715288249388e-02	-1.226034867161697600e-01	-1.164794751967908049e-01	-4.749897077332627948e-02	-5.979198970554553544e-02	-7.411977670512696903e-02	-2.141155333888060744e-02	-2.955378693407455584e-02
1.669136084169048351e+00	7.728414576173171513e-01	4.826182055423832162e-01	-1.134657001206313721e-02	-7.501421791122198091e-02	1.362771149861933484e+00	1.002152384312188449e+00	2.025953461316485793e+00	-1.121095203861315198e-01	6.240957586499229492e-01	-5.871881559649317489e-02	-5.557838762987674791e-02	-6.210308645777273991e-03	1.348864099363644264e+00	1.192941273134909830e+00	2.450018912572023977e-01	-4.470217645353084107e-02	1.206437133198428047e+00	-1.411705524116332322e-01	1.574843142225439863e+00	2.079436248880570798e-02	-4.280805298800969411e-02	-1.447952864848269829e-02	7.532865445621036438e-01	7.598672130898849186e-01	-1.888812312053742351e-02	8.418985258252783543e-01	8.590694713143509631e-01	-8.294287028136476669e-02	7.948893241859636971e-01	2.507253516019438688e-01	-7.532334100718766912e-02	-9.116282840556153011e-02	-1.351443111974294231e-01	3.543737714641357339e-01	1.183898315642692767e+00	1.762763032869607782e+00	1.893377882794820222e+00	1.315204302912509560e+00	-5.837010234171344236e-02	7.983604177383851752e-01	9.837495787630837762e-01	1.026826214721716202e+00	-1.665405252690503254e-02	1.181535614667002410e+00	2.010044558515122315e+00	-1.924584138333756619e-02	-9.579708509345799539e-02	-1.228745162225940019e-01	-1.871436901138825645e-02	-1.347776430676973954e-02	-2.881441800010781096e-02	-1.180040266945660832e-01	1.665092522607820147e+00	-4.688585647616821950e-02	2.914932274151853520e-01	-1.308880538433539013e-02	-7.603752836462861209e-02	-1.216353450567192462e-01	7.886641633163027354e-02	-2.275237005048059633e-02	-6.201351475927602969e-02	-1.160195228986024910e-02	4.014025731998283053e-01
1.291860225116296057e+00	4.859829002765711503e-01	-6.550789651046758609e-03	-6.191363296214872150e-03	-8.855394608735232820e-02	9.765877639686049161e-01	7.448447698291567054e-01	1.742764218667702592e+00	-1.024542217180630932e-01	4.142114305186798684e-01	-7.115752124304029758e-02	-7.395650266138635576e-02	-8.809222776646604899e-03	1.240028833684500231e+00	1.752718716814056998e+00	-6.607314624717756241e-03	-5.886989768998105582e-02	6.937770641474212407e-01	-1.556991116558405219e-01	1.135277252633958733e+00	8.557139189218296860e-01	-2.522229594569375469e-02	-2.957398161491936461e-02	1.177366347330076390e+00	2.187884095711513932e-01	-2.451144171988442824e-02	-3.155026855912134581e-03	5.413031708032935985e-01	-9.253796262966766661e-02	1.157184522321932807e+00	1.685488301812355927e-01	-1.211715027059434707e-01	-9.963313349823581244e-02	-1.525243007399077477e-01	2.188286353820101393e-01	1.260461877902579797e+00	2.019056541315007891e+00	1.680962226206561549e+00	1.075565682036423221e+00	-6.330532002939283365e-02	8.966444276232323762e-01	9.221410612650658978e-01	1.287312996370143736e+00	-2.042333782229025299e-02	1.291375960478188256e+00	1.863647569227306233e+00	-1.985934538413729189e-02	-8.905199056354040632e-02	-8.413733569739254015e-02	-2.305652965071360028e-02	-1.909959478221753479e-02	-3.409630189997044092e-02	-1.336032990754671690e-01	1.930183977375829585e+00	-5.020746708368875599e-02	8.552852956585246247e-01	-4.383922451197534709e-02	-1.003533433680741660e-01	-1.275708367727109993e-01	-6.354186055759500351e-02	-3.494387872583059468e-02	-7.115150454240123934e-02	-1.493083493691036052e-02	9.512200085847970499e-01
1.321501129330591384e+00	3.451099439695446414e-01	1.568843232510455932e-01	-8.601867732347029394e-02	-9.835050206010606533e-02	3.793535800746059006e-01	1.074613232362048754e+00	1.862326181226662714e+00	-9.173906075170480678e-02	6.094070236753955649e-01	-8.710623188461502631e-02	-3.127105576387476105e-02	-1.885950095019894857e-02	1.115537906476620877e+00	1.341015641056783059e+00	1.620573566001709542e-02	-5.665541405638668815e-02	8.005765188429285750e-01	-1.656691540090063086e-01	7.557137690616887449e-01	-2.297876384496008728e-02	2.315056368807953402e-01	-4.144097436728672035e-02	5.336191166364324667e-01	-6.128446344045299261e-03	-3.052575582323638348e-02	4.308295908862509460e-01	1.777040248692815516e-01	-1.030432319852391254e-01	9.812403883426302764e-01	-1.934592777622674842e-02	-8.778167483966332896e-02	-1.071051061067711668e-01	-1.587676814443363948e-01	2.367016053310077861e-01	1.174396212561981123e+00	1.901367760738598145e+00	1.949338778552637486e+00	1.247813929196510019e+00	-7.321447109140431786e-02	7.157342336644290093e-01	4.793541391973898946e-01	1.420562295244088169e+00	-3.548345187769111949e-03	1.041556015169562865e+00	2.018428804999108372e+00	-3.416794360271596664e-02	-1.118068181241438919e-01	-8.822916069084650592e-02	-2.536958393670492307e-02	-2.350976310100305611e-02	-6.029970062029026134e-02	-1.443683609894681197e-01	1.688751801649207573e+00	-5.510558928648499194e-02	6.555012547883738439e-01	-7.493437561391040613e-02	-1.303515538735942059e-01	-1.299913848935687621e-01	-5.495090701543956652e-02	-5.249225035442213472e-02	-6.889642227566937505e-02	-2.196462299948982039e-02	-1.226527481032737947e-02
-8.697774842616634583e-02	-9.047712550885365912e-02	1.578185145894691471e-02	-2.735947661376530449e-01	-6.999459508303783328e-02	-1.097553235126673687e-01	-7.900881058327918760e-02	-1.010696152215295462e-01	-2.771978809444274744e-02	1.388175550322470198e-01	-7.788474065587273898e-02	5.769148918700973683e-01	-3.326196359505754346e-02	-6.803523582399086111e-02	-7.952437930254236190e-03	-1.803919253969647057e-02	-1.654911005688389780e-01	-4.240733095537994185e-02	-8.927674636704360789e-02	-7.475100452460625711e-02	-1.210715598910234829e-02	-4.715802125765056890e-02	-6.454168725098870241e-02	-8.872579179739245592e-02	2.208022264357194231e-02	-4.628794522500547653e-02	-5.197496506797290305e-02	-2.853625562283050240e-03	-5.082110768033307885e-02	-1.341567305968517088e-01	-9.500596884398450348e-02	-9.152522916157958266e-02	-5.157529264797144908e-02	-3.106190642054582063e-02	1.222864471799579855e-02	-4.945901248404319800e-02	-1.173250487673997526e-02	-3.495441988724398014e-02	-2.833128245262523173e-02	-3.124292274586877929e-02	-1.442687843459182773e-01	-3.046556291680552198e-02	-3.546379706922279940e-02	-4.728201229675365463e-02	-2.742318143962697158e-02	-7.343293797564866277e-02	-9.118846114724515894e-02	-3.475338793445287983e-02	2.794033750453180920e-01	-2.078525239501032018e-02	-4.350356788796003182e-02	-8.658099206426819738e-02	-1.029162434782233959e-01	-9.161785675376034332e-02	-2.674612402213687526e-02	-3.609243156789614104e-02	-2.029688028189600701e-01	-8.799890421200713686e-02	-8.583711255348856761e-02	-1.677865265637558390e-01	-6.071477998567557932e-02	-5.301545089203817118e-02	-5.214760521155784728e-02	-5.077786153329156421e-02
1.743615176685276991e+00	5.847571036264826994e-01	-2.151276902907350505e-02	1.127936988969022503e+00	-8.049635660335821563e-02	4.942755705547293710e-01	1.216209594480741174e+00	1.834610920464796235e+00	-1.072516547067417503e-01	1.063977221022515574e+00	-5.343993914311066795e-02	-8.501210689279031785e-02	-1.885203025469618307e-02	1.327146543760722608e+00	1.168023740179028325e+00	1.823518053325045851e-01	-6.439074339291596394e-02	3.280927480236403015e-01	-1.162259341187169975e-01	6.006776404903967359e-01	5.939762211669621372e-01	7.135398465142175350e-01	-3.023072262411305097e-02	-3.931076700454178528e-03	4.889725902461428825e-02	-3.365037461606808222e-02	1.775793774739791830e+00	-4.018153856853089873e-02	-8.049586166677805132e-02	1.770411604935065109e+00	-2.240294008900685710e-02	-1.267151853059474420e-01	-1.023281795629954888e-01	-1.298124549370242853e-01	-7.481469055445033036e-04	1.010941005694495409e+00	1.878777396981492709e+00	1.564726551762394058e+00	1.274792980131877806e+00	-6.825783813862795757e-02	2.529042259293581285e+00	2.743588959165378927e-01	1.220751346578217600e+00	1.100245499512867875e+00	9.757913831896478651e-01	1.635543264414679898e+00	7.485449016626649632e-01	-9.430100141234432076e-02	-7.299037554034792930e-02	-4.596135517298204076e-02	-3.129495680352843701e-02	-4.972491432501195685e-02	-1.349700914152709985e-01	1.952080118664786923e+00	-5.029187409498750427e-02	1.445882769948289903e+00	-4.930785597332932452e-02	-9.889191381502898670e-02	-1.197314049566049893e-01	-3.708310490814264310e-02	-5.651456672356524463e-02	-4.775106336556259740e-02	-1.991792730567560829e-02	1.584308394090092831e+00
1.006660897142841016e+00	-5.839001700108010541e-03	1.199415013227496996e+00	-1.253639656220539578e-01	-9.671617971027786365e-02	8.647515639848226687e-01	2.409436497636582575e-01	1.314822515625898802e+00	-1.251558529939105491e-01	4.333442468067053577e-01	-7.472104023954342922e-02	7.130767556272418206e-01	-1.730798720266135335e-02	6.614415884825284309e-01	1.500301918049207428e+00	-2.564819258647772771e-03	-8.834583296921905138e-02	3.958984842592395137e-01	-1.520000018676698483e-01	1.312940793006464713e+00	4.721449688567376790e-01	-3.751061703932371399e-02	-4.476589121424703888e-02	-2.238689043244371582e-02	7.462762811089569404e-01	-1.276021458837833800e-02	4.149046916349575231e-01	2.332923801811055409e+00	-8.078114180892310980e-02	-6.646223041102415630e-02	-1.001740668233214171e-02	-7.130691983047006410e-02	-8.325859650676527279e-02	-1.330164843425152843e-01	6.960169198604173602e-01	1.001945473845239132e+00	1.523377609400651922e+00	1.311905876924839731e+00	7.543259690013689456e-01	-8.515653953268582932e-02	-5.110333485501018791e-02	8.746261926403327003e-01	5.840985128707247842e-01	-1.001670429711830346e-01	8.565385092587937121e-01	1.473063851944763414e+00	-3.034294063536044014e-02	-1.066198475609737989e-01	-1.025750642215292052e-01	-2.928716551201330023e-02	-2.113812999252806177e-02	-3.365937794189776278e-03	-1.267240009548827318e-01	1.007939949937368129e-01	-4.339007152669130396e-02	-4.784077763304152991e-02	-9.250371307715532510e-02	-5.876971464203139400e-02	-1.333503490664707802e-01	-2.824734906139479695e-02	-2.112031173356525987e-02	-6.867709155653674291e-02	-1.731867180716995663e-02	7.262652695479545617e-01
-1.973419743751038055e-02	-5.985128421284962447e-02	1.071390787592755300e+00	-2.815514619428275966e-01	-1.146841482332352086e-01	-6.933893036498887941e-02	-2.983777861913175511e-02	-2.197674910174584467e-02	-1.020270143290860215e-01	2.414554933065172215e-01	-1.153868837096045513e-01	5.804018548634688468e-01	-3.610847368033699017e-02	-1.838837752643528514e-02	7.707865392149171324e-01	-3.143860544561934145e-02	-1.776328421752008113e-01	-3.170841581663585290e-02	-1.618758113655579811e-01	-3.004196404178693589e-02	-3.164932415859639248e-02	-4.414568832905882423e-02	-9.873785706761249725e-02	-6.534809586348283572e-02	1.147825918466601203e-01	-3.451908491968714437e-02	-3.247816581573470529e-02	1.009540282077199924e+00	-9.295054489000408038e-02	-1.145517597575819307e-01	-8.183361991559047477e-02	-8.234564321144612065e-02	-8.060202628399652791e-02	-1.161495621958720387e-01	1.791523681593789052e-01	3.960803247421220141e-01	1.088868572739290164e+00	2.390483094556571930e-01	1.736825398986089897e-01	-8.535559223258429307e-02	-1.160034900383057066e-01	-5.577448938113952447e-03	5.677256642451569135e-01	-8.239584153084744678e-02	8.990420828089784600e-02	1.945082666957982098e-01	-8.276959355319346567e-02	-9.480589560312481512e-02	-2.527483500960538143e-02	-4.076653761435948542e-02	-4.453452726818998147e-02	-6.801799581484782586e-02	-1.523733090174417271e-01	-6.154469876072529017e-02	-5.147022487376412547e-02	-5.360245501016643738e-02	-2.350102099870992056e-01	-1.059144670112709963e-01	-1.341752099553110700e-01	-1.497094524784340352e-01	-7.083876866659832849e-02	-7.998550794946933384e-02	-3.499654254546345766e-02	2.220130359195974512e-01
-6.204129224758590105e-02	-7.338479729916487504e-02	8.696551075696937194e-02	-3.800344513849709394e-01	-1.103568664387062637e-01	-1.303045042641031437e-01	-3.532954732266510578e-02	-5.362404442722862319e-02	-1.190235649928069253e-02	9.065886585897847683e-02	-1.118403809365792478e-01	1.294823697250388150e+00	-3.319948228027865683e-02	-5.137588053854606762e-02	-3.901528625341333517e-02	-7.657743327189841902e-03	-1.618965717012486871e-01	-1.177110970625952317e-02	-1.518567761426085905e-01	-9.699063770220189840e-02	-1.050494054045034431e-01	-1.276754534033472908e-02	-9.994710586763243254e-02	-5.714258389260845616e-02	-9.945929625272023449e-04	-5.176313740843396100e-02	-7.842305379051510428e-02	2.996007422335634218e-01	-9.190637321727684883e-02	-1.109325967597406537e-01	-1.170587573154124733e-01	-7.561349996879256075e-02	-7.242584360257096898e-02	-1.023336316855856659e-01	4.001800949617803083e-01	2.709802036045995122e-01	6.838747504740085859e-01	-3.147512235494562532e-03	-1.416659944876082732e-02	-6.584324570008967537e-02	-1.469207623885521452e-01	-3.136906229135515145e-02	7.014941747337510858e-01	-7.660015178124010560e-02	-2.006152219732381878e-02	1.001561078560799928e-01	-1.121386031363493657e-01	-8.798893069602166384e-02	2.675002969157258548e-01	-3.713567157868670476e-02	-4.493412815970577318e-02	-9.080318920362479007e-02	-1.192330161018003987e-01	-9.700226450702793823e-02	-5.956350327931052985e-02	-6.913503651599663125e-02	-2.705410758463784315e-01	-1.438921910059399734e-01	-9.935364104201013791e-02	-1.552581277559706707e-01	-8.299487667577688799e-02	-7.678232068746423944e-02	-4.022927463868260223e-02	-7.688415535781092935e-02
1.699434573137291959e+00	1.011266600060574339e+00	4.405140558461746458e-01	-4.164325329629636058e-02	-7.220774939463484032e-02	4.298628140788205432e-01	1.034991589489801411e+00	2.060119194086363237e+00	-7.941536097958851181e-02	4.723030956437544448e-01	-5.505125303958934013e-02	-4.183630653498904978e-02	-5.904536918526433024e-03	1.066209447544285371e+00	6.994657998831856904e-01	4.277780987909050592e-01	-7.974134583720512981e-02	5.643450801488558710e-01	-1.489914557795366523e-01	6.889157172054851674e-01	-5.800041204561364599e-02	1.816922405069756330e-01	-2.092718143041312831e-02	8.425850970783643756e-01	9.380971179584034481e-01	-2.058702917480840708e-02	3.576687646018273936e-01	8.144202093502120876e-01	-9.048954152775605386e-02	6.963725592784114626e-01	-1.435230581297882932e-02	-8.986709408436259483e-02	-8.609485576694403397e-02	-1.459528501112837551e-01	1.319825705257726245e+00	1.571440104799571635e+00	1.844531762402774167e+00	1.336960286316709823e+00	1.216311203443379174e+00	-6.995926885777599413e-02	1.071701161187676332e+00	1.038086625310079558e+00	1.231446361331626438e+00	-3.723149936237533930e-02	1.267058653977923610e+00	2.267032827141094664e+00	-1.673382272253577316e-02	-1.085035369584380072e-01	-1.111756485725610144e-01	-2.694956608554569324e-02	-1.788047196875081762e-02	-8.562418567130337943e-03	-1.171267898553079306e-01	3.144826506208003858e-01	-4.824375740139563024e-02	2.948915676830493604e-01	-5.800864446996231022e-02	-1.239404429430860655e-01	-1.147977191389253082e-01	7.395096873758974509e-02	-1.707923030432755007e-02	-8.489733078708198988e-02	-1.382976998190280256e-02	6.543204276458348678e-01
-1.073582742663212741e-01	-7.231787347149028211e-02	-3.333963095142659927e-02	-2.589673262841074020e-01	-6.846506397802365473e-02	-1.118275637593389715e-01	-6.675125699364260756e-02	-1.121998335361600319e-01	-7.094095817605087714e-03	-1.157778273699299268e-02	-7.958673331137934570e-02	3.353085367921725402e-01	-2.608306902385306575e-02	-6.736583577019487901e-02	-2.600848186145890070e-02	-3.276352198511563868e-02	-1.469130304147240884e-01	-5.712918822006163994e-02	-8.444807842645778162e-02	-8.636608838019142753e-02	1.655778494473620494e-02	-6.583829290623682828e-02	-5.578998733531509435e-02	-6.086733273269383238e-02	-3.960555790139615173e-02	-5.073276734895378753e-02	-8.012117005854650642e-02	-8.534154595037058214e-03	-4.742794090472526175e-02	-1.270475965274282526e-01	-9.374064937524846652e-02	-1.083289177089651056e-01	-4.381293268021617393e-02	-2.832195931293700342e-02	1.587999567583112115e-03	-3.264421065224108742e-02	-1.291575879109539693e-02	-4.449373144387840789e-02	-3.805557978776161199e-02	-1.680674401628264730e-02	-1.477553043990427473e-01	-4.018052766230225531e-02	-2.732898225851677562e-02	-4.947142760410851159e-02	-2.925435226604208502e-02	-6.336779077745888222e-02	-8.771171123537462033e-02	-2.497178329156176865e-02	6.803873284922653530e-01	-1.558157075802771296e-02	-4.617754200711494256e-02	-8.237937858191610174e-02	-9.589607579574224716e-02	-7.364662221370418815e-02	-1.767522103345407422e-02	-1.913600643187015823e-02	-1.981478096676496103e-01	-8.750823460978872370e-02	-6.503772864647151819e-02	-1.700000820150625036e-01	-5.525361336642368310e-02	-6.270993636592864240e-02	-5.029393199617614857e-02	-4.472968818921643080e-02
1.839031944867424606e+00	1.037687296174495621e+00	4.489180561007783399e-01	-5.178085797560955800e-02	-7.777615964724918229e-02	-8.208304540626325859e-04	1.054439397870220896e+00	2.041053843994532269e+00	-7.397990750951437267e-02	6.000936541986143791e-01	-6.206266437333936986e-02	-7.548237064346426106e-02	-1.181738781558892663e-02	1.300311415670299509e+00	4.936245599849190535e-01	2.610463649633756322e-01	-1.140650529033206684e-01	7.224007289928711106e-01	-1.517483859367631804e-01	2.474625431594757452e-01	-7.860295294183683446e-02	8.875364574701500864e-01	-3.136873787028034849e-02	9.176960261718100087e-01	7.004828647298162458e-01	-2.821441747276308420e-02	5.753327600886907200e-01	-1.604131642294342672e-02	-1.010046742126577135e-01	1.685549284995863539e+00	-2.538645079254523568e-02	-9.856747329807349911e-02	-8.688491194918607219e-02	-1.554210201942366476e-01	1.013618971256674328e+00	1.731183600431252412e+00	1.966912906761865809e+00	1.279838761639674027e+00	1.023286740502950654e+00	-7.602782490908054081e-02	1.115321994096370339e+00	7.798510264419933335e-01	1.478748829830075717e+00	2.079554646974326668e-02	1.213586973680770065e+00	2.296678306366473521e+00	-1.106074512812827565e-02	-1.221527327068162444e-01	-1.121900078711444149e-01	-3.035089738834725534e-02	-2.213427456471709492e-02	-2.656426921569414110e-02	-1.241678770753393557e-01	4.820116553680210969e-01	-5.656777010695597518e-02	8.651871827626449463e-01	-7.746306223204101060e-02	-1.801636283149055662e-01	-1.109867613980219520e-01	-9.417246449971279632e-03	-3.078728084025697184e-02	-7.753661716980100871e-02	-1.758930322077977004e-02	6.612423926156457687e-01
1.523935702129613601e+00	5.027722660390274712e-01	1.059841335764666326e-02	-2.009514363598703321e-02	-7.684852912275130787e-02	1.685513511100207584e-01	8.457901942555412500e-01	1.789972460936461118e+00	-6.517615861095214791e-02	3.460131230586698803e-01	-6.613958552020593462e-02	-8.264200393979201364e-02	-5.353873288323902392e-03	8.948722206909835997e-01	1.077440693100624625e+00	1.116859592619393465e-01	-9.022308608737843183e-02	6.766478646468046532e-02	-1.572504832578686673e-01	3.228747837899564876e-01	-2.339700191168540139e-02	4.356649196136899160e-01	-3.372310446303484338e-02	1.212549507740704469e+00	8.366475612245931615e-01	-2.429388065976455929e-02	-2.422935230769248868e-02	6.103874947361773717e-01	-9.591195750843906076e-02	9.252017915513284230e-01	-1.945913865573000237e-02	-1.346447286675815369e-01	-8.920466442157316822e-02	-1.522260684457612534e-01	1.061855740191492758e+00	1.575777001284063950e+00	2.096231285295612867e+00	9.110955825221004334e-01	9.096984080138350581e-01	-7.392778999423786634e-02	1.233197874724679677e+00	1.038478188700775684e+00	1.523651403092025625e+00	-5.071064162568537925e-02	1.417778917496137492e+00	2.055979678437917624e+00	-9.351321770776663961e-03	-9.931419872293238693e-02	-7.179406057598640423e-02	-3.428787173207854810e-02	-2.333947700473145564e-02	-3.738846836875164858e-04	-1.229616634032197620e-01	2.258397190312204650e-01	-5.327183938032662575e-02	2.736927380027638357e-01	-9.402333312608102123e-02	-1.279767079148679543e-01	-1.128757814984285290e-01	-6.507872624572551279e-02	-2.719176543768837828e-02	-9.767263224963980417e-02	-1.907130525967350859e-02	1.699385301242375856e+00
1.881477594785499141e+00	1.240261517826704019e+00	4.469973989059792818e-01	2.660958954140200672e-01	-6.682180936279256966e-02	4.593952542385594251e-01	1.653369057558379707e+00	2.015410113053875296e+00	-8.663453118527057739e-02	9.329901103079777380e-01	-5.350415863446938980e-02	-7.676661765796899406e-02	-1.655050295484162409e-02	1.229805637262910700e+00	3.952520136525413674e-01	2.372141260372963856e-01	-8.994115392043020019e-02	3.383596020294420414e-01	-1.243294287191996222e-01	5.922876503788803149e-01	-5.800548919409535820e-02	4.737741113172109775e-01	-1.846607582171096856e-02	1.637479079694165174e-01	6.697664668637595131e-01	-3.069059251406860978e-02	1.082536216525530559e+00	3.953039301408486916e-03	-7.019065911016156289e-02	1.022440013122998703e+00	-2.873750613514555394e-02	-9.398454138992139162e-02	-8.053135381759178590e-02	-1.328707924362150239e-01	5.086366988264030553e-01	1.473272650581196164e+00	1.744610236581499940e+00	1.319888201215361878e+00	1.327599499305399444e+00	-6.699821552114580692e-02	1.725537900746068720e+00	5.774122672515067389e-01	1.297785597151362769e+00	-1.407699843501896385e-02	8.852516444650850858e-01	2.073100466959081789e+00	-1.228875479707430482e-02	-1.006186563619422408e-01	-8.769052226413183437e-02	-4.769329697006537833e-02	-1.955716616924174298e-02	-1.369405189057577160e-02	-1.240744478166457276e-01	4.259264087132514920e-01	-5.123615212133070251e-02	5.266768695588590621e-01	-6.142117182548485765e-02	-8.743233551005606674e-02	-1.058174939864958142e-01	-2.305272104949888934e-02	-4.180308316238037086e-02	-7.089526009689095520e-02	-1.263559353971965490e-02	2.365605044074226004e+00
8.937364281506364749e-01	8.985522304257236026e-02	-5.136580514916896413e-03	-5.309996419422668285e-02	-9.218805523355272369e-02	7.743739962825207934e-01	2.931537544055785038e-01	1.130475228476266247e+00	-1.045472222407630991e-01	4.479932107425630416e-01	-7.331859053094050283e-02	-4.414992299250920099e-02	-4.544026157631877658e-03	4.680508385417331274e-01	1.292289771765049444e+00	6.154893136897307548e-02	-9.245890906789738795e-02	-7.737223257810101062e-03	-1.482894727265067769e-01	7.233321477584828685e-01	1.111382924729557464e+00	-3.654415642023563227e-02	-5.020942854786005632e-02	8.569289468199521309e-01	8.367829002161555341e-01	-1.892513335848464151e-02	-1.938566492417367892e-02	1.483929901692188302e+00	-8.221971936007425874e-02	-3.658221339567106073e-02	-1.174735200862998645e-02	-1.487422122341732766e-01	-8.409835374009577702e-02	-1.352222293918862728e-01	6.768071018495447344e-01	1.327657835775443163e+00	2.024300939626456852e+00	8.848722427378946653e-01	8.294555757854771283e-01	-8.429000761458478597e-02	-1.138412731930867235e-02	1.184527814898125753e+00	1.096417831333246440e+00	-9.335908500844272706e-02	1.164091116667968606e+00	1.515285124628950708e+00	-2.055997616200210334e-02	-9.175165584938527186e-02	-5.630754368752029226e-02	-4.199304835990462503e-02	-2.593468046094157473e-02	-5.442140409249909393e-04	-1.307595677051404393e-01	6.266828648318895079e-02	-4.727228449265009208e-02	-1.701259114086024413e-02	-1.136113695897338349e-01	-5.830675001324012868e-02	-1.233162331392133326e-01	-8.561972505069022354e-02	-3.144067041384671773e-02	-8.378164888927193410e-02	-1.152182787569722838e-02	2.355822196348391184e+00
1.068591745870315357e+00	1.202216078889561279e+00	6.999719801511158357e-01	-6.412394707657242954e-02	-9.578745942721884898e-02	-4.515522131436691504e-03	5.732086646979022149e-01	1.662031389610781229e+00	-7.763491097454415513e-02	6.400024167872993275e-02	-7.436130607845307938e-02	-4.343581225035836324e-02	-1.555606698682414010e-02	9.069572546726814011e-01	1.315691779309707377e+00	-1.491725497484692152e-02	-1.291268651367328546e-01	-1.650190537389412127e-02	-1.708748803671721883e-01	3.713053725473202116e-01	-1.904126072147020732e-02	5.250884798936136244e-01	-3.982590338612101294e-02	1.432090743744476091e+00	2.662462086785305493e-01	-2.708219053238000024e-02	-3.670815329746898725e-02	6.618105045967840327e-01	-9.173797822581455930e-02	6.881610808002924795e-01	-1.938616224156231374e-02	-1.301742428054190603e-01	-8.430177299348454167e-02	-1.646242153422439458e-01	1.252562794889361175e+00	1.927229948092839429e+00	1.956803995233920901e+00	8.963491812887690591e-01	8.247287185264275955e-01	-8.048227677417016390e-02	1.752720121178373280e-01	1.123725627140877092e+00	1.362701908964838449e+00	-7.637459543436148079e-02	1.285603106901477721e+00	2.089116034338891481e+00	-3.263423593899628800e-02	-1.085324937851633309e-01	-6.753297522602692837e-02	-2.756489492617442832e-02	-1.723808200439426799e-02	-4.476140209134355646e-03	-1.438795147589727041e-01	-5.665453800471503300e-04	-4.998541268968003520e-02	7.267632938832768730e-01	-1.110078581890413668e-01	-1.787171620311389098e-01	-1.221547992814290273e-01	-5.593750952202690419e-02	-1.970772939127053355e-02	-9.989645510439444653e-02	-1.740238753159362856e-02	1.695196995101479143e+00
1.303879435691847943e+00	1.615260994394578820e+00	5.162946534519038400e-01	-1.862665939293880850e-03	-7.200544560178712139e-02	-4.280381126803112050e-04	1.703798220926530105e+00	1.397694042247222157e+00	-1.041213728380704223e-01	1.001769805019089521e+00	-5.438513709459850271e-02	-5.949211331680310383e-02	-2.106307755749330102e-02	6.655602241180567091e-01	8.608844636749703183e-02	-6.432435703548973656e-03	-1.276242351898633498e-01	-3.893167583653254354e-02	-1.090412586662641986e-01	-6.499648604885922181e-04	-4.226873069153022633e-02	3.411232647636062154e-01	-3.237968274300789817e-02	-1.931894089173026574e-02	5.400220315620556377e-01	-3.943217134360939291e-02	1.217550896543695860e+00	-1.599856738348211238e-02	-5.168356774204388437e-02	1.560718543835157290e-02	-5.686929444597556282e-02	-1.086768267779319730e-01	-7.281843189975398256e-02	-1.153889400423062928e-01	3.327004425848220093e-01	1.492193407267668359e+00	1.524198088440815280e+00	1.060545843445628744e+00	1.486258209868341007e+00	-7.534949121159659202e-02	1.463196005438091918e+00	3.024884881024827443e-01	1.231516618119551154e+00	-3.217756489345575260e-02	4.657103948255911785e-01	1.643155452309830400e+00	-2.491200026229612244e-02	-9.023868610598179130e-02	-4.299077984091733556e-02	-7.209615328397726841e-02	-1.989732151469640609e-02	-1.898755907907485885e-02	-1.442945542148819926e-01	-2.905758744866095492e-02	-5.237754929884181482e-02	6.746257661745055367e-01	-1.186418626465723519e-01	-6.405651282332880392e-02	-1.059459982081398105e-01	-5.168987780371998159e-02	-6.275238379731626348e-02	-6.795452432899173889e-02	-1.301035410268283968e-02	3.760862074774815600e+00
1.222144999971059409e+00	1.234126864613113828e+00	9.346249114462155116e-01	-2.317625333087743392e-02	-8.117003504803223246e-02	4.122302394035012307e-01	1.108648474635631098e+00	1.087270012372349326e+00	-1.328506876691708249e-01	1.576579206365136709e+00	-6.219538789123721378e-02	-2.352346051982999106e-02	-3.234079588333547278e-02	5.601796056783661104e-01	7.999841413792952993e-01	1.282114864987544678e-01	-1.277527314334870046e-01	-4.224195974123980124e-02	-9.478458747794177297e-02	6.162939997186641650e-01	7.046675714434888493e-02	-2.736590922161649675e-03	-3.962916753565008665e-02	-3.956652126234110750e-02	5.465497925907574217e-01	-2.912370303996955276e-02	1.387423484270131180e+00	-1.853252889680910651e-03	-5.092878147335697797e-02	-4.713099136740202255e-02	-4.700139219605647956e-02	-1.398717374640672528e-01	-7.035830107478044382e-02	-1.090067209114534280e-01	-3.511662998468176658e-03	1.023025555560634459e+00	1.352176667773673957e+00	8.825202070821955846e-01	8.709314362689209998e-01	-8.116810274357529054e-02	-1.132451970604555526e-02	2.238588299205975796e-01	5.117930793625758978e-01	-7.122223665154987782e-02	3.941043808206926014e-01	1.459910046758316593e+00	-3.563031843395490783e-02	-9.408468424915590600e-02	-7.076451501713709735e-02	-7.414043495596360500e-02	-2.362435329453934502e-02	3.213297116107477480e-02	-1.488966822834142112e-01	-3.194055484671612377e-02	-4.945849765238613527e-02	4.312764915812149491e-01	-1.081984436706450031e-01	-4.239140971247213480e-02	-1.235851835586845165e-01	-6.576597231872127747e-02	-5.913665531079825843e-02	-5.217133408042646386e-02	-1.338476946055341954e-02	4.472821428248316522e+00
1.358034988984531788e+00	1.425831863501389130e+00	7.822159247894978629e-01	-1.379300380410251447e-03	-7.132264578817451572e-02	2.107069380396842662e-01	1.529521378486590422e+00	1.331372286799399340e+00	-1.280313641593038010e-01	1.108833542188178090e+00	-5.430312574500138767e-02	-8.075240545728244734e-02	-2.514918898999536287e-02	8.154808451509243383e-01	-2.686659210356866570e-03	-1.266126825152704555e-02	-1.485331649579477442e-01	-2.465534752182871325e-02	-1.030184763402858111e-01	3.403190508206209719e-01	-1.922786268137862548e-02	2.378175575576867151e-03	-3.588778674916073830e-02	-3.172594257674261897e-02	6.169581365938090478e-01	-3.924342908780242140e-02	1.529449964639403969e+00	-2.451296912663745997e-02	-4.988085909348727309e-02	1.099031551802123752e-02	-5.122100116440352069e-02	-1.064822669822028944e-01	-6.899648962551491183e-02	-1.139563938437099799e-01	5.240576161232164687e-02	1.335814787217050492e+00	1.455677057523472984e+00	1.008116425650283476e+00	1.363891385829623104e+00	-7.523857525130239754e-02	9.963271870384280415e-01	3.771163306925162662e-01	9.635557766500395527e-01	-2.485412230726263480e-02	4.070756122480230221e-01	1.473392864949674586e+00	-2.895077201559076788e-02	-9.405330910025948288e-02	-6.045588645638443753e-02	-7.319039380108437187e-02	-2.029428212171678278e-02	-2.897906334145321575e-02	-1.455546160992685634e-01	-1.695969273254685494e-02	-4.812726896642476743e-02	8.023542415269907524e-01	-1.116981055010231455e-01	-5.712245756183635670e-02	-1.141388434044753736e-01	-5.261967886144425233e-02	-6.803222008868747839e-02	-5.519717636899590385e-02	-1.370254132440252952e-02	3.870731022132533727e+00
1.218466215673695174e+00	4.413615324751383739e-01	-7.827565117178433493e-03	-2.215384620605268251e-01	-1.045296489005678592e-01	-4.602532755582908891e-02	1.090294948417950716e+00	1.486602511873254651e+00	-2.048112052935228619e-02	8.886944794974738215e-01	-1.052760405238263725e-01	3.934585332155598469e-01	-2.544343251698406860e-02	6.078594326483441890e-01	-2.072552017607568256e-03	7.127855787661656617e-01	-9.757850312813326488e-02	7.728194888147015273e-01	-1.875749980334173173e-01	-5.267214021141107538e-02	-1.493318624985384702e-01	9.629966324177998693e-01	-6.386555201456284303e-02	5.771946756844914539e-01	-1.122174759838524653e-02	-3.295931339838679280e-02	-3.835293250393360161e-03	8.080924283260956242e-01	-1.192816282351486928e-01	2.231413598889560590e-01	-5.454517157072084899e-02	-8.024336854831047583e-02	-1.023224359530819222e-01	-1.752242104319230998e-01	1.232335814016827236e+00	1.880709846589568857e+00	1.805210536812630329e+00	1.241713968289671843e+00	6.385049626086630736e-01	-9.584534827439399052e-02	-4.330877347266212651e-03	3.817343705538228105e-01	1.593578975836535960e+00	-5.462548134941868500e-02	1.020629652520774977e+00	2.386667210330363886e+00	-7.540505363317029364e-02	-1.346669444307660168e-01	-4.761165619943980021e-02	-4.310229172995363317e-02	-2.722581806934995519e-02	-2.789862210878680041e-02	-1.409764041289021108e-01	5.428292910633635698e-02	-6.575204917212337796e-02	-2.867469128306275247e-02	-1.576197921783788758e-01	-1.851616671066909359e-01	-1.123137621718223456e-01	-6.304226346548859328e-02	-4.993353927410355830e-02	-1.002352978509122444e-01	-2.004694770118843616e-02	-6.711837587614591545e-03
1.694176059754452401e+00	2.472172212876976860e-01	6.385370679988147113e-01	-2.207380974082281955e-01	-9.555758204443524917e-02	-6.817899566022625479e-02	1.371218399145984090e+00	1.624656492098861094e+00	-2.861272397036385140e-02	8.069221912712093436e-01	-1.001160044094032975e-01	-2.766829365817644049e-02	-2.763755965220491759e-02	9.005539345759394632e-01	-1.916008736469047152e-02	5.017683543850403050e-01	-1.526776785132624159e-01	9.947710358809358500e-01	-1.844511416956227945e-01	-5.981298439549435214e-02	-1.823630737881098418e-01	1.975368012921814298e+00	-6.841763072086426423e-02	-2.161608189638017374e-02	2.391008056153279271e-01	-4.143136584669190881e-02	5.403479068995963308e-01	1.172016806623736862e-01	-1.207883813375806720e-01	1.040591673482780033e+00	-7.359527007739696813e-02	-5.104929506259858057e-02	-9.715196834623199273e-02	-1.820036250035340086e-01	9.351499639025747657e-01	1.860833662437537006e+00	1.792018863264305706e+00	1.167486952250776699e+00	6.552901301129140377e-01	-1.054518950014783490e-01	5.221992975143432414e-01	-3.180870380932415090e-03	1.864796859897702497e+00	-1.760199060448653860e-02	6.835548871993840647e-01	2.263330917479406512e+00	-4.866292640814961351e-02	-1.516147144621247111e-01	-6.489072823926601841e-02	-5.294100376065917490e-02	-3.317764875429349974e-02	-4.210063468491806460e-02	-1.358971440276425247e-01	-1.896227529482178223e-02	-7.113630973983962880e-02	-2.446354939756166177e-02	-1.821051726614126842e-01	-2.094853093620863971e-01	-1.085557757818310792e-01	-6.383312960301903982e-02	-6.030547324710874152e-02	-9.412216050166802295e-02	-3.036622281534278461e-02	-2.190561898411997298e-03
1.688620377557949359e+00	-4.728649864734797356e-03	-7.257955324814736701e-03	-1.369370836351585519e-01	-8.463489190286691000e-02	-3.178585001904139090e-02	1.259518646227867134e+00	1.575070877945101699e+00	-4.121963164309683930e-02	8.802777200795678381e-01	-8.923135756041028488e-02	-5.898458399317874079e-02	-1.931214017228313762e-02	9.422063451602975537e-01	6.122187931867500987e-03	5.636223998610647712e-01	-1.045223515307378698e-01	1.138460509581097568e+00	-1.751129112168201274e-01	-3.714031678609226728e-02	-1.288590868999576200e-01	1.172076473205432734e+00	-5.485067135559602153e-02	-7.457142195101784492e-03	3.451513255962488924e-01	-4.133580289773537697e-02	6.147387251341115411e-01	2.148469129586286219e-01	-1.149030727299642646e-01	1.295848528730030091e+00	-4.997943028939894061e-02	-6.899664789010093169e-02	-1.075655878360002593e-01	-1.649265254078678966e-01	6.321827744848859121e-01	1.453775272394790541e+00	1.844480256875341340e+00	1.368005954782496092e+00	1.010036502957217142e+00	-8.945312639004110444e-02	1.605636071374579865e+00	1.914791360572845880e-01	1.799223394008890864e+00	2.155868696806285956e-01	9.043799116397581717e-01	1.882500894090690879e+00	-3.561776478416112807e-02	-1.243207327515124389e-01	-5.953995633594885706e-02	-5.042338658298407827e-02	-3.446457967679555229e-02	-5.365947592161558755e-02	-1.271075248871813279e-01	6.007547048723648198e-01	-6.823899290635120074e-02	-1.287556778269614149e-02	-1.372119350794691051e-01	-1.506839209209512309e-01	-1.097512362802737090e-01	-7.470545513665671766e-02	-6.114416032571319548e-02	-8.554404985390512417e-02	-2.835880271802575583e-02	-4.306240360499814269e-03
1.835526388205469095e+00	1.240079427550173224e-01	8.304279335980092602e-01	-1.652911830647637859e-01	-8.725606021111403932e-02	-5.193069117584477729e-02	9.724156227939055874e-01	1.632492399188601784e+00	-5.527519923656985801e-02	9.143476354207193957e-01	-8.802423905575770813e-02	-4.196109501484884124e-02	-2.496646884229384439e-02	9.468830760286310877e-01	2.057784279701840857e-01	4.945424693857087828e-01	-1.491881117000881662e-01	8.995288899811022532e-01	-1.777732566645309487e-01	-3.070727674827379919e-02	-1.608287791331377836e-01	1.891847083277124808e+00	-5.883600257961946189e-02	-2.027243839823466079e-02	7.440054618442049073e-01	-4.584861623633005451e-02	4.709081699811684119e-01	-2.211531837012440868e-02	-1.216522253843122514e-01	1.364717749490079512e+00	-6.688016000791831284e-02	-7.125363800270978487e-02	-1.032255061080715880e-01	-1.688115402150299760e-01	6.682736591781331947e-01	1.393619406474414291e+00	1.668238715005879058e+00	1.329461435350848486e+00	1.127825893295710591e+00	-9.695948005062315911e-02	1.126104910632725886e+00	2.542822435240528756e-01	1.750609558330047832e+00	5.198062386774227051e-02	5.777431804748218713e-01	1.881214977052315884e+00	-5.167720164207113831e-02	-1.408181201288728202e-01	-8.196728771431213700e-02	-5.026661709368780706e-02	-3.402446854796827014e-02	-6.506771165631275444e-02	-1.373037780019908116e-01	-2.317877768480657019e-02	-7.023659124736540693e-02	2.549950272611756774e-01	-1.531440792704599207e-01	-1.868508175762725043e-01	-1.221388879529173299e-01	-8.115893430152458510e-02	-5.927178425305358600e-02	-8.075221343499523752e-02	-2.833994463797132393e-02	8.867022314850718512e-02
1.791297854605456319e+00	8.632961978438911110e-01	4.383290752229679899e-01	-5.940267138307885053e-02	-7.948849431833368562e-02	2.272763336387858824e-01	1.107406217383985148e+00	2.060161374764853726e+00	-6.367674748162879816e-02	6.068774236033774860e-01	-6.669476301357719905e-02	-6.566179978209686630e-02	-9.681986573285191952e-03	1.235500398188423388e+00	5.659076999366745575e-01	4.131032622233998808e-01	-9.328611379833559591e-02	8.268394659841491467e-01	-1.569105186714569444e-01	4.129598110278522305e-01	-7.596673907735598807e-02	7.963364506610550730e-01	-3.004302796391961072e-02	9.871370159813068756e-01	7.175831529503693407e-01	-2.653029259130487705e-02	2.985554922632884800e-01	1.980593954077499719e-01	-9.876569930229855965e-02	1.410204345566930195e+00	-2.198973984400596701e-02	-9.124312527021925801e-02	-8.542625116400673346e-02	-1.570223836024000341e-01	8.078483944392147453e-01	1.701243318670246252e+00	1.881580975454079319e+00	1.361595830475023305e+00	1.082850682065581216e+00	-7.437097474779180706e-02	8.694706454526035522e-01	8.875815937141742218e-01	1.483577294189452278e+00	-2.229662840111240954e-02	1.200267024559252160e+00	2.260190514215998814e+00	-2.794097052082325852e-02	-1.185535254876790290e-01	-1.005993303850326037e-01	-2.905612721136548518e-02	-1.989921605524175297e-02	-2.208896389186506409e-02	-1.218325485312493350e-01	3.901728096880503482e-01	-5.721270878891425438e-02	3.669794271643194716e-01	-7.551006843816600311e-02	-1.518401141342660410e-01	-1.084691955563045901e-01	-3.155267439168167598e-02	-3.034491222059902335e-02	-8.459591958817451463e-02	-1.668674471537335419e-02	7.692995610722187516e-01
1.476880489250554485e+00	6.797705217006181355e-01	5.788514823562362910e-01	-2.729742373502402550e-02	-8.661702645876015461e-02	4.014628136397701552e-01	5.050768631242485984e-01	1.823356743192394269e+00	-8.705621492869571043e-02	2.086017685493860019e-01	-6.543679770735029433e-02	-7.606074207684379584e-02	-6.426231696719800039e-03	1.195458470849471988e+00	1.550837477254814356e+00	-5.736466331298237069e-03	-1.113036358239803680e-01	4.870562045504727711e-01	-1.656919464258489183e-01	8.444010662561666214e-01	-6.613979867874741556e-03	5.867542215250033388e-01	-3.244042282267746435e-02	1.186677763219358805e+00	7.550800398923784851e-01	-3.083112759206531675e-02	-1.721097569310130193e-02	2.906074867354901392e-01	-9.708517843326014418e-02	1.600116355235124743e+00	-6.101838615095770378e-03	-1.128666547666694331e-01	-8.961742938885566834e-02	-1.623019869030120355e-01	6.257268000624793824e-01	1.643050243114392295e+00	1.930580956277968774e+00	1.314318871557415669e+00	1.144139557221470538e+00	-7.441529839695691650e-02	8.107469693927846777e-01	1.141894058322628691e+00	1.480442936756995564e+00	-3.351166997308262230e-02	1.299892954664157108e+00	1.916766675944464593e+00	-1.928633810494700951e-02	-1.059981067639680224e-01	-9.296600179082274706e-02	-2.422219320217282659e-02	-2.132463043740262867e-02	-2.811746185177018201e-02	-1.332200981488263491e-01	6.383746839195922895e-01	-5.536017633087633033e-02	8.126976239282266423e-01	-7.666255460200022132e-02	-1.504977699334349162e-01	-1.220950977314283759e-01	-6.268581874360733275e-02	-2.257151734884291217e-02	-8.473058579981017358e-02	-1.505852758665159573e-02	1.107554800079603163e+00
2.020407747663123921e+00	9.507236893920231191e-01	2.160764158360794496e-01	-1.963279675772363134e-02	-6.669315619297430664e-02	-2.821473497025727122e-03	1.107208674612614185e+00	2.068171793318630325e+00	-5.972399727064232888e-02	5.836109807839005015e-01	-5.363746924144607159e-02	-9.281034968308549127e-02	-8.933554684293508810e-03	1.327603296566553848e+00	4.200903382566130162e-01	4.622149900661274846e-01	-1.035141598173858479e-01	7.684858885533696338e-01	-1.486006301336517399e-01	7.117683433931094872e-02	-9.084002365700909187e-02	1.103201854544889171e+00	-2.658359299840448720e-02	8.211673095584829385e-01	9.134473900867001728e-01	-3.241935772776044500e-02	5.530264262216555426e-01	-1.816854292673070193e-02	-9.847823078690624843e-02	2.047784356221576729e+00	-2.691588264000966194e-02	-9.583310702195972641e-02	-8.882882464513440490e-02	-1.502853772629473283e-01	9.655863665908757110e-01	1.664581896674866002e+00	1.909383876215414499e+00	1.255841898540309476e+00	1.240168964640459448e+00	-7.184768411383699038e-02	1.972906218619143504e+00	7.603706980792217518e-01	1.632804791724535853e+00	3.187416615242981699e-01	1.132607893112770325e+00	2.174192413270612967e+00	-4.840514979818048499e-03	-1.140546332805372903e-01	-9.696057006421281155e-02	-3.464676217630811156e-02	-2.483716455738856771e-02	-3.081778940081970203e-02	-1.156692934027336167e-01	4.033811364606559868e-01	-5.610890294514845472e-02	8.041188741157855313e-01	-7.185255618453985360e-02	-1.597062540194159330e-01	-1.036918072861811729e-01	-2.369557087444342999e-02	-3.092791528280465496e-02	-7.839955658853335618e-02	-1.708368817512590301e-02	7.565154704814301967e-01
1.405803793812698599e+00	4.344906035485042728e-01	5.352955482245334018e-01	-1.328086523811724921e-03	-8.162572658146825810e-02	5.014440367444356061e-01	8.034822469120768140e-01	1.772042113023517329e+00	-1.111147863973625805e-01	3.668237588071813216e-01	-6.228723201982189206e-02	-5.294268576555958422e-02	-9.599214404665384545e-03	9.298337143115682490e-01	1.488614808291053748e+00	-4.547248594458250248e-03	-8.686978216217619564e-02	-7.899146871370926054e-03	-1.490453110823993510e-01	9.259598260839518868e-01	7.758728774571904685e-02	3.379570767583015695e-02	-2.777839760199046423e-02	2.751075599416961115e-01	6.960047227893686461e-01	-2.639857131057980408e-02	5.183641102195460926e-01	8.977949946201198017e-01	-8.533063904575516334e-02	3.382299697295179652e-01	-1.486431800439535697e-02	-1.058826419667182606e-01	-9.661929273427274922e-02	-1.387581242666044712e-01	8.563455354186920720e-01	1.191473972996067499e+00	1.886723273936333101e+00	1.308411067540091732e+00	1.419261773800609916e+00	-7.973397961913211707e-02	1.635924338761739705e+00	9.465973072277312772e-01	1.291441934208005016e+00	-3.081479552971946520e-02	1.217086894093791782e+00	1.663964850717702948e+00	2.197285858682870852e-01	-9.533568999659446097e-02	-9.411716473850924303e-02	-3.718019335129219005e-02	-2.398258560163612357e-02	-1.637699331720858520e-02	-1.348841263270276203e-01	5.893677637739416220e-01	-4.525226443723491532e-02	2.829948148362015914e-01	-7.646966187683876259e-02	-9.108870207948206732e-02	-1.303021976978487873e-01	-3.073700479817858058e-02	-2.470875865075778180e-02	-8.088242880466421647e-02	-1.757987973763886977e-02	1.390564575001105307e+00
1.488015845137625304e+00	5.607746318477415670e-01	1.348089488287930182e-01	-2.002604881994164698e-02	-7.830321512741504619e-02	2.306819123590162779e-01	1.105042554311379099e+00	1.974574714272167686e+00	-6.167262046324070018e-02	2.041657481862171608e-01	-6.944190262243116196e-02	-7.123011749929689107e-02	-9.223620583981472637e-03	1.009145625240942090e+00	1.010530244453150539e+00	-1.409225249725635631e-03	-7.345276303997282097e-02	1.898786503253842572e-01	-1.615051270909729775e-01	4.337503044829198462e-01	-4.039515731865617187e-02	4.273745810999495798e-01	-2.682826796478180592e-02	1.020077666357371182e+00	5.178255750242872768e-01	-2.612749658790025978e-02	-5.464395241896153645e-03	9.189825349704771051e-01	-8.954180847871036353e-02	9.863255841643030486e-01	-1.369484382375795936e-02	-9.841682133442886116e-02	-9.103418969544084527e-02	-1.563655109062416781e-01	9.934524209001728279e-01	1.643523706574442356e+00	1.937893981464490212e+00	1.197173292233933317e+00	1.215318124740663253e+00	-7.234679792004161669e-02	1.635066324734060217e+00	9.949697741022759390e-01	1.561404557008555294e+00	-4.274741093852394563e-02	1.478249611833890143e+00	2.049388222239613366e+00	-1.063282454211187181e-02	-9.865752130094068706e-02	-6.622043666305495180e-02	-3.307747048335801798e-02	-2.188928249699604797e-02	-8.673948611935594979e-03	-1.264715757727307155e-01	6.950926382642818036e-01	-5.114542289030492989e-02	-4.337586666392729239e-03	-8.345259798989465572e-02	-1.160789725258508237e-01	-1.109123553207632812e-01	-4.828270727500188347e-02	-2.554583944303604262e-02	-9.809724925417463715e-02	-1.872877346780519453e-02	1.196946688028090122e+00
-1.472103575684864663e-02	-2.124360276285481089e-02	1.035916675792825981e+00	-2.729669031509164290e-01	-1.304143209849999152e-01	-6.558917877611997183e-02	-7.213111737112116485e-03	1.153251885229971962e-01	-9.325238731714030616e-02	-9.338634389736174060e-03	-1.158674025692845028e-01	6.683536182281645255e-01	-3.040993702777505109e-02	-4.438836933993226333e-03	7.716223655274886406e-01	-5.057336535030217128e-02	-1.814176807886325737e-01	-2.774366377964672739e-02	-1.816350097217506454e-01	-2.601680366357582083e-02	-2.352054126625167593e-02	-1.412715921778655813e-02	-9.565351033839822326e-02	-2.054849156559325485e-02	-1.623170645828916209e-02	-3.211735859658503695e-02	-4.978264482315277600e-02	1.172237669761587497e+00	-9.149696063180735861e-02	-7.519860818612941755e-02	-6.838331652542001260e-02	-1.037527098418004889e-01	-8.216439026646961408e-02	-1.417924049508038631e-01	4.842622531790735652e-01	1.246444443967777760e+00	1.652533560689332770e+00	2.272399298448244398e-01	2.025236346743945204e-01	-9.550359574494624026e-02	-1.099107530854759457e-01	9.529793713096076924e-02	1.057086171130377394e+00	-1.007424773452203909e-01	2.588902786162628478e-01	9.121383195054678650e-01	-6.946351539957426602e-02	-1.116501446406967663e-01	3.460494193518007799e-01	-3.714766498987073090e-02	-4.062425169687226834e-02	-5.330956526770282838e-02	-1.585375633742069079e-01	-4.549264397439707619e-02	-5.624064325415643190e-02	-3.869023625371706410e-02	-2.455069696409565849e-01	-1.575523858032935320e-01	-1.254904201627873861e-01	-1.277448140157753376e-01	-6.853641842218897995e-02	-9.289668090107644494e-02	-3.158729582640856792e-02	5.937523871012340138e-01
1.252555966485986660e+00	1.992886905325496505e+00	1.020036983655251861e+00	-1.991895476524553361e-03	-7.491671982177007527e-02	1.448266122502763764e-01	1.675377194790828028e+00	1.369305303903310067e+00	-1.206184726230691423e-01	1.058396967857089921e+00	-5.056755164314790524e-02	-6.695153177466016403e-02	-2.603617052064770981e-02	8.362932837389642771e-01	-2.954990796094791004e-03	-1.949598348679215318e-02	-1.565410482523479363e-01	-3.620886588303879466e-02	-9.739453875870474064e-02	3.237156735162437515e-01	-1.804681745697062079e-02	2.993469759159138044e-01	-3.297294171812108904e-02	-1.521077162016039666e-02	5.471787660627781547e-01	-3.830472426183318541e-02	1.184354687742379397e+00	-3.666438768985146035e-02	-4.168958212355827059e-02	1.338462403316373339e-01	-5.396942498577678160e-02	-1.143782202171789164e-01	-5.763700473178899608e-02	-1.134709196035637579e-01	7.077045311694002416e-02	1.551194881905107792e+00	1.476858017980603899e+00	9.584973341650809830e-01	1.198497088733579075e+00	-7.137234508249440390e-02	4.199363838111510594e-01	3.974504563140061619e-01	1.004078429182443832e+00	-4.674173926313161115e-02	2.363790117984475025e-01	1.693067141287947663e+00	-3.952178674267803338e-02	-9.457551901443017606e-02	-5.831770315032534097e-02	-6.984742298463123000e-02	-1.357635519210854957e-02	-1.431867397465375058e-02	-1.440633990969637790e-01	-4.028163967752890207e-02	-4.901913285063860121e-02	1.195312700199528289e+00	-1.096895464536405129e-01	-7.458878243250934015e-02	-1.045984146538023601e-01	-4.922947243118799138e-02	-6.614787421687547131e-02	-5.573508443882295438e-02	-8.634182230825408061e-03	4.514448024940633353e+00
1.603035809503656761e+00	-1.358614313491276343e-02	7.955337170657155177e-01	-1.524861802976195668e-01	-7.905949899193874530e-02	6.580775159842460198e-01	1.061882893925498061e+00	1.415226427405262610e+00	-8.457479436623979718e-02	6.824184225888175748e-01	-7.514008540301941874e-02	-2.528178413641837818e-02	-4.956772470427901409e-03	9.038165836747504844e-01	3.400266061916746435e-02	5.150086099623463198e-01	-1.032439308268259665e-01	1.924185362921768672e+00	-1.686133208702182973e-01	8.957432198390220535e-01	-6.676703204684844573e-02	-2.564014989430531133e-02	-4.814634898034732269e-02	-3.889447110873182900e-02	1.333522287462385769e+00	-3.391638826200786550e-02	4.041118506574231106e-01	2.003052301022370418e+00	-9.238856183898430663e-02	-1.286927959357886397e-02	-2.565390560774611153e-02	-1.717706973477138577e-02	-9.078235995822359072e-02	-1.477870774776483820e-01	2.103237118332076383e-01	1.160549491514083709e+00	1.631877508347255645e+00	1.740745191279948312e+00	1.329001670206254593e+00	-8.494771549658818033e-02	1.763210812666007876e-01	6.545532924291336263e-01	1.515887563079062694e+00	-5.128473398321781174e-02	3.741314138000852441e-01	1.760409513194902020e+00	-5.423397091692362670e-02	-1.182420244274700744e-01	-9.696139228129319054e-02	-3.915038335414659787e-02	-2.551481251792422217e-02	-4.556410209437884717e-02	-1.064383543236890189e-01	-4.232624529706362042e-03	-5.699090577944330299e-02	-7.746566280596435539e-02	-1.083467743963110741e-01	-2.849141360000303005e-02	-1.142865993742620545e-01	-5.165823245703631689e-02	-4.321042677512872132e-02	-6.908991997756444570e-02	-1.373459492368190975e-02	3.593612173347297822e-02
7.763347141779194382e-01	5.577615584313647679e-01	1.188894532847158292e+00	-1.387731642911234076e-01	-1.134518445127218889e-01	-1.414925744122663004e-02	3.282983937332460966e-01	1.287184286461541260e+00	-9.848291005507611717e-02	-3.620903993979309420e-03	-9.605245681887672471e-02	-1.512760895618946166e-02	-1.930850109052185959e-02	7.072441320523963348e-01	1.668686009047453123e+00	-3.645734828066704569e-02	-1.531968245828004838e-01	-8.504915926993761310e-03	-1.889651044921993039e-01	6.328695498193160907e-01	-2.342734649414858483e-02	1.862738568080936075e-01	-5.794345332081181354e-02	8.315228087144008740e-01	1.523006580723828829e-01	-3.144193526722145055e-02	-4.661840086115070364e-02	9.162547199651854823e-01	-9.848979828189166619e-02	6.181013219656946583e-02	-2.812845655704980519e-02	-1.148413966614107440e-01	-9.213789541586180076e-02	-1.695610983586368636e-01	7.940687691058535558e-01	1.636127862934594113e+00	2.048716992527164660e+00	1.025846095500417610e+00	8.637945934934541103e-01	-9.340464282112459493e-02	-2.914172324890839869e-02	8.123018884718978816e-01	1.540952285048905690e+00	-8.718044523079222785e-02	9.726590574889366625e-01	1.844766115210627833e+00	-4.867994882196352568e-02	-1.199367027533378566e-01	-5.998806917286497037e-02	-2.854814490594565282e-02	-2.576648749240105160e-02	-2.796251635616630107e-02	-1.583906311286858992e-01	-5.460535455285317995e-03	-5.671522199437661893e-02	1.236767426810672643e-01	-1.531906641277415160e-01	-1.698872609669872802e-01	-1.355506268173045648e-01	-8.175372157220307801e-02	-3.185089084483316152e-02	-9.388480824902276090e-02	-2.049251011564152611e-02	1.163437057207396430e+00
1.855138759539042059e+00	-5.211478957539905296e-03	1.693760584885366960e+00	-1.404883521865223639e-01	-7.770771118693806101e-02	9.460395536109214576e-02	9.025123443838074522e-01	1.626419304926827403e+00	-1.193026765509464932e-01	9.257599680097362560e-01	-7.457074921780695864e-02	-3.583555131416601980e-02	-1.508473417778777997e-02	9.701568904815101035e-01	3.839331717986491088e-01	7.963824832682916965e-02	-1.529797418060639680e-01	1.205532619939476247e+00	-1.636050027059613443e-01	8.740182419024321581e-01	-1.163392327216181826e-01	6.842895063151830382e-01	-4.789820550421677869e-02	-5.810343448494244278e-02	1.547804851213262722e+00	-4.052402276877170584e-02	1.046615083445743055e+00	2.895623857342463081e-01	-1.025927000970907610e-01	4.134175664282911944e-01	-4.831268558436382921e-02	-2.851187350099158857e-02	-9.283929983525253393e-02	-1.497921406190709792e-01	2.778394289013683682e-01	1.088517629026475086e+00	1.461602534595965119e+00	1.805345272023302305e+00	1.721767723311582898e+00	-9.553472628732451177e-02	6.979603038025372630e-01	5.796120742245767232e-01	1.470099786304261524e+00	-9.904398789075065726e-03	5.346389274986862450e-01	1.602878855719670925e+00	-4.925630634605584340e-02	-1.364543811470199375e-01	-1.418953171037540817e-01	-4.678372422043278189e-02	-3.067764554166998309e-02	-7.430685721117237519e-02	-1.308080461036400521e-01	-2.982847572615004994e-02	-6.227629537539410703e-02	-1.249858377616987724e-02	-1.228324081012331787e-01	-9.194369398802607063e-02	-1.328583649292286450e-01	-4.455409467647441363e-02	-5.095864261756945235e-02	-5.558379521785854205e-02	-2.098859261138464813e-02	3.776387589470717177e-02
1.686801857080489242e+00	6.982093231521122600e-01	4.180971916299663915e-01	-1.047565350394156214e-01	-8.473059667515654703e-02	1.203386132927764668e-01	1.004284374891282194e+00	2.000466299859077868e+00	-7.885946983039616998e-02	5.387399409024931085e-01	-7.694920091888036995e-02	-6.445245398799569203e-02	-1.015317689383087377e-02	1.221003334184289413e+00	4.255524934929789116e-01	1.143158053059435131e-01	-1.050799750387585996e-01	1.260754029700576595e+00	-1.683442537003452533e-01	3.546367443501214911e-01	-7.021180940512855573e-02	4.610874121787868485e-01	-4.126002183092693232e-02	8.531544103206096796e-01	6.059402241003875034e-01	-2.706887374663749513e-02	2.470636913174098781e-01	1.362165055738172037e-01	-1.091313273480609553e-01	1.411854717706624962e+00	-2.037535647620367096e-02	-7.876730817170991827e-02	-9.357733569299264698e-02	-1.661773204180435060e-01	8.352492448440956840e-01	1.725510480309977002e+00	1.959551332445735206e+00	1.589552781083757083e+00	9.996833491213911183e-01	-7.810848359849995037e-02	5.038444143884495130e-01	7.822104034345138679e-01	1.535545999007654761e+00	-1.010922440510758462e-02	1.198765251343937077e+00	2.317809785449592042e+00	-3.326712916282111715e-02	-1.262106640166285598e-01	-1.138810756833741888e-01	-2.509683321591838628e-02	-1.964564191598408907e-02	-3.989017305747435960e-02	-1.252831267564831763e-01	8.414213993418877546e-01	-5.793899650087708242e-02	5.340566104334969477e-01	-8.625625212170212608e-02	-1.650732585029373589e-01	-1.164494330990141907e-01	-2.283899671601760314e-02	-3.943359885758961070e-02	-7.520467902442766472e-02	-1.749563283115466994e-02	-2.789065953445745826e-03
1.544388066393350911e+00	8.336347345871175651e-01	8.019434247127157911e-03	-3.205134395668243763e-02	-7.584955521373237808e-02	4.299645380519574456e-01	1.081285235492856600e+00	1.904865326595236663e+00	-6.658303163294793103e-02	3.720227670385632401e-01	-5.981733668341947252e-02	-6.275070135329519072e-02	-5.615922537288459138e-03	1.041284736225093654e+00	4.234475810075278845e-01	3.720558482435335490e-01	-8.081163387075031290e-02	5.483965495433787973e-01	-1.528381896847780808e-01	3.533113349761271005e-01	-4.371429686208363335e-02	1.679386253318133626e-01	-2.542560647186542164e-02	9.828607484517606352e-01	7.122536372122327819e-01	-2.610184866386377686e-02	4.321482931488450085e-01	8.689556201229137189e-01	-8.743255108720028590e-02	8.290909122034650913e-01	-1.300351261717245209e-02	-9.057596980761684069e-02	-8.696730909435350376e-02	-1.487048511038910337e-01	1.171141561023896438e+00	1.762132365779133458e+00	1.889637491777811817e+00	1.259748740843547044e+00	1.222233332499793823e+00	-7.293767440823138715e-02	1.410623757416650026e+00	1.091697443944071200e+00	1.360271788489345823e+00	-3.076813458954947775e-02	1.307133831655247658e+00	2.092569621774752697e+00	-8.425605724909971533e-03	-1.013461961829788954e-01	-7.837165034540502506e-02	-3.481751495674746677e-02	-1.946767115678264132e-02	-1.294577960006348949e-02	-1.187941096279363090e-01	6.312220249491669044e-01	-4.968699167192396071e-02	-3.237300057213466742e-04	-7.320828109477761636e-02	-1.194483468300165940e-01	-1.074995423427364538e-01	-1.193660052674023163e-02	-2.351782788094160248e-02	-9.024277733640409527e-02	-1.455502514612954865e-02	8.730118053782041088e-01
1.428758282231658461e+00	9.678959271974691969e-01	7.701083427327570785e-01	-1.812550569258832012e-02	-7.264561543588453352e-02	2.726686499476542180e-01	1.209108014531225850e+00	1.230009681528527299e+00	-1.238485292085580447e-01	1.161464612194078816e+00	-6.423812643660371802e-02	-6.904209376517868313e-02	-2.112744059343403882e-02	6.766532991897891147e-01	6.075846884216647981e-01	-1.010030453932788362e-02	-1.407138686238976200e-01	-2.060025196297983821e-02	-1.163157432477510966e-01	5.123310861007241979e-01	-1.914005336686178810e-02	2.939779499709686134e-02	-4.148207731680764870e-02	-2.167428955849646718e-02	8.657940808269246613e-01	-3.662728380480170104e-02	7.357232982455441661e-01	-1.423875650117224431e-02	-6.353898001935144590e-02	-3.592096516202750167e-03	-4.863775596649334149e-02	-1.270928839419033785e-01	-7.686163457361898377e-02	-1.198804415678413060e-01	-5.278000386323633379e-03	1.178747946667252133e+00	1.569948645111578722e+00	1.038112592252016464e+00	1.333970127788039362e+00	-8.016748203870573131e-02	7.542189418375291332e-01	4.192433061677232620e-01	1.261214315241519834e+00	-4.563258954849848392e-02	4.756881100277312591e-01	1.488082976507052901e+00	-4.252458702909490962e-02	-9.619149096937450183e-02	-6.422640278814015224e-02	-6.850116360903964197e-02	-2.391769505416923777e-02	-2.553757156911439299e-02	-1.451716145388883550e-01	-3.392905544813910879e-02	-5.366906840151969976e-02	5.512798181004390230e-01	-1.208887796752621119e-01	-4.300501885932334761e-02	-1.210307337711421100e-01	-9.492027728057247926e-02	-6.533740270823833185e-02	-5.681893624194083586e-02	-1.248972520433580188e-02	3.945720742342233134e+00
-7.190667862427917167e-02	-7.441163931450370250e-02	4.924177923055619160e-02	-3.123986629510379642e-01	-9.189912114104721585e-02	-1.015228570240458289e-01	-7.527262912094473402e-02	-9.077243305652656080e-02	-4.240632270053993486e-02	3.783326047761998989e-01	-9.555844620040367110e-02	9.051900444957973191e-01	-3.464700374000496269e-02	-4.258644084091535442e-02	-1.128028993991183997e-02	-1.166228364902585201e-03	-1.633434668331130990e-01	-2.002548765291799551e-02	-1.107581960313781810e-01	-6.285235788326014317e-02	-4.377450284556494431e-02	-5.834181595277051352e-02	-8.259012051165133539e-02	-5.453531215943634852e-02	-1.201241984477586719e-02	-5.612935599364628214e-02	-8.084666245692560815e-02	-2.018005932681528683e-02	-7.341718201046426584e-02	-1.126734707571857286e-01	-9.716151829092867231e-02	-1.284265651981323642e-01	-6.201069196302990555e-02	-5.704037941332330136e-02	-3.880612819083470617e-03	-2.970639091985064276e-02	4.304417172365963551e-01	-2.010889285863073223e-02	-1.103846289928783232e-02	-4.278916320454311667e-02	-1.484450264258120600e-01	-2.085178253319414088e-02	-2.126925265023861793e-03	-4.617058290598238801e-02	-3.019853811416119138e-02	-3.327040099128598938e-02	-1.096502386370225013e-01	-6.582302493063942050e-02	-1.008068500751650894e-02	-2.377341765635721665e-02	-4.172748714048214735e-02	-9.516935618435479194e-02	-1.076032629104327343e-01	-9.217803547825741128e-02	-3.692020928649523970e-02	-2.161590556852547099e-02	-2.084792724981740231e-01	-8.842383186658306360e-02	-1.138310444844907038e-01	-1.648093938730416930e-01	-7.240453238536471992e-02	-4.752933975193565641e-02	-3.390329521772928595e-02	-5.345847221619438178e-02
1.813763782858905715e+00	6.836839911692981220e-01	4.596986720874771670e-01	-1.591625360784940102e-01	-8.686966201098496321e-02	-3.708574113101621716e-02	1.169905709696908325e+00	1.772997178177872390e+00	-4.911162245811692001e-02	8.294107847247361720e-01	-8.314762469809203194e-02	-3.766667693241679965e-02	-1.905269266573730164e-02	1.039588694839096439e+00	-1.728767343516652004e-04	6.435083614002028440e-01	-1.267689139900444462e-01	1.153383919647532840e+00	-1.743436301538501265e-01	-2.563719949619363420e-02	-1.535892580593754275e-01	1.336724712970379425e+00	-5.186597083348577775e-02	2.783753041812806472e-01	5.586210025048832239e-01	-4.042624372789320464e-02	5.273594339514648954e-01	-1.224678386026778303e-02	-1.173980820173006201e-01	1.364193840219070974e+00	-5.324866882998285228e-02	-6.784775573377253843e-02	-1.002209585995784275e-01	-1.688195427435791318e-01	9.225570482983137532e-01	1.714250605140725359e+00	1.818955367488524821e+00	1.491340107000839188e+00	1.087697852484522443e+00	-8.954076829338582233e-02	8.808436179842336067e-01	4.013013051486958860e-01	1.745690121879393431e+00	1.431764557824916420e-02	7.726801670172039893e-01	2.313817860343672095e+00	-4.789476601747059276e-02	-1.391109726507714917e-01	-8.988671746110254990e-02	-4.049754187478066259e-02	-2.799956262760517484e-02	-5.410110053675839387e-02	-1.322813802659392191e-01	5.028094370618532705e-03	-6.731221700488440596e-02	2.929935872102932826e-01	-1.292510941163439731e-01	-1.941012331188646245e-01	-1.138066303981867672e-01	-3.882562988817449962e-02	-4.844079974216046469e-02	-8.213699831769262494e-02	-2.164039518237915669e-02	-1.290045274780635652e-02
1.422074885295361968e+00	2.771424721821684756e-01	-9.660753718878945309e-03	-8.217068519280129602e-02	-9.107107832805352854e-02	2.848998196993763887e-01	8.172783129079088660e-01	1.675464075438527267e+00	-6.420798151654176500e-02	5.887588882594411155e-01	-8.316067931622309062e-02	-4.862174908414586272e-02	-1.240391240488187587e-02	1.055799768562364571e+00	1.197144147739377829e+00	3.643138179403650478e-01	-6.563692745739248269e-02	6.578927654722508400e-01	-1.727760519573269538e-01	2.781074292643841428e-01	-4.396754317932775186e-02	8.565813109220540844e-03	-4.057020988589851718e-02	1.175394484218972746e+00	3.400445488002853400e-01	-2.390847804531145981e-02	-1.633637603748111511e-02	8.597148098652989123e-01	-1.097667203233079480e-01	7.657992739242515112e-01	-1.386784692143350553e-02	-1.136077941837625727e-01	-1.024026070133328553e-01	-1.629900744928372835e-01	7.153479500292637683e-01	1.424261091348154595e+00	2.047181625111716308e+00	1.413713338843108458e+00	8.527111890631136060e-01	-7.507474746294003076e-02	7.382504533897233934e-01	8.133629619638179653e-01	1.448612517017465517e+00	-4.091974827060616826e-02	1.335702573811888838e+00	2.046682189772993876e+00	-4.439596350791905760e-02	-1.048897833656182443e-01	-7.424761410230164282e-02	-3.112083426209336784e-02	-2.457900026015714945e-02	-2.194428704945130398e-02	-1.315993543046907188e-01	1.055641231007189873e+00	-5.710040511622209436e-02	5.782206357578544009e-02	-8.446528214097483167e-02	-1.284345067453266931e-01	-1.225200210890423913e-01	-7.481598407366979453e-02	-3.375635250870819004e-02	-9.108433856037306819e-02	-1.953784132883098351e-02	5.750218699938094424e-01
1.187080680896223761e+00	3.038466980160738073e-02	-1.505805667146635843e-02	-1.200020533326270761e-01	-8.990918078528659096e-02	2.925078822318341598e-01	6.864633868652594284e-01	1.411725692140495259e+00	-4.552659065264669236e-02	4.485745741204745229e-01	-8.588473149442439614e-02	-2.654645492340308374e-02	-6.286210031724345781e-03	6.477312079344255125e-01	7.731015792256394903e-01	6.083212769976676926e-01	-6.320041907101939249e-02	5.853826712039982283e-01	-1.763991631828105144e-01	9.905420441384425734e-02	-3.901629992164566685e-02	-9.709956292654297119e-03	-4.808149081601684194e-02	1.117255703617277440e+00	7.506681571810092102e-01	-2.353284068943318347e-02	-3.744156601102469062e-02	1.698932489591856942e+00	-1.031963968151645566e-01	-4.159694427549323441e-03	-2.038297200836204290e-02	-1.019584146838699995e-01	-9.388743105420077617e-02	-1.602035988099150543e-01	9.574150830716493532e-01	1.480851465308883785e+00	1.948764116364323895e+00	1.189462841696943718e+00	7.089923140548344271e-01	-7.905548368319076369e-02	3.157836806710014044e-02	1.042762749574045689e+00	1.476704914862643214e+00	-8.836737354995269356e-02	1.260407008959633979e+00	1.960364435712272702e+00	-5.626930913417935165e-02	-1.037907405590358795e-01	-5.382803809474267370e-02	-3.436842813095108973e-02	-2.319372869182004249e-02	-7.508503207554593009e-03	-1.227261213386791894e-01	3.175895836678432338e-01	-5.651436001547448934e-02	-4.761164319790549965e-02	-1.154656367578500292e-01	-1.013655809935074398e-01	-1.117493027476682693e-01	-8.769039746016567272e-02	-3.218333708415352379e-02	-1.044907780509739537e-01	-1.736168199661266773e-02	8.393196858326492649e-01
1.437052563882855516e+00	6.422183489327265571e-01	8.571211869933762495e-01	8.304257638952199094e-02	-6.435302307798144994e-02	6.656332262310590275e-01	1.169767771524991673e+00	1.068229265786982740e+00	-1.389162344115526804e-01	1.278582275414440028e+00	-5.485758046853386749e-02	-5.370014007529488875e-02	-2.142408905455754284e-02	6.049224168098306098e-01	7.063827640917414996e-01	-1.148771177831680625e-03	-1.258689501395117705e-01	-1.644194840794076587e-02	-1.000983784078694067e-01	8.630921568979501579e-01	1.732711138898040404e-01	-1.343638252520820177e-02	-3.797553660047505580e-02	-6.083927214225111346e-02	1.061671108810987363e+00	-3.751305592266440669e-02	1.078126515354677295e+00	1.144025165147141421e-01	-4.999619364515615894e-02	-2.876890977674371672e-02	-4.658467359109953743e-02	-1.190474815896149091e-01	-7.540840672859126792e-02	-1.009577273199392666e-01	-1.943292697990837981e-02	7.626832379249143257e-01	1.427352980918849434e+00	1.075258921113833699e+00	1.483367881765413454e+00	-7.739768431806443028e-02	9.630845032505535031e-01	3.136228452810115863e-01	1.076096827628389319e+00	-4.578096308138473319e-02	1.565166388243057483e-01	1.155585732474767147e+00	-3.139782512138306059e-02	-8.735224336709558612e-02	-5.959235260783790622e-02	-7.441919535856870993e-02	-2.621751535821597104e-02	-2.796512487999355118e-02	-1.351423950837049859e-01	-3.661316294870919225e-02	-4.670114822817911931e-02	2.832924394807171953e-01	-1.076511861329924186e-01	3.847844183968913701e-01	-1.224913477999920730e-01	-9.742957038997275554e-02	-6.549077595921659611e-02	-4.320163316483265764e-02	-1.116964153006073587e-02	4.207794189962027254e+00
1.410283946769005814e+00	3.007807249516190606e-01	7.178027623522558187e-01	-1.061609049181143766e-01	-9.132309936163512942e-02	3.910348129022902519e-01	6.329858413569753317e-01	1.693641533428921431e+00	-9.038336042385501645e-02	4.294113984469560275e-01	-8.085690798918905575e-02	-2.467644441744214212e-02	-1.260963676663071770e-02	9.754932629622818929e-01	1.210406321656382511e+00	1.060068544816120673e-01	-1.022907531811898391e-01	9.081030272147059268e-01	-1.739772020001526531e-01	8.807738443024645258e-01	-3.737236543723978371e-02	2.000862571362875542e-01	-4.098516992156540917e-02	4.943798845673891829e-01	7.029944350406867049e-01	-2.767260761203348823e-02	-2.674273442626953334e-03	8.245106895823840487e-01	-1.038911014892311691e-01	6.345858523901343196e-01	-1.770755240712018619e-02	-9.289270982726255399e-02	-9.837109673365565521e-02	-1.603863819942341618e-01	7.405783141199594466e-01	1.298016137383005031e+00	1.920253338905006046e+00	1.494678461321927943e+00	1.019723433515790312e+00	-8.141745391449865810e-02	2.612346253131804796e-01	7.940167909433135662e-01	1.457169249098006159e+00	-4.392502816872771720e-02	1.025322690096543310e+00	2.006574544528673787e+00	-3.478051356025772117e-02	-1.204300761152423960e-01	-1.017081826151302326e-01	-2.570040335840454923e-02	-2.345642800337460407e-02	-3.534050093619842126e-02	-1.307893623982983033e-01	5.950338889851561897e-01	-5.718441962784673316e-02	1.090729678165760635e-01	-9.295615236342207044e-02	-1.346045422185661589e-01	-1.291243093322939905e-01	-4.531723511234381913e-02	-3.280697252341303882e-02	-7.796330446655180824e-02	-1.955080200887024389e-02	2.315827032933970575e-01
-4.496111337849342804e-02	-5.752011269399533860e-02	8.759739086010188691e-01	-2.958855645158162684e-01	-1.131180347181574980e-01	-9.830684855317714521e-02	-4.381592689898936022e-02	-3.941379637347213610e-02	-8.073676540709125160e-02	8.639092723879675251e-02	-1.148409393280900720e-01	4.669506040130659841e-01	-3.613853894379161213e-02	-3.301588941794941084e-02	5.488721375824718862e-01	-3.463323658363314655e-02	-1.812725026371715953e-01	-4.431893350853801511e-02	-1.569608330683573416e-01	-5.255898374422098007e-02	-3.862574471307600454e-02	-3.863229952069996420e-02	-9.893292771383692397e-02	-6.205164199905049971e-02	-1.101515409049924621e-02	-3.744099351733575637e-02	-5.844341327804881969e-02	6.414896158061914599e-01	-8.676557490853763210e-02	-1.148488525658970250e-01	-9.220882914907427286e-02	-1.000285935921843422e-01	-7.834242072841879345e-02	-1.055986132060129784e-01	2.651819032551160360e-01	1.970516850861585290e-01	8.843395404985811004e-01	-1.535125012414879702e-03	-4.275074338537594026e-03	-7.431104950130761055e-02	-1.273799342024847514e-01	-1.599496742099089722e-02	3.323497612390552969e-01	-7.444185494808835957e-02	2.084098988284983217e-02	-7.470338948024953657e-03	-9.442519816461385218e-02	-8.373870916872334924e-02	-1.025568508455119640e-02	-3.406448238837282705e-02	-4.190198381302150110e-02	-7.442314064857270817e-02	-1.470917824775463401e-01	-6.311089321175904210e-02	-4.937371970088222373e-02	-3.978613470255781825e-02	-2.440135328739849174e-01	-1.296938034271774565e-01	-1.278537095014068703e-01	-1.641525368798081586e-01	-7.503723383880669950e-02	-7.930593824837477157e-02	-3.837773332119200770e-02	-3.870684047321789386e-03
1.057934091718937264e+00	3.669726944275675806e-01	8.578478655948582610e-01	-6.941127381383896400e-02	-9.900931940300024270e-02	1.014850966937770188e-01	4.603094548117855345e-01	1.313378968641708111e+00	-1.039091736122884357e-01	5.731628650509410505e-01	-8.787052755523312719e-02	-2.645612655732131405e-02	-2.556656879344483893e-02	8.293213477286471846e-01	2.006943443921613834e+00	-2.450921524269197849e-02	-1.175655755668934543e-01	-2.684852710657018027e-02	-1.611705873975269598e-01	6.260775275773171611e-01	-5.316105201876276769e-03	5.156520651389737836e-02	-4.710593690104154796e-02	4.598093971577034145e-01	1.491837060025680284e-01	-2.533869268621619791e-02	-3.100465975884023409e-02	8.949108277855658544e-01	-9.065302340751507648e-02	3.358034392910744931e-02	-2.377353866591595810e-02	-1.423641229731465729e-01	-9.201460839999923980e-02	-1.534632052909503108e-01	3.033561872205216003e-01	1.280602233147918323e+00	1.839252430560765372e+00	9.090749651035217038e-01	7.126381961327460379e-01	-8.627280878471185743e-02	-3.125943417033949425e-03	6.133006363674522454e-01	1.348506869115286833e+00	-8.687316409900533443e-02	1.102482903274288661e+00	1.624945793608343791e+00	-5.299353925553120653e-02	-1.023132381571204841e-01	-6.182210815385043301e-02	-4.248821081090029678e-02	-2.531796121086557494e-02	-1.799714800479611850e-03	-1.562183904207454233e-01	6.675151639978649243e-02	-5.172077680639115133e-02	1.802847674066017092e-01	-1.217911105657638188e-01	-1.047021387543732307e-01	-1.367529912024968985e-01	-1.192436067751312112e-01	-3.863372665739656792e-02	-8.362711174509077083e-02	-1.952387885977150545e-02	2.742058645984825738e+00
1.227275614410780369e+00	3.719607565703763608e-01	5.547845429622049185e-01	-9.062279501106507151e-02	-9.835196840980064970e-02	-1.935938655379326875e-03	8.450116685360435920e-01	1.635753179363782728e+00	-1.026166117842940151e-01	4.114043248579934420e-01	-8.516505942534856322e-02	-1.732533004855310935e-02	-1.997213213110399233e-02	8.399771175215886565e-01	1.359923134232382980e+00	-1.457980179528059125e-02	-9.687167128590380705e-02	1.641080131392966268e-02	-1.691608140312137465e-01	4.273631433191645290e-01	-3.753554397048866620e-02	6.887625356341756100e-02	-4.584424494013778634e-02	1.955166437526445478e-01	2.792472780036884261e-01	-3.015448437491282177e-02	2.746522844326816370e-01	8.106339003409291921e-01	-9.867810573190308188e-02	1.177750716182640739e-01	-2.976218168958728177e-02	-9.363640839022438489e-02	-1.064536744469411211e-01	-1.538392221346815691e-01	7.443832144485001967e-01	1.275158716499285250e+00	1.904655290098818954e+00	1.481947021814777887e+00	1.246003193436975964e+00	-8.760613181875231970e-02	9.600137274001732113e-01	6.042860711990707401e-01	1.461196890617575406e+00	-3.873011087406660197e-02	1.035361241211635086e+00	1.811336604289794483e+00	-2.494864946140254794e-02	-1.089013787402241529e-01	-7.769658179290454825e-02	-3.876045631981586692e-02	-2.521074668667884142e-02	-3.226821532361514450e-02	-1.515958060476348124e-01	6.490540417378029003e-01	-5.460665923671599586e-02	1.069503589097998419e-01	-1.144407507725976880e-01	-1.226506773541743422e-01	-1.359565115067590257e-01	-5.023349972032669503e-02	-4.023511895881545786e-02	-8.205402285492646719e-02	-1.972162783610891673e-02	7.953987244687037439e-01
1.532781612351913347e-01	-7.293314740416909601e-03	1.482107949788129542e+00	-2.549418452686414982e-01	-1.253129700261462753e-01	-5.525408480093838698e-02	-6.828264120700074623e-03	4.510080362372939633e-01	-1.147420569428816151e-01	4.096924950976800484e-02	-1.181235155117837943e-01	6.801969251075934420e-01	-3.208554959634482562e-02	1.188244016259544511e-01	1.298660860424273977e+00	-4.353271293778223500e-02	-1.788095218522131047e-01	-2.414722824123964259e-02	-1.894825978514108888e-01	-4.122583366451387440e-03	-4.080365907369604139e-02	-1.447258063864321175e-02	-8.880406093790113586e-02	-2.348082495225913349e-02	-1.107901930437306739e-02	-3.364292334072669505e-02	-3.685310590562587696e-02	1.005678047183148571e+00	-1.026829249036089325e-01	-6.638140998523424374e-02	-6.190610590761122523e-02	-9.647230336203446721e-02	-9.583139581785939110e-02	-1.529328499516214579e-01	6.113111524039334110e-01	1.128342659474721899e+00	1.638094923001474079e+00	7.739103131301513505e-01	5.077280745357554137e-01	-1.020092262505275932e-01	-8.988886083901452551e-02	2.003018482615779583e-01	1.171414624320732401e+00	-8.871239138954975512e-02	5.035347797444151841e-01	1.127794409608114279e+00	-7.232962911944636197e-02	-1.218235440132682118e-01	-4.440780688584927693e-02	-3.389049484014855507e-02	-3.314991957947288626e-02	-5.138949042696616676e-02	-1.700393530134204911e-01	-3.374784823577126752e-02	-5.648377380689673793e-02	-1.922598815984726678e-02	-2.189910876283201191e-01	-1.635465865054794854e-01	-1.454874332745780541e-01	-1.093490104843620192e-01	-5.821900342093130204e-02	-8.522780489225009748e-02	-2.870612598009453578e-02	4.717203291440629220e-01
1.427033724663726355e+00	-3.306999296815167633e-02	2.385565587050131331e+00	-2.896662518775683370e-01	-9.085994836060370949e-02	-3.790683876030764843e-02	5.480195871227230286e-01	9.863968947728329884e-01	-9.654901087759291956e-02	9.441503465257092831e-01	-9.835981892282175121e-02	8.562362725062845348e-01	-3.203797216396729597e-02	6.098511652549367668e-01	4.644339195563804146e-02	2.941213707455100912e-01	-1.802038181111271509e-01	1.271335764031442661e+00	-1.802938045337633133e-01	1.047430323935922974e-01	-1.580361412688796596e-01	8.116253259948343901e-01	-7.126040275558183368e-02	-1.002746686760733474e-01	1.319596519371839083e+00	-4.295359627955844251e-02	6.493881495747868549e-01	9.046642493096643811e-01	-1.131985327230586869e-01	-2.970798060358316450e-02	-7.671884578655181752e-02	2.731418823715940358e-01	-9.044184183194273197e-02	-1.526388902367120659e-01	2.966818905783104032e-01	7.177852233505280788e-01	1.104237163579045999e+00	1.337144347904459796e+00	7.184334093682011035e-01	-1.012125073662434038e-01	-5.425769076835147003e-02	-1.925589939976878788e-03	1.345558674115428399e+00	-5.026483383371434244e-02	1.792421304742170679e-02	1.314596862557722012e+00	-8.738696357548096649e-02	-1.503623041107047253e-01	-1.085690289309053647e-01	-4.582893770061343547e-02	-3.176354224411730848e-02	-6.740846084403601113e-02	-1.303098088711785174e-01	-6.966996050018764430e-02	-6.505755434518785407e-02	-6.293519793551319297e-02	-1.823764123354186251e-01	-1.289924354746040669e-01	-1.310568881787473328e-01	-7.343958706768069500e-02	-6.041623083542186495e-02	-6.787932045488592747e-02	-3.567453675813791331e-02	-4.105829923767401191e-02
1.722470952318983839e+00	6.820419298379338802e-01	4.727048189079795515e-01	-5.162701284134613849e-02	-7.895457598390499820e-02	4.083338825583848752e-01	9.952519629899687637e-01	2.038126670262133011e+00	-8.245386433252166469e-02	4.266191285817751422e-01	-6.658178345118737074e-02	-6.891512506796904081e-02	-5.957370289982086113e-03	1.198429613282014028e+00	8.558451305491631134e-01	9.859207116477770871e-02	-9.052850881828891638e-02	7.967066167698813040e-01	-1.594854241706125386e-01	7.053811742043200050e-01	-5.361293665968154543e-02	2.676318284131550262e-01	-3.025729579648438541e-02	9.497948381126405382e-01	8.379088987960354729e-01	-2.659670369175912152e-02	7.135375556257508856e-02	3.759781037548153293e-01	-9.873412841379894389e-02	1.150350758749678626e+00	-1.494090291691561878e-02	-8.825033775858558138e-02	-9.019689652753550002e-02	-1.537386444935742447e-01	7.066578772888781890e-01	1.564763240783797915e+00	1.935123538329072135e+00	1.532947293290586765e+00	1.339939260883669547e+00	-7.350391009266152298e-02	1.016256077264450663e+00	1.001793320099535478e+00	1.573532835621584969e+00	-2.360679808319458492e-02	1.162060888908632128e+00	2.170821888407512557e+00	-2.920873249052778967e-02	-1.113539141862654319e-01	-1.050995799351971821e-01	-2.769849273128686604e-02	-1.838046623273954100e-02	-3.070539216945816774e-02	-1.246871722957310219e-01	5.266267814528854396e-01	-5.425491454995590157e-02	3.813722109171859276e-01	-7.064749207477902249e-02	-1.239085345526498572e-01	-1.172329400492620605e-01	-3.555650531309390017e-02	-2.939648157654808913e-02	-7.843128197357238096e-02	-1.233357798889216268e-02	6.790364327004161371e-01
1.276954544049517581e+00	3.121065970773362341e-02	3.835880241811190916e-01	-7.708649875348735914e-02	-8.059765602714584476e-02	1.136723803639117181e+00	6.372800569155521178e-01	1.553484505665916782e+00	-9.471447690042399115e-02	6.674087799213975769e-01	-7.121105911881284167e-02	1.508042124305385145e-01	-6.413068620018730868e-03	8.028974248483924381e-01	1.494534040737577785e+00	5.489891565187441369e-01	-3.786621735978357162e-02	7.347867459868613338e-01	-1.595769898585401581e-01	1.345218029686089833e+00	-1.303461633970236580e-02	-5.101954982259330335e-02	-2.622989584847827682e-02	3.840339691320978632e-01	9.850096941461967681e-01	-1.860539279947898486e-02	-7.375757851479708069e-03	2.036692315509099238e+00	-9.140693659211648892e-02	-2.691000397423429918e-02	-1.150183428607861160e-03	-8.950037427856655237e-02	-9.642786163227640150e-02	-1.384540451174103848e-01	6.925753808338641626e-01	9.255434039119847522e-01	1.788963402272934378e+00	1.539821459187456165e+00	1.099385067975476415e+00	-7.123068447492340860e-02	1.243463309747474266e-01	9.567936649389039427e-01	1.187670691560107183e+00	-8.307145591246871408e-02	1.129856515029917796e+00	1.833929260695499330e+00	-4.549437393169607907e-02	-9.490894911410291401e-02	-1.046511609264053899e-01	-2.661944317922656025e-02	-2.185703933917260491e-02	-8.246464257562062181e-03	-1.183329313349947426e-01	6.000771850119009931e-01	-4.812739681439286848e-02	-3.866212080329799183e-02	-5.898038361825847647e-02	-4.076223318029427445e-02	-1.272835793482516298e-01	-4.748785670707440787e-02	-2.157181281676428045e-02	-8.102258962300185052e-02	-1.453230305477292740e-02	6.398481856127351541e-01
1.220802878041191253e+00	6.155026799259109838e-02	1.909145516433172984e+00	-1.254655237691615910e-01	-8.226722587243272267e-02	6.456517196043448648e-01	9.106008096539219832e-01	1.389347603480883597e+00	-1.043657162650040715e-01	1.187275705859929392e-01	-8.355783429149175878e-02	5.135141737858450739e-02	-2.209195434047808368e-02	6.508955224105192894e-01	1.117105727046563857e+00	-2.043467778665974260e-02	-1.039012421604722375e-01	5.289195182135721929e-01	-1.626748328506709695e-01	1.218855457620816152e+00	-4.024170249170264807e-02	-4.008207888682049913e-02	-4.236475922718809656e-02	-3.340391000599524096e-02	8.794538568065042305e-01	-2.733769650259306253e-02	-1.112758706177550613e-02	2.614750725472170245e+00	-7.017054087836989418e-02	-5.544732488214335758e-02	-1.750011235070864091e-02	-1.760138303636949939e-02	-7.375467575145415455e-02	-1.413989846511995441e-01	1.836811207920729938e-01	1.165277192340747892e+00	1.372233556157658407e+00	1.254106550334996850e+00	1.145434700870462841e+00	-7.991025117006375633e-02	-2.439832845793931532e-02	7.535374197780511096e-01	1.208817201847457667e+00	-1.236260066535353891e-01	6.092093765122572613e-01	1.597492502147674465e+00	-6.767998894453727821e-02	-1.030043604058248213e-01	-5.856638209474811924e-02	-3.663412934430727158e-02	-1.673014380878780696e-02	-5.604511955167425577e-03	-1.260756433610059901e-01	-2.807921260387635093e-02	-4.467213134330601243e-02	-9.155422268451210432e-02	-1.185138937494770867e-01	-1.375793603530446954e-02	-1.246487615971449969e-01	-7.459444438284110190e-02	-2.385322404599185195e-02	-8.428587361608406991e-02	-1.506432627432183376e-02	1.620721400521627054e+00
1.546953800386646982e+00	1.318663509309605075e+00	6.450889689126527715e-01	1.295333570192813144e-01	-7.143125988754848998e-02	9.593415179530978554e-01	1.485622678870364366e+00	1.844385624048203942e+00	-9.648116581603456698e-02	6.317866696673763993e-01	-5.834715622264870921e-02	-6.552403564103392863e-02	-1.249145536217883580e-02	1.123745133709428634e+00	7.373051621979276327e-01	-4.691958996164029283e-03	-8.166666865994992586e-02	3.755986209882373195e-01	-1.292210456751662906e-01	1.106385591100988997e+00	-5.813614246085795773e-03	-2.321712219909959074e-02	-1.718450317991592272e-02	5.232833890835804080e-01	5.973531358158954419e-01	-2.693779203364823210e-02	3.114689779525506852e-01	7.510048302984370094e-01	-6.024720746023311257e-02	4.964710777690818921e-01	-9.082411158360103112e-03	-9.523693289313132915e-02	-7.434605564367552377e-02	-1.329839841219462582e-01	2.148633998693808278e-01	1.505883562083754734e+00	1.708348628712756279e+00	1.307240657909577664e+00	1.246269674366893065e+00	-5.978839116121890257e-02	7.947463767501554699e-01	7.832015349513873348e-01	1.265713552190283586e+00	-6.231759530489468929e-02	8.580560837812681863e-01	2.049119098179210230e+00	-3.749571613689779009e-02	-8.861927138529374082e-02	-6.819774527345615067e-02	-4.096529694827106410e-02	-1.132813778360025787e-02	-1.973169161167019278e-03	-1.254832510973645232e-01	5.264450286135564649e-01	-4.819258806557544933e-02	1.818944031128253980e-01	-5.457035473484954380e-02	-5.109291664141732414e-02	-1.090949235150721619e-01	-4.500337388450035420e-02	-3.592261488135872760e-02	-7.460444269308066922e-02	-7.344165949156454543e-03	2.879699424149009257e+00
1.433619417991600198e+00	5.604140722810458941e-01	6.721718368703324398e-01	-1.257488272362783377e-01	-9.296319174694292475e-02	-4.206274636561294425e-03	9.716162185305472487e-01	1.740077061517529611e+00	-6.785685293432491827e-02	4.452296862090928675e-01	-8.944898164571390975e-02	-3.250557454225837251e-02	-1.590586342298149977e-02	9.710183540189214479e-01	1.035999590600768183e+00	6.819124019525867053e-02	-1.000311636180925556e-01	5.635980789849112105e-01	-1.841028857057524226e-01	4.082644203004311412e-01	-8.764283965793075171e-02	3.651102172001453039e-01	-4.367760976130724559e-02	8.363794935882120640e-01	4.723581433950906350e-01	-3.249663406737973714e-02	-2.520232103945647256e-02	6.812283560161633833e-01	-1.079161747327948284e-01	6.037397923104361741e-01	-3.189085925176295827e-02	-8.185913294061880618e-02	-9.761056868810986942e-02	-1.699743318496440003e-01	6.363972979167837885e-01	1.549863574591956006e+00	1.882710720929578363e+00	1.491765660123225423e+00	1.108004248937308311e+00	-8.082406614561039870e-02	3.608983012453180206e-01	6.905349146079348133e-01	1.716050086483269954e+00	-5.484295340380681422e-02	1.069185347419095988e+00	2.139992977683872422e+00	-6.850979133812805377e-02	-1.186254382842161226e-01	-8.067022121235735421e-02	-2.975763840182369876e-02	-2.131754078432090971e-02	-3.527270358543498768e-02	-1.438029568584668905e-01	2.601576256360727535e-01	-6.086369958773268918e-02	-2.712809459134287501e-03	-1.150742892070600876e-01	-1.445880316907800223e-01	-1.249217523536721719e-01	-8.044247907320892232e-02	-3.866213330095318729e-02	-9.430229199491174663e-02	-2.095422543315147643e-02	5.289721847974785396e-01
1.261050607197939488e+00	8.160417235283032866e-01	3.932264030161717883e-01	-8.687415714262740341e-02	-9.082369978369995989e-02	1.542325268505491398e-01	8.280037026427664593e-01	1.748312237004416847e+00	-8.389847322339415159e-02	1.692679638843714029e-01	-8.017500288435981670e-02	-5.064145923994892162e-02	-8.475829860706163288e-03	1.010659688978711834e+00	1.155334175615741810e+00	-1.102705913566769287e-02	-1.037407288331419764e-01	4.874054868899712623e-01	-1.763814096401949694e-01	6.788788316795795197e-01	-3.146581594948982818e-02	-8.570147862592634655e-03	-3.755808127285731324e-02	1.363746219886142308e+00	3.740979410297654018e-01	-2.710591304999368858e-02	-3.160039560423143212e-02	6.440308613804779370e-01	-1.037152333038656032e-01	7.389885881433141401e-01	-1.345554497015259872e-02	-1.047171939165836702e-01	-9.578874054525129966e-02	-1.660105521770164072e-01	9.710030087104246643e-01	1.673946901761676154e+00	2.098001085560021295e+00	1.392393976984932502e+00	1.006266112413439329e+00	-7.595757117511846290e-02	3.715481482826971105e-01	9.933054233614740935e-01	1.659314403383216341e+00	-5.047992316718700329e-02	1.270638701241139756e+00	2.281463233886852571e+00	-3.964284964377928766e-02	-1.110671416971065056e-01	-9.235783968316760295e-02	-2.066640833701311603e-02	-1.700564116715372331e-02	-2.507271942706411350e-02	-1.387151085513904092e-01	6.845397926180737391e-01	-5.345625103575062098e-02	5.486557035008314820e-01	-9.363918457081546465e-02	-1.582470782013402633e-01	-1.257620461529634637e-01	-4.461349772057974367e-02	-2.806072678249439331e-02	-8.924943642871339955e-02	-1.622986677197571503e-02	5.672017284447209429e-01
1.132299358127821787e+00	6.145770250622586417e-01	8.211796712342122051e-01	-1.091186020640896870e-01	-1.012141211008810854e-01	-1.401327680628975357e-02	2.336981144628861584e-01	1.589863400338836108e+00	-9.679463966487086846e-02	1.881491113008977867e-01	-8.296797855188035864e-02	-3.523753784931718536e-02	-1.181663245129130867e-02	8.297787016616240408e-01	1.721909193584346687e+00	-1.738562473619349388e-02	-1.419515291234532683e-01	6.439352597320664728e-02	-1.813408170868138491e-01	7.152414607175737737e-01	-2.647153519660950388e-02	7.745558429366677933e-01	-5.000541487402612728e-02	1.310254691371617985e+00	6.409102146473306671e-01	-3.075013313183783820e-02	-3.627873184621260849e-02	-1.041222715781262454e-03	-1.133422306189337120e-01	9.166521860704701652e-01	-2.690143407627289263e-02	-1.321918620397486976e-01	-9.717325200316989653e-02	-1.730545003296305728e-01	1.094061140886535055e+00	1.600802794419269093e+00	2.121830113794200834e+00	1.245358867151405757e+00	9.293617094598471962e-01	-8.962906081825983140e-02	-5.471080884865094085e-03	1.051748220574231452e+00	1.593398156418070588e+00	-4.778603096138758777e-02	1.292172762343704928e+00	2.115828247921174299e+00	-2.738639064056129849e-02	-1.277184101492387647e-01	-1.109527151884106277e-01	-2.022747215226507189e-02	-2.605863086320718211e-02	-3.818902153188338117e-02	-1.502587693443240557e-01	6.464776899939533861e-02	-5.731372883957070591e-02	1.041818195711030182e+00	-1.245559731114780078e-01	-2.073306291824416892e-01	-1.360097243625123242e-01	-5.630676357778793828e-02	-2.867099868388719650e-02	-8.568452402617886265e-02	-2.264995884630269588e-02	3.756420447430843801e-01
2.069957584221526758e+00	9.143012665214692580e-01	8.076581312192030460e-01	-2.839645348989135870e-02	-5.616795688614661941e-02	2.697610654535710917e-01	1.745219264167988005e+00	1.862251760825098801e+00	-8.593492031259469810e-02	1.068766000221209600e+00	-5.532043022294323709e-02	-8.433482982321240107e-02	-1.314079718156563846e-02	1.114363963094198606e+00	-1.132059748228819024e-02	4.345116468735041870e-01	-1.083762338143351850e-01	7.629707623765418223e-01	-1.281842505745219574e-01	3.994151525715189388e-01	-1.114082237852710433e-01	5.216960687486147386e-01	-2.396024448406876631e-02	-2.721790937575235825e-02	1.203328679489230391e+00	-3.578553221133268236e-02	1.354568031569405306e+00	1.355469328037412491e-01	-7.486493189663848136e-02	7.287138966793894612e-01	-4.281631559409791038e-02	-5.880667413600231680e-02	-7.960097453100681286e-02	-1.311315837089048475e-01	4.519754665944796246e-01	1.378011616972800502e+00	1.560975695171071820e+00	1.399218890832891971e+00	1.540550050053489439e+00	-7.343232190031612205e-02	1.865858431628373282e+00	4.481246409952198140e-01	1.416822874116396402e+00	-8.448567569692160342e-03	7.274809337536362053e-01	1.916331735440407469e+00	-2.526200395452259800e-02	-1.108821089158582435e-01	-1.003398938265703394e-01	-5.734655380338610914e-02	-2.317157404734308465e-02	-2.866454467812627749e-02	-1.168143628190463357e-01	-1.160833291516883900e-02	-5.607703679223198512e-02	-9.095927245044608048e-03	-8.830096166101433774e-02	-6.361258273754957782e-02	-1.034417163049100585e-01	-2.626303252839809477e-02	-4.639781353303797096e-02	-6.905031143914314162e-02	-1.650630303634198839e-02	1.991266252594767305e+00
1.431753343184829275e+00	7.275784387259069952e-01	4.311603725808528798e-01	-5.186539069912524114e-03	-8.685675602685526131e-02	4.481571313708478388e-01	9.105172274293438228e-01	1.805894015438855860e+00	-9.937896080180888547e-02	4.777564079825509791e-01	-6.609950331237342269e-02	-3.959707188017520113e-02	-1.582205187490472176e-02	1.086236103080625792e+00	1.870278576366415590e+00	-7.100315200268052414e-03	-7.448047541751041944e-02	-6.131032363722708003e-03	-1.512803646425475990e-01	8.460757637044025170e-01	-6.180937283297617199e-03	1.761894868284849813e-01	-2.490178788823146569e-02	6.961714336408679760e-01	4.005588723195487866e-01	-2.723468718818350745e-02	-1.417729445315355288e-03	5.879814238651093206e-01	-8.813313257725204075e-02	7.876995588694852835e-01	-1.412281866867596582e-02	-1.216991141009120120e-01	-9.811806702173581085e-02	-1.440307397639096765e-01	4.080946981885720248e-01	1.240349939838966353e+00	1.886944614632887873e+00	1.397018068537953850e+00	1.224261211474993782e+00	-7.167268901639432810e-02	1.379520890736994687e+00	7.573789605314854567e-01	1.420831266874134080e+00	-3.742528456734825482e-02	1.075164000610265402e+00	1.834733116928502605e+00	-2.035289003597382310e-02	-9.236059783574843141e-02	-7.861313784462811705e-02	-3.326035894544600996e-02	-2.076682509568115315e-02	-1.255428931845004037e-02	-1.408737094219259245e-01	7.080450355603391532e-01	-5.116266932154520802e-02	7.610878275266319548e-01	-6.510028180920164609e-02	-1.014685892819795626e-01	-1.281640260874446491e-01	-6.633104420740500162e-02	-2.788996380060637659e-02	-8.023954548690993838e-02	-1.548724202589516451e-02	1.758726409901300691e+00
1.525217131860011843e+00	1.990263908335494492e-01	8.787703053469835268e-01	-6.730250398581505422e-02	-8.527640055629596982e-02	-2.327600038439152884e-03	8.324053554902479668e-01	1.457881891309668276e+00	-1.071719610341991397e-01	8.533413922404905483e-01	-7.350944776231339850e-02	-5.355429221742328584e-03	-2.185033729338958092e-02	7.967941685658244122e-01	1.616868142566477706e+00	2.691661924412116491e-01	-9.544198135386279536e-02	-1.102510234414921277e-02	-1.569217076287279522e-01	5.480339122654851458e-01	-9.292365169322759633e-02	1.657264970514455982e-01	-3.594732282649677063e-02	-2.175802848364878292e-02	7.683667053583673745e-01	-3.616115883890556187e-02	6.902061083178886447e-01	6.648174452665369660e-01	-9.689924610306871466e-02	-3.959165110450314426e-03	-4.143926652571450209e-02	-8.878908923778083828e-02	-1.085408394616326488e-01	-1.351679508084937253e-01	4.712873761868675571e-01	8.479733779758514833e-01	1.624758899507339649e+00	1.524625239139562050e+00	1.704508010461453393e+00	-8.833211011708225202e-02	1.666192450026974026e+00	5.387963113894544964e-01	1.427298650909376576e+00	-2.511857809921132917e-02	7.728234268290522513e-01	1.490393368561384158e+00	-4.084375037021612670e-02	-1.030832468055644935e-01	-9.574249934666573258e-02	-4.867459317075863851e-02	-3.341493236176248244e-02	-3.960813740423738821e-02	-1.510115382942929241e-01	-1.171429302469191060e-02	-5.569350719936749794e-02	8.321446718999307712e-03	-1.051483072096002086e-01	-8.092281476786533645e-02	-1.413763340482654396e-01	-6.849359232820369237e-02	-3.536734380009486783e-02	-7.520588179814043095e-02	-1.977454188844732230e-02	1.068965539186789826e+00
1.640318556851315446e+00	-1.407451171988136768e-02	9.293123870923959418e-01	-1.853843768874467446e-01	-9.392239414131002551e-02	-2.112636139811482905e-02	1.540292793103261504e+00	1.690573053049838181e+00	-7.124254422926033781e-02	9.835623447798835794e-01	-9.926826542605654558e-02	1.351227201575364301e-01	-2.646173417742932188e-02	8.349645601295396791e-01	4.524282990521176773e-01	3.525611863719427808e-01	-8.904455546474047967e-02	1.048642969528782443e+00	-1.768845942267726901e-01	1.229819545787867868e-01	-1.421728425667624640e-01	9.078905755020508783e-01	-5.513666792093083191e-02	-5.955750493086513220e-02	2.943926129959084648e-01	-3.827091955780071580e-02	7.613300101961054667e-01	8.037227777515958405e-01	-1.095712339170033106e-01	3.929303427567978901e-02	-6.174224772344498458e-02	-2.982581153908798674e-02	-1.081263422892038556e-01	-1.596878153144369594e-01	1.136218742542927512e-01	9.991301648693563520e-01	1.614907253084590266e+00	1.830425870047574843e+00	1.327009195808827924e+00	-9.639487181771681790e-02	8.028634735249422505e-01	-6.996354117651685904e-03	1.769385966983656466e+00	-2.097652835214688233e-02	4.867789958220410385e-01	1.919972551433944963e+00	-6.129299095570204386e-02	-1.339936758359902558e-01	-8.517917666685352607e-02	-4.655742423974879723e-02	-3.107397105742815829e-02	-5.783398036497595235e-02	-1.386809908730219920e-01	4.326603947022801544e-02	-6.545294907333946977e-02	-4.642362282198009976e-02	-1.419653172073955527e-01	-9.760633549792917252e-02	-1.259844512974831465e-01	-7.805208891260859150e-02	-6.633281512082900289e-02	-7.350030995055494010e-02	-2.823619550977951934e-02	-1.384233250679140111e-02
9.629695815387308011e-01	4.732460360732752003e-01	6.172701312880356506e-01	-6.472128645696061111e-02	-1.071416636417437257e-01	-3.576031354298901677e-02	4.355270030451327545e-01	1.509627239535702881e+00	-5.290325941804582821e-02	-4.661245859742064492e-03	-8.931757909474193069e-02	-2.732888290941113893e-02	-2.618823838444521435e-02	7.812273252356389808e-01	2.117686907274566543e+00	-2.431609332452228447e-02	-1.166815117125254708e-01	-5.380197294320270690e-02	-1.813588859387123831e-01	-3.994491007846438096e-03	-4.023652257826938750e-02	1.485464468354516399e+00	-4.804511799906738267e-02	1.172927151337882723e+00	-4.811743246986142745e-03	-3.538768869545588780e-02	-5.551374436107015670e-02	3.846255363731442833e-01	-9.952475692169114596e-02	1.091302594055793662e+00	-3.646926282669633174e-02	-1.428891058259465219e-01	-9.515409030000651636e-02	-1.702315196471864689e-01	7.769962701856140130e-01	1.651147435619928938e+00	1.946212823715396611e+00	7.621298936379772293e-01	9.069420963688956672e-01	-8.742947590780750233e-02	8.610722781528952208e-01	7.887444029787488153e-01	1.804849819743886030e+00	-7.187672150770718638e-02	1.236113303860680412e+00	1.715610271350556326e+00	-3.459813705734697542e-02	-1.042450149740443421e-01	-2.408447904335063797e-02	-3.395144644204806800e-02	-2.773407435285698067e-02	-1.313327487218532083e-02	-1.612209471841578590e-01	-7.650200824647295991e-03	-5.767722807294343307e-02	4.950071614192758651e-01	-1.460916312320079402e-01	-1.862393067890259490e-01	-1.250259585138947527e-01	-1.286728793185854536e-01	-3.007872991346450045e-02	-1.098903762954713814e-01	-2.380946842536159694e-02	1.960864607066355791e+00
8.628682596530590221e-01	1.782636147581281305e+00	6.450056607631904360e-01	-4.495699518049591642e-02	-9.458908527876082328e-02	1.122585645201202853e-01	1.375163744763445939e+00	1.262688918232211854e+00	-1.230070930350008335e-01	8.450379770081989372e-01	-6.785667040767011382e-02	-3.495760768500584537e-02	-2.810147201530007952e-02	6.248690819023363652e-01	3.110197071639630439e-01	-2.474593929314241811e-02	-1.410574271639872257e-01	-3.950395145296353716e-02	-1.104127462065500054e-01	3.522843881528008869e-01	6.974153020913494982e-01	-6.634243737885827698e-03	-4.627534575809591488e-02	-1.947140165654048403e-03	-7.562672374835088633e-03	-3.397899692297839946e-02	9.342339203970597694e-01	-1.093632672360797184e-02	-4.763727122935389191e-02	-1.942672927602220531e-02	-4.476951134313781472e-02	-1.258802437651271311e-01	-6.744675101981892351e-02	-1.268165897922413632e-01	1.190320093025041964e-01	1.599725706121130075e+00	1.522905227254800264e+00	9.025003487519894785e-01	9.089683019035422751e-01	-7.565965309651132009e-02	-2.193186470801258489e-02	3.911421039429268665e-01	8.302700124281979788e-01	-6.794553453579800506e-02	4.306183173278441689e-01	1.769127952754041555e+00	-3.808436389295133395e-02	-9.617216460312132120e-02	-2.882131948692749634e-02	-6.157392712983829341e-02	-1.383061403788671956e-02	-1.476362878383674290e-02	-1.597433321198021561e-01	-1.603742484023305392e-03	-4.669058874487607563e-02	9.455483632882282219e-01	-1.235977146710598301e-01	-9.485089952845653094e-02	-1.178401076091127320e-01	-5.854552073460028705e-02	-6.885226899539009793e-02	-6.201797435872007103e-02	-1.088392690728408677e-02	3.958772081214614769e+00
1.873950010707283287e+00	5.428835372038928186e-01	4.704799666905090660e-01	-1.196211193258631678e-01	-8.511345253154803392e-02	-3.121319869391950622e-02	1.067871347892594969e+00	1.774211206751866055e+00	-5.536864231994363672e-02	8.940182165896684019e-01	-7.942049079224192121e-02	-4.434320755191552277e-02	-2.142492617813719982e-02	1.078743107968240800e+00	3.070671746882123188e-01	5.875301125215131037e-01	-1.262117163780772378e-01	8.200862296373925275e-01	-1.672749959293476085e-01	-1.727720619125831802e-02	-1.417101947350919711e-01	1.536808401440371563e+00	-4.687424934700575724e-02	2.070290115072121462e-01	6.052703422225409469e-01	-3.992426944293994001e-02	6.028868133487781389e-01	-1.838669820943876487e-02	-1.127910788592811908e-01	1.403629899978201756e+00	-5.312019693024384870e-02	-8.734503144329680557e-02	-1.002031865628505714e-01	-1.612619733973759961e-01	8.217716539865272951e-01	1.547760781355943083e+00	1.816822940089936722e+00	1.331549248721531908e+00	1.166516577658461840e+00	-9.089491057242851668e-02	1.346077409404111247e+00	4.200047577550181099e-01	1.732917297836046089e+00	1.049496460964585431e-01	7.714514292548162455e-01	2.095915724606957298e+00	-3.824067074772571906e-02	-1.341812710824630828e-01	-8.509516817269857647e-02	-4.463392688050635965e-02	-3.161846003636829827e-02	-5.106072492112494893e-02	-1.337263238198069804e-01	-4.000545879909622911e-03	-6.572149312906182261e-02	3.942651675028862046e-01	-1.233877616869420574e-01	-1.799295173663481295e-01	-1.152567123157275525e-01	-5.309597287789585840e-02	-4.961372789366154390e-02	-8.029073085199255055e-02	-2.246001330199753898e-02	3.348937587392871729e-01
2.870509949154256835e-01	-1.934713495796809568e-02	-2.239442397420166736e-02	-3.050504902673717988e-01	-1.167847559936735224e-01	-6.579594191313078988e-02	8.787461251616246471e-01	8.150074747532705111e-01	5.815357717016560457e-01	5.290057524951673473e-01	-1.139683943442519470e-01	2.372967934914782973e+00	-3.520610996548691196e-02	-7.261040971864752593e-03	-7.815796027810253954e-03	1.168646816810833933e+00	-4.051793579525897471e-02	7.970609098039206641e-02	-1.793880654450457912e-01	-7.069209872060509825e-02	-1.579260390146571547e-01	5.263373126812669334e-01	-6.600596492779740865e-02	-2.377389724091951575e-05	-2.228366526850033419e-02	-2.826306229735129488e-02	-5.185943610938515552e-02	2.005709285635481898e+00	-1.049880148409157860e-01	-8.379430308373134184e-02	-7.780238858248569866e-02	-7.371065827380572644e-02	-8.797694785458833044e-02	-1.572745347355562207e-01	1.177154062891041519e+00	1.332523701365948998e+00	1.585774142059836356e+00	7.610419630037116301e-01	5.748895812714616138e-02	-8.467865207171805519e-02	-7.942382053188752622e-02	-5.971304049406531145e-03	1.414226052404816247e+00	-1.363169539890799753e-01	5.571207683987037251e-01	2.001804465743603156e+00	-9.987125928392025231e-02	-1.119626793664469655e-01	2.027449474328029688e-01	-4.153682610600685499e-02	-3.645158905513840725e-02	-6.014988323439635944e-03	-1.244894273356271508e-01	-4.179274019505105353e-02	-6.172830572443775005e-02	-1.176561060407016884e-01	-1.965456190288051852e-01	-1.365295165685089795e-01	-9.749830742512732851e-02	-9.720296070321005066e-02	-5.110354063780672695e-02	-1.148676780969528216e-01	-2.885222329863836033e-02	-1.850845856485735033e-02
1.208118560100168271e+00	7.702429593461856960e-01	5.867594877656062691e-01	-3.629095420994838100e-03	-9.042647898569181053e-02	4.969972055427617219e-01	2.328332508037310455e-01	1.436718440098015970e+00	-1.158248352086692773e-01	1.501490625577568960e-01	-6.179230791557265012e-02	-8.718304729934103769e-02	-6.535268979422205991e-03	1.067069448375398411e+00	1.739854802434707137e+00	-2.873512757173285123e-02	-1.517408051325217777e-01	1.616040784928898244e-01	-1.569795225023815355e-01	1.147041172759791783e+00	1.095611586706710883e+00	2.529716317899204925e-01	-3.989509388290827380e-02	1.184028736822241079e+00	7.336094899829508353e-01	-3.599401563598184778e-02	-3.248098488182805943e-02	-1.248872627718342065e-02	-8.963862660836409424e-02	1.570639792615297958e+00	-1.009610753962923192e-02	-1.516271066715582094e-01	-8.740124474075329497e-02	-1.550493911524300217e-01	2.763723408698837147e-01	1.486864668842957427e+00	2.075825370677529591e+00	1.117218099814416776e+00	1.101051698014580804e+00	-7.542065776511693020e-02	4.926413683503580443e-01	1.144696931487994673e+00	1.634859086624578683e+00	-3.004164774257506165e-02	9.956554658799473545e-01	1.724669510959099261e+00	-1.477654697378543748e-02	-1.025526658286977782e-01	-8.204483682561926339e-02	-2.619327164071699743e-02	-2.198308195951124977e-02	-4.205142203726852657e-02	-1.424711706201143013e-01	4.450553093346333866e-01	-5.241741084672466022e-02	1.611448407108194258e+00	-9.075961634585567872e-02	-1.449598430544167260e-01	-1.308565850385332852e-01	-8.886040260732698537e-02	-3.497734792053305841e-02	-6.844417842852784650e-02	-1.313672743363180663e-02	2.023889297405053966e+00
1.401103453508698138e+00	4.055419767789023577e-01	9.300687847491345694e-02	-6.860676338299638577e-02	-7.836212911214149313e-02	8.720184367013589233e-01	1.047709682087797356e+00	1.682505917331995393e+00	-7.545368856840972693e-02	5.794301858316640574e-01	-7.477077389334123303e-02	-2.241299259563864568e-02	-9.004827652480134129e-03	9.065179166134036404e-01	1.007736568107640229e+00	3.685145439064443917e-01	-4.005365831022041773e-02	8.214469056479902775e-01	-1.628840503447026300e-01	8.696113439962709357e-01	-3.047891549797045879e-02	-4.467520327421996285e-02	-2.765482234652849244e-02	6.651379504837408030e-01	6.293090230984845768e-01	-2.326160681066620495e-02	-1.280290648499371811e-02	1.881900368817821079e+00	-8.780861447261581465e-02	-8.288197629551652748e-03	-5.909094018148978132e-03	-7.693817784840972784e-02	-9.571485019160368146e-02	-1.456045402899365793e-01	6.040063505886598128e-01	1.248844065066661013e+00	1.770828854286905285e+00	1.581116716013137857e+00	1.170266433408683637e+00	-6.648168607893660542e-02	6.549403110955982488e-01	8.870654629524756807e-01	1.335991960041744697e+00	-7.128484516159153128e-02	1.132224581038002498e+00	1.953648322964549378e+00	-5.890141386208239127e-02	-9.214695631428820866e-02	-7.396426367613870290e-02	-3.115036205465488220e-02	-1.615954406881596472e-02	-1.217392231279796309e-02	-1.222066006712952957e-01	8.600037759550999139e-01	-4.870507646082187364e-02	-3.636269904888558141e-02	-6.588121568087036695e-02	-4.534684394642938404e-02	-1.180512534708876987e-01	-6.211370652844254436e-02	-2.970625771763380288e-02	-8.792168760600566069e-02	-1.335202963156327180e-02	9.001310154895683091e-01
8.411102884282999348e-01	1.292174643417707269e+00	8.251632226944243254e-01	-1.865109545137478078e-02	-1.013531949197363780e-01	4.738465336616463075e-01	5.638531777264044198e-01	1.420757090226452357e+00	-1.247714566649604367e-01	2.676051267054267435e-01	-6.802997905958450831e-02	-3.299337381385164525e-02	-2.019550285811144361e-02	8.617038794272033897e-01	1.854476347928143642e+00	-3.793033929908892765e-02	-1.325918020836072131e-01	-3.292073925904894643e-02	-1.403551953483869186e-01	1.253857715433157383e+00	1.424974540560882019e+00	-2.463378225822766745e-03	-3.708361225551241869e-02	1.067219195244325292e+00	1.099228207103857269e-01	-2.900222824063552682e-02	-1.766818090700055660e-02	8.405095872197357321e-02	-7.187904895457906951e-02	4.511960970494283685e-01	-1.333655754522957392e-02	-1.581925698788201051e-01	-7.819794258024653777e-02	-1.480461540744494042e-01	3.959378821662485892e-01	1.459488250940620846e+00	1.953574449948024538e+00	1.060065867309508914e+00	8.390183341745665047e-01	-7.409270320648418673e-02	-2.500218563366039815e-02	9.776129426606327000e-01	1.163606683752844706e+00	-7.620575118576793094e-02	9.332591790080987382e-01	1.930457569170835219e+00	-2.163862688855992117e-02	-9.891438753575979015e-02	-7.345663343275381230e-02	-2.997302828192134616e-02	-1.673175410612863859e-02	-1.274458975607029899e-02	-1.545065022637642504e-01	3.321646392594854169e-01	-4.555537920237681671e-02	1.470178918519970734e+00	-8.953977508405515373e-02	-1.370612899794878548e-01	-1.347008257995866709e-01	-6.283038500282703276e-02	-3.330919760041503586e-02	-6.888440278164909003e-02	-1.306891917657557710e-02	2.796101650600852029e+00
1.656833827870217268e+00	7.488431475317387509e-01	2.285697396091570244e-01	-8.650656118372904851e-03	-7.246915318972876885e-02	6.902920811136887824e-01	8.747776179945745412e-01	1.911011806654790979e+00	-8.527901239398605338e-02	4.872206119306770056e-01	-6.201134859818212275e-02	-7.917354195495505953e-02	-3.989777623499239124e-03	1.165786322693231902e+00	1.245635408401939870e+00	1.610429823333797694e-01	-7.916129928106860336e-02	5.837767063639625054e-01	-1.544479990130252500e-01	8.816360094012160031e-01	-2.256038589457274451e-02	-4.207114358782241301e-04	-2.282167046584175629e-02	1.188592585340688235e+00	9.290821165628804224e-01	-2.445849401508633572e-02	-7.769110566637905078e-03	5.493280264717688155e-01	-9.355792521743278023e-02	1.141477190492325322e+00	-3.907367921793024855e-03	-1.116160316875950687e-01	-9.143362592043731418e-02	-1.506963766545967864e-01	7.798513035375177482e-01	1.464295434853421840e+00	1.940879892488828862e+00	1.419255204081109056e+00	1.222640726026591462e+00	-6.634395675811875781e-02	1.245413062565946083e+00	1.099992419183185577e+00	1.447997933455844599e+00	-3.341895592901217293e-02	1.357989819100669182e+00	2.058769088249992496e+00	-2.457346238007372674e-02	-9.772836698399212096e-02	-1.024045590231845854e-01	-2.708815519794161020e-02	-1.796234843500238432e-02	-1.733296680100003886e-02	-1.231679184915658171e-01	7.687141492410669574e-01	-5.175845244340910450e-02	5.451360307017141249e-01	-5.472497037548679222e-02	-1.074535583604996347e-01	-1.187708516373722906e-01	-4.777989901625902952e-02	-2.293885278336759218e-02	-8.300371557633146047e-02	-1.272626242566647289e-02	1.263146679341083489e+00
1.839070098723232682e+00	5.355785427656394315e-01	4.691444976034142567e-01	-7.430687937055785453e-02	-7.907503031757698309e-02	1.529817826290436611e-01	9.353678533812797014e-01	1.981458745036025038e+00	-7.794197244365681787e-02	5.513535386382646397e-01	-7.080292072435195871e-02	-7.474717330089455936e-02	-6.477040963482195816e-03	1.261438905000424215e+00	7.352418775293968478e-01	1.524720521302792842e-01	-1.057950498678942725e-01	1.167315228800394289e+00	-1.694456671662330771e-01	5.168045114811432583e-01	-7.703624118159665968e-02	5.489137199040556858e-01	-3.600131843617922212e-02	8.013874840429332513e-01	8.720456496625990095e-01	-3.190228323064101673e-02	4.583048354256789858e-03	3.107586121691865294e-02	-1.095412454241744271e-01	1.591996729218867257e+00	-2.156668378880684939e-02	-8.398270321979382780e-02	-9.695315164650483708e-02	-1.613095795784466324e-01	6.132584562360603453e-01	1.540777111373148323e+00	1.962044367320403326e+00	1.573928469021392829e+00	1.287956763455879505e+00	-7.645014396669258527e-02	1.115324424859493346e+00	8.153305428183001968e-01	1.771692954770831996e+00	-2.730504627414979263e-03	1.140782937238503880e+00	2.156507820096452921e+00	-3.526641258392951978e-02	-1.199448538998018760e-01	-1.104149116220667637e-01	-2.575651852629044433e-02	-2.229044029182036118e-02	-4.714373800334364928e-02	-1.251574209484987155e-01	5.870501684119623365e-01	-5.954071319327679246e-02	5.442994700129927255e-01	-8.271774623748856525e-02	-1.458992754870642172e-01	-1.186338368731095910e-01	-4.899326549154765092e-02	-3.712143213267076608e-02	-7.600044233323047238e-02	-1.626524370729229632e-02	2.128535269318180823e-01
4.243081452394010245e-01	-3.762558908089471289e-03	1.249631727715889040e+00	-2.475650752215194095e-01	-1.203878597839783959e-01	-4.632509134596107803e-02	-1.555424197841271923e-03	5.744673152535292315e-01	-1.032451898076025693e-01	2.646430945986512073e-01	-1.155892483743072713e-01	4.330732250645055181e-01	-2.560069447427617759e-02	2.308642609807028401e-01	1.098558237272871940e+00	-2.488240834291144399e-02	-1.812508531494237962e-01	-2.408158299935630239e-03	-1.936837701928758315e-01	-2.608181804196909800e-03	-5.316534790679860317e-02	-3.535027207494807842e-03	-8.539956924501267144e-02	-6.594042122436493715e-03	1.184332172324642635e-01	-3.416283249784268089e-02	-3.807221051653143784e-02	9.074086222563203519e-01	-1.087553992914662288e-01	-4.998765428600968758e-02	-5.948717180786342040e-02	-1.064661098817453466e-01	-9.975378713750752968e-02	-1.592561541538710934e-01	7.799990160501156788e-01	1.199807710412661432e+00	1.830810684003344901e+00	8.501754359615003587e-01	4.155640561390196441e-01	-1.042368757110007926e-01	-7.985340526324238852e-02	3.121395942998153594e-01	1.359092166931294088e+00	-8.369062652998182639e-02	5.812462370629671859e-01	1.353897071444831068e+00	-7.036537002168545551e-02	-1.295294279010415495e-01	-6.004371788578771740e-02	-3.374642684350272204e-02	-3.221459514704088506e-02	-4.663016017151525028e-02	-1.614884028380803027e-01	-3.224921548707083974e-02	-6.145177009641129146e-02	-1.741813885881187546e-02	-2.097899970713757167e-01	-1.748352808286850746e-01	-1.401807655691059695e-01	-1.017738835902105426e-01	-5.598882713099839759e-02	-8.736561159937360210e-02	-2.910741717481518318e-02	4.481009878365870280e-01
1.667403918568921117e+00	3.721702248837871485e-01	6.318758420178314239e-01	-1.202449025083979911e-01	-9.207066415821019145e-02	-1.361046587840037368e-02	1.097403033566977770e+00	1.922455633612896175e+00	-6.310217085052530206e-02	6.189968910314327388e-01	-8.853817178132335208e-02	-3.193627392948025084e-02	-1.878276126341543034e-02	1.060569396066934234e+00	1.047774909556512979e+00	9.123769773158589558e-02	-1.037594945504070471e-01	7.235342603097696390e-01	-1.802237033259655730e-01	2.239316033830921204e-01	-1.141588442886718735e-01	9.185135533113296669e-01	-4.263633638264693188e-02	4.658278718613262370e-01	3.426489211694850878e-01	-3.320323849335943267e-02	-9.952356641176472035e-03	3.070352495398118164e-01	-1.139294662570377731e-01	1.111208780706116839e+00	-3.563548620474530498e-02	-8.308794789547718773e-02	-1.022963315196905726e-01	-1.717554418069700273e-01	6.305553625440790677e-01	1.563894405245457975e+00	1.959350508041192152e+00	1.494476748211846395e+00	1.163644093226852361e+00	-8.633181641906398363e-02	8.669337745964413866e-01	4.811844571669732229e-01	1.836415215775082821e+00	-3.082186915597174073e-02	1.068086163414018408e+00	2.276700735544630483e+00	-5.041066288490870378e-02	-1.247748707449916755e-01	-8.997470993695362573e-02	-3.253239379569786843e-02	-2.559320181025464061e-02	-3.517549813451643914e-02	-1.405747225689250035e-01	3.534679728255412101e-01	-6.457097274773739015e-02	1.316843062728155767e-01	-1.109604338851576666e-01	-1.582118429248470237e-01	-1.254727055634721755e-01	-6.938692185706324400e-02	-4.000952666276163389e-02	-8.770497212403756404e-02	-1.895773826061653358e-02	3.549708262448518781e-01
1.362697370208082459e+00	4.528149914709793111e-01	6.700784350219023411e-01	-1.505856716083350533e-01	-8.509981188880104408e-02	7.564443061853410866e-01	8.953054298432074898e-01	1.581031017753404821e+00	-8.147908817331721287e-02	5.568899018575602655e-01	-7.714087936394749268e-02	2.492920433781755096e-01	-8.001963014657850412e-03	8.882943303457366824e-01	5.715485883775512921e-01	3.782912045994054617e-01	-7.628676168083779741e-02	1.523421880929186401e+00	-1.718497787189069426e-01	1.142609516410755255e+00	-5.613958690807758362e-02	-4.876878983878168289e-02	-3.452734856664449459e-02	3.945765867804305604e-01	8.066542129150398033e-01	-2.687313736190835231e-02	-1.386608142409073187e-02	1.814337425817576177e+00	-9.505918213554581664e-02	-1.531049554915009901e-02	-1.189260331861868684e-02	-4.849678663802800549e-02	-9.094025506980947526e-02	-1.508831858876641674e-01	5.817163078152669531e-01	1.315323931572550231e+00	1.721423473123858461e+00	1.717926339739566322e+00	1.129874430315188416e+00	-7.215380007363164649e-02	-2.652569852892440114e-02	8.232202889486724962e-01	1.432166096909638586e+00	-7.650635084136983566e-02	7.429564514059734393e-01	2.205798296391098479e+00	-7.550645941365138891e-02	-1.145218011477617259e-01	-9.867332065048831091e-02	-2.176733276243444926e-02	-1.518573433816591128e-02	-3.140967273715573188e-02	-1.179180334393797464e-01	3.482295562198651218e-01	-5.344401872340952958e-02	-4.017319506531592116e-02	-7.921665194297212997e-02	-7.564184914811190874e-02	-1.201098392965518347e-01	-3.290761488617770930e-02	-2.921468677752199830e-02	-7.507791306930181041e-02	-1.125236770836431262e-02	-8.526232473016865168e-03
1.299871143278716223e+00	1.247544187401167681e+00	3.756738986160668703e-01	-1.395681333334417712e-02	-7.158553642948146944e-02	1.896339218806153970e-01	1.443523470344150406e+00	1.206769368343426851e+00	-1.141581434304871356e-01	1.216036255757820594e+00	-5.425100366870230090e-02	-6.686541924500510881e-02	-2.097364937703904281e-02	5.590203253967223063e-01	-8.250877037954039428e-03	3.785854687380688088e-02	-1.367452831323996698e-01	-3.129706947995854194e-02	-9.927322067801561123e-02	2.163980751160275023e-02	-6.931476089773749849e-03	5.763326194641760214e-03	-4.214244063968711207e-02	-2.991538358060248301e-02	7.687204056013572373e-01	-3.329423188599364702e-02	1.313755109866551640e+00	5.351957728054051316e-02	-4.890937346027030702e-02	-2.746359633581995502e-02	-5.345068309482836622e-02	-1.196676531066963867e-01	-6.709215888668366989e-02	-1.105870902376969445e-01	2.435280925651799877e-01	1.387321403834164135e+00	1.443434794222853590e+00	7.882665217337911923e-01	1.131172418488979980e+00	-7.944690989083355581e-02	7.088156798855043128e-01	4.421137448190883279e-01	8.452907393607581588e-01	-5.143559169937646225e-02	4.520923902948852935e-01	1.453538050389503011e+00	-2.919202415065499587e-02	-9.044541500188613137e-02	-4.238843362342914478e-02	-7.865202623068257015e-02	-2.170461302245953877e-02	-8.076275063168034118e-03	-1.387490965686566657e-01	-3.635014063249368543e-02	-4.773944454038477059e-02	3.398401053818714823e-01	-1.244430851398532073e-01	-3.740968619395917266e-02	-1.083455697619116753e-01	-6.592988937848427711e-02	-6.709644973483196162e-02	-6.282310990881316559e-02	-1.134789520581703376e-02	4.278050920585651618e+00
1.803613565165629540e+00	-2.382968003750849523e-02	6.530413025891234069e-01	-2.011043227183801629e-01	-8.955698835571421212e-02	-7.162835429211235339e-03	9.497665842133669045e-01	1.377566853386744228e+00	-8.176926894841490823e-02	1.347047134641474075e+00	-8.264833085720357797e-02	4.407009951387107494e-01	-1.418873216243768387e-02	8.247887625341696616e-01	6.388553473813970429e-01	1.020553956798606388e+00	-9.713607364035045655e-02	1.502717608552926132e+00	-1.724581768749668120e-01	2.894645961469922146e-01	-1.448710584180389616e-01	4.227936796230226668e-01	-5.613513823934416364e-02	-4.828260897133443419e-02	1.215707608897794501e+00	-3.521141574724984818e-02	3.671451121296148146e-01	5.602142961124488840e-01	-1.260608070121269908e-01	-9.492574819247534545e-03	-6.177739920261202805e-02	-6.471327380511474048e-02	-1.107801025006438650e-01	-1.454468649341594255e-01	2.213649546654580802e-01	6.062006620250061095e-01	1.953956128066066666e+00	1.850764266018212423e+00	1.225212922524862247e+00	-9.365912585111639543e-02	2.309770257930267578e-01	-3.257556082322401493e-03	1.668098420553418837e+00	-1.435651832661128877e-02	2.206842287536311953e-01	1.894280853792879693e+00	-6.583675652017433044e-02	-1.350895498363554881e-01	-1.290419913929539975e-01	-4.042475948914774769e-02	-3.626435875112089813e-02	-6.307570786923087647e-02	-1.219484969588320727e-01	-2.495792397471299426e-02	-6.995649659269817522e-02	-2.345451629574100277e-02	-1.232032143789949519e-01	-9.592635187928981455e-02	-1.319405508138371541e-01	-6.991836403202511541e-02	-5.519744050767861482e-02	-6.212669388566509354e-02	-2.340338323567313361e-02	-4.271179287068808256e-02
2.010645132766273768e+00	2.839450509174856196e-01	9.529334615828199961e-01	-9.531636586282807300e-02	-7.112290710493193724e-02	6.601953403296786371e-01	1.189629724049397375e+00	1.791250103042938413e+00	-9.137735384658254856e-02	7.829950113681105606e-01	-6.108468586448478899e-02	-5.111778579334465278e-02	-6.039264718201642172e-03	1.209746247769246441e+00	1.988495161595866256e-01	6.717156769157699436e-01	-1.011376063976897471e-01	1.819007256626342661e+00	-1.546683236186568444e-01	8.878956123495282959e-01	-8.996967561098673238e-02	9.451685009372245982e-02	-3.359131115542156321e-02	-2.578929708672554610e-02	1.363618799751006305e+00	-3.342244014891233850e-02	1.059720262900567533e+00	9.192354602263765884e-01	-9.366704864324261470e-02	7.667866947626591489e-01	-2.216827649244708723e-02	-2.685137117390709940e-02	-9.021284143138824652e-02	-1.448617740742383087e-01	2.437444733899567506e-01	1.303643515348597459e+00	1.597801881654701495e+00	1.836962935411700082e+00	1.566570909229291875e+00	-7.882244589335787865e-02	1.000060008714446447e+00	6.644591503417177636e-01	1.425735807175427805e+00	-8.892703956226230208e-03	5.572104572848249893e-01	1.909671791340654234e+00	-3.284360634815376018e-02	-1.188931345878249807e-01	-1.191410747991447500e-01	-3.720271085022790886e-02	-2.534808877214125150e-02	-5.145436972225252148e-02	-1.088135694533100134e-01	1.857545078486136370e-01	-5.880320214867873485e-02	-3.029229651147068506e-02	-7.533489275478190417e-02	-6.821225115987213095e-02	-1.151139448586852160e-01	-2.080979843263955353e-02	-3.425028179997986755e-02	-6.348721180993820157e-02	-1.263157687090364807e-02	7.117535644524840277e-02
9.849726163210184016e-01	5.954327164584937160e-01	-3.596057911990086647e-02	-1.846139192150752228e-01	-1.039366935171443240e-01	-4.728028282059203863e-02	8.294458753835163289e-01	1.530807297147104951e+00	-1.327267495024924901e-02	8.694911441558017540e-01	-9.012043734759932201e-02	5.883178454756980980e-01	-2.516279848807113570e-02	3.977947456807818249e-01	-2.201182776032361947e-03	1.104467165779585258e+00	-5.697481647181988629e-02	-3.958095808454432755e-03	-1.690798717434359999e-01	-5.820403541049449375e-02	-1.024265399907488966e-01	9.959000486583844403e-01	-5.651358783236436895e-02	1.036803793039252408e+00	-1.949384684617084737e-02	-2.189730096436581439e-02	1.167726921035030507e-01	9.039904636357956047e-01	-1.113404524879104129e-01	-1.539887527456363855e-02	-5.475869048848604898e-02	-1.060162058603937862e-01	-9.577576782850488746e-02	-1.640822655962239918e-01	1.849406931849755242e+00	1.751171199251554178e+00	1.634874048164354665e+00	9.132747427863815437e-01	3.338825129116454460e-01	-8.326075679288094666e-02	-7.822087164285132510e-03	6.752028636451509191e-01	8.429382720332261325e-01	-6.241631887567285902e-02	1.358479728453497293e+00	2.181634887876221285e+00	-5.718351874110984973e-02	-1.188614234524180829e-01	-4.246652660315957534e-02	-3.864038064846896103e-02	-2.563546638413337353e-02	-1.012674326123295422e-02	-1.383378807421079826e-01	2.413516216088619215e-01	-5.427257257550517633e-02	-1.342101208328604078e-02	-1.348089902658644035e-01	-2.024975570373856726e-01	-1.098899794151530912e-01	-4.272696808350509579e-02	-4.505521747465754401e-02	-1.128312993352055954e-01	-2.718171515571909946e-02	-1.567622903066268752e-02
1.377713998636695081e+00	8.412607643678952085e-01	3.562537917869121884e-01	-6.071147730258533853e-02	-8.834471485129091750e-02	1.842574725792886781e-01	1.056113113009320426e+00	1.873879256442207319e+00	-6.953177249046221808e-02	3.531996603178512717e-01	-7.921387671195120883e-02	-5.469928898423030705e-02	-1.278482503922009905e-02	1.019028832842488130e+00	1.127904863480053255e+00	-1.448530707320116497e-03	-9.081106415862698344e-02	2.316614986918333619e-01	-1.684502826994651314e-01	5.575124565314752978e-01	-3.919075527706229745e-02	2.451908836765098187e-01	-3.258795932276867952e-02	1.252599969110834710e+00	3.772843438723663123e-01	-2.207237748648784720e-02	-2.036290814139688279e-02	8.818362338316924065e-01	-9.558610169435351189e-02	6.620428249394938458e-01	-1.637381743421672739e-02	-1.150536473345016159e-01	-9.123572792389625374e-02	-1.643431882501362740e-01	1.053891448715676304e+00	1.671065915088080223e+00	2.060835199868213508e+00	1.157206683336583497e+00	7.939433230916871365e-01	-7.561108338051758526e-02	5.965258360062626330e-01	9.018381090056837301e-01	1.455229904376608818e+00	-6.379811289200346125e-02	1.398685096112389115e+00	2.291068401166129753e+00	-3.032577456416966910e-02	-1.088642166698227387e-01	-8.130425267589640181e-02	-2.723777172639415753e-02	-1.859669971716958539e-02	1.811456434984481945e-03	-1.338265255617714922e-01	5.893629311029222606e-01	-5.331848000519021774e-02	1.634680019684005003e-01	-8.986462837926988134e-02	-1.476750740331088663e-01	-1.178924178897634706e-01	-4.877649768249145423e-02	-2.681160945092734768e-02	-9.866538689228712689e-02	-1.937938017332666366e-02	1.295362269113142339e+00
1.545158459230605352e+00	-1.138326693702142086e-04	7.694655177342440977e-01	-1.262594582297925094e-01	-7.540938161528765171e-02	8.415937208557715543e-01	1.162865280047284733e+00	1.493852273615830173e+00	-8.608653243388918186e-02	7.824348268348892965e-01	-7.299440387214592429e-02	-1.408502404130421680e-02	-5.853154448713230804e-03	7.859655514374428442e-01	3.197216663516782575e-01	6.575259546018893397e-01	-7.089796489490407527e-02	1.451977259566692213e+00	-1.626915139452144443e-01	1.028383947089465345e+00	-7.095772431013881720e-02	-3.124251688332240276e-02	-3.593782297724965741e-02	-1.496461779003716713e-02	1.347675784875977278e+00	-2.700743998799938136e-02	3.442299271064065969e-01	1.819540910769407605e+00	-9.138346130714190829e-02	-2.796707965298962303e-02	-2.319913919716775144e-02	-4.430609017503277236e-02	-9.020395805791685262e-02	-1.398970289260360045e-01	3.872153775852124058e-01	1.085353809019129923e+00	1.731346650995428726e+00	1.708769747194243571e+00	1.236409824464704599e+00	-7.867146772564094503e-02	1.991731204115123610e-01	7.073032932776822657e-01	1.390868385312184596e+00	-6.428401613933856784e-02	6.410484905612688911e-01	1.865074023811652104e+00	-5.358322750412577301e-02	-1.125532502499075882e-01	-1.005963184999470184e-01	-3.906786157942262333e-02	-2.176151834044359745e-02	-3.002358735815160648e-02	-1.073474413533767741e-01	6.904054023734763901e-02	-5.523629168534981843e-02	-6.656425115655066616e-02	-9.352920309449766489e-02	-3.512465689881560243e-02	-1.157879302732116589e-01	-3.922625189323125650e-02	-3.813843929511936265e-02	-7.547049022693130826e-02	-1.872301454760667491e-02	3.052328270474542471e-01
1.102341206928829420e+00	9.305961796013011433e-01	-7.754232245440691000e-03	5.454824436632741413e-01	-7.277245898839122817e-02	1.353145767457000215e+00	1.122302815018756394e+00	1.424615756410872791e+00	-1.043607431102642341e-01	5.611612363670795967e-01	-5.239613478098883309e-02	-5.233157449692336927e-02	-1.016206534836795565e-02	6.790178788861063186e-01	7.170195315675165215e-01	1.380381242589529822e-01	-4.352048884849019084e-02	-2.012495875714779420e-02	-1.079236625468773525e-01	9.586613120838419766e-01	1.479939889654831475e+00	-6.652556643799689695e-02	-2.438883406014583435e-02	8.927611394726211458e-01	5.191253801660468126e-01	-1.564833258496465401e-02	3.424982087801724528e-01	1.549861285444052772e+00	-4.911111369857967812e-02	-4.201166610021152270e-02	-1.894852266247180157e-03	-1.216145466283106713e-01	-6.453811560604462427e-02	-1.106034787899584509e-01	2.050847976026952679e-01	1.319157596448977898e+00	1.617846310003974830e+00	1.053310073298078242e+00	9.597810469899930030e-01	-5.890246778909783570e-02	2.299253162454441557e-01	1.203553486178590592e+00	7.969710111413341735e-01	-9.026097565207433226e-02	1.058391012051107305e+00	1.581903490262012379e+00	-3.299884244316721865e-02	-6.652451230498160339e-02	-3.830618624670323324e-02	-4.463913228991202298e-02	-6.301337019498984629e-03	3.956277319519754254e-01	-1.221142536382117672e-01	4.543568660148001315e-01	-3.227736355175644944e-02	-9.957598407081668518e-03	-5.537194132408559261e-02	7.656759061476428596e-02	-1.094018708689080410e-01	-6.270437122690802889e-02	-3.321855245382047267e-02	-7.196961172568705489e-02	-5.170663477701709608e-03	3.492994588266911116e+00
1.785313424303697660e+00	6.950947641649682929e-01	8.524604189915280239e-01	-1.031339492215918863e-01	-8.577129260916914466e-02	-4.666012766885509720e-03	1.420199778011735692e+00	1.882162866073302299e+00	-8.874794367169730469e-02	7.633423409802506665e-01	-7.454171792902362925e-02	-5.599757407721915603e-02	-1.796795554596061772e-02	1.182358859244365012e+00	2.764726612251263704e-01	1.155487546137599353e-01	-1.234273126440915830e-01	1.105699936166100850e+00	-1.572540173576756073e-01	3.959938066037055338e-01	-9.120674691157469594e-02	9.001918250533432753e-01	-4.366845035073867870e-02	-1.195989132226907802e-02	5.681528600295325804e-01	-4.099614484905837741e-02	8.937292838084636148e-01	-1.725229048104516896e-02	-9.738538981611860601e-02	1.306060617381895383e+00	-4.324943878033337546e-02	-5.930968103775982603e-02	-9.285907357384853844e-02	-1.563838313416817116e-01	1.878962877328935188e-01	1.505412139128650351e+00	1.824236236787150967e+00	1.697431683639157418e+00	1.358745679141745821e+00	-8.345467363213378287e-02	9.292157801528135863e-01	2.909243642045467038e-01	1.690584225253229267e+00	1.292013303788044631e-01	5.834158142186350871e-01	2.122383209548412530e+00	-3.017140060775559685e-02	-1.281557808239625618e-01	-9.779217821333492655e-02	-4.091226701935121723e-02	-2.602470604576029647e-02	-5.929152279912503626e-02	-1.342183268710505362e-01	3.724367400397810557e-01	-6.378955531663554890e-02	4.389456577354967637e-01	-1.080143260371093927e-01	-1.397150126555153915e-01	-1.176550016613099325e-01	-3.760095833916796831e-02	-5.664872848625487900e-02	-6.477262167599943943e-02	-2.029475457647871711e-02	5.198359722562564400e-01
1.306093503413138901e+00	5.249275103362430750e-01	2.211174145420770343e-01	-1.405258857184870369e-01	-1.004139726900332291e-01	-3.003176320931692442e-02	2.982515109163896838e-01	1.462699649839772631e+00	-8.390026607705015904e-02	7.157974767993841025e-01	-8.987743812276220712e-02	-5.350009305735885928e-02	-1.380748161006249870e-02	8.713287138934955323e-01	1.027960592091613723e+00	1.570459206874251223e-01	-1.457992623520408815e-01	5.772350034310522737e-01	-1.811242623327439238e-01	-5.903736266012238852e-03	-6.235528763811844927e-02	9.748755380914069235e-01	-6.187100445233861129e-02	1.249903505435330686e+00	5.161802015675636124e-01	-3.458841538619617656e-02	-1.716738683061121498e-02	-3.986172758081001077e-02	-1.288590283186601404e-01	1.345764648714851797e+00	-3.940673333967668196e-02	-1.456897923247567062e-01	-1.076121860429098825e-01	-1.731745105552459085e-01	1.034029454162198158e+00	1.600749741437263118e+00	2.165256845297433230e+00	1.245620681325735779e+00	7.031296316817614578e-01	-9.368716747408746548e-02	6.328641915697036380e-02	7.365594874524131752e-01	1.639135200064423259e+00	-7.080397364217929680e-03	1.188925309497791183e+00	2.140673946215319479e+00	-3.660567687169785644e-02	-1.364878523843990887e-01	-1.049877708370974133e-01	-3.019890983908274026e-02	-3.027662941789272671e-02	-5.629974110122320380e-02	-1.475683478876136101e-01	3.592291416524409642e-01	-6.430906040288407455e-02	1.376802611374570606e+00	-1.359413503124108358e-01	-2.318927719247707575e-01	-1.321182527264604112e-01	-6.547246572130004105e-02	-4.919064643627186345e-02	-7.861389106860774967e-02	-2.541085896179144654e-02	2.772662959163505608e-02
1.844100312866985503e+00	4.118583774310356493e-01	5.182420992824060546e-01	-1.506992900773647670e-01	-8.661625222548018088e-02	-2.049960059293538112e-02	1.188837731416296117e+00	1.813190440878294396e+00	-6.283691300332282237e-02	8.149956594550540334e-01	-8.601087425574968637e-02	-5.295685017975574477e-02	-1.858594498885410978e-02	1.131890860958558509e+00	3.946959109114597797e-02	3.930670090696773422e-01	-1.168352126728982449e-01	1.348088895138514820e+00	-1.764657699725847850e-01	-1.184299391420660409e-02	-1.355229718744555556e-01	8.247504638890021944e-01	-5.192683850297682979e-02	1.340950674706203327e-01	6.087627399864123934e-01	-3.951825704083389984e-02	4.419247320181874938e-01	-2.221630615638748793e-03	-1.156984199742048941e-01	1.239959765431444039e+00	-4.664194766328499248e-02	-5.819237005709668870e-02	-1.016889163093688125e-01	-1.666452439054960100e-01	4.800549784628145300e-01	1.567381891524117110e+00	1.780678849945948494e+00	1.606097007383630704e+00	1.143863232347683168e+00	-8.550048321283608421e-02	8.533952985314279260e-01	3.319855570194839567e-01	1.740015526529700818e+00	1.692136757023365162e-02	7.942576480365595160e-01	2.128995681900847092e+00	-6.098779561775567043e-02	-1.314968696082195188e-01	-8.726114453698498308e-02	-4.025145657768910284e-02	-2.574890219034087560e-02	-6.082655988957200166e-02	-1.335427393864843382e-01	3.957540791755793652e-01	-6.687337867991946516e-02	5.817371631599116411e-02	-1.221497626212859483e-01	-1.595150728686448305e-01	-1.177646760931915088e-01	-6.071677503062871545e-02	-5.688772102121433805e-02	-7.760812660598748192e-02	-2.229504364878285086e-02	-8.173064988642498446e-03
2.230790057191430475e-01	-1.745206040113489107e-02	1.423985829877353115e+00	-2.521193466858986376e-01	-1.227842671915127526e-01	-5.031140032985863264e-02	-2.296283892363411121e-03	4.562254854422370665e-01	-1.135252204704573914e-01	2.237159037799835160e-01	-1.175873897294021087e-01	6.946894783081812852e-01	-3.397852435039457053e-02	9.208445392092505510e-02	1.266104309734084277e+00	-3.714211745684582733e-02	-1.716930139750671713e-01	-2.650791079962349847e-02	-1.844181829970494013e-01	-6.166786278881519062e-03	-4.473539874685319301e-02	-1.212034987570892626e-02	-8.991887070851305175e-02	-3.884357201936788212e-02	-7.079515104765127763e-03	-3.205271636073495772e-02	-2.348417311217744149e-02	1.159848091881081844e+00	-1.003000541593574990e-01	-7.955938501786823103e-02	-6.421225388827554725e-02	-8.687294381244473063e-02	-9.499563574393878052e-02	-1.505190671527427970e-01	5.171381843194364780e-01	1.011348010947898279e+00	1.504956893593588863e+00	7.897170421072937652e-01	5.514505020199280683e-01	-1.036962473690317271e-01	-8.257770634242266039e-02	9.854245141861681101e-02	1.063465748935904287e+00	-8.930902379540681113e-02	4.454829897075764378e-01	1.033968835384083240e+00	-7.687302146408812875e-02	-1.188648411790944603e-01	-3.949988501533868018e-02	-4.166362941361052147e-02	-3.470617788122615927e-02	-5.110644875972937540e-02	-1.701456762966603864e-01	-3.527361747971952122e-02	-5.606414395760155739e-02	-3.489795391412309211e-02	-2.178081493645840361e-01	-1.396493553256475673e-01	-1.445149961746542422e-01	-1.197320106413676949e-01	-6.410559478886404539e-02	-8.325846098272296492e-02	-2.868372610728875047e-02	6.313692774959349663e-01
1.341994414148276027e+00	-1.814982088736570576e-02	1.102953605062959364e+00	-2.513434717751516501e-01	-1.001264752403118602e-01	-2.001329220573753315e-02	8.889389922265831245e-01	1.189883333986309966e+00	-7.353149056508956338e-02	7.712420666512307399e-01	-1.028865056713955534e-01	4.505969279922279469e-01	-2.284379159948970311e-02	7.567190765259137475e-01	3.768351625526938919e-01	2.656176432734116410e-01	-1.153498745013216420e-01	1.471562800923691183e+00	-1.910069624218298789e-01	-3.075900064661470958e-03	-1.306846192561472442e-01	1.552718603928676944e-01	-6.946943301865313170e-02	-4.575382466355864403e-02	5.841657902772793287e-01	-4.114166048996736880e-02	-2.189180520886594913e-03	1.403085671274270751e+00	-1.132460057457619768e-01	-1.757206744449705052e-02	-5.210107340470442050e-02	-1.203520619847636870e-02	-1.014017956285262895e-01	-1.641061214757680853e-01	-2.251989067364253312e-04	1.199472465034149282e+00	1.552656720607323404e+00	1.766245100680372548e+00	1.056618802682961711e+00	-9.665001549517185375e-02	-2.462504574648841441e-02	7.451248775528265811e-02	1.676037241106322462e+00	-5.621511484964280408e-02	2.863915402527535958e-01	1.705141981021755404e+00	-1.000434312415620502e-01	-1.316054206525428816e-01	-6.836787641922155434e-02	-4.659360890012053530e-02	-2.796266823211290484e-02	-6.224465427736242118e-02	-1.361583910245009466e-01	-1.230246295334155165e-02	-6.719274256494253694e-02	-6.593089757531460371e-02	-1.617908913806699878e-01	-8.744136813800990060e-02	-1.259303693498776688e-01	-1.013118866193056661e-01	-5.975696053415294196e-02	-7.420075455787104868e-02	-2.211867133982076822e-02	-2.124570074811562778e-02
9.009895034699787475e-01	1.873070011241957933e-01	1.609844694604799065e+00	-1.597545957372041303e-01	-1.050327047811956960e-01	2.683132793074411993e-01	4.291288114395932496e-01	1.369473061116709411e+00	-1.207660490133296155e-01	1.443956596362818978e-01	-9.238391683102702145e-02	1.066282281175238156e+00	-2.413090202284857294e-02	7.907234209179501150e-01	1.917118004999402991e+00	-3.041146824531456433e-02	-1.133841010550174916e-01	2.236814479324910065e-01	-1.765109769248071336e-01	1.310852053642876269e+00	-2.461941506733189219e-02	-2.944260095887915943e-02	-4.310070291478802773e-02	1.115678908210504527e-01	3.712789873307169586e-01	-2.520849330569144980e-02	-1.642708681926169020e-02	1.484398016399211429e+00	-9.779330800517940792e-02	-3.212759240476979750e-02	-1.718996485714507569e-02	-7.092979649997407932e-02	-9.523091513081498316e-02	-1.570701073873570219e-01	7.386297906427138349e-01	1.064564348767881086e+00	1.883022537831724685e+00	1.606204013983920431e+00	9.151898958667377126e-01	-8.769267386384374530e-02	-4.516507066299230155e-02	7.511763828929145514e-01	1.422247079964878758e+00	-9.602776589336647906e-02	8.762309637239856785e-01	1.928742271464382263e+00	-4.211457098198034127e-02	-1.190351732356241810e-01	-1.157717008226779587e-01	-1.950378112131125052e-02	-2.065172101326452625e-02	-2.131557241779094211e-02	-1.460213251788435584e-01	2.217287565084902212e-01	-4.939075131027979848e-02	-1.650999947129782111e-02	-1.082781206970448717e-01	-1.254272418393789224e-01	-1.466066862783365343e-01	-2.697046689704699768e-02	-1.482166680085855205e-02	-7.214745962603962004e-02	-1.894457201432074231e-02	1.881348592532318953e-01
1.495203607399586687e+00	3.817082441816009863e-01	2.011309631577775162e-02	-9.493252008763439220e-02	-7.819468950481721359e-02	7.735387583861188521e-01	9.427601108368415250e-01	1.649145883962430670e+00	-5.601686413523462860e-02	8.549682335000304834e-01	-6.862176685803628162e-02	-2.868625675233848950e-03	-6.176567339936497349e-03	7.979190225336205700e-01	6.906920344379069432e-01	1.037798296771857975e+00	-3.806955681653265838e-02	8.661418527029194347e-01	-1.585132865894805509e-01	5.252004075889168400e-01	-6.570155632260947509e-02	-2.778660439221339318e-02	-2.893010140430170296e-02	7.105445000798112920e-01	1.021712582123452062e+00	-1.774493330247519512e-02	-5.253764291617786519e-03	2.058491183393765134e+00	-9.253011244166202409e-02	-2.238676735528508793e-02	-1.261198165594743133e-02	-8.702140154328853738e-02	-8.986567523170030380e-02	-1.397456133786283416e-01	9.753059410709743471e-01	1.322767481429878655e+00	1.786720650277642930e+00	1.291688060983117836e+00	8.891887824465201096e-01	-7.267269197388903645e-02	2.135456491608502816e-01	9.638802003643757166e-01	1.132003511038969901e+00	-8.774673703064787833e-02	1.063336183700095638e+00	2.099204394708458654e+00	-5.716789443619590266e-02	-9.908376364640514300e-02	-7.913300488397921606e-02	-3.574674250416565863e-02	-2.048419628272769161e-02	1.336271208425194035e-01	-1.087046415089758522e-01	1.284327541946811979e-01	-5.219331101520423288e-02	-5.453572996764285974e-02	-7.052543075528561189e-02	-6.133265774248285174e-02	-1.087964582824521992e-01	-4.358144373759734180e-02	-2.269329811639457864e-02	-9.463872801977020466e-02	-1.293841701977965948e-02	8.732339300051170650e-01
1.213067525095191890e+00	9.604758425208110850e-01	4.827534717735945113e-01	-3.742651354896509019e-02	-8.655597921872699996e-02	4.253156364157102964e-01	3.001208897549598742e-01	1.494543897993479753e+00	-1.042491639714442503e-01	1.605569729941649926e-01	-6.678376050298613642e-02	-9.085402369033922232e-02	-4.573080374529318350e-03	1.033149240668047586e+00	1.155195725626626979e+00	-1.883991576801675311e-02	-1.434863254335736193e-01	3.756530476762566240e-01	-1.625144173796160274e-01	7.859163132119625361e-01	6.570130702347040108e-01	-6.116738451659549207e-03	-4.154495776940501928e-02	1.552222825235066495e+00	8.314819659295058507e-01	-3.185626440156028027e-02	-3.487903590788481861e-02	6.593855948042906534e-02	-9.441634384018213200e-02	1.220355618010296350e+00	-6.952854660349600154e-03	-1.385287867507753456e-01	-8.473065023930816120e-02	-1.592116015091543380e-01	6.888688699390398407e-01	1.729625522630444001e+00	2.047437021905010646e+00	1.100504346181287563e+00	8.586666257084769605e-01	-7.431607097311933308e-02	7.064677199367264127e-02	1.294596967656290065e+00	1.489822169252225770e+00	-4.634016721691083807e-02	1.222170902395777858e+00	1.919292221599550929e+00	-2.653731555476271028e-02	-1.055819997337028998e-01	-8.743869238072779493e-02	-2.625228125681599092e-02	-1.605198379277316886e-02	-3.009614062509155877e-02	-1.359729723722880312e-01	4.932067215043345887e-01	-5.126575652833801483e-02	1.171983279803892719e+00	-9.521571510541544658e-02	-1.573494863691852486e-01	-1.251337837807686981e-01	-6.489076936444354571e-02	-3.022398010531054946e-02	-7.778966003075671320e-02	-1.478452563727305005e-02	1.713842011315019231e+00
1.640786301106863965e+00	4.731864253957049904e-01	3.711448432416055709e-01	-5.969021608835495263e-02	-7.219704689098481454e-02	8.734889808208274875e-01	1.341779700847706813e+00	1.767177873368311003e+00	-8.241675060609439385e-02	6.547914577886473353e-01	-6.463649402317289683e-02	-2.216357645414968741e-02	-6.872562185064936928e-03	9.640459826329927928e-01	6.342264802059977002e-01	6.481967930980371273e-01	-5.094523342692260093e-02	1.083973990713950064e+00	-1.515928825244827194e-01	9.537903817652697569e-01	-5.031709260696894809e-02	-2.809058775734058974e-02	-2.200141778184953531e-02	6.409233867030031395e-02	8.878575755022819482e-01	-2.477549146526429949e-02	6.171730179006579275e-01	1.651518566491222417e+00	-8.350483337857086963e-02	-1.139895207565337160e-04	-1.300936427154514123e-02	-6.072199314961144317e-02	-9.541990265468373866e-02	-1.375192959954343874e-01	6.299394946031751097e-01	1.183189484176508932e+00	1.792032550763324128e+00	1.657052152791348432e+00	1.336483121137782115e+00	-7.152149941275945388e-02	1.188048695503095331e+00	7.082506855947483526e-01	1.399071636958135301e+00	-4.478394088979130438e-02	8.701424894663704057e-01	2.014918246065884322e+00	-2.464216247665688975e-02	-1.002482179800101153e-01	-8.961834875121606203e-02	-3.475297817316951032e-02	-2.044884074053477871e-02	-1.575538592150167033e-02	-1.112582209510252773e-01	6.421817122847274240e-01	-5.084144982536260154e-02	-3.962221749200861565e-02	-6.098024038314076023e-02	-4.687255646321858427e-02	-1.142007314472584384e-01	-1.701502700172172894e-02	-2.663172349880169390e-02	-7.893042968958396965e-02	-1.523119402030406570e-02	6.449059875446030432e-01
-3.135845673197339145e-02	-2.413159563364051727e-02	-2.752042123610063534e-02	-2.812940185008529492e-01	-1.333073107411181235e-01	-7.927486173133030389e-02	8.682757878877109814e-01	3.998746513115746248e-01	-2.601061395315525104e-02	-3.647662472643111147e-03	-1.247938610959718475e-01	1.940081019527289063e+00	-4.575163828921408743e-02	-2.812051035038280744e-02	4.534149659590500647e-01	-2.244712505989289453e-02	-2.885050330983341890e-02	-6.371290321559762437e-02	-1.517464420166708128e-01	-8.468027200650550534e-02	-3.910916991890556194e-02	-1.750375929367299632e-02	-9.199091500516107245e-02	3.101695617082385059e-01	-8.665309560459352745e-02	-1.602964999114208505e-02	-4.924788310361256916e-02	1.468165787483780349e+00	-7.965247670723896167e-02	-1.113228410934720136e-01	-6.944743657850115104e-02	-7.825174097691624253e-02	-7.473791467672175060e-02	-1.275735087205140394e-01	3.598464739671417556e-01	1.236977935396161632e+00	1.385785659014288518e+00	1.572223679238411997e-01	-1.761545060776525951e-03	-6.829226122801329568e-02	-8.890925370725115406e-02	-1.063391845635650555e-02	8.803852364724069623e-01	-1.210832205077201906e-01	4.200436077443610028e-01	1.206801474619856762e+00	-9.239578599762506006e-02	-7.292144485062267145e-02	2.656169736587296715e+00	-3.842216871869782308e-02	-3.210988014506788862e-02	-3.050499674077830625e-02	-1.537673786126855791e-01	5.173338518615292619e-02	-4.713713136310707791e-02	-7.862130774402403821e-02	-2.271428507399171903e-01	-1.170687822410196588e-01	-1.007003047358727144e-01	-1.480362273018967223e-01	-8.319368404291821451e-02	-1.079464879479316436e-01	-2.512661741313774663e-02	4.949129628880695186e-01
1.402360924884858528e+00	1.105387725941987087e+00	1.972924944323466157e-01	2.054767689690576438e-01	-7.973119773534899368e-02	-7.415361710296532183e-03	9.225696087044457094e-01	1.797649670490142348e+00	-6.563294871719305146e-02	3.761556937500639686e-01	-6.288300952638704866e-02	-7.220666698450899090e-02	-1.805891693831576314e-02	1.021898510980706387e+00	1.325358482327125165e+00	-9.148933140823061264e-03	-9.843095746308783145e-02	-3.295609660584312289e-02	-1.528922767610241817e-01	1.599716204395234820e-01	-3.496830056688861321e-02	6.940017839437827574e-01	-2.595251717505833722e-02	1.258283772324251926e+00	2.722690197188918915e-01	-3.106149197826427871e-02	-1.850021329824397612e-02	2.628523955945984425e-01	-8.613728832733481833e-02	1.139397512753383745e+00	-2.400022568282256241e-02	-1.377599954750887701e-01	-8.841547154184457857e-02	-1.514564944829545623e-01	9.740762347232754248e-01	1.711400733548210207e+00	1.845549229841803474e+00	8.842837182344749358e-01	1.057060179781259768e+00	-6.983811636688010138e-02	1.693972081172729682e+00	9.413455570037396747e-01	1.458412868412295005e+00	-4.598727043542407550e-02	1.382636435659799101e+00	1.962128632552824437e+00	-1.971040519293981719e-02	-9.176677367109382921e-02	-5.440388186042978413e-02	-3.939650480267643806e-02	-2.150543367304615094e-02	-5.464761027639600515e-04	-1.421999323059759401e-01	1.975072976443037476e-01	-4.948046679678873294e-02	7.941846733205648601e-01	-9.008334823742492059e-02	-1.417290456691529255e-01	-1.155533222039491492e-01	-7.357038187580750010e-02	-2.535884426682629908e-02	-9.795405836483529749e-02	-1.913131220994376130e-02	2.360586541246939785e+00
1.729904686728991559e+00	-3.742644052445363422e-03	9.085749040200344906e-01	-1.335987920871684331e-01	-8.421251644281356474e-02	3.041157358472700856e-01	9.409141658885842308e-01	1.657080572972535748e+00	-8.461750147620474005e-02	7.396234093130759080e-01	-8.088194083906891096e-02	-2.985285607784755532e-02	-1.159175726131976905e-02	9.525864652938502708e-01	6.430383531635525118e-01	3.621988842208481163e-01	-1.050000222702954650e-01	1.412525565500993174e+00	-1.753231341017057188e-01	7.054874213150644779e-01	-8.863376305028736191e-02	3.356297520715733618e-01	-4.625806108287676410e-02	-2.110431230810473971e-02	1.061415653238696910e+00	-3.471027364879970822e-02	3.118552439550191235e-01	1.035281680404536830e+00	-1.042981765924141380e-01	4.532686532728762430e-01	-3.233977283582197687e-02	-4.892180542949370325e-02	-9.980163131149304145e-02	-1.571342698295030982e-01	2.844119176821846562e-01	1.219119713271374472e+00	1.697852437400064307e+00	1.693592948439855528e+00	1.363999808514791079e+00	-8.721812282895473334e-02	6.033444840062391901e-01	5.340534745350663526e-01	1.601804520104092244e+00	-3.347795530509289907e-02	6.981523572966960023e-01	1.835307062992113325e+00	-5.315994035344241003e-02	-1.247761278447161448e-01	-9.961263841017917176e-02	-3.852797965097832372e-02	-2.813656432217667702e-02	-5.136402167258020263e-02	-1.249717537641107240e-01	1.304671614241309785e-01	-6.356068617590981962e-02	-3.447342936721797813e-02	-1.107521079836037148e-01	-8.649648086802411151e-02	-1.247740508253940700e-01	-6.688408883588355114e-02	-4.574044096859245651e-02	-7.417722766857876016e-02	-1.905010848034914897e-02	1.169384378498187771e-01
1.961903074057708585e+00	1.437349381667942350e+00	1.418252840155431183e-01	5.460835363659346520e-01	-6.120790329388764439e-02	4.069211791810117829e-01	1.225209811995277231e+00	2.064115966821182369e+00	-8.781726229461038480e-02	8.268771799607909090e-01	-3.957573321696023633e-02	-9.388746438878316225e-02	-8.672776712483048350e-03	1.276569975409616253e+00	2.177954984066293731e-01	4.476429903645905983e-01	-1.016557950609964789e-01	4.421957993807916765e-01	-1.206294003412692883e-01	5.240866498730752943e-01	-4.022168335775457015e-02	5.402013872245027271e-01	-1.710595351416966531e-02	8.296333919445011418e-01	9.927804430846964845e-01	-2.921860925764745848e-02	1.072863775864874247e+00	-3.054887539301016919e-02	-8.011332240386441483e-02	1.596815635541672052e+00	-2.222861928196373515e-02	-1.141449123274031335e-01	-7.801084301614476246e-02	-1.317203799460944513e-01	1.038399428975788741e+00	1.626134824131101553e+00	1.865788995241594472e+00	1.136313293973675309e+00	1.184179501889569552e+00	-6.408664280062145724e-02	1.707960057961821709e+00	9.163213241700978173e-01	1.222353255202952571e+00	2.702296573570678873e-01	1.098681018779475993e+00	2.202644551771749892e+00	2.195544675005486612e-01	-1.045525975139662833e-01	-1.113539930874403727e-01	-3.606820517991188996e-02	-2.004739353950859421e-02	-1.933564512458227705e-02	-1.148722292840407694e-01	4.634879395374205124e-01	-4.771111364973262825e-02	1.299414483090510553e+00	-4.648906105528704397e-02	-1.382497104961523393e-01	-1.040927816565741931e-01	2.430865896676893401e-01	-3.397599087300397225e-02	-6.614640582947121927e-02	-1.326574715673635788e-02	1.641659082031628580e+00
-5.733070499902047368e-02	-9.589868055889509690e-02	3.604480275847530835e-01	-3.042621054299938232e-01	-9.638317279281434502e-02	-9.743164549569639787e-02	-1.593404000853653954e-02	-4.906625206822859409e-02	-3.359746457531578162e-02	4.842395573127645236e-01	-9.543449309338701558e-02	1.244932554644771150e+00	-4.330779983291015156e-02	-5.403643398210673798e-02	-2.872469987895998750e-02	-1.869268185113625788e-02	-1.188256566367452000e-01	-4.299250866835224727e-02	-1.097494170547872044e-01	-9.493721263040337532e-02	-7.050196680452722187e-02	-1.347646108623891913e-02	-8.257559437970299343e-02	-1.230315557569924001e-01	-1.176748179117291689e-02	-3.794183929447316611e-02	-6.398295010105996793e-03	8.924152459384326885e-01	-6.253366750996615375e-02	-1.559814702119698970e-01	-1.063244940274526290e-01	-3.341572078619909486e-02	-5.372862699261292396e-02	-6.308132750211439821e-02	-1.879434235961674818e-02	-3.601038754851800840e-04	-4.484510263933362724e-03	-9.749850033366704374e-03	-8.601028810086366622e-04	-5.876997985853118361e-02	-1.126447729857216334e-01	-4.135381775870075605e-02	-1.874720162241564833e-02	-7.842670437686155571e-02	-3.482121500147475346e-02	-2.973183599333710514e-02	-9.358263488137040509e-02	-5.095951358766524081e-02	1.244022059287452464e+00	-5.589176791630679625e-02	-4.866584428064268247e-02	-7.553338095307138289e-02	-1.223115517599833307e-01	-9.053169697905011359e-02	-4.724805109076799653e-02	-1.039960779002670199e-01	-2.349701899755767820e-01	-3.863386957160969137e-02	-8.771259673254737377e-02	-1.607986501475474062e-01	-8.858722354602559246e-02	-7.032425484038869190e-02	-4.106374501799841398e-02	-6.813935647104678132e-03
1.276791262201879107e+00	9.616072218201927591e-01	7.546566290611341765e-01	-5.386669703070579712e-02	-9.276789605858720700e-02	4.773797218518811003e-01	8.989135992691212884e-01	1.858970082595703621e+00	-9.571352412901706908e-02	2.408893942624054374e-01	-7.639019708125084629e-02	-4.607177443106994646e-02	-1.336882972720234049e-02	1.058860609754181059e+00	1.422668412804876770e+00	-1.993243218146698026e-02	-9.707541193878466146e-02	2.076643749586478960e-01	-1.650232424324933889e-01	1.026637595673207226e+00	-1.099212349023344013e-02	-2.008356841539936898e-03	-3.189942312537109859e-02	1.131573189295981940e+00	3.689471214692253143e-01	-2.575024504046933421e-02	-2.321852772683489705e-02	6.230611033815293132e-01	-9.035772477126954860e-02	6.435541067160859274e-01	-1.119526444237394988e-02	-1.070042610877923739e-01	-8.839178662196724157e-02	-1.603168486434537188e-01	5.433772125028821787e-01	1.635411653851191360e+00	1.964455681573082257e+00	1.460356014990685791e+00	1.120602329297200939e+00	-7.319747944547808083e-02	2.495853307350871519e-01	9.534554082249447893e-01	1.490602204726903857e+00	-6.405462339273279571e-02	1.165074585197653834e+00	2.173617537456147719e+00	-4.096997569985303539e-02	-1.051724069970694092e-01	-8.563198781771684531e-02	-2.521109865662403762e-02	-1.377753029864771731e-02	-1.834376679930110887e-02	-1.434568373132821262e-01	6.659811512402349365e-01	-5.273282831288885614e-02	5.147201711618724085e-01	-8.229715584651929594e-02	-1.306011296069404248e-01	-1.269257220117298024e-01	-5.372972319902651755e-02	-2.922872935652902002e-02	-8.485458952429320023e-02	-1.415579307309062194e-02	1.428178969512837071e+00
-5.990794399314158802e-02	-7.905993656764671862e-02	7.110509204896513502e-01	-3.060314629478883552e-01	-1.091460989569491558e-01	-1.002138101400162767e-01	-5.403677612043524675e-02	-5.569950289330503901e-02	-7.068330813456348560e-02	-5.502299636217334450e-03	-1.112251884524331907e-01	5.471759597933931740e-01	-3.778850364103422677e-02	-4.441520877242246396e-02	3.682939611042315153e-01	-4.060265535190583225e-02	-1.817972468339118519e-01	-4.726092912969750287e-02	-1.430071199522406911e-01	-6.001867280420937478e-02	-2.146028443318536913e-02	-4.009251358982605928e-02	-1.010610048704411040e-01	-7.153625109507309732e-02	-8.843080903456916608e-03	-3.669901914345018168e-02	-5.934259729534834688e-02	7.244764837230160959e-01	-8.131366438319408141e-02	-1.272883938023566253e-01	-9.349141455707746240e-02	-8.529385840083836268e-02	-6.596230516685458456e-02	-9.436083410316313536e-02	2.150743101136799451e-01	9.474030364553524819e-02	6.382507436211459773e-01	-1.048843337499911349e-02	-9.054646797410654396e-03	-6.996997609688318520e-02	-1.453927170293094207e-01	-1.578617025470078691e-02	1.909248844878575768e-01	-7.856987773981213841e-02	-6.528002717957022590e-03	-2.061282534017268991e-02	-8.937394390492547913e-02	-7.322729600767029223e-02	-4.242361730129990370e-03	-3.345207287067223506e-02	-4.321815654335168372e-02	-7.599709708860577506e-02	-1.363070515340600308e-01	-7.678183937902868794e-02	-4.469795878577417780e-02	-5.310394103825404749e-02	-2.464597734351842984e-01	-1.108516530847537540e-01	-1.188513952242685467e-01	-1.671627871180245140e-01	-7.314344311580241176e-02	-7.405930174105444797e-02	-3.551986959816221673e-02	-1.521847225008146273e-02
-1.019475135377971714e-01	-9.008282189183798583e-02	-1.426660847086455922e-02	-2.729767505990869370e-01	-7.724116086273344339e-02	-9.858185392851252782e-02	-5.726239284947201580e-02	-1.052481148642342851e-01	-3.103270673476420105e-02	-9.853760160032072266e-03	-9.092072367430507895e-02	5.907805317440156800e-01	-3.979728445590877128e-02	-5.982538476138733741e-02	-7.352817584036564109e-03	-5.040897915916525696e-02	-1.452314880810076092e-01	-5.945273122496457646e-02	-8.671136642673502037e-02	-7.810982150992680506e-02	1.024930489931748234e-03	-7.838379246638615960e-02	-6.452603869416984050e-02	-7.481819049657377485e-02	-5.003461498459787354e-02	-5.087141182157552816e-02	-7.305193712403401651e-02	1.756887007280638624e-01	-4.826904765887500559e-02	-1.354104848542131145e-01	-8.306033975979874862e-02	-9.230710776053711875e-02	-4.404626953762875302e-02	-3.494288125165326275e-02	-1.881753058926273481e-02	-3.060100457522081652e-02	-4.105406748829443578e-03	-3.169846373338791601e-02	-2.407867556203644593e-02	-2.972772256419291964e-02	-1.478647093136702118e-01	-3.581655617484798271e-02	-1.867733903810903442e-02	-6.132453876917009356e-02	-3.044495872068417666e-02	-5.853617534173823078e-02	-9.593902776686856482e-02	-2.571002808026861403e-02	8.444996545390902609e-01	-2.433422629324842948e-02	-4.194137948480701483e-02	-7.938969055562497545e-02	-1.081099996358066834e-01	-6.317792842473889114e-02	-1.853652293181301189e-02	-4.116987383075328827e-02	-2.011670996650860299e-01	-6.017113320603820203e-02	-8.260802523795286734e-02	-1.770448449948690828e-01	-6.098912438693179783e-02	-5.366479496391292348e-02	-3.828721524388618846e-02	-2.092408763297396584e-02
-3.898845216378139106e-02	-6.885439028474361900e-02	2.425190290800666448e-01	-3.332214328300087680e-01	-1.352415369735219530e-01	-1.144203815669568858e-01	7.044030796463528199e-02	-2.548643029395834120e-02	-2.741466807517519561e-02	1.614799211330105455e-01	-1.303901177464621419e-01	8.198761873897850716e-01	-4.354044726031685436e-02	-2.397968850012038161e-02	2.488948902077821601e-01	-2.398148017991789949e-02	-1.624263960075958690e-01	-4.083708114953990553e-02	-1.768354295697088518e-01	-8.815805857014118174e-02	-8.478554634929694189e-02	7.967762328974127284e-01	-1.113470301961271419e-01	-5.334229721573905542e-02	-4.223400632526759513e-02	-3.986061453598544607e-02	-5.450815504758415447e-02	8.012977461794236200e-01	-9.315868527077210415e-02	-9.539657473051194048e-02	-1.070082245085581668e-01	-9.345490980419619842e-02	-7.831966517458181787e-02	-1.359009225519488828e-01	-6.405461123620752838e-03	9.221973732206980578e-01	1.204196481548303943e+00	8.394193014313741652e-02	-1.929721683262823400e-03	-9.462545567629748744e-02	-1.108192210616652379e-01	-2.758690288471347951e-02	9.815064455481927741e-01	-9.249871069865760187e-02	-1.431850383903999005e-02	3.308113740868633412e-01	-1.043739289997148018e-01	-9.872602470916233552e-02	1.121605010974090266e+00	-5.165110315976021577e-02	-4.931236399220441380e-02	-7.089882976610145660e-02	-1.557920018304617404e-01	-7.440713556122616201e-02	-6.599138908087154309e-02	-7.706756342867560061e-02	-2.892705991541633659e-01	-1.435774584920265773e-01	-1.074027479612944536e-01	-2.102325831744194795e-01	-9.797348973806413452e-02	-1.009774794907146861e-01	-4.145867478604906703e-02	3.346925114809849999e-01
9.697756783513902246e-01	1.415317675190824742e+00	1.101611524554015897e+00	-2.536042014147699836e-02	-1.022644220717112556e-01	7.803438581996632525e-03	7.271919542684590620e-01	1.378706140700949101e+00	-1.254392468490938828e-01	6.367174697823855256e-01	-7.047221259443162134e-02	-3.854517730599361924e-02	-3.100126391467547884e-02	8.860426711847357861e-01	1.647980084856213390e+00	-3.794045297034687181e-02	-1.550334282926370544e-01	-5.149187053864663632e-02	-1.310585612974236591e-01	7.329650624385156688e-01	6.812922354882084974e-01	6.261839747798537692e-01	-4.360871317383883949e-02	4.923013763001036769e-01	-3.761076120556339133e-03	-2.946719906784103435e-02	2.278102598035353088e-01	-2.207118066032213652e-02	-7.082896291900976637e-02	4.849680774885288259e-01	-3.461605381371331974e-02	-1.639366391327071459e-01	-7.639624046411162828e-02	-1.398250952864269758e-01	3.021805328542770952e-01	1.504185030666958411e+00	1.843095882436724731e+00	7.783725352044135182e-01	6.370074147178917956e-01	-8.180972093551777680e-02	-1.710965067393397862e-02	5.256011882368463173e-01	1.046438903437932222e+00	-6.075132019771484204e-02	7.551364352254069656e-01	1.767790042041729182e+00	-1.902425801153030324e-02	-1.058103284512087600e-01	-6.977147528105467900e-02	-4.384845973141913988e-02	-1.994656314686754639e-02	-5.106924135659329789e-03	-1.617653241743965686e-01	-4.453350352453088433e-03	-4.976700774322371373e-02	1.630850609351661040e+00	-1.125774067515352139e-01	-1.562854568277996514e-01	-1.297225753603478138e-01	-6.928477554321009479e-02	-4.606304053284359518e-02	-6.826091383887301911e-02	-1.802778497739835825e-02	3.467355215635165688e+00
-1.192797956589095390e-02	-3.474646713808832166e-02	1.137957157278586484e+00	-2.850811117394397853e-01	-1.266239787786833659e-01	-7.016253362999863574e-02	-1.354068656669068192e-02	8.437758495055930341e-03	-9.857615079347098463e-02	1.184698196016016059e-01	-1.236082148384212986e-01	7.842329554066483910e-01	-3.584931264026255254e-02	-7.168762490708220983e-03	1.014686759340609257e+00	-3.906663059695399121e-02	-1.724473011823541291e-01	-2.871649737399114069e-02	-1.814476360093026930e-01	-2.377336029150836291e-02	-4.371293830795588281e-02	-2.273271152093180036e-02	-9.626085756658629700e-02	-4.269026069779564142e-02	-1.586397966851160746e-02	-3.542752017540543030e-02	-4.337463878052146005e-02	1.035206700121025669e+00	-9.860407885413395579e-02	-9.231151872039811135e-02	-7.596733955805418104e-02	-9.346691188589201227e-02	-9.159145299926280126e-02	-1.389136680180357852e-01	3.452747167796692551e-01	7.906519544099926966e-01	1.409613773366481526e+00	5.544652188556570271e-01	3.130359836626648296e-01	-9.449528478086800798e-02	-1.054547028110816576e-01	-3.870397816592203825e-03	9.566952638148275012e-01	-8.923017118969986394e-02	2.385690624334992904e-01	7.007133160112068992e-01	-8.431308391514230616e-02	-1.092756617719808365e-01	-2.296377077895077681e-02	-3.740872892131483912e-02	-3.993005201715292551e-02	-6.231366877123559189e-02	-1.648132856118097178e-01	-4.370932546815149700e-02	-5.645231111507092309e-02	-4.225550606305333162e-02	-2.362710988343281748e-01	-1.415032926317031370e-01	-1.381355330519216107e-01	-1.396779134797223876e-01	-7.016122441245224717e-02	-8.590283858730059230e-02	-3.299544911254539969e-02	2.469892358500257179e-01
1.703731907152133296e+00	4.927138514508572764e-01	7.087927068312785961e-01	-7.144566963628472267e-02	-7.721972476967763066e-02	-9.875960678879721136e-03	1.194285738134761354e+00	1.735057796527880170e+00	-9.398875105026575916e-02	8.830757753090825446e-01	-6.260143507440800448e-02	1.454296429793208723e-02	-1.929027849255248589e-02	8.081405488934836345e-01	8.151404373532349368e-01	4.449955421757302854e-01	-1.007754119355957767e-01	9.634803986296136546e-02	-1.465915301013933913e-01	4.980143084170863821e-01	-9.972187542961859219e-02	4.642124438238644513e-01	-2.881763130020578711e-02	-3.282714922060767787e-02	7.761220360582250510e-01	-2.909520450268052519e-02	9.941858167126109702e-01	7.265282768457779206e-01	-9.120754950189959021e-02	-4.000312301763518479e-03	-4.901854816703545004e-02	-8.742776531265686324e-02	-1.028767718182609370e-01	-1.355739468381600976e-01	1.111948116816562582e+00	9.694515523937328183e-01	1.698438665153708005e+00	1.264073808419463818e+00	1.401679378248690044e+00	-8.305981195124624572e-02	1.798484167754964114e+00	3.580666968357352209e-01	1.269775356417939705e+00	-2.041802764742245424e-02	7.584601092995172378e-01	1.870829490895699720e+00	-1.576551065049557748e-02	-1.136994200931328303e-01	-9.962678700587884739e-02	-4.517646347020722736e-02	-3.317986814037841847e-02	-2.585867033858902861e-02	-1.331860797042039857e-01	-1.302460979669498725e-02	-5.261403974615875417e-02	2.455143593319944820e-02	-9.633098615566694500e-02	-1.032819180711836149e-01	-1.295769306699425250e-01	-1.807169337808218340e-02	-3.545121947290855169e-02	-7.739576423430304108e-02	-2.349746545232653944e-02	7.083760925033482092e-01
1.139302100424585573e+00	5.752449984283072304e-01	2.344414914819782592e+00	-1.622061180495187604e-01	-9.863097424238541355e-02	-7.851563451544888925e-03	8.977670362423300077e-01	1.665427745426409700e+00	-1.158115127012388362e-01	3.475453544000935979e-01	-8.897298822240787275e-02	9.872956228717559846e-01	-3.387946197622528077e-02	6.534761278249168193e-01	1.052218965076183510e+00	-2.780520047504310074e-02	-1.439865701487018923e-01	-3.258628162584999675e-03	-1.650970823142793031e-01	1.063296565531469451e+00	-8.880052294169379912e-02	2.816337474496324322e-01	-4.286449743159601727e-02	-5.455769766249408265e-02	2.435798305315358681e-01	-2.995549486634345795e-02	4.922460982908797855e-01	1.512283650477313390e+00	-8.056928577041423678e-02	-5.323359471549853061e-02	-4.427305075442575927e-02	-4.435794122372042209e-02	-8.293019407310520119e-02	-1.484353676859526683e-01	8.616786699552969608e-01	1.212104452017889411e+00	1.477470545999602924e+00	1.239674543337888846e+00	1.261627385985241157e+00	-9.779813078997104392e-02	-2.379193708092674012e-02	3.837162965335508824e-01	1.198113159589972110e+00	-9.445626733662165764e-02	5.591350779200326970e-01	1.912317306435715292e+00	-4.554950230753664064e-02	-1.318204919990054458e-01	-1.023359996864937338e-01	-3.692489089916051181e-02	-2.184489028528417698e-02	-1.579874811858616654e-02	-1.497601117476788368e-01	-4.756597924755442269e-02	-4.757444044414928241e-02	-4.126786062802389327e-02	-1.347369025244302132e-01	-1.067229099898889810e-01	-1.403044950111084765e-01	-1.460004393474116473e-02	-2.782004772074239685e-02	-7.344617572934680760e-02	-2.014253469111797895e-02	9.761975293325717562e-01
1.102169292333293527e+00	1.365394222963330240e+00	1.266187481357720523e+00	-7.496586655311976433e-02	-9.869795549382923139e-02	1.055552636609991268e-01	6.999612311572132040e-01	1.660739909109666179e+00	-1.114842345450712396e-01	8.600894567900584098e-02	-7.821938907476279346e-02	-3.830205686000432569e-02	-1.712564543690855978e-02	9.836950302072966501e-01	1.482582672441107752e+00	-3.425004122692111574e-02	-1.387839693530535934e-01	-3.699872555335958092e-03	-1.713951790771131578e-01	8.876168512116248133e-01	-1.787890735360201169e-02	-9.919565932110956108e-03	-4.024420037714625947e-02	1.035735660038456851e+00	1.822391011966141283e-01	-2.876465380542053349e-02	-3.089055767444359377e-02	6.286930422532239771e-01	-8.954970382321444933e-02	5.245991879667039059e-01	-1.581463229318323671e-02	-1.108351700608421475e-01	-8.790851869215171588e-02	-1.587566695282989493e-01	7.945315684148016588e-01	1.819686919319007723e+00	1.972792717280279939e+00	1.172275204169494378e+00	1.008460273699471221e+00	-7.936272388374945863e-02	-6.417438028802091923e-03	9.124389981141936001e-01	1.467296450892795256e+00	-6.922269918834401958e-02	1.035086088968308893e+00	2.156743408003675366e+00	-4.185566519512080863e-02	-1.092836043011197605e-01	-8.651737937159555136e-02	-2.161179762929427844e-02	-1.363269962185730509e-02	-1.442516649517912135e-02	-1.527101119076168800e-01	1.608210796901967665e-01	-5.042325294589567602e-02	8.711426214797679535e-01	-1.047953138564255565e-01	-1.615350775908448722e-01	-1.332698046663273739e-01	-4.341049123939590831e-02	-2.375695377324561763e-02	-8.677172635184990379e-02	-1.378342851737445786e-02	1.638278895516081191e+00
1.262833778053874534e+00	1.236685497327189021e+00	1.000134297414124296e+00	1.357591727856656827e-01	-8.804498166297530792e-02	4.959715124408503595e-01	5.342588233546626819e-01	1.699713967939492143e+00	-1.192415239370501062e-01	3.568057392027744190e-01	-5.777615930077934642e-02	-4.648242512998170678e-02	-1.545594164629878614e-02	1.063359478317256190e+00	1.904898355996335946e+00	-2.238260254333386545e-02	-1.273100540746583409e-01	-2.143980144419117481e-02	-1.430310203766193000e-01	1.364814384873934028e+00	5.763827911441282703e-01	2.739005563336546767e-01	-2.412281001817204867e-02	1.066355655633595578e+00	6.175959796288794657e-01	-2.735482979112259863e-02	-8.342893222398695477e-03	-5.392128141336352499e-04	-7.989568479427830439e-02	8.983547880452195100e-01	-1.071563285148332233e-02	-1.512319071298440232e-01	-8.260908157485581660e-02	-1.455727684085798557e-01	6.972274526421439189e-01	1.406972736334894503e+00	1.983140513629430224e+00	1.093939602168313652e+00	9.982884288393987227e-01	-7.301056772203183554e-02	3.481598127019018829e-01	1.069485346986276175e+00	1.260852315799727119e+00	-5.652755014508533543e-02	1.118190305175520205e+00	1.980861691128027458e+00	-7.295935769851998910e-03	-1.023659170689083658e-01	-1.083972356921692332e-01	-2.596783522451262885e-02	-1.901200562126987778e-02	-7.757804710711531382e-03	-1.433349718119447391e-01	1.973321324702094759e-01	-4.703014881802514841e-02	1.430776809225143831e+00	-6.834528239547701944e-02	-1.468525184776780790e-01	-1.322238458616365742e-01	-3.854605281770676073e-02	-1.860067777344105028e-02	-7.203341551409075949e-02	-1.513916391166017332e-02	2.326413070845201325e+00
5.728604051428318744e-01	3.713817149551588703e-01	2.747715564672325028e-01	-1.914676564838651285e-01	-1.113201608910888707e-01	-3.076265637816459619e-02	3.488961028644191331e-01	1.216924316884561375e+00	-3.895040037799576971e-02	-8.378968147808947900e-03	-9.770872781775780114e-02	-9.064287168749102230e-03	-9.215399078568119878e-03	3.046808186585920342e-01	5.681288570105382796e-01	-1.353793746695199649e-03	-1.218854835104069001e-01	-6.513027121533387746e-03	-1.927940957518360365e-01	-2.541166949360161575e-02	-4.657584660044393476e-02	6.226734353934042510e-01	-6.916279828340685110e-02	1.439421956861986374e+00	3.834170601898585495e-01	-2.588211272287363474e-02	-5.786181805902082531e-02	1.363508854759476252e+00	-1.030775925467546233e-01	-8.611674410943506372e-03	-3.727707040614603590e-02	-9.931489430849178845e-02	-7.996183649859689435e-02	-1.774598276109569384e-01	1.487021198689450818e+00	2.154504174103249348e+00	1.942831286951314240e+00	7.818338553555226333e-01	4.857868973958606729e-01	-9.364438544406834819e-02	-5.848559356643118212e-02	1.162567845244754317e+00	1.448902307978773951e+00	-1.157972232011741376e-01	1.367721796957942715e+00	1.959864560546041190e+00	-5.590288797801554882e-02	-1.197982936252450503e-01	-2.959007810247993656e-02	-3.196183754365218566e-02	-2.270297752760465360e-02	-1.144939027850511853e-02	-1.416687739750366881e-01	-2.252094490057855378e-02	-5.943177816418700188e-02	-3.867210017258753546e-02	-1.847712786787940875e-01	-1.882496010967938671e-01	-1.092083714385935905e-01	-8.253526160702284731e-02	-3.394552354215819162e-02	-1.207605691471277665e-01	-2.093147127685420633e-02	6.747609427045437869e-01
1.993304582698405047e+00	9.101023061779588419e-01	8.194456807545825727e-01	-8.649346608708258222e-02	-6.297158042977687997e-02	2.067735436566663088e-01	1.071480219830396763e+00	1.966259482048308582e+00	-6.010472765073746754e-02	4.922846571577806918e-01	-5.935702052050428196e-02	-8.338085701649901316e-02	-3.468459677961368269e-04	1.148546963406366084e+00	-2.630202562552514441e-03	5.338127789909525855e-01	-1.265482844285886477e-01	1.399138254458014874e+00	-1.624405026020231679e-01	3.828271719599390943e-01	-1.081875020948224603e-01	7.204919238691855909e-01	-3.088975192313195631e-02	7.004156864137439653e-01	1.608454650175931588e+00	-3.247175866220861074e-02	2.726469266067889363e-02	4.101649050454658774e-01	-9.758405803367570241e-02	1.396007962883392572e+00	-2.595754212149726375e-02	-6.216387539458138184e-02	-7.907997376101451315e-02	-1.582084875485590125e-01	1.006918937742142806e+00	1.817464968411518500e+00	1.777139937568381622e+00	1.325416698490713641e+00	1.201139935532108627e+00	-7.475709461714676041e-02	8.233471890582764185e-01	1.013124864054898211e+00	1.657367742002366473e+00	-3.336109913196791399e-02	9.664905788588905589e-01	2.270564193113502771e+00	-4.125733155521433410e-02	-1.243213198057593893e-01	-1.089451422190567537e-01	-3.286414556610373766e-02	-1.777459789666970338e-02	-2.972028977126315100e-02	-1.061134464905362923e-01	-1.692820005057120436e-02	-5.912763235993201416e-02	-4.534926083941049528e-04	-9.070990248486220098e-02	-1.367036246205258765e-01	-1.016016643935484798e-01	-2.796480505788917492e-02	-2.750022178401786976e-02	-8.614316816705246127e-02	-1.395695492093252700e-02	6.854697669399054671e-01
1.571791048896537202e+00	1.206357290876439947e+00	6.476990241740155918e-01	-1.223944028147133795e-01	-9.037191087190270256e-02	-1.876863669487403505e-02	8.191989148085716543e-01	1.888514028494852504e+00	-7.020387186429033477e-02	5.852435613876074694e-01	-7.411639918645578085e-02	-4.693571818531598605e-02	-1.362002515680644892e-02	1.056879254995328310e+00	3.739692901085607812e-01	4.043817003939351173e-01	-1.361157619124072904e-01	6.463769235186362927e-01	-1.643607173428153767e-01	1.279003611910668747e-03	-8.894881975109697470e-02	1.166551494105153797e+00	-4.509491737460254862e-02	1.124372630790785088e+00	6.626118671391476589e-01	-2.975682740432897266e-02	3.527960591928658851e-01	-2.199146960618421354e-02	-1.090388913287349132e-01	1.284195050111222924e+00	-3.653051954210356084e-02	-1.029826061963199785e-01	-8.624593266048814766e-02	-1.674613717013115621e-01	1.340943312412275379e+00	1.919168216750617662e+00	1.926354092718158162e+00	1.250991225794624517e+00	7.925740920954771340e-01	-8.541641357095948461e-02	-2.110710121393696327e-03	9.007608976153193003e-01	1.317934035270379667e+00	-2.324665568984129668e-02	1.155750400676007761e+00	2.432234719442126103e+00	-2.874097663697463417e-02	-1.373649387469128014e-01	-1.157032336207581835e-01	-2.756168901953565120e-02	-2.068730454587682996e-02	-3.189131415436927824e-02	-1.341643835678056063e-01	3.736848448814273499e-02	-5.859613718934530285e-02	9.283399063777021398e-01	-1.098610833996364611e-01	-2.289568892266295452e-01	-1.158790826372494975e-01	-7.986488779454906789e-03	-3.371505119250314819e-02	-8.507986698728650654e-02	-1.993728046085212549e-02	2.478020560018528162e-01
8.466279752181528062e-01	1.004015305437531980e-01	2.090060732353019812e+00	-1.430372771472598059e-01	-1.158668592822365284e-01	-3.453593160861606615e-02	1.363801826432453068e-01	1.133595841745263844e+00	-1.108669668958136428e-01	2.496554707129057249e-01	-1.011079394227498568e-01	9.788925768413625494e-01	-4.476369424749036124e-02	5.992741749765846393e-01	2.352250198001095249e+00	-4.421439029764523410e-02	-1.591199779320465191e-01	-5.386837809477190708e-02	-1.657083703264398411e-01	4.532513461734192228e-01	-4.197056891466122153e-02	1.138128508535041439e+00	-6.096371456805652761e-02	-4.212171613291523786e-02	-9.382513265594675037e-03	-3.475276907270427595e-02	-1.062247422086413234e-02	6.235752762341135735e-01	-9.007431200412828465e-02	-1.006869200367955033e-02	-4.940220228340157227e-02	-1.142420213567446191e-01	-8.900605885434798026e-02	-1.553012939599258679e-01	3.020588361535395672e-01	1.097224241161214753e+00	1.642149721109777527e+00	8.492714347373268025e-01	7.716010198196758818e-01	-1.072058073924592181e-01	-3.398769196277501986e-02	8.398246335301376431e-02	1.437168297061599542e+00	-9.836901454458595040e-02	6.328667818199206208e-01	1.456449688538563825e+00	-3.634752612405524330e-02	-1.244840198702510670e-01	-6.253175818017482623e-02	-4.619315487338597481e-02	-3.375690683419178134e-02	-1.155440681874176680e-02	-1.691644294488091893e-01	-4.119435329042396565e-02	-5.615748029758675652e-02	-2.275921276852257025e-03	-1.682488939792860794e-01	-1.479002489080775140e-01	-1.465956416413861096e-01	-1.006328962558076662e-01	-3.378159040028235610e-02	-7.176978529683375463e-02	-2.398238613576656950e-02	2.262083669614465276e+00
1.249878429132604385e+00	8.117881110219786756e-01	9.000961720363220842e-01	-1.357267405734934040e-01	-8.943226967952369599e-02	2.764752042623654371e-01	8.304356236677019609e-01	1.713817077278931178e+00	-6.854324255425889301e-02	2.349666169271609484e-01	-7.913224577060726239e-02	-1.549352885927375231e-02	-8.916196030413750875e-03	8.525022273409739171e-01	6.647777127106764272e-01	2.896839241539531096e-01	-9.919679079200666161e-02	8.528048565701711325e-01	-1.745017703779405682e-01	5.954042717157277398e-01	-5.221802129417467409e-02	3.563279819473772619e-02	-4.023081085529502804e-02	7.409571798572177626e-01	7.185197832416991837e-01	-2.435728241119429135e-02	-1.110303354394065987e-02	1.565064385359019594e+00	-9.295101446254000477e-02	1.013991776782797172e-01	-1.668937458899874896e-02	-6.199805936698842695e-02	-8.193321990546793832e-02	-1.635389986383320449e-01	1.076944923533185605e+00	1.695564461799464739e+00	1.708360245652974729e+00	1.338723707453683520e+00	8.648430215281429634e-01	-7.824838134372809340e-02	-2.717520038907133076e-02	1.004320825827322849e+00	1.231570279789115485e+00	-8.772745492503469800e-02	1.079576179351867227e+00	2.173145604044897539e+00	-5.290949790026442529e-02	-1.185669624609918538e-01	-8.726037911962632176e-02	-2.540978241570887933e-02	-1.449887597038448418e-02	-1.067313463863256776e-02	-1.244465748340901901e-01	5.451212060804142001e-02	-5.384942668818075429e-02	-3.113775549579498800e-02	-1.036365967431754215e-01	-1.332928405342324596e-01	-1.145091588121661674e-01	-3.059360118731306241e-02	-2.211321161882755237e-02	-9.667725914111546803e-02	-1.621612554042888357e-02	5.042580754506779117e-01
1.506288401847223568e+00	1.217524739454005855e+00	3.573226613920531536e-01	-6.489530429179997395e-02	-8.633777460577192475e-02	-1.333325046915359406e-02	8.241965422774051309e-01	1.740224561760336908e+00	-4.945292101986095007e-02	4.342314869239309871e-01	-7.293295269465070729e-02	-7.060293455627798809e-02	-1.504223360096498471e-02	1.080972844552005929e+00	7.957509443140267091e-01	1.661123810937028544e-01	-1.254480749409255247e-01	1.578535689981050427e-01	-1.673771655017368687e-01	-3.939717844410247152e-03	-6.255933812353663137e-02	9.316728219733612093e-01	-3.866091611517859239e-02	1.528706630408924738e+00	4.766275516357248443e-01	-3.032078061040987399e-02	-2.855909655352134591e-02	2.208265686087305668e-01	-9.908732833014249897e-02	1.344265043566579276e+00	-2.565630722334764913e-02	-1.284368740036634371e-01	-8.440802608687066055e-02	-1.685728713883222762e-01	1.095163829432418856e+00	2.009083427905664632e+00	1.951045117111217753e+00	8.975116080925465978e-01	6.754624659720424029e-01	-7.763868718937161351e-02	4.875230597704741098e-01	9.815573193478822622e-01	1.515805453124210000e+00	-5.777690742508492794e-02	1.268786880983331811e+00	2.276031643077139677e+00	-4.098567139310101137e-02	-1.151047952182291667e-01	-6.779553240182775720e-02	-3.458246222401909625e-02	-1.876333306930589792e-02	-2.865789184647114969e-03	-1.347597238213318338e-01	-6.842738974530616263e-04	-5.668411899719950908e-02	6.188706132103348745e-01	-1.069321555840418436e-01	-1.877341005732472146e-01	-1.096587587691893739e-01	-6.724814427885539292e-02	-2.543631619762708879e-02	-1.003971837169175402e-01	-1.731718487194760028e-02	1.807618887390012086e+00
1.009931673598666313e+00	-1.872019205126327149e-02	7.746485510519568463e-01	-2.323107202755912704e-01	-9.137270226947101504e-02	-6.908836837796342167e-02	9.980614229914459568e-01	1.309450823025334110e+00	1.352394702384075442e-01	3.561815244170676159e-04	-1.151277931894711254e-01	-1.495699065426909363e-02	-2.181836283239114299e-02	3.461849767272168754e-01	-4.098262566862192688e-03	1.357427122639883743e-01	-1.258062346125902453e-01	1.336546757562545040e-01	-2.018343013617317494e-01	-5.799515861115466658e-02	-1.317467806834100863e-01	1.829923359646906222e+00	-7.267060743807438050e-02	1.352192709920492786e-01	3.671136492108038607e-01	-2.787035867946377130e-02	-5.568902599731534453e-02	1.992619398670015363e+00	-1.072736378874950408e-01	-2.318516266036923026e-03	-6.558823022384380197e-02	-5.373709089289486346e-02	-7.895578107843718996e-02	-1.904625713577415558e-01	1.554805622053310632e+00	1.903721859910017411e+00	1.791706165908893977e+00	4.428436202254915632e-01	-1.055533013567221644e-02	-1.028693736630490463e-01	-3.000587286617476673e-02	3.147807569028647778e-01	1.960673087825865135e+00	-1.244869100735608997e-01	1.444652062597518549e+00	1.966134999954195939e+00	-4.879783159835562878e-02	-1.380225748337635117e-01	-3.810537930796455142e-02	-4.033052756738686462e-02	-2.437284705444580507e-02	4.775757376598918080e-01	-1.179673731610935833e-01	-4.993208207687319794e-02	-6.079650166162069852e-02	-1.119610943571713313e-01	-2.227691656368329109e-01	-1.841920233911242821e-01	-8.832338945939482988e-02	-1.085312094224235857e-01	-4.020376335259320810e-02	-1.319834346409983761e-01	-3.975442918894041278e-02	7.488985322686901869e-01
8.164892853296554787e-01	5.805704851174687819e-01	2.438998103406852247e-01	-1.199539378998881328e-01	-1.104777570713220414e-01	-3.423143036109096982e-02	7.419702545951654127e-01	1.180799655306130624e+00	-3.817427042571650692e-02	2.570817364035755670e-01	-1.046543017436538936e-01	-3.641625448728605385e-02	-2.545249693150632500e-02	6.177318431764124984e-01	1.400031195653239191e+00	-1.366132614202377610e-02	-1.266792214984975296e-01	-2.633979149576944415e-02	-1.833224106478327509e-01	-1.828638110822863871e-02	-3.875071502931805301e-02	1.211720038012402689e+00	-6.019796133222538731e-02	1.389751886876774645e+00	-8.215363429734943643e-03	-3.501395220340542541e-02	-6.763585365917737513e-02	3.802582170190193511e-01	-1.000304200288643364e-01	7.554813819078977088e-01	-4.310941035905179602e-02	-1.551113637842095605e-01	-8.900494142145226606e-02	-1.780213181137610401e-01	5.580694080132918566e-01	1.762101941771739844e+00	2.135856181557640898e+00	6.895954361707338220e-01	2.654491457688432088e-01	-8.992533376278682988e-02	-1.521989629146035250e-02	5.175310124489385100e-01	1.874266389695118828e+00	-9.521261605578651421e-02	1.127819757128720513e+00	1.984594778991907615e+00	-5.536235041703597981e-02	-1.151527081238198497e-01	-1.014966582784180074e-02	-4.071223104074743471e-02	-2.749034172427289313e-02	-5.716691174968233785e-03	-1.534753620599192681e-01	-6.859004400572451220e-03	-6.490290875112876556e-02	1.208251745769301500e-01	-1.721573852264808302e-01	-1.900177637496386907e-01	-1.122884987211956453e-01	-1.438265746241260690e-01	-4.741939395565929194e-02	-1.099402213191738864e-01	-2.734129416994561523e-02	2.364757931557107007e+00
1.201942384165926025e+00	4.587794570042629250e-01	5.876470747699041874e-01	-1.901124974480097873e-01	-9.778010072037984779e-02	-2.010517306242253638e-02	1.228633109569277071e+00	1.782443816619331489e+00	-3.523224424330384519e-02	3.520536225826116916e-01	-1.053637548683746955e-01	-1.300032377490341860e-02	-1.838146388527406305e-02	7.226094943104790502e-01	4.377592599560726216e-01	8.503098444719783822e-02	-8.441609945525688219e-02	6.094716965006159448e-01	-1.932165576311173361e-01	-8.827391345241138165e-03	-1.047095579510021329e-01	4.588764031309758296e-01	-5.576497084822391176e-02	7.214768557029161977e-01	6.024919128129987977e-02	-2.485764346243280604e-02	-4.143569449945737337e-02	1.657858839455855327e+00	-1.046965447172133884e-01	-4.594658717181544783e-03	-3.864670918282601259e-02	-5.519184116354190761e-02	-8.876734989152554323e-02	-1.797361118846480532e-01	9.335151383253508239e-01	1.839194510843780384e+00	1.724798237173289284e+00	1.279306989544771289e+00	6.329227563733506035e-01	-8.543465735054343868e-02	-2.840301730614872358e-02	5.546408532556438287e-01	1.580468257022534129e+00	-1.000504531945580061e-01	1.221407681937864753e+00	2.346895416704643189e+00	-8.595618734416009266e-02	-1.243555343077489272e-01	-5.365400173983143201e-02	-3.235095729821748506e-02	-1.587108945950358591e-02	-7.060170844992747809e-03	-1.366773202706357271e-01	4.007080050784007919e-02	-5.939668818102794567e-02	-6.114328877201974377e-02	-1.456736025363859488e-01	-1.396310239226562222e-01	-1.095427790288321379e-01	-8.774393272686183132e-02	-4.478024351896916361e-02	-1.106614036964328196e-01	-2.181996102091367240e-02	5.301870773149026661e-01
-3.573701191386007697e-02	-5.582303962992555407e-02	1.459441781236427982e-01	-3.019318582927708050e-01	-1.299035229337305863e-01	-9.667854858925553629e-02	-1.459083841098151625e-02	-1.286455226523616768e-02	-3.632171340521701125e-02	2.829840318886468753e-02	-1.098427180448542512e-01	1.772654555293091683e+00	-3.903857964464628461e-02	-3.511877083300505437e-02	3.418075221409596076e-01	-1.038028287074521834e-02	-1.480194625547735787e-01	-3.364409887418886441e-02	-1.639480672709595077e-01	-6.415401616394669770e-02	-6.261128300210168363e-02	4.215330873545856671e-01	-9.821332135819088593e-02	-4.194372929148573736e-02	-2.599033121546818689e-02	-2.862395053975604065e-02	-4.627848209950079228e-02	1.305089818185059869e+00	-8.558198844099629277e-02	-9.292799805995753670e-02	-8.701294470616187382e-02	-1.153817547923219888e-01	-7.906920455654771474e-02	-1.183734159462199453e-01	6.234698715492009713e-01	7.875635394900525332e-01	1.322131771457231153e+00	-2.562249891384507997e-02	8.826895007036215934e-02	-8.867571596855239324e-02	-9.301421881102961420e-02	-8.596525705487530200e-03	8.321620190413047125e-01	-9.840463276649591418e-02	-1.139028451711496075e-02	5.253428853967970769e-01	-7.314553922235483840e-02	-9.659347035437795825e-02	1.872914182283047957e+00	-4.357621834418601986e-02	-5.647209729347067719e-02	-6.247231105203598228e-02	-1.416477522437006309e-01	-7.249123577654428829e-02	-5.539288334496665633e-02	-7.068783926261304473e-02	-2.591377560978415096e-01	-1.423007495763669306e-01	-1.092672232312891095e-01	-1.492416251595476695e-01	-7.735655796280102581e-02	-9.423012882693664050e-02	-2.913334833934056595e-02	1.914573342184618943e-01
1.404894955764139031e+00	1.220256613056086570e+00	7.307114370401351922e-01	-5.193168605944108868e-02	-8.359683419889338274e-02	-2.690800368777014704e-03	7.121274528295329365e-01	1.746728821402879994e+00	-6.668334946042249467e-02	3.548783089512674294e-01	-6.753781807162416440e-02	-5.315109163666571074e-02	-1.440173315197471743e-02	9.974060249252949539e-01	1.023786182273443313e+00	8.725570527548474897e-02	-1.265350009711467827e-01	-8.561247260734053399e-03	-1.614551294982899121e-01	2.988150514722987539e-01	-5.316365631927200824e-02	6.995507574218766678e-01	-3.144784533699439277e-02	1.349307475985960680e+00	6.635510884226492045e-01	-2.705107663201677601e-02	-2.157676060706421872e-02	4.100177530728145725e-01	-9.269473337518652212e-02	9.670090585692923124e-01	-2.272056754182303490e-02	-1.274402426872115468e-01	-8.018550840369825794e-02	-1.611866558381340464e-01	1.238470722153824033e+00	1.908129948452068181e+00	1.890329588538198768e+00	8.320740946342470856e-01	7.752189754164007240e-01	-7.785837231675143966e-02	3.775472073823398222e-01	1.091007700040217632e+00	1.402168565237965403e+00	-7.099635631474189579e-02	1.340366595662449756e+00	2.204484648910093103e+00	-3.104642699684414045e-02	-1.114234222209254249e-01	-8.425977209679143265e-02	-3.227631818946721798e-02	-1.804187638528812268e-02	9.980769066787728572e-02	-1.357484837518018739e-01	-1.344955053330845578e-02	-5.293696218162865369e-02	5.309197546531183587e-01	-1.013038845191152892e-01	-1.763907245156508818e-01	-1.157096622871178759e-01	-4.797363595792564911e-02	-1.726165447385243426e-02	-9.985467893892108204e-02	-1.805499237074262645e-02	1.948883044262871067e+00
1.477187702290469362e+00	8.296895530499892590e-01	6.135826345936169490e-01	-2.071789314367372403e-01	-9.912548946703879371e-02	-5.281173236942076493e-02	1.006579710128829408e+00	1.758993012767104958e+00	-3.113712982189481560e-02	6.373924737892607828e-01	-9.503220874967109599e-02	-1.353092203062571282e-02	-1.794518943105504610e-02	7.070486587794722055e-01	3.554593749762420540e-03	5.669175618065892541e-01	-1.361499336627494672e-01	5.679563512058490860e-01	-1.854742968397515845e-01	-3.899169154643940260e-02	-1.518355571520053626e-01	1.739315201161868440e+00	-6.226751335243994184e-02	8.290547530668300746e-01	4.525602932266438727e-01	-3.167628949713520436e-02	-1.515293015411026817e-02	9.518029160756272256e-02	-1.191980203363658813e-01	6.766751323851651900e-01	-6.336324192047287918e-02	-8.995059500194801938e-02	-8.877411733304266250e-02	-1.803984926123591848e-01	1.350287275858890634e+00	2.043169464930580048e+00	1.876563538021239541e+00	1.061587319716138067e+00	6.715142636559491285e-01	-9.751498260674931751e-02	-1.943641916878975640e-02	5.249916173336618419e-01	1.670652471682932738e+00	-5.757224114606156878e-02	1.013744420201282415e+00	2.497124807784467215e+00	-6.506804552133216291e-02	-1.487621356275622975e-01	-7.353532186604518073e-02	-3.754326545051815678e-02	-2.414162412218943260e-02	-2.805746895855600054e-02	-1.384023458692318354e-01	-4.118376494533670246e-02	-6.756106651549884101e-02	-4.115636809166361293e-03	-1.672102840725283035e-01	-2.262005564269705671e-01	-1.095684487373905919e-01	-6.007904760195768162e-02	-4.648936824518069139e-02	-1.042173741755259425e-01	-2.358008705443148667e-02	2.254670456007133728e-01
1.780512471871215530e+00	4.211215736763014861e-01	1.229040181830525436e+00	-1.277708432808961347e-01	-7.736581175392240328e-02	-2.680490976460264425e-03	9.948354489892965447e-01	1.728288149347413150e+00	-8.252926033598768918e-02	6.692102341752108607e-01	-7.558539226926667964e-02	-3.091048265439437850e-02	-1.156766894748582214e-02	9.180893162357881554e-01	5.230128772551406735e-01	3.056661662222344145e-01	-1.305777075042602597e-01	9.453929721217253501e-01	-1.729441204553318345e-01	5.189422584141919481e-01	-1.227887587523042862e-01	5.864247668666285884e-01	-4.017915395473840856e-02	-1.054089745514588151e-02	1.225728075857844601e+00	-3.765076161271602856e-02	1.905957670873597853e-01	6.763994572738946109e-01	-1.032733423249007909e-01	5.652009659776630057e-01	-4.234229671855160859e-02	-5.387092494629606987e-02	-9.445656153724799053e-02	-1.562861394745522214e-01	6.593301965623876715e-01	1.388334592398648093e+00	1.646244257734560845e+00	1.496563691030005083e+00	1.464448005504047412e+00	-8.831827760122491766e-02	7.812122707290030110e-01	6.465804540285887692e-01	1.734487647027695534e+00	-3.882689428944554461e-02	7.282014205492998160e-01	1.976010048957461906e+00	-5.717289563666812929e-02	-1.278016005463608884e-01	-1.092943272341625888e-01	-3.960446788155454201e-02	-2.474093661931156887e-02	-4.219177128208047300e-02	-1.301030544249479615e-01	-3.154815496522224427e-02	-6.252758557657706051e-02	-1.603796850952089043e-02	-1.183334288922372329e-01	-1.130627398279315937e-01	-1.237853795910239529e-01	-5.531767430171569827e-02	-3.799634178013076846e-02	-8.059525074071677286e-02	-1.809050192598711179e-02	5.450205869196811381e-01
1.114799974121450044e+00	5.256945441737509439e-01	6.848085574232716244e-01	-1.422732293182738805e-01	-1.001015080325462631e-01	-3.210774262817579078e-02	3.349144777467681355e-01	1.483223518237134941e+00	-7.208962010360454864e-02	8.959246263178119452e-02	-8.927685412125603570e-02	-4.325599896660757560e-02	-1.142544645232143607e-02	7.224976912657607997e-01	1.072569779784067645e+00	-1.052870551479411464e-02	-1.538914508144771653e-01	8.129801968134839352e-02	-1.859668313453892996e-01	1.689536911532548563e-02	-5.509920559172138549e-02	8.543636145635661316e-01	-5.825464900646064315e-02	1.310743289415547075e+00	5.280116240848224951e-01	-3.027245930567453933e-02	-4.567112375209333303e-02	1.863666064271504441e-01	-1.169568932698042824e-01	8.304735177097524179e-01	-3.525857856803198825e-02	-1.298685391887725860e-01	-9.235921168386740376e-02	-1.761921723773780257e-01	1.353537293410903564e+00	1.818106353049828705e+00	2.213459789837826097e+00	8.454772246832332749e-01	6.381968576082062139e-01	-9.419012716980904032e-02	-1.017092277612220014e-02	9.248644099840647170e-01	1.742901176500513571e+00	-5.884117752484252506e-02	1.294795255333993866e+00	2.176769114941791816e+00	-2.954287761518711170e-02	-1.320765780551565738e-01	-8.190820653748946689e-02	-2.766341806124426525e-02	-2.643105538385619527e-02	-2.547876483576049997e-02	-1.428595065644179818e-01	-1.320941109353088692e-02	-5.883272701281540285e-02	5.454404755912291014e-01	-1.527159369738896877e-01	-2.200340635086062424e-01	-1.260330427048673707e-01	-6.208578201330951923e-02	-3.091787254828015988e-02	-9.740865138954449276e-02	-2.501334381739344151e-02	5.573265558761293370e-01
9.674187994350388342e-01	1.146150320240158615e+00	1.111565210996131148e+00	-8.578580529931625898e-02	-1.016301632565065755e-01	7.892564585591851922e-02	8.487633545739721175e-01	1.377490620811598232e+00	-1.014695243314740342e-01	3.122202066527998698e-01	-8.099856673777784677e-02	-2.617268924383276546e-02	-2.257507211467615904e-02	8.157100763910545282e-01	1.319250779684009167e+00	-2.642770740362269943e-02	-1.396904184016233286e-01	-1.174492957418421697e-02	-1.566586787312971019e-01	6.184278628375003972e-01	1.144056364828958949e-01	3.205239200133608302e-01	-4.783927795128854049e-02	4.830559137644355738e-01	1.708043118866277021e-01	-3.584152840614825142e-02	-1.580901566631031513e-02	3.952917324724976034e-01	-7.867118529514996461e-02	3.898436062585814432e-01	-3.101118498471590670e-02	-1.108570983341162081e-01	-7.815861486988803786e-02	-1.567878736755074498e-01	1.691752403159609563e-01	1.628753194286662653e+00	1.808859547059704198e+00	1.162532716489363738e+00	8.717715579295683970e-01	-8.261177424427657012e-02	-2.914725206947692271e-02	5.946418319575587086e-01	1.445094184713906049e+00	-8.052360293606351804e-02	7.121717527267369396e-01	1.879975312026848755e+00	-4.768657771724688077e-02	-1.095696564454477079e-01	-5.608501302574354225e-02	-3.991900219045912968e-02	-1.691281743281909666e-02	-1.712408271781807809e-02	-1.547540194211702025e-01	-5.086908672620127358e-03	-5.548671178056525238e-02	5.813485821632627948e-01	-1.284688985428708297e-01	-1.320444776095745232e-01	-1.255482851687752532e-01	-8.667163425937836341e-02	-4.314714139665461884e-02	-8.034439033268632457e-02	-1.677402312572145310e-02	2.574715754212199226e+00
1.139072705305112398e+00	5.262488967718439437e-01	1.393256991368888364e+00	-1.489172372831278901e-01	-9.752031827535724562e-02	-3.250404452460919219e-02	2.586806297089079831e-01	1.421348179229063646e+00	-7.480224277136340860e-02	5.945910536832433452e-02	-9.067169836363285496e-02	-3.002369445271819287e-02	-1.547301949150626903e-02	6.844644794660883491e-01	1.454941962222467966e+00	-1.401775044072011908e-02	-1.716815887311751165e-01	-8.414188245652690643e-04	-1.923046743387070157e-01	1.326028299092215645e-01	-8.194553339705981654e-02	1.027503046733450720e+00	-5.712209783668477370e-02	7.435692322830319556e-01	8.074294283251550741e-01	-3.546473295717782886e-02	-4.983008880120797651e-02	6.209359579727837808e-01	-1.109436157070010226e-01	6.883819566358149178e-01	-3.839884332218886781e-02	-1.019252938583861123e-01	-8.908466188120588158e-02	-1.779317815780536716e-01	1.136032131755035701e+00	1.744592012474312170e+00	1.899838084229693802e+00	9.374197009736545683e-01	8.527823370621285815e-01	-9.846490429267737432e-02	-1.465867496998801874e-02	8.712591310834457703e-01	1.743273119307087615e+00	-8.017894368746442124e-02	1.139118566749191874e+00	1.949728499176405228e+00	-5.178050702661398524e-02	-1.308672937122332125e-01	-8.722551887105789437e-02	-3.220347374301141263e-02	-2.479775715026327765e-02	-2.133784210685485752e-02	-1.487368795821174261e-01	-4.455078459906170602e-02	-6.199620735004898742e-02	1.569147844251740920e-01	-1.629611666365903266e-01	-1.947627679161293146e-01	-1.306025868368927145e-01	-8.560592962559870900e-02	-2.477050079589480577e-02	-1.013858069874282036e-01	-2.212055483187262001e-02	1.065880958251825383e+00
1.856284872513159989e+00	3.061045168307094388e-01	4.329017601671672488e-01	-1.178320477065488842e-01	-7.618991805411412521e-02	-1.346989601526238194e-02	1.402285554645401389e+00	1.811096056557858436e+00	-2.467742595110999221e-02	4.543818010487795656e-01	-7.965014010747775708e-02	-8.423848569192726732e-02	-8.052888104371436206e-03	1.116662223206764892e+00	-7.826489347468769744e-03	5.348240037575142658e-01	-1.122173739711915808e-01	1.293504868715589673e+00	-1.771435072029099445e-01	-1.337576673738018890e-02	-1.312439326482288116e-01	1.363062513430967293e+00	-4.567792323363639023e-02	4.146157391174067897e-01	9.008425646951698784e-01	-3.824598457136695051e-02	-7.248504071486005715e-03	6.755889797884546688e-01	-1.012699987599399165e-01	1.430590617866614123e+00	-4.127225481209498281e-02	-5.768166715059037941e-02	-8.575815182622960331e-02	-1.682632058531313701e-01	6.143289404716153479e-01	1.856739336127199769e+00	1.879148813992826295e+00	1.220102617891495544e+00	1.117281072306477441e+00	-8.306185028394684478e-02	1.197143863957272236e+00	6.204219303267172192e-01	2.006167957598083973e+00	-3.435541830668038810e-02	7.998453731387523691e-01	2.098868394624224809e+00	-4.714577754200274112e-02	-1.259306390425714572e-01	-5.157395255166293685e-02	-4.425062895442660044e-02	-2.583717490447079435e-02	-3.366432215012348655e-02	-1.111459307559233417e-01	-1.271165427886809633e-02	-6.549871580288636752e-02	-4.115159062568923831e-02	-1.317847691101056984e-01	-1.293320803518110962e-01	-9.106017974114484492e-02	-8.584747929634037322e-02	-4.460524989787387901e-02	-9.932749905301586912e-02	-2.024461624325736217e-02	8.330339001904729646e-01
1.476585807012660512e+00	9.103015636588307480e-02	-2.020453907914547195e-02	-9.230543567417866246e-02	-7.600085287065783124e-02	4.670831461200241480e-02	1.214924720512929879e+00	1.419585623707377176e+00	-9.914744712692383916e-03	1.003284097492269655e+00	-8.398838725799251392e-02	-7.488196963255216825e-03	-1.944189773647156394e-02	5.425884572771202397e-01	6.569465106050385028e-01	1.140614142808857423e+00	-2.797074091227866668e-02	9.097550545059143734e-02	-1.575666985263021735e-01	-2.787537640854860499e-02	-1.009147590974395492e-01	2.847099188265905800e-01	-3.907973092335742527e-02	1.416014113417964904e-01	3.165524767984264631e-01	-2.121615469574799490e-02	-1.132801610499382591e-02	2.545537805393034425e+00	-8.426262691417246709e-02	-3.754432102556380657e-02	-3.659438662661929770e-02	-8.997457072113804188e-02	-9.199703591710962913e-02	-1.439123762544147200e-01	8.424174317204934370e-01	1.354972416409807590e+00	1.400034562993970999e+00	8.562056257063375142e-01	7.192018375095186045e-01	-7.717463273742432295e-02	9.877156038332994825e-01	4.721452795433686012e-01	1.151391142080190111e+00	-1.055044155586933874e-01	1.093484143990545832e+00	1.760779493107961224e+00	-7.315702430834614134e-02	-9.123819356749456044e-02	-7.561521916382801974e-03	-5.753792147068206853e-02	-2.665149879385812770e-02	5.345941136297008844e-01	-1.195146302784167031e-01	-1.448581421996695054e-02	-5.347120152813284594e-02	-1.039602099106367861e-01	-1.172832817301373148e-01	-3.193465119142453040e-02	-9.730598392257198970e-02	-1.245208231298252921e-01	-3.432970723351405629e-02	-1.168261450961135539e-01	-1.854299326362694386e-02	2.181242768181968383e+00
9.837646585321315751e-01	4.218747733403778177e-01	2.504624107115305254e-01	-9.637495248804775483e-02	-9.616882439171754726e-02	1.332199835713257785e-01	3.972608941270981409e-01	1.257176915209487156e+00	-4.952540269841657072e-02	2.931407583630611935e-01	-8.491861667722275242e-02	-1.805989964203887771e-02	-1.098513659106767695e-02	7.237072473714611931e-01	1.664643317418173840e+00	2.811380981762270914e-01	-8.639205106652952937e-02	-1.574187491054788903e-04	-1.793591559766411214e-01	2.140783011113875922e-01	-3.698498136412765869e-02	3.356590427250863429e-01	-4.343218954251748531e-02	1.465967976875281797e+00	4.697692430559946564e-01	-2.405730247335658920e-02	-5.419413916451300273e-02	1.687680187028207213e+00	-9.724226911506339555e-02	2.288226916450752380e-01	-1.231738235408843911e-02	-1.233023394209320639e-01	-8.810586167241729605e-02	-1.631035073080613629e-01	9.640652491974094351e-01	1.789837524094115118e+00	1.884213380839193430e+00	9.333087573531446690e-01	6.804017008446386905e-01	-8.208297878010518966e-02	-1.025607529340668081e-03	1.125408568504362217e+00	1.395906953504550074e+00	-1.040515303653172241e-01	1.393728721678727300e+00	1.803361324282857447e+00	-5.502433391758525250e-02	-9.931559747666428295e-02	-4.461348928751807108e-02	-3.164666742720111808e-02	-2.462907154552932895e-02	1.582233314699276472e-01	-1.349104694825352946e-01	-5.088847111219887975e-03	-5.677886586052884738e-02	-2.971540092547477266e-02	-1.224632409675064926e-01	-1.284755594743103857e-01	-1.130297698214851321e-01	-1.025022320723774361e-01	-1.416336607582195650e-02	-1.142080257517916336e-01	-1.899948636022375306e-02	1.576630369548913890e+00
1.391999363666946987e+00	8.790115860532931036e-01	5.071924781715242414e-01	-1.393157241426425975e-02	-8.610713977791088769e-02	-3.064854506053181233e-03	9.292827287318476959e-01	1.811796073273127750e+00	-5.158417269345039885e-02	1.235676871503436219e-01	-7.365281435401996313e-02	-7.287624609910482720e-02	-1.772814427078707802e-02	9.742525427406762972e-01	1.425960725548645280e+00	-1.410767267622435595e-02	-1.023199595347156071e-01	-2.425328837482953678e-02	-1.635129817391419715e-01	2.799928133428381538e-01	-3.525841536705012075e-02	9.419547785460077316e-01	-3.266044484416110588e-02	1.319791353684895530e+00	3.476039876141717722e-01	-2.983914216251119106e-02	-4.118700527310856924e-02	6.411424228867590447e-01	-8.448197316081755559e-02	1.129533441482570622e+00	-2.238627398134928823e-02	-1.285009529722984378e-01	-8.235581845254699718e-02	-1.611455359219841066e-01	7.494975511602510743e-01	1.825412543943458754e+00	1.894370459981289390e+00	7.965867162624986619e-01	9.228241006574687821e-01	-7.390387565656639235e-02	1.100930406754156321e+00	9.720788487446617721e-01	1.612537190730010117e+00	-7.591108886874367578e-02	1.320790123722019205e+00	2.006662707105395960e+00	-3.094090655641982407e-02	-9.704943524314392500e-02	-3.619693828346522146e-02	-3.599424949340785523e-02	-2.032793088254979813e-02	1.204535674232707632e-01	-1.397219033250898523e-01	-6.010509219343216367e-04	-5.379256956446647198e-02	1.781824343087475837e-01	-1.073330992116272031e-01	-1.389944154890231653e-01	-1.102198419747123792e-01	-9.952625354417599102e-02	-2.541234688957928756e-02	-1.071029008831365092e-01	-1.840705730375257615e-02	2.578182383087983975e+00
1.681426669537261054e+00	5.024534090557402077e-01	3.624585817867960746e-01	-1.572426140017387786e-01	-8.405067758932137367e-02	-3.087819629450030273e-02	9.826355991500055342e-01	1.740446357250003517e+00	-2.493317366897983278e-02	5.508825332468983982e-01	-8.602992195228136019e-02	-5.999583832110625542e-02	-1.038152442259578784e-02	9.258653619648706812e-01	-8.318298272538181487e-05	5.618604841261731764e-01	-1.293504590047908354e-01	1.151503364819274511e+00	-1.858553343599680108e-01	-2.529210894812829527e-02	-1.385427102632015850e-01	1.428498274770592102e+00	-5.245813453868909682e-02	9.339601504803067833e-01	8.501504905492294206e-01	-3.574405037788559725e-02	-2.504960128636019370e-02	2.537320756290921686e-01	-1.181709279344264757e-01	1.446083747179476742e+00	-4.335478478066244479e-02	-8.377319498459562253e-02	-8.899224542447219111e-02	-1.806401271079655646e-01	1.087119263812501790e+00	2.005016667299705180e+00	1.952396409330727334e+00	1.143800591014497936e+00	8.089016350780442455e-01	-8.808525732783037410e-02	3.819236637243426102e-01	7.433825784529249914e-01	1.906928597930946712e+00	-4.367430428278184368e-02	1.113620626003069436e+00	2.382931578964020858e+00	-5.398602588734174867e-02	-1.367970935753845541e-01	-7.698796286882007844e-02	-3.715426732287641781e-02	-2.590266622168688887e-02	-3.057837782968139337e-02	-1.206902930021528653e-01	-1.844538003253251568e-02	-6.918944113599470591e-02	-1.151474868362435504e-02	-1.428507631101830766e-01	-1.910685416866681197e-01	-1.029224232777299769e-01	-6.921135582399398634e-02	-3.885270464229793191e-02	-1.010673316797603277e-01	-2.074986468853112082e-02	3.593181148098987254e-01
1.752423468038535992e+00	2.134865737773806171e-01	6.097181828468350995e-01	-1.426188590412935109e-01	-8.589835629306447062e-02	-1.318157439586023147e-02	1.215896451099774067e+00	1.815544907108565864e+00	-5.932885738944377457e-02	5.829665110800368311e-01	-8.284780786938213126e-02	-5.474644561221244515e-02	-1.305684063000367608e-02	1.029182137011783071e+00	-7.189896221148212897e-03	3.338160655161429013e-01	-1.267233885050062792e-01	1.367978761364567752e+00	-1.738203137967752332e-01	-2.081342306056208991e-04	-1.077265355537470604e-01	9.745583673273232606e-01	-5.084492494187813766e-02	-2.160483089552501634e-03	7.405673741055809334e-01	-3.497463474832377545e-02	5.981155294574573844e-01	5.568753894173723573e-01	-1.062265410343077449e-01	1.075182870283128089e+00	-3.928213660771138344e-02	-5.168653130358458886e-02	-9.296271157809189722e-02	-1.676526662982903704e-01	8.134613390266872690e-01	1.698848879752795415e+00	1.853351505870669325e+00	1.353593542267547356e+00	1.050386645926584261e+00	-9.101496736909440999e-02	7.260070974243095776e-01	5.814876484938125145e-01	1.673887820911049928e+00	-1.921786757633261317e-02	8.875185367688309679e-01	2.158981678871406018e+00	-2.648267798451145114e-02	-1.348983153993089934e-01	-8.745310093094464665e-02	-3.947642559387355699e-02	-2.767605649519376890e-02	-4.042589037369764132e-02	-1.205442690662266725e-01	1.772263882008742186e-01	-6.398176408128267156e-02	-2.592647187181950849e-02	-1.280797275021573756e-01	-1.524046034687642215e-01	-1.098589043134819976e-01	-3.387321132511074417e-02	-4.656132953681962894e-02	-8.365747556308281152e-02	-2.086539111898585638e-02	6.128498730120833515e-02
1.506826326321946574e+00	5.277562985926398387e-01	1.047758351172004276e-01	-1.058561853263437907e-01	-8.277811187345797406e-02	-2.118222461587151995e-02	9.625409416468757584e-01	1.684226352521538184e+00	-2.468375037110514744e-02	3.243353897280715215e-01	-7.591615315767080707e-02	-4.742497073581967287e-02	-1.145099408947726841e-02	8.833488994674763006e-01	2.342947859441609770e-01	5.360429950081052608e-01	-1.098441784747014038e-01	5.300843460091233528e-01	-1.780912973098854324e-01	-2.224717429401959837e-02	-1.076556710998575750e-01	1.170415482533330609e+00	-4.234630455244730446e-02	8.667033018504807229e-01	7.185309699686059925e-01	-3.535525932381262254e-02	-1.300405275683346948e-02	9.342064220722877677e-01	-1.014981010852025189e-01	1.054209503596455377e+00	-3.696938391571701066e-02	-8.216063268897866312e-02	-8.935486418205206005e-02	-1.700410975361127119e-01	1.286627250702740977e+00	1.899438508745822318e+00	1.810944861453674948e+00	1.011385982637918790e+00	1.048088449734777994e+00	-8.428660120135815503e-02	1.206289940467287547e+00	9.282167048738444448e-01	1.710268565215099734e+00	-5.027297146353196938e-02	1.135010818483577655e+00	2.053904516304330130e+00	-4.146932973168641207e-02	-1.171338706034140836e-01	-4.411029598386480288e-02	-4.293681562171854094e-02	-2.667666737792464063e-02	-2.147289277791923634e-02	-1.235120791916460709e-01	-8.696154533941284626e-03	-5.995557076774073180e-02	-2.390781908990246077e-02	-1.281904946821610380e-01	-1.564566110182161740e-01	-1.014791695234480151e-01	-6.811847086803417273e-02	-3.184475152511438700e-02	-1.087928473460511858e-01	-1.965020794786545219e-02	7.242880377130693770e-01
-8.906981161642125999e-02	-7.265864942091949941e-02	7.632334493404174802e-02	-2.757173715935840597e-01	-8.902586320534396080e-02	-1.042465015086275482e-01	-4.738559101564635695e-02	-8.131489663656281397e-02	-2.562215847628298085e-02	-1.219714415237540921e-02	-8.551187323573809784e-02	6.641036114325363782e-01	-3.596520192297875812e-02	-5.946159502544679648e-02	-1.788368551038301696e-02	-3.047779189426524926e-02	-1.419934110941689920e-01	-5.643816286965779028e-02	-9.191516848749420321e-02	-7.625837926645417930e-02	-2.518660258643999617e-02	-3.975401856581905341e-02	-6.926591198489975842e-02	-8.349758518277587693e-02	-2.905076304567297957e-02	-5.214707966576602460e-02	-5.037220558833714612e-02	1.250598746129217842e-01	-4.450901195449173675e-02	-1.235284518061037506e-01	-1.052868053780958713e-01	-9.543055561788002517e-02	-5.268366972593432201e-02	-2.617538690723733574e-02	-1.461256525816028926e-02	-1.738564493798887278e-02	7.350809853865775123e-02	-2.086487884059110010e-02	-1.234738019866923409e-03	-3.594432660798856788e-02	-1.297584955430788889e-01	-2.540722399205075019e-02	-1.850076814036319406e-02	-5.123370596918024739e-02	-5.263926777608322199e-02	-4.199681708663254021e-02	-7.511699166529109406e-02	-4.821138628400208070e-02	1.144782661340036700e+00	-3.123905607802727330e-02	-4.254154157957067833e-02	-8.791119983672944505e-02	-1.041706902806695534e-01	-1.004474373634559464e-01	-2.720654762392771958e-02	-4.316592827709701125e-02	-2.172296190061946408e-01	-7.953889757146363759e-02	-7.665931208456674972e-02	-1.469177717718891385e-01	-6.301653654580556541e-02	-5.880426048093691238e-02	-3.854048568421640508e-02	-3.523510336441734031e-02
-7.404466160852614387e-02	-8.879085688155645417e-02	8.619238034809382221e-01	-3.317599923763518976e-01	-9.813366026376448004e-02	-1.244303994599574442e-01	-1.536517828381202787e-02	-7.520225933115626260e-02	-4.262318124136449393e-02	8.005793851371132211e-04	-1.031542635403393388e-01	1.289679723344622220e+00	-5.545777620761829091e-02	-6.288735242399283443e-02	-2.960630341896181017e-02	-4.650546466957326819e-02	-1.842566117883443488e-01	-5.712828901126607017e-02	-1.059792099197599813e-01	-8.792981310310694909e-02	-4.624756160748201561e-02	3.607147240895011153e-01	-9.523217772300524020e-02	-1.351700682524258623e-01	-2.303639731219214032e-02	-3.815658426204147219e-02	-1.385149990564997491e-02	3.275084356730417201e-01	-5.136928762211059873e-02	-1.409923807777344051e-01	-1.133461610400300079e-01	-4.839943890590184261e-02	-4.447704827535842870e-02	-6.529585688016088796e-02	-2.540329738827363029e-02	-1.582864468689717391e-02	1.189626014742862781e-01	-4.422714416755980232e-02	-3.126640316602184028e-02	-7.165874764406021669e-02	-1.523324976269720410e-01	-6.453046812521225084e-02	5.130272086929449360e-02	-8.335179936999488615e-02	-5.704142319868695660e-02	-4.491165642378831119e-02	-8.571587765363515576e-02	-6.489318673754483624e-02	1.751334904574759932e+00	-5.267817054166594459e-02	-4.901286510920534883e-02	-7.294003820387749693e-02	-1.205270180759204085e-01	-1.120349270515942769e-01	-4.194485462254318037e-02	-8.538019800711157958e-02	-2.794378982484082008e-01	-7.970513924306042719e-02	-7.915699722121150028e-02	-1.869919110102992443e-01	-1.038145213105432230e-01	-5.741111474025922118e-02	-4.151703789549468504e-02	6.351418508991809597e-01
-7.225216609207057994e-02	-1.067797139214311380e-01	5.163001456040635651e-01	-2.651583498860954347e-01	-8.090800456568648935e-02	-9.425438025089574734e-02	-3.877803884889567676e-02	-8.196464866804541172e-02	-3.760465010114441564e-02	5.429189955163617187e-02	-9.458297601370836694e-02	7.817418284626228564e-01	-4.992183869198589530e-02	-6.255261159705644003e-02	-7.135231631936315468e-03	-2.548482991128502018e-02	-1.170001727462891133e-01	-6.432877677749040957e-02	-9.225892889799461316e-02	-9.035491419222586862e-02	-5.503639805015799608e-02	-5.722348103951507836e-02	-7.425463824708063154e-02	-9.040712959567558105e-02	-1.224778939584103554e-02	-5.404425045375568087e-02	-4.640939962616912745e-02	6.186714401815360809e-01	-5.594860156800775253e-02	-1.541358450307444006e-01	-9.391702377222040099e-02	-4.820041957660668730e-02	-4.924354077196396728e-02	-4.009619402386151166e-02	-3.488759381772815749e-02	-2.964132568273046553e-02	-7.173527571435635644e-03	-2.456553181471699335e-02	-1.742413170398884881e-02	-4.234076069737142956e-02	-1.069662135754643473e-01	-3.312642684806773458e-02	-1.771284462025285097e-02	-6.550201799706359407e-02	-3.315257149650602253e-02	-5.003119579833269215e-02	-9.830110591811946907e-02	-2.427569099097171001e-02	1.512530128870979595e+00	-4.415078619902863127e-02	-3.766907389069702045e-02	-7.611747338104100924e-02	-1.067635685606405371e-01	-8.634134183494190928e-02	-2.702150498382261540e-02	-8.168630308424655595e-02	-2.179288272871141019e-01	-3.292771267448651312e-02	-8.426827491926144886e-02	-1.784571122567388812e-01	-6.535871701265398570e-02	-5.762634617688083133e-02	-3.862737923791437905e-02	-1.774293511593888137e-02
1.221370767842691274e+00	9.581057158514750816e-01	6.377301797842030995e-01	-2.817558321980756508e-02	-8.326378679623545886e-02	4.817724064074483947e-01	7.774195610740397555e-01	1.719798264756706496e+00	-7.210918758243603510e-02	2.361803744439885597e-03	-6.181808005573297821e-02	-5.189663478947918046e-02	-5.887570534927472933e-03	8.013129020471216890e-01	1.142670553190467064e+00	-1.106027254658084429e-03	-1.001887142784174817e-01	-1.181098163086139081e-02	-1.565634349430200245e-01	8.156501584600658328e-01	-9.511399691650780294e-03	1.733312753058354194e-01	-2.791787060869971998e-02	1.323390529380941372e+00	8.548958103246511175e-01	-2.099556943840430803e-02	-2.461698430745046587e-02	1.394585996427628372e+00	-7.777538709965899077e-02	2.036667740955335759e-01	-9.068066273531199054e-03	-1.163796151085471492e-01	-7.348104617699094399e-02	-1.501928086354651637e-01	1.208515845660760091e+00	1.856117904455495404e+00	1.916496177405154988e+00	8.697452457912550061e-01	1.015689912048111987e+00	-7.596155460372862323e-02	3.682173585692603002e-01	1.372537719211432750e+00	1.266720900568154562e+00	-9.716631047478080374e-02	1.308591506553649975e+00	2.092177232580795909e+00	-1.783427624435502540e-02	-9.860682210833568440e-02	-7.087820168440532587e-02	-2.953781670102758466e-02	-1.659946690400381300e-02	3.216137762111379583e-01	-1.249821453512197783e-01	-1.751051530518338284e-02	-4.792485259360130395e-02	-9.972882989079522031e-03	-9.368807726066209762e-02	-1.144485352771259790e-01	-1.107422438894210548e-01	-3.999494196165039039e-02	-7.717032594466134710e-03	-1.030171292285209927e-01	-1.240630663666078201e-02	2.059390062215270323e+00
3.867114964629468354e-01	-1.672329945860088346e-02	1.313824926491687917e+00	-2.757476196331552498e-01	-1.102552073797164744e-01	-5.535779916658037370e-02	2.572720870096997015e+00	1.389163075295791305e+00	-1.412525581662611197e-02	-3.440481114519940847e-02	-1.307298058411742736e-01	8.305772422575624647e-01	-4.157058538681763366e-02	2.542996374809944893e-01	-2.073536907757482159e-02	-5.962767064522643545e-02	-6.006861106594637428e-02	1.954174748285185115e-01	-1.961445966296272714e-01	-3.853421254655432782e-02	-1.546089137137280911e-01	2.293722564795099839e-01	-7.415463886450808506e-02	-4.094040562328906535e-02	-4.976671355927527601e-02	-5.461910242889887052e-02	-4.240721324534147546e-02	2.340166303024177274e+00	-7.315642927916170268e-02	-5.222910309976628446e-02	-6.693431122100797215e-02	2.471177856887185609e+00	-7.168537444817910109e-02	-1.736904351558574977e-01	-2.524454842279907560e-02	1.841564579005791291e+00	1.190740947783635928e+00	1.468327938679911737e+00	1.604107701110947692e+00	-8.164003605032979505e-02	6.714593470827348587e-02	-1.133430701025314388e-02	2.605110535388095006e+00	-1.174833021423612317e-01	-5.392953088815927946e-04	1.934948340725961113e+00	-1.088308265750910220e-01	-9.601431080594358125e-02	2.080124755695895722e+00	-4.826182120051464297e-02	-1.948089146967700927e-02	-6.673712620774516213e-02	-1.446918471733957268e-01	-1.121331192327050010e-02	-5.016735619284246744e-02	-1.638854398836543935e-01	-2.267206099903168182e-01	-3.656672270173088463e-02	-8.142582313408493200e-02	-1.413123840292880296e-01	-7.966302431166823184e-02	-1.172872683129138338e-01	-1.696624248479436034e-02	-9.640942106279134366e-03
-5.388709259449806638e-02	-9.441693090033820290e-02	5.182161207038222805e-01	-3.939353444674085214e-01	-1.129836918036788151e-01	-1.318032706078079430e-01	-2.918142477105189342e-02	-5.419212106132760554e-02	-2.547705828207751447e-02	3.685084755245121024e-01	-1.194579275881155617e-01	1.277500493469824638e+00	-4.049794355237553573e-02	-4.880546181385099491e-02	-2.987753153887597046e-02	-6.686652917226700368e-03	-1.746789118467870217e-01	-1.628594579294945915e-02	-1.542559322602433947e-01	-9.844427123925886258e-02	-1.140611896539389103e-01	3.372361445135395042e-01	-1.044891742542829460e-01	-9.961912039751467940e-02	-3.811085151968703760e-03	-4.821562339346423254e-02	-4.741485781684254969e-02	2.719850916644593886e-01	-9.605418511756168287e-02	-1.206975482776756758e-01	-1.218883791795423166e-01	-5.459104032153905273e-02	-7.178516102039458890e-02	-1.066424234817005406e-01	1.535752957475858826e-01	9.443473385908630890e-02	5.208723247237608822e-01	1.184288226656462217e-01	-1.183966836441346926e-02	-8.054229916955119029e-02	-1.505328801145246753e-01	-4.015237118678775113e-02	4.562517281084703114e-01	-7.086992871148754813e-02	-2.757267805195895774e-02	-9.131556529600313998e-03	-1.076585054854899831e-01	-9.307229010923656620e-02	-5.196971830689211744e-03	-4.541125214251395120e-02	-4.784584799208675687e-02	-9.155472694903167563e-02	-1.261859950322309354e-01	-9.898240121423745874e-02	-5.987694054725096332e-02	-8.128035970806012089e-02	-2.771710937753803505e-01	-1.341748387580883051e-01	-1.052807125082475953e-01	-1.704122168999732401e-01	-9.356819289276595286e-02	-7.491744658161239578e-02	-4.334249875261675378e-02	-6.852088748458676215e-02
8.783100396284645450e-01	2.328806354026732861e-02	8.702032983973033708e-01	-1.538981292975423742e-01	-1.052138991989334804e-01	-3.714876730766661361e-02	9.619702058502646036e-01	1.357001209549359322e+00	-3.999848692760103741e-02	2.461592277830512987e-01	-1.090486788974234511e-01	2.400407722245953557e-01	-3.289064196975447635e-02	4.496075074514592207e-01	1.355495615811578958e+00	-5.645622738535252365e-03	-8.971796077271211589e-02	-3.567026481072577831e-02	-1.825017144580384221e-01	-2.129064747164603408e-02	-9.401150929160637104e-02	9.202351462862639053e-01	-5.677926284049325534e-02	9.330725007930450177e-02	-2.092629692814802420e-02	-2.695384110555543167e-02	-3.731071189883321954e-02	1.863023971916445198e+00	-9.248842977847859803e-02	-3.157715312297099119e-02	-4.933337888338773514e-02	-8.985061744052381949e-02	-8.946307512904999593e-02	-1.633779763705343613e-01	6.703399135444095824e-01	1.507470730287850058e+00	1.637758075716300832e+00	7.381442566336490207e-01	5.463617555790666325e-01	-9.535833855083830635e-02	-2.503794877262066100e-03	2.921687582863046195e-01	1.488917338749311536e+00	-1.158028703130449533e-01	1.139299637245148045e+00	1.661566159230166262e+00	-6.781699064130014554e-02	-1.089222298262186445e-01	-1.596751237445432139e-02	-4.417318108087561757e-02	-2.390525371918040751e-02	3.310264023423512558e-01	-1.509353252819913005e-01	-2.674202890572439928e-02	-5.636406814497187112e-02	-7.299454349330927738e-02	-1.744103922209198909e-01	-1.215580530398609332e-01	-1.175094546380014982e-01	-1.309566987698682350e-01	-3.896732379552932807e-02	-1.181317533712647055e-01	-2.871181259203641617e-02	1.856228659171420770e+00
1.768177230874830475e+00	-1.365101682537285185e-02	3.360380180545783357e-01	-1.305716194330384106e-01	-8.707298043999615877e-02	-2.133716803495597919e-02	9.944206948243321520e-01	1.578474381028175166e+00	-6.060885857877485600e-02	8.501912339203093749e-01	-8.688661433745435703e-02	-5.522862714219451546e-02	-1.433054460075415190e-02	9.181182285602433879e-01	5.460367748016518030e-01	4.037080351573756332e-01	-1.180983403667318909e-01	1.048052844378697612e+00	-1.798658330926945770e-01	-8.234928748195403936e-03	-1.129485156022779629e-01	1.182242930293134320e+00	-5.648101183063783393e-02	-8.264356256627181790e-03	9.146217418252775566e-01	-3.861150105549213812e-02	2.028890854617916295e-01	3.491933558539877525e-01	-1.165458651948965280e-01	1.018194924575719584e+00	-4.991466011691420013e-02	-8.155501348616396584e-02	-1.082582084209015028e-01	-1.641194139196553714e-01	4.583482310093576206e-01	1.302165976672589265e+00	1.869741108880760949e+00	1.404910705295032480e+00	1.154093248469905131e+00	-9.377075746955997049e-02	1.368475600659184055e+00	3.809182231100922134e-01	1.840545458150009139e+00	-8.754722148982157712e-03	8.232085127270353242e-01	1.783254180523867971e+00	-4.107479895860467051e-02	-1.276025334977188563e-01	-7.409295972592025437e-02	-4.784170493505850164e-02	-3.604313094924594535e-02	-5.455967375840826278e-02	-1.296405334523763053e-01	7.855046492504222377e-02	-6.936213461518925261e-02	-1.526980374546523835e-02	-1.405031108510042537e-01	-1.319867731007454137e-01	-1.186607417711418866e-01	-9.530989486235832975e-02	-5.680650014423261479e-02	-8.417503788814804933e-02	-2.628370419155045060e-02	2.964224220281372890e-01
1.537171935044550075e+00	5.029883737920886055e-01	3.456373153877039806e-01	-1.120676155519723105e-01	-9.339636390633038188e-02	-5.406089438893096899e-02	8.794292630023052837e-01	1.665297200740171180e+00	-4.247488248553490248e-02	4.840505891699874441e-01	-8.579732113988136621e-02	-5.728585354897886700e-02	-2.206366649938436633e-02	9.015009606553689991e-01	6.538925953309162598e-01	2.378065063883822716e-01	-1.388684778400036124e-01	1.421340395877891127e-01	-1.789485377281580525e-01	-3.741908719938286804e-02	-1.121378598117325348e-01	2.044710210860774424e+00	-5.515863903640582516e-02	5.483208351288106908e-01	2.849844311593959234e-01	-3.982843034835401724e-02	1.111107509294518569e-01	-1.124816025377290730e-02	-1.130697214289398539e-01	1.513997735577398362e+00	-5.359788300991236154e-02	-1.074495724707106165e-01	-9.961002089190139352e-02	-1.769655862771702115e-01	1.144188510087014610e+00	1.821810473727818236e+00	1.896524316550181943e+00	1.026691332051589578e+00	9.101302932466238671e-01	-9.582445705920106249e-02	1.375877115262190031e+00	5.313124913119661175e-01	1.676990430212048189e+00	-1.417743290411394366e-02	1.157080876824339244e+00	2.004362947159524566e+00	-2.221734508376032105e-02	-1.311469232950569774e-01	-5.821475874900353814e-02	-4.608343732496127804e-02	-3.315041972044695945e-02	-3.549052434373559106e-02	-1.435455488573054716e-01	-1.945883307104562298e-03	-6.486410098718882467e-02	4.443127770124323250e-01	-1.517973157835849074e-01	-2.147725815731293952e-01	-1.162199263580039471e-01	-7.589976189092616232e-02	-4.366880030947301039e-02	-9.865966428239579533e-02	-2.853485110040640885e-02	6.788070622986261959e-01
1.411697647426693791e+00	2.823566350953967130e-01	-4.971705656114592219e-03	-1.908312505947437343e-01	-8.343879517894704778e-02	-2.822954401603594218e-02	1.118663516980226813e+00	1.283666933128999155e+00	-1.495384356821024760e-02	7.071866816509886355e-01	-8.309138186576701945e-02	-2.334118337860548870e-02	-1.019652020138745938e-02	5.571871229444551599e-01	-3.685029684068594213e-02	1.345267169205113911e+00	-1.055563985207130795e-01	1.004015537754360476e+00	-1.742879690292077066e-01	-4.608757560961430910e-02	-1.269227582206477745e-01	8.720476273765755959e-01	-5.983684284256837738e-02	2.881548910420002052e-01	9.199090614963210122e-01	-3.121182908765689559e-02	1.674150207870852836e-01	1.462366562133633252e+00	-1.049609944103610942e-01	-5.791992830997432472e-03	-5.362706793620863888e-02	-6.631656124931276097e-02	-8.687255981523656079e-02	-1.641067990052014203e-01	1.514779308036282801e+00	1.747867281979763598e+00	1.805447217187657882e+00	9.668832298710260398e-01	5.418678392593192505e-01	-9.247493211653282086e-02	1.267099996763628722e-01	6.782395028147972793e-01	1.415040072018698414e+00	-6.836890942390573545e-02	7.946063210181274483e-01	2.111994051833885777e+00	-4.580489072680201529e-02	-1.299388266878915565e-01	-5.030179988319011253e-02	-5.161335408147836590e-02	-3.038721375585165183e-02	-1.333003240576954677e-02	-1.072434129671519937e-01	-3.294860805095194828e-02	-6.060359788636252715e-02	-7.058176858708058166e-02	-1.581301740202803174e-01	-1.422397844747294304e-01	-9.340970451581633027e-02	-4.944240744330714865e-02	-4.052948839429791617e-02	-1.093647669799825556e-01	-2.342234783447040558e-02	3.159158654112372844e-01
1.349912372479163292e+00	1.074044375305539950e-01	1.006514147585767072e+00	-5.380859177783416797e-02	-8.442337470878132077e-02	-6.824088586060554976e-03	2.496861215418300362e-01	1.364471296941713208e+00	-7.059182799296118138e-02	1.382671875239745857e-02	-7.945800550635898074e-02	-9.178029700502035593e-02	-1.063568874399793175e-02	8.852559891584856899e-01	1.687625544820086310e+00	-1.672480975262551420e-02	-1.532933459349678784e-01	-8.052627788807770973e-04	-1.843973326721155270e-01	4.590181584805398951e-01	-3.772222967612816336e-02	8.849882786807378166e-01	-4.633863210695043922e-02	8.066625939302051185e-01	1.070453279756182763e+00	-3.739552529775390377e-02	-6.051024626838350656e-02	9.428588594591964522e-01	-9.814321005096311723e-02	1.107837249734830332e+00	-2.314227623245071128e-02	-1.183260599836931520e-01	-8.961565306511917739e-02	-1.696693738641077143e-01	5.969132235729913694e-01	1.582922734325184599e+00	1.916407138428841028e+00	7.471501858740079438e-01	9.572757972361719547e-01	-8.864336867316208179e-02	8.991716557571307611e-01	1.024300018180455130e+00	1.812067536670341372e+00	-7.307647486286295013e-02	1.198729527865250555e+00	1.507856046269506756e+00	-3.587283614790604674e-02	-1.071050360574222204e-01	-5.599488184844527566e-02	-3.944148539606937010e-02	-2.881284701346809723e-02	-1.479092622811453185e-02	-1.368639910886920719e-01	-2.327463367776116260e-02	-5.961536205380526393e-02	-1.095507046597156246e-02	-1.411637262535265780e-01	-1.321809393937928567e-01	-1.204686981253689643e-01	-1.332803167758972451e-01	-2.465180558095777380e-02	-1.044701566696187994e-01	-2.280586914033254364e-02	2.133519868845525913e+00
2.083575512773389260e+00	1.036680671605182624e+00	3.504873798976194110e-01	6.775706446526248428e-01	-5.840113640895698566e-02	-5.150237056655448563e-04	1.133381820972878984e+00	1.817820400549368998e+00	-8.129603939755790376e-02	7.065898231086656933e-01	-4.196727340121464422e-02	-1.282291585325066596e-01	-9.370222624690597094e-03	1.236900482262853762e+00	2.346268737438720886e-01	2.678336616607139842e-01	-1.442566230543154693e-01	3.593391285798589463e-01	-1.281529147476651864e-01	1.953558804460730214e-01	-6.047648464719579398e-02	1.214202093996240350e+00	-2.781481474581839683e-02	3.269258804809279662e-01	1.294043243442232871e+00	-4.132507754559573698e-02	9.800172041922241561e-01	-4.868839635124135728e-02	-8.222118549411350230e-02	2.059345368939635712e+00	-3.802101727150251909e-02	-1.140469374088881327e-01	-8.056573994216131851e-02	-1.389234777791298336e-01	6.751293231869861522e-01	1.591116158573016248e+00	1.891022985920834065e+00	1.016172793499453997e+00	1.376117745694976469e+00	-7.512429207236595574e-02	2.419128156375365712e+00	7.121213490392952483e-01	1.637993582984602181e+00	5.228742494866575052e-01	9.270814786634490323e-01	1.871958799689600994e+00	3.679943371147222919e-01	-1.095983932454863141e-01	-9.028327141164387004e-02	-5.073735954423610334e-02	-3.050755223750945336e-02	-3.730931744406953271e-02	-1.187226854540124610e-01	-1.297468280276733435e-03	-5.489253862222179953e-02	1.051743129051440073e+00	-8.898792499327327910e-02	-1.342241698220237034e-01	-1.036559419927606668e-01	-3.489532349035821823e-02	-4.025307551303971415e-02	-6.734028097193348050e-02	-1.734687768420140053e-02	2.144967686628961534e+00
1.114810443033501741e+00	3.882918677557143372e-01	5.726581460868880313e-01	-1.801370102922607019e-01	-1.011150006815983993e-01	-1.706006199177261332e-02	5.701691527790698766e-01	1.367016508267266506e+00	-6.389186740880517523e-02	3.406388304708913295e-01	-9.226360900108075691e-02	-2.868120636492174289e-02	-1.227218876810523031e-02	7.905536085563238391e-01	4.731858098490515641e-01	1.962793367964498492e-01	-1.364155842434172372e-01	7.460353529070193890e-01	-1.906058897905121563e-01	-4.048373633162453099e-03	-7.427081510464414449e-02	4.289781994710112900e-01	-6.135888341461900874e-02	9.145220638529862889e-01	5.856643841774856751e-01	-3.216236155260758511e-02	-2.567018469878727324e-02	9.226149321775251044e-01	-1.123973779555103025e-01	3.107362330998240108e-01	-3.418585747591015855e-02	-8.600818568465595781e-02	-9.197285500778251688e-02	-1.752570133356441962e-01	1.071285070020574715e+00	1.827758602482104200e+00	1.989745996141790707e+00	1.208857307833032468e+00	7.226612520803727957e-01	-9.410970045833368103e-02	-2.684781999958229040e-02	9.282517442308233502e-01	1.546493247057660003e+00	-6.651685037522286903e-02	1.028704372244316545e+00	2.060132714914361340e+00	-5.651444834531305084e-02	-1.297450395175318294e-01	-7.744579790350361592e-02	-3.523637875411411713e-02	-2.326116041522588787e-02	-3.217972420927982941e-02	-1.358823163450130489e-01	-4.186502991847958731e-03	-6.070998231738199830e-02	-1.649192724601990234e-02	-1.497056944145069013e-01	-1.754613199846457305e-01	-1.187601522444362706e-01	-6.286671190356381278e-02	-3.729898211481594283e-02	-9.678838114097827738e-02	-2.077575064715589045e-02	2.493400969105982468e-01
1.440457254979252921e+00	-3.407311450905729962e-03	-2.759626746340170488e-03	-1.300273661936618141e-01	-8.150100430589393707e-02	-1.598907294468628407e-02	1.125153955173348930e+00	1.403917315464557447e+00	-4.445855873991002433e-02	1.008410620797943080e+00	-7.699404114217987816e-02	2.982297448185000088e-01	-1.668500493757178391e-02	4.340086197540706792e-01	3.386023876012507206e-01	1.143087149947350945e+00	-5.733800183320878624e-02	2.043336095021807686e-01	-1.593217834147230838e-01	-2.148915774130467915e-02	-1.152558324838715426e-01	5.968258734708542512e-01	-4.634414309025110257e-02	-2.415722182979476718e-02	7.843465005292971082e-01	-3.115622133721132267e-02	4.841490862407389351e-01	1.403476787853504382e+00	-9.723551852927279915e-02	-3.235737282508435037e-02	-5.949301174799589281e-02	-7.632660560153840812e-02	-1.008318073667570924e-01	-1.381387947976846220e-01	9.563967010006309000e-01	1.025125761546697767e+00	1.526748985912453449e+00	1.178498934621343475e+00	1.193599853282814705e+00	-8.480500555479550395e-02	1.223363809016130288e+00	3.986612435270354693e-01	1.297762552724255336e+00	-5.290874999490908365e-02	7.441753551994052529e-01	1.602253990333037281e+00	-5.196704654121463846e-02	-1.070855783519011617e-01	-4.509300985028428382e-02	-5.604820027166126928e-02	-3.447773701337378954e-02	-2.511613245163244260e-02	-1.260855302534827083e-01	-2.775690122108270819e-02	-5.768628315127254103e-02	-5.976640834622399395e-02	-1.341046809619652613e-01	-6.921402090976924715e-02	-1.126348889585908064e-01	-8.365544450864652315e-02	-5.000966016559112853e-02	-9.818449206693838360e-02	-2.515567103681963512e-02	7.486310534478848311e-01
1.251861868780518972e+00	9.145574322368267561e-03	1.406832255355334182e-01	-2.041048270830798372e-01	-9.444254099951387982e-02	-2.043582172191882318e-02	7.122034427448769023e-01	1.336025594308211772e+00	-2.484192585132142736e-02	5.191918507606124722e-01	-9.098828749836947172e-02	-9.867317471536555043e-03	-9.111709843661846067e-03	4.810213111862405300e-01	7.187988431906176812e-03	9.205226579783154506e-01	-9.467958747791867247e-02	9.120619284094928503e-01	-1.875121233412748722e-01	-2.372201007995959621e-02	-9.842793949182478130e-02	7.820816665711962656e-01	-6.436559170429471954e-02	5.996213986107286065e-01	8.525107717293785026e-01	-2.930613627051626216e-02	-3.030305231295254975e-02	1.532478372318255788e+00	-1.099568551173640413e-01	-6.930383862929104070e-03	-4.926243567975669563e-02	-6.982703346084204177e-02	-8.876815157684875279e-02	-1.682557238765519936e-01	1.083934214467823676e+00	1.649879249834617312e+00	1.746932333914685831e+00	1.175351741937754824e+00	5.857566638909502688e-01	-8.930345488189722625e-02	-2.809311223184089712e-02	8.168280916014040161e-01	1.424995593586440457e+00	-8.515528402047171930e-02	9.157883546692512367e-01	1.951706732813698553e+00	-7.202376442318463023e-02	-1.272119710292656525e-01	-5.251727716308988297e-02	-3.786938979087431378e-02	-2.566728508469374656e-02	-2.333514870255995119e-02	-1.184072754966523644e-01	-2.888254374211048775e-02	-6.356751225682970297e-02	-6.433200146974951683e-02	-1.579840759313466403e-01	-1.404771073772872747e-01	-1.027250018382863395e-01	-8.923181777135806569e-02	-4.296499541374908943e-02	-1.084372816441867976e-01	-2.288842363584213738e-02	2.085522021967102513e-02
1.387917635339867450e+00	5.892038986599490435e-01	1.696264559693722695e+00	-5.817905574024224979e-02	-7.800168474349956915e-02	2.090824547839074676e-01	1.184941065729899323e+00	1.128350082001533528e+00	-1.487488117942605825e-01	1.267487869900690622e+00	-6.538010396655025147e-02	-1.511477562256871576e-02	-3.058959107063646474e-02	5.140987849140903343e-01	6.256748672074723405e-01	-9.132401933159395302e-03	-1.547233847008397667e-01	-3.212289077284436606e-02	-1.024947354901836472e-01	7.305847707612689312e-01	-3.286886135713744383e-02	-4.635331148720742232e-04	-4.590744246304631626e-02	-8.797589774181928390e-02	1.121818819322654148e+00	-2.612221323231278536e-02	1.828624182179027224e+00	5.573510147639039181e-01	-5.272461556668631838e-02	-6.459349496360378140e-02	-5.431606775880293281e-02	-9.367855194697899401e-02	-7.097155918005121356e-02	-1.026893017724164331e-01	1.362936019804921739e-01	8.661242170387271067e-01	1.389917767766366330e+00	7.516142883863873303e-01	1.034278185233175495e+00	-9.421038955029552298e-02	8.245901258954069224e-02	1.671658803426203099e-01	7.942260088513354299e-01	-6.932091578441944291e-02	2.463381636536788322e-01	1.285108066570446628e+00	-1.298113428333990543e-02	-1.068596956633738049e-01	-8.590087154566347638e-02	-7.429437699178047250e-02	-2.971932314428571420e-02	4.245269398650641790e-02	-1.394467648598610443e-01	-6.277595703010169226e-02	-4.958871402621561897e-02	-2.174209787450691322e-02	-1.361662949669426581e-01	-3.034364993925738052e-02	-1.239241648319461125e-01	-3.779015583130224815e-02	-5.337433097023022016e-02	-5.262702763324710736e-02	-1.518336837071030711e-02	3.913200321334268317e+00
5.262925821074895261e-01	-1.739384612555738494e-02	1.974134091796212909e+00	-3.158606288132821405e-01	-9.780462387997673757e-02	-6.989002680541797630e-02	4.074283281362033327e-01	6.544170861716818166e-01	-8.164840769584831570e-02	4.702300440317979668e-01	-1.080630591503706772e-01	1.055416518389799219e+00	-3.369398687852743352e-02	-1.310886735345564427e-03	-1.762610286274208030e-02	-3.902771432912686251e-04	-1.694220118881667736e-01	-2.768828470331635488e-04	-1.807195689047048637e-01	-3.253796609861703965e-02	-1.373576607717434395e-01	4.696352661787441263e-01	-8.378194924141005306e-02	-6.635456699390859803e-02	8.325344191508687874e-01	-4.304465759191740404e-02	1.696502005191537210e-02	8.749748129466261570e-01	-1.018017992539712174e-01	-8.061954816389114986e-02	-9.392515156757678951e-02	2.325977121138600723e-01	-7.961621514026877289e-02	-1.462851012206985435e-01	9.313303506034669166e-01	8.169208940062738789e-01	9.813770237879513303e-01	9.075426210314145870e-01	5.058345126484526943e-01	-9.304221498689040082e-02	-8.918928437773405993e-02	8.406010852380133014e-02	1.146932661350462901e+00	-8.078428298442535960e-02	2.236055146031142860e-01	1.070442207923597788e+00	-1.012172315407435241e-01	-1.313555830972449323e-01	-6.232496394601240441e-02	-4.454961573508862960e-02	-2.694701303566541389e-02	-6.692629520701455503e-02	-1.436103391659221129e-01	-7.927722653564317490e-02	-5.488240728848193389e-02	-6.192564769256597712e-02	-2.229319226860056180e-01	-1.504390811189052213e-01	-1.205915272938409277e-01	-8.611107707958963464e-02	-7.105038478873557106e-02	-9.191509017552192129e-02	-3.821005069919958946e-02	-3.900787867680559351e-02
-5.252469620832905806e-02	-4.397395706419816863e-02	-2.480055982034703316e-02	-2.412960076013164756e-01	-1.351852589938262739e-01	-6.471273739373091527e-02	4.250107267347623674e-01	-2.091921039122883116e-02	-5.362067488217296674e-02	-1.097468470023030794e-02	-9.983875275032118302e-02	2.453041136280977419e+00	-5.707615024384385394e-02	-3.167278746640447840e-02	-8.278820604940123271e-03	-2.545137516718774459e-02	-7.351283117556903224e-02	-3.143408099443430193e-02	-1.048264587830718547e-01	-7.540349965112519426e-02	2.290271901726620429e-01	-3.736061914622399588e-02	-9.450863621121131930e-02	-5.277070694368460324e-02	-9.931720443996353009e-02	-2.638856739239029553e-02	3.826319266224701976e-01	1.402288546688044146e+00	-4.038151269165737856e-02	-1.097996287777087548e-01	-6.595737764987416596e-02	-7.840902313945134761e-02	-6.441060157752269422e-02	-6.524852249837198581e-02	-2.852155344677402907e-02	7.219199182857738428e-01	1.045309883326310807e+00	-2.813522384611159138e-02	8.084741806468917491e-02	-6.584667686662511177e-02	-5.674077877039658546e-02	-2.134911024394130219e-02	5.452471460570724737e-01	-7.288391039659371240e-02	-5.612556347436898491e-02	4.791506545329656253e-01	-4.366922477959026688e-02	-5.358210768764817139e-02	4.635878227934038698e+00	-5.279966119593595963e-02	-4.637627330223121486e-02	-6.705053883598086073e-02	-1.262508881991954990e-01	-4.595424822245189334e-03	-3.180453228479394878e-02	-6.793213898778591164e-02	-2.118612129622299556e-01	-5.543111572639775747e-02	-8.381718376609348375e-02	-1.072191198394843309e-01	-8.073227762112085426e-02	-4.696252356859464266e-02	-6.220332849514139013e-03	7.576005032045327603e-01
1.181257854367180560e+00	8.381965326025723195e-01	5.482140418422130068e-01	-1.113122882198777225e-01	-9.451685530016393222e-02	-4.381004882994349314e-02	3.320975284757551882e-01	1.406878796697916822e+00	-3.216165958754485521e-02	7.841289771482197468e-02	-8.343978182251041154e-02	-5.862640956847803980e-02	-1.599599069139664292e-02	7.252312330652106453e-01	8.125252346920487367e-01	1.884354562098066455e-01	-1.605203517564053883e-01	-1.315403234681475873e-02	-1.830130073294431725e-01	-2.541167470822391916e-02	-6.733637567018953274e-02	1.604809346208718734e+00	-5.420784549956067511e-02	1.548848002736832319e+00	5.657639571096384490e-01	-3.675286256209776142e-02	-4.615005357322454760e-02	3.079850548527754972e-01	-1.047815756980057106e-01	1.181738360280777611e+00	-3.966559280546087113e-02	-1.329941330824132850e-01	-8.196314605313137491e-02	-1.820691550618290244e-01	1.483615509245711950e+00	2.123853047881768319e+00	1.915268473503894953e+00	4.919482903966322929e-01	4.450933078327583003e-01	-9.138301211188402939e-02	6.474739065615747746e-02	1.115636075977342268e+00	1.556435387389745628e+00	-7.908629820376551767e-02	1.365076169012546803e+00	2.047553462887193199e+00	-3.291710172091568548e-02	-1.243115177200814908e-01	-4.542571525223270540e-02	-3.628504871310538060e-02	-2.526003968545567288e-02	-6.101348987625919776e-03	-1.405707176608456399e-01	-3.465516397404915655e-02	-6.012197587261538384e-02	1.771218436059402435e-01	-1.619811816632323043e-01	-2.353688499237022447e-01	-1.101017328954113361e-01	-8.676718937024106848e-02	-2.414446693003044139e-02	-1.166093548539892666e-01	-2.659248171429862487e-02	1.511057156504510335e+00
8.519402410617517019e-01	3.548323719747092930e-01	8.902727020205601915e-01	-8.155193342253339028e-02	-1.078352141697004329e-01	1.177990371315478652e-01	2.056585974218795021e-01	1.405250694053026050e+00	-7.476708940634360645e-02	-8.726528973881429382e-03	-8.861171948639209872e-02	-2.933936317737644364e-02	-1.497781574814495940e-02	7.330337161797351175e-01	2.114071650846086836e+00	-1.742959167454169109e-02	-1.203480100892548726e-01	-1.698265931367465287e-02	-1.845972791121819334e-01	8.406899897750838013e-01	2.207879217059416921e-01	7.866469814536287686e-01	-4.827890768606139804e-02	1.272918642885187523e+00	3.817295758312704290e-01	-2.896223498242388172e-02	-5.486528012251550707e-02	1.125077473987981636e+00	-9.359809970038400484e-02	5.329438707658332719e-01	-1.530854748240023308e-02	-1.311131954149937495e-01	-8.700607215638946068e-02	-1.729554654188566465e-01	7.771896989945468182e-01	1.621574276079105204e+00	1.982661195073490257e+00	9.548240957441844756e-01	7.658357408236041719e-01	-8.774071594831708842e-02	-1.342029987204653579e-02	1.161200743954601489e+00	1.456856874951709457e+00	-9.884971672741175996e-02	1.295997606994451656e+00	1.723690008132471085e+00	-3.187326568063447024e-02	-1.096530556408757406e-01	-5.336042343532066551e-02	-2.321945838564532655e-02	-2.443066019241610376e-02	-1.186717004966528037e-02	-1.481574682925569930e-01	8.412651056918424297e-02	-5.460344483127420323e-02	-8.124161633735421748e-05	-1.307993978037689520e-01	-1.640188510095427210e-01	-1.275779888077849533e-01	-1.020591386615636448e-01	-2.059171991399687957e-02	-1.057416587127912866e-01	-2.287637652213288589e-02	1.502068034656981910e+00
9.546246221445361391e-01	8.018672210676813794e-01	2.079510499541632917e+00	-1.184421741026718961e-01	-1.081220403200772451e-01	-1.553502726472934768e-02	7.930595308198344628e-02	1.078384272046966519e+00	-1.319969025001945795e-01	4.266865733421802420e-01	-8.683529340339814218e-02	1.394881756437858500e-01	-3.129596963135471838e-02	7.767752205604945281e-01	2.207329866132579088e+00	-2.948514747405275166e-02	-1.939089555995820724e-01	-1.988786535990416660e-02	-1.667649521518334566e-01	9.313290760084890207e-01	-2.467255119127591267e-02	6.439961045648324722e-01	-5.338120789944472699e-02	-4.754031759893307708e-03	3.576068124896619183e-01	-4.042342321599842747e-02	-4.669797944753863519e-03	4.694914089329303014e-02	-9.338803875000950550e-02	3.835287983931819911e-01	-3.400842458575654981e-02	-1.238961186963302291e-01	-9.204649355366587016e-02	-1.563803195686561953e-01	4.196969694682974872e-01	1.227005002010932655e+00	1.733966725559656918e+00	1.055649726152944057e+00	9.338723146116841844e-01	-9.870065081163151288e-02	-3.320415952675763449e-02	5.832589659375004842e-01	1.312376780790877717e+00	-6.757951971931756840e-02	5.431724466668368390e-01	1.584731119010204248e+00	-3.699641259960456674e-02	-1.259313496015151135e-01	-9.669141748901749489e-02	-3.730130208771417766e-02	-2.902523588064420679e-02	-3.335808708153099184e-02	-1.667045427899586929e-01	-3.078885809218354780e-02	-5.758630517717006764e-02	9.634521117262858647e-01	-1.405661319986466207e-01	-1.781194161157595712e-01	-1.517986796514806946e-01	-6.952357314791661469e-02	-2.707348591327361775e-02	-6.960998846677080021e-02	-2.115713059991989470e-02	1.925205833634491270e+00
8.563609358823339734e-01	-1.145622439430963105e-02	3.800215177474733363e-01	-1.600342157659393194e-01	-1.014405272681912495e-01	-1.506469054515157009e-03	4.591689333464183953e-01	1.172872425815494335e+00	-7.962995212856945060e-02	1.645305055964277063e-01	-9.562266030425393970e-02	-2.199472485492108553e-02	-9.653757459495303575e-03	4.965158207059982565e-01	9.900356906389593536e-01	-9.422573870943289770e-03	-1.053926940057627465e-01	4.023756592751060457e-01	-1.861164382994834610e-01	3.444298671922547683e-01	-8.714910209635474969e-03	-1.364335711115609653e-02	-6.517841217314017388e-02	4.096963629802618523e-01	5.475579573236466491e-01	-2.672418093464880295e-02	-3.795529465431293770e-02	1.781964695285407352e+00	-1.001024950734964863e-01	-2.897529635739947568e-02	-3.002323474045813859e-02	-8.299679588718884837e-02	-9.424167374926223362e-02	-1.643901004162744428e-01	7.615817393340856833e-01	1.404752605363816631e+00	1.811918144247860685e+00	1.187048639549654894e+00	7.675803745498457342e-01	-8.762532225261784879e-02	-2.754444869187948688e-02	8.459258718071646088e-01	1.369954140477989579e+00	-9.223785482845707484e-02	1.128468455885165866e+00	1.640349209519170293e+00	-5.308577119657307414e-02	-1.114159580048345449e-01	-5.749136891815447709e-02	-3.260818426393686381e-02	-2.625520091651079718e-02	-2.704225573432338450e-02	-1.383131304101253289e-01	1.131649948141053574e-01	-5.616859326856957213e-02	-5.032965321108660850e-02	-1.546899181436732496e-01	-1.027573845675244513e-01	-1.245053775366081611e-01	-1.009321182292763353e-01	-4.403745617313492566e-02	-9.799159141776042636e-02	-2.194478012651829638e-02	6.028931267754297219e-01
1.712907697879470170e+00	6.574550700561995198e-01	5.967542162631525038e-01	-5.237739940492931040e-02	-7.809721229795893449e-02	1.621162768341793126e-01	1.366536067987734526e+00	1.840094951527041056e+00	-8.262480999542151650e-02	7.011161513928007016e-01	-7.434826188162869942e-02	-6.847102151786922664e-02	-1.510688584587391477e-02	1.077780498613016391e+00	6.737635304560088967e-01	-1.547769260500467606e-03	-1.046070425886344302e-01	4.755385565835498207e-01	-1.513194750222444096e-01	3.362314027876172617e-01	-6.591077632355003824e-02	5.802055288807416167e-01	-3.595416830248795992e-02	2.161000048778803639e-01	6.085547515455826950e-01	-3.290673126076081728e-02	3.280724625840223396e-01	2.675289615306264412e-01	-8.946053373539215869e-02	9.522786168429625553e-01	-3.154822103421444507e-02	-8.880939908498465540e-02	-8.820633013280795853e-02	-1.511984343998606650e-01	3.572760711571580927e-01	1.524252705415239273e+00	1.841304495061604429e+00	1.381185723136076016e+00	1.247531240674672803e+00	-7.928381596865675951e-02	1.210459915456159496e+00	5.641699325133501253e-01	1.656256943619101030e+00	-3.109021155935428118e-02	9.922751611207688560e-01	2.009550786907888131e+00	-3.054101818020985709e-02	-1.108799643271889818e-01	-8.171204510822634159e-02	-4.568476806375754151e-02	-2.149444461628144745e-02	-2.152222923808416385e-02	-1.317258240509029954e-01	2.361365157678719795e-01	-5.785530826699607915e-02	1.208585584813766239e-01	-1.000372563935895132e-01	-1.002488725628710858e-01	-1.148992315290065375e-01	-6.549686158978529349e-02	-4.327415361015923140e-02	-7.851386389852110792e-02	-1.564708541173859963e-02	1.889458395505082988e+00
-6.519054451022146535e-02	-7.365287413334349609e-02	3.777384375569751152e-01	-3.130088836148393616e-01	-1.131067059194813679e-01	-1.081667684519153350e-01	-3.608294489812780004e-02	-4.586809313017867207e-02	-6.330317651404859802e-02	8.208039309558411156e-02	-1.159081320870840870e-01	6.471325547968153069e-01	-4.057183938605934959e-02	-3.923233051976354052e-02	3.204114148340020396e-01	-5.807649759587608235e-02	-1.535320773992453758e-01	-5.760981095483008046e-02	-1.478879270382949251e-01	-7.078041200581233761e-02	-3.017385907763702260e-02	-3.212409761438031475e-02	-9.697246846232421280e-02	-5.804452290834001549e-02	-3.958550793688177249e-02	-4.175571960203796479e-02	-6.881644420844751364e-02	5.017664866273529034e-01	-8.435287456313819709e-02	-1.159359568569242466e-01	-9.620896960836991529e-02	-7.976215822758012108e-02	-7.124326025180492683e-02	-9.890893111489938716e-02	5.389458781741225668e-02	2.809457603183790897e-01	6.127725933535725922e-01	2.740408681712790118e-03	-3.629375920234946193e-03	-6.368220037930631683e-02	-1.324396394872656424e-01	-2.131697622307763759e-02	2.885360078171411713e-01	-7.541259778878001141e-02	1.724905114983536075e-02	-1.247407385696915928e-02	-1.010335816909918305e-01	-7.196853343705518491e-02	4.142420502342064603e-01	-3.492066567203794270e-02	-4.297958616314649649e-02	-8.068719252710990220e-02	-1.456520857465003205e-01	-4.967986812799785740e-02	-4.605030303875350811e-02	-4.363389151228858065e-02	-2.446821886909564814e-01	-1.152458033255041453e-01	-1.160771744525745525e-01	-1.791974309540345089e-01	-8.203126368849575356e-02	-8.134533031296348193e-02	-4.092248734117717723e-02	-2.575282203154126079e-02
1.353090473257778426e+00	5.953265304118635637e-01	4.654246044522540315e-01	-1.489024272744464139e-01	-9.541697394485224026e-02	-2.728107344462332804e-03	3.918277487848441654e-01	1.530537157718932173e+00	-7.890853121741793486e-02	7.180047428940341536e-01	-8.519635728976149291e-02	-1.939733440570468037e-02	-1.211053935443357626e-02	8.194317734531619823e-01	1.070948115233222753e+00	5.067934036044143831e-01	-1.168046420094590587e-01	7.516729794232275275e-01	-1.797243366956248478e-01	3.367241811786284011e-01	-6.469131868245094064e-02	4.693321413712641665e-01	-5.154798803081302172e-02	1.104464606603222654e+00	8.466315043642043126e-01	-2.838258160526447443e-02	-1.197823612170772350e-02	3.317101238803815133e-01	-1.191147676408889355e-01	6.156606013070861083e-01	-2.744890035308843873e-02	-1.113432267458667330e-01	-1.000614931204421992e-01	-1.718866374777490158e-01	1.144090289203333555e+00	1.545655996840882951e+00	1.897621540337807833e+00	1.386391872785047052e+00	7.220389580024313414e-01	-8.653051351686903703e-02	-2.231997401066932937e-02	9.252530752795897762e-01	1.285167913864900591e+00	-4.866664769665977885e-02	1.236132612250902874e+00	2.180958729943786700e+00	-5.314407368093090889e-02	-1.286599540902531313e-01	-1.144622793902411312e-01	-2.606287851276212902e-02	-2.457104513313395147e-02	-3.573233363760621589e-02	-1.392838949107957081e-01	2.834380704397492790e-01	-6.153363406115928275e-02	4.944517298947078698e-01	-1.130574451866074998e-01	-1.918670137761663008e-01	-1.309778790568028317e-01	-4.858286437566699395e-02	-3.302588931915975690e-02	-8.818565417082556424e-02	-2.159936571148317330e-02	-3.348512898452737658e-03
-3.640963194957851090e-02	-7.464511444711299792e-02	1.057836013460779601e+00	-2.821577203863257499e-01	-1.233522107589165862e-01	-6.012971459697167426e-02	-2.949559973682981326e-02	-1.957129559737394095e-02	-5.706054691251867539e-02	-2.457132145417643618e-02	-1.074492270221016899e-01	1.172615552122087568e+00	-3.690949477415746832e-02	-2.985440525480419910e-02	6.725088116989778042e-01	-2.753925882448207685e-02	-1.586236411796914658e-01	-2.854209376954577534e-02	-1.637339622636541370e-01	-2.628795598431335132e-02	-3.418379273371632138e-02	-1.974532382083653281e-02	-9.600934636656503762e-02	-6.088847973630868299e-02	1.730402485139956870e-01	-3.522418950629425255e-02	-5.198446709401249866e-02	2.216197665083345036e+00	-7.512814179352261812e-02	-1.192134598465541262e-01	-7.577360862833101840e-02	-5.758907338189901692e-02	-6.442515700340518958e-02	-1.183227756665836267e-01	2.070130230274704608e-01	7.154333902746233820e-01	1.015831510528566461e+00	-6.541430113650944546e-03	2.696911431164267237e-01	-8.455983993742896554e-02	-1.128896792303189095e-01	1.017640228429863847e-01	7.189743920429724211e-01	-1.278812628798536855e-01	-1.111857644124648707e-02	3.588133339803909472e-01	-7.445686465681902733e-02	-9.152907184374842187e-02	1.115816262097374612e+00	-4.740889092228867119e-02	-5.195741650295206127e-02	-5.822609905818658393e-02	-1.325954391312157699e-01	-8.810250963735244412e-02	-5.073434229569869641e-02	-1.173641732805503490e-01	-2.472440758735345301e-01	-7.460243020096020417e-02	-1.118468042500624648e-01	-1.494050409365042520e-01	-5.082773062952526677e-02	-8.987398888536092534e-02	-2.619058409331884163e-02	2.775918695431763838e-01
1.326709330300834599e+00	2.133457750133192499e-01	7.720343043867184951e-01	-1.338906977864829373e-01	-8.760309610384083012e-02	2.780278448136476177e-01	5.979749311491964203e-01	1.610379518157252665e+00	-7.548885355403174569e-02	2.995978926264227238e-01	-8.228557635817861093e-02	-1.792269477932497204e-02	-6.976568283146068923e-03	7.036591686077586782e-01	1.017410115084518063e+00	2.533374918283046728e-01	-1.063378554913095159e-01	7.075051974163393265e-01	-1.819105962802871901e-01	8.136744338844549285e-01	-4.755879587905190164e-02	1.478144653241968143e-01	-4.585762851745345259e-02	6.273247067319224213e-01	9.858577732573976515e-01	-2.743443762793579960e-02	-3.553010658391209803e-02	1.329700031197856847e+00	-1.061011619990465810e-01	1.235259620445182394e-02	-2.785763054167124733e-02	-8.833455322628548656e-02	-9.117090633538454947e-02	-1.658611652258807079e-01	9.926893028200178826e-01	1.393385679111919018e+00	1.925882538931839028e+00	1.303522061860889369e+00	9.384211843975093226e-01	-8.609495688163079641e-02	-1.584183756267321108e-02	9.275074262923979074e-01	1.600864416909592247e+00	-7.993481833367044320e-02	1.084294876880544711e+00	2.150047631920647184e+00	-5.039518213701293936e-02	-1.232718411135855924e-01	-1.015815764220671519e-01	-2.419148395378203226e-02	-2.017826710356136755e-02	-2.230860405772076838e-02	-1.268268602606210382e-01	-1.169219201128055517e-02	-5.458608484138115918e-02	-2.177062721289660385e-02	-1.182207342818884649e-01	-1.250357734479434213e-01	-1.260225312396906217e-01	-6.453747953846886154e-02	-3.051197729354364688e-02	-9.080031350804747270e-02	-1.962128427092300204e-02	3.205232585869032258e-01
5.699202448205825666e-01	-2.242178911141988126e-02	3.067081130278659806e+00	-1.757304411288415358e-01	-1.023278885975635599e-01	-1.685987971720773540e-02	-1.449568113743204649e-02	7.103500929146641107e-01	-1.487635627103146563e-01	2.360535962240387364e-01	-1.003766942164360104e-01	1.997751837176996004e+00	-5.187171720824990118e-02	3.195265696618102558e-01	2.836560477162063165e+00	-5.000130352134637968e-02	-1.673197652510272637e-01	-3.762686875982710483e-02	-1.656377729591972381e-01	1.627749959696664472e+00	-3.788439919789921007e-02	-4.978225373322555346e-03	-5.016203264252092064e-02	-7.384047200707205549e-02	1.668543698630047256e-01	-3.726493784906195761e-02	7.018844820417771690e-03	9.136911290866333024e-01	-9.290034114275021182e-02	-5.791847912193859998e-02	-4.232960431171921278e-02	-5.732932019717915800e-02	-9.227465695876928276e-02	-1.380573750154320822e-01	1.927487706657019517e-01	6.327313076493730482e-02	1.085729957524984801e+00	1.002736666109859121e+00	9.762791612552101927e-01	-8.914499463037932336e-02	-4.888946671227779872e-02	1.021630156680210788e-01	1.064711591230159460e+00	-8.707588573274202548e-02	3.693334930538557104e-01	9.830985250953419019e-01	-5.202203990559140651e-02	-1.152164419554685265e-01	-8.307671279912998141e-02	-2.386956627773218625e-02	-3.339512190045247630e-02	-5.553892503771943462e-02	-1.669235552001056277e-01	-3.397024955199674789e-02	-4.202030060614449225e-02	-7.027639562639451110e-03	-1.403068665817486793e-01	-1.244937790380594711e-01	-1.725597894884228212e-01	-7.641609150211041424e-02	-2.141323416828957993e-02	-5.414605984851306869e-02	-3.708480120766599608e-02	1.989368532206803875e-01
9.594960685501296993e-01	4.170937069994319901e-01	7.213805008035621968e-01	-8.077574414975600969e-02	-1.125236591396185926e-01	-3.232939405120548171e-02	1.512290945361313699e-01	1.442854490448801430e+00	-7.944166775702106442e-02	3.614733706765930338e-02	-8.655181353074031803e-02	-3.511776864314551660e-02	-2.275805609945940819e-02	8.060039649670605044e-01	1.947906695709499703e+00	-2.973873059724623652e-02	-1.577069897229134154e-01	-3.454077303832545770e-02	-1.775298810473425470e-01	1.497740062616364498e-01	-9.556719485107958989e-03	1.686770481893289819e+00	-5.815598283756662212e-02	1.012195461609445291e+00	8.040596814238121226e-02	-3.670217651590467617e-02	-2.717689125611399276e-02	-8.053310682187699715e-03	-1.043239070092931292e-01	1.347670239333922826e+00	-3.465518551693098220e-02	-1.464903430612694568e-01	-9.323105568987696823e-02	-1.747448713992443003e-01	8.716438563906395709e-01	1.740882000822315812e+00	2.037863726714162382e+00	8.856950401781280569e-01	9.113413243155215060e-01	-9.776231415793081025e-02	3.943411770717566434e-01	9.340851415400643898e-01	1.623684379434604086e+00	-4.678388040815213006e-02	1.200057172372659409e+00	1.732684122164759088e+00	-9.566174169928351109e-03	-1.204980471457201135e-01	-5.633346254117507779e-02	-3.425336418734756250e-02	-3.204095832467050015e-02	-3.221196292395557548e-02	-1.613837306522807047e-01	-1.443060588926718289e-03	-5.843506526134172041e-02	1.030236519950126439e+00	-1.486855501212739905e-01	-2.156132499855424600e-01	-1.314813233371046330e-01	-9.402968771946826343e-02	-3.319292534462318228e-02	-9.161419240142913700e-02	-2.227609277706060417e-02	1.423744446942422082e+00
1.612766866724566261e+00	4.415494764606420208e-01	8.281318264753539937e-01	-2.070221133765384469e-01	-9.387072354723681455e-02	-5.815868999181688509e-02	1.278886925248704065e+00	1.605055154008718565e+00	-2.403433415500508263e-02	8.579803412670912177e-01	-9.214948163078970356e-02	-2.388010241594848079e-02	-2.548373800204802031e-02	7.776572633690495007e-01	-2.597999794885120020e-02	7.072600153562847991e-01	-1.497938699519053007e-01	8.443729232514500804e-01	-1.757057802563983251e-01	-5.240735920832460815e-02	-1.658917334015606593e-01	2.347478005684761726e+00	-6.697563157066628581e-02	-1.969790314267955145e-02	5.084355395093307362e-01	-4.430965766480431806e-02	5.271892721453504960e-01	1.953402876931290832e-01	-1.075366736814085539e-01	9.377343748284208136e-01	-7.338357717827508064e-02	-4.898966492399110806e-02	-8.389784059555070728e-02	-1.764758101881595542e-01	8.473213193120103792e-01	1.955849134758257835e+00	1.551353769464193011e+00	1.113213544667142285e+00	8.167588860032266584e-01	-1.026265533999487778e-01	1.324684704266403112e-01	2.751562027146991496e-01	1.598752158573981230e+00	-4.070499324264455904e-02	5.411542762821898167e-01	2.095469988991186749e+00	-5.680297293668915698e-02	-1.484073912687507435e-01	-5.078683185252100968e-02	-5.782183132240381607e-02	-3.013035846255586458e-02	-3.962709542525794104e-02	-1.318821743296127169e-01	-4.857645619126555597e-02	-7.028319856742140659e-02	-3.084986532922324998e-02	-1.825466673062531575e-01	-1.891759414279334528e-01	-1.005271924661690075e-01	-7.416053631433527915e-02	-6.017088926054813686e-02	-9.668261416357835925e-02	-2.680081249577341909e-02	6.371757400000952476e-01
1.427696663891834028e+00	2.566076049773666212e-01	1.970348862919777178e+00	-1.777543095826697450e-01	-9.241068700055370122e-02	-2.400458178387398014e-02	2.986904546398557736e-01	1.219290205789713921e+00	-1.083740734021585161e-01	7.636006489431986788e-01	-8.778807415041689488e-02	5.739397465007161081e-01	-2.543284347761795572e-02	5.969562915367372380e-01	1.367506830229486603e+00	2.134287449335280640e-01	-1.757008370507731065e-01	2.940317329417445613e-01	-1.754047571352733703e-01	4.990661416402136230e-01	-1.176498490385855522e-01	7.761412295676503037e-01	-5.480425040385603075e-02	-4.001776040768452447e-02	1.093451648611655891e+00	-3.704981776986560754e-02	1.840766853805817227e-01	6.369055490616722937e-01	-1.078619979946560531e-01	-6.815645888247544477e-03	-5.260804266612340019e-02	-7.787954695618662382e-02	-9.822145101973371595e-02	-1.557712876739496544e-01	9.098932006694712138e-01	1.052771845594817179e+00	1.468475147859286789e+00	1.209308110709812478e+00	1.131565153628699694e+00	-1.021130027746688651e-01	-1.169143275693200826e-02	5.665831705467473389e-01	1.293531896634119160e+00	-6.499414011000692604e-02	6.197940886500680202e-01	1.638808781125498548e+00	-6.219449985190832197e-02	-1.381305578271750101e-01	-1.186240052265705447e-01	-3.999321398403656025e-02	-3.177645827438628501e-02	-3.907839197292704153e-02	-1.504363355309076555e-01	-6.216850085049838159e-02	-6.125046919965176223e-02	-2.345184423355545222e-03	-1.499631441822494304e-01	-1.511406991289055701e-01	-1.481283903371619637e-01	-6.417018660773106398e-02	-2.970303035745004011e-02	-7.877240939102854445e-02	-2.136523560350488821e-02	7.621200086685847586e-01
1.143900223350215350e+00	1.542599008977241226e-01	1.165541168981758968e+00	-9.750952723976215319e-02	-9.562669499014551933e-02	-1.618192533353878665e-02	4.454344121452234739e-02	1.227568214286115067e+00	-9.162677583242774537e-02	2.226045882310528634e-01	-8.905583275714523683e-02	-3.784973836463687707e-02	-1.797164941733445445e-02	7.156833649345792914e-01	2.095189703526093794e+00	-1.298658506002921438e-02	-1.533978456270333746e-01	-1.464869830326594353e-02	-1.832546014479213836e-01	5.052412575303141251e-01	-2.431991981278648976e-02	7.912128228367288907e-01	-5.446828786144975593e-02	6.782997644920952807e-01	8.510372676996194041e-01	-3.177675217377738670e-02	-5.449893284180278713e-02	6.983174344837009828e-01	-1.077464834839839819e-01	5.819764590544238558e-01	-3.186549388817353640e-02	-1.443879229784382767e-01	-9.644542366559198665e-02	-1.668623717626949166e-01	8.568644425631251060e-01	1.221388237308399960e+00	2.051362200105457223e+00	7.522560644193935220e-01	5.094391473965854678e-01	-9.439179892879796807e-02	-1.109472807254100390e-03	7.511956619178192796e-01	1.647529863842070785e+00	-7.765421669469046995e-02	1.204579993387530745e+00	1.628795542217280623e+00	-3.232757945308167846e-02	-1.191235732195698727e-01	-8.585740089752764981e-02	-3.053949400205729914e-02	-3.020012799638847889e-02	-1.110123162849634658e-02	-1.450344319631248491e-01	-2.384158012556248166e-02	-5.709831910866213639e-02	3.211549673947330374e-01	-1.474460861151305757e-01	-1.697119356610801988e-01	-1.366331243924111816e-01	-1.122055026722460769e-01	-2.610212705071261741e-02	-9.538814833987795117e-02	-2.924177820720130078e-02	1.697430719432276192e+00
4.225825641984372050e-01	-4.338400595599369025e-02	1.076467229021608407e+00	-3.411892486794202428e-01	-1.311860229731104110e-01	-1.333429488640308080e-01	-5.088802110751332493e-03	2.684276144208992410e-01	-5.334784050076473577e-02	7.876458551553258136e-01	-1.238841877241786404e-01	1.193178241306338316e+00	-4.223593118750078312e-02	-6.596545882115279792e-03	2.700354182128023584e-01	1.460748578363471883e-01	-2.088543305558097085e-01	-1.845256681349555922e-02	-1.917751077112379021e-01	-8.309700003341551067e-02	-1.670979599007176852e-01	2.643431850631353441e+00	-1.109814451297479326e-01	-6.408669571400002485e-02	7.417154175823247042e-02	-5.176275519146211757e-02	-2.646549611201581744e-03	-4.738671333397082713e-02	-1.289780780005569116e-01	-2.058126574241958204e-02	-1.246328964438095793e-01	-1.063346937066178555e-01	-1.053108124855000605e-01	-1.571953266109787084e-01	6.858419887254583180e-01	9.343649942947714893e-01	1.472192729885050344e+00	6.432202974370999637e-01	5.570252932433381599e-01	-1.240988700613664120e-01	-4.211556112301578780e-02	-2.104574861001072550e-02	1.556943654271781607e+00	-2.528092621570968493e-02	-1.354720497313437536e-02	9.069186147545169607e-01	-7.256476827842942012e-02	-1.538048698598807884e-01	-1.966244853905956338e-02	-5.944619110627780839e-02	-5.449891414292393210e-02	-1.045653924094536863e-01	-1.652224157617306066e-01	-1.031494179969258129e-01	-7.833937235237403707e-02	-5.505146254179713559e-03	-2.875166462838263937e-01	-2.449130730629386077e-01	-1.288553547675744260e-01	-1.428649499174922122e-01	-9.760476195725907578e-02	-7.749584438533123343e-02	-4.155425906628792965e-02	-3.274462589307109567e-02
1.000977372605183380e+00	-3.718060648158155040e-02	1.915964988586018380e+00	-1.341068826653964430e-01	-1.116547596903744582e-01	-2.242088717069280410e-02	-4.230045804957254484e-03	1.138352755524877580e+00	-1.078724441843086496e-01	8.536436926940114966e-02	-1.054479845889222667e-01	-7.739051279276346236e-03	-2.860440766847735169e-02	6.104321650763333551e-01	2.727492956127423263e+00	-3.908321635297131585e-02	-1.612494985382570689e-01	-1.053247935073124870e-02	-1.979619559563249864e-01	8.614665978706436134e-01	-2.080993600568550178e-02	1.378693061200604308e+00	-6.913993701872681030e-02	-3.548761488533479919e-02	3.608982813824786473e-01	-4.168012982364763253e-02	-3.424017509527157999e-02	1.059721546680695736e+00	-1.063920798396241207e-01	3.755265139461526069e-01	-3.850676931987073726e-02	-9.167076028676210409e-02	-1.061116761603042996e-01	-1.726055343751173865e-01	1.231883479174632201e-02	9.395791495125730419e-01	1.632097539522345375e+00	1.202787270040536427e+00	1.140358235164731227e+00	-1.086060641062217696e-01	1.510256715973821717e-01	4.934216338738119934e-01	1.635279762507928059e+00	-6.867306388134637729e-02	7.678154744259609865e-01	1.085600441824792428e+00	-3.608753078043498708e-02	-1.235900482989176485e-01	-6.592632744984218418e-02	-3.472618175104467270e-02	-3.500912844999973239e-02	-4.693609948621806083e-02	-1.640666008289864697e-01	-2.210453133960279745e-02	-6.172683427884043117e-02	-1.658083359414203387e-02	-1.740037493774264088e-01	-1.327105071381296242e-01	-1.526156142375288127e-01	-1.528299150374789195e-01	-3.750369060465348625e-02	-8.262161388759861613e-02	-2.924455382138149706e-02	1.071827737498373789e+00
1.703336607816421377e+00	1.013345599536572550e+00	1.425101673592862994e+00	-7.220788270609483639e-02	-6.852111820193283742e-02	3.232769334945923556e-01	1.263462539686080799e+00	1.730220764155495194e+00	-8.094145922939416371e-02	5.293435336555708526e-01	-6.543424669440274510e-02	-5.740977723786407083e-02	-1.330718654359398789e-02	9.122662962294640909e-01	3.705406299665336411e-01	1.917167945800069551e-01	-1.226731314479524715e-01	3.831405253553975543e-01	-1.515439219241319913e-01	5.642422033328673425e-01	-9.678166640354633754e-02	-4.002866864764671219e-03	-2.883525140695814351e-02	7.846715459582923047e-02	1.163729344288298995e+00	-2.620363057366574891e-02	2.038170299410433928e-01	1.522270057930817710e+00	-7.447393572805191542e-02	-6.575543985135528374e-03	-2.623805800401112290e-02	-5.555603997646226672e-02	-7.095599079778032447e-02	-1.435264973445918024e-01	7.951820713961419429e-01	1.704083964578731569e+00	1.529944474284654188e+00	1.015993371511050070e+00	1.145561838239654850e+00	-7.892380606648981278e-02	4.452993306379539606e-01	8.348380010569121934e-01	1.209074439351670360e+00	-8.857065594140198228e-02	9.270565059657348561e-01	1.993491239292905615e+00	-5.487879774155126483e-02	-1.071131525013627045e-01	-8.558589961685372782e-02	-4.592863653690057446e-02	-1.598392048600139753e-02	1.935564239819681787e-01	-1.225040695428314813e-01	-4.256459629615164802e-02	-5.199444928046004222e-02	-4.882184166123017255e-02	-1.035871228896536600e-01	-7.320712102040327629e-02	-1.101096789519312447e-01	-4.231035252131648550e-02	-2.243193392377742026e-02	-9.501116232762328584e-02	-1.435346147389651023e-02	2.304395706948301203e+00
1.335852824244580850e+00	9.282624172560010045e-01	1.268343457915728001e+00	-1.080570313936757565e-01	-8.896058380145280275e-02	-1.222332987618100254e-02	7.575129414115626680e-01	1.723507838006357984e+00	-6.889551302391326570e-02	4.214992891712299183e-02	-8.442246934658734214e-02	-5.517052264071410639e-02	-1.356567477860594687e-02	9.776020141164245558e-01	1.203254864363104248e+00	-2.105512163513931917e-02	-1.450762577797088115e-01	2.564668758025223649e-01	-1.854507628545376541e-01	4.925200190514821830e-01	-7.508622810381462842e-02	6.545303058959967002e-01	-4.141298942470794664e-02	1.099092793504441001e+00	6.556473312666375453e-01	-3.158876418481412068e-02	-5.688428726849232425e-02	7.183979234926681778e-01	-9.906924669669558980e-02	9.282604723935971025e-01	-2.658855555004870086e-02	-9.613831589470467343e-02	-8.311957965686789240e-02	-1.754916307232204375e-01	9.113133230367383986e-01	1.903124429782593552e+00	1.922368674450253501e+00	1.027423025818298585e+00	8.640817000552535321e-01	-8.172368419507924919e-02	-5.992948626218310608e-04	8.814558334315839572e-01	1.757325367753657108e+00	-8.468373023973096991e-02	1.195526968045338645e+00	2.195714125563581032e+00	-5.911144137212811372e-02	-1.204573950187509818e-01	-8.046898493730328394e-02	-2.629918033403478086e-02	-1.743160348853574695e-02	-1.077832822347617875e-02	-1.404708243779093924e-01	-1.932235065968023954e-02	-5.912161327048688630e-02	1.155792253051997481e-01	-1.289319267772938704e-01	-1.724396813793541705e-01	-1.192211663113369458e-01	-8.067021089732671901e-02	-2.425008371094048917e-02	-1.032912447876182666e-01	-2.021005926963609714e-02	1.441495864797323723e+00
1.329210914760402762e+00	4.579687484568599753e-01	1.025364499113878836e+00	-8.542460693027938146e-02	-8.718450848804784603e-02	2.420371995780076502e-01	6.188001683725883328e-01	1.611267632414790540e+00	-7.945721967720495438e-02	1.301444668490985002e-01	-8.524712748827939501e-02	-6.024861941523817349e-02	-9.576993204333443185e-03	9.003055672249171693e-01	1.537969679081280239e+00	-1.440655805581278481e-02	-1.144473915367889005e-01	3.340387687558962759e-01	-1.853878396402514894e-01	7.113447157768840734e-01	-4.867488906791338915e-02	-7.856179183662935148e-03	-4.161568112084337856e-02	9.874405743251021272e-01	6.979622403961038835e-01	-2.865018533019820721e-02	-6.059894863070165727e-02	1.422299325257109448e+00	-9.872735754944485242e-02	4.920568575498058261e-01	-1.369110700227877189e-02	-9.131918792276774721e-02	-8.960911012612104987e-02	-1.644306346239390038e-01	5.486811379417969592e-01	1.632080080013335488e+00	1.883811239747850141e+00	1.134603322958584570e+00	9.997113936949501012e-01	-8.067109265024964559e-02	2.148877794747207082e-01	9.848004047699169261e-01	1.711279853046357324e+00	-8.621855092056789072e-02	1.232505123210492881e+00	1.918117351676508209e+00	-6.479236761272623435e-02	-1.040195553030660025e-01	-7.322672664930610087e-02	-2.729782502428330926e-02	-1.705704161980908795e-02	-6.281335305248976139e-03	-1.378832296172255445e-01	-3.681952542302078732e-03	-5.659551126027258239e-02	-1.860761868926326043e-02	-1.137285484617702735e-01	-1.106194157379974952e-01	-1.246553511734903585e-01	-1.028702682749882691e-01	-2.324192058142701342e-02	-1.014139411593697332e-01	-1.615376867374139838e-02	1.569706351982294468e+00
1.385435940300659974e+00	2.160136183797501525e-03	-3.494598568721029707e-03	-2.362224379745364033e-01	-9.461191702971694095e-02	-6.658009513877385932e-02	7.735826950314770301e-01	1.371907644098764978e+00	-2.849571898357477345e-02	1.143339464367185698e+00	-1.016551500657230100e-01	-9.897918218458886738e-03	-1.930744928760288678e-02	3.484612356649898768e-01	-1.159873911454419038e-02	8.808374214502137090e-01	-1.271909873890186282e-01	5.290621019888201992e-01	-1.865087361753609285e-01	-6.263888005900120071e-02	-1.519214001629342059e-01	1.493806371064398730e+00	-7.465947482198118101e-02	1.365856140981984157e-01	6.237623080537302300e-01	-3.560379436199839071e-02	-9.739372741416113879e-03	3.895089787633800871e-01	-1.279333316317841363e-01	-3.573708110792963438e-03	-7.694016123742902780e-02	-9.122509733660703890e-02	-1.024408387727000769e-01	-1.785272426895103126e-01	1.413060021890332862e+00	1.556057659735314846e+00	1.737116339000072562e+00	9.732304842613364038e-01	4.445551887628032550e-01	-1.025884719718257593e-01	-1.019883447748964195e-02	2.489087539985758157e-01	1.457133483779795569e+00	-5.057195969734477881e-02	1.151620218634044068e+00	2.063732059919016315e+00	-7.331932812870275984e-02	-1.439690755108320452e-01	-7.413435833101729433e-02	-5.223213996258362080e-02	-3.342655991005342997e-02	-3.611034279740536063e-02	-1.386704347896490497e-01	-3.111279134511616556e-02	-6.838066962088647227e-02	-2.886380329150246143e-02	-1.903009025560996326e-01	-1.952322109288374685e-01	-1.161477582266838143e-01	-9.369128557303446625e-02	-6.336472781753681172e-02	-1.037558284240460149e-01	-3.164785157516835506e-02	-8.035003671225143806e-03
1.475944512269171005e+00	-1.503576785071052135e-02	3.018547876925434803e-01	-2.250304162456724100e-01	-8.713937619329488460e-02	-8.483437550846250480e-03	6.141881806317766035e-01	1.245986825544738386e+00	-2.584131754140689061e-02	7.839400698639268361e-01	-8.580876563462790096e-02	2.835415813431610976e-01	-5.473510587631401011e-03	4.966408354411707138e-01	-1.206913868421984233e-02	1.150835811008978249e+00	-1.179412438285427772e-01	1.816973231812404332e+00	-1.897477269133191202e-01	-2.731575768938985811e-03	-1.193314178851972857e-01	9.280906519187536174e-01	-6.298340584573985934e-02	-1.840801247215001924e-03	1.352149586495486222e+00	-3.736344739065438486e-02	-1.962577672971058812e-02	1.572647593712217517e+00	-1.125161419893547371e-01	9.518284503340485037e-02	-4.940225334627292020e-02	-5.253682886057502166e-02	-9.304582799670235715e-02	-1.686285127793575311e-01	9.702868596739208096e-01	1.503161380629627786e+00	1.616302903217342379e+00	1.300528296247455362e+00	8.814448246746011684e-01	-9.407428466431341785e-02	-2.366790894401542972e-02	7.750692360816623383e-01	1.653280905951622248e+00	-7.191104581587433320e-02	6.069439636762772317e-01	1.996961411792366192e+00	-7.915916196950351091e-02	-1.397232135807463249e-01	-6.486239964308362915e-02	-3.804598585100828906e-02	-3.043303127653675111e-02	-4.913867161348072637e-02	-1.083002576917630883e-01	-4.214773965908096692e-02	-6.649075252340232167e-02	-7.130283621533825555e-02	-1.565007875158010153e-01	-1.197875024983690168e-01	-1.050369082083752043e-01	-8.474537046899839610e-02	-4.647537066483645868e-02	-9.137436592580530648e-02	-1.852520133708963901e-02	-2.862053060948267086e-02
1.251329163891214680e-01	-2.999786285362511171e-02	1.244090852152305526e+00	-2.992651698650146130e-01	-1.245602157065187482e-01	-2.096960758282921319e-02	9.641394878433720006e-01	8.319228803956467688e-01	-6.378481743642035184e-02	5.588939135453736551e-01	-1.134922350856973072e-01	3.390331659458192703e+00	-5.080480688653278565e-02	2.484877654636506450e-01	6.007688442050678201e-01	-1.063007148372231182e-02	-4.912391722772787434e-02	3.830522695092279384e-01	-1.677548819658174484e-01	1.687140485854925209e-01	-1.086890100511966190e-01	-4.016210034446660027e-02	-5.850933618255349522e-02	-8.857219357481931066e-02	-4.001183717336467827e-02	-2.393242794948603758e-02	1.578201439701923947e-01	2.743109318866801427e+00	-8.047478464428413358e-02	-1.300955636569683938e-01	-5.866603646009528605e-02	2.468660961626808759e-01	-8.643676356363751145e-02	-1.220031437944587849e-01	-1.408753219307862584e-02	7.048740417527488145e-01	7.940548842609366220e-01	1.303593180426726672e+00	8.954943805339201646e-01	-7.661998877391347496e-02	-9.641932680204071127e-02	-2.443348926025517426e-02	9.913022151248490621e-01	-1.261432868859487799e-01	-1.605895927473420526e-02	1.302836305226558578e+00	-1.203867713558263997e-01	-9.862619922853900489e-02	2.614213337050101393e-01	-3.675519556737384674e-02	-2.701770258173961242e-02	-4.239795193399024248e-02	-1.458572533507030422e-01	-1.762648012967388267e-02	-4.904826699639132370e-02	-1.285818097819281525e-01	-1.564521819162919269e-01	-2.969979387558989090e-02	-1.190738845359567838e-01	-9.066311815362358695e-02	-6.182510190704289949e-02	-7.516443440153668110e-02	-2.066111164027475619e-02	-2.172898530780954102e-02
1.641456571791519714e+00	8.602632153970117823e-01	7.781685032860213846e-01	-5.587635163739857608e-02	-8.115727303400123438e-02	-4.580330005248686655e-04	7.848477585733162343e-01	1.862026495978149843e+00	-7.452196479461448142e-02	5.181638915959337899e-01	-7.300719820806801652e-02	-6.573154981621234794e-02	-1.421871969064401366e-02	1.036447529876130202e+00	1.315169344509832916e+00	4.618912405633633644e-02	-1.116170959919439987e-01	1.951964989620501856e-01	-1.644765737992197607e-01	3.453711926148912981e-01	-6.813659987050590949e-02	7.989795315571867063e-01	-3.491536248008785676e-02	1.026840609685585104e+00	7.695971196881530307e-01	-2.954206972267059764e-02	-1.934685307535213145e-02	9.681695573573029234e-02	-1.018631350094128807e-01	1.235660387951586836e+00	-2.558904231151441083e-02	-1.189432553983898189e-01	-9.015391591576135677e-02	-1.586133380320298436e-01	7.847657743502662875e-01	1.626446042142088988e+00	1.883017139964019204e+00	1.131026534063420019e+00	9.441847348742481438e-01	-7.730915840504444525e-02	7.133008900214199421e-01	8.120046867041792460e-01	1.516033695105641232e+00	-4.564231584466948988e-02	1.271183011764677628e+00	2.138951556152919764e+00	-3.740400623771518440e-02	-1.121222833744342784e-01	-9.396070964364275357e-02	-3.162342202576375744e-02	-1.965410012076115182e-02	-1.275482661274675127e-02	-1.363622843300005272e-01	2.424712680228487474e-02	-5.923820982633159343e-02	6.339003523311197430e-01	-9.689530500335351293e-02	-1.609071221480769809e-01	-1.214682794296236407e-01	-6.925422344381183815e-02	-2.807809582017940092e-02	-9.167674014084720158e-02	-1.962572957004374286e-02	1.493981120991965117e+00
-6.579792609504761525e-02	-6.745855952658987020e-02	-4.142950895399411665e-02	-3.753540749833195744e-01	-1.247711691465149542e-01	-1.342428203698302902e-01	-3.832057858453663535e-02	-4.272133909975497218e-02	1.609406545968483926e-01	-3.222663513205714213e-03	-1.215342169048812815e-01	1.542537536201009640e+00	-2.193629674613568545e-02	-5.659082163091763013e-02	-1.904161889868387705e-02	8.792313041611637958e-02	-1.459727257356248920e-01	-2.666401312946865484e-02	-1.641174338096083596e-01	-9.854917726972942105e-02	-8.555486023908735749e-02	3.396513895455408605e-01	-1.093174722327990428e-01	1.296435167174299075e-01	-9.752303272226993044e-03	-4.547369956579180861e-02	-1.206972903946270659e-01	-9.976047217726626698e-03	-1.051537206680788761e-01	-8.651932840671781866e-02	-1.129752435150754020e-01	-1.593945111340449305e-01	-8.176122538566109321e-02	-1.150802312741618511e-01	1.445976978293959325e+00	4.277583508558621128e-01	1.774615390583651919e+00	-1.839951313814344042e-02	-1.791905189923973310e-02	-7.737462890872046084e-02	-1.343618563522865073e-01	-1.302956724513932782e-02	1.504505162274650587e+00	-8.302416587065830633e-02	-1.067340024116760974e-02	7.816201643076107208e-01	-6.132335292422017720e-02	-1.057067583936815852e-01	2.554366542073097657e-01	-2.745233372248763112e-02	-5.490053828909027822e-02	-7.813416041421339386e-02	-1.097157138115445046e-01	-9.821951091684065493e-02	-5.976554283810550650e-02	-4.068033848849406109e-02	-2.827257018819306911e-01	-2.014167929109581534e-01	-9.203369538251615634e-02	-1.254918498867103605e-01	-7.997110050026601247e-02	-8.426493586297552352e-02	-2.889354750535391356e-02	-7.736058464568590365e-02
1.190960948722242785e+00	-5.509186451641552400e-04	2.902101149820644488e-01	-1.715880485100228225e-01	-1.042273483180879146e-01	-1.297360742689628206e-02	8.288154333174544419e-01	1.495130888200815855e+00	-5.805914273113854662e-02	4.403279018923013655e-01	-1.028447212376363273e-01	-1.560778272983529523e-02	-1.529833185926980296e-02	6.681365250306368075e-01	1.128005962056741307e+00	5.699004495278577748e-02	-9.633506724088428119e-02	5.146446571824099259e-01	-1.925289211023598623e-01	1.517131732599459604e-02	-7.636920905787299152e-02	3.515134400495931732e-01	-6.241267569863983428e-02	6.175411370964201119e-01	2.558560017025733879e-01	-3.085224899106391722e-02	-4.850320029623533813e-02	1.054979087231169510e+00	-1.165197125200842648e-01	1.427943332936343346e-01	-4.119272137011166512e-02	-9.233075678750958526e-02	-1.013650136801471507e-01	-1.734702055962537293e-01	5.167277474464656573e-01	1.512876407971379233e+00	2.002044952144316436e+00	1.354978405844853517e+00	8.907689764089974371e-01	-9.186995161892751172e-02	-1.106241490416186996e-02	4.795496426742860141e-01	1.853912107208985915e+00	-7.017158648112523101e-02	1.005243205501046289e+00	2.120703708434973578e+00	-7.500121253633909579e-02	-1.214078655721795713e-01	-5.936450933634575267e-02	-3.242384886423640283e-02	-2.586396434031743366e-02	-3.264925291841503513e-02	-1.457203848708790717e-01	4.767236140906011554e-02	-6.360863377672597296e-02	-2.452966462216233517e-02	-1.507337674939367989e-01	-1.323593482802766785e-01	-1.256499410475710732e-01	-1.187883363290824223e-01	-5.084332738780433791e-02	-9.706545564447047192e-02	-2.009202824375058011e-02	4.712367035111479918e-01
1.262304565126497025e+00	9.922045716028429219e-01	1.664718384190109202e+00	-1.095108144423806162e-01	-8.913771026058400770e-02	3.163317587774958084e-01	3.248003609668438374e-01	1.519645858171197572e+00	-1.142013040894006431e-01	2.608871949032239845e-01	-6.549134500247943969e-02	-5.340507871549597663e-03	-1.186319385300241974e-02	7.732396721912353499e-01	1.210704859621501539e+00	8.118553102509994124e-02	-1.497026622619610503e-01	3.198692047675953942e-01	-1.623334873215981911e-01	1.207337477167827133e+00	-4.259339666499470378e-02	-5.902484866375273982e-03	-3.605843700571067373e-02	4.420304672707160432e-01	1.174383339047308628e+00	-2.948080047255565925e-02	1.015592722495131245e-01	9.181166083331760985e-01	-8.970386164778831883e-02	-2.535232802802734123e-03	-2.038974219666868024e-02	-8.464978108636911358e-02	-8.155216662121482496e-02	-1.495205556265377100e-01	1.077317596521681242e+00	1.470173148498608473e+00	1.662854897846604230e+00	1.213549644878255673e+00	1.191701619156264158e+00	-8.525183934518053286e-02	-2.669816962152257722e-02	1.123928476617081396e+00	1.092977005626740272e+00	-7.508755022489567443e-02	8.386814384706268166e-01	1.976203492508788129e+00	-3.940793085804513568e-02	-1.213812907218247555e-01	-1.206334751990293663e-01	-2.603110051745360573e-02	-2.026833596185789385e-02	-2.470427247800372275e-02	-1.377697675595747351e-01	-3.307926991796243665e-02	-5.155343619581943815e-02	2.219112587715528218e-01	-1.014002509475028790e-01	-1.457712946117434016e-01	-1.363684605109286019e-01	-7.608457656940839295e-03	-1.292911206565793350e-02	-7.957121326139243722e-02	-1.590070517573108702e-02	7.617251460121791107e-01
1.043398920914219596e+00	6.639532050947009045e-01	1.017978843117210985e+00	-1.956513227228461049e-02	-5.704607114978053201e-02	7.671782270062704745e-01	1.244359374501715187e+00	8.566999289800349970e-01	-1.248640664752532492e-01	1.004447762852554549e+00	-5.036548300768035197e-02	-3.516558484632893722e-02	-2.477429302152373350e-02	2.608353913194806362e-01	-1.199733442807942620e-02	-8.459475384492817079e-03	-1.209631537211854624e-01	-3.230508235478725398e-02	-8.226104415689637628e-02	5.344630752453677358e-01	1.441879512301811467e-02	-4.293164101652847259e-02	-4.067585922096317308e-02	-7.693940356649529855e-02	1.123192867291017638e+00	-2.411566629709984561e-02	1.401363233789640450e+00	1.532297818929046374e+00	-2.044616281377117234e-02	-9.923883964042282124e-02	-4.354646153327106084e-02	-7.610773388086447544e-02	-4.489545226179621901e-02	-8.083673984882602803e-02	-1.430715677406479373e-04	1.071403989240114596e+00	9.617867417993478663e-01	5.817315834232993366e-01	1.364600161951243562e+00	-7.534245186412073803e-02	2.148215341627551234e-01	5.526044415553428291e-01	5.355198815650946687e-01	-1.015211085876526614e-01	1.609078068952037588e-01	8.969322132091095412e-01	-4.768048188771123463e-02	-7.790896535184776983e-02	-1.826448005259264165e-02	-8.579023031214066952e-02	-2.184687976469469953e-02	2.742460795817797115e-02	-1.209380454380246800e-01	-7.874629988668584157e-02	-3.243499764378673933e-02	-6.153500487748515824e-02	-1.290077722473082222e-01	1.691415749777691824e+00	-1.008110992652292842e-01	-7.832239169345835139e-02	-5.794914947663096227e-02	-5.142970184164099429e-02	-3.375278910477177378e-03	4.990931707386938143e+00
4.875201733925630943e-01	-1.019164356370672181e-01	3.203029451873244060e+00	-2.516300830323445203e-01	-4.247514936736849350e-02	-5.151047117333816885e-03	1.083931431159060210e+00	1.082067364407744148e-01	-8.317917127486017248e-02	5.624508318982905930e-01	-5.764073201324770857e-02	2.587767748143966706e+00	-6.163614829552942903e-02	-1.558512968966103453e-02	-4.153106741408410518e-02	-1.856452003278055013e-02	-3.652436580908267200e-02	1.296469693943630985e-01	-6.235749861246114856e-02	-4.363307775943766134e-03	-1.272821190989780193e-01	-4.430298365953325851e-02	-5.392863545220897420e-02	-2.292109261009847021e-01	1.799074145954340898e+00	-2.324435765884797292e-02	2.183000305674081876e+00	3.272246745003551283e+00	-1.896352456035647546e-02	-1.955154952071760377e-01	-7.191707276521480674e-02	5.149204837914296284e+00	-7.653427181608539812e-03	-3.661223589196500178e-02	-6.493013833858751749e-02	-2.199691569840294542e-02	-6.596215275357927843e-02	7.476171593749719735e-01	9.579467861536780093e-01	-3.890463612745439365e-02	-6.456895711715808506e-02	-3.304586129617677337e-02	-1.048204388724303590e-02	-1.157585083734367359e-01	-6.298673412007677053e-02	-3.108712587900756830e-02	-1.065074045133549002e-01	-3.895553272609374174e-02	8.587178615107159407e-01	-7.201554277279124949e-02	-2.409559020252969447e-02	-4.803205492510277674e-02	-7.492640372674792826e-02	-1.136646971212070673e-01	-1.846460911907304644e-02	-2.369913152593041417e-01	-1.389888855844119142e-01	3.786244643527807430e+00	-5.962014434753317577e-02	-7.579217734181527277e-02	-5.140344506690865123e-02	-4.640112136482825445e-02	-1.901069910037348973e-02	1.129846747839772722e-02
7.293378713741625052e-01	2.753100270064730987e-02	1.151750942612150830e+00	-7.408642668907255979e-02	-6.600087831704812280e-02	4.308434790034426087e-01	1.406151203789557380e+00	3.938426226068660330e-01	-1.280492808197013777e-01	1.166130763500255574e+00	-6.237576770837566925e-02	-1.271734418482047511e-02	-3.422663252857936766e-02	5.210078930177099166e-02	-3.189759535285625891e-02	-1.247702914306439599e-02	-1.316102424142321925e-01	-3.903971450267829102e-02	-7.344311843847571575e-02	1.359691277523789044e-01	-1.575740156114121410e-02	-4.120302265988806667e-02	-5.926625226586516165e-02	-1.402084029448624203e-01	9.806142030221745021e-01	-2.673524156573174604e-02	1.878903773533896038e+00	1.414491834328524655e+00	-1.474427139713586909e-02	-1.356591758560596606e-01	-6.961484342677114190e-02	-4.511507102832554988e-02	-4.114093708908922453e-02	-6.939044535352391352e-02	-3.413124515285729382e-02	6.450550171180321479e-01	7.925944004365531592e-01	6.843279881101331785e-01	1.264608844426924339e+00	-8.356711108635674068e-02	-7.774501316188608784e-03	-6.635736832488980247e-03	5.330977447814512216e-01	-9.581330514436041390e-02	-2.136296001280741860e-02	4.061576365682273426e-01	-5.350065037288707914e-02	-7.439595197799710180e-02	-4.873159551071017982e-03	-1.006698641660428994e-01	-2.923161461109355722e-02	-1.280248018659751671e-02	-1.235826728348167342e-01	-8.998993826070164626e-02	-3.870545278568968822e-02	-9.527605047361106805e-02	-1.649476798089088148e-01	2.365248559309552689e+00	-9.599049891299657467e-02	-1.012278425731271969e-01	-8.315171043292740594e-02	-3.650495671789772550e-02	-5.273228455000353830e-03	4.985476931869415651e+00
1.917048588149031563e+00	4.620415683018314068e-01	1.035493439239553837e+00	-1.669546316065152192e-01	-8.498275325359021248e-02	-2.756276318137602585e-02	1.524739537414258939e+00	1.787065087860068235e+00	-4.947582823183584166e-02	7.336308613741711060e-01	-8.546660277406957495e-02	-4.981725637197286644e-02	-1.914312371339772778e-02	1.082514412845588581e+00	-1.152133373829560686e-02	5.092335982587974375e-01	-1.306060972143523735e-01	1.263471604356154465e+00	-1.745638947821487874e-01	-1.367180237678295232e-02	-1.618416340614564353e-01	1.277188940420411978e+00	-5.180572427769994381e-02	-1.395786048699775364e-02	8.044785746782860958e-01	-3.926751118473314345e-02	5.401803831477280937e-01	3.768810853678727368e-01	-1.068045910686492156e-01	8.992496398806449909e-01	-5.532935686625202465e-02	-3.657277234423066126e-02	-9.015628716171901480e-02	-1.679756722864515495e-01	4.829246879827472361e-01	1.709455109124586425e+00	1.742080573275982536e+00	1.479465609102498691e+00	1.107168542187815241e+00	-9.226758921285678483e-02	7.066583457553228254e-01	2.490123444907954564e-01	1.779544372798040452e+00	-2.701822062415263140e-02	5.308397908508053487e-01	2.209365909573270503e+00	-5.289623105855379565e-02	-1.381629073974282584e-01	-7.936398059479876643e-02	-4.848589090586893913e-02	-2.685122506704890402e-02	-4.235716672839668490e-02	-1.249141076680857776e-01	-2.089753089375761055e-02	-6.914309651671492196e-02	-3.747221852337875858e-02	-1.414539001123230888e-01	-1.488645234700924358e-01	-1.074147671112472557e-01	-5.492892344986038955e-02	-5.014104850911466071e-02	-8.721639779890716371e-02	-2.307634866774773558e-02	3.979738531598763229e-01
1.046473772317993989e+00	9.548381933051681703e-01	1.535471474511114875e+00	-8.481799215808719095e-02	-9.354272474483908695e-02	2.973601792220372797e-01	9.561337401151399629e-01	1.318498032374174400e+00	-1.087353020556661304e-01	2.248652446449757036e-01	-7.789581292039481075e-02	-4.445295108288788849e-02	-1.718658301469875097e-02	7.608582275514363946e-01	8.710103955456254265e-01	-3.023903126687451856e-02	-1.618045342239588791e-01	9.793568280172669505e-02	-1.567774530434852542e-01	1.061459172585730526e+00	5.893989741198946836e-02	9.110395404431667621e-02	-4.626415723582127243e-02	2.802420698269052213e-02	6.803947304780857408e-01	-3.607850423655030447e-02	-1.462323629594142541e-02	9.732892230362132358e-01	-6.608947542495151317e-02	7.665710038031986473e-03	-2.987275123368148336e-02	-9.468290540292952084e-02	-7.054538989952204020e-02	-1.527100973600077349e-01	1.890827272170674256e-01	1.631885802540191222e+00	1.826775264257659792e+00	9.405321056668537461e-01	9.052138648778573771e-01	-8.563362166333449155e-02	-2.813137404436796482e-02	6.566955764677070428e-01	1.495267636955299295e+00	-9.938794419235179312e-02	5.449216328241310858e-01	1.768427916228986430e+00	-4.073400775303829408e-02	-1.125633634310972409e-01	-5.517116919582811668e-02	-4.505536329916886434e-02	-2.115310692481386229e-02	-1.180438417941147115e-02	-1.398225503097434153e-01	-2.901904486947696343e-02	-5.463445852356561827e-02	-1.134564453700599024e-02	-1.403222104004509252e-01	-9.256957426711048820e-02	-1.175221276155704458e-01	-7.823310038029934743e-02	-4.250198791457477504e-02	-8.144689750979663967e-02	-1.743165524779253378e-02	2.961957599535709473e+00
1.576182884191045019e+00	5.058566042872443269e-01	7.614034270346811129e-01	-1.221449673382874052e-01	-8.474785221814248870e-02	-1.198700940122174492e-02	9.361638555948725848e-01	1.805631247674637674e+00	-5.606320270808096140e-02	3.148696502523097296e-01	-8.061683845329011000e-02	-5.691601027345297159e-02	-9.122447142194057418e-03	9.291596598496061343e-01	5.218533326726496613e-01	1.969675149704907813e-01	-1.219484734082819100e-01	6.952262063251408719e-01	-1.799072453111885128e-01	4.319059309008917158e-02	-8.984981122092833283e-02	9.314529830982960501e-01	-4.736418895361872022e-02	6.818779774109446912e-01	8.951732783047714470e-01	-3.021611621573318252e-02	-1.360658494092189912e-02	8.272380190549332157e-01	-1.061597772744703599e-01	9.268040076652441783e-01	-3.281734581986483351e-02	-7.171770879852758240e-02	-8.701620423853649589e-02	-1.730161293554497437e-01	1.007722648458581505e+00	1.851729595292403108e+00	1.821842513096809224e+00	1.203153216403517689e+00	9.625772464388392402e-01	-8.664114636588401974e-02	4.357822079274376592e-01	8.808243033150924273e-01	1.652543123051691598e+00	-5.565370377151203363e-02	1.197856802176971991e+00	2.148873166258466583e+00	-4.205686959845503226e-02	-1.247030872744874785e-01	-8.295005033991009746e-02	-3.407311087106552894e-02	-2.097310162104000855e-02	-1.966963281645348408e-02	-1.278277971829170079e-01	-1.129276221700647662e-02	-6.087164807983951736e-02	-1.760436014462358340e-02	-1.286948351074025110e-01	-1.573524461998543345e-01	-1.125383414259899240e-01	-6.228993057177950599e-02	-3.271622835098842580e-02	-1.005693997549530205e-01	-2.080611075877814367e-02	6.995964063701383129e-01
1.402587832453550565e+00	8.124215785678727819e-01	1.652396489684881287e+00	-1.143614453423869581e-01	-8.645816771217289254e-02	-6.225131530374054638e-03	9.758106590328661234e-01	1.649009586401867677e+00	-7.457579692477087074e-02	2.652280461006560341e-01	-8.153888793063523988e-02	-2.787412371005058495e-02	-2.119872102644798639e-02	8.716593885575310008e-01	1.045416447989725439e+00	-9.495530270035648646e-03	-1.322969667559256712e-01	1.907980937966980151e-01	-1.707070520809859937e-01	5.882078442735655388e-01	-8.449347665017280240e-02	5.377961004523568178e-01	-3.830115538182291002e-02	2.500199125129859423e-01	7.751817515154462157e-01	-2.911685990727982259e-02	-2.460308703799546706e-02	1.261854505012434124e+00	-8.565222222142582220e-02	1.571683375412775696e-01	-3.242422304281539908e-02	-7.574167782783119973e-02	-7.719355257251762914e-02	-1.631395673077088437e-01	6.748208633984439375e-01	1.573218495475070089e+00	1.675026949404608168e+00	9.896202686441782914e-01	7.793866264866368132e-01	-8.234805573945298829e-02	-1.010461941926346294e-02	6.084265529320884713e-01	1.403157024591161761e+00	-1.040578854435629808e-01	9.487803806726985423e-01	2.042470761192494599e+00	-6.003763425940663451e-02	-1.196304078259608494e-01	-7.426794753020718454e-02	-3.775969265481452647e-02	-1.973745115964614660e-02	7.369933752888899181e-02	-1.349849070725025746e-01	-3.738745288358093916e-02	-5.771164427905930289e-02	-3.558954414481150380e-02	-1.290963025988519641e-01	-1.242802231399818408e-01	-1.187364673747916405e-01	-7.257815883601376195e-02	-2.471234828288089436e-02	-9.858731625510601393e-02	-2.262419381373994426e-02	1.946970045795853643e+00
-3.316911024382393491e-02	-6.984085425254207835e-02	2.886432799555075923e-01	-3.668023017087371773e-01	-1.310336506742854346e-01	-1.280476372324434176e-01	-1.224792669905834692e-02	-2.976279155730375894e-02	-1.055237670988900395e-02	2.074369078053950044e-01	-1.276955313059101316e-01	1.135202459791768259e+00	-3.712985964739344558e-02	-3.208886419212458180e-02	-1.343863858956904737e-02	-4.861675343383366210e-03	-1.836565384876208684e-01	-1.196123811429415477e-02	-1.831301721597802801e-01	-9.564777214653312487e-02	-1.250249057279224085e-01	1.222870203463417793e+00	-1.156568752169707809e-01	-4.698995704412625013e-02	-1.353547278784078024e-02	-4.929063693338312652e-02	-6.476964547596691935e-02	4.003447571155118734e-01	-1.008794084755412906e-01	-6.735784438494604731e-02	-1.134876703598548392e-01	-9.999068355608567438e-02	-8.116598750374852400e-02	-1.350265911038761590e-01	3.077327269220077044e-01	9.678497530167103902e-01	1.345686408369699105e+00	-4.455576646622173495e-03	9.337477082268122452e-02	-1.003926711703499175e-01	-9.929282424527763329e-02	-1.936197635386308763e-02	1.395575398924330912e+00	-8.211880945537868015e-02	-2.760286247765474793e-02	4.467864216930821919e-01	-9.433165046062719217e-02	-1.154043436079134205e-01	1.309687430448257750e+00	-5.476363552811640972e-02	-5.666603928205982826e-02	-9.093975425863100315e-02	-1.392619697329582629e-01	-1.035363827300044143e-01	-7.084520537629733494e-02	-7.579399918321895468e-02	-3.095036617704173820e-01	-1.758681605261494807e-01	-9.768181210491864996e-02	-1.829849930169259453e-01	-9.704701130609282023e-02	-9.401046569284894627e-02	-3.771401793865212376e-02	-1.685468107412045266e-02
-3.882604555713331518e-02	-1.040141822752843614e-01	-2.728917396710183255e-02	-3.165162736895322237e-01	-9.791953227074348676e-02	-1.204292368184522871e-01	-2.645887441170874724e-02	-4.438112541885797652e-02	6.509603477085540435e-02	5.068565379319227571e-01	-1.025331581469087205e-01	9.922856400057522563e-01	-3.256752195975921860e-02	-4.497027651754480215e-02	-2.886506831233860010e-02	5.473530600181223393e-01	-1.251036982466054714e-01	-1.797321632264961208e-02	-1.460823091003562169e-01	-1.051298371014071364e-01	-1.049167423259143167e-01	2.620608960951270050e-01	-8.888699025839467971e-02	-9.001236750076220539e-02	-2.174265002216673771e-03	-4.914921720911945985e-02	-4.649109032479057518e-02	8.863872039662629154e-01	-9.450823930717039412e-02	-1.053337736689213405e-01	-1.151558697153863831e-01	-7.017777451983360504e-02	-7.954525785337279720e-02	-9.848772900124219687e-02	2.214360915863460288e-01	2.827898011466547373e-02	3.956853656409685671e-01	-3.184895743808437672e-03	3.303922826496732967e-03	-6.769343159634924612e-02	-7.481429814692408531e-02	-3.212510073622163592e-02	3.314410152240899188e-01	-5.251859612708862507e-02	-1.137238197616060632e-02	-1.296694126156700162e-02	-9.865656765319455457e-02	-7.773787995610578760e-02	1.576796343430915404e-01	-4.670664300901040955e-02	-5.158668510353903169e-02	-7.745257742746480822e-02	-1.159541919512663416e-01	-9.124140767261824936e-02	-5.861194031075212668e-02	-9.139890399543212918e-02	-2.404979171492204471e-01	-9.513548854585388015e-02	-9.952865306311858840e-02	-1.871785884376991060e-01	-8.397263039563579445e-02	-8.971338569520950768e-02	-4.376608331349725323e-02	-6.902805885425127019e-02
1.410211744251860022e+00	2.575088754756555964e-01	8.810405573177179095e-01	-4.895223339157366710e-02	-7.473023762574469708e-02	1.241705910965113846e+00	9.778316761164775883e-01	1.432171576703912708e+00	-1.198717935583960836e-01	9.713493362367465744e-01	-5.959251279044244093e-02	-2.073883745285804586e-04	-1.399283690797604833e-02	6.852942813661830890e-01	8.985508887568682823e-01	4.059310344302332063e-01	-7.489881816299238937e-02	4.159679215394738727e-01	-1.231876412531258264e-01	1.388778688095724911e+00	-3.500706152369399780e-03	-4.924664726655172964e-02	-2.746070566703895030e-02	-3.922457462969558550e-02	1.127644544259776449e+00	-1.710733186781485463e-02	9.674369975081840156e-01	1.962854974566084598e+00	-6.252841139986209384e-02	-6.178631980157670012e-02	-1.562486752895871425e-02	-8.504031579680350339e-02	-7.773873240560232045e-02	-1.139409713078193415e-01	3.160562518043472657e-01	9.056060212674729160e-01	1.502646248036536347e+00	1.217426091751649286e+00	1.197124813380882058e+00	-7.811863969865935620e-02	5.040117528412253745e-02	6.794736450008337370e-01	7.845263179090931072e-01	-8.882677337980197929e-02	6.452475251231106768e-01	1.599343607668445078e+00	-3.148426895614113430e-02	-9.538176574099375971e-02	-9.176726882230729077e-02	-4.969758322982933962e-02	-2.441900387613947510e-02	1.038881842409925815e-01	-1.176856057408604550e-01	-1.222507550933322508e-02	-4.514749500517541841e-02	-5.469640171128734712e-02	-7.285923860202644931e-02	2.642799808954694463e-01	-1.225483851549135361e-01	-3.475947880585267963e-02	-3.192051071852748667e-02	-6.321357758783972824e-02	-1.004667372915199301e-02	2.367666415329237939e+00
1.676505656165875768e+00	1.327553348137637812e+00	2.421037494606996798e-01	3.364307624896411553e-01	-6.979408797722755353e-02	-1.535199985699623869e-04	9.073628393016219817e-01	1.733732094041866345e+00	-7.903567237527997502e-02	6.635038168054419039e-01	-4.875965804614324633e-02	-8.133262466173193928e-02	-1.218278472628203830e-02	1.038992496138286370e+00	7.016986503626909677e-01	2.817746398649704775e-01	-1.297418649944668267e-01	-8.332592113783034854e-03	-1.327889872597715903e-01	2.021020050965148807e-01	-2.759573785994087064e-02	1.004044971368235784e+00	-2.662248842767040921e-02	8.152346926489811851e-01	8.089372737272957359e-01	-3.622443609122697611e-02	5.953279808213008950e-01	-2.345547518807520465e-02	-8.155595147770171305e-02	1.457553300278040309e+00	-3.036031626727505803e-02	-1.365373695256536513e-01	-8.246523607699458858e-02	-1.408943974426557777e-01	1.088253908738420872e+00	1.672324530955754840e+00	1.841360066948555030e+00	8.900449443204084821e-01	1.079785093787335670e+00	-7.600826310359212745e-02	1.634913791025744301e+00	9.362509031902486178e-01	1.361612776897235033e+00	-1.182007782385275686e-02	1.120517636399547934e+00	2.011878043259629045e+00	2.256108392649945060e-01	-1.058773504926836390e-01	-8.565250439284088912e-02	-4.465057440656428761e-02	-2.389854882734020539e-02	-1.252019287900747214e-02	-1.293679120029687102e-01	-1.947884553802821514e-03	-4.959747048588936114e-02	1.203394631036268203e+00	-8.528670248764690098e-02	-1.552696721478845354e-01	-1.105162511691114985e-01	-2.840331565815450848e-02	-2.788594694713770680e-02	-7.813254555675322455e-02	-1.663212384690566578e-02	2.275410072785818638e+00
1.780528936380651128e+00	3.922971093318959879e-01	6.853167368784899294e-01	-1.647904431845799988e-01	-8.808524036048492878e-02	-5.338507641197140496e-02	9.914681758377834608e-01	1.582581902317494738e+00	-4.394280530158399534e-02	1.057528615043386688e+00	-8.909532494673552683e-02	-3.744113368109006079e-02	-2.542345131971984404e-02	8.511376125650726987e-01	2.940856890789456113e-01	7.373073861559469311e-01	-1.411276288968406900e-01	5.287987947347740914e-01	-1.777163278534019675e-01	-3.671551277347948061e-02	-1.656960434378878522e-01	1.884095498439207539e+00	-5.821047466428774103e-02	1.214860353770115531e-02	7.950451459792222675e-01	-4.098685707014456531e-02	3.364524027594804623e-01	-1.361505434803742323e-02	-1.206157803387591237e-01	9.821346140819418036e-01	-6.995370383928878333e-02	-8.930948984737022145e-02	-9.981219799327890885e-02	-1.703067138350425336e-01	8.989212429681555649e-01	1.495087312324523410e+00	1.689012297041448285e+00	1.165387812653614574e+00	8.234716214479785856e-01	-9.616658550148241003e-02	7.167681272045045571e-01	2.436613242463899209e-01	1.555556514469913054e+00	-2.000892432492854672e-02	8.118996019889580529e-01	1.991793670635157554e+00	-5.916317431876078059e-02	-1.393855713926730189e-01	-8.520051278424439767e-02	-5.073255440384207698e-02	-3.304199558214417770e-02	-4.212236636156868608e-02	-1.402482322567059347e-01	-3.338608985333495899e-02	-7.109566038447134861e-02	7.466967169534519111e-02	-1.578647023684336126e-01	-1.993858368270427783e-01	-1.183509347667365957e-01	-8.468024006399471615e-02	-5.437512351487001905e-02	-9.390687046448113751e-02	-3.186026268177274273e-02	4.773638181123640578e-01
-8.261140564581104240e-02	-8.362334501234454376e-02	3.169204030438679820e-01	-3.340958177405581875e-01	-9.282133681518678348e-02	-1.206118960276849894e-01	-5.407838669483362032e-02	-8.224780574797961596e-02	-3.840684429305060016e-02	-8.103897853628529505e-03	-9.943863789866760894e-02	7.001721431261440642e-01	-3.096747696568192404e-02	-6.107588641932393259e-02	-2.871408922918328860e-02	-2.981745702424296388e-02	-1.856513560369315863e-01	-3.945075251229793190e-02	-1.165316725941148018e-01	-8.305837389003914439e-02	-5.189414318566955286e-02	-4.493136323360750334e-02	-9.459230470725364659e-02	-8.055385761637720576e-02	-7.864860636275618558e-03	-5.194889568926087248e-02	-6.328924946009500951e-02	5.925932073202858780e-02	-6.592982740141999087e-02	-1.272316874729035596e-01	-1.098234990204619149e-01	-6.315668616362002386e-02	-5.193500852344652002e-02	-6.158130727418279632e-02	1.741883663774800584e-01	-1.369538861755412347e-02	2.021363068275399133e-01	-2.456045169056307945e-02	-3.617996426061345552e-03	-5.161110818498178265e-02	-1.412640884021593435e-01	-2.018143774601511425e-02	1.281986212673991710e-01	-5.156329138559953562e-02	-3.649357805155999807e-02	-3.719852360191264889e-02	-1.019700838031911694e-01	-5.872230572907676666e-02	5.843652871813176386e-01	-3.075935682708368785e-02	-4.611858448191982068e-02	-1.082770221508779218e-01	-1.131316420836345621e-01	-1.086662041868203810e-01	-3.538658782493919741e-02	-5.017975031576744210e-02	-2.505767719076928968e-01	-9.999077803953947130e-02	-9.416046529491177430e-02	-1.626065413121922376e-01	-8.038458667503789457e-02	-5.823481444622131964e-02	-3.431662498973207104e-02	-6.425362456204535000e-02
-2.250706160472581985e-02	-6.676553846214089427e-02	1.212301421954188330e+00	-3.884872238895117347e-01	-1.423728695545673217e-01	-1.234441205456768414e-01	-1.304677379285550110e-02	-8.142097029782137743e-03	-1.993591335017746297e-02	-1.439877452496013920e-02	-1.385893278276812968e-01	1.365044832473278902e+00	-3.494582685660021365e-02	-2.348233649180713964e-02	3.972938703957016315e-01	-2.624181934623363507e-02	-2.082700184031094082e-01	-1.162599264203600588e-02	-2.124081293689522032e-01	-6.902152656612753345e-02	-1.371075923917339234e-01	1.748806325081732949e+00	-1.178236176305020033e-01	-3.117174311538361761e-02	1.733518763916284122e-01	-4.998371655532290320e-02	-8.830170852042935892e-02	7.983252960673565823e-01	-1.170973662268087190e-01	-5.187341256162861236e-02	-1.005655191457235365e-01	-8.301015864468466732e-02	-8.252346610548574879e-02	-1.768314293554119621e-01	6.761894626351344639e-01	1.398141499496430296e+00	1.969392687634308414e+00	3.461940228469078673e-01	1.263904979359516123e-01	-1.264433374194086912e-01	-1.261590930846142322e-01	-1.144405213575841636e-02	2.124155583035969741e+00	-1.192747360523422062e-01	1.933646931051362372e-02	1.098091141356868583e+00	-6.752956590023660721e-02	-1.447172802706536976e-01	5.904762991467807365e-02	-4.818455646409632032e-02	-5.259624951694245876e-02	-6.222759377751238552e-02	-1.439042035076358306e-01	-1.135444790901588424e-01	-7.805305320090663579e-02	-9.547357840709541632e-02	-3.257388756307644795e-01	-2.137383317955859618e-01	-1.095092332703149762e-01	-1.448377509729797952e-01	-6.842448236886081170e-02	-9.975098651779079617e-02	-3.814038092260631230e-02	-2.471214302899821594e-02
1.252633206353136464e+00	9.529649457414557379e-01	1.185237823572151017e+00	-1.386665639602853162e-01	-9.653175394211258031e-02	-2.327325562263674735e-02	5.250925001331447906e-01	1.640386533639271338e+00	-7.417149145456780612e-02	1.653700352778284810e-01	-8.131267540880258993e-02	-2.671109010510520562e-02	-1.447092862072415359e-02	8.254260749813613351e-01	8.592908873183814356e-01	-6.320457356006173137e-03	-1.576360488618709643e-01	1.918059175998727273e-01	-1.802820711574152912e-01	1.677719931816812615e-01	-7.757511716250624356e-02	9.382476962478870641e-01	-5.001556464001003649e-02	1.030893648845369714e+00	7.274271767226254681e-01	-3.105499908026823977e-02	-2.500558822287527599e-02	4.639507666823282639e-01	-1.048662336256879074e-01	6.999259701367273045e-01	-3.281443383390468538e-02	-9.850599348389023346e-02	-8.373598944122709331e-02	-1.718982652815680690e-01	1.334484011821387206e+00	1.982283165804493708e+00	1.888344802923345389e+00	1.031584816156893680e+00	8.766265669796247106e-01	-9.211643944075276202e-02	-1.643832772279649190e-02	1.089451211807462405e+00	1.523446094784808302e+00	-7.252775331956053118e-02	1.096477756256637015e+00	2.200503198388489956e+00	-4.286569592592535949e-02	-1.305024657790649079e-01	-9.197841414329485654e-02	-2.916804574452829327e-02	-1.905523684101761636e-02	-1.811780059874811694e-02	-1.408122177235705819e-01	-3.296068471988759796e-02	-5.819898732826789961e-02	3.350549855439868829e-01	-1.386052065554320423e-01	-2.053358839245566225e-01	-1.228104649906064105e-01	-3.967352696561367992e-02	-2.240101996464329698e-02	-9.645887786300696987e-02	-1.765964511016484412e-02	8.705064952329293337e-01
1.209899880883696488e+00	1.332595269896879930e+00	1.588666432629793901e+00	-5.896595950786209100e-02	-9.206752122357399204e-02	-3.009792608414727302e-03	1.183059479082511523e+00	1.539890557418771788e+00	-1.132953261810729223e-01	6.117271324534540033e-01	-7.426425520394311364e-02	-3.457002076027704263e-02	-2.918512633393781017e-02	8.158707743562911840e-01	1.076819209869235294e+00	-3.185648973750935392e-02	-1.561858353921352638e-01	-2.795589900598103444e-02	-1.371166951056041194e-01	7.769087197889531504e-01	-1.802106789739704729e-02	6.815932993510661619e-01	-4.041187509939192513e-02	-6.209296479118371279e-03	2.812658114670020248e-01	-3.466389462836717145e-02	3.226186863324276843e-01	-1.912798875917991409e-03	-6.809867662661762966e-02	1.885681498350605390e-01	-4.269434995919912240e-02	-1.150294244006176969e-01	-7.205830210552881254e-02	-1.469942814886595339e-01	2.843921505512465031e-01	1.480339776475885438e+00	1.697184071760167390e+00	1.002908601114320453e+00	9.134249428891755285e-01	-8.391275572354363332e-02	-1.197201715077034906e-02	4.086188358214926653e-01	1.220483243861232747e+00	-7.723074254688422347e-02	6.688456670213579480e-01	1.981921740290681910e+00	-2.988183550222127394e-02	-1.155748468284370778e-01	-7.874377232005878857e-02	-4.910992254731226525e-02	-1.925022581362754656e-02	-6.110561276527941635e-03	-1.526927478140288619e-01	-2.870365025913040533e-02	-5.303674701656982404e-02	6.283156409967737277e-01	-1.245677709769994757e-01	-1.255937192712640038e-01	-1.263497578810029720e-01	-5.829768315606458084e-02	-4.439002715269539656e-02	-7.168923336469101848e-02	-1.867486673119056473e-02	3.246984674770816426e+00
9.889845123496220358e-01	2.497871743229842512e-01	3.386724899098724206e-01	-1.937096996937636428e-01	-1.040249966002190357e-01	-5.207497442590312831e-02	1.100825446770967053e+00	1.485600786554624353e+00	-6.824089780127580787e-03	3.955884157389756850e-01	-1.090665376247898222e-01	8.248702677903521630e-02	-2.617350361558776553e-02	3.928854876297912524e-01	6.071993852514229184e-01	4.598575578498053096e-01	-9.460236165381905038e-02	-7.946273385153645313e-03	-1.956422504001863183e-01	-3.914449121412364591e-02	-1.297080250140777435e-01	1.351029579224578336e+00	-6.021725476624911755e-02	4.319566050215345454e-01	-1.000241037267622299e-02	-3.185884404518345842e-02	-4.697400581971036132e-02	1.444158817849880982e+00	-1.055554696623565991e-01	-8.204518635340694171e-03	-6.264179628408360345e-02	-8.537933100570550826e-02	-9.384280782584655811e-02	-1.845102919470355540e-01	1.097805408721328480e+00	1.713454795151239551e+00	1.671159201610870060e+00	8.448550217397654549e-01	5.417735934489036342e-01	-9.274792365220280166e-02	-7.600997711278183883e-03	2.913565276331156473e-01	1.565464782328716442e+00	-1.047753299854734532e-01	1.116092890891027478e+00	2.096765094906481330e+00	-8.255610191954683430e-02	-1.233696752077901998e-01	-1.130904504472736785e-02	-4.264730820426172742e-02	-2.758987883339503178e-02	-7.648418078112883059e-03	-1.469201188557618387e-01	-2.421465845898235214e-02	-6.411726008964090118e-02	-6.526338500938957954e-02	-1.822077380350322906e-01	-1.665341666943706556e-01	-1.099954577885071116e-01	-1.282017401889145591e-01	-5.176485096584649420e-02	-1.276191868510645200e-01	-3.107246976190471133e-02	8.610186795506319379e-01
1.001010151974122353e+00	3.552300019757931859e-01	1.949764048859179422e-01	-1.473703327615769332e-01	-9.387658557793757130e-02	-1.836141739002722720e-02	1.123702971407044116e+00	1.251172879920535719e+00	-4.305697904613069171e-02	8.188688984899191725e-01	-9.067177580345726906e-02	8.672958141947121335e-01	-3.143088727264607002e-02	3.837836468175907512e-01	6.910808298952147988e-01	4.784854968798727404e-01	-5.907147085981538648e-02	-2.536181717068150543e-02	-1.439297272771268843e-01	-3.046684909943128683e-02	-7.031201187528450525e-02	-1.096667622500077655e-02	-4.817658578797634483e-02	-1.045455239061662649e-02	-1.269585296040933765e-02	-5.665787943127747160e-03	-2.285114827758377015e-03	2.622116077883284824e+00	-7.964524655944128784e-02	-8.571367557260523018e-02	-4.250144258335023656e-02	-1.029835050852631190e-01	-7.879901389472569739e-02	-1.383197080111730204e-01	1.071095186685001810e+00	1.384112228732864658e+00	1.535505464395717334e+00	4.517825353210500050e-01	-1.400157453314467004e-02	-8.244504574767869132e-02	-3.630935201256028227e-02	2.404571462373333857e-02	6.788696761484552811e-01	-1.393675942296421777e-01	1.214563574827431491e+00	1.885652525632854237e+00	-5.504761660185052835e-02	-9.700676874916895620e-02	-3.031202671757179251e-02	-4.819800407695022659e-02	-2.212348768671729832e-02	1.406579824517919075e+00	-1.255643599808827227e-01	-1.863484418692264860e-02	-5.013064284306074925e-02	-9.028546995103560457e-02	-1.331794028111734640e-01	-7.957028021939190066e-02	-1.073412853339709011e-01	-6.812697670234724168e-02	-2.613308962003366848e-02	-1.062737455443117651e-01	-2.417525583329974484e-02	2.345845732095229064e+00
1.751805585145013389e+00	1.072326211165842258e+00	3.756956780900942705e-02	-1.898097424162919697e-02	-6.992907964917434438e-02	-1.237494067363158201e-02	1.091141797725846185e+00	1.970628280193593929e+00	-3.464426649541195447e-02	3.733475249840099153e-01	-5.635262054848581836e-02	-8.499443349044054352e-02	-9.766471032026607588e-03	1.112136170048953820e+00	3.226483273026882759e-01	5.089909273109188836e-01	-9.850924736482991051e-02	2.404703139419805957e-01	-1.527329155240889913e-01	-1.418001720792101163e-02	-8.742796225640514507e-02	1.271605421949991044e+00	-2.652792380462116323e-02	1.228571550473565921e+00	7.473034690965387750e-01	-3.271990713988793403e-02	3.081235566565004858e-01	2.084809108125920685e-01	-9.093461569863621474e-02	1.684830400182541377e+00	-2.510441534933813626e-02	-9.899578744678153019e-02	-8.173552029052170986e-02	-1.554825820652552260e-01	1.360521586694528828e+00	2.014234036617099211e+00	1.818257533988742569e+00	9.577546484912689007e-01	1.120559766737537544e+00	-7.412345956349113141e-02	1.876170099488638554e+00	1.083225936085320029e+00	1.492575163028212692e+00	-2.113996289792792471e-02	1.366837844284173764e+00	2.164089910331382427e+00	-2.435109161303329606e-03	-1.066643229293483264e-01	-6.602600690798988980e-02	-3.973342052303473204e-02	-2.405018475336927197e-02	-7.959867016685516494e-03	-1.176952826280710657e-01	7.679879163780080342e-02	-5.346852868518292556e-02	2.762205629680390406e-01	-8.986684173952401433e-02	-1.653972524156953616e-01	-9.557659265508353097e-02	-2.620902193122574136e-02	-1.903435855292169576e-02	-9.990659782193295202e-02	-1.826503293585968885e-02	1.242142710445142795e+00
8.452532010691590214e-01	6.138872368584430417e-01	8.316768169627530849e-01	-1.022084017941829320e-01	-1.043368757472599995e-01	-1.833900178297990027e-02	1.818029567490336840e-01	1.269080504514689345e+00	-5.078258717986875587e-02	-4.486184352205010648e-03	-9.402896571470724385e-02	-2.959079475913024143e-02	-1.933117195593387488e-02	6.405885693123032354e-01	1.818555766882035352e+00	-1.415908635063073406e-02	-1.342235717219840141e-01	-2.870194024579238515e-02	-1.866871301090730073e-01	5.436779682916098588e-02	-1.898796660258668043e-02	9.737699594561011196e-01	-5.395602305174296981e-02	1.438320760236095230e+00	1.972442349828792407e-01	-3.385666006673972855e-02	-8.178566737914005902e-02	8.290055842303989397e-01	-9.875975076459692081e-02	7.616535774353515587e-01	-2.696633823558137674e-02	-1.416106865737605247e-01	-8.346988999149353161e-02	-1.781058631971516315e-01	7.857992517238164831e-01	1.863791133637577646e+00	1.904829468771913170e+00	6.296811874395901176e-01	4.233978808314303732e-01	-8.814090694278790827e-02	-2.875640560638714066e-02	9.344414358637174178e-01	1.721461702867042920e+00	-1.142497507096966874e-01	1.366769788244527550e+00	1.864749247537615284e+00	-5.394684447965335250e-02	-1.104347873455374385e-01	-3.324183737532442756e-02	-2.982939010207452668e-02	-2.032204834994666420e-02	6.366930589398037132e-02	-1.519751530348848190e-01	-2.215075476623412642e-02	-5.829278118935899561e-02	5.703516383780941196e-02	-1.570285442902419337e-01	-1.844799284722451194e-01	-1.225080511378714015e-01	-1.343382686069189702e-01	-2.369303158083531716e-02	-1.119994235120484183e-01	-2.197581317667276352e-02	2.297108372364221385e+00
1.598536542813347783e+00	7.355499149969942918e-01	5.938251855003355839e-01	-1.388074825862536665e-01	-8.774137748940231962e-02	-2.884449761890395605e-02	6.949515926835638790e-01	1.768963382398954343e+00	-4.852021239786307588e-02	5.038680541168663041e-01	-8.370138234305109226e-02	-5.010664138142265078e-02	-1.447582733899695218e-02	9.496053779521389515e-01	4.637286463860030294e-01	3.531649501979532979e-01	-1.402110337154531816e-01	7.002137420663936407e-01	-1.780326838593117855e-01	-1.985025600897174017e-02	-1.098676910011089913e-01	1.348293191037803540e+00	-5.112382305884594774e-02	8.494913405479136426e-01	6.601566038659216762e-01	-3.253325012989322085e-02	-2.288212586457693144e-03	1.930200136777733555e-01	-1.142099177481633726e-01	1.370132862061583356e+00	-3.739036522559516934e-02	-9.147483692681122880e-02	-8.994479821697537458e-02	-1.773557969597721329e-01	1.295734985387886118e+00	1.973619839671468368e+00	1.805530126944173253e+00	1.080285551342145212e+00	7.573833437237963429e-01	-9.074418429781311302e-02	3.008297937140578804e-01	7.656996416794817906e-01	1.566135232786920906e+00	-3.817501962342016719e-02	1.287736650103028957e+00	2.269756130708306507e+00	-3.923751468477471721e-02	-1.359326279995849984e-01	-8.931943732528517532e-02	-3.555044307419167465e-02	-2.443474896591352544e-02	-2.408666337165753582e-02	-1.329187080985708980e-01	-6.197442337346332347e-03	-6.347411950072408271e-02	2.039666983021357627e-01	-1.323902259709272278e-01	-2.099670221873600751e-01	-1.137039225212070764e-01	-4.751887384241972045e-02	-3.190836275766405217e-02	-9.628564014075982613e-02	-2.153669732100369633e-02	4.248189799392496635e-01
1.362969640075048394e+00	8.625791564089408947e-01	3.060425411843010757e-01	-8.188750419455854967e-02	-9.095550220790614426e-02	-1.695728097035826762e-02	7.999058865781438765e-01	1.786768652559452164e+00	-5.442474218254945983e-02	1.912234491090568644e-01	-8.066338857546020980e-02	-5.842209884573112272e-02	-1.418885313959145598e-02	9.918968449596838877e-01	9.636860650520037153e-01	1.034296469175926929e-02	-1.153180435732682890e-01	2.118464334399312587e-01	-1.770589009521482127e-01	-2.457564609479003046e-03	-6.058113019310019248e-02	9.232450437420046674e-01	-4.234503546834145898e-02	1.362035051929458840e+00	3.377363744921606514e-01	-3.344930817033815035e-02	-2.488600979377995556e-02	2.180305802119639202e-01	-1.053643554127966508e-01	1.366627797382945708e+00	-2.704567036102510300e-02	-1.110203826003109406e-01	-9.274081846020928999e-02	-1.738428026145475147e-01	1.097651142801227886e+00	1.892877446912804684e+00	1.994455790621394664e+00	1.163077759919704635e+00	9.190575417870369135e-01	-8.069837587015826763e-02	8.025155373426575700e-01	9.280678898747567462e-01	1.692593112952056167e+00	-4.220987376616310016e-02	1.353288289302302383e+00	2.193366902405708529e+00	-3.175460024127467473e-02	-1.159229779235793623e-01	-6.711169138772811460e-02	-3.046780076594814146e-02	-2.118796293376856016e-02	-2.337978069763354746e-02	-1.402795125024138001e-01	3.906857794776902870e-01	-5.754601097462543058e-02	5.551928121646693137e-01	-1.149186880439119068e-01	-1.916088928811452430e-01	-1.173719824635331699e-01	-6.266311982629403643e-02	-2.958056990752900087e-02	-9.932088973453304104e-02	-2.086100827023824877e-02	8.806700236277571481e-01
1.040771399591452040e+00	-5.500952017853815573e-02	9.345636057694451937e-01	-3.037557001619428654e-01	-9.340839912877514639e-02	-3.965119497823210715e-02	7.616132171852285637e-01	6.081993263357552415e-01	-3.859841149093690138e-02	1.094139337284549152e+00	-1.007344510490324335e-01	1.346225194973440287e+00	-3.081672414786785358e-02	1.334655878337928092e-01	-3.526307992087349824e-02	1.005181169189790946e+00	-1.163928377369456701e-01	1.248830980397757084e+00	-1.716956129472437809e-01	-4.354751392031627061e-02	-1.653109987736398334e-01	6.472079185176798921e-01	-8.058336178332553557e-02	-1.014761442157787047e-01	9.934339272215180205e-01	-3.423677300549518576e-02	6.986216513913735549e-01	2.192760022042627988e+00	-9.891688260918136966e-02	-8.559663774432586802e-02	-7.923649161420917575e-02	2.010219722179010238e-01	-8.598408901815361716e-02	-1.405501838169729290e-01	4.733549174239742863e-01	8.952989875295612743e-01	1.009617256448017031e+00	1.041527384365181330e+00	5.182719600352186928e-01	-1.017390393761035128e-01	-4.232504277487511568e-02	-6.687265724481384135e-03	1.060270189186952594e+00	-8.414838725900890271e-02	3.160036532096094364e-03	1.161855209068050288e+00	-9.157727970293924602e-02	-1.295059370098815277e-01	-3.017081209570961209e-02	-6.561238131725245781e-02	-3.960322217251776439e-02	-4.184237242337694035e-02	-1.128918183540440490e-01	-7.120462251176840063e-02	-6.613744673967145160e-02	-1.423851887235822733e-01	-2.029204786886458500e-01	-5.320672506038438831e-02	-1.023087934739965732e-01	-9.448957247708322793e-02	-6.594513711059672711e-02	-8.256512743425520329e-02	-2.787090795172265933e-02	-1.791121853010770731e-02
-1.113054920635517531e-01	-8.599533113856208666e-02	-4.066741416649553853e-02	-2.991860540910808441e-01	-9.021542335267293544e-02	-1.429302153126710273e-01	-6.819249608830933729e-02	-1.003836776046067858e-01	-1.075378720439341441e-02	-1.766401417535849727e-02	-9.822103447817623345e-02	4.805393877273546055e-01	-3.175342194812150187e-02	-7.956661895619326907e-02	-1.240036322778237388e-02	-3.374619332526680032e-02	-1.438922779272011065e-01	-8.104463834035838254e-02	-1.051887870324289126e-01	-1.163729722944442935e-01	4.538935654246261525e-02	-3.526846932221577857e-02	-8.926631893908276716e-02	-3.654657495296342873e-02	-4.017318560440152897e-02	-4.715224792603884413e-02	-1.021554821824004339e-01	-1.854163951797286117e-02	-6.935027562599660467e-02	-1.323855883710886305e-01	-1.043681105929625264e-01	-1.200894904474824887e-01	-5.652067367074763149e-02	-5.594190753437561225e-02	3.569503575248473837e-01	-1.792730506396347789e-02	9.419147917888867627e-02	-4.004703172807485417e-02	-3.922902808399343633e-02	-4.203072962398840540e-02	-1.445819266729262975e-01	-3.311943402553637478e-02	-9.659994480381559057e-03	-5.168915809080784629e-02	-1.359251339979134637e-02	-5.056050845136135508e-02	-8.062731695973925083e-02	-3.372418520228974426e-02	7.231587035233180139e-01	-1.992353423779065144e-02	-4.170828775500391716e-02	-8.253555633972710359e-02	-1.098333960083554273e-01	-7.864259533176179429e-02	-2.922360952137365020e-02	-1.869327687766092136e-02	-2.442927710224860605e-01	-1.288983850935019881e-01	-8.427189354464795223e-02	-1.920210466723333842e-01	-7.749853244960670795e-02	-6.279134584581053113e-02	-4.086574058855140662e-02	-5.600401791649959465e-02
1.642884194800728004e+00	8.694545508521248633e-01	8.201345800338672998e-01	-6.118320818048444271e-02	-8.342779425760422918e-02	-5.778190660007025137e-02	5.273477627574798543e-01	1.511739810182183286e+00	-6.718487194844119381e-02	5.983063350522316304e-01	-6.281178411125903915e-02	-6.406723941820902102e-02	-2.508740527330111797e-02	9.231351486307484144e-01	9.418894071874448493e-01	1.949114379572188804e-01	-1.763231065050121782e-01	-1.622105501994883930e-02	-1.555593102520353710e-01	-2.305290132781449841e-02	-9.808565291271931219e-02	2.328052505476004175e+00	-4.644627299236708112e-02	3.997372904089609436e-01	8.666067096172962447e-01	-4.637901412809521118e-02	2.559755396741366096e-01	-6.788541983248055911e-02	-1.057569892992047123e-01	1.983155441031928978e+00	-6.262343722235705346e-02	-1.400184758270878460e-01	-9.153359518274471751e-02	-1.590540719632185795e-01	9.895311658070529148e-01	1.503127309517104715e+00	1.797546378668233302e+00	7.665866098124145545e-01	9.933185405222312303e-01	-8.923512217384495238e-02	1.536738391047165253e+00	5.324614978397070875e-01	1.571646002333389802e+00	7.601392238648402300e-02	8.268988804286361294e-01	1.759491310744126347e+00	-1.206203008150555714e-02	-1.274022845651578140e-01	-7.500422998967651300e-02	-4.964626252421115021e-02	-3.722139700854464744e-02	-4.659674986145059816e-02	-1.436870993082425829e-01	-4.134419998110235722e-02	-6.366157795730598146e-02	1.594824473448422264e+00	-1.399665955090859393e-01	-2.278294568842225420e-01	-1.215755820065683168e-01	-7.409384236220507847e-02	-4.244429916040945439e-02	-8.198452908228254232e-02	-3.028799804200266871e-02	1.430804357568544072e+00
1.242522704058351524e+00	1.813280226871089029e+00	1.060144851450941506e+00	-1.840943861848178681e-02	-7.894299377333618972e-02	1.817383420603642941e-01	1.183078767680174392e+00	1.344384047739185295e+00	-1.182002108168241916e-01	9.364299913208574688e-01	-5.639909886933826971e-02	-7.491620785074584732e-02	-2.291521543954301576e-02	7.997600834719029717e-01	2.798000262330869736e-01	-1.945482441939654777e-02	-1.683836417107223982e-01	-3.020934289121934499e-02	-1.111895991580483245e-01	4.960339263192746762e-01	-4.403253061513730075e-04	2.735578401829724671e-01	-3.833102988621463203e-02	2.864361277254910965e-01	7.204707416882651927e-01	-3.343374412782745830e-02	6.333823859193008499e-01	-2.781088723425388654e-02	-5.531159916533372189e-02	2.094248789728349602e-01	-4.373593420252586128e-02	-1.375950354279404653e-01	-5.818466380904577934e-02	-1.277258406588460127e-01	3.378893782302850313e-01	1.665586742662570119e+00	1.632709096341167898e+00	7.299740043697640068e-01	8.440862956138287521e-01	-7.566728240297611319e-02	-1.432109697005903848e-02	6.428949467698819031e-01	9.615861769685725147e-01	-6.569437774176656308e-02	5.981673124356173821e-01	1.842020804200046991e+00	-3.656674586002182925e-02	-1.034449674391139939e-01	-7.317058893264299924e-02	-6.004654523915889386e-02	-1.577381739056543317e-02	-4.691894342627967070e-03	-1.431616276574013691e-01	-4.176819528115439245e-02	-5.023175223406496637e-02	1.116426446054297417e+00	-1.155332119461702639e-01	-1.083964935666512780e-01	-1.111907132909174534e-01	-5.359515132461020737e-02	-5.502780016852565348e-02	-6.436871951856695806e-02	-1.206338483197556648e-02	4.226065758682110207e+00
1.093111147664965976e+00	1.575871850495422999e+00	1.201887640404349700e+00	-2.418119107520012509e-02	-7.726674258070395651e-02	5.903077685363051774e-01	1.189941420810668005e+00	1.332692948991350157e+00	-1.147515958126493069e-01	7.183295951292011372e-01	-5.783583616916020825e-02	-2.783356516921374826e-02	-2.426815002616025327e-02	6.944269058296994590e-01	7.044352944498255553e-01	-1.151129010325628588e-02	-1.202415572498170132e-01	-2.934930506159074554e-02	-1.142625194087936585e-01	7.802199482386247276e-01	3.286348338662745810e-02	-2.938469612853562493e-02	-2.814899011625759256e-02	-2.275800158137633328e-03	5.679073347375587222e-01	-2.664255401521005776e-02	5.425581275199579112e-01	1.044062348706976895e+00	-4.560000672856390214e-02	-3.584103388096099990e-02	-2.531423811363146120e-02	-1.052330556521082622e-01	-5.931677201150491185e-02	-1.199856873058818690e-01	2.956419076216941222e-01	1.503619065164112811e+00	1.414192017416413316e+00	8.242327680667760337e-01	9.330673769158750464e-01	-7.156133437719554291e-02	-1.742977479481207237e-02	6.767229681002359110e-01	8.018132171555422127e-01	-1.062872691641576633e-01	6.731752888042730198e-01	1.720767729045076022e+00	-4.758708025727825808e-02	-8.882622601169397336e-02	-5.514302527115290398e-02	-5.665680351217752125e-02	-1.255001966487218068e-02	3.840143671142726145e-01	-1.376513690535318135e-01	-3.301185199626336525e-02	-4.253645786915333932e-02	-1.224030976254539532e-03	-9.717440576688041176e-02	-4.300974063224008437e-02	-1.146514484210725410e-01	-4.954136976418885979e-02	-3.440039532065603672e-02	-7.294325418233101044e-02	-9.518479417440805709e-03	4.114502968326793741e+00
1.282641941961184306e+00	1.484255712213488509e+00	9.766907930595277731e-01	-4.525823721878610012e-02	-9.434070817678029408e-02	-4.124740151358713761e-03	7.822713099984970331e-01	1.524508445452808170e+00	-1.085534913268802470e-01	7.493506259991464802e-01	-6.764785408952428414e-02	-5.586523826744321103e-02	-2.390173649789559610e-02	9.672807317486760148e-01	1.132271477623408629e+00	-1.006114158608310306e-02	-1.534134080634206587e-01	-2.033427852834695376e-02	-1.373976454478067488e-01	4.892749525106075970e-01	1.523821156273946070e-02	1.054926847301484116e+00	-4.416054459516430275e-02	7.276422246242515435e-01	4.874042542246269649e-01	-3.520428093566494582e-02	3.072896725068188784e-01	-5.238103194046019040e-02	-8.212295588954847403e-02	1.050190135892200560e+00	-4.206798857642139733e-02	-1.544780744249973636e-01	-7.906209584131328183e-02	-1.458135352373313154e-01	4.523588396748592366e-01	1.467710683954322581e+00	1.852472339904468690e+00	9.689691482449488413e-01	6.921692375950597720e-01	-7.855799537708628433e-02	-9.317929316407232848e-03	6.073102594423555045e-01	1.154551326232797326e+00	-3.673564538310306049e-02	7.092977886488300854e-01	1.919608877938026481e+00	-2.596782134238330431e-02	-1.168295400277434976e-01	-8.267975912597431976e-02	-4.094969860723719768e-02	-1.937299282844964082e-02	-2.641589083775925523e-02	-1.513879007468879601e-01	-7.659811171918757752e-03	-5.540006157666349518e-02	1.724925390209175902e+00	-1.107844358783114241e-01	-1.849087823381363460e-01	-1.236013659557326644e-01	-6.423504042574669504e-02	-5.250099133075989549e-02	-6.980727788539446699e-02	-2.127850504381924995e-02	2.656644252667503814e+00
9.043124448898303136e-01	8.676377731394090409e-01	1.483287136477782653e+00	-1.482834172069699141e-01	-1.026139399228231108e-01	-1.915541673520791688e-02	4.955592866234469485e-01	1.468410509569392897e+00	-8.748283971946478610e-02	9.130229282411285452e-03	-8.931303178336431892e-02	1.436148336054144659e-01	-2.015620867192602708e-02	6.039771154901230066e-01	1.457607784197506140e+00	-2.137561394994596381e-02	-1.380319828654405778e-01	-1.564394087706090855e-02	-1.803730761116824344e-01	3.018411698685715683e-01	-6.793791411064829810e-02	2.664641950570309503e-01	-5.078966239597230981e-02	6.252241865353413974e-01	2.835774426733078668e-01	-2.811779803965357150e-02	-3.499427355065022616e-02	1.268689886807390588e+00	-9.536068034882601296e-02	-1.093042558243157228e-02	-2.808851482169132802e-02	-8.881763900174322046e-02	-8.404334597402174367e-02	-1.629057216863747659e-01	1.190651212022386440e+00	1.807122355907103017e+00	1.838044813379891895e+00	9.965915920966136321e-01	9.104186252872970009e-01	-9.316507602645804353e-02	-3.340958043649049081e-02	8.368358109226955444e-01	1.380732499511578393e+00	-1.030232894456362958e-01	1.096441063908392133e+00	2.046174540884023063e+00	-5.056957524525131781e-02	-1.187384108941964972e-01	-7.762382775427374704e-02	-3.015144067443256692e-02	-2.001851200980098167e-02	-2.514163264049756267e-03	-1.499408487765886144e-01	-3.465822213465531709e-02	-5.422282505729119489e-02	-9.211953805750761407e-03	-1.459688070682006455e-01	-1.616029023693146549e-01	-1.313013305031630329e-01	-4.776430841465150595e-02	-1.540227443016633189e-02	-9.981641465340559960e-02	-1.809494536896529698e-02	1.180320845993158896e+00
